2026-10-08T04:52:25.1377546Z Current runner version: '2.337.0'
2026-10-08T04:52:25.1415188Z ##[group]Runner Image Provisioner
2026-10-08T04:52:25.1416847Z Hosted Compute Agent
2026-10-08T04:52:25.1417793Z Version: 20261002.596
2026-10-08T04:52:25.1419301Z Commit: c3d12f3313a95f25162a1503be624f3b0617f8c0
2026-10-08T04:52:25.1420609Z Build Date: 2026-10-02T22:28:27Z
2026-10-08T04:52:25.1421783Z Worker ID: {da43a772-089d-4db6-8ed3-32d49d45ca4f}
2026-10-08T04:52:25.1423034Z Region: eastus
2026-10-08T04:52:25.1423929Z Cloud: Azure
2026-10-08T04:52:25.1424903Z ##[endgroup]
2026-10-08T04:52:25.1427744Z ##[group]Operating System
2026-10-08T04:52:25.1429167Z Ubuntu
2026-10-08T04:52:25.1430091Z 24.04.5
2026-10-08T04:52:25.1430926Z LTS
2026-10-08T04:52:25.1431896Z ##[endgroup]
2026-10-08T04:52:25.1432790Z ##[group]Runner Image
2026-10-08T04:52:25.1433969Z Image: ubuntu-24.04
2026-10-08T04:52:25.1434932Z Version: 20261004.327.1
2026-10-08T04:52:25.1437130Z Included Software: https://github.com/actions/runner-images/blob/ubuntu24/20261004.327/images/ubuntu/Ubuntu2404-Readme.md
2026-10-08T04:52:25.1440112Z Image Release: https://github.com/actions/runner-images/releases/tag/ubuntu24%2F20261004.327
2026-10-08T04:52:25.1441858Z ##[endgroup]
2026-10-08T04:52:25.1443710Z ##[group]GITHUB_TOKEN Permissions
2026-10-08T04:52:25.1446731Z Contents: read
2026-10-08T04:52:25.1447707Z Metadata: read
2026-10-08T04:52:25.1448929Z ##[endgroup]
2026-10-08T04:52:25.1452055Z Secret source: Actions
2026-10-08T04:52:25.1453734Z Cache mode: write
2026-10-08T04:52:25.1455034Z Prepare workflow directory
2026-10-08T04:52:25.1950065Z Prepare all required actions
2026-10-08T04:52:25.2021098Z Getting action download info
2026-10-08T04:52:25.4102652Z Download action repository 'actions/checkout@v4' (SHA:11d5960a326750d5838078e36cf38b85af677262)
2026-10-08T04:52:25.5210272Z Download action repository 'actions/setup-go@v5' (SHA:40f1582b2485089dde7abd97c1529aa768e1baff)
2026-10-08T04:52:25.7078810Z Download action repository 'actions/setup-node@v4' (SHA:49933ea5288caeca8642d1e84afbd3f7d6820020)
2026-10-08T04:52:25.7925797Z Download action repository 'actions/upload-artifact@v4' (SHA:ea165f8d65b6e75b540449e92b4886f43607fa02)
2026-10-08T04:52:26.0123245Z Complete job name: quality
2026-10-08T04:52:26.1091063Z ##[group]Run actions/checkout@v4
2026-10-08T04:52:26.1092001Z with:
2026-10-08T04:52:26.1092494Z   repository: LLYY0418/Deep-Legends
2026-10-08T04:52:26.1096478Z   token: ***
2026-10-08T04:52:26.1096937Z   ssh-strict: true
2026-10-08T04:52:26.1097400Z   ssh-user: git
2026-10-08T04:52:26.1097938Z   persist-credentials: true
2026-10-08T04:52:26.1098652Z   clean: true
2026-10-08T04:52:26.1099135Z   sparse-checkout-cone-mode: true
2026-10-08T04:52:26.1099690Z   fetch-depth: 1
2026-10-08T04:52:26.1100147Z   fetch-tags: false
2026-10-08T04:52:26.1100609Z   show-progress: true
2026-10-08T04:52:26.1101087Z   lfs: false
2026-10-08T04:52:26.1101520Z   submodules: false
2026-10-08T04:52:26.1102003Z   set-safe-directory: true
2026-10-08T04:52:26.1102536Z   allow-unsafe-pr-checkout: false
2026-10-08T04:52:26.1103376Z ##[endgroup]
2026-10-08T04:52:26.2284939Z Syncing repository: LLYY0418/Deep-Legends
2026-10-08T04:52:26.2299482Z ##[group]Getting Git version info
2026-10-08T04:52:26.2300994Z Working directory is '/home/runner/work/Deep-Legends/Deep-Legends'
2026-10-08T04:52:26.2303052Z [command]/usr/bin/git version
2026-10-08T04:52:26.2384526Z git version 2.55.0
2026-10-08T04:52:26.2454306Z ##[endgroup]
2026-10-08T04:52:26.2468840Z Temporarily overriding HOME='/home/runner/work/_temp/7a819bef-89b1-4bd6-b932-ebeeb12b1ada' before making global git config changes
2026-10-08T04:52:26.2471445Z Adding repository directory to the temporary git global config as a safe directory
2026-10-08T04:52:26.2472671Z [command]/usr/bin/git config --global --add safe.directory /home/runner/work/Deep-Legends/Deep-Legends
2026-10-08T04:52:26.2517479Z Deleting the contents of '/home/runner/work/Deep-Legends/Deep-Legends'
2026-10-08T04:52:26.2527653Z ##[group]Initializing the repository
2026-10-08T04:52:26.2536584Z [command]/usr/bin/git init /home/runner/work/Deep-Legends/Deep-Legends
2026-10-08T04:52:26.2646882Z hint: Using 'master' as the name for the initial branch. This default branch name
2026-10-08T04:52:26.2650387Z hint: will change to "main" in Git 3.0. To configure the initial branch name
2026-10-08T04:52:26.2652474Z hint: to use in all of your new repositories, which will suppress this warning,
2026-10-08T04:52:26.2654299Z hint: call:
2026-10-08T04:52:26.2655707Z hint:
2026-10-08T04:52:26.2656842Z hint: 	git config --global init.defaultBranch <name>
2026-10-08T04:52:26.2658056Z hint:
2026-10-08T04:52:26.2659783Z hint: Names commonly chosen instead of 'master' are 'main', 'trunk' and
2026-10-08T04:52:26.2661726Z hint: 'development'. The just-created branch can be renamed via this command:
2026-10-08T04:52:26.2663445Z hint:
2026-10-08T04:52:26.2664384Z hint: 	git branch -m <name>
2026-10-08T04:52:26.2665426Z hint:
2026-10-08T04:52:26.2666621Z hint: Disable this message with "git config set advice.defaultBranchName false"
2026-10-08T04:52:26.2668789Z Initialized empty Git repository in /home/runner/work/Deep-Legends/Deep-Legends/.git/
2026-10-08T04:52:26.2674535Z [command]/usr/bin/git remote add origin https://github.com/LLYY0418/Deep-Legends
2026-10-08T04:52:26.2722893Z ##[endgroup]
2026-10-08T04:52:26.2724124Z ##[group]Disabling automatic garbage collection
2026-10-08T04:52:26.2726799Z [command]/usr/bin/git config --local gc.auto 0
2026-10-08T04:52:26.2767286Z ##[endgroup]
2026-10-08T04:52:26.2768332Z ##[group]Setting up auth
2026-10-08T04:52:26.2776325Z [command]/usr/bin/git config --local --name-only --get-regexp core\.sshCommand
2026-10-08T04:52:26.2814096Z [command]/usr/bin/git submodule foreach --recursive sh -c "git config --local --name-only --get-regexp 'core\.sshCommand' && git config --local --unset-all 'core.sshCommand' || :"
2026-10-08T04:52:26.3207587Z [command]/usr/bin/git config --local --name-only --get-regexp http\.https\:\/\/github\.com\/\.extraheader
2026-10-08T04:52:26.3246794Z [command]/usr/bin/git submodule foreach --recursive sh -c "git config --local --name-only --get-regexp 'http\.https\:\/\/github\.com\/\.extraheader' && git config --local --unset-all 'http.https://github.com/.extraheader' || :"
2026-10-08T04:52:26.3480775Z [command]/usr/bin/git config --local --name-only --get-regexp ^includeIf\.gitdir:
2026-10-08T04:52:26.3519992Z [command]/usr/bin/git submodule foreach --recursive git config --local --show-origin --name-only --get-regexp remote.origin.url
2026-10-08T04:52:26.3754826Z [command]/usr/bin/git config --local http.https://github.com/.extraheader AUTHORIZATION: basic ***
2026-10-08T04:52:26.3797540Z ##[endgroup]
2026-10-08T04:52:26.3798787Z ##[group]Fetching the repository
2026-10-08T04:52:26.3808323Z [command]/usr/bin/git -c protocol.version=2 fetch --no-tags --prune --no-recurse-submodules --depth=1 origin +e392b3baaf77e9edbfec458ce31a5c72ce795ea9:refs/remotes/origin/codex/post-0.12.77-fixes
2026-10-08T04:52:32.9408345Z From https://github.com/LLYY0418/Deep-Legends
2026-10-08T04:52:32.9411371Z  * [new ref]         e392b3baaf77e9edbfec458ce31a5c72ce795ea9 -> origin/codex/post-0.12.77-fixes
2026-10-08T04:52:32.9422627Z ##[endgroup]
2026-10-08T04:52:32.9424785Z ##[group]Determining the checkout info
2026-10-08T04:52:32.9426393Z ##[endgroup]
2026-10-08T04:52:32.9427189Z [command]/usr/bin/git sparse-checkout disable
2026-10-08T04:52:32.9479761Z [command]/usr/bin/git config --local --unset-all extensions.worktreeConfig
2026-10-08T04:52:32.9514466Z ##[group]Checking out the ref
2026-10-08T04:52:32.9527560Z [command]/usr/bin/git checkout --progress --force -B codex/post-0.12.77-fixes refs/remotes/origin/codex/post-0.12.77-fixes
2026-10-08T04:52:33.9624733Z Updating files:  92% (4812/5207)
2026-10-08T04:52:33.9677843Z Updating files:  93% (4843/5207)
2026-10-08T04:52:33.9730319Z Updating files:  94% (4895/5207)
2026-10-08T04:52:33.9755094Z Updating files:  95% (4947/5207)
2026-10-08T04:52:33.9787972Z Updating files:  96% (4999/5207)
2026-10-08T04:52:33.9818935Z Updating files:  97% (5051/5207)
2026-10-08T04:52:33.9850253Z Updating files:  98% (5103/5207)
2026-10-08T04:52:33.9883745Z Updating files:  99% (5155/5207)
2026-10-08T04:52:33.9884408Z Updating files: 100% (5207/5207)
2026-10-08T04:52:33.9885118Z Updating files: 100% (5207/5207), done.
2026-10-08T04:52:33.9946163Z Switched to a new branch 'codex/post-0.12.77-fixes'
2026-10-08T04:52:33.9952284Z branch 'codex/post-0.12.77-fixes' set up to track 'origin/codex/post-0.12.77-fixes'.
2026-10-08T04:52:34.0003290Z ##[endgroup]
2026-10-08T04:52:34.0050811Z [command]/usr/bin/git log -1 --format=%H
2026-10-08T04:52:34.0078668Z e392b3baaf77e9edbfec458ce31a5c72ce795ea9
2026-10-08T04:52:34.0357026Z ##[group]Run actions/setup-go@v5
2026-10-08T04:52:34.0357449Z with:
2026-10-08T04:52:34.0357749Z   go-version-file: go.mod
2026-10-08T04:52:34.0358071Z   cache: true
2026-10-08T04:52:34.0358349Z   check-latest: false
2026-10-08T04:52:34.0361528Z   token: ***
2026-10-08T04:52:34.0361874Z ##[endgroup]
2026-10-08T04:52:34.1761599Z Setup go version spec 1.24
2026-10-08T04:52:34.1819351Z Found in cache @ /opt/hostedtoolcache/go/1.24.13/x64
2026-10-08T04:52:34.1821446Z (node:2312) [DEP0040] DeprecationWarning: The `punycode` module is deprecated. Please use a userland alternative instead.
2026-10-08T04:52:34.1822310Z (Use `node --trace-deprecation ...` to show where the warning was created)
2026-10-08T04:52:34.1825413Z Added go to the path
2026-10-08T04:52:34.1829493Z Successfully set up Go version 1.24
2026-10-08T04:52:34.3229082Z [command]/opt/hostedtoolcache/go/1.24.13/x64/bin/go env GOMODCACHE
2026-10-08T04:52:34.3291548Z [command]/opt/hostedtoolcache/go/1.24.13/x64/bin/go env GOCACHE
2026-10-08T04:52:34.3347739Z /home/runner/go/pkg/mod
2026-10-08T04:52:34.3361566Z /home/runner/.cache/go-build
2026-10-08T04:52:34.4136732Z Cache hit for: setup-go-Linux-x64-ubuntu24-go-1.24.13-a9fc12c66c581ebd975c04924614d911b843067079247990d4be659063ce44db
2026-10-08T04:52:34.4250359Z (node:2312) [DEP0169] DeprecationWarning: `url.parse()` behavior is not standardized and prone to errors that have security implications. Use the WHATWG URL API instead. CVEs are not issued for `url.parse()` vulnerabilities.
2026-10-08T04:52:34.9284315Z Received 95419484 of 95419484 (100.0%), 190.4 MBs/sec
2026-10-08T04:52:34.9285393Z Cache Size: ~91 MB (95419484 B)
2026-10-08T04:52:34.9359865Z [command]/usr/bin/tar -xf /home/runner/work/_temp/2540d0ef-79b4-490d-b43c-47e0dc79b039/cache.tzst -P -C /home/runner/work/Deep-Legends/Deep-Legends --use-compress-program unzstd
2026-10-08T04:52:35.6342157Z Cache restored successfully
2026-10-08T04:52:35.6386686Z Cache restored from key: setup-go-Linux-x64-ubuntu24-go-1.24.13-a9fc12c66c581ebd975c04924614d911b843067079247990d4be659063ce44db
2026-10-08T04:52:35.6414239Z go version go1.24.13 linux/amd64
2026-10-08T04:52:35.6414680Z 
2026-10-08T04:52:35.6415446Z ##[group]go env
2026-10-08T04:52:35.6564213Z AR='ar'
2026-10-08T04:52:35.6564737Z CC='gcc'
2026-10-08T04:52:35.6565002Z CGO_CFLAGS='-O2 -g'
2026-10-08T04:52:35.6565280Z CGO_CPPFLAGS=''
2026-10-08T04:52:35.6565547Z CGO_CXXFLAGS='-O2 -g'
2026-10-08T04:52:35.6565880Z CGO_ENABLED='1'
2026-10-08T04:52:35.6566124Z CGO_FFLAGS='-O2 -g'
2026-10-08T04:52:35.6566358Z CGO_LDFLAGS='-O2 -g'
2026-10-08T04:52:35.6566620Z CXX='g++'
2026-10-08T04:52:35.6566833Z GCCGO='gccgo'
2026-10-08T04:52:35.6567061Z GO111MODULE=''
2026-10-08T04:52:35.6567279Z GOAMD64='v1'
2026-10-08T04:52:35.6567500Z GOARCH='amd64'
2026-10-08T04:52:35.6567724Z GOAUTH='netrc'
2026-10-08T04:52:35.6567937Z GOBIN=''
2026-10-08T04:52:35.6568182Z GOCACHE='/home/runner/.cache/go-build'
2026-10-08T04:52:35.6568724Z GOCACHEPROG=''
2026-10-08T04:52:35.6568957Z GODEBUG=''
2026-10-08T04:52:35.6569225Z GOENV='/home/runner/.config/go/env'
2026-10-08T04:52:35.6569515Z GOEXE=''
2026-10-08T04:52:35.6569724Z GOEXPERIMENT=''
2026-10-08T04:52:35.6569986Z GOFIPS140='off'
2026-10-08T04:52:35.6570242Z GOFLAGS=''
2026-10-08T04:52:35.6571034Z GOGCCFLAGS='-fPIC -m64 -pthread -Wl,--no-gc-sections -fmessage-length=0 -ffile-prefix-map=/tmp/go-build92801933=/tmp/go-build -gno-record-gcc-switches'
2026-10-08T04:52:35.6572522Z GOHOSTARCH='amd64'
2026-10-08T04:52:35.6572782Z GOHOSTOS='linux'
2026-10-08T04:52:35.6573026Z GOINSECURE=''
2026-10-08T04:52:35.6573338Z GOMOD='/home/runner/work/Deep-Legends/Deep-Legends/go.mod'
2026-10-08T04:52:35.6573754Z GOMODCACHE='/home/runner/go/pkg/mod'
2026-10-08T04:52:35.6574044Z GONOPROXY=''
2026-10-08T04:52:35.6574256Z GONOSUMDB=''
2026-10-08T04:52:35.6574455Z GOOS='linux'
2026-10-08T04:52:35.6574686Z GOPATH='/home/runner/go'
2026-10-08T04:52:35.6574934Z GOPRIVATE=''
2026-10-08T04:52:35.6575208Z GOPROXY='https://proxy.golang.org,direct'
2026-10-08T04:52:35.6575775Z GOROOT='/opt/hostedtoolcache/go/1.24.13/x64'
2026-10-08T04:52:35.6576131Z GOSUMDB='sum.golang.org'
2026-10-08T04:52:35.6576383Z GOTELEMETRY='local'
2026-10-08T04:52:35.6576660Z GOTELEMETRYDIR='/home/runner/.config/go/telemetry'
2026-10-08T04:52:35.6576980Z GOTMPDIR=''
2026-10-08T04:52:35.6577197Z GOTOOLCHAIN='auto'
2026-10-08T04:52:35.6577539Z GOTOOLDIR='/opt/hostedtoolcache/go/1.24.13/x64/pkg/tool/linux_amd64'
2026-10-08T04:52:35.6577926Z GOVCS=''
2026-10-08T04:52:35.6578171Z GOVERSION='go1.24.13'
2026-10-08T04:52:35.6578397Z GOWORK=''
2026-10-08T04:52:35.6578987Z PKG_CONFIG='pkg-config'
2026-10-08T04:52:35.6579294Z 
2026-10-08T04:52:35.6579740Z ##[endgroup]
2026-10-08T04:52:35.6808012Z ##[group]Run actions/setup-node@v4
2026-10-08T04:52:35.6808343Z with:
2026-10-08T04:52:35.6808897Z   node-version: 22
2026-10-08T04:52:35.6809151Z   always-auth: false
2026-10-08T04:52:35.6809382Z   check-latest: false
2026-10-08T04:52:35.6811904Z   token: ***
2026-10-08T04:52:35.6812136Z ##[endgroup]
2026-10-08T04:52:35.8275192Z Found in cache @ /opt/hostedtoolcache/node/22.23.3/x64
2026-10-08T04:52:35.8279897Z (node:2367) [DEP0040] DeprecationWarning: The `punycode` module is deprecated. Please use a userland alternative instead.
2026-10-08T04:52:35.8281319Z (Use `node --trace-deprecation ...` to show where the warning was created)
2026-10-08T04:52:35.8283364Z ##[group]Environment details
2026-10-08T04:52:36.2357199Z node: v22.23.3
2026-10-08T04:52:36.2357701Z npm: 10.9.9
2026-10-08T04:52:36.2358108Z yarn: 1.22.22
2026-10-08T04:52:36.2359058Z ##[endgroup]
2026-10-08T04:52:36.2517576Z ##[group]Run node scripts/prepare-r238-update-fixture.cjs
2026-10-08T04:52:36.2518122Z [36;1mnode scripts/prepare-r238-update-fixture.cjs[0m
2026-10-08T04:52:36.2789847Z shell: /usr/bin/bash -e {0}
2026-10-08T04:52:36.2790173Z ##[endgroup]
2026-10-08T04:52:37.3502422Z {"version":"0.12.76","public":true,"size":111854592,"sha256":"01014312b60e591a05bfc87f86e098adf6c5fc5e59520db5aedac5b5dba02ff3","directory":"/home/runner/work/Deep-Legends/Deep-Legends/docs/history/reports/release-0.12.76/anonymous-assets"}
2026-10-08T04:52:37.3772664Z ##[group]Run unformatted="$(find . -type d \( -name '.*' ! -name . -o -name node_modules -o -name vendor -o -name dist \) -prune -o -type f -name '*.go' -print0 | xargs -0 gofmt -l)"
2026-10-08T04:52:37.3774740Z [36;1munformatted="$(find . -type d \( -name '.*' ! -name . -o -name node_modules -o -name vendor -o -name dist \) -prune -o -type f -name '*.go' -print0 | xargs -0 gofmt -l)"[0m
2026-10-08T04:52:37.3775976Z [36;1mtest -z "$unformatted"[0m
2026-10-08T04:52:37.3851559Z shell: /usr/bin/bash --noprofile --norc -e -o pipefail {0}
2026-10-08T04:52:37.3851941Z ##[endgroup]
2026-10-08T04:52:37.9514999Z ##[group]Run go vet ./...
2026-10-08T04:52:37.9515523Z [36;1mgo vet ./...[0m
2026-10-08T04:52:37.9579946Z shell: /usr/bin/bash -e {0}
2026-10-08T04:52:37.9580228Z ##[endgroup]
2026-10-08T04:52:45.7475437Z ##[group]Run CGO_ENABLED=0 GOOS=windows GOARCH=amd64 go build -tags= -buildvcs=false -o "$RUNNER_TEMP/r233-release-public.exe" ./backend
2026-10-08T04:52:45.7476409Z [36;1mCGO_ENABLED=0 GOOS=windows GOARCH=amd64 go build -tags= -buildvcs=false -o "$RUNNER_TEMP/r233-release-public.exe" ./backend[0m
2026-10-08T04:52:45.7477169Z [36;1mnode desktop/verify-license-release.cjs "$RUNNER_TEMP/r233-release-public.exe"[0m
2026-10-08T04:52:45.7541873Z shell: /usr/bin/bash --noprofile --norc -e -o pipefail {0}
2026-10-08T04:52:45.7542429Z ##[endgroup]
2026-10-08T04:52:45.7865472Z go: downloading golang.org/x/sys v0.35.0
2026-10-08T04:53:04.4307504Z Release license isolation verified
2026-10-08T04:53:04.4743150Z ##[group]Run node scripts/r252-license-check.cjs
2026-10-08T04:53:04.4743838Z [36;1mnode scripts/r252-license-check.cjs[0m
2026-10-08T04:53:04.4811848Z shell: /usr/bin/bash -e {0}
2026-10-08T04:53:04.4812126Z ##[endgroup]
2026-10-08T04:53:20.4484185Z ok  	lol-loot-assistant/backend	0.012s [no tests to run]
2026-10-08T04:53:20.4484823Z ?   	lol-loot-assistant/scripts	[no test files]
2026-10-08T04:53:22.4071615Z TestR233FailedCounterSaveDoesNotRefreshCachedLifetime
2026-10-08T04:53:22.4072561Z TestR242LicenseExpiryStrictSignedField
2026-10-08T04:53:22.4073216Z ok  	lol-loot-assistant/backend	0.013s
2026-10-08T04:53:24.3081743Z {"Time":"2026-10-08T04:53:24.274788576Z","Action":"start","Package":"lol-loot-assistant/backend"}
2026-10-08T04:53:24.3083735Z {"Time":"2026-10-08T04:53:24.286377974Z","Action":"run","Package":"lol-loot-assistant/backend","Test":"TestR233FailedCounterSaveDoesNotRefreshCachedLifetime"}
2026-10-08T04:53:24.3086880Z {"Time":"2026-10-08T04:53:24.286428097Z","Action":"output","Package":"lol-loot-assistant/backend","Test":"TestR233FailedCounterSaveDoesNotRefreshCachedLifetime","Output":"=== RUN   TestR233FailedCounterSaveDoesNotRefreshCachedLifetime\n"}
2026-10-08T04:53:24.3091340Z {"Time":"2026-10-08T04:53:24.28779103Z","Action":"output","Package":"lol-loot-assistant/backend","Test":"TestR233FailedCounterSaveDoesNotRefreshCachedLifetime","Output":"--- PASS: TestR233FailedCounterSaveDoesNotRefreshCachedLifetime (0.00s)\n"}
2026-10-08T04:53:24.3094502Z {"Time":"2026-10-08T04:53:24.287810747Z","Action":"pass","Package":"lol-loot-assistant/backend","Test":"TestR233FailedCounterSaveDoesNotRefreshCachedLifetime","Elapsed":0}
2026-10-08T04:53:24.3096862Z {"Time":"2026-10-08T04:53:24.28782355Z","Action":"run","Package":"lol-loot-assistant/backend","Test":"TestR242LicenseExpiryStrictSignedField"}
2026-10-08T04:53:24.3099941Z {"Time":"2026-10-08T04:53:24.287835112Z","Action":"output","Package":"lol-loot-assistant/backend","Test":"TestR242LicenseExpiryStrictSignedField","Output":"=== RUN   TestR242LicenseExpiryStrictSignedField\n"}
2026-10-08T04:53:24.3102628Z {"Time":"2026-10-08T04:53:24.288463875Z","Action":"run","Package":"lol-loot-assistant/backend","Test":"TestR242LicenseExpiryStrictSignedField/zero"}
2026-10-08T04:53:24.3105757Z {"Time":"2026-10-08T04:53:24.288476999Z","Action":"output","Package":"lol-loot-assistant/backend","Test":"TestR242LicenseExpiryStrictSignedField/zero","Output":"=== RUN   TestR242LicenseExpiryStrictSignedField/zero\n"}
2026-10-08T04:53:24.3109660Z {"Time":"2026-10-08T04:53:24.28869153Z","Action":"output","Package":"lol-loot-assistant/backend","Test":"TestR242LicenseExpiryStrictSignedField/zero","Output":"--- PASS: TestR242LicenseExpiryStrictSignedField/zero (0.00s)\n"}
2026-10-08T04:53:24.3112813Z {"Time":"2026-10-08T04:53:24.288703823Z","Action":"pass","Package":"lol-loot-assistant/backend","Test":"TestR242LicenseExpiryStrictSignedField/zero","Elapsed":0}
2026-10-08T04:53:24.3115271Z {"Time":"2026-10-08T04:53:24.28871308Z","Action":"run","Package":"lol-loot-assistant/backend","Test":"TestR242LicenseExpiryStrictSignedField/negative"}
2026-10-08T04:53:24.3118250Z {"Time":"2026-10-08T04:53:24.288724672Z","Action":"output","Package":"lol-loot-assistant/backend","Test":"TestR242LicenseExpiryStrictSignedField/negative","Output":"=== RUN   TestR242LicenseExpiryStrictSignedField/negative\n"}
2026-10-08T04:53:24.3122169Z {"Time":"2026-10-08T04:53:24.288936627Z","Action":"output","Package":"lol-loot-assistant/backend","Test":"TestR242LicenseExpiryStrictSignedField/negative","Output":"--- PASS: TestR242LicenseExpiryStrictSignedField/negative (0.00s)\n"}
2026-10-08T04:53:24.3125193Z {"Time":"2026-10-08T04:53:24.288951044Z","Action":"pass","Package":"lol-loot-assistant/backend","Test":"TestR242LicenseExpiryStrictSignedField/negative","Elapsed":0}
2026-10-08T04:53:24.3127641Z {"Time":"2026-10-08T04:53:24.288957706Z","Action":"run","Package":"lol-loot-assistant/backend","Test":"TestR242LicenseExpiryStrictSignedField/null"}
2026-10-08T04:53:24.3131910Z {"Time":"2026-10-08T04:53:24.288965922Z","Action":"output","Package":"lol-loot-assistant/backend","Test":"TestR242LicenseExpiryStrictSignedField/null","Output":"=== RUN   TestR242LicenseExpiryStrictSignedField/null\n"}
2026-10-08T04:53:24.3135394Z {"Time":"2026-10-08T04:53:24.289140828Z","Action":"output","Package":"lol-loot-assistant/backend","Test":"TestR242LicenseExpiryStrictSignedField/null","Output":"--- PASS: TestR242LicenseExpiryStrictSignedField/null (0.00s)\n"}
2026-10-08T04:53:24.3138345Z {"Time":"2026-10-08T04:53:24.289155425Z","Action":"pass","Package":"lol-loot-assistant/backend","Test":"TestR242LicenseExpiryStrictSignedField/null","Elapsed":0}
2026-10-08T04:53:24.3141206Z {"Time":"2026-10-08T04:53:24.289166245Z","Action":"run","Package":"lol-loot-assistant/backend","Test":"TestR242LicenseExpiryStrictSignedField/before-issued"}
2026-10-08T04:53:24.3144295Z {"Time":"2026-10-08T04:53:24.289175092Z","Action":"output","Package":"lol-loot-assistant/backend","Test":"TestR242LicenseExpiryStrictSignedField/before-issued","Output":"=== RUN   TestR242LicenseExpiryStrictSignedField/before-issued\n"}
2026-10-08T04:53:24.3148174Z {"Time":"2026-10-08T04:53:24.28936171Z","Action":"output","Package":"lol-loot-assistant/backend","Test":"TestR242LicenseExpiryStrictSignedField/before-issued","Output":"--- PASS: TestR242LicenseExpiryStrictSignedField/before-issued (0.00s)\n"}
2026-10-08T04:53:24.3151740Z {"Time":"2026-10-08T04:53:24.289375866Z","Action":"pass","Package":"lol-loot-assistant/backend","Test":"TestR242LicenseExpiryStrictSignedField/before-issued","Elapsed":0}
2026-10-08T04:53:24.3154381Z {"Time":"2026-10-08T04:53:24.289382288Z","Action":"run","Package":"lol-loot-assistant/backend","Test":"TestR242LicenseExpiryStrictSignedField/string"}
2026-10-08T04:53:24.3157320Z {"Time":"2026-10-08T04:53:24.289385504Z","Action":"output","Package":"lol-loot-assistant/backend","Test":"TestR242LicenseExpiryStrictSignedField/string","Output":"=== RUN   TestR242LicenseExpiryStrictSignedField/string\n"}
2026-10-08T04:53:24.3161176Z {"Time":"2026-10-08T04:53:24.2895655Z","Action":"output","Package":"lol-loot-assistant/backend","Test":"TestR242LicenseExpiryStrictSignedField/string","Output":"--- PASS: TestR242LicenseExpiryStrictSignedField/string (0.00s)\n"}
2026-10-08T04:53:24.3164168Z {"Time":"2026-10-08T04:53:24.289578825Z","Action":"pass","Package":"lol-loot-assistant/backend","Test":"TestR242LicenseExpiryStrictSignedField/string","Elapsed":0}
2026-10-08T04:53:24.3166533Z {"Time":"2026-10-08T04:53:24.289588713Z","Action":"run","Package":"lol-loot-assistant/backend","Test":"TestR242LicenseExpiryStrictSignedField/fraction"}
2026-10-08T04:53:24.3168962Z {"Time":"2026-10-08T04:53:24.289594154Z","Action":"output","Package":"lol-loot-assistant/backend","Test":"TestR242LicenseExpiryStrictSignedField/fraction","Output":"=== RUN   TestR242LicenseExpiryStrictSignedField/fraction\n"}
2026-10-08T04:53:24.3170912Z {"Time":"2026-10-08T04:53:24.289787965Z","Action":"output","Package":"lol-loot-assistant/backend","Test":"TestR242LicenseExpiryStrictSignedField/fraction","Output":"--- PASS: TestR242LicenseExpiryStrictSignedField/fraction (0.00s)\n"}
2026-10-08T04:53:24.3172617Z {"Time":"2026-10-08T04:53:24.289800508Z","Action":"pass","Package":"lol-loot-assistant/backend","Test":"TestR242LicenseExpiryStrictSignedField/fraction","Elapsed":0}
2026-10-08T04:53:24.3173864Z {"Time":"2026-10-08T04:53:24.289807131Z","Action":"run","Package":"lol-loot-assistant/backend","Test":"TestR242LicenseExpiryStrictSignedField/exponent"}
2026-10-08T04:53:24.3175403Z {"Time":"2026-10-08T04:53:24.289814825Z","Action":"output","Package":"lol-loot-assistant/backend","Test":"TestR242LicenseExpiryStrictSignedField/exponent","Output":"=== RUN   TestR242LicenseExpiryStrictSignedField/exponent\n"}
2026-10-08T04:53:24.3177236Z {"Time":"2026-10-08T04:53:24.290023915Z","Action":"output","Package":"lol-loot-assistant/backend","Test":"TestR242LicenseExpiryStrictSignedField/exponent","Output":"--- PASS: TestR242LicenseExpiryStrictSignedField/exponent (0.00s)\n"}
2026-10-08T04:53:24.3179419Z {"Time":"2026-10-08T04:53:24.290037891Z","Action":"pass","Package":"lol-loot-assistant/backend","Test":"TestR242LicenseExpiryStrictSignedField/exponent","Elapsed":0}
2026-10-08T04:53:24.3180687Z {"Time":"2026-10-08T04:53:24.290044544Z","Action":"run","Package":"lol-loot-assistant/backend","Test":"TestR242LicenseExpiryStrictSignedField/overflow"}
2026-10-08T04:53:24.3182215Z {"Time":"2026-10-08T04:53:24.290049303Z","Action":"output","Package":"lol-loot-assistant/backend","Test":"TestR242LicenseExpiryStrictSignedField/overflow","Output":"=== RUN   TestR242LicenseExpiryStrictSignedField/overflow\n"}
2026-10-08T04:53:24.3184057Z {"Time":"2026-10-08T04:53:24.290225201Z","Action":"output","Package":"lol-loot-assistant/backend","Test":"TestR242LicenseExpiryStrictSignedField/overflow","Output":"--- PASS: TestR242LicenseExpiryStrictSignedField/overflow (0.00s)\n"}
2026-10-08T04:53:24.3185604Z {"Time":"2026-10-08T04:53:24.290238466Z","Action":"pass","Package":"lol-loot-assistant/backend","Test":"TestR242LicenseExpiryStrictSignedField/overflow","Elapsed":0}
2026-10-08T04:53:24.3186824Z {"Time":"2026-10-08T04:53:24.290245188Z","Action":"run","Package":"lol-loot-assistant/backend","Test":"TestR242LicenseExpiryStrictSignedField/boolean"}
2026-10-08T04:53:24.3188338Z {"Time":"2026-10-08T04:53:24.290250719Z","Action":"output","Package":"lol-loot-assistant/backend","Test":"TestR242LicenseExpiryStrictSignedField/boolean","Output":"=== RUN   TestR242LicenseExpiryStrictSignedField/boolean\n"}
2026-10-08T04:53:24.3190459Z {"Time":"2026-10-08T04:53:24.290420135Z","Action":"output","Package":"lol-loot-assistant/backend","Test":"TestR242LicenseExpiryStrictSignedField/boolean","Output":"--- PASS: TestR242LicenseExpiryStrictSignedField/boolean (0.00s)\n"}
2026-10-08T04:53:24.3192103Z {"Time":"2026-10-08T04:53:24.290432528Z","Action":"pass","Package":"lol-loot-assistant/backend","Test":"TestR242LicenseExpiryStrictSignedField/boolean","Elapsed":0}
2026-10-08T04:53:24.3193388Z {"Time":"2026-10-08T04:53:24.290440563Z","Action":"run","Package":"lol-loot-assistant/backend","Test":"TestR242LicenseExpiryStrictSignedField/lease-after-expiry"}
2026-10-08T04:53:24.3195107Z {"Time":"2026-10-08T04:53:24.290445522Z","Action":"output","Package":"lol-loot-assistant/backend","Test":"TestR242LicenseExpiryStrictSignedField/lease-after-expiry","Output":"=== RUN   TestR242LicenseExpiryStrictSignedField/lease-after-expiry\n"}
2026-10-08T04:53:24.3197144Z {"Time":"2026-10-08T04:53:24.290651336Z","Action":"output","Package":"lol-loot-assistant/backend","Test":"TestR242LicenseExpiryStrictSignedField/lease-after-expiry","Output":"--- PASS: TestR242LicenseExpiryStrictSignedField/lease-after-expiry (0.00s)\n"}
2026-10-08T04:53:24.3199055Z {"Time":"2026-10-08T04:53:24.290667877Z","Action":"pass","Package":"lol-loot-assistant/backend","Test":"TestR242LicenseExpiryStrictSignedField/lease-after-expiry","Elapsed":0}
2026-10-08T04:53:24.3201779Z {"Time":"2026-10-08T04:53:24.290993835Z","Action":"output","Package":"lol-loot-assistant/backend","Test":"TestR242LicenseExpiryStrictSignedField","Output":"--- PASS: TestR242LicenseExpiryStrictSignedField (0.00s)\n"}
2026-10-08T04:53:24.3204245Z {"Time":"2026-10-08T04:53:24.291009394Z","Action":"pass","Package":"lol-loot-assistant/backend","Test":"TestR242LicenseExpiryStrictSignedField","Elapsed":0}
2026-10-08T04:53:24.3205325Z {"Time":"2026-10-08T04:53:24.291223924Z","Action":"output","Package":"lol-loot-assistant/backend","Output":"PASS\n"}
2026-10-08T04:53:24.3206432Z {"Time":"2026-10-08T04:53:24.292007209Z","Action":"output","Package":"lol-loot-assistant/backend","Output":"ok  \tlol-loot-assistant/backend\t0.017s\n"}
2026-10-08T04:53:24.3207924Z {"Time":"2026-10-08T04:53:24.292023169Z","Action":"pass","Package":"lol-loot-assistant/backend","Elapsed":0.017}
2026-10-08T04:53:24.3211374Z R252_LICENSE_FIXTURES_VERIFIED {"expected":2,"passed":2,"skipped":0,"required":2,"requiredPassed":["lol-loot-assistant/backend/TestR233FailedCounterSaveDoesNotRefreshCachedLifetime","lol-loot-assistant/backend/TestR242LicenseExpiryStrictSignedField"]}
2026-10-08T04:53:24.3244819Z ##[group]Run node scripts/verify-ci-test-filters.cjs
2026-10-08T04:53:24.3245249Z [36;1mnode scripts/verify-ci-test-filters.cjs[0m
2026-10-08T04:53:24.3307349Z shell: /usr/bin/bash -e {0}
2026-10-08T04:53:24.3307624Z ##[endgroup]
2026-10-08T04:53:24.6493235Z [
2026-10-08T04:53:24.6493675Z   {
2026-10-08T04:53:24.6494117Z     "kind": "node",
2026-10-08T04:53:24.6495014Z     "pattern": "R86 Windows release|R222 Windows",
2026-10-08T04:53:24.6495915Z     "file": "desktop/release-quality-gates.test.cjs",
2026-10-08T04:53:24.6496556Z     "expected": 2,
2026-10-08T04:53:24.6496968Z     "names": [
2026-10-08T04:53:24.6497982Z       "R86 Windows release stops on a real failing Go test and rejects an independent early build",
2026-10-08T04:53:24.6499689Z       "R222 Windows release entry points reject CI skip locally before any side effect"
2026-10-08T04:53:24.6500522Z     ]
2026-10-08T04:53:24.6500876Z   },
2026-10-08T04:53:24.6501209Z   {
2026-10-08T04:53:24.6501655Z     "kind": "node",
2026-10-08T04:53:24.6502268Z     "pattern": "setup-only Windows CI skip",
2026-10-08T04:53:24.6503040Z     "file": "scripts/setup-only-build.test.cjs",
2026-10-08T04:53:24.6503645Z     "expected": 1,
2026-10-08T04:53:24.6504064Z     "names": [
2026-10-08T04:53:24.6505078Z       "setup-only Windows CI skip leaves NSIS, wrapper and receipt gates unconditional"
2026-10-08T04:53:24.6505865Z     ]
2026-10-08T04:53:24.6506211Z   },
2026-10-08T04:53:24.6506550Z   {
2026-10-08T04:53:24.6506959Z     "kind": "node",
2026-10-08T04:53:24.6507656Z     "file": "scripts/r82-startup-ab-script.test.cjs",
2026-10-08T04:53:24.6508359Z     "expected": 2,
2026-10-08T04:53:24.6509063Z     "names": [
2026-10-08T04:53:24.6510200Z       "R82 A/B receipt lookup and deduplication execute the real PowerShell script",
2026-10-08T04:53:24.6511600Z       "R82 A/B filename, hash mismatch and duplicate mutations reach failing assertions"
2026-10-08T04:53:24.6512468Z     ]
2026-10-08T04:53:24.6512806Z   }
2026-10-08T04:53:24.6513141Z ]
2026-10-08T04:53:24.6579695Z ##[group]Run go test -count=1 -race ./...
2026-10-08T04:53:24.6580095Z [36;1mgo test -count=1 -race ./...[0m
2026-10-08T04:53:24.6642850Z shell: /usr/bin/bash -e {0}
2026-10-08T04:53:24.6643128Z ##[endgroup]
2026-10-08T04:57:00.0738317Z ok  	lol-loot-assistant/backend	173.343s
2026-10-08T04:57:00.0739146Z ?   	lol-loot-assistant/scripts	[no test files]
2026-10-08T04:57:00.2092577Z ##[group]Run node --check backend/web/app.js
2026-10-08T04:57:00.2092958Z [36;1mnode --check backend/web/app.js[0m
2026-10-08T04:57:00.2093265Z [36;1mnode --check backend/web/suite.js[0m
2026-10-08T04:57:00.2093569Z [36;1mnode --check desktop/main.cjs[0m
2026-10-08T04:57:00.2156267Z shell: /usr/bin/bash -e {0}
2026-10-08T04:57:00.2156536Z ##[endgroup]
2026-10-08T04:57:00.3028946Z ##[group]Run npm ci --prefix desktop
2026-10-08T04:57:00.3029592Z [36;1mnpm ci --prefix desktop[0m
2026-10-08T04:57:00.3094742Z shell: /usr/bin/bash -e {0}
2026-10-08T04:57:00.3095016Z ##[endgroup]
2026-10-08T04:57:03.1164976Z npm warn deprecated rimraf@2.6.3: Rimraf versions prior to v4 are no longer supported
2026-10-08T04:57:05.2653579Z npm warn deprecated inflight@1.0.6: This module is not supported, and leaks memory. Do not use it. Check out lru-cache if you want a good and tested way to coalesce async requests by a key value, which is much more comprehensive and powerful.
2026-10-08T04:57:06.2521551Z npm warn deprecated glob@7.2.3: Glob versions prior to v9 are no longer supported
2026-10-08T04:57:08.4826348Z npm warn deprecated boolean@3.2.0: Package no longer supported. Contact Support at https://www.npmjs.com/support for more info.
2026-10-08T04:57:19.7682009Z 
2026-10-08T04:57:19.7684784Z added 323 packages, and audited 324 packages in 19s
2026-10-08T04:57:19.7685307Z 
2026-10-08T04:57:19.7685603Z 56 packages are looking for funding
2026-10-08T04:57:19.7686146Z   run `npm fund` for details
2026-10-08T04:57:19.8272346Z 
2026-10-08T04:57:19.8273079Z 16 vulnerabilities (8 moderate, 8 high)
2026-10-08T04:57:19.8273592Z 
2026-10-08T04:57:19.8273918Z To address issues that do not require attention, run:
2026-10-08T04:57:19.8274367Z   npm audit fix
2026-10-08T04:57:19.8274537Z 
2026-10-08T04:57:19.8274835Z To address all issues (including breaking changes), run:
2026-10-08T04:57:19.8275307Z   npm audit fix --force
2026-10-08T04:57:19.8275504Z 
2026-10-08T04:57:19.8275675Z Run `npm audit` for details.
2026-10-08T04:57:19.8852317Z ##[group]Run node scripts/test-renderers.cjs all
2026-10-08T04:57:19.8852731Z [36;1mnode scripts/test-renderers.cjs all[0m
2026-10-08T04:57:19.8914205Z shell: /usr/bin/bash -e {0}
2026-10-08T04:57:19.8914458Z env:
2026-10-08T04:57:19.8914803Z   R222_NODE_TIMING_OUTPUT: /home/runner/work/_temp/renderer-timings-linux.json
2026-10-08T04:57:19.8915223Z ##[endgroup]
2026-10-08T04:58:21.7470035Z PASS R222 external card detail, metric and timeline stay local at 200 matches
2026-10-08T04:58:22.0580272Z PASS 职业页懒加载、所有分组/账号、缺失状态、筛选缓存与安全转义
2026-10-08T04:58:22.0623914Z PASS 加载互斥、失败保留旧表、恢复与来源不可用名单
2026-10-08T04:58:22.0624631Z PASS 国服每次打开折叠；各拳头区服与职业入口可键盘聚焦且不修改大区
2026-10-08T04:58:22.0625331Z PASS 统一总览按国服、韩服、职业分组，同一账号跨组隔离且保留滚动和目录焦点
2026-10-08T04:58:22.0626011Z PASS 补充来源未更新保留提示，重新进入不重复阻塞整页，手动刷新可重试
2026-10-08T04:58:22.0626573Z PASS 职业列表后台补充自动更新，离开页面停止轮询
2026-10-08T04:58:22.0627164Z PASS R73 最近账号、历史折叠、只看最新账号及会话核验
2026-10-08T04:58:22.0627645Z PASS {"proMismatch":true}
2026-10-08T04:58:22.0629365Z PASS {"overviewStatus":404}
2026-10-08T04:58:22.0629899Z PASS {"overviewStatus":502}
2026-10-08T04:58:22.0630563Z PASS R73 真正点击后才核验：差异与404标记，502不误判
2026-10-08T04:58:22.0631147Z PASS 职业目录仅保留返回总览，返回后保留全部已打开页签
2026-10-08T04:58:22.0631760Z PASS 未知更新时间的补充账号保持展示，不出现120天未玩的断言
2026-10-08T04:58:22.0632314Z PASS 玩家页签各自保留纵向位置，跨页面返回也不串位
2026-10-08T04:58:22.0632955Z PASS R112 导出状态只属于当前诊断页；离开、迟到和乱序完成均不污染新页面
2026-10-08T04:58:22.0634126Z PASS OPGG season summary actually replaces recent sample in both overview workspaces without a history reload
2026-10-08T04:58:22.0635629Z PASS 当前对局独立置顶、两队十人、无评分和多余标记，分组后不会污染玩家战绩
2026-10-08T04:58:22.0636304Z PASS R74 零战绩当前对局也加载技能目录，未加载时不伪造技能名称
2026-10-08T04:58:22.0636949Z PASS R100 菜单键盘可达空组、异步重绘保焦、离开总览关闭菜单
2026-10-08T04:58:22.0637589Z PASS 国服总览保留战绩但不渲染或请求当前对局和观战
2026-10-08T04:58:22.0638354Z PASS R97 management filters and rows exclude expanded and academy teams
2026-10-08T04:58:23.1617834Z PASS R100 empty national/KR/pro groups stay selectable and preserve distinct empty states
2026-10-08T04:58:23.3459702Z PASS TestR102NoPrimaryBadgeRendered
2026-10-08T04:58:23.7030018Z PASS TestR102LatestOnlyTogglesShowsFirstAccountOnly
2026-10-08T04:58:23.7079817Z PASS TestR102ButtonLabelSaysLatestNotPrimary
2026-10-08T04:58:23.8110225Z PASS TestR102HighlightUsesOriginalAccountIndex
2026-10-08T04:58:24.1160255Z PASS R86 ADD-1 card detail, metric, legacy damage controls and timeline stay local at 200 matches
2026-10-08T04:58:24.1220057Z PASS R59 生涯头衔读取对象名称且绝不显示原始 UUID
2026-10-08T04:58:24.1220921Z PASS R59 生涯预览完整渲染时不泄漏 playerTitleSelected UUID
2026-10-08T04:58:24.1221797Z PASS R60 生涯事件刷新头衔、保护脏草稿且不在其它页签后台请求
2026-10-08T04:58:24.1222541Z PASS R65 生涯事件 20 连发只请求一次、仅时间戳变化不重建且按压期间不丢点击
2026-10-08T04:58:24.1223271Z PASS R64 生涯皮肤与身份控件局部更新，皮肤图片延迟解码
2026-10-08T04:58:24.1223884Z PASS R64 生涯头衔和勋章仅在真实值上使用强调色
2026-10-08T04:58:24.1224462Z PASS R60 生涯勋章缺失槽位稳定回退为未设置
2026-10-08T04:58:24.1225118Z PASS R58 生涯英雄长下拉支持别名搜索，短下拉不显示搜索框
2026-10-08T04:58:24.1225727Z PASS R58 生涯空皮肤刷新保留草稿并在数据补齐后恢复
2026-10-08T04:58:24.1226792Z PASS 顶部重新读取实际刷新生涯并丢弃未应用预览
2026-10-08T04:58:24.1227869Z PASS R86 image listeners and tab scroll remain bounded including independent image-listener bypass
2026-10-08T04:58:25.4332801Z PASS R86 hero search preserves input and coalesces five keystrokes (including bypass mutation)
2026-10-08T04:58:25.4334532Z PASS R86 tools fetch only active tab plus rig, then load claims on demand
2026-10-08T04:58:25.4367146Z PASS R86 healthy SSE reduces phase polling while closed SSE retains one-second fallback
2026-10-08T04:58:31.6560018Z PASS R86 external match expansion preserves unrelated cards
2026-10-08T04:58:31.6580157Z PASS R86 scroll restoration is resize-driven, restores clamped position and yields to user input
2026-10-08T04:58:42.3530098Z PASS R87 P9 external champselect events preserve modal scroll, input and composition
2026-10-08T04:58:42.3551570Z PASS R104 quota recovery keeps the first-load skeleton and existing matches visible
2026-10-08T04:58:42.3579582Z PASS R112 KR average-tier errors retry only visible active cards, then cache real values
2026-10-08T04:58:42.3580713Z PASS R117 career column is rebuilt only when its own inputs change
2026-10-08T04:58:42.4960034Z PASS 总览战绩卡：点击展开按钮只替换目标卡片并可收起
2026-10-08T04:58:42.4999573Z PASS 推荐请求期间遮罩只覆盖 tab 下方面板，并按内容提示
2026-10-08T04:58:42.5046353Z PASS 对局页出装推荐渲染，且不再出现「后期备选」
2026-10-08T04:58:42.5052011Z PASS 核心装只展示胜率与场次，不再展示选取率
2026-10-08T04:58:42.5079435Z PASS 技能加点的选取率/胜率/场次与技能图标同一行
2026-10-08T04:58:42.5088935Z PASS 对抗样本为空时给出说明文案，而不是一个「—」
2026-10-08T04:58:42.5119372Z PASS 英雄位置统计为空时显示明确说明，而不是三项破折号
2026-10-08T04:58:42.5140035Z PASS failed build timelines retry on reopening, successful timelines remain cached
2026-10-08T04:58:42.5169618Z PASS R86 ADD optional cs-dialog computed zoom stays one inside the zoomed app frame
2026-10-08T04:58:42.5170888Z PASS R86 ADD-1 failed timelines wait for explicit retry and keep unrelated cards
2026-10-08T04:58:43.0161896Z PASS 收藏账户条复用主页背景和圆头像，并只保留两项事实
2026-10-08T04:58:43.0179768Z PASS 游戏时间分布下方提供等栏宽分享按钮，并在选定路径后生成桌面双列长图
2026-10-08T04:58:43.0209391Z PASS 分享图按 50 场设置截断当前已加载战绩
2026-10-08T04:58:43.0219311Z PASS 排位分区在负场缺失时也能渲染出胜率提示
2026-10-08T04:58:47.0224321Z PASS 渲染异常会切到可重试的错误态，而不是永远停在骨架屏
2026-10-08T04:58:51.0329941Z PASS 已有总览刷新时保留当前内容，不退回整页骨架
2026-10-08T04:58:54.5230131Z PASS 客户端退出后清空本人总览，国服空分组显示启动入口
2026-10-08T04:58:54.7640123Z PASS 演示数据下工具五个页签都渲染完成
2026-10-08T04:58:54.7640808Z PASS 2351 自定义暂停事件保留真实总开关和卡片高亮
2026-10-08T04:58:54.7679485Z PASS R149 收藏页仍可独立进入头像与旗帜视图
2026-10-08T04:58:54.7719286Z PASS R56 工具页状态、确认、下拉与领奖契约完整
2026-10-08T04:58:54.7735583Z PASS 全部原生下拉都增强为可键盘操作的应用菜单，包含动态英雄段位
2026-10-08T04:59:04.3520119Z PASS R86 filtering 200 loaded matches hides entries without rebuilding or refetching
2026-10-08T04:59:09.6560066Z PASS R86 ADD-1 late timeline cannot reveal a filtered-out card
2026-10-08T04:59:10.2390198Z PASS collapsed sidebar hides the label but keeps the live beacon rendered
2026-10-08T04:59:10.2429833Z PASS R86 DOM teardown disconnects pending observers without disabling live callbacks
2026-10-08T04:59:10.2431208Z PASS 1110 征召默认值、时间输入、模式能力和总开关真实保存链
2026-10-08T04:59:10.2480138Z PASS 平均段位只查询视口内卡片，并在分页加载期间停用
2026-10-08T04:59:10.2489661Z PASS match-tier failures back off instead of retrying on the next render
2026-10-08T04:59:10.2509586Z PASS match-tier overview diagnostics contain aggregate counts only
2026-10-08T04:59:10.2539493Z PASS non-match overview rerenders preserve the match-list node
2026-10-08T04:59:10.2569418Z PASS 玩家覆盖层里的战绩详情也能展开
2026-10-08T04:59:10.2600507Z PASS 演示数据下总览页渲染出真实内容，且渲染期没有异常
2026-10-08T04:59:10.2602654Z PASS 好友真实数据恢复横条模式与计时，SSE 更新不重建战绩或串到其他玩家
2026-10-08T04:59:21.2100013Z PASS R222 all four independent full-render mutants reject the DOM guard
2026-10-08T04:59:21.3160981Z live recommendation diagnostic failed {
2026-10-08T04:59:21.3189248Z   reason: 'has-payload',
2026-10-08T04:59:21.3190215Z   key: '69:mid:CLASSIC:11:emerald_plus:none',
2026-10-08T04:59:21.3219492Z   error: 'Failed to parse URL from /api/diagnostics/client'
2026-10-08T04:59:21.3229373Z }
2026-10-08T04:59:21.3230472Z PASS R75/R76 actual page: pro rows, degradation capture, incomplete and offline
2026-10-08T04:59:21.3235399Z live recommendation diagnostic failed {
2026-10-08T04:59:21.3236486Z   reason: 'has-payload',
2026-10-08T04:59:21.3237274Z   key: '69:mid:CLASSIC:11:emerald_plus:none',
2026-10-08T04:59:21.3238230Z   error: 'Failed to parse URL from /api/diagnostics/client'
2026-10-08T04:59:21.3239415Z }
2026-10-08T04:59:21.3240353Z PASS R75/R76 actual page: pro rows, degradation 1/99, incomplete and offline
2026-10-08T04:59:21.3241370Z live recommendation diagnostic failed {
2026-10-08T04:59:21.3242116Z   reason: 'has-payload',
2026-10-08T04:59:21.3242862Z   key: '69:mid:CLASSIC:11:emerald_plus:none',
2026-10-08T04:59:21.3243791Z   error: 'Failed to parse URL from /api/diagnostics/client'
2026-10-08T04:59:21.3244535Z }
2026-10-08T04:59:21.3245434Z PASS R75/R76 actual page: pro rows, degradation 10/30, incomplete and offline
2026-10-08T04:59:21.9312790Z PASS real app bootstrap registers every updater element and renders every state
2026-10-08T04:59:21.9314999Z PASS existing SSE drives progress and persists it across close/reopen without polling
2026-10-08T04:59:21.9339696Z PASS portable, minimum supported, offline, game warning and no-update behavior
2026-10-08T04:59:21.9371063Z PASS notes allow only escaped whitelist Markdown
2026-10-08T04:59:21.9399445Z PASS all updater registry ids are killed by the real renderer
2026-10-08T04:59:21.9429916Z PASS escaping, https whitelist and unsupported-button mutants fail the same checks
2026-10-08T04:59:21.9431478Z PASS manual update check posts through api and opens the existing notification dialog
2026-10-08T04:59:21.9459491Z PASS manual check waits beyond the HTTP acknowledgement for SSE completion
2026-10-08T04:59:21.9480734Z PASS late checking acknowledgement cannot overwrite an earlier SSE result
2026-10-08T04:59:21.9489540Z PASS no-update feedback expires and a new check clears the previous timer
2026-10-08T04:59:21.9519691Z PASS HTTP, network and asynchronous check failures show errors instead of latest-version success
2026-10-08T04:59:21.9540617Z PASS unsupported, updater busy and manual in-flight checks cannot issue duplicate requests
2026-10-08T04:59:21.9554239Z PASS manual-check request, shared-dialog, support and busy mutations are all detected
2026-10-08T04:59:45.1247456Z PASS R82 A/B receipt lookup and deduplication execute the real PowerShell script
2026-10-08T04:59:45.1289926Z PASS R82 A/B filename, hash mismatch and duplicate mutations reach failing assertions
2026-10-08T04:59:45.1690172Z PASS R192 1 hydrate updates roster and subject highlight while other two cards stay retained
2026-10-08T04:59:45.1770166Z PASS R192 2 rejected details expose a working retry and reopen after successful second request
2026-10-08T04:59:45.1819502Z PASS R192 3 two retry clicks during loading share one additional request
2026-10-08T04:59:45.1859536Z PASS R192 4 loader-free expand and collapse keep summary and unrelated card identities
2026-10-08T04:59:45.1885975Z PASS R192 5 hydrated Arena summary replaces damage and taken placeholders with true fixture values
2026-10-08T04:59:45.1940120Z PASS R231 table single expansion and sorting preserve every main row/avatar; more is aligned and appended
2026-10-08T04:59:45.2019552Z PASS R231 arrows/count, unique multikill gradients and masked build avatar tooltip
2026-10-08T04:59:45.2169963Z PASS R231 season progress fetches only snapshot and keeps match list/banners/career container
2026-10-08T04:59:45.2310047Z PASS R231 season progress throttles intermediate events for 3 seconds and completion bypasses it
2026-10-08T04:59:45.2479882Z PASS R231 throttle test rejects the zero-window mutation
2026-10-08T04:59:45.2549992Z PASS R231 abort on soft reset leaves mayhem idle, then next load returns score
2026-10-08T04:59:45.2562416Z PASS R231 collapse resets selected build player; detail-tab changes retain it; filter clears all
2026-10-08T04:59:45.2568868Z PASS R231 actual main and overlay enter both detail pages three times and restore identical nodes without overview/tier requests
2026-10-08T04:59:45.2599904Z PASS R231 actual external card restores self after collapse and retains opponent across detail tabs
2026-10-08T04:59:45.2609790Z PASS manual reread recovers a stuck overview and refreshes overview plus live without forcing the overlay
2026-10-08T04:59:45.2611447Z PASS gameplay soft reset clears stalled pagination and recommendation failures while preserving touched tabs
2026-10-08T04:59:45.2612822Z PASS collection-dirty is accepted by the SSE whitelist and refreshes status
2026-10-08T04:59:45.2614171Z PASS dirty collection rescans on entry and view changes without duplicate refresh requests
2026-10-08T04:59:45.2615385Z PASS accepted dirty rescan stays gated until clean status or timeout
2026-10-08T04:59:45.2616481Z PASS identical forced collection refresh keeps rendered cards mounted
2026-10-08T04:59:45.2617670Z PASS R70 app and gameplay retain cancellation ownership until body parsing completes
2026-10-08T04:59:45.2619137Z PASS R70 cached collection reentry avoids a request and never uses outgoing DOM snapshots
2026-10-08T04:59:45.2620528Z PASS R70 SSE overflow and reconnect resync refresh visible collection even with unchanged status
2026-10-08T04:59:45.2621757Z PASS R70 gameflow burst uses one fixed window and one non-aborting trailing request
2026-10-08T04:59:45.2622815Z PASS R70 hidden gameplay pages do not construct DOM, and destroyed pages remain inert
2026-10-08T04:59:45.2624029Z PASS R226 hidden and destroyed live renders preserve the pending diagnostic source
2026-10-08T04:59:45.2625303Z PASS R70 superseded status completion cannot overwrite current state or reschedule polling
2026-10-08T04:59:45.2626710Z PASS R71 collection startup issues one ensure across accepted requests, status events and scan start
2026-10-08T04:59:45.2627987Z PASS R71 a failed or lost collection acceptance can retry without a permanent gate
2026-10-08T04:59:45.2629574Z PASS setup-only Bash build wraps one NSIS result, hashes final bytes and removes legacy outputs
2026-10-08T04:59:45.2630884Z PASS failed NSIS stops before wrapping or issuing a receipt and cleans the uninstall shell
2026-10-08T04:59:45.2632111Z PASS compression overrides are explicit and invalid levels fail before packaging
2026-10-08T04:59:45.2633561Z PASS unchanged complete npm dependencies are reused; damage or a lock change reinstalls them
2026-10-08T04:59:45.2634904Z PASS setup-only Windows CI skip leaves NSIS, wrapper and receipt gates unconditional
2026-10-08T04:59:45.2636456Z PASS live specialist right overview button opens exact KR overview while rune selection and return remain independent
2026-10-08T04:59:45.2639222Z PASS R128 §2.3 index.html 不再引入 shared.js，其余静态加载顺序不变
2026-10-08T04:59:45.2640148Z PASS R128 §2.3 口径说明的实现、调用点与样式在前端全部消失
2026-10-08T04:59:45.2641022Z PASS R116-B 详情页三 tab 只渲染当前页内容，隐藏 tab 不占任何布局高度
2026-10-08T04:59:45.2641885Z PASS R128 §2.3 详情页没有口径页脚，切页签时工具条节点不被重新挂载
2026-10-08T04:59:45.2642675Z PASS R116-B 表现 tab 只在后端下发指标时出现，缺数据不留空页签
2026-10-08T04:59:45.2643489Z PASS R116-B 图鉴入口按钮在详情面板顶部，复用既有视图状态机而不是新路由
2026-10-08T04:59:45.2644668Z PASS R116-B P0-1 装备排行同一行给出胜率、较基准、不出时胜率三个互不相同的数字
2026-10-08T04:59:45.2645578Z PASS R116-B P0-1 收益率为 0 或字段缺失时不显示「较基准」标签
2026-10-08T04:59:45.2646345Z PASS R116-B P0-1 海克斯卡带较基准与官方档位，字段缺失时整块隐藏
2026-10-08T04:59:45.2647136Z PASS R116-B P0-2 低样本行带「样本极少」徽记，且排不到高样本行前面
2026-10-08T04:59:45.2647959Z PASS R116-B P0-2 海斗路径不再有任何前端重排（对抗变异必须打红这条）
2026-10-08T04:59:45.2649504Z PASS R116-B P0-2 sampleTier / wilsonLowerWinRate 缺失时对应元素不渲染
2026-10-08T04:59:45.2650494Z PASS R116-B P0-4 召唤师技能同时显示胜率与选用率，出门装与鞋子行为不变
2026-10-08T04:59:45.2651262Z PASS R116-B P0-4 只有召唤师技能那一组打开了胜率开关
2026-10-08T04:59:45.2652184Z PASS R116-B P0-4 上游回退到 pickRate-only 数据时只显示选用率，不整块报错
2026-10-08T04:59:45.2653142Z PASS R116-B P0-5 官方档位展示中文 hexLabel，绝不展示内部枚举名 hexTier
2026-10-08T04:59:45.2654050Z PASS R116-B P0-5 stats.tier 为 nil 时梯度徽章整块隐藏，不用行级档位冒充
2026-10-08T04:59:45.2654978Z PASS R116-B P0-5 榜单行 tierLocallyCalculated 时显示「本地估算」小字
2026-10-08T04:59:45.2655782Z PASS R116-B P0-6 切阶段只改数字不发请求，切回汇总恢复原值
2026-10-08T04:59:45.2656623Z PASS R116-B P0-6 缺某个阶段的 augment 在该阶段视图下整条不渲染，绝不填 0
2026-10-08T04:59:45.2657517Z PASS R116-B P0-6 没有阶段数据时 chips 整块不渲染（斗魂路径）
2026-10-08T04:59:45.2658345Z PASS R128 §2.2 表现面板逐行排版：数值与「较平均」分开，多杀合并一行，说明只在底部一次
2026-10-08T04:59:45.2659375Z PASS R116-B P1-6 某组指标全缺时该组整体隐藏，不留空态
2026-10-08T04:59:45.2660198Z PASS R116-B P1-6 后端把 22 项里的四项累计计数标成 Cumulative，均值不在前端算
2026-10-08T04:59:45.2661065Z PASS R116-B 对抗变异：augmentDescription 为空字符串时不渲染空描述
2026-10-08T04:59:45.2661952Z PASS R128 §2.3 推荐区没有常驻口径页脚，且 hasAugments 分支行为不变
2026-10-08T04:59:45.2662848Z PASS R116-B P0-3 海斗局 hasAugments=true 时写入按钮为空，经典局仍显示按钮
2026-10-08T04:59:45.2663657Z PASS R116-B P0-6 后端下发 stages 且单位与父行一致
2026-10-08T04:59:45.2664457Z PASS R116-B 前端阶段助手按 stage 号取行，缺失返回 null 而不是 0 值
2026-10-08T04:59:45.2665299Z PASS R116-B 评审整改 A1 记住的阶段号在新英雄上没有阶段行时退回汇总，不锁死成空态
2026-10-08T04:59:45.2666062Z PASS R116-B 评审整改 A1 换英雄后阶段筛选回到汇总（真实点击链路）
2026-10-08T04:59:45.2666882Z PASS R116-B 评审整改 A3 阶段行缺 deltaWinRate 时不渲染「较基准」，也不拿英雄级的值顶
2026-10-08T04:59:45.2667606Z PASS R150 阶段视图的六角徽章与阶段等级同口径，综合评分标明英雄级
2026-10-08T04:59:45.2668281Z PASS R116-B 评审整改 B4 阶段行没有官方档位时字母徽章整块隐藏
2026-10-08T04:59:45.2669324Z PASS R116-B 评审整改 B6 阶段基准是一格可见数字，装备排行的较基准带口径 tooltip
2026-10-08T04:59:45.2670168Z PASS R116-B 评审整改 A2 表现面板的「较平均」同样挡掉被舍入成 0 的小值
2026-10-08T04:59:45.2671215Z PASS R116-B 评审整改 D-债 renderLiveInsights 的 helper 已提到模块作用域，typeof 护栏已删
2026-10-08T04:59:45.2672358Z PASS appearance scale options exactly match the desktop steps and precede density
2026-10-08T04:59:45.2673563Z PASS scaling applies without the desktop bridge and follows the window size
2026-10-08T04:59:45.2675524Z PASS desktop preference wins on startup; changes persist and auto labels update the visible custom select
2026-10-08T04:59:45.2676816Z PASS a delayed get cannot undo a user selection made during startup
2026-10-08T04:59:45.2677961Z PASS R238 browser fixed preference resets once and subsequent fixed choices survive
2026-10-08T04:59:45.2679420Z PASS R238 shell auto overrides a stale fixed browser preference
2026-10-08T04:59:45.2854956Z PASS R209 removed eight active DOM cards reconcile slots once and admit new screen
2026-10-08T04:59:45.2890078Z PASS R209 collection lifecycle preserves unchanged cards then releases every rebuilt or hidden job
2026-10-08T04:59:45.2907040Z PASS R209 silent observer falls back for visible pending cards exactly after two seconds
2026-10-08T04:59:45.2939986Z PASS R209 duplicate enqueue cannot reserve the same queued task twice
2026-10-08T04:59:45.2953328Z PASS R209 stalled waiting diagnostics carry complete counts and are limited to one per thirty seconds
2026-10-08T04:59:45.2989821Z PASS R209 pending external cards use actual scroll root and hidden or offscreen cards never fall back
2026-10-08T04:59:45.3059777Z PASS R209 runtime transport bounds fields and excludes resource paths
2026-10-08T04:59:50.6711527Z PASS R230 three repeated champion/mastery round trips retain all career cards and scroll, including player overlay
2026-10-08T04:59:50.7730424Z PASS R86 ADD-4 retired synergy panel selector stays absent without removing shared card styles
2026-10-08T04:59:50.7829867Z PASS R69 career-column reentry preserves match width through the 1600 DIP band
2026-10-08T04:59:50.7839595Z PASS R15 performance, fingerprint, and shared build CSS contracts
2026-10-08T04:59:50.7889415Z PASS R15 mutation probes fail for every new guard
2026-10-08T04:59:50.7919453Z PASS champion intelligence is a first-level accessible workspace
2026-10-08T04:59:50.7972083Z PASS diagnostics panel exports the active structured log with concise guidance
2026-10-08T04:59:50.7973133Z PASS R39 diagnostic event whitelist mutation is caught
2026-10-08T04:59:50.7974158Z PASS exported diagnostic log filename is timestamped so repeat exports never collide
2026-10-08T04:59:50.7975236Z PASS renderer only calls the authenticated local champion API
2026-10-08T04:59:50.7976218Z PASS position-aware recommendation contracts kill documented mutations
2026-10-08T04:59:50.7977377Z PASS summoner spell card renders the first two real recommendations without placeholders
2026-10-08T04:59:50.7978799Z PASS ranked loadout side uses a balanced two-two-two height budget
2026-10-08T04:59:50.8005639Z PASS summoner spell recommendations do not add a low-sample badge
2026-10-08T04:59:50.8006670Z PASS ranked recommendation rows never dim low sample sizes
2026-10-08T04:59:50.8007645Z PASS backend pins Korean data and restricts remote image paths
2026-10-08T04:59:50.8008884Z PASS champion layouts keep responsive and reduced-motion fallbacks
2026-10-08T04:59:50.8010107Z PASS mayhem redesign keeps the two-column workspace, atlas, and R6 recommendations
2026-10-08T04:59:50.8011388Z PASS Mayhem recommendation and item ranking never request a guessed image URL
2026-10-08T04:59:50.8012502Z PASS Mayhem and Arena augment cards render the same card shell
2026-10-08T04:59:50.8013490Z PASS Mayhem augment cards carry the augment copy in the tooltip
2026-10-08T04:59:50.8014609Z PASS live recommendation panels do not render upstream provenance footers
2026-10-08T04:59:50.8015840Z PASS mayhem narrow layout moves the one champion list into an accessible dialog
2026-10-08T04:59:50.8017050Z PASS arena narrow layout moves the champion list into an accessible dialog
2026-10-08T04:59:50.8018337Z PASS mayhem CSS contract catches breakpoint and hidden-column mutations on a true copy
2026-10-08T04:59:50.8111554Z PASS R6 A B C contracts reject recommendation, spell, and item-route mutations on true copies
2026-10-08T04:59:50.8112939Z PASS R13 item column contract kills wrapping and equal-width mutations on a true copy
2026-10-08T04:59:50.8114168Z PASS R6 win rates, spell fallback, patch fallback, and subtitles are explicit
2026-10-08T04:59:50.8141817Z PASS R7 prism grades, compact arena overview, recoverable match details, and clean names are explicit
2026-10-08T04:59:50.8143228Z PASS R8 arena augment icons preserve semantic first-place tone without fabricated masks
2026-10-08T04:59:50.8144284Z PASS R8 augment assets render as ordinary artwork
2026-10-08T04:59:50.8145248Z PASS icon hotfix prefers Riot large artwork and carries a small fallback
2026-10-08T04:59:50.8146466Z PASS icon hotfix fallback handler switches to small artwork
2026-10-08T04:59:50.8147395Z PASS R8 rendered metric styles do not apply augment masks
2026-10-08T04:59:50.8148318Z PASS R8 mayhem item configuration hides win rate when requested
2026-10-08T04:59:50.8149888Z PASS R7 repeated disconnected status events preserve fallback item and augment catalogs
2026-10-08T04:59:50.8151139Z PASS disconnection drops Tencent player identity while preserving Korean tabs
2026-10-08T04:59:50.8152376Z PASS R7 contracts reject UI, parser, backend grade, and retry mutations on true copies
2026-10-08T04:59:50.8153495Z PASS mayhem atlas normalizes Riot rarity enums before filtering
2026-10-08T04:59:50.8154496Z PASS search keeps its caret and IME state when the workspace rerenders
2026-10-08T04:59:50.8155510Z PASS full Riot ID paste keeps the tag caret without selecting the tag
2026-10-08T04:59:50.8156573Z PASS champion detail uses complete build, matchup, and augment ranking layouts
2026-10-08T04:59:50.8157808Z PASS arena keeps the champion list on wide screens and renders the redesigned data workspace
2026-10-08T04:59:50.8183152Z PASS YOUR.GG champion grades preserve all six source letters in shared badges
2026-10-08T04:59:50.8184287Z PASS arena round 8 removals stay scoped to the arena workspace
2026-10-08T04:59:50.8185288Z PASS arena tolerates a missing catalog and hides unknown grades
2026-10-08T04:59:50.8186441Z PASS match history keeps arena summaries compact and arena details purpose-built
2026-10-08T04:59:50.8187645Z PASS arena match detail uses a validated Riot route and fail-closed hydration
2026-10-08T04:59:50.8200950Z PASS demo mode serves complete arena fixtures without stable account identifiers
2026-10-08T04:59:50.8202064Z PASS demo overview includes a match for every selectable game mode
2026-10-08T04:59:50.8203002Z PASS demo mode exposes a dedicated Hextech ARAM live session
2026-10-08T04:59:50.8203881Z PASS demo mode exposes a complete six-team Arena live session
2026-10-08T04:59:50.8204878Z PASS small overviews move career statistics into an accessible modal sheet
2026-10-08T04:59:50.8205966Z PASS rank history and ability comparison stay inside the shared career surface
2026-10-08T04:59:50.8207122Z PASS career ranked queue switches use one recent sample and ignore season scan state
2026-10-08T04:59:50.8208365Z PASS season progress refreshes the active overview without resetting queue choices or scroll
2026-10-08T04:59:50.8210069Z PASS live updates target explicit state slices and clear client state on disconnect
2026-10-08T04:59:50.8211278Z PASS structured data-source attempts are visible while cancellations stay silent
2026-10-08T04:59:50.8212372Z PASS historical rank increments refresh only the matching active overview
2026-10-08T04:59:50.8213486Z PASS summoner banner and recent ranked summary expose verified profile highlights
2026-10-08T04:59:50.8214635Z PASS ranked payload shape probes are one-shot and retain raw win-loss samples
2026-10-08T04:59:50.8215783Z PASS champion square icons crop out the baked-in vignette without eating the face
2026-10-08T04:59:50.8217048Z PASS mastery and peak rank columns share row tracks so their labels, names and values line up
2026-10-08T04:59:50.8218346Z PASS demo data routes champion icons through the same asset shape production actually serves
2026-10-08T04:59:50.8219967Z PASS ranked queue cards stay visible so empty-season copy follows the selected mode
2026-10-08T04:59:50.8221057Z PASS expanded sidebar stays compact without the old navigation subtitle
2026-10-08T04:59:50.8222209Z PASS match history surfaces SGP failures and uses an accessible custom mode menu
2026-10-08T04:59:50.8223772Z PASS player tabs use arrow scrolling, hide the native scrollbar, and deduplicate searches
2026-10-08T04:59:50.8225196Z PASS player tab avatars have no tooltip while overflowing names retain their own hint
2026-10-08T04:59:50.8226355Z PASS player overlays add durable tabs and non-self tabs can be reordered
2026-10-08T04:59:50.8227442Z PASS damage analysis sorts by a real metric and shows full colored values
2026-10-08T04:59:50.8228927Z PASS team analysis compares both sides across every requested metric
2026-10-08T04:59:50.8230027Z PASS team analysis exposes only metrics supported by each map and mode
2026-10-08T04:59:50.8231367Z PASS match tier hydration is asynchronous and isolated by stable region, server, player and container
2026-10-08T04:59:50.8232640Z PASS top search and player navigation preserve the selected Chinese server
2026-10-08T04:59:50.8233693Z PASS Chinese server merge guidance uses one scoped tooltip constant
2026-10-08T04:59:50.8253608Z PASS cross-server ranked data is an explicit unsupported state
2026-10-08T04:59:50.8254629Z PASS privacy UI separates explicit and opt-in automatic writes
2026-10-08T04:59:50.8255675Z PASS live recommendations render and select every returned option
2026-10-08T04:59:50.8256942Z PASS current champion endpoint keeps live recommendations usable without a roster identity
2026-10-08T04:59:50.8258142Z PASS champion and live recommendations share the persisted tier
2026-10-08T04:59:50.8259556Z PASS live recommendation requests recover from stale flights and empty payloads
2026-10-08T04:59:50.8260670Z PASS recommendation tabs reset only when the champion changes
2026-10-08T04:59:50.8261677Z PASS live game scoped state resets on a new game or champion select entry
2026-10-08T04:59:50.8262908Z PASS round 9 recommendation percentages preserve backend units and hide empty statistics
2026-10-08T04:59:50.8264131Z PASS live QQ101 depth rows preserve unavailable sample metadata
2026-10-08T04:59:50.8265227Z PASS live build item cards keep icon tooltips without visible item names
2026-10-08T04:59:50.8266442Z PASS round 9 match summaries show only placement while details align it beside scores
2026-10-08T04:59:50.8267516Z PASS R216 UI reads backend scores without recalculating
2026-10-08T04:59:50.8268845Z PASS round 9 augment rendering uses upstream images, descriptions, and all rarity tones
2026-10-08T04:59:50.8270238Z PASS R159 observed Hexdata icons render through the scoped image proxy in detail and match rows
2026-10-08T04:59:50.8271574Z PASS round 9 recommendation modes drive tabs, fallbacks, and ranked-only sources
2026-10-08T04:59:50.8272768Z PASS OPGG only uses the client fallback when no upstream positions exist
2026-10-08T04:59:50.8273908Z PASS live recommendations can temporarily use a champ-select pick intent
2026-10-08T04:59:50.8275287Z PASS live recommendation champion ids reject negative pick sentinels and use resolved live fallback
2026-10-08T04:59:50.8276515Z PASS random pick pending state has distinct empty-state copy
2026-10-08T04:59:50.8277548Z PASS rune application creates or recycles only Deep Legends pages
2026-10-08T04:59:50.8280405Z PASS friend navigation uses only session-scoped player references
2026-10-08T04:59:50.8281472Z PASS position filters use icons and transient search state is reset
2026-10-08T04:59:50.8282435Z PASS rune shards use crisp login-independent Data Dragon assets
2026-10-08T04:59:50.8283398Z PASS server-filtered flex switch makes one fresh first-page request
2026-10-08T04:59:50.8284470Z PASS client-filter fallback alone may automatically page until flex appears
2026-10-08T04:59:50.8285558Z PASS filtered empty state distinguishes active loading from idle history
2026-10-08T04:59:50.8286550Z PASS filtered empty state renders the pagination copy only once
2026-10-08T04:59:50.8287393Z PASS ranked matches omit unavailable local LP records
2026-10-08T04:59:50.8288180Z PASS perk stat mod slots are separated from rune styles
2026-10-08T04:59:50.8289874Z PASS perk catalogs supply icons while entertainment recommendations come from the current hero
2026-10-08T04:59:50.8291049Z PASS match statistic labels have an explicit faint tone in both themes
2026-10-08T04:59:50.8292140Z PASS tooltips use one viewport-aware portal instead of clipped pseudo elements
2026-10-08T04:59:50.8293152Z PASS tooltips use the layered hextech surface in every theme
2026-10-08T04:59:50.8294197Z PASS floating tooltip content is structured safely and shown only after placement
2026-10-08T04:59:50.8295635Z PASS round 9 section navigation restores each page scroll position after panel activation
2026-10-08T04:59:50.8296799Z PASS round 9 tooltip pointer suppression survives the click focus event
2026-10-08T04:59:50.8297869Z PASS round 9 friend refreshes and redundant static icon tooltips stay disabled
2026-10-08T04:59:50.8299102Z PASS player-name tooltips are gated by the actual ellipsized text
2026-10-08T04:59:50.8300202Z PASS champion detail tooltips include static numerical metadata and player aliases
2026-10-08T04:59:50.8301329Z PASS network preload excludes Hexdata and starts only ranked and arena work
2026-10-08T04:59:50.8302489Z PASS champion data survives section switches and re-entry renders instantly while fresh
2026-10-08T04:59:50.8303710Z PASS champion mode, searches, and tabs persist while transient detail state resets
2026-10-08T04:59:50.8304704Z PASS ranked detail always keeps matchup and top-player cards
2026-10-08T04:59:50.8305737Z PASS watch settings replace the legacy convenience controls and frontend writer
2026-10-08T04:59:50.8306848Z PASS disconnected collection, account, live and pool pages hide filters
2026-10-08T04:59:50.8307948Z PASS account page removes the duplicate title and sizes facts to unwrapped content
2026-10-08T04:59:50.8309420Z PASS optional themes keep a neutral background and accent-only primary
2026-10-08T04:59:50.8310577Z PASS mayhem atlas description comes from the guide paragraph, not the SEO blurb
2026-10-08T04:59:50.8311680Z PASS mayhem atlas columns share one height cap and scroll independently
2026-10-08T04:59:50.8312611Z PASS mayhem rarity panel disappears when the read fails
2026-10-08T04:59:50.8313581Z PASS augment metadata is looked up by ID without an icon-directory filter
2026-10-08T04:59:50.8314725Z PASS augment icons survive a client asset miss and never render as a solid tile
2026-10-08T04:59:50.8315913Z PASS arena augment descriptions drop runtime counters and render calculations
2026-10-08T04:59:50.8317096Z PASS mayhem augments without upstream copy do not promise the client has it
2026-10-08T04:59:50.8318174Z PASS specialist rune loading never blocks the outer OPGG rune panel
2026-10-08T04:59:50.8319518Z PASS live session shows the current position only when position capability exists
2026-10-08T04:59:50.8320719Z PASS live position choices sort by role share and derive missing shares from play
2026-10-08T04:59:50.8322016Z PASS live build recommendations use a wide core column and only the available depth columns
2026-10-08T04:59:50.8323338Z PASS live rune source tabs keep stable widths when the contextual note appears
2026-10-08T04:59:50.8324459Z PASS disabled controls use the not-allowed cursor throughout the web UI
2026-10-08T04:59:50.8325572Z PASS arena live build aligns prism and core cards with the three Arena metrics
2026-10-08T04:59:50.8326690Z PASS live core routes render at most five rows without an expansion control
2026-10-08T04:59:50.8328012Z PASS live recommendation option groups keep the upstream order and never re-sort by win rate
2026-10-08T04:59:50.8329590Z PASS mayhem opening sections follow actual data instead of the augment capability
2026-10-08T04:59:50.8331121Z PASS item set payload uses three core routes, removes cross-group duplicates, and follows recommendation position
2026-10-08T04:59:50.8332624Z PASS R176 classic core routes start at core items while retaining the starter summary
2026-10-08T04:59:50.8333791Z PASS R176 arena and hextech build routes remain free of starter dividers
2026-10-08T04:59:50.8335231Z PASS item set payload preserves recommendation trace and resolved position context
2026-10-08T04:59:50.8336502Z PASS item set drops an empty post-core block and reports applied group and item counts
2026-10-08T04:59:50.8337950Z PASS item set apply tooltip carries the in-game shop clipping workaround without repeating it in the toast
2026-10-08T04:59:50.8339632Z PASS item set apply failure records the same trace and item counts
2026-10-08T04:59:50.8341047Z PASS live mayhem item ranking renders the passed-through rows without a new request
2026-10-08T04:59:50.8342325Z PASS live Mayhem builds keep only core equipment beside a two-column ranking
2026-10-08T04:59:50.8343541Z PASS overview re-entry keeps its pages for the two minute freshness window
2026-10-08T04:59:50.8344765Z PASS R63 forced overview refresh merges its first page into already loaded pages
2026-10-08T04:59:50.8345782Z PASS R63 match-tier scope ignores transient tab keys
2026-10-08T04:59:50.8346829Z PASS R61 append uses an independent controller and queues timed revalidation
2026-10-08T04:59:50.8347911Z PASS R61 partial and budget-limited pagination stays resumable
2026-10-08T04:59:50.8349248Z PASS desktop packaging has a static embedded Riot ciphertext gate
2026-10-08T04:59:50.8350393Z PASS champion detail keeps conditional fourth/fifth items out of core routes
2026-10-08T04:59:50.8351604Z PASS mayhem champion detail uses the same five-row core recommendation limit
2026-10-08T04:59:50.8352721Z PASS hero detail rune workspace renders only the active rune board
2026-10-08T04:59:50.8353801Z PASS champion list rerenders preserve the inner table scroll position
2026-10-08T04:59:50.8354883Z PASS ranked, arena, and mayhem champion rows all expose selected state
2026-10-08T04:59:50.8356058Z PASS R148 Mayhem ranking win rate and detail sample render from insights row
2026-10-08T04:59:50.8357338Z PASS match loadout follows the OPGG mode matrix instead of trusting stray augment data
2026-10-08T04:59:50.8358930Z PASS match filters keep ordinary, qualifier, and classic Hextech ARAM mutually exclusive
2026-10-08T04:59:50.8360120Z PASS remade matches use a neutral result instead of win or loss
2026-10-08T04:59:50.8361348Z PASS live rune matchups occupy the champion strip right side without wrapping their facts
2026-10-08T04:59:50.8362475Z PASS live match statistics keep fixed geometry across modes
2026-10-08T04:59:50.8363417Z PASS live matchup rows use equal-width three-column grids
2026-10-08T04:59:50.8364571Z PASS live recommendation capability flags hide unsupported matchup and ban-rate blocks
2026-10-08T04:59:50.8365903Z PASS live skill plan distinguishes primary, secondary, final, and ultimate controls
2026-10-08T04:59:50.8367081Z PASS live skill plan keeps four distinct controls on narrow screens
2026-10-08T04:59:50.8368221Z PASS live augments group before limiting, retaining the top three of each rarity
2026-10-08T04:59:50.8369575Z PASS arena detail augments use the shared three-column option grid
2026-10-08T04:59:50.8370454Z PASS arena synergy cards show one readable paired champion label
2026-10-08T04:59:50.8371502Z PASS live rune choices use the keystone title and make the whole card selectable
2026-10-08T04:59:50.8372592Z PASS specialist matchups place the colored result dot beside the opponent
2026-10-08T04:59:50.8373708Z PASS specialist second game selection redraws and applies that game's exact runes
2026-10-08T04:59:50.8374950Z PASS specialist opponent lives in the selectable head and the rune content is single-column
2026-10-08T04:59:50.8376039Z PASS live rune style icons preserve their 4:5 artwork ratio
2026-10-08T04:59:50.8377062Z PASS arena medium cards keep one-line identities and compact recommendation icons
2026-10-08T04:59:50.8378133Z PASS mayhem and arena hero strips match the ranked artwork treatment
2026-10-08T04:59:50.8379385Z PASS build rows keep a fixed 42px icon size and wrap whole depth groups
2026-10-08T04:59:50.8380269Z PASS session summary uses a generic auto refresh status
2026-10-08T04:59:50.8381347Z PASS live page defaults to a 3 second refresh and resets recommendations to runes on re-entry
2026-10-08T04:59:50.8382796Z PASS live beacon reacts to active phase changes and has a one second fallback
2026-10-08T04:59:50.8383687Z PASS R46 live refresh delays follow the game phase
2026-10-08T04:59:50.8384541Z PASS R46 TFT live sessions render one explicit unsupported state
2026-10-08T04:59:50.8385576Z PASS R47 Arena live insights use one honest roster with phase-specific context
2026-10-08T04:59:50.8386962Z PASS R58 Arena live playerlist groups six teams and malformed shapes fall back to one roster
2026-10-08T04:59:50.8388340Z PASS R49 Arena player cards use the current champion fallback, hide lane copy, and put self first
2026-10-08T04:59:50.8389797Z PASS R66 live premade hints cluster players and render a rich, fail-closed tag
2026-10-08T04:59:50.8390808Z PASS R66 premade backend guards reject cache and inference mutations
2026-10-08T04:59:50.8391843Z PASS Arena random champion IDs use the official unselected champion icon
2026-10-08T04:59:50.8392991Z PASS R56 recommendation loading is centered by its overlay without viewport overflow
2026-10-08T04:59:50.8394228Z PASS R56 missing recommendation metrics remove the whole metric item and empty wrappers
2026-10-08T04:59:50.8395471Z PASS player header retains region and uses friend presence without CN spectator probes
2026-10-08T04:59:50.8396696Z PASS R46 restores only a persisted champion ID and clears unavailable selections
2026-10-08T04:59:50.8397762Z PASS R61 champion re-entry renders persisted detail on the first frame
2026-10-08T04:59:50.8399153Z PASS R61 stale rankings re-entry runs loadWorkspace(true) without flashing the list
2026-10-08T04:59:50.8400263Z PASS R61 detail cache survives leaving and prevents a second detail request
2026-10-08T04:59:50.8401315Z PASS same champion route click overrides the previous detail position
2026-10-08T04:59:50.8402461Z PASS item route limit follows the active bottom or adc detail before the selected row
2026-10-08T04:59:50.8403616Z PASS R61 detail tier persists and keeps the refreshed rankings cache fresh
2026-10-08T04:59:50.8404804Z PASS R70 section event runs after synchronous panel activation without snapshot delay
2026-10-08T04:59:50.8406010Z PASS R47 ranked detail recovers to the list when champion metadata is unavailable
2026-10-08T04:59:50.8407186Z PASS champion detail core routes hide pick rate and retain win rate with games
2026-10-08T04:59:50.8408166Z PASS R63 keeps the OP.GG source only in the build header
2026-10-08T04:59:50.8409348Z PASS QQ101 item depths disclose unavailable samples and flag extreme rates
2026-10-08T04:59:50.8410419Z PASS R189 nonblank fallback loot remains visible without a pending hint
2026-10-08T04:59:50.8411616Z PASS 0924 blank LCU loot record: hinted while retries run, plain and typeless once settled
2026-10-08T04:59:50.8412883Z PASS 0924 the account page does not show the blank LCU placeholder record or its notice
2026-10-08T04:59:50.8413994Z PASS 0912 named ward, icon and legacy loot render their resolved names
2026-10-08T04:59:50.8415131Z PASS R61 account renderer directly retains unnamed loot and kills the old filter
2026-10-08T04:59:50.8416293Z PASS R61 every mandatory contract rejects its documented production mutation
2026-10-08T04:59:50.8417401Z PASS R63 mandatory contracts reject every documented production regression
2026-10-08T04:59:50.8418816Z PASS live rune secondary style row stays aligned beneath the primary keystone row
2026-10-08T04:59:50.8420073Z PASS R16 build, rune, skill, and Korean overview guards preserve the corrected contracts
2026-10-08T04:59:50.8421258Z PASS R16 addendum guards reject every documented regression on true copies
2026-10-08T04:59:50.8422537Z PASS R45 contracts cover desktop Arena geometry, build layout, and cell identity wiring
2026-10-08T04:59:50.8423699Z PASS R45 mutation probes reject every documented A, B, and C regression
2026-10-08T04:59:50.8424860Z PASS R46 contracts cover cache eviction, parsing, beacon, refresh, and TFT handling
2026-10-08T04:59:50.8425890Z PASS R46 mutation probes reject all six required regressions
2026-10-08T04:59:50.8427192Z PASS R47 contracts cover Arena champ-select filtering and the single-roster layout
2026-10-08T04:59:50.8428354Z PASS R47 A-group mutation probes reject mode and single-roster regressions
2026-10-08T04:59:50.8429744Z PASS R49 all seven required mutation probes fail on true copied files
2026-10-08T04:59:50.8430929Z PASS R47 addendum scopes recommendation breakpoints to its inline-size container
2026-10-08T04:59:50.8432316Z PASS R47 addendum mutation probes reject media-query regressions
2026-10-08T04:59:50.8433335Z PASS R45 item-set branding uses DL in demo and LCU metadata
2026-10-08T04:59:50.8434503Z PASS R71 item-set action uses game recommendations without verbose manual-cleanup notes
2026-10-08T04:59:50.8435787Z PASS R58 mutation probes reject stale-roster and Arena fallback regressions
2026-10-08T04:59:50.8436877Z PASS the duplicated 30-day ranked card is gone from every layer
2026-10-08T04:59:50.8437848Z PASS ranked queue switchers drop the redundant text label
2026-10-08T04:59:50.8439203Z PASS specialist rune client skips are observable and stale cooldowns recover
2026-10-08T04:59:50.8440524Z PASS specialist upstream failures remain retryable and are never cached as empty samples
2026-10-08T04:59:50.8441794Z PASS specialist retryable outcomes have accurate copy and a retry control
2026-10-08T04:59:50.8442990Z PASS queues without top-player data keep an explicit specialist empty state
2026-10-08T04:59:50.8444267Z PASS collection status wording is timeless and promotion chests use dedicated artwork
2026-10-08T04:59:50.8445579Z PASS returning to a section restores its scroll position past the loading skeleton
2026-10-08T04:59:50.8446940Z PASS captured Arena equipment matches YOUR.GG preview order and expands to every source item
2026-10-08T04:59:50.8448333Z PASS Arena equipment sorting retains low samples, missing metadata and ungraded items
2026-10-08T04:59:50.8449992Z PASS R86 champion index preserves numeric/first-match/key semantics and invalidates catalogs
2026-10-08T04:59:50.8451447Z PASS R117 mayhem augment spinner resets even when the view changed mid-flight
2026-10-08T04:59:50.8452792Z PASS R117 champions api() surfaces RequestCancelled instead of flattening it into a timeout
2026-10-08T04:59:50.8454176Z PASS R117 champions api() keeps RequestCancelled when a successful fetch is superseded
2026-10-08T04:59:50.8455464Z PASS R148 changing Mayhem heroes resets the detail tab and its saved setting
2026-10-08T04:59:50.8456867Z PASS R116-F P1 概览 tab 渲染该英雄专属的四阶段品质概率，数值与真实分布一致
2026-10-08T04:59:50.8457790Z PASS R116-F P1 分布缺失/为空/非法时整块隐藏，不留空壳也不显示 0.00%
2026-10-08T04:59:50.8459049Z PASS R116-F P1 只渲染合法阶段，缺组的阶段不冒充 0
2026-10-08T04:59:50.8459869Z PASS R116-F P1 保留全服口径面板：英雄面板不替换它、不复用它的类名、不多发请求
2026-10-08T04:59:50.8460557Z PASS R116-F P1 英雄面板随 tab 局部替换进出
2026-10-08T04:59:50.8461267Z PASS R128 §2.3-B 慎选陈述不再渲染，海克斯推荐卡下方没有方法论说明
2026-10-08T04:59:50.8461941Z PASS R128 §2.4 海克斯推荐标题行右侧不再有「N 个」计数
2026-10-08T04:59:50.8462638Z PASS R128 §2.4 概览顺序为海克斯推荐 → 开局配置 → 该英雄专属品质概率
2026-10-08T04:59:50.8463737Z PASS R116-F P2 判据仍在后端：caution 与中位数由后端下发（前端不再渲染陈述）
2026-10-08T04:59:50.8464501Z PASS R128 详情页样式走既有变量，不引入 hex 字面值，废弃样式已清除
2026-10-08T04:59:51.8990013Z PASS flow render diagnostics follow displayed data and explain skipped mounts
2026-10-08T04:59:51.9019607Z PASS flow loader logs invalid response without inventing an idle state
2026-10-08T04:59:51.9151456Z PASS 2351 failed current game probe does not render a misleading status row
2026-10-08T04:59:51.9173326Z PASS manual roster retry reaches the backend and diagnostics without exporting identity
2026-10-08T04:59:51.9239560Z PASS 2326 manual and automatic current-game failures retain their own trigger
2026-10-08T04:59:51.9285965Z PASS R68 specialist request uses OPGG-resolved position unless the user overrides it
2026-10-08T04:59:51.9299549Z PASS R68 live insight labels are relative to the current player's absolute team
2026-10-08T04:59:51.9319686Z PASS live insight sorts both teams by known positions while retaining duplicate order
2026-10-08T04:59:51.9345192Z PASS live insight keeps current-player highlight after position ordering
2026-10-08T04:59:51.9384898Z PASS R68 rendered-roster diagnostic carries queueId and absolute counts
2026-10-08T04:59:51.9414496Z PASS R68 gameplay mutation probes execute real position and team logic
2026-10-08T04:59:51.9499930Z PASS R69 premade tags distinguish direct session groups from inferred groups
2026-10-08T04:59:51.9535126Z PASS R69 history rows distinguish unavailable failed empty and pending states
2026-10-08T04:59:51.9539369Z PASS live detail shows at most ten newest recent games
2026-10-08T04:59:51.9629807Z PASS R69 current-position chip preserves client position and discloses specialist fallback
2026-10-08T04:59:51.9669769Z PASS R71 ranked recent-position samples stay inside the player card, without an extra grid row
2026-10-08T04:59:51.9719566Z PASS R72 role badges use explicit lane names, deduplicate and hide unknown or empty samples
2026-10-08T04:59:51.9776934Z PASS R73 demo ranked players expose recent-position samples used by role badges
2026-10-08T04:59:51.9809716Z PASS R73 classic ranked details stay side-by-side at medium widths and safely stack only when narrow
2026-10-08T04:59:51.9839545Z PASS OPGG season query is tab-scoped, single-flight and never reloads Riot history
2026-10-08T04:59:51.9881390Z PASS OPGG late response cannot overwrite another account and failure has no crawl fallback
2026-10-08T04:59:51.9905997Z PASS OPGG career rendering uses full season total and only the matching KR tab
2026-10-08T04:59:51.9907530Z PASS current-game queries are single-flight, account scoped, and reject late identity changes
2026-10-08T04:59:51.9909301Z PASS R75 pro target is independent of specialist rankings and rejects non-SR modes
2026-10-08T04:59:51.9910841Z PASS R75 pro rows use shared game renderer, neutral unknown, real event and sample threshold
2026-10-08T04:59:51.9912373Z PASS R171 spell pairs stay with their own rune source and require two verified IDs
2026-10-08T04:59:51.9913899Z PASS R171 apply optionally writes the selected source's spells and reports partial success
2026-10-08T04:59:51.9915376Z PASS R171 rune card shows OPGG spells once and only complete specialist rows
2026-10-08T04:59:51.9916703Z PASS R75 incomplete pro disables actual action markup and refuses POST
2026-10-08T04:59:51.9918274Z PASS R75 async pro retains marked cache on failure and prevents old generation overwrite
2026-10-08T04:59:51.9919949Z PASS R76 pro degradation uses game failure ratio, not a nonempty reason
2026-10-08T04:59:51.9921473Z PASS pro tabs keep every player and display latest five games per player without relative dates
2026-10-08T04:59:51.9923013Z PASS rune source order is OPGG, professional, specialist with no specialist subtitle
2026-10-08T04:59:51.9924651Z PASS professional request follows the displayed position and explicit selection wins over fallback
2026-10-08T04:59:51.9926246Z PASS unknown pro outcomes are not presented as a zero-game performance record
2026-10-08T04:59:51.9927787Z PASS cached overview re-enters independent season and current-game loaders without requesting history
2026-10-08T04:59:51.9930545Z PASS live specialist overview uses full identity without merging tags or enabling tournament names
2026-10-08T04:59:51.9938020Z PASS TheShy Camille official eight-perk response shows known shards without inventing slots
2026-10-08T04:59:51.9939772Z PASS KR unavailable season never renders recent20 as champion season statistics
2026-10-08T04:59:51.9941478Z PASS resolved repeated pro shards render in both legal rows, not in the bottom strip
2026-10-08T04:59:51.9942810Z PASS R167 lane card renders only a locked enemy in the current player's lane
2026-10-08T04:59:51.9944174Z PASS R167 lane card tells a same-lane teammate apart from the real enemy when isAlly is falsy for both
2026-10-08T04:59:51.9945580Z PASS R167 candidate request uses the enemy champion, current lane and tier, once per mapping
2026-10-08T04:59:51.9982371Z PASS R168 candidate failure and skipped context emit distinguishable diagnostics
2026-10-08T04:59:51.9984337Z PASS R117 rank win-rate degradation is disclosed on screen, not only set on the backend
2026-10-08T04:59:51.9985940Z PASS R173 rune equipment places opening items, divider and seven final slots in exact order
2026-10-08T04:59:51.9987454Z PASS R173 absent opening items retains byte-identical final equipment markup
2026-10-08T04:59:51.9989134Z PASS R173 delayed equipment patch preserves row identity, order and selected state
2026-10-08T04:59:51.9990722Z PASS R173 second stage loads only visible rows and leaves rune list available while pending
2026-10-08T04:59:51.9992269Z PASS R173 optional failure and previous game response leave current equipment unchanged
2026-10-08T04:59:51.9993811Z PASS R173 a refreshed pro list retains completed opening items without affecting source order
2026-10-08T04:59:51.9995293Z PASS R174 equipment then spells are direct children and spells contain only two icons
2026-10-08T04:59:51.9996753Z PASS R174 opening inventory and divider precede final inventory and rightmost spells
2026-10-08T04:59:51.9998201Z PASS R174 invalid or absent spell pair retains byte-identical equipment markup
2026-10-08T04:59:52.0090460Z PASS R174 spells without final inventory render one right-aligned container without labels or empty group
2026-10-08T04:59:52.0107662Z PASS R174 full specialist and pro templates have no standalone spell row
2026-10-08T04:59:52.0109606Z PASS R174 async opening inventory replacement preserves rightmost spell pair and selected rows
2026-10-08T04:59:52.0111190Z PASS R174 standalone spell renderer remains byte-identical; R179 inventory keeps a fixed height
2026-10-08T04:59:52.0112587Z PASS R177 starter rate hint retries at eight seconds twice and keeps one flight
2026-10-08T04:59:52.0113954Z PASS R177 starter waiting retry rejects a new generation source target or invisible page
2026-10-08T04:59:52.0115379Z PASS R177 starter no quota hint or network failure never schedules a retry
2026-10-08T04:59:52.0116725Z PASS R177 starter retry success patches opening items and retains rightmost R174 spells
2026-10-08T04:59:52.0118142Z PASS R177 unique unknown enemy lane produces a card and caches champion tier shares
2026-10-08T04:59:52.0119789Z PASS R177 competing lane shares require half and double advantage or remain ambiguous
2026-10-08T04:59:52.0121230Z PASS R177 known enemy position wins over conflicting cached inference without lane requests
2026-10-08T04:59:52.0122649Z PASS R177 missing competitor shares or failed provider cannot invent an enemy lane
2026-10-08T04:59:52.0124014Z PASS R177 unavailable diagnostics follow shape changes and cap at twenty per game
2026-10-08T04:59:52.0125346Z PASS R177 a pending timed retry stays single flight and a source switch cancels it
2026-10-08T04:59:52.0126803Z PASS R177 partial starter patches do not create a fresh retry budget for remaining rows
2026-10-08T04:59:52.0128165Z PASS R202 current mode ten games render the true count and ten history blocks
2026-10-08T04:59:53.1280039Z PASS R196 8 ETA formats seconds minutes hours and source selection
2026-10-08T04:59:53.1339604Z PASS R196 9 background button keeps download busy and reopen progress
2026-10-08T04:59:53.1399751Z PASS R196 10 ready completion card only while dialog closed and startup recovery
2026-10-08T04:59:53.1459603Z PASS R196 11 later makes no API and top button opens ready without download
2026-10-08T04:59:53.1548984Z PASS R196 12 completion apply checks live phase before upgrading
2026-10-08T04:59:53.1550582Z PASS R196 13 repeated ready never reannounces same version
2026-10-08T04:59:53.1592095Z PASS R196 14 thin icon and outlined ready retain red dot
2026-10-08T04:59:54.8309620Z PASS R105 all 53 reviewed accounts remain available after expanding unranked groups
2026-10-08T04:59:55.1270317Z PASS R130 P1 前提：移除 src 不触发任何 load/error 事件
2026-10-08T04:59:55.1340159Z PASS R130 P1-A 8 张永不返回的图放弃后名额归零，后续正常图全部加载
2026-10-08T04:59:55.1368302Z PASS R130 P1-A 挂起的第一个候选放弃后必须继续试下一个候选地址
2026-10-08T04:59:55.1430003Z PASS R130 P1-A 变异：两道防线都关掉时名额永久泄漏（场景必须能测到修复）
2026-10-08T04:59:55.1450928Z PASS R130 P1-A 变异：只留看门狗（第二层不补发 error）仍然不泄漏
2026-10-08T04:59:55.1469120Z PASS R130 P1-A 变异：只留合成 error（关掉看门狗）仍然不泄漏
2026-10-08T04:59:55.1470095Z PASS R130 P1-B 跳到列表底部后屏幕上的卡片必须在 2 秒内开始加载
2026-10-08T04:59:55.1470936Z PASS R130 P1-B 变异：去掉 eager 设置后屏幕上的卡片永远排不到
2026-10-08T04:59:55.1471843Z PASS R130 P1-B 已排队但未拿到名额的任务离开预取范围会被撤回
2026-10-08T04:59:55.1472900Z PASS R130 P1-C pointerleave 之后视频 src 被移除，且全局只有 1 个视频在播放
2026-10-08T04:59:55.1474004Z PASS R130 P1-C 生产源码绑定了 pointerleave/blur，且开始下一个前先停上一个
2026-10-08T04:59:55.1474966Z PASS R130 P1-D 取消奖池网格后 activeCardImages 只统计皮肤列表的任务
2026-10-08T04:59:55.1475922Z PASS R130 P1-D 切换收藏子页与一级页签时都取消奖池网格
2026-10-08T04:59:55.1477098Z PASS R130 P1-6 看门狗上报 card_image_stalled，每 10 秒最多一条且不带路径
2026-10-08T04:59:55.1479424Z PASS R130 P1-6 card_image_stalled 打通前端白名单与后端白名单
2026-10-08T04:59:55.1496848Z PASS R141 旗帜列宽明显放大且保持两种窗口下 3–4 列，名称在图片下方
2026-10-08T04:59:55.1497964Z PASS R130 P2 旗帜比例取自第一张图片的真实尺寸，铺满格子后上下留白 ≤ 5%
2026-10-08T04:59:55.1529556Z PASS R130 P3 头像/旗帜/炫彩去掉右上角状态标签，皮肤卡的奖池标签保留
2026-10-08T04:59:55.1559470Z PASS R130 P4 头像/旗帜页去掉三格统计条，只留摘要行
2026-10-08T04:59:55.1569678Z PASS R130 P5 摘要行去掉「已显示」，数字走主题色且不经过 innerHTML
2026-10-08T04:59:55.1570800Z PASS R130 P5-4 拥有状态从不可用恢复后，头像开关回到用户原来的设置
2026-10-08T04:59:55.1571813Z PASS R138/R140 头像与旗帜详情都按原图 2 倍显示并分别封顶
2026-10-08T04:59:55.1572897Z PASS R130 P6 弹窗改紧凑布局、加载前 128×128 占位，皮肤/炫彩弹窗不动
2026-10-08T04:59:55.1574022Z PASS R130 P1-A 取消/重建之后看门狗不得复活已取消的卡片
2026-10-08T04:59:55.1575017Z PASS R130 P1-A 看门狗只统计卡片任务，详情弹窗不得污染 stall 上报
2026-10-08T04:59:55.1576176Z PASS R130 P1-A 变异：看门狗先推进时，第二层迟到的合成 error 不得再推进一次
2026-10-08T04:59:55.1577201Z PASS R130 P1-A 看门狗必须晚于第二层的最坏放弃时间
2026-10-08T04:59:55.1578157Z PASS R130 评审补漏：弹窗、悬停视频、来源分类与旗帜取样的边界
2026-10-08T04:59:55.4347423Z PASS R179 enemy placeholder is champ-select only and keeps R193 live hidden identity display
2026-10-08T04:59:55.4374449Z PASS R179 specialist key survives four skill changes and phase; concurrent entries send one request
2026-10-08T04:59:55.4399798Z PASS R179 specialist refresh retains starter items and cached response renders equipment immediately
2026-10-08T04:59:55.4402026Z PASS R179 three minute roster polling preserves nine rows/images and skill changes retain rune DOM
2026-10-08T04:59:55.4424368Z PASS R179 refresh button changes only for manual loads
2026-10-08T04:59:55.4461930Z PASS R179 runtime transport admits bounded rebuild counts and lane fields, dropping private fields
2026-10-08T04:59:55.4463387Z PASS R179 lane diagnostic direct sender preserves nonzero availability fields
2026-10-08T04:59:55.4465002Z PASS R179 repeated partial panel bindings dispatch each action exactly once
2026-10-08T04:59:55.4466532Z PASS R179 changing roster structure replaces rows and reports same-source recreated images honestly
2026-10-08T04:59:55.4468149Z PASS R179 actual specialist equipment DOM stays identical through skills and entering the game
2026-10-08T04:59:55.6430260Z PASS R224 18-player Arena dedup and squad-first across every sort with stable refresh
2026-10-08T04:59:55.6509974Z PASS R224 notice, tabs, loading attributes and panel count update without remounting images/rows
2026-10-08T04:59:55.6569968Z PASS R224 roster insert/delete/reorder keeps existing row and image identity, duplicate keys only first
2026-10-08T04:59:55.6629855Z PASS R224 all identity containers use one gap including compact widths and remove badge margins
2026-10-08T04:59:55.6670696Z PASS R224 runtime forwards safe counts, true source and structural shell label only
2026-10-08T04:59:56.2630283Z PASS R210 Riot Key is the third row with help, an embedded reveal button and shared field styles
2026-10-08T04:59:56.7260117Z PASS R210 real settings events toggle visibility and save an empty masked field without echo
2026-10-08T04:59:56.7319865Z PASS R210 log replay clears ten ended players immediately in Lobby and rejects old None roster
2026-10-08T04:59:56.7330026Z PASS R210 phase exit fences an in-flight EndOfGame response and subsequent stale end snapshot
2026-10-08T04:59:56.8700241Z PASS R127 永不返回的远程符文图标不会饿死本机英雄/技能/装备图标
2026-10-08T04:59:56.9770219Z PASS R127 对抗变异：去掉分道后同一场景必须饿死本地图
2026-10-08T04:59:57.0400076Z PASS R127 图片失败上报排队时长、加载时长、慢图数量与来源
2026-10-08T04:59:57.0577510Z PASS R127 本机图超时上报 timeout，来源记为 lcu
2026-10-08T04:59:57.0832913Z PASS R127 图片诊断字段能穿过 runtime.js 传输白名单
2026-10-08T04:59:57.1083408Z PASS R127 国服平均段位两批并行发出，第一批返回就回填对应场次
2026-10-08T04:59:57.1230523Z PASS R127 对抗变异：把并行批次改回串行后第二批不再同时在途
2026-10-08T04:59:57.3190001Z PASS R127 韩服同屏对局合并成一次请求，并区分「来源暂未收录」
2026-10-08T04:59:57.3249692Z PASS R127 一批失败不连累另一批：成功批照常回填，失败批留白等重试
2026-10-08T04:59:58.5480433Z PASS 2135 actual search buttons clear submitted fields, keep invalid input, and retain new typing
2026-10-08T04:59:58.5508383Z PASS 2135 glyph tone map preserves dark rim, raises highlights, and retains original colored artwork
2026-10-08T04:59:58.7737852Z PASS R204 Key input is masked and save/clear immediately update status without echo
2026-10-08T04:59:58.7848160Z PASS R204 dialog-restored pointer focus hides tooltip while keyboard and hover show it
2026-10-08T04:59:58.7849636Z PASS R204 update icon and close controls use shared sizes
2026-10-08T04:59:58.7899931Z PASS R204 incremental roster rejects old requests/games/phases and shows a ready player before others
2026-10-08T04:59:58.7957071Z PASS R204 missing/invalid Key renders only its title and working settings navigation
2026-10-08T04:59:58.7990130Z PASS R204 same-game background progress waits for the complete response
2026-10-08T04:59:58.8059750Z PASS R204 first-load progress never reuses history from another game, queue or identity
2026-10-08T04:59:58.9119617Z PASS R213 same-game skeleton and ready-row snapshots leave ranks, premades, private history and markup intact
2026-10-08T04:59:58.9121420Z PASS R213 first load and awaiting/new-queue transitions continue applying per-player progress
2026-10-08T04:59:58.9130033Z PASS R213 rejects stale request, game and phase before the same-game shortcut
2026-10-08T04:59:58.9159767Z PASS R224 tab and panel membership updates preserve original loaded and queued image objects
2026-10-08T04:59:58.9170496Z PASS R224 banners update independently; broken lane shell and other structure remain diagnosable
2026-10-08T04:59:58.9259955Z PASS R213 progress counters aggregate for 60 seconds and clear their timer on flush
2026-10-08T04:59:58.9286722Z PASS R213 runtime admits bounded progress/rebuild counters and excludes identities
2026-10-08T04:59:58.9288224Z PASS R215 control without full rebuild rank change replaces only one loaded roster row
2026-10-08T04:59:58.9290250Z PASS R215 after full rebuild rank change replaces only one loaded roster row
2026-10-08T04:59:58.9291712Z PASS R215 unchanged rune row survives a later panel change after its loaded image was moved
2026-10-08T04:59:58.9293069Z PASS R215 lane slot stamps fresh row markup before moving loaded image nodes
2026-10-08T04:59:59.0185621Z PASS R219 fresh state without installations renders status, scans once and shows both login entries
2026-10-08T04:59:59.9130066Z PASS R219 failed and empty installation scans both offer rescan with distinct messages
2026-10-08T04:59:59.9189499Z PASS R235 no-process hides only after five continuous seconds
2026-10-08T04:59:59.9279815Z PASS R219 checking and detected-process overlays have truthful copy and late client starts can reopen
2026-10-08T04:59:59.9309637Z PASS R219 timeout and suppressed hides retain their fixed reasons and bounded fallback
2026-10-08T05:00:00.0630543Z PASS R219 launchpad render exceptions are reported without blocking installation requests or blaming status transport
2026-10-08T05:00:00.1542312Z PASS R219 runtime permits only fixed render metadata and overlay hide reasons
2026-10-08T05:00:00.1569654Z PASS R235 a 30-second startup remains covered and only the 120-second hard timer hides it
2026-10-08T05:00:00.8631025Z PASS R154 switching to an unloaded view clears the old cards before fetch resolves
2026-10-08T05:00:01.2290148Z PASS R154 filters and sorting preserve already loaded card and image nodes
2026-10-08T05:00:01.2319711Z PASS R154 open circuit and ordinary timeout show different detail errors
2026-10-08T05:00:01.6410433Z PASS R168 gameflow invalidates champ select while away and returning fetches current runtime
2026-10-08T05:00:01.6459768Z PASS R168 active champ select refreshes once for one gameflow change
2026-10-08T05:00:01.6469719Z PASS career manual reread resets stale preview even when server payload is unchanged
2026-10-08T05:00:01.6519790Z PASS global reread joins the active career refresh and does not refresh hidden tools
2026-10-08T05:00:01.6521143Z PASS career SSE updates a clean background while preserving edited chat fields
2026-10-08T05:00:01.6522227Z PASS career filtering never silently selects another background
2026-10-08T05:00:01.6523361Z PASS career apply invalidates an older GET and reports unconfirmed writes honestly
2026-10-08T05:00:01.6524790Z PASS career missing catalog never substitutes another champion and new undated MF skin stays first
2026-10-08T05:00:01.6526084Z PASS 1405 rail drag swaps exactly two champions and persists the active pool
2026-10-08T05:00:01.6527249Z PASS 1405 invalid, canceled and stale rail drags never change or save settings
2026-10-08T05:00:01.8680116Z PASS 1405 time unit is inside the field and immutable while seconds remain editable
2026-10-08T05:00:01.8740288Z PASS manual takeover stays visible beneath the relinquished champion
2026-10-08T05:00:02.0691575Z PASS pick show-then-lock edits a separate default ten-second lock wait
2026-10-08T05:00:02.0749853Z PASS 1505 timeline resolves champion names without changing delays, attempts or diagnostic IDs
2026-10-08T05:00:02.0809820Z PASS R200 card timeline uses the existing champion token formatter
2026-10-08T05:00:02.0869296Z PASS 1505 timeline escapes catalog names and preserves reverse chronological order
2026-10-08T05:00:02.0876380Z PASS 1129 ranked ban has five shared slots while picks keep lane-specific pools
2026-10-08T05:00:02.1070272Z PASS 1129 ban dialog saves and clears only shared pool without dropping migration backup
2026-10-08T05:00:02.1099839Z PASS 0911 preselection follows auto-pick without an extra toggle and distinguishes planning
2026-10-08T05:00:02.1109855Z PASS 2351 custom pause retains enabled highlighting and never reports master off
2026-10-08T05:00:02.1139593Z PASS 2351 teammate picks and empty client ban list have distinct explanations
2026-10-08T05:00:02.4420100Z PASS 1412 settings saves serialize and stale GET never undoes a ban toggle
2026-10-08T05:00:02.4439568Z PASS 1412 enabled master keeps cards bright without hover
2026-10-08T05:00:02.4441111Z PASS 2143 capabilities only show supported highlighted tags and avoidance is unified
2026-10-08T05:00:02.4469695Z PASS R74 missing skin catalog preserves the actual background ID, not an unset claim
2026-10-08T05:00:02.4529483Z PASS R74 missing career catalog renders a retry state across the grid
2026-10-08T05:00:02.4559801Z PASS R74 successful career mutations render their response, including a missing catalog
2026-10-08T05:00:02.4770022Z PASS fixed play-again delay shows only the wait time without a progress meter
2026-10-08T05:00:02.4809713Z PASS R68 matchmaking conflict note appears only when both rules are enabled
2026-10-08T05:00:02.4829765Z PASS claim scan artifacts and failures stay out of the default reward list
2026-10-08T05:00:02.4859706Z PASS independent grants stay independent even when their item type and display group match
2026-10-08T05:00:02.4860802Z PASS R68 canceled watch event clears the armed countdown state
2026-10-08T05:00:02.4861696Z PASS R68 suite mutation probes execute the real helper logic
2026-10-08T05:00:02.4862761Z PASS R69 facade load diagnostics distinguish poll, SSE, and manual retries
2026-10-08T05:00:02.4863978Z PASS career skins retain dates and quest tiers without sinking new undated skins
2026-10-08T05:00:02.4865110Z PASS Ashe verified 2026 release precedes Spirit Blossom and base skin
2026-10-08T05:00:02.4866225Z PASS suite champselect tab after maintenance activates the real panel
2026-10-08T05:00:02.4867415Z PASS R78 conveyor renders one fixed ghost slot when four of five are configured
2026-10-08T05:00:02.4869027Z PASS R78 watch persistence includes champSelect without dropping existing settings
2026-10-08T05:00:02.4870190Z PASS R78 UI keeps CSP-safe markup and container responsiveness
2026-10-08T05:00:02.4871290Z PASS R78 exchange checkbox is independent from bench controls in every mode
2026-10-08T05:00:02.4872461Z PASS R78 exchange control regression probe rejects the old bench capability gate
2026-10-08T05:00:02.4873640Z PASS R78 ranked pick renders an editable sixth unassigned-position pool
2026-10-08T05:00:02.4874756Z PASS R117 facade write reentry is reported instead of silently dropped
2026-10-08T05:00:02.6859943Z PASS R188 direct premade tooltip uses champion icons before names without hero text
2026-10-08T05:00:02.6919784Z PASS R188 inferred title is a count with no methodology body, both/lobby stay direct
2026-10-08T05:00:02.6969719Z PASS R188 zero and negative champion IDs retain an empty icon slot even with intent/name
2026-10-08T05:00:02.7013225Z PASS R188 mask names uses the existing maskedPlayerName policy
2026-10-08T05:00:02.7039760Z PASS R188 matchup is after tabs outside insight and visible on runes/build/insight
2026-10-08T05:00:02.7119810Z PASS R188 preselection caps four candidates at three, narrow rule hides the third
2026-10-08T05:00:02.7129724Z PASS R188 notice follows matchup slot without entering panels
2026-10-08T05:00:02.7199861Z PASS R188 pending to success and hidden preserve tab buttons, focused tab, and fixed slot
2026-10-08T05:00:02.7237086Z PASS R188 InProgress and unlocked enemy hide matchup
2026-10-08T05:00:02.7289340Z PASS R188 placement passes both actual diagnostic senders
2026-10-08T05:00:02.7339592Z PASS installer reports ready only after real template initialization with inline state
2026-10-08T05:00:02.7385882Z PASS installer reports script failure instead of readiness after broken application bootstrap
2026-10-08T05:00:02.7414390Z PASS uninstaller reports ready only after real template initialization with inline state
2026-10-08T05:00:02.7440968Z PASS uninstaller reports script failure instead of readiness after broken application bootstrap
2026-10-08T05:00:02.7960863Z PASS R207 log replay ChampSelect → GameStart → gameflow → named live-client spells keeps real build and augments
2026-10-08T05:00:02.7979557Z PASS R207 drift fallback renders same-game successful cache and starts only one exact none request
2026-10-08T05:00:02.8720199Z PASS R207 cache cleared during unchanged polling recovers from render with single flight and failure backoff
2026-10-08T05:00:03.4131163Z PASS R207 gameId 0 wobble preserves cache; restored known different game resets
2026-10-08T05:00:03.4189806Z PASS R207 Classic spell changes retain original exact request and query; special modes freeze only after select
2026-10-08T05:00:03.4209723Z PASS R207 empty diagnostics have complete fields and same-game same-key maximum five
2026-10-08T05:00:03.4239686Z PASS R207 same champion in a new game cannot inherit prior fallback or spell pair
2026-10-08T05:00:03.4250126Z PASS R207 initially missing gameId adopts its known scope and partial select spell IDs do not replace valid pair
2026-10-08T05:00:04.2218797Z PASS installer build embeds the actual NSIS artifact and publishes only a verified GUI shell
2026-10-08T05:00:04.2263963Z PASS installer build cleans payload and rejects compiler
2026-10-08T05:00:04.2272203Z PASS installer build cleans payload and rejects missing-payload
2026-10-08T05:00:04.2296401Z PASS installer build cleans payload and rejects wrong-format
2026-10-08T05:00:04.2301953Z PASS public installer shell uses the public NSIS artifact
2026-10-08T05:00:04.2329819Z PASS both release entry points wrap NSIS before hashes and before deleting win-unpacked
2026-10-08T05:00:04.2339737Z PASS small uninstaller builds independently before NSIS without embedding payload
2026-10-08T05:00:04.2379570Z PASS uninstaller build removes partial artifact after compiler
2026-10-08T05:00:04.2409478Z PASS uninstaller build removes partial artifact after payload
2026-10-08T05:00:04.2459841Z PASS uninstaller build removes partial artifact after invalid PE
2026-10-08T05:00:04.2481057Z PASS uninstaller design supports retain/delete data, every bridge request and all progress states
2026-10-08T05:00:04.4984338Z PASS installer design executes all bridge interactions, terms, progress and failure without changing layout
2026-10-08T05:00:04.5799857Z PASS R229 search button shows only the selected region/server name
2026-10-08T05:00:04.5860007Z PASS R229 disconnect cancels self work, hides self and preserves searched foreign tabs and empty group switching
2026-10-08T05:00:04.5889967Z PASS R229 stale current-game response cannot write after disconnect and reconnect to same reference
2026-10-08T05:00:04.5919648Z PASS R229 empty groups expose only their own launchers, searched and connected pages hide them
2026-10-08T05:00:04.5936769Z PASS R229 client exiting is suppressed for 15s; cold startup and new launch still show
2026-10-08T05:00:04.5959871Z PASS R229 reconnecting the same JP account reloads self and stores its client group
2026-10-08T05:00:04.5990969Z PASS R235 resolving the self platform follows it unless a manual group switch happened within ten seconds
2026-10-08T05:00:04.7221971Z PASS R95 P1 progress preserves career, append=true, noise=null
2026-10-08T05:00:04.7282191Z PASS R95 P1 progress preserves career, append=true, noise=[]
2026-10-08T05:00:04.7393631Z PASS R95 P1 progress preserves career, append=true, noise=undefined
2026-10-08T05:00:04.7469978Z PASS R95 P1 progress preserves career, append=false, noise=null
2026-10-08T05:00:04.7570950Z PASS R95 P1 progress preserves career, append=false, noise=[]
2026-10-08T05:00:04.7617742Z PASS R95 P1 progress preserves career, append=false, noise=undefined
2026-10-08T05:00:04.7679353Z PASS R95 P1 first five and complete explicit empty arrays are authoritative
2026-10-08T05:00:04.7739607Z PASS R95 P2 slow interval/false loading eligibility
2026-10-08T05:00:04.7799398Z PASS R95 P2 slow sse/false loading eligibility
2026-10-08T05:00:04.7819548Z PASS R95 P2 slow event/false loading eligibility
2026-10-08T05:00:04.7859333Z PASS R95 P2 slow manual/true loading eligibility
2026-10-08T05:00:04.7899392Z PASS R95 P2 slow direct/true loading eligibility
2026-10-08T05:00:04.7940182Z PASS R95 P2 slow manual/false loading eligibility
2026-10-08T05:00:04.7941707Z PASS R95 P2 fast 10ms manual response never shows status, including zero-delay timers
2026-10-08T05:00:04.7942947Z PASS R95 P3 / R101 both sides keep lock wait visible with strategy-dependent editing
2026-10-08T05:00:04.7944500Z PASS R95 P4 badge respects mask, secondary and professional click context
2026-10-08T05:00:04.7945891Z PASS R95 P5 exact Chinese titles, unknown fallback, relative time and champselect fired count
2026-10-08T05:00:04.7949805Z PASS R95 P3 typed lock wait targets its own side
2026-10-08T05:00:04.7951343Z PASS R95 P4 match player clicks enter professional context even without directory source
2026-10-08T05:00:05.0865411Z PASS R91 addendum first partial 429 stays silent and retries after Retry-After
2026-10-08T05:00:05.0980002Z PASS R91 addendum first partial 500 remains visible
2026-10-08T05:00:05.0981214Z PASS R91 addendum first partial 503 remains visible
2026-10-08T05:00:05.1009591Z PASS R91 addendum append 429 stays silent and retries after Retry-After
2026-10-08T05:00:05.1039311Z PASS R91 addendum append 500 remains visible
2026-10-08T05:00:05.1040069Z PASS R91 addendum append 503 remains visible
2026-10-08T05:00:05.1041045Z PASS R91 addendum header-only 429 and JSON fallback parse while 503 stays HTTP
2026-10-08T05:00:05.1042418Z PASS R91 addendum stream displays five before completion with exactly one count-10 cold request
2026-10-08T05:00:05.1043796Z PASS R91 addendum streaming append preserves cursor until completion without stalling
2026-10-08T05:00:05.1045130Z PASS R91 addendum stream quota after partial data is silent; a truncated stream is visible
2026-10-08T05:00:05.2823491Z PASS R91 addendum closed, replaced, reset and changed-filter retries cannot issue stale reads
2026-10-08T05:00:05.2847152Z PASS R91 addendum existing history remains readable during polling; new history still skeletons; arena hides rank
2026-10-08T05:00:05.2849440Z PASS R91 addendum facade defaults and missing rank fields agree with controls
2026-10-08T05:00:05.2850808Z PASS R91 addendum unchanged polling preserves roster DOM nodes
2026-10-08T05:00:05.2852323Z PASS R91 addendum Loading and early incomplete arena poll every five seconds then converge
2026-10-08T05:00:05.4203854Z PASS R252 missing map falls back to the server mode group; explicit maps keep precedence
2026-10-08T05:00:05.4210741Z PASS R241 map matrix filters before excluded observations are read
2026-10-08T05:00:05.6674191Z PASS R241 hidden tags only, pinned score and one body popup with focus/escape/scroll/touch cleanup
2026-10-08T05:00:05.6699682Z PASS R241 skips offscreen and unchanged-width cards
2026-10-08T05:00:05.6724078Z PASS R241 does not render an empty tags container
2026-10-08T05:00:05.6771162Z PASS R241 numeric placement tags are absent; MVP/SVP remain pinned
2026-10-08T05:00:06.2564269Z PASS R91 new game removes old recommendations and summary before the deferred response
2026-10-08T05:00:06.2618930Z PASS R91 same game refresh and active phase progression preserve the current content
2026-10-08T05:00:06.3384349Z PASS R91 repeated manual refresh immediately aborts and replaces only the live request with visible feedback
2026-10-08T05:00:06.4237320Z PASS R91 boundary cancels the old request and its late settlement cannot own the new state
2026-10-08T05:00:06.5427292Z PASS R91 failed, timed out and cancelled new-game requests have an explicit working retry
2026-10-08T05:00:06.7154922Z PASS R91 empty new-game snapshots stay explicit and bounded instead of showing an empty recommendation panel
2026-10-08T05:00:06.7209705Z PASS R91 soft reset invalidates the aborted loader before a replacement starts
2026-10-08T05:00:06.7269878Z PASS R91 direct loader detects a boundary already observed by the beacon
2026-10-08T05:00:06.8640241Z PASS R91 hidden phase transitions invalidate immediately and preload before foregrounding
2026-10-08T05:00:06.8950205Z PASS R91 event-stream disconnection cancels stale work and offers recovery
2026-10-08T05:00:06.9460350Z PASS R91 lagging inactive responses cannot erase a new-game signal; leaving the game settles the transition
2026-10-08T05:00:06.9799195Z PASS R91 an empty available roster stays pending; unsupported mode and known gameId changes settle safely
2026-10-08T05:00:06.9871174Z PASS R91 cancellation without a replacement cannot leave the first load blank
2026-10-08T05:00:07.0750412Z PASS R191 09 only intersecting open build detail changes among twenty retained cards
2026-10-08T05:00:07.0780496Z PASS R191 10 shared IDs update active and cached tabs plus overlay and external views
2026-10-08T05:00:07.0809780Z PASS R191 14 effect icons and value gaps use corrected dimensions, wide tree is centered
2026-10-08T05:00:07.0860069Z PASS R191 15–16 R195 removes effect shards while preserving the shared tree icons
2026-10-08T05:00:07.7503139Z PASS R129 P1 海斗英雄选择：liveLoading 翻转不重绘，图标与详情节点保持同一对象
2026-10-08T05:00:07.7530039Z PASS R129 P1 historyState 为 empty / failed / unavailable 时同样不重建
2026-10-08T05:00:07.7553295Z PASS R129 P1 词表与后端一致，源码里不再残留 ready/liveLoading 判据
2026-10-08T05:00:07.7554441Z PASS R129 P1 renderLive 上方写明 markup 的取值纪律
2026-10-08T05:00:07.7555534Z PASS R129 P1 对抗变异：把骨架判据改回依赖 liveLoading，节点身份钉子必须失败
2026-10-08T05:00:07.7556684Z PASS R129 P2 只有详情数据变化时，build 面板图标不动、滚动位置恢复、面板重新绑定
2026-10-08T05:00:07.7573933Z PASS R224 提示条变化原地更新并保留所有图片
2026-10-08T05:00:07.7575119Z PASS R129 P2 markup 完全没变时连面板都不碰
2026-10-08T05:00:07.7576455Z PASS R129 P3 触发来源词表：interval / sse / manual / catalog，其余归为 direct
2026-10-08T05:00:07.7577843Z PASS R129 P3 live_render_rebuild 每 60 秒聚合一次，记录面板与来源
2026-10-08T05:00:07.7579359Z PASS R129 P3 sse 与 manual 触发按来源归类，dispose 前会 flush
2026-10-08T05:00:11.9043919Z PASS R225 static names exclude comments and synthetic source strings
2026-10-08T05:00:11.9159960Z PASS R225 actual CI filters resolve every alternative and reject nonexistent names
2026-10-08T05:00:11.9199514Z PASS R225 static expected counts also cover the unfiltered R82 PowerShell file
2026-10-08T05:00:11.9219820Z PASS R225 runtime Go evidence rejects empty, omitted and skipped required tests
2026-10-08T05:00:11.9249663Z PASS R225 real Node runner proves a selected test passed and rejects an accidental skip
2026-10-08T05:00:11.9679902Z PASS R86 initial CSS and JS gzip budget excludes dynamic demo data
2026-10-08T05:00:11.9760125Z PASS R86 demo loads only on demand, queues calls, shows badge, and preserves native fallback
2026-10-08T05:00:11.9819817Z PASS R86 demo-only loading rejects an independent production script route
2026-10-08T05:00:11.9820988Z PASS R101 lock wait stays visible and disabled in all strategies
2026-10-08T05:00:11.9889598Z PASS R101 strategy switch never saves a zero lock wait, even synthetic disabled change
2026-10-08T05:00:11.9949866Z PASS R101 facade moves cards left and removes only obsolete explanation and accent
2026-10-08T05:00:11.9979586Z PASS R158 same player and A-B-A overview renders keep loaded image nodes
2026-10-08T05:00:12.0061376Z PASS R158 real image queue does not admit loaded A images after B-A switch
2026-10-08T05:00:12.0140226Z PASS R158 changed player data replaces stale art, career and match images
2026-10-08T05:00:12.0169744Z PASS R158 inactive overview DOM cache has a four-player limit
2026-10-08T05:00:12.0205608Z PASS R158 closing an inactive player releases its retained DOM
2026-10-08T05:00:12.0229910Z PASS built backend must contain the exact source fingerprint
2026-10-08T05:00:12.0239762Z PASS R70 fingerprint tracks embedded assets/build inputs but excludes tests and generated binaries
2026-10-08T05:00:12.0259756Z PASS R86 ADD2 fingerprint fixture prunes large caches without changing the fingerprint
2026-10-08T05:00:12.0289844Z PASS R190 1–4 roster marks only subject, including Arena and masking
2026-10-08T05:00:12.0319836Z PASS R190 5–9 effect parser handles zero, labels, time, invalid templates and overrides
2026-10-08T05:00:12.0325919Z PASS R190 10–11 slot order, max-per-perk totals and missing stats use descriptions
2026-10-08T05:00:12.0349672Z PASS R190 12 shared board matches pre-R190 snapshot after removing data attribute
2026-10-08T05:00:12.0379802Z PASS R190 13 real delegated pointer/focus links selected icons only without rerender
2026-10-08T05:00:12.0409590Z PASS R190 20–21 augment order, rarity, skeleton, bare and escaped full tooltip
2026-10-08T05:00:12.0429812Z PASS R190 22 description IDs reused, failures settled, no repeated request
2026-10-08T05:00:12.0439842Z PASS R190 old match requests exactly one refresh across views, preserves participant metadata
2026-10-08T05:00:12.0489443Z PASS R190 build controls request augment copy only after build opens
2026-10-08T05:00:12.0497752Z PASS R193 1 hidden identity subtitle contains only position and disappears without position
2026-10-08T05:00:12.0499778Z PASS R193 2 hidden combined card contains one client-unavailable message and no history row
2026-10-08T05:00:12.0501211Z PASS R193 3 hidden card omits empty win-rate and KDA columns without em dashes
2026-10-08T05:00:12.0502746Z PASS R193 4 unresolved identity, private history and ordinary no-sample cards match baseline
2026-10-08T05:00:12.0504001Z PASS R193 5 ordinary unranked player retains rank subtitle
2026-10-08T05:00:12.0505085Z PASS R195 1 effect list removes shards and preserves shared board
2026-10-08T05:00:12.0506331Z PASS R195 2 lethal tempo keeps confirmed var2 damage and suppresses malformed time
2026-10-08T05:00:12.0507700Z PASS R195 3 magical footwear uses the client label and minute/tens/units template
2026-10-08T05:00:12.0509517Z PASS R195 4 invalid footwear digits and minutes do not render
2026-10-08T05:00:12.0532884Z PASS R195 5 keystone with values shows only tree subtitle; missing values retain description
2026-10-08T05:00:12.0534530Z PASS R195 6 header damage includes the confirmed lethal tempo value
2026-10-08T05:00:12.0536163Z PASS R195 7 picked premade heroes render two queued icons before names without hero text
2026-10-08T05:00:12.0537779Z PASS R195 8 no champion or pending pick retains empty icon slot and aligned name
2026-10-08T05:00:12.0539301Z PASS R195 9 premade icon rows preserve name masking
2026-10-08T05:00:13.5119940Z PASS R235 arena 3x6 streak and shared boundaries; fixed-four mutation is killed
2026-10-08T05:00:13.5132893Z PASS R235 data labels preserve missing fields, globals, team maxima and single kills
2026-10-08T05:00:13.5169717Z PASS R235 table clicked row stays anchored after earlier expansion collapses
2026-10-08T05:00:13.5209646Z PASS R235 filter restore uses the identical DOM, expanded state, scroll and four-view LRU
2026-10-08T05:00:13.5239499Z PASS R235 retry transitions from error to loading to ready without throttling
2026-10-08T05:00:13.5269484Z PASS R235 history head keeps pagination tail and rejects older generations
2026-10-08T05:00:13.5408416Z PASS R235 restoring a 31-second filter schedules one head page and prepends only new cards
2026-10-08T05:00:13.5459971Z PASS R235 late Arena loss updates the banner in place and removes the cached win streak
2026-10-08T05:00:13.6180231Z PASS 启动入口初始 state 没有 installations 字段也可渲染和重新检查
2026-10-08T05:00:13.6210120Z PASS 总览未连接态只提供客户端入口且不提供密码输入
2026-10-08T05:00:13.6239873Z PASS 国服纯净入口动作只提交固定 tcls id 并进入等待登录状态
2026-10-08T05:00:13.6240955Z PASS 每个入口只锁定自己并在失败后恢复
2026-10-08T05:00:13.6269522Z PASS Riot 入口成功后进入对应等待状态并只安排状态刷新
2026-10-08T05:00:13.6299368Z PASS 启动成功后入口保持显示，断开或超时恢复
2026-10-08T05:00:13.6329552Z PASS 启动入口只渲染可用的 TCLS 与 Riot 客户端并使用统一卡片
2026-10-08T05:00:13.6330913Z PASS 安装扫描失败与未安装状态分开显示并允许重试
2026-10-08T05:00:13.6360206Z PASS R220 every Riot tab is client independent, grouped with Korea, and labelled by its actual platform
2026-10-08T05:00:13.6389582Z PASS R220 JP status moves the current tab and identityReady reissues its overview once
2026-10-08T05:00:13.6409940Z PASS R220 top search defaults to the connected platform, keeps manual choice, and clears Tencent server IDs
2026-10-08T05:00:13.6419619Z PASS R220 perk detail requests and cache scopes use the actual tab platform
2026-10-08T05:00:13.6422002Z PASS R220 player links from JP match details preserve JP and its group
2026-10-08T05:00:13.6423407Z PASS R220 practice NONE position displays the OPGG primary lane without fallback explanation
2026-10-08T05:00:13.6424892Z PASS R220 external capability diagnostics hide Tencent SGP and ARAMKit entry quietly
2026-10-08T05:00:13.6480245Z PASS R220 local Riot overview permits the retry budget and still accepts ordinary JSON replies
2026-10-08T05:00:13.6482237Z PASS R220 clicking a live JP player opens a JP overview and keeps rune application unchanged
2026-10-08T05:00:13.6510004Z PASS R100 progress updates ready profile fields but null and empty never wipe career
2026-10-08T05:00:13.6540227Z PASS R100 historical enrichment defers while foreground overview is in flight
2026-10-08T05:00:13.6585390Z PASS R100 image admission covers lazy DOM images and detached prefetch without same-URL retries
2026-10-08T05:00:14.0847849Z PASS R104 image cancellation during repeated rerender is not URL failure poisoning
2026-10-08T05:00:14.1069937Z PASS R104 real image error retries automatically after cooldown
2026-10-08T05:00:15.9030539Z PASS R180 latest merged same-queue game updates one player row, reports actual count and keeps other nodes
2026-10-08T05:00:15.9771769Z PASS R223 two mutually exclusive menu sections contain eight foreign platforms and follow-client
2026-10-08T05:00:15.9789618Z PASS R223 default KR, foreign follow including Brazil, and persistent manual selection
2026-10-08T05:00:15.9972012Z PASS R223 unknown current tab stays ungrouped and resolves to JP once
2026-10-08T05:00:15.9999709Z PASS R223 cancelled launch leaves cards visible, suppresses overlay and produces no toast or refresh
2026-10-08T05:00:16.0001227Z PASS R223 foreign tabs display region badges and metadata keeps the name-side region chip
2026-10-08T05:00:16.0031839Z PASS R223 unknown region cannot call ARAMKit and hidden, unfocused or inactive tabs cannot poll current game
2026-10-08T05:00:16.0079757Z PASS R223 empty career UI contains titles without methodology while actual failures remain
2026-10-08T05:00:16.0139586Z PASS R248 disabled first frame never waits for authorization and hides expiry
2026-10-08T05:00:16.0163411Z PASS R248 default native gate allows IPC without status requests
2026-10-08T05:00:16.0229582Z PASS R248 default release rejects both authorization origins
2026-10-08T05:00:16.0259917Z PASS R252 disabled release rejects embedded activation text and default assets contain no activation UI
2026-10-08T05:00:16.0409706Z PASS R189 directory emote name and icon render without a pending hint
2026-10-08T05:00:16.0500031Z PASS R189 fallback emote with dataPending false never implies an unsynced name
2026-10-08T05:00:16.0530868Z PASS R189 blank loot retains its pending hint only during bounded retries
2026-10-08T05:00:16.0609742Z PASS R189 emote ward and icon show known ownership, unknown stays absent
2026-10-08T05:00:16.0639581Z PASS R189 skin ownership and upgrade wording remain unchanged
2026-10-08T05:00:16.1650282Z PASS R111 admitted lazy thumbnails start eagerly and all visible images drain the queue
2026-10-08T05:00:16.1651665Z PASS R111 switching an in-flight image to its fallback does not strand the new URL
2026-10-08T05:00:16.1689662Z PASS R111 picker chunks and unrelated UI changes do not rescan the whole document
2026-10-08T05:00:16.1719730Z PASS R111 automatic pagination needs downward user intent and stops when its tab is inactive
2026-10-08T05:00:16.1749961Z PASS R111 read-only detection preserves committed state, hero selection and loaded DOM
2026-10-08T05:00:16.1751468Z PASS R111 failed background refresh retains the existing career DOM and draft
2026-10-08T05:00:17.9871940Z PASS R136 live status belongs to toolbar and leaves content without a fixed placeholder
2026-10-08T05:00:17.9899141Z PASS R136 Mayhem performance font sizes and mutation guard
2026-10-08T05:00:17.9920775Z PASS R136 account background refresh retains identical image nodes and never reinserts skeleton
2026-10-08T05:00:17.9939617Z PASS R136 account request sequence discards an older response that finishes last
2026-10-08T05:00:17.9969630Z PASS R136 account skeleton and markup guards kill their original mutations
2026-10-08T05:00:17.9990078Z PASS R136 pools background refresh preserves rows and picker options
2026-10-08T05:00:18.0705665Z PASS online friend party shows real occupancy and mode, including TFT
2026-10-08T05:00:18.0729406Z PASS partial or invalid occupancy is not invented as 1/5
2026-10-08T05:00:18.0739488Z PASS game phase wins over chat availability and stale lobby data
2026-10-08T05:00:18.0759658Z PASS offline, mobile, away and other product never reuse the LoL lobby text
2026-10-08T05:00:18.0789889Z PASS real friend dock rerenders occupancy and removes old room details on every phase change
2026-10-08T05:00:18.0812678Z PASS friend banner matches opaque aliases, escapes labels and rejects stale or foreign presence
2026-10-08T05:00:18.5209122Z PASS R216 tags show corrected words, four ordered tags, disabled keyword and unknown suppression
2026-10-08T05:00:18.5231019Z PASS R216 background timelines pause for KR, hidden, champ select, live and inactive tabs
2026-10-08T05:00:18.5254207Z PASS R216 table sorts, expands first champion, increments opponents by ten and preserves overall first
2026-10-08T05:00:18.5330102Z PASS R216 mayhem removes wards, CS and opponent expansion; fourteen keyword colors remain distinct
2026-10-08T05:00:18.5359725Z PASS R216 champion-table arrow uses full season count and supported data source
2026-10-08T05:00:18.5390034Z PASS R216 successful keyword computation suppresses background refetch even when equipment timeline is empty
2026-10-08T05:00:18.5449826Z PASS R217 holdout eight closed keywords never render from participant or stale timeline cache
2026-10-08T05:00:18.5454608Z PASS R217 newly opened keywords use existing site words and palette for participant and cached tags
2026-10-08T05:00:18.5910126Z PASS R208 IP stream 429 retains partial matches silently and resumes the same page at 60 seconds
2026-10-08T05:00:18.5939969Z PASS R208 quota exhausted 503 shows the existing unavailable message without a 429 retry timer
2026-10-08T05:00:18.6480269Z PASS R106 game icons without src remain visible and enter the real lazy queue
2026-10-08T05:00:18.6539713Z PASS R106 champion icons without src remain visible and enter the real lazy queue
2026-10-08T05:00:18.6569546Z PASS R106 reopening a successfully loaded icon stays behind cold queue slots
2026-10-08T05:00:18.6622563Z PASS R106 an unset career background does not invent an applied or pending background
2026-10-08T05:00:18.8460261Z PASS R106 only ranked accounts start expanded and timestamps show only last match start
2026-10-08T05:00:19.8480288Z PASS R94 same-phase live responses with changed gameId invoke the transition before replacement
2026-10-08T05:00:19.8503660Z PASS R94 unchanged phase and gameId preserve content and recommendation generation
2026-10-08T05:00:19.9443725Z PASS R94 identity polling catches a game jump even when all intermediate phases were missed
2026-10-08T05:00:20.1500325Z PASS R94 SSE game identity aborts a pending old game; stale replacement data cannot undo it
2026-10-08T05:00:20.1529859Z PASS R94 unknown IDs do not clear a known game and diagnostics distinguish first observations
2026-10-08T05:00:20.1559916Z PASS R94 same-game phase advance labels the retained snapshot and rejects a late selection response
2026-10-08T05:00:20.2573453Z PASS R94 a delayed poll cannot reverse a newer SSE identity or phase
2026-10-08T05:00:20.2609883Z PASS R94 a changed identity in a new selection snapshot is not mistaken for a late same-game response
2026-10-08T05:00:20.2611371Z PASS R94 SSE decoder retains legacy phase events and game identity payloads
2026-10-08T05:00:20.2709907Z PASS R94 diagnostics preserve every repeated phase and identity comparison in bounded batches
2026-10-08T05:00:20.2739803Z PASS R94 diagnostics use one request during a stall and expose queue overflow while retaining transitions
2026-10-08T05:00:20.3150302Z PASS R94 largest diagnostic batch fits backend limit and strips unrelated data; export sends queued observations
2026-10-08T05:00:20.3239829Z PASS R94 hidden same-phase SSE identity jump resumes one forced refresh when visible
2026-10-08T05:00:20.3299984Z PASS R94 failed diagnostic batches release their slot without retries and recover on the next batch
2026-10-08T05:00:20.3710366Z PASS R115 initial resources retain friends and shared CSS, defer optional modules, and keep demo opt-in
2026-10-08T05:00:20.3761540Z PASS R115 module requests are singleflight and repeat entry does not add script nodes
2026-10-08T05:00:20.3789714Z PASS R115 failed loading is visible, retryable and does not leave duplicate nodes
2026-10-08T05:00:20.3816891Z PASS R115 stale module completion never navigates or loads a page after leaving
2026-10-08T05:00:20.3899562Z PASS R115 Suite loads helpers first, retains navigation tab and replays only the latest state to the new subscriber
2026-10-08T05:00:20.3939044Z PASS R139 broadcast controls hide options for self and show one suite-switch for team
2026-10-08T05:00:20.3969613Z PASS R115 shared blocks keep critical geometry while optional CSS waits for its section
2026-10-08T05:00:20.4029503Z PASS summoner-updated is whitelisted for status and overview-player
2026-10-08T05:00:20.4089907Z PASS live-update debounce accumulates both events and updates the current overview in place
2026-10-08T05:00:20.4119733Z PASS updateStatus refreshes a connected current-tab header without resetting catalogs
2026-10-08T05:00:20.4149560Z PASS forced overview aborts a loading request and starts a newer request
2026-10-08T05:00:20.4177255Z PASS overview-player changes only five identity fields on the current tab
2026-10-08T05:00:20.4192479Z PASS overview-player identity slice also updates background fields in place
2026-10-08T05:00:20.4239800Z PASS identity and first self card remove the global startup lock
2026-10-08T05:00:20.4269500Z PASS overview refresh button exposes a stable disabled loading state
2026-10-08T05:00:20.4289008Z PASS manual reread awaits the backend identity refresh before hard-refresh dispatch
2026-10-08T05:00:20.4334916Z PASS identity status with unresolved backdrop preserves the first overview art
2026-10-08T05:00:20.4386799Z PASS R110 tab selection, progress and unrelated scroll preserve all existing avatar nodes
2026-10-08T05:00:20.4409660Z PASS R110 a newly streamed root card expands on the first click without replacing summary images
2026-10-08T05:00:20.5809579Z PASS R117 image queue exports a five-slot cap and keeps successful URL remounts behind admission
2026-10-08T05:00:20.5850043Z PASS R117 browser guard reads the production image limit and keeps the twelve-image starvation fixture
2026-10-08T05:00:20.5859786Z PASS R117 core frontend contracts remain wired to visible degradation and diagnostics
2026-10-08T05:00:20.5889579Z PASS R117 item set skip diagnostics execute in both rejected branches
2026-10-08T05:00:20.5915643Z PASS R117 real Chromium guards are wired into CI and cannot silently skip
2026-10-08T05:00:20.5959548Z PASS R117 section loader waits for page styles before module execution
2026-10-08T05:00:20.6019771Z PASS R117 app installation lookup is singleflight and hidden SSE slices flush once on resume
2026-10-08T05:00:21.8812870Z PASS 2024 real mode buttons isolate champion and search memories across all modes and reload
2026-10-08T05:00:21.8869771Z PASS 2024 legacy memory migrates only to its saved mode, once
2026-10-08T05:00:21.8900334Z PASS 2024 fast ranked filters supersede requests without stuck loading or cross-mode writes
2026-10-08T05:00:21.8929782Z PASS 2024 neutral glyph coloring preserves alpha and never recolors colored/opaque/unknown art
2026-10-08T05:00:21.8931457Z PASS 2024 rarity UI says selection distribution, retains all stages, hides failed empty data
2026-10-08T05:00:21.8959628Z PASS R86 search keeps the input and exposes all-position request failures
2026-10-08T05:00:22.2830219Z PASS R194 actual backend quickplay response renders our anonymous TOP among five cards
2026-10-08T05:00:22.2859580Z PASS R194 quickplay nine-player snapshots keep five-second retries until recovered
2026-10-08T05:00:22.2920080Z PASS R194 browser roster gate mirrors backend registered 5v5 PvP queue groups
2026-10-08T05:00:22.6714537Z PASS R203 1183 cards survive lastSync changes every eight seconds without global blocking
2026-10-08T05:00:22.6729920Z PASS R203 first empty collection shows only a grid placeholder and no indefinite loading flag
2026-10-08T05:00:22.6759699Z PASS R203 missing self card escapes at 15 seconds across repeated shows and retries
2026-10-08T05:00:22.6783185Z PASS R203 overlay retry is identity-only, single-flight and one-second debounced
2026-10-08T05:00:22.6806409Z PASS R203 sustained dirty statuses yield one automatic scan per sixty seconds, foreground favorites only
2026-10-08T05:00:22.6808826Z PASS R203 native dialogs log show and user close with category, never raw IDs
2026-10-08T05:00:22.6810659Z PASS R203 collection render telemetry preserves visibility and card count
2026-10-08T05:00:22.6812847Z PASS R203 native confirmation preserves cancellation and logs no message text
2026-10-08T05:00:22.7880395Z PASS R113 transient history errors remain retryable while unavailable and empty results are terminal
2026-10-08T05:00:22.7909693Z PASS R113 selecting an exhausted dirty tab immediately replaces the old player content
2026-10-08T05:00:22.7990062Z PASS R113 local settlement leaves unrelated Korean tabs and their caches alone
2026-10-08T05:00:22.8029927Z PASS R113 a match phase preloads while another page or a hidden window is active
2026-10-08T05:00:22.8076792Z PASS R113 background retries stop after the budget or a complete snapshot
2026-10-08T05:00:22.8119890Z PASS R113 non-leader matchmaking is an inline condition, never a repeated failure toast
2026-10-08T05:00:22.8169693Z PASS R113 ARAM live cards omit ranks and keep their three verified metrics
2026-10-08T05:00:22.8219537Z PASS R113 silver source rows survive nine earlier gold rows in both recommendation views
2026-10-08T05:00:22.8229712Z PASS R109 changing filter accepts complete profile without replacing the existing career samples
2026-10-08T05:00:22.8281384Z PASS R109 failed complete profile preserves verified header while authoritative empty clears rank
2026-10-08T05:00:22.8359947Z PASS R109 independent tabs keep background and rank from their own streamed and complete data
2026-10-08T05:00:22.8384089Z PASS R109 retained artwork is observed again and loaded class follows the new parent
2026-10-08T05:00:22.8411730Z PASS R109 missing rank distinguishes loading, unavailable and verified unranked
2026-10-08T05:00:23.8370661Z PASS R175 real anonymous recovery response renders five allied cards with the existing hidden identity style
2026-10-08T05:00:23.9770270Z PASS R244 live header counts and KDA come from displayed rows even if stale stats disagree
2026-10-08T05:00:23.9800015Z PASS R244 first self card hides immediately and 15-second no-card fallback remains retryable
2026-10-08T05:00:23.9829491Z PASS R244 connection-state starts status request within 100ms
2026-10-08T05:00:23.9831514Z PASS R244 matches card emits readiness from the rendered list and only once for self
2026-10-08T05:00:23.9859545Z PASS R244 timeout produces the existing retry error flow for self
2026-10-08T05:00:25.2082945Z PASS R230 three queues, games ties use win rate/KDA, whole row and keyboard toggle, top three distinct metrics
2026-10-08T05:00:25.2133665Z PASS R230 copy uses browser, Electron and execCommand fallback and always emits private diagnostics + 3s feedback
2026-10-08T05:00:25.2135308Z PASS R230 completion event immediately refreshes even below 100 games and inside throttle window
2026-10-08T05:00:25.2136986Z PASS R230 null atlas is skeleton; loaded directory filtered to zero is empty; render triggers one automatic request
2026-10-08T05:00:25.2138411Z PASS R230 card ready records each data card once with elapsed time and source
2026-10-08T05:00:25.2140040Z PASS R230 initial queue uses season rank totals before recent samples; requests never use ranked
2026-10-08T05:00:25.3130319Z PASS R183 ranked backend response renders an anonymous enemy in middle and stops incomplete retries
2026-10-08T05:00:25.3181494Z PASS R160 bundled art uses local image queue capacity beside stalled remote art
2026-10-08T05:00:25.3204032Z PASS R160 gameplay icon proxy accepts only the explicit bundled scheme
2026-10-08T05:00:25.3239567Z PASS R160 overview augments paint from the fast catalog before perks arrive
2026-10-08T05:00:25.4957955Z PASS R181 full pair shows locked A when enemy is absent from both top-five lists
2026-10-08T05:00:25.5001637Z PASS R181 missing full pair hides A and diagnoses pair-no-data; failure/pending are distinct
2026-10-08T05:00:25.5005087Z PASS R181 intent and hover show A+B under one enemy heading, locking keeps A and hides B
2026-10-08T05:00:25.5006948Z PASS R181 sixty-one polls send one pair request and new own/enemy/tier keys each send once
2026-10-08T05:00:25.5009132Z PASS R181 lane pending, failed, below-threshold and ambiguous diagnoses remain distinguishable
2026-10-08T05:00:25.6802269Z PASS R181 direct sender and actual runtime carry card booleans/tier and omit identity
2026-10-08T05:00:25.7490324Z PASS R252 visible tag hydration indexes the tree once without losing or admitting games
2026-10-08T05:00:25.7509479Z PASS R252 arena detail and unknown-result fallback preserve partial and larger team counts
2026-10-08T05:00:25.7551430Z PASS R252 specialist upstream timeout keeps OPGG, pro and client backup selectable
2026-10-08T05:00:26.2200157Z PASS confirmed child close traverses main IPC + preload + renderer, offers a real app restart
2026-10-08T05:00:26.2870033Z PASS process exit before renderer subscription is recovered from retained snapshot
2026-10-08T05:00:26.3410268Z PASS late successful status and old running snapshot cannot erase a confirmed exit
2026-10-08T05:00:26.4498436Z PASS unknown, absent or rejected bridge and repeated HTTP errors never prove death
2026-10-08T05:00:26.4889935Z PASS lifecycle bridge cleans listeners and ignores async results after disposal
2026-10-08T05:00:26.4939881Z PASS graceful update/user shutdown does not publish fatal; foreign renderers cannot query or restart
2026-10-08T05:00:26.4999538Z PASS renderer bootstrap actually installs lifecycle subscription
2026-10-08T05:00:26.5029712Z PASS restart IPC failure tells the user to reopen manually instead of reloading a dead service
2026-10-08T05:00:26.5059714Z PASS R201 installer ready hides every window before flushed shutdown quits
2026-10-08T05:00:26.7411522Z PASS R214 selected player descriptions load once and redraw only the intersecting build
2026-10-08T05:00:26.7501421Z PASS R214 score tooltip uses safe DOM rows and actual normalized widths without methodology
2026-10-08T05:00:27.1039535Z PASS R206 relay settings and unavailable rune service show built-in state and retry
2026-10-08T05:00:28.0645854Z PASS R211 flex after mayhem resolves from expected ID, clears all cached views and does not retry
2026-10-08T05:00:28.0684317Z PASS R211 five delays give up and restore ordinary 120-second reload
2026-10-08T05:00:28.0699829Z PASS R211 background pauses; foreground resumes immediately with all-history fallback
2026-10-08T05:00:28.0721395Z PASS R211 load request and identity cache are explicitly wired to the expected game
2026-10-08T05:00:28.0751024Z PASS R211 build selection switches equipment skills rune effects and augments, defaults to self
2026-10-08T05:00:28.0781874Z PASS R211 streak skips remakes/custom, stops unknown and uses arena placement
2026-10-08T05:00:28.0802040Z PASS R230 name copy shows feedback; hidden name cannot bind
2026-10-08T05:00:28.0828917Z PASS R211 mastery entrance, real milestone mapping, sorted grid and popup fields
2026-10-08T05:00:28.0855517Z PASS R211 mastery portal flips inward and failed images become neutral placeholders
2026-10-08T05:00:28.1190149Z PASS R206 first collection scan skeleton, failure after fifteen seconds and collection-only retry
2026-10-08T05:00:28.1219782Z PASS R206 twenty local images start within 100ms while five remote candidates are bounded to two
2026-10-08T05:00:28.1249688Z PASS R206 local timeout is 4s and first error immediately queues a token-free remote candidate
2026-10-08T05:00:28.1310717Z PASS R206 all single-letter tier icons share font size 13
2026-10-08T05:00:28.2171698Z PASS R197 8 actual post-game payload replaces hidden card with name/rank and clickable overview reference
2026-10-08T05:00:28.2260161Z PASS R197 9 participant still hidden retains R193 card exactly
2026-10-08T05:00:28.2309882Z PASS R197 post-game SSE bridge refreshes retained live snapshot only outside active phases
2026-10-08T05:00:28.2328698Z PASS R197 reveal event during an active roster request leaves a trailing refresh queued
2026-10-08T05:00:28.5333158Z PASS 2244 skill summary uses real main/sub priorities after R, without repeated labels
2026-10-08T05:00:28.5389807Z PASS 2244 banner exact animation, no video for unknown skin or reduced motion
2026-10-08T05:00:28.5419794Z PASS event cards group presentation but retain all entitlement rows; unknown events stay separate
2026-10-08T05:00:28.5449858Z PASS 2244 installer uses the actual STM_SETIMAGE constant and distribution is automatic
2026-10-08T05:00:29.0750207Z PASS R198 maintenance camera options default none, save immediately and survive refresh
2026-10-08T05:00:29.0810048Z PASS R198 failed preference save rolls back without changing previous choice
2026-10-08T05:00:30.1390175Z PASS one event card preserves separate choice owners, partial selection, failures and POST keys
2026-10-08T05:00:30.2090025Z PASS offline national group remains reachable from a pro tab
2026-10-08T05:00:30.2091286Z PASS ordinary and centered artwork use different face coordinates, including load failure
2026-10-08T05:00:30.2189866Z PASS unknown reward quantities are not manufactured as one
2026-10-08T05:00:30.2222615Z PASS R136 public outputs have distinct names and private outputs keep release names
2026-10-08T05:00:30.2237901Z PASS R86 bash release stops on a real failing Go test, including an independent early-build mutation
2026-10-08T05:00:30.2258784Z PASS R86 CI uses the package version, installs test dependencies and needs no private Riot key
2026-10-08T05:00:30.2296483Z PASS R86 Windows release stops on a real failing Go test and rejects an independent early build
2026-10-08T05:00:30.2341599Z PASS format gates exclude local toolchains and GOPATH modules while retaining untracked project source
2026-10-08T05:00:30.2343566Z PASS R222 CI skip preserves syntax, fingerprints, runtime verification and hashes
2026-10-08T05:00:30.2345430Z PASS R222 Windows release entry points reject CI skip locally before any side effect
2026-10-08T05:00:30.2347380Z PASS R86 desktop logs stay within five two-MiB generations and export only reviewed fields
2026-10-08T05:00:30.2349444Z PASS R86 desktop rotation rejects untrusted archive paths without deleting evidence
2026-10-08T05:00:30.2351223Z PASS R86 desktop log byte guard rejects an independent unbounded append path
2026-10-08T05:00:30.2352929Z PASS build stage reports a live wait then completes without logging arguments
2026-10-08T05:00:30.2355043Z PASS build stage preserves nonzero exits and reports spawn failures
2026-10-08T05:00:30.2356536Z PASS diagnostic timeouts stop after one retry and remain visible to export
2026-10-08T05:00:30.2358085Z PASS export flush records latest delivery counters even when no later game event arrives
2026-10-08T05:00:30.2360038Z PASS diagnostic delivery observes HTTP failure, retries once and reports recovery counters
2026-10-08T05:00:30.2362528Z PASS failed transport does not poison duplicate suppression and strips new arbitrary text
2026-10-08T05:00:30.2364196Z PASS diagnostic in-flight limit is bounded and exposes dropped events
2026-10-08T05:00:30.2365866Z PASS flow diagnostics whitelist fields, deduplicate repeats and tolerate offline transport
2026-10-08T05:00:30.2367610Z PASS R70 response cache is access-ordered and bounded over 100000 inserts
2026-10-08T05:00:30.2369551Z PASS current game diagnostics retain KR fields but drop retired CN source and failure fields
2026-10-08T05:00:30.2371387Z PASS R70 cache reads never extend freshness; idle expiry is pruned on access
2026-10-08T05:00:30.2373085Z PASS R70 cache timer disposal runs once on eviction, not on same-object update
2026-10-08T05:00:30.2374613Z PASS shared escapeHTML is document-free and escapes all HTML delimiters
2026-10-08T05:00:30.2376099Z PASS business modules do not retain local escapeHTML implementations
2026-10-08T05:00:30.2377694Z PASS R82 synthetic A/B medians enforce the 300ms gate and include prewarm cost
2026-10-08T05:00:30.2379429Z PASS R82 incomplete, repeated and malformed samples cannot pass acceptance
2026-10-08T05:00:30.2380965Z PASS R82 collector joins phases to fingerprint by run_id and installer log by PID
2026-10-08T05:00:30.2382433Z PASS R82 collector rejects a second launch but deduplicates log rotation copies
2026-10-08T05:00:30.2383943Z PASS R82 malformed inputs and failed prewarm cannot silently enter the A/B comparison
2026-10-08T05:00:30.2385254Z PASS R82 reads the actual diagnostics.N.jsonl archive naming
2026-10-08T05:00:30.2386761Z PASS R84 collector CLI works without Array.prototype.at and keeps the last matching PID records
2026-10-08T05:00:30.2388229Z PASS R84 collector production source cannot reintroduce .at calls
2026-10-08T05:00:30.2389826Z PASS R84 first-match mutation fails the end-to-end collector assertions
2026-10-08T05:00:30.2390848Z PASS auto 1366x768 = 1
2026-10-08T05:00:30.2391542Z PASS auto 1600x900 = 1
2026-10-08T05:00:30.2392220Z PASS auto 1920x1080 = 1
2026-10-08T05:00:30.2392921Z PASS auto 2304x1318 = 1.2
2026-10-08T05:00:30.2393653Z PASS auto 2560x1440 = 1.33
2026-10-08T05:00:30.2394342Z PASS auto 2560x1600 = 1.33
2026-10-08T05:00:30.2395049Z PASS auto 3440x1440 = 1.6
2026-10-08T05:00:30.2395768Z PASS auto 3840x2160 = 2
2026-10-08T05:00:30.2396428Z PASS auto 3840x1600 = 1.78
2026-10-08T05:00:30.2397138Z PASS auto 5120x2880 = 2.5
2026-10-08T05:00:30.2397837Z PASS auto 7680x4320 = 2.5
2026-10-08T05:00:30.2398768Z PASS auto 1024x600 = 1
2026-10-08T05:00:30.2399863Z PASS continuous scale, quantization, clamps and manual-step normalization
2026-10-08T05:00:30.2401143Z PASS scale mutants turn the corresponding geometry guards red
2026-10-08T05:00:30.2402579Z PASS titlebar, minimum size, reload, resize and display events run through the real main module
2026-10-08T05:00:30.2404279Z PASS IPC restores independent preferences, normalizes fixed values and rejects untrusted senders
2026-10-08T05:00:30.2406077Z PASS main behavior guards reject titlebar, minimum size, trust, reload, debounce and export mutants
2026-10-08T05:00:30.2407572Z PASS preload exposes scale IPC without leaking the Electron event
2026-10-08T05:00:30.2409050Z PASS packaged runtime includes the scaling module
2026-10-08T05:00:30.2410311Z PASS R238 old fixed scale migrates once, then preserves the user's fixed choice
2026-10-08T05:00:30.2411695Z PASS R238 missing, corrupt and oversized scale files migrate to marked auto
2026-10-08T05:00:30.2413199Z PASS R88 thirteen ChampSelect events per second cause at most two actual diagnostic POSTs
2026-10-08T05:00:30.2414841Z PASS R88 slow sampled diagnostics hold one slot and never retry
2026-10-08T05:00:30.2416257Z PASS R88 local request timing is sampled globally and strips paths and identifiers
2026-10-08T05:00:30.2417635Z PASS R100 status timeouts remain recoverable and success resets failures
2026-10-08T05:00:30.2419443Z PASS R88 replaced status requests and explicit abort do not count toward fatal threshold
2026-10-08T05:00:30.2421029Z PASS R88 helper failure label does not blame the League client
2026-10-08T05:00:30.2422435Z PASS R88 arena names omit tags but preserve full tooltips, normal tags and masking
2026-10-08T05:00:30.2423645Z PASS R150 OP and S use distinct shared hexagon badges
2026-10-08T05:00:30.2424948Z PASS R88 protected active match-main and match-stats rules remain byte-identical
2026-10-08T05:00:30.2998212Z PASS R117 CSS variables resolve, including fallback references
2026-10-08T05:00:30.3069791Z PASS R117 token colors have one source definition and no bypass drift
2026-10-08T05:00:30.3099692Z PASS R117 confirmed dead classes are absent while dynamic loot-table stays guarded
2026-10-08T05:00:30.3129466Z PASS R117 CSS budgets do not exceed the audited baseline
2026-10-08T05:00:30.3149889Z PASS R117 repeated token hexes and unreferenced class names stay within the audited baseline
2026-10-08T05:00:30.3179819Z PASS R117 duplicate declaration groups stay within the audited baseline
2026-10-08T05:00:30.3291417Z PASS diagnostic export waits for telemetry and prevents duplicate download clicks
2026-10-08T05:00:30.3313605Z PASS telemetry failure never blocks export and open-folder action does not export again
2026-10-08T05:00:30.3324652Z PASS R185 SSE omits skins, preserves 2125 entries and does not redraw or renew catalog age
2026-10-08T05:00:30.3326442Z PASS R185 skin signature is cached by list identity and explicit empty lists replace old lists
2026-10-08T05:00:30.3328087Z PASS R185 longtasks are grouped by current section and tab with minute aggregation
2026-10-08T05:00:30.3329837Z PASS R185 idle heartbeat is once per five minutes and retains a 1.5 second timer lag
2026-10-08T05:00:30.3331448Z PASS R185 measured requests cover all main page categories and count real UTF8 and stream bytes
2026-10-08T05:00:30.3333019Z PASS R185 metrics whitelist survives renderer transport and strips identity fields
2026-10-08T05:00:30.3529221Z PASS R87 hidden SSE phase is loaded when visibility resumes with overview resync pending
2026-10-08T05:00:30.3693680Z PASS R87 phase poll independently loads once and repeated unchanged phase causes no roster polling
2026-10-08T05:00:30.3754914Z PASS R87 participants become dirty, inactive players stay off network, retry is bounded and delayed
2026-10-08T05:00:30.3920092Z PASS R87 suite fetch and stalled response bodies time out at 15 seconds
2026-10-08T05:00:30.3948940Z PASS R87 claim timeout advances progress, continues remaining claims and clears watchdog
2026-10-08T05:00:30.3980110Z PASS R87 pending loot is distinguished from pool matching, and all end phases share settlement display
2026-10-08T05:00:30.4220101Z PASS R108 quota recovery resumes the correct incomplete first page
2026-10-08T05:00:30.4221763Z PASS R108 quota recovery resumes the correct next page
2026-10-08T05:00:30.4248352Z PASS R108 active quota avoids useless manual calls and loading state never offers another load button
2026-10-08T05:00:30.4279622Z PASS R108 changing modes never merges another queue and returning restores its cached cursor
2026-10-08T05:00:30.4281049Z PASS R108 special-mode fallback pauses after a bounded number of pages
2026-10-08T05:00:30.4309686Z PASS current-game API errors distinguish local HTTP, network, decode and body read failures
2026-10-08T05:00:30.4339418Z PASS current-game timeout remains distinct from cancellation by a newer request
2026-10-08T05:00:30.4680149Z PASS R205 upgrade command preserves NSIS shortcut retention and uses the same registry identity
2026-10-08T05:00:30.4709455Z PASS N-1 every visible custom text control receives font
2026-10-08T05:00:30.4710950Z PASS N-2 MUI branding stays hidden
2026-10-08T05:00:30.4739461Z PASS N-3 instfiles hook scoped to preceding custom page
2026-10-08T05:00:30.4769257Z PASS N-4 stock headers never reappear
2026-10-08T05:00:30.4770064Z PASS N-5 gold progress uses BGR
2026-10-08T05:00:30.4799815Z PASS N-6 buttons stay stock and sit on a light footer instead of unreadable dark
2026-10-08T05:00:30.4829925Z PASS N-7 progress track colour has visible contrast against the page background
2026-10-08T05:00:30.4859409Z PASS N-8 Core fallback keeps stock system styling
2026-10-08T05:00:30.4860720Z PASS N-9 finish page hides the wizard before the blocking launch call
2026-10-08T05:00:30.4889740Z PASS R74 installer opts out of bitmap DPI virtualization and has a visible progress track
2026-10-08T05:00:30.4919677Z PASS R80 customInstall swaps the executable without changing registry or removal logic
2026-10-08T05:00:30.4949619Z PASS R74 Browse appends Deep Legends once without creating directories prematurely
2026-10-08T05:00:30.4950843Z PASS N-1..5 mutation guards reject each broken contract
2026-10-08T05:00:30.4980003Z PASS 2135 white setup and larger native text/icons without bitmap scaling
2026-10-08T05:00:30.5009686Z PASS R212 generated app-running paths skip PowerShell only after confirmed upgrade exit
2026-10-08T05:00:30.5034158Z PASS R212 real onInit template records its first instruction and repeated probes declare one variable
2026-10-08T05:00:30.5059994Z PASS R212 mutation rejects unconditional PowerShell and updated uninstaller checks
2026-10-08T05:00:30.5204489Z PASS R119 补位标签只认后端下发的布尔 true，证据缺失时一个都不渲染
2026-10-08T05:00:30.5259785Z PASS R119 详情概览的队友/对手行按参与者逐个决定是否带补位标签
2026-10-08T05:00:30.5289280Z PASS 总览战绩详情只突出当前玩家名称
2026-10-08T05:00:30.5290336Z PASS R119 补位标签复用现有 chip 尺寸与主题令牌，不写死颜色
2026-10-08T05:00:30.5460280Z PASS R89 parallel supplements start before first overview resolves and survive ref adoption without duplicates
2026-10-08T05:00:30.5499635Z PASS R89 catalog failure retries once after backoff and missing IDs report once within a bound
2026-10-08T05:00:30.5501206Z PASS R89 catalog arrival invalidates retained match DOM in all open tabs
2026-10-08T05:00:30.5510153Z PASS R89 completion failure preserves first five and exposes a retry that completes the recent match list
2026-10-08T05:00:30.5519218Z PASS R89 closing an overlay marks it closed and aborts its overview request
2026-10-08T05:00:30.5521370Z PASS R90 complete snapshots never schedule another in-game timer
2026-10-08T05:00:30.5530704Z PASS R90 completeness requires availability, roster, settled history and arena verdict
2026-10-08T05:00:30.5560440Z PASS R90 incomplete snapshots stop after eight retries with a visible refresh exit
2026-10-08T05:00:30.5589550Z PASS R90 inactive tabs and repeated in-game SSE do not reload the roster; phase transitions do
2026-10-08T05:00:30.5636859Z PASS R90 stopped UI has an operable manual refresh and foreground wake checks phase
2026-10-08T05:00:30.5639485Z PASS R90 actual loader bypasses cache for manual refresh; R91 supersedes the former manual queue
2026-10-08T05:00:30.5640932Z PASS R178 pending positions retry at ten seconds at most six times, including reconnect
2026-10-08T05:00:30.5642285Z PASS R178 ready positions restore silence, game/phase/generation changes cancel old jobs
2026-10-08T05:00:30.5699645Z PASS 青年瑞兹与海克斯科技安妮在奖池中归入限定
2026-10-08T05:00:30.5744949Z PASS 奖池限定排在传说之前，其余按奖池品质顺序比较
2026-10-08T05:00:30.5745759Z PASS 自动主题严格按本地时间在 06:00 和 18:00 切换
2026-10-08T05:00:30.5746427Z PASS 品质与数量排序默认从高到低
2026-10-08T05:00:30.5747088Z PASS 普通炫彩始终平铺且不再提示悬停展开
2026-10-08T05:00:30.5759292Z PASS 炫彩横栏保留页面纵向滚动，仅在 Shift 滚轮时横移
2026-10-08T05:00:30.5818269Z PASS 炫彩横栏包含臻彩并只显示去掉所属皮肤后的短名称
2026-10-08T05:00:30.5819347Z PASS 臻彩详情可在普通炫彩图与独立原画之间切换
2026-10-08T05:00:30.5820170Z PASS 卡片等待图片时显示加载中，失败后才显示暂无预览
2026-10-08T05:00:30.5820940Z PASS 详情与炫彩导航共用全局图标尺寸令牌
2026-10-08T05:00:30.5821756Z PASS 奖池不再使用三合一优先层级并在切换拥有状态时重置品质
2026-10-08T05:00:30.5822540Z PASS 主滚动区域从顶部栏下方开始且不显示滚动条箭头
2026-10-08T05:00:30.5823354Z PASS 收藏临时筛选会恢复默认值，奖池详情按实际展示顺序导航
2026-10-08T05:00:30.5824633Z PASS 皮肤详情只在英雄分组时按英雄切换，其余视图按当前展示顺序
2026-10-08T05:00:30.5825761Z PASS 最小窗口使用应用内排序菜单并在工具栏内换行
2026-10-08T05:00:30.5826901Z PASS 炫彩显隐不再扫描整棵 DOM 或触发布局测量
2026-10-08T05:00:30.5827932Z PASS 大量炫彩的显隐统计保持线性且远低于一帧交互预算
2026-10-08T05:00:30.5837315Z PASS 卡片资源采用可视区延迟加载且远程臻彩受独立并发限制
2026-10-08T05:00:30.6350115Z PASS R116-E rankedQueueLabel is defined in production source and resolves every queue
2026-10-08T05:00:30.6389899Z PASS R116-E the scattered 440 ternaries are gone from gameplay.js
2026-10-08T05:00:30.6406855Z PASS R116-E the queue switcher grows a third mayhem tab only where it is honest
2026-10-08T05:00:30.6424404Z PASS R116-E the switcher click gate accepts the mayhem tab in the recent scope only
2026-10-08T05:00:30.6426235Z PASS R116-E rankedQueueData labels the mayhem tab and marks lanes as not applicable
2026-10-08T05:00:30.6427629Z PASS R116-E card headings stay truthful once mayhem games are counted
2026-10-08T05:00:30.6429119Z PASS R116-E the season champion card no longer calls every game ranked
2026-10-08T05:00:30.6475984Z PASS R116-E the backend refuses to fall back to all-queue position stats
2026-10-08T05:00:30.6509714Z PASS R116-E personal mayhem builds render only when the backend says they are available
2026-10-08T05:00:30.6541597Z PASS R116-E the build tab keeps its three existing blocks and appends the personal query
2026-10-08T05:00:30.6585065Z PASS R116-E the personal build query is lazy-loaded and wired end to end
2026-10-08T05:00:30.6610147Z PASS R116-E adds no new CSS class of its own
2026-10-08T05:00:30.6908998Z PASS R116-D roster sends both sides in game and only allies during champion select
2026-10-08T05:00:30.6940205Z PASS R116-D roster stays empty outside mayhem and for oversized sides
2026-10-08T05:00:30.6969745Z PASS R116-D sends champion ids only and never fetches per-champion hexdata
2026-10-08T05:00:30.6974207Z PASS R116-D recommendation request carries the roster and refetches when it changes
2026-10-08T05:00:30.6999673Z PASS R116-D degrades to no roster params when the roster helper is unavailable
2026-10-08T05:00:30.7024760Z PASS R116-D renders inline bars for hits and nothing at all for misses
2026-10-08T05:00:30.7049484Z PASS R116-D degrades notices whose evidence is not supported
2026-10-08T05:00:30.7079765Z PASS R116-D renders team portrait tags in our own header only
2026-10-08T05:00:30.7109530Z PASS R116-D insight rendering is unchanged when no payload is passed
2026-10-08T05:00:30.7110937Z PASS R116-D placeholder mutation is detected by the empty-payload assertions
2026-10-08T05:00:30.7139762Z PASS R116-D stage two stays out of the client until the probe verdict lands
2026-10-08T05:00:30.7160903Z PASS R116-D styles reuse tokens and existing values only
2026-10-08T05:00:30.7320339Z PASS filter deadline aborts fetch and records a retryable timeout
2026-10-08T05:00:30.7349639Z PASS all five modal lane values match the real backend ranking whitelist
2026-10-08T05:00:30.7379550Z PASS stale success cannot overwrite all, newer lane, or a reopened dialog
2026-10-08T05:00:30.7381799Z PASS stale failure is quiet, current failure resets and is retryable
2026-10-08T05:00:30.7409505Z PASS malformed rows are not cached as a successful empty list
2026-10-08T05:00:30.7439422Z PASS closing the dialog prevents old response application
2026-10-08T05:00:30.7469560Z PASS R87 P9 disposal aborts filtering and late success cannot update the dialog
2026-10-08T05:00:30.7471114Z PASS R128 §2.6 生产 JS 里不再出现口径/因果/关联类说明文案
2026-10-08T05:00:30.7498859Z PASS R128 §2.6 对抗变异：把禁用短语塞回 champions.js，扫描必须抓到
2026-10-08T05:00:30.7504356Z PASS R128 §2.3-A 口径说明的实现、调用点、样式与 shared.js 全部删除
2026-10-08T05:00:30.7506069Z PASS R128 §2.3-B 方法论与免责说明逐条消失
2026-10-08T05:00:30.7554740Z PASS R128 §2.2 表现 tab 底部只保留用户指定的那一句累计说明
2026-10-08T05:00:30.7557696Z PASS R128 §2.3-C 状态/错误/数据回退提示保留不动
2026-10-08T05:00:30.7591718Z PASS R128 §2.1 概览/构筑/表现 tab 改成等分的一级切换
2026-10-08T05:00:30.7621894Z PASS R128 §2.2 表现指标改成逐行列表，多杀四项合并成一行
2026-10-08T05:00:30.7649270Z PASS R128 §2.4 概览顺序与推荐卡标题行
2026-10-08T05:00:30.7661766Z PASS R128 §2.5 规则写进 AGENTS.md 与 CLAUDE.md，旧工单要求标注撤销
2026-10-08T05:00:30.7662906Z 构建指纹：62b5b7b6b536
2026-10-08T05:00:30.7663783Z app_start 版本：（日志里没有带 version 的记录）
2026-10-08T05:00:30.7665171Z card_image_stalled 事件支持：无法确认（日志里没有带 version 的 app_start 记录），0 条 stall 不算证据
2026-10-08T05:00:30.7667049Z 运行 ID：794083ef4812f210ecde108e
2026-10-08T05:00:30.7668344Z 时间跨度：2026-09-23T09:59:20.000Z ~ 2026-09-23T10:00:00.000Z（0 分 40 秒）
2026-10-08T05:00:30.7669339Z 
2026-10-08T05:00:30.7669833Z 记录总数：4（解析失败 0 行）
2026-10-08T05:00:30.7670657Z card_image_stalled：1 条
2026-10-08T05:00:30.7671730Z local_request_client/failed(endpoint=image)：3 条（timeout 3）
2026-10-08T05:00:30.7672847Z client_diagnostic_rejected：0 条
2026-10-08T05:00:30.7673971Z 窗口口径：stall 前 60000ms ~ 后 10000ms；积压判定阈值 3 条图片失败
2026-10-08T05:00:30.7674643Z 
2026-10-08T05:00:30.7675577Z   #1 2026-09-23T10:00:00.000Z reason=watchdog active=8 queued=6 sourceIndex=0 imageSource=gtimg
2026-10-08T05:00:30.7676922Z       窗口内图片失败：3 条 → backlog
2026-10-08T05:00:30.7677465Z 
2026-10-08T05:00:30.7678001Z 判定：backlog-only
2026-10-08T05:00:30.7679795Z 第二层积压：每条 stall 的窗口里都有大量图片失败，说明第二层在正常超时/重试，名额是被排队等满看门狗时长的卡片占住的。该调的是第二层的远程/本机道名额，不是 R130 的合成 error / 看门狗。
2026-10-08T05:00:30.7680823Z 构建指纹：62b5b7b6b536
2026-10-08T05:00:30.7681569Z app_start 版本：（日志里没有带 version 的记录）
2026-10-08T05:00:30.7682741Z card_image_stalled 事件支持：无法确认（日志里没有带 version 的 app_start 记录），0 条 stall 不算证据
2026-10-08T05:00:30.7683793Z 运行 ID：794083ef4812f210ecde108e
2026-10-08T05:00:30.7684852Z 时间跨度：2026-09-23T10:00:00.000Z ~ 2026-09-23T10:00:00.000Z（0 分 0 秒）
2026-10-08T05:00:30.7685468Z 
2026-10-08T05:00:30.7685961Z 记录总数：1（解析失败 0 行）
2026-10-08T05:00:30.7686575Z card_image_stalled：1 条
2026-10-08T05:00:30.7687399Z local_request_client/failed(endpoint=image)：0 条
2026-10-08T05:00:30.7688304Z client_diagnostic_rejected：0 条
2026-10-08T05:00:30.7689456Z 窗口口径：stall 前 60000ms ~ 后 10000ms；积压判定阈值 3 条图片失败
2026-10-08T05:00:30.7689966Z 
2026-10-08T05:00:30.7690782Z   #1 2026-09-23T10:00:00.000Z reason=watchdog active=8 queued=6 sourceIndex=0 imageSource=gtimg
2026-10-08T05:00:30.7692346Z       窗口内图片失败：0 条 → notify-gap
2026-10-08T05:00:30.7692808Z 
2026-10-08T05:00:30.7693172Z 判定：notify-gap
2026-10-08T05:00:30.7694327Z 通知失败：有 stall 的窗口里一条图片失败都没有，说明第二层放弃时又没能通知到第一层，合成 error 的某个闸门有漏洞。这是新缺陷，按项目惯例另开工单，不要和积压混在一起改。
2026-10-08T05:00:30.7695094Z {
2026-10-08T05:00:30.7695598Z   "verdict": "notify-gap",
2026-10-08T05:00:30.7696138Z   "totals": {
2026-10-08T05:00:30.7696634Z     "records": 1,
2026-10-08T05:00:30.7697147Z     "stalls": 1,
2026-10-08T05:00:30.7697894Z     "imageFailures": 0,
2026-10-08T05:00:30.7698696Z     "rejected": 0,
2026-10-08T05:00:30.7699275Z     "malformed": 0
2026-10-08T05:00:30.7699755Z   },
2026-10-08T05:00:30.7700364Z   "failureKinds": {},
2026-10-08T05:00:30.7700936Z   "identity": {
2026-10-08T05:00:30.7701551Z     "buildFingerprints": [
2026-10-08T05:00:30.7702223Z       "62b5b7b6b536"
2026-10-08T05:00:30.7702758Z     ],
2026-10-08T05:00:30.7703268Z     "runIDs": [
2026-10-08T05:00:30.7703917Z       "794083ef4812f210ecde108e"
2026-10-08T05:00:30.7704528Z     ],
2026-10-08T05:00:30.7705043Z     "versions": []
2026-10-08T05:00:30.7705615Z   },
2026-10-08T05:00:30.7706126Z   "eventSupport": {
2026-10-08T05:00:30.7706684Z     "known": false,
2026-10-08T05:00:30.7707284Z     "versions": [],
2026-10-08T05:00:30.7707916Z     "minRequired": "0.12.18",
2026-10-08T05:00:30.7709526Z     "sufficient": false
2026-10-08T05:00:30.7710163Z   },
2026-10-08T05:00:30.7710714Z   "span": {
2026-10-08T05:00:30.7711390Z     "earliest": 1790157600000,
2026-10-08T05:00:30.7712132Z     "latest": 1790157600000,
2026-10-08T05:00:30.7712864Z     "durationMs": 0
2026-10-08T05:00:30.7713423Z   },
2026-10-08T05:00:30.7713937Z   "window": {
2026-10-08T05:00:30.7714539Z     "windowMs": 60000,
2026-10-08T05:00:30.7715185Z     "forwardMs": 10000,
2026-10-08T05:00:30.7715935Z     "backlogThreshold": 3
2026-10-08T05:00:30.7716594Z   },
2026-10-08T05:00:30.7717158Z   "stalls": [
2026-10-08T05:00:30.7717704Z     {
2026-10-08T05:00:30.7718348Z       "at": 1790157600000,
2026-10-08T05:00:30.7719501Z       "runId": "794083ef4812f210ecde108e",
2026-10-08T05:00:30.7720443Z       "time": "2026-09-23T10:00:00.000Z",
2026-10-08T05:00:30.7721254Z       "reason": "watchdog",
2026-10-08T05:00:30.7722052Z       "activeCardImages": 8,
2026-10-08T05:00:30.7722808Z       "queued": 6,
2026-10-08T05:00:30.7723501Z       "sourceIndex": 0,
2026-10-08T05:00:30.7724397Z       "imageSource": "gtimg",
2026-10-08T05:00:30.7725303Z       "buildFingerprint": "62b5b7b6b536",
2026-10-08T05:00:30.7726200Z       "windowImageFailures": 0,
2026-10-08T05:00:30.7727114Z       "classification": "notify-gap"
2026-10-08T05:00:30.7727840Z     }
2026-10-08T05:00:30.7728390Z   ],
2026-10-08T05:00:30.7729272Z   "rejected": [],
2026-10-08T05:00:30.7729909Z   "source": {
2026-10-08T05:00:30.7730715Z     "file": "/tmp/r133-7qLyhr/gap.jsonl",
2026-10-08T05:00:30.7731517Z     "lines": 2
2026-10-08T05:00:30.7732113Z   }
2026-10-08T05:00:30.7732660Z }
2026-10-08T05:00:30.7734517Z 用法：node scripts/r133-stall-log-report.cjs <lol-loot-diagnostics-*.jsonl> [--json] [--window 60000] [--forward 10000] [--backlog-threshold 3]
2026-10-08T05:00:30.7736396Z PASS R133 一条 stall 都没有、且日志出自支持该事件的包时判 clean，P2 可以直接结项
2026-10-08T05:00:30.7737502Z PASS R133 对抗变异：旧包的日志里 0 条 stall 不得判成 clean
2026-10-08T05:00:30.7738818Z PASS R133 版本比较不引入 semver 依赖也够用
2026-10-08T05:00:30.7739796Z PASS R133 stall 窗口里有大量图片失败 → 第二层积压，不是 R130 的修复失效
2026-10-08T05:00:30.7740742Z PASS R134 对抗变异：另一次启动的图片失败不能把通知缺口判成积压
2026-10-08T05:00:30.7741667Z PASS R134 同一次启动的图片失败仍能判积压，缺 run_id 的旧日志沿用全局窗口
2026-10-08T05:00:30.7742575Z PASS R133 stall 窗口里一条图片失败都没有 → 通知失败，必须另开工单
2026-10-08T05:00:30.7743437Z PASS R133 图片失败数不够阈值时判 inconclusive，不猜方向
2026-10-08T05:00:30.7744290Z PASS R133 对抗变异：把窗口算错（全量计数当成窗口计数）必须被测出来
2026-10-08T05:00:30.7745042Z PASS R133 白名单被回退时优先级最高，盖过其它判定
2026-10-08T05:00:30.7745919Z PASS R133 缺 time 字段的 stall 判 undated，不在缺时间戳的情况下判成因
2026-10-08T05:00:30.7746791Z PASS R133 多条 stall 各自判，不拿全局总数摊平
2026-10-08T05:00:30.7747572Z PASS R133 坏行不静默跳过，避免把截断的日志当成没有 stall
2026-10-08T05:00:30.7749022Z PASS R133 报告里带上构建指纹与时间跨度，读数的人能确认是不是 0.12.18 那个包
2026-10-08T05:00:30.7750264Z PASS R133 命令行：参数解析、退出码与 --json
2026-10-08T05:00:30.7751188Z PASS R133 每种判定都有对应的人话结论，不会输出空判词
2026-10-08T05:00:30.7752371Z PASS setup-only release hashes actual renamed bytes and emits exactly three files
2026-10-08T05:00:30.7753736Z PASS invalid release identities and spaced assets are refused
2026-10-08T05:00:30.8670350Z PASS test sharding is stable and covers every test exactly once
2026-10-08T05:00:30.8698875Z PASS known slow tests are spread across shards
2026-10-08T05:00:30.8739478Z PASS shard count is bounded and configurable
2026-10-08T05:00:30.8865965Z PASS R150 Arena hero header uses the selected YOUR.GG list row, including OP versus S
2026-10-08T05:00:30.8919730Z PASS R150 one shared letter scale renders seven hexagons and no numeric badges
2026-10-08T05:00:30.8949594Z PASS R150 local augment score stays hidden; official item score and hexagon remain
2026-10-08T05:00:30.8950928Z PASS R150 grade sorting uses letter then official score then samples
2026-10-08T05:00:30.8968297Z PASS R150 sidebar stays at most 214px with aligned logo and collapsed width
2026-10-08T05:00:30.8999545Z PASS 定制便携版模板存在且保留缓存秒开的关键行为
2026-10-08T05:00:30.9029679Z PASS 打包配置与模板配套：asarUnpack 后端、不再使用解压期启动图
2026-10-08T05:00:30.9030710Z PASS 所有桌面运行时本地模块都进入 app.asar 和源码指纹
2026-10-08T05:00:30.9059342Z PASS Shell 只构建 setup 并复用 Electron 下载缓存
2026-10-08T05:00:30.9089505Z PASS 历史 portable 模板工具替换指纹占位符并拒绝过期模板
2026-10-08T05:00:30.9090273Z PASS 模板前置校验拒绝未替换占位符，后端内容变化会改变指纹
2026-10-08T05:00:30.9090944Z PASS 模板指纹仅读取指定工作目录的四个输入
2026-10-08T05:00:30.9091638Z PASS 交错执行破坏性模板测试不会污染另一个构建的后端和模板
2026-10-08T05:00:30.9092367Z PASS 默认只有 setup 目标，安装选项和外观资源保持完整
2026-10-08T05:00:30.9093454Z PASS R71 executable resource editing stays enabled and branded setup has exactly two choices
2026-10-08T05:00:30.9094838Z PASS NSIS page functions wait until standard builder plugins are available
2026-10-08T05:00:30.9095894Z PASS R123 retired write surfaces are gone from the suite page
2026-10-08T05:00:30.9096934Z PASS R123 favorites page exposes the facade collection subpage
2026-10-08T05:00:30.9097936Z PASS R123 owned counts are derived from catalog data, not hardcoded
2026-10-08T05:00:30.9099567Z PASS R123 unowned entries hide when the toggle is off (R130: icons default to owned-only)
2026-10-08T05:00:30.9100466Z PASS R123 ownership-unavailable payloads downgrade state badges and locks
2026-10-08T05:00:30.9101040Z PASS R123 filters and sorts follow the worklist dimensions
2026-10-08T05:00:30.9101660Z PASS R124 ownership-unavailable catalog survives a previously closed unowned toggle
2026-10-08T05:00:30.9102219Z PASS R125 icon tiles render at native square size
2026-10-08T05:00:30.9102801Z PASS upgrade stdout may arrive after exit but before close without a false startup error
2026-10-08T05:00:30.9103467Z PASS user quit shares the graceful path; unexpected backend death still reports
2026-10-08T05:00:30.9159599Z PASS R114 rank card popover presents only the supported Mayhem estimate
2026-10-08T05:00:30.9189605Z PASS R114 overview automatically queries once with an opaque reference
2026-10-08T05:00:30.9215244Z PASS R114 Korean overview never calls the CN-only ARAMKit endpoint
2026-10-08T05:00:30.9620480Z PASS R146 blue essence keeps its size and other icons match its visual size
2026-10-08T05:00:30.9640891Z PASS R146 fit centres the visible box and leaves opaque or empty images alone
2026-10-08T05:00:30.9679661Z PASS R146 css no longer carries per-item icon scale hacks and the loader normalizes on load
2026-10-08T05:00:31.0244198Z PASS R88 crash hooks write synchronous reviewed records without swallowing fatal exceptions
2026-10-08T05:00:31.0245811Z PASS R88 seven-day desktop export excludes old records in every generation and keeps crash fields private
2026-10-08T05:00:31.0441797Z PASS R87 diagnostics support an optional independent export directory with bounded collision-free names
2026-10-08T05:00:31.0470178Z PASS R71 diagnostics do not redirect foreign downloads, redirects, or missing directory selections
2026-10-08T05:00:31.0499607Z PASS R71 interrupted downloads release reservations and the hook is packaged and disposed
2026-10-08T05:00:31.0550090Z PASS only completed diagnostics downloads enable opening the exported file folder
2026-10-08T05:00:31.0553067Z PASS R87 P8 first export and unusable directories still report the actual Save dialog path
2026-10-08T05:00:31.0604912Z PASS R87 P8 cancellation, invalid save paths and disposed windows never emit completion
2026-10-08T05:00:31.0619437Z PASS R112 correlated exports preserve IDs and still reject foreign/redirected query URLs
2026-10-08T05:00:31.0669531Z PASS R82 splash appears only when painted and reports its actual show time
2026-10-08T05:00:31.0699756Z PASS R82 closed splash cannot be resurrected by late readiness
2026-10-08T05:00:31.0729562Z PASS R82 fallback boots a stalled splash; quitting cancels all startup triggers
2026-10-08T05:00:31.0730872Z PASS R82 all four requested splash mutations fail real event-driven checks
2026-10-08T05:00:31.0760218Z PASS R175 actual backend close and restart IPC export only safe panic/relaunch evidence
2026-10-08T05:00:31.0789688Z PASS R175 relaunch marker computes elapsed time, deletes once, tolerates missing/corrupt files
2026-10-08T05:00:31.0791187Z PASS R175 stderr is limited to 64 KiB; frame arguments and unreviewed fields cannot pass export
2026-10-08T05:00:31.0792481Z PASS 分享图文件名会清理路径字符并固定为 PNG
2026-10-08T05:00:31.0807972Z PASS 分享图载荷限制令牌、根节点、大小和主题
2026-10-08T05:00:31.0829105Z PASS 导出样式固定标准桌面双列并强制恢复生涯栏和水印
2026-10-08T05:00:31.0853041Z PASS 常规总览保持 2x，超长总览按像素预算安全降采样
2026-10-08T05:00:31.0879580Z PASS 首次选择目录后持久化，后续自动保存且不覆盖同名 PNG
2026-10-08T05:00:31.0911573Z PASS 取消保存不会创建截图窗口或写文件
2026-10-08T05:00:31.0939591Z PASS R232 native share IPC denies locked work and discards a capture after replacement
2026-10-08T05:00:31.0949473Z PASS 保存令牌只能使用一次，写入失败会记录脱敏错误
2026-10-08T05:00:31.0975535Z PASS 不受信任的 renderer 不能选择路径或提交截图
2026-10-08T05:00:31.0985575Z PASS 设置接口读取并更改主进程保存目录
2026-10-08T05:00:31.1009392Z PASS preload 只暴露受校验的分享接口，不暴露 ipcRenderer
2026-10-08T05:00:31.1039464Z PASS 分享图独立窗口不携带主窗口 zoom，且使用独立内存会话
2026-10-08T05:00:31.1069529Z PASS R110 share capture writes through the common validated staging controller
2026-10-08T05:00:31.1230196Z PASS desktop window opens at 72/80 percent of the work area on roomy screens
2026-10-08T05:00:31.1252186Z PASS small screens fall back to the design-width floor instead of 72 percent
2026-10-08T05:00:31.1256069Z PASS desktop window clamps each dimension independently
2026-10-08T05:00:31.1257608Z PASS desktop main and topbar keep the shared sizing and drag-region callers
2026-10-08T05:00:31.1259385Z PASS R47 desktop caller and high-resolution mutation probes fail
2026-10-08T05:00:31.1260468Z PASS R77 backend spawn waits for the splash to paint
2026-10-08T05:00:31.1261451Z PASS R77 splash keeps the cheap single-frame logo
2026-10-08T05:00:31.1262384Z PASS R77 the instance lock still gates the backend
2026-10-08T05:00:31.1263399Z PASS R77 mutation guards reject each broken boot order
2026-10-08T05:00:31.1265196Z PASS R164 non-Rift teammates stay adjacent by verified premade group while Rift keeps lane order
2026-10-08T05:00:31.1266849Z PASS R165 live chips distinguish private history, hidden identity, and direct autofill
2026-10-08T05:00:31.1268416Z PASS R168 live identity copy separates unresolved champ select names from explicit privacy
2026-10-08T05:00:31.1400499Z PASS R156 Hextech ARAM invitation switch saves 2300, 2400 and 3270 together
2026-10-08T05:00:31.1916342Z PASS R232 generated digest detects replaced backend without adjacent checksum trust
2026-10-08T05:00:31.2230018Z PASS score tooltip renders backend parts with no methodology
2026-10-08T05:00:31.2254324Z PASS incomplete radar preserves valid points without inventing a closed polygon
2026-10-08T05:00:31.2510219Z PASS R166 DPM 780/840 renders the gray outline above the yellow fill with smaller dots
2026-10-08T05:00:31.2539900Z PASS R166 mayhem hover waits 150 ms and rapid travel starts at most one RSC prefetch
2026-10-08T05:00:31.2594725Z PASS window bounds store writes and restores visible bounds
2026-10-08T05:00:31.2613644Z PASS window bounds store rejects bounds that no longer intersect a display
2026-10-08T05:00:31.2658074Z PASS window bounds store silently falls back on corrupt or unwritable data
2026-10-08T05:00:31.2679694Z PASS normalizes build text, preserves BOM and excludes binaries, dependencies and symlinks
2026-10-08T05:00:31.2836832Z PASS R100 P7 first native save persists independently; second and restart save without prompt; no overwrite
2026-10-08T05:00:31.2879799Z PASS R100 P7 deleted/replaced directory re-prompts at actual write; cancel cleans staging
2026-10-08T05:00:31.2884732Z PASS R100 P7 rejects foreign renderer and symbolic link files; packaged controller
2026-10-08T05:00:31.2951969Z PASS R100 P7 failed SavePath access and window disposal remove private staged downloads
2026-10-08T05:00:31.3085335Z PASS R161 ranked live roster remains retryable until both teams have five players
2026-10-08T05:00:31.3109881Z PASS R161 partial ranked roster retries quickly and position chip has no reserved gap
2026-10-08T05:00:31.3131103Z PASS R185 desktop metrics sample once per minute by process type and export only safe fields
2026-10-08T05:00:31.3133096Z PASS R185 unknown backend memory is omitted and disposing a pending sample prevents late export
2026-10-08T05:00:31.3230065Z PASS R126 career draft uses explicit backdrop champion before skin-id inference
2026-10-08T05:00:31.3248964Z PASS R126 career draft stays empty when no background champion evidence exists
2026-10-08T05:00:31.3253009Z PASS R126 facade refresh signature includes the resolved background champion
2026-10-08T05:00:31.3936218Z PASS R163 Hextech ARAM 5+4 roster remains retryable until both teams have five players
2026-10-08T05:00:31.3989462Z PASS R163 partial Hextech ARAM roster retries at five seconds
2026-10-08T05:00:31.4150358Z PASS R110 either export chooses the same remembered folder and updates settings immediately
2026-10-08T05:00:31.4151691Z PASS R110 first share export updates diagnostic destination without another picker
2026-10-08T05:00:31.4169912Z PASS R110 migrates most recent valid old choice once and does not resurrect cleared settings
2026-10-08T05:00:31.4171084Z PASS R110 settings exposes a single export directory
2026-10-08T05:00:31.4202743Z PASS R110 shared PNG destination revalidates replaced folders and preserves PNG names
2026-10-08T05:00:31.4213888Z PASS R206 partial arena keeps successful sections and retries only the requested block
2026-10-08T05:00:31.4249667Z PASS public policy rejects encrypted and plaintext keys; private requires a valid key
2026-10-08T05:00:31.4289597Z PASS build receipt rejects a stale packaged backend and clears obsolete approval
2026-10-08T05:00:31.4329503Z PASS R196 taskbar reminder crosses trusted IPC and stops on focus
2026-10-08T05:00:31.4880252Z PASS R206 upgrade extracts directly only after successful uninstall; manual uses unchanged 7z-out
2026-10-08T05:00:31.4909697Z PASS R206 parent-exited fast path still checks manual and portable installs
2026-10-08T05:00:31.4928281Z PASS R206 app-running macro expands once to avoid duplicate NSIS labels
2026-10-08T05:00:31.5050211Z PASS parses Chromium proxy resolution without accepting credentials
2026-10-08T05:00:31.5079664Z PASS system proxy resolution times out or falls back to direct safely
2026-10-08T05:00:31.5109763Z PASS R204 old-uninstaller timing wraps both scopes and preserves manual flow
2026-10-08T05:00:31.5112110Z PASS R230 preload exposes only bounded clipboard write IPC and main rejects other windows/frames
2026-10-08T05:00:31.5173917Z PASS R201 patches both real extraction paths and the successful copy boundary, idempotently
2026-10-08T05:00:31.5372962Z {
2026-10-08T05:00:31.5373567Z   "scope": "all",
2026-10-08T05:00:31.5374005Z   "platform": "linux",
2026-10-08T05:00:31.5374445Z   "concurrency": 5,
2026-10-08T05:00:31.5374837Z   "groups": [
2026-10-08T05:00:31.5375155Z     {
2026-10-08T05:00:31.5375555Z       "name": "shared-pool",
2026-10-08T05:00:31.5376011Z       "files": 166,
2026-10-08T05:00:31.5376459Z       "concurrency": 5,
2026-10-08T05:00:31.5376890Z       "summary": {
2026-10-08T05:00:31.5377330Z         "success": true,
2026-10-08T05:00:31.5377791Z         "counts": {
2026-10-08T05:00:31.5378325Z           "tests": 1337,
2026-10-08T05:00:31.5379199Z           "failed": 0,
2026-10-08T05:00:31.5379667Z           "passed": 1335,
2026-10-08T05:00:31.5380146Z           "cancelled": 0,
2026-10-08T05:00:31.5380657Z           "skipped": 2,
2026-10-08T05:00:31.5381129Z           "todo": 0,
2026-10-08T05:00:31.5381523Z           "topLevel": 1334,
2026-10-08T05:00:31.5381849Z           "suites": 0
2026-10-08T05:00:31.5382118Z         },
2026-10-08T05:00:31.5382421Z         "duration_ms": 191589.323388
2026-10-08T05:00:31.5382728Z       }
2026-10-08T05:00:31.5382935Z     }
2026-10-08T05:00:31.5383119Z   ],
2026-10-08T05:00:31.5383355Z   "file_budget_ms": 90000,
2026-10-08T05:00:31.5383670Z   "suite_budget_ms": 240000,
2026-10-08T05:00:31.5383947Z   "files": [
2026-10-08T05:00:31.5384147Z     {
2026-10-08T05:00:31.5384604Z       "file": "desktop/overview-render-200-controls.test.cjs",
2026-10-08T05:00:31.5385065Z       "duration_ms": 41916.490142,
2026-10-08T05:00:31.5385398Z       "group": "shared-pool"
2026-10-08T05:00:31.5385659Z     },
2026-10-08T05:00:31.5385866Z     {
2026-10-08T05:00:31.5386270Z       "file": "desktop/overview-render-200-images.test.cjs",
2026-10-08T05:00:31.5386709Z       "duration_ms": 43957.496783,
2026-10-08T05:00:31.5387041Z       "group": "shared-pool"
2026-10-08T05:00:31.5387305Z     },
2026-10-08T05:00:31.5387485Z     {
2026-10-08T05:00:31.5387866Z       "file": "desktop/overview-render-career.test.cjs",
2026-10-08T05:00:31.5388287Z       "duration_ms": 44556.650746,
2026-10-08T05:00:31.5389860Z       "group": "shared-pool"
2026-10-08T05:00:31.5390354Z     },
2026-10-08T05:00:31.5390710Z     {
2026-10-08T05:00:31.5391419Z       "file": "desktop/overview-render-200-external.test.cjs",
2026-10-08T05:00:31.5391921Z       "duration_ms": 61952.668832,
2026-10-08T05:00:31.5392269Z       "group": "shared-pool"
2026-10-08T05:00:31.5392549Z     },
2026-10-08T05:00:31.5392764Z     {
2026-10-08T05:00:31.5393111Z       "file": "desktop/pro-players.test.cjs",
2026-10-08T05:00:31.5393532Z       "duration_ms": 64157.51495,
2026-10-08T05:00:31.5393864Z       "group": "shared-pool"
2026-10-08T05:00:31.5394132Z     },
2026-10-08T05:00:31.5394311Z     {
2026-10-08T05:00:31.5394744Z       "file": "desktop/overview-render-requests-live.test.cjs",
2026-10-08T05:00:31.5395223Z       "duration_ms": 32812.082206,
2026-10-08T05:00:31.5395561Z       "group": "shared-pool"
2026-10-08T05:00:31.5395829Z     },
2026-10-08T05:00:31.5396033Z     {
2026-10-08T05:00:31.5396424Z       "file": "desktop/overview-render-200-expand.test.cjs",
2026-10-08T05:00:31.5396891Z       "duration_ms": 36689.709157,
2026-10-08T05:00:31.5397200Z       "group": "shared-pool"
2026-10-08T05:00:31.5397472Z     },
2026-10-08T05:00:31.5397653Z     {
2026-10-08T05:00:31.5398091Z       "file": "desktop/overview-render-events.test.cjs",
2026-10-08T05:00:31.5399142Z       "duration_ms": 40618.987075,
2026-10-08T05:00:31.5399619Z       "group": "shared-pool"
2026-10-08T05:00:31.5399927Z     },
2026-10-08T05:00:31.5400140Z     {
2026-10-08T05:00:31.5400522Z       "file": "desktop/overview-render-tools.test.cjs",
2026-10-08T05:00:31.5400936Z       "duration_ms": 30056.801456,
2026-10-08T05:00:31.5401265Z       "group": "shared-pool"
2026-10-08T05:00:31.5401524Z     },
2026-10-08T05:00:31.5401721Z     {
2026-10-08T05:00:31.5402290Z       "file": "desktop/overview-render-requests.test.cjs",
2026-10-08T05:00:31.5402810Z       "duration_ms": 32848.042521,
2026-10-08T05:00:31.5403169Z       "group": "shared-pool"
2026-10-08T05:00:31.5403489Z     },
2026-10-08T05:00:31.5403725Z     {
2026-10-08T05:00:31.5404122Z       "file": "desktop/overview-render-200-filter.test.cjs",
2026-10-08T05:00:31.5404572Z       "duration_ms": 27233.050629,
2026-10-08T05:00:31.5404907Z       "group": "shared-pool"
2026-10-08T05:00:31.5405151Z     },
2026-10-08T05:00:31.5405356Z     {
2026-10-08T05:00:31.5405758Z       "file": "desktop/overview-render-200-timeline.test.cjs",
2026-10-08T05:00:31.5406257Z       "duration_ms": 29198.24015,
2026-10-08T05:00:31.5406653Z       "group": "shared-pool"
2026-10-08T05:00:31.5406927Z     },
2026-10-08T05:00:31.5407118Z     {
2026-10-08T05:00:31.5407446Z       "file": "desktop/overview-render.test.cjs",
2026-10-08T05:00:31.5407841Z       "duration_ms": 27833.662482,
2026-10-08T05:00:31.5408177Z       "group": "shared-pool"
2026-10-08T05:00:31.5408424Z     },
2026-10-08T05:00:31.5408849Z     {
2026-10-08T05:00:31.5409212Z       "file": "desktop/pro-runes-render.test.cjs",
2026-10-08T05:00:31.5409592Z       "duration_ms": 23211.214848,
2026-10-08T05:00:31.5411397Z       "group": "shared-pool"
2026-10-08T05:00:31.5411690Z     },
2026-10-08T05:00:31.5411904Z     {
2026-10-08T05:00:31.5412350Z       "file": "desktop/overview-render-controls-mutants.test.cjs",
2026-10-08T05:00:31.5412873Z       "duration_ms": 27146.660323,
2026-10-08T05:00:31.5413191Z       "group": "shared-pool"
2026-10-08T05:00:31.5413440Z     },
2026-10-08T05:00:31.5413623Z     {
2026-10-08T05:00:31.5413927Z       "file": "backend/web/update.test.cjs",
2026-10-08T05:00:31.5414293Z       "duration_ms": 17497.46117,
2026-10-08T05:00:31.5414601Z       "group": "shared-pool"
2026-10-08T05:00:31.5414842Z     },
2026-10-08T05:00:31.5415020Z     {
2026-10-08T05:00:31.5415302Z       "file": "backend/web/r192.test.cjs",
2026-10-08T05:00:31.5415660Z       "duration_ms": 15975.103027,
2026-10-08T05:00:31.5415960Z       "group": "shared-pool"
2026-10-08T05:00:31.5416196Z     },
2026-10-08T05:00:31.5416376Z     {
2026-10-08T05:00:31.5416651Z       "file": "backend/web/r231.test.cjs",
2026-10-08T05:00:31.5416991Z       "duration_ms": 14643.39811,
2026-10-08T05:00:31.5417288Z       "group": "shared-pool"
2026-10-08T05:00:31.5417530Z     },
2026-10-08T05:00:31.5417708Z     {
2026-10-08T05:00:31.5418104Z       "file": "desktop/specialist-overview-render.test.cjs",
2026-10-08T05:00:31.5418823Z       "duration_ms": 8098.589251,
2026-10-08T05:00:31.5419138Z       "group": "shared-pool"
2026-10-08T05:00:31.5419566Z     },
2026-10-08T05:00:31.5419887Z     {
2026-10-08T05:00:31.5420536Z       "file": "desktop/refresh-orchestration.test.cjs",
2026-10-08T05:00:31.5421247Z       "duration_ms": 17600.610646,
2026-10-08T05:00:31.5421788Z       "group": "shared-pool"
2026-10-08T05:00:31.5422202Z     },
2026-10-08T05:00:31.5422510Z     {
2026-10-08T05:00:31.5423056Z       "file": "backend/web/r116b.test.cjs",
2026-10-08T05:00:31.5423699Z       "duration_ms": 7438.043819,
2026-10-08T05:00:31.5424236Z       "group": "shared-pool"
2026-10-08T05:00:31.5424662Z     },
2026-10-08T05:00:31.5424968Z     {
2026-10-08T05:00:31.5425574Z       "file": "scripts/setup-only-build.test.cjs",
2026-10-08T05:00:31.5426260Z       "duration_ms": 19573.377077,
2026-10-08T05:00:31.5426794Z       "group": "shared-pool"
2026-10-08T05:00:31.5427212Z     },
2026-10-08T05:00:31.5427521Z     {
2026-10-08T05:00:31.5428310Z       "file": "desktop/ui-scale-render.test.cjs",
2026-10-08T05:00:31.5429194Z       "duration_ms": 8582.903575,
2026-10-08T05:00:31.5429720Z       "group": "shared-pool"
2026-10-08T05:00:31.5430139Z     },
2026-10-08T05:00:31.5430439Z     {
2026-10-08T05:00:31.5431067Z       "file": "scripts/r82-startup-ab-script.test.cjs",
2026-10-08T05:00:31.5431769Z       "duration_ms": 35359.382221,
2026-10-08T05:00:31.5432294Z       "group": "shared-pool"
2026-10-08T05:00:31.5432712Z     },
2026-10-08T05:00:31.5433172Z     {
2026-10-08T05:00:31.5433706Z       "file": "backend/web/r209.test.cjs",
2026-10-08T05:00:31.5434333Z       "duration_ms": 6435.284888,
2026-10-08T05:00:31.5434899Z       "group": "shared-pool"
2026-10-08T05:00:31.5435334Z     },
2026-10-08T05:00:31.5435645Z     {
2026-10-08T05:00:31.5436227Z       "file": "backend/web/champions.test.cjs",
2026-10-08T05:00:31.5436893Z       "duration_ms": 6633.085901,
2026-10-08T05:00:31.5437417Z       "group": "shared-pool"
2026-10-08T05:00:31.5437819Z     },
2026-10-08T05:00:31.5438114Z     {
2026-10-08T05:00:31.5438783Z       "file": "backend/web/r116f.test.cjs",
2026-10-08T05:00:31.5439380Z       "duration_ms": 7071.083886,
2026-10-08T05:00:31.5439920Z       "group": "shared-pool"
2026-10-08T05:00:31.5440349Z     },
2026-10-08T05:00:31.5440701Z     {
2026-10-08T05:00:31.5441243Z       "file": "desktop/r230-render.test.cjs",
2026-10-08T05:00:31.5441893Z       "duration_ms": 10709.822062,
2026-10-08T05:00:31.5442423Z       "group": "shared-pool"
2026-10-08T05:00:31.5442810Z     },
2026-10-08T05:00:31.5443101Z     {
2026-10-08T05:00:31.5443593Z       "file": "backend/web/gameplay.test.cjs",
2026-10-08T05:00:31.5444174Z       "duration_ms": 6927.952044,
2026-10-08T05:00:31.5444657Z       "group": "shared-pool"
2026-10-08T05:00:31.5445116Z     },
2026-10-08T05:00:31.5445427Z     {
2026-10-08T05:00:31.5445966Z       "file": "backend/web/r196.test.cjs",
2026-10-08T05:00:31.5446617Z       "duration_ms": 7865.536177,
2026-10-08T05:00:31.5446985Z       "group": "shared-pool"
2026-10-08T05:00:31.5447243Z     },
2026-10-08T05:00:31.5447430Z     {
2026-10-08T05:00:31.5447723Z       "file": "backend/web/r105.test.cjs",
2026-10-08T05:00:31.5448070Z       "duration_ms": 6732.190302,
2026-10-08T05:00:31.5448379Z       "group": "shared-pool"
2026-10-08T05:00:31.5448990Z     },
2026-10-08T05:00:31.5449178Z     {
2026-10-08T05:00:31.5449465Z       "file": "backend/web/r130.test.cjs",
2026-10-08T05:00:31.5449818Z       "duration_ms": 5184.113666,
2026-10-08T05:00:31.5450122Z       "group": "shared-pool"
2026-10-08T05:00:31.5450509Z     },
2026-10-08T05:00:31.5450700Z     {
2026-10-08T05:00:31.5451075Z       "file": "backend/web/r179.test.cjs",
2026-10-08T05:00:31.5451746Z       "duration_ms": 4763.675902,
2026-10-08T05:00:31.5452288Z       "group": "shared-pool"
2026-10-08T05:00:31.5452708Z     },
2026-10-08T05:00:31.5453017Z     {
2026-10-08T05:00:31.5453397Z       "file": "backend/web/r224.test.cjs",
2026-10-08T05:00:31.5453755Z       "duration_ms": 3662.37141,
2026-10-08T05:00:31.5454062Z       "group": "shared-pool"
2026-10-08T05:00:31.5454311Z     },
2026-10-08T05:00:31.5454489Z     {
2026-10-08T05:00:31.5454772Z       "file": "backend/web/r210.test.cjs",
2026-10-08T05:00:31.5455122Z       "duration_ms": 3604.527369,
2026-10-08T05:00:31.5455425Z       "group": "shared-pool"
2026-10-08T05:00:31.5455665Z     },
2026-10-08T05:00:31.5455843Z     {
2026-10-08T05:00:31.5456175Z       "file": "desktop/diagnostics-2135.test.cjs",
2026-10-08T05:00:31.5456549Z       "duration_ms": 2778.541962,
2026-10-08T05:00:31.5456849Z       "group": "shared-pool"
2026-10-08T05:00:31.5457092Z     },
2026-10-08T05:00:31.5457267Z     {
2026-10-08T05:00:31.5457550Z       "file": "backend/web/r127.test.cjs",
2026-10-08T05:00:31.5457894Z       "duration_ms": 3546.723417,
2026-10-08T05:00:31.5458183Z       "group": "shared-pool"
2026-10-08T05:00:31.5458417Z     },
2026-10-08T05:00:31.5458867Z     {
2026-10-08T05:00:31.5459150Z       "file": "backend/web/r213.test.cjs",
2026-10-08T05:00:31.5459489Z       "duration_ms": 3039.402558,
2026-10-08T05:00:31.5459963Z       "group": "shared-pool"
2026-10-08T05:00:31.5460206Z     },
2026-10-08T05:00:31.5460381Z     {
2026-10-08T05:00:31.5460660Z       "file": "backend/web/r204.test.cjs",
2026-10-08T05:00:31.5461004Z       "duration_ms": 3371.550755,
2026-10-08T05:00:31.5461298Z       "group": "shared-pool"
2026-10-08T05:00:31.5461534Z     },
2026-10-08T05:00:31.5461717Z     {
2026-10-08T05:00:31.5461995Z       "file": "backend/web/r219.test.cjs",
2026-10-08T05:00:31.5462445Z       "duration_ms": 3384.547606,
2026-10-08T05:00:31.5462747Z       "group": "shared-pool"
2026-10-08T05:00:31.5462979Z     },
2026-10-08T05:00:31.5463151Z     {
2026-10-08T05:00:31.5463431Z       "file": "backend/web/r154.test.cjs",
2026-10-08T05:00:31.5463768Z       "duration_ms": 3381.125415,
2026-10-08T05:00:31.5464063Z       "group": "shared-pool"
2026-10-08T05:00:31.5464295Z     },
2026-10-08T05:00:31.5464473Z     {
2026-10-08T05:00:31.5464802Z       "file": "desktop/installer-startup.test.cjs",
2026-10-08T05:00:31.5465196Z       "duration_ms": 2777.843291,
2026-10-08T05:00:31.5465494Z       "group": "shared-pool"
2026-10-08T05:00:31.5465729Z     },
2026-10-08T05:00:31.5465924Z     {
2026-10-08T05:00:31.5466214Z       "file": "backend/web/r188.test.cjs",
2026-10-08T05:00:31.5466552Z       "duration_ms": 3065.616134,
2026-10-08T05:00:31.5466843Z       "group": "shared-pool"
2026-10-08T05:00:31.5467083Z     },
2026-10-08T05:00:31.5467256Z     {
2026-10-08T05:00:31.5467546Z       "file": "backend/web/suite.test.cjs",
2026-10-08T05:00:31.5467896Z       "duration_ms": 4139.044742,
2026-10-08T05:00:31.5468191Z       "group": "shared-pool"
2026-10-08T05:00:31.5468423Z     },
2026-10-08T05:00:31.5468912Z     {
2026-10-08T05:00:31.5469213Z       "file": "backend/web/r207.test.cjs",
2026-10-08T05:00:31.5469567Z       "duration_ms": 3258.166636,
2026-10-08T05:00:31.5470133Z       "group": "shared-pool"
2026-10-08T05:00:31.5470580Z     },
2026-10-08T05:00:31.5470892Z     {
2026-10-08T05:00:31.5471430Z       "file": "backend/web/r229.test.cjs",
2026-10-08T05:00:31.5472111Z       "duration_ms": 2286.687983,
2026-10-08T05:00:31.5472702Z       "group": "shared-pool"
2026-10-08T05:00:31.5473163Z     },
2026-10-08T05:00:31.5473525Z     {
2026-10-08T05:00:31.5474095Z       "file": "desktop/installer-shell.test.cjs",
2026-10-08T05:00:31.5474805Z       "duration_ms": 3177.50673,
2026-10-08T05:00:31.5475382Z       "group": "shared-pool"
2026-10-08T05:00:31.5475846Z     },
2026-10-08T05:00:31.5476181Z     {
2026-10-08T05:00:31.5476735Z       "file": "backend/web/r95.test.cjs",
2026-10-08T05:00:31.5477282Z       "duration_ms": 3063.586669,
2026-10-08T05:00:31.5477600Z       "group": "shared-pool"
2026-10-08T05:00:31.5477846Z     },
2026-10-08T05:00:31.5478081Z     {
2026-10-08T05:00:31.5478406Z       "file": "backend/web/r91-addendum.test.cjs",
2026-10-08T05:00:31.5479173Z       "duration_ms": 2674.599445,
2026-10-08T05:00:31.5479487Z       "group": "shared-pool"
2026-10-08T05:00:31.5479728Z     },
2026-10-08T05:00:31.5479905Z     {
2026-10-08T05:00:31.5480199Z       "file": "backend/web/r241.test.cjs",
2026-10-08T05:00:31.5480547Z       "duration_ms": 2278.048857,
2026-10-08T05:00:31.5480840Z       "group": "shared-pool"
2026-10-08T05:00:31.5481079Z     },
2026-10-08T05:00:31.5481259Z     {
2026-10-08T05:00:31.5481555Z       "file": "backend/web/r191.test.cjs",
2026-10-08T05:00:31.5481910Z       "duration_ms": 2020.62469,
2026-10-08T05:00:31.5482217Z       "group": "shared-pool"
2026-10-08T05:00:31.5482458Z     },
2026-10-08T05:00:31.5482642Z     {
2026-10-08T05:00:31.5482923Z       "file": "backend/web/r91.test.cjs",
2026-10-08T05:00:31.5483274Z       "duration_ms": 3106.440212,
2026-10-08T05:00:31.5483570Z       "group": "shared-pool"
2026-10-08T05:00:31.5483805Z     },
2026-10-08T05:00:31.5483982Z     {
2026-10-08T05:00:31.5484261Z       "file": "backend/web/r129.test.cjs",
2026-10-08T05:00:31.5484600Z       "duration_ms": 2932.717261,
2026-10-08T05:00:31.5484896Z       "group": "shared-pool"
2026-10-08T05:00:31.5485129Z     },
2026-10-08T05:00:31.5485499Z     {
2026-10-08T05:00:31.5485778Z       "file": "backend/web/r101.test.cjs",
2026-10-08T05:00:31.5486125Z       "duration_ms": 2215.964707,
2026-10-08T05:00:31.5486414Z       "group": "shared-pool"
2026-10-08T05:00:31.5486646Z     },
2026-10-08T05:00:31.5486823Z     {
2026-10-08T05:00:31.5487144Z       "file": "desktop/startup-assets.test.cjs",
2026-10-08T05:00:31.5487512Z       "duration_ms": 3446.469564,
2026-10-08T05:00:31.5487807Z       "group": "shared-pool"
2026-10-08T05:00:31.5488153Z     },
2026-10-08T05:00:31.5488332Z     {
2026-10-08T05:00:31.5488983Z       "file": "backend/web/r158.test.cjs",
2026-10-08T05:00:31.5489444Z       "duration_ms": 2289.601893,
2026-10-08T05:00:31.5489749Z       "group": "shared-pool"
2026-10-08T05:00:31.5489986Z     },
2026-10-08T05:00:31.5490168Z     {
2026-10-08T05:00:31.5490499Z       "file": "desktop/build-fingerprint.test.cjs",
2026-10-08T05:00:31.5490880Z       "duration_ms": 3069.924608,
2026-10-08T05:00:31.5491178Z       "group": "shared-pool"
2026-10-08T05:00:31.5491416Z     },
2026-10-08T05:00:31.5491594Z     {
2026-10-08T05:00:31.5491876Z       "file": "backend/web/r193.test.cjs",
2026-10-08T05:00:31.5492211Z       "duration_ms": 1889.727695,
2026-10-08T05:00:31.5492498Z       "group": "shared-pool"
2026-10-08T05:00:31.5492735Z     },
2026-10-08T05:00:31.5492907Z     {
2026-10-08T05:00:31.5493184Z       "file": "backend/web/r190.test.cjs",
2026-10-08T05:00:31.5493518Z       "duration_ms": 2399.827446,
2026-10-08T05:00:31.5493818Z       "group": "shared-pool"
2026-10-08T05:00:31.5494051Z     },
2026-10-08T05:00:31.5494223Z     {
2026-10-08T05:00:31.5494502Z       "file": "backend/web/r195.test.cjs",
2026-10-08T05:00:31.5494836Z       "duration_ms": 2017.047877,
2026-10-08T05:00:31.5495127Z       "group": "shared-pool"
2026-10-08T05:00:31.5495364Z     },
2026-10-08T05:00:31.5495536Z     {
2026-10-08T05:00:31.5495885Z       "file": "scripts/verify-ci-test-filters.test.cjs",
2026-10-08T05:00:31.5496281Z       "duration_ms": 6603.650896,
2026-10-08T05:00:31.5496579Z       "group": "shared-pool"
2026-10-08T05:00:31.5496815Z     },
2026-10-08T05:00:31.5496994Z     {
2026-10-08T05:00:31.5497279Z       "file": "backend/web/r100.test.cjs",
2026-10-08T05:00:31.5497615Z       "duration_ms": 1675.843136,
2026-10-08T05:00:31.5497902Z       "group": "shared-pool"
2026-10-08T05:00:31.5498141Z     },
2026-10-08T05:00:31.5498314Z     {
2026-10-08T05:00:31.5498880Z       "file": "backend/web/official-login.test.cjs",
2026-10-08T05:00:31.5499268Z       "duration_ms": 2092.465348,
2026-10-08T05:00:31.5499560Z       "group": "shared-pool"
2026-10-08T05:00:31.5499795Z     },
2026-10-08T05:00:31.5499966Z     {
2026-10-08T05:00:31.5500245Z       "file": "backend/web/r235.test.cjs",
2026-10-08T05:00:31.5500581Z       "duration_ms": 2687.320176,
2026-10-08T05:00:31.5500869Z       "group": "shared-pool"
2026-10-08T05:00:31.5501105Z     },
2026-10-08T05:00:31.5501278Z     {
2026-10-08T05:00:31.5501589Z       "file": "backend/web/r220-region.test.cjs",
2026-10-08T05:00:31.5501963Z       "duration_ms": 2418.862081,
2026-10-08T05:00:31.5502253Z       "group": "shared-pool"
2026-10-08T05:00:31.5502485Z     },
2026-10-08T05:00:31.5502662Z     {
2026-10-08T05:00:31.5502940Z       "file": "backend/web/r104.test.cjs",
2026-10-08T05:00:31.5503278Z       "duration_ms": 2208.880291,
2026-10-08T05:00:31.5503565Z       "group": "shared-pool"
2026-10-08T05:00:31.5503801Z     },
2026-10-08T05:00:31.5503975Z     {
2026-10-08T05:00:31.5504251Z       "file": "backend/web/r223.test.cjs",
2026-10-08T05:00:31.5504596Z       "duration_ms": 2775.561956,
2026-10-08T05:00:31.5504886Z       "group": "shared-pool"
2026-10-08T05:00:31.5505117Z     },
2026-10-08T05:00:31.5505300Z     {
2026-10-08T05:00:31.5505585Z       "file": "backend/web/r180.test.cjs",
2026-10-08T05:00:31.5505921Z       "duration_ms": 2910.053993,
2026-10-08T05:00:31.5506218Z       "group": "shared-pool"
2026-10-08T05:00:31.5506452Z     },
2026-10-08T05:00:31.5506626Z     {
2026-10-08T05:00:31.5506940Z       "file": "desktop/disabled-build.test.cjs",
2026-10-08T05:00:31.5507475Z       "duration_ms": 2359.927373,
2026-10-08T05:00:31.5507767Z       "group": "shared-pool"
2026-10-08T05:00:31.5507995Z     },
2026-10-08T05:00:31.5508172Z     {
2026-10-08T05:00:31.5508667Z       "file": "backend/web/r189.test.cjs",
2026-10-08T05:00:31.5509029Z       "duration_ms": 2474.434096,
2026-10-08T05:00:31.5509329Z       "group": "shared-pool"
2026-10-08T05:00:31.5509562Z     },
2026-10-08T05:00:31.5509737Z     {
2026-10-08T05:00:31.5510149Z       "file": "backend/web/r111.test.cjs",
2026-10-08T05:00:31.5510517Z       "duration_ms": 2046.914176,
2026-10-08T05:00:31.5510810Z       "group": "shared-pool"
2026-10-08T05:00:31.5511043Z     },
2026-10-08T05:00:31.5511220Z     {
2026-10-08T05:00:31.5511521Z       "file": "backend/web/friends.test.cjs",
2026-10-08T05:00:31.5511885Z       "duration_ms": 1900.141311,
2026-10-08T05:00:31.5512187Z       "group": "shared-pool"
2026-10-08T05:00:31.5512423Z     },
2026-10-08T05:00:31.5512598Z     {
2026-10-08T05:00:31.5512895Z       "file": "backend/web/r208.test.cjs",
2026-10-08T05:00:31.5513240Z       "duration_ms": 1819.89053,
2026-10-08T05:00:31.5513536Z       "group": "shared-pool"
2026-10-08T05:00:31.5513768Z     },
2026-10-08T05:00:31.5513950Z     {
2026-10-08T05:00:31.5514228Z       "file": "backend/web/r136.test.cjs",
2026-10-08T05:00:31.5514564Z       "duration_ms": 2120.505973,
2026-10-08T05:00:31.5514859Z       "group": "shared-pool"
2026-10-08T05:00:31.5515091Z     },
2026-10-08T05:00:31.5515264Z     {
2026-10-08T05:00:31.5515563Z       "file": "backend/web/r216.test.cjs",
2026-10-08T05:00:31.5515902Z       "duration_ms": 2612.256368,
2026-10-08T05:00:31.5516192Z       "group": "shared-pool"
2026-10-08T05:00:31.5516428Z     },
2026-10-08T05:00:31.5516605Z     {
2026-10-08T05:00:31.5516879Z       "file": "backend/web/r106.test.cjs",
2026-10-08T05:00:31.5517211Z       "duration_ms": 2677.495791,
2026-10-08T05:00:31.5517507Z       "group": "shared-pool"
2026-10-08T05:00:31.5517739Z     },
2026-10-08T05:00:31.5517921Z     {
2026-10-08T05:00:31.5518265Z       "file": "desktop/summoner-identity.test.cjs",
2026-10-08T05:00:31.5518881Z       "duration_ms": 2002.565802,
2026-10-08T05:00:31.5519179Z       "group": "shared-pool"
2026-10-08T05:00:31.5519421Z     },
2026-10-08T05:00:31.5519596Z     {
2026-10-08T05:00:31.5519873Z       "file": "backend/web/r115.test.cjs",
2026-10-08T05:00:31.5520211Z       "duration_ms": 2184.311098,
2026-10-08T05:00:31.5520505Z       "group": "shared-pool"
2026-10-08T05:00:31.5520737Z     },
2026-10-08T05:00:31.5520923Z     {
2026-10-08T05:00:31.5521209Z       "file": "backend/web/r94.test.cjs",
2026-10-08T05:00:31.5521550Z       "duration_ms": 2501.195486,
2026-10-08T05:00:31.5521838Z       "group": "shared-pool"
2026-10-08T05:00:31.5522074Z     },
2026-10-08T05:00:31.5522249Z     {
2026-10-08T05:00:31.5522525Z       "file": "backend/web/r110.test.cjs",
2026-10-08T05:00:31.5522865Z       "duration_ms": 1846.242589,
2026-10-08T05:00:31.5523153Z       "group": "shared-pool"
2026-10-08T05:00:31.5523386Z     },
2026-10-08T05:00:31.5523560Z     {
2026-10-08T05:00:31.5523840Z       "file": "backend/web/r117.test.cjs",
2026-10-08T05:00:31.5524177Z       "duration_ms": 1772.665893,
2026-10-08T05:00:31.5524463Z       "group": "shared-pool"
2026-10-08T05:00:31.5524697Z     },
2026-10-08T05:00:31.5524875Z     {
2026-10-08T05:00:31.5525195Z       "file": "desktop/diagnostics-2024.test.cjs",
2026-10-08T05:00:31.5525580Z       "duration_ms": 1862.29201,
2026-10-08T05:00:31.5525874Z       "group": "shared-pool"
2026-10-08T05:00:31.5526111Z     },
2026-10-08T05:00:31.5526292Z     {
2026-10-08T05:00:31.5526572Z       "file": "backend/web/r109.test.cjs",
2026-10-08T05:00:31.5526909Z       "duration_ms": 1677.548874,
2026-10-08T05:00:31.5527198Z       "group": "shared-pool"
2026-10-08T05:00:31.5527435Z     },
2026-10-08T05:00:31.5527612Z     {
2026-10-08T05:00:31.5527885Z       "file": "backend/web/r194.test.cjs",
2026-10-08T05:00:31.5528227Z       "duration_ms": 2265.134678,
2026-10-08T05:00:31.5528735Z       "group": "shared-pool"
2026-10-08T05:00:31.5529139Z     },
2026-10-08T05:00:31.5529322Z     {
2026-10-08T05:00:31.5529603Z       "file": "backend/web/r113.test.cjs",
2026-10-08T05:00:31.5529942Z       "duration_ms": 2086.878741,
2026-10-08T05:00:31.5530231Z       "group": "shared-pool"
2026-10-08T05:00:31.5530472Z     },
2026-10-08T05:00:31.5530647Z     {
2026-10-08T05:00:31.5530923Z       "file": "backend/web/r203.test.cjs",
2026-10-08T05:00:31.5531266Z       "duration_ms": 2416.00344,
2026-10-08T05:00:31.5531667Z       "group": "shared-pool"
2026-10-08T05:00:31.5531905Z     },
2026-10-08T05:00:31.5532093Z     {
2026-10-08T05:00:31.5532374Z       "file": "backend/web/r175.test.cjs",
2026-10-08T05:00:31.5532716Z       "duration_ms": 1957.079761,
2026-10-08T05:00:31.5533024Z       "group": "shared-pool"
2026-10-08T05:00:31.5533262Z     },
2026-10-08T05:00:31.5533437Z     {
2026-10-08T05:00:31.5533713Z       "file": "backend/web/r244.test.cjs",
2026-10-08T05:00:31.5534058Z       "duration_ms": 1704.68232,
2026-10-08T05:00:31.5534355Z       "group": "shared-pool"
2026-10-08T05:00:31.5534590Z     },
2026-10-08T05:00:31.5534769Z     {
2026-10-08T05:00:31.5535045Z       "file": "backend/web/r183.test.cjs",
2026-10-08T05:00:31.5535383Z       "duration_ms": 1878.985028,
2026-10-08T05:00:31.5535680Z       "group": "shared-pool"
2026-10-08T05:00:31.5535913Z     },
2026-10-08T05:00:31.5536088Z     {
2026-10-08T05:00:31.5536364Z       "file": "backend/web/r160.test.cjs",
2026-10-08T05:00:31.5536701Z       "duration_ms": 1952.25447,
2026-10-08T05:00:31.5536993Z       "group": "shared-pool"
2026-10-08T05:00:31.5537224Z     },
2026-10-08T05:00:31.5537401Z     {
2026-10-08T05:00:31.5537675Z       "file": "backend/web/r230.test.cjs",
2026-10-08T05:00:31.5538007Z       "duration_ms": 2931.898248,
2026-10-08T05:00:31.5538305Z       "group": "shared-pool"
2026-10-08T05:00:31.5538737Z     },
2026-10-08T05:00:31.5538917Z     {
2026-10-08T05:00:31.5539206Z       "file": "backend/web/r181.test.cjs",
2026-10-08T05:00:31.5539543Z       "duration_ms": 1839.521151,
2026-10-08T05:00:31.5539856Z       "group": "shared-pool"
2026-10-08T05:00:31.5540094Z     },
2026-10-08T05:00:31.5540273Z     {
2026-10-08T05:00:31.5540553Z       "file": "backend/web/r252.test.cjs",
2026-10-08T05:00:31.5540900Z       "duration_ms": 1688.426549,
2026-10-08T05:00:31.5541196Z       "group": "shared-pool"
2026-10-08T05:00:31.5541426Z     },
2026-10-08T05:00:31.5541600Z     {
2026-10-08T05:00:31.5541930Z       "file": "desktop/backend-lifecycle.test.cjs",
2026-10-08T05:00:31.5542311Z       "duration_ms": 2132.729304,
2026-10-08T05:00:31.5542602Z       "group": "shared-pool"
2026-10-08T05:00:31.5542839Z     },
2026-10-08T05:00:31.5543013Z     {
2026-10-08T05:00:31.5543291Z       "file": "backend/web/r214.test.cjs",
2026-10-08T05:00:31.5543627Z       "duration_ms": 2055.922806,
2026-10-08T05:00:31.5543919Z       "group": "shared-pool"
2026-10-08T05:00:31.5544152Z     },
2026-10-08T05:00:31.5544326Z     {
2026-10-08T05:00:31.5544641Z       "file": "backend/web/r206-relay.test.cjs",
2026-10-08T05:00:31.5545011Z       "duration_ms": 1849.234224,
2026-10-08T05:00:31.5545299Z       "group": "shared-pool"
2026-10-08T05:00:31.5545544Z     },
2026-10-08T05:00:31.5545718Z     {
2026-10-08T05:00:31.5546081Z       "file": "backend/web/r206-collection-image.test.cjs",
2026-10-08T05:00:31.5546484Z       "duration_ms": 2111.954017,
2026-10-08T05:00:31.5546774Z       "group": "shared-pool"
2026-10-08T05:00:31.5547008Z     },
2026-10-08T05:00:31.5547190Z     {
2026-10-08T05:00:31.5547484Z       "file": "backend/web/r211.test.cjs",
2026-10-08T05:00:31.5547829Z       "duration_ms": 2385.159065,
2026-10-08T05:00:31.5548125Z       "group": "shared-pool"
2026-10-08T05:00:31.5548365Z     },
2026-10-08T05:00:31.5548734Z     {
2026-10-08T05:00:31.5549020Z       "file": "backend/web/r197.test.cjs",
2026-10-08T05:00:31.5549369Z       "duration_ms": 1778.256979,
2026-10-08T05:00:31.5549664Z       "group": "shared-pool"
2026-10-08T05:00:31.5549897Z     },
2026-10-08T05:00:31.5550073Z     {
2026-10-08T05:00:31.5550542Z       "file": "desktop/diagnostics-2244.test.cjs",
2026-10-08T05:00:31.5550915Z       "duration_ms": 1794.982719,
2026-10-08T05:00:31.5551218Z       "group": "shared-pool"
2026-10-08T05:00:31.5551460Z     },
2026-10-08T05:00:31.5551637Z     {
2026-10-08T05:00:31.5551914Z       "file": "backend/web/r198.test.cjs",
2026-10-08T05:00:31.5552256Z       "duration_ms": 1995.362438,
2026-10-08T05:00:31.5552546Z       "group": "shared-pool"
2026-10-08T05:00:31.5552779Z     },
2026-10-08T05:00:31.5552960Z     {
2026-10-08T05:00:31.5553374Z       "file": "desktop/desktop-log.test.cjs",
2026-10-08T05:00:31.5553739Z       "duration_ms": 921.894619,
2026-10-08T05:00:31.5554028Z       "group": "shared-pool"
2026-10-08T05:00:31.5554264Z     },
2026-10-08T05:00:31.5554438Z     {
2026-10-08T05:00:31.5554734Z       "file": "scripts/build-stage.test.cjs",
2026-10-08T05:00:31.5555091Z       "duration_ms": 422.14914,
2026-10-08T05:00:31.5555383Z       "group": "shared-pool"
2026-10-08T05:00:31.5555613Z     },
2026-10-08T05:00:31.5555803Z     {
2026-10-08T05:00:31.5556097Z       "file": "backend/web/runtime.test.cjs",
2026-10-08T05:00:31.5556444Z       "duration_ms": 303.778098,
2026-10-08T05:00:31.5556739Z       "group": "shared-pool"
2026-10-08T05:00:31.5556972Z     },
2026-10-08T05:00:31.5557146Z     {
2026-10-08T05:00:31.5557463Z       "file": "desktop/diagnostics-1042.test.cjs",
2026-10-08T05:00:31.5557839Z       "duration_ms": 1763.971234,
2026-10-08T05:00:31.5558133Z       "group": "shared-pool"
2026-10-08T05:00:31.5558375Z     },
2026-10-08T05:00:31.5558760Z     {
2026-10-08T05:00:31.5559117Z       "file": "desktop/release-quality-gates.test.cjs",
2026-10-08T05:00:31.5559510Z       "duration_ms": 1652.833459,
2026-10-08T05:00:31.5559817Z       "group": "shared-pool"
2026-10-08T05:00:31.5560052Z     },
2026-10-08T05:00:31.5560229Z     {
2026-10-08T05:00:31.5560568Z       "file": "scripts/r82-startup-ab-report.test.cjs",
2026-10-08T05:00:31.5560951Z       "duration_ms": 398.828298,
2026-10-08T05:00:31.5561245Z       "group": "shared-pool"
2026-10-08T05:00:31.5561481Z     },
2026-10-08T05:00:31.5561663Z     {
2026-10-08T05:00:31.5562012Z       "file": "backend/web/export-diagnostics.test.cjs",
2026-10-08T05:00:31.5562401Z       "duration_ms": 117.148303,
2026-10-08T05:00:31.5562700Z       "group": "shared-pool"
2026-10-08T05:00:31.5562948Z     },
2026-10-08T05:00:31.5563127Z     {
2026-10-08T05:00:31.5563428Z       "file": "desktop/ui-scale.test.cjs",
2026-10-08T05:00:31.5563781Z       "duration_ms": 336.901284,
2026-10-08T05:00:31.5564083Z       "group": "shared-pool"
2026-10-08T05:00:31.5564331Z     },
2026-10-08T05:00:31.5564517Z     {
2026-10-08T05:00:31.5564799Z       "file": "backend/web/r88.test.cjs",
2026-10-08T05:00:31.5565144Z       "duration_ms": 306.214706,
2026-10-08T05:00:31.5565448Z       "group": "shared-pool"
2026-10-08T05:00:31.5565685Z     },
2026-10-08T05:00:31.5565860Z     {
2026-10-08T05:00:31.5566184Z       "file": "desktop/diagnostics-0006.test.cjs",
2026-10-08T05:00:31.5566561Z       "duration_ms": 2345.912838,
2026-10-08T05:00:31.5566862Z       "group": "shared-pool"
2026-10-08T05:00:31.5567104Z     },
2026-10-08T05:00:31.5567279Z     {
2026-10-08T05:00:31.5567560Z       "file": "backend/web/r185.test.cjs",
2026-10-08T05:00:31.5580995Z       "duration_ms": 214.03222,
2026-10-08T05:00:31.5581404Z       "group": "shared-pool"
2026-10-08T05:00:31.5581692Z     },
2026-10-08T05:00:31.5581884Z     {
2026-10-08T05:00:31.5582216Z       "file": "backend/web/r117-style.test.cjs",
2026-10-08T05:00:31.5582614Z       "duration_ms": 360.891281,
2026-10-08T05:00:31.5582933Z       "group": "shared-pool"
2026-10-08T05:00:31.5583184Z     },
2026-10-08T05:00:31.5583362Z     {
2026-10-08T05:00:31.5583656Z       "file": "backend/web/r108.test.cjs",
2026-10-08T05:00:31.5584004Z       "duration_ms": 153.27698,
2026-10-08T05:00:31.5584298Z       "group": "shared-pool"
2026-10-08T05:00:31.5584538Z     },
2026-10-08T05:00:31.5584710Z     {
2026-10-08T05:00:31.5584996Z       "file": "backend/web/r87.test.cjs",
2026-10-08T05:00:31.5585542Z       "duration_ms": 264.434045,
2026-10-08T05:00:31.5585841Z       "group": "shared-pool"
2026-10-08T05:00:31.5586079Z     },
2026-10-08T05:00:31.5586251Z     {
2026-10-08T05:00:31.5586600Z       "file": "backend/web/api-diagnostics.test.cjs",
2026-10-08T05:00:31.5586979Z       "duration_ms": 226.242229,
2026-10-08T05:00:31.5587277Z       "group": "shared-pool"
2026-10-08T05:00:31.5587525Z     },
2026-10-08T05:00:31.5587701Z     {
2026-10-08T05:00:31.5588134Z       "file": "desktop/installer-nsh.test.cjs",
2026-10-08T05:00:31.5588743Z       "duration_ms": 201.830141,
2026-10-08T05:00:31.5589048Z       "group": "shared-pool"
2026-10-08T05:00:31.5589288Z     },
2026-10-08T05:00:31.5589462Z     {
2026-10-08T05:00:31.5589758Z       "file": "backend/web/r89.test.cjs",
2026-10-08T05:00:31.5590111Z       "duration_ms": 193.884619,
2026-10-08T05:00:31.5590403Z       "group": "shared-pool"
2026-10-08T05:00:31.5590641Z     },
2026-10-08T05:00:31.5590821Z     {
2026-10-08T05:00:31.5591102Z       "file": "backend/web/r119.test.cjs",
2026-10-08T05:00:31.5591460Z       "duration_ms": 218.27588,
2026-10-08T05:00:31.5591758Z       "group": "shared-pool"
2026-10-08T05:00:31.5591990Z     },
2026-10-08T05:00:31.5592170Z     {
2026-10-08T05:00:31.5592500Z       "file": "backend/web/remaining-sort.test.cjs",
2026-10-08T05:00:31.5592888Z       "duration_ms": 129.200001,
2026-10-08T05:00:31.5593186Z       "group": "shared-pool"
2026-10-08T05:00:31.5593431Z     },
2026-10-08T05:00:31.5593604Z     {
2026-10-08T05:00:31.5593889Z       "file": "backend/web/r90.test.cjs",
2026-10-08T05:00:31.5594238Z       "duration_ms": 156.834169,
2026-10-08T05:00:31.5594545Z       "group": "shared-pool"
2026-10-08T05:00:31.5594786Z     },
2026-10-08T05:00:31.5594963Z     {
2026-10-08T05:00:31.5595251Z       "file": "backend/web/r116e.test.cjs",
2026-10-08T05:00:31.5595604Z       "duration_ms": 169.188662,
2026-10-08T05:00:31.5595899Z       "group": "shared-pool"
2026-10-08T05:00:31.5596133Z     },
2026-10-08T05:00:31.5596303Z     {
2026-10-08T05:00:31.5596587Z       "file": "backend/web/r128.test.cjs",
2026-10-08T05:00:31.5596929Z       "duration_ms": 122.330844,
2026-10-08T05:00:31.5597216Z       "group": "shared-pool"
2026-10-08T05:00:31.5597445Z     },
2026-10-08T05:00:31.5597625Z     {
2026-10-08T05:00:31.5597964Z       "file": "backend/web/position-filter.test.cjs",
2026-10-08T05:00:31.5598339Z       "duration_ms": 139.885946,
2026-10-08T05:00:31.5598826Z       "group": "shared-pool"
2026-10-08T05:00:31.5599057Z     },
2026-10-08T05:00:31.5599233Z     {
2026-10-08T05:00:31.5599578Z       "file": "scripts/r133-stall-log-report.test.cjs",
2026-10-08T05:00:31.5599959Z       "duration_ms": 136.436135,
2026-10-08T05:00:31.5600257Z       "group": "shared-pool"
2026-10-08T05:00:31.5600487Z     },
2026-10-08T05:00:31.5600662Z     {
2026-10-08T05:00:31.5600945Z       "file": "backend/web/r116d.test.cjs",
2026-10-08T05:00:31.5601287Z       "duration_ms": 193.535847,
2026-10-08T05:00:31.5601575Z       "group": "shared-pool"
2026-10-08T05:00:31.5601807Z     },
2026-10-08T05:00:31.5601978Z     {
2026-10-08T05:00:31.5602286Z       "file": "scripts/make-release.test.cjs",
2026-10-08T05:00:31.5602644Z       "duration_ms": 101.668464,
2026-10-08T05:00:31.5602929Z       "group": "shared-pool"
2026-10-08T05:00:31.5603157Z     },
2026-10-08T05:00:31.5603336Z     {
2026-10-08T05:00:31.5603611Z       "file": "backend/web/r150.test.cjs",
2026-10-08T05:00:31.5603949Z       "duration_ms": 138.649839,
2026-10-08T05:00:31.5604239Z       "group": "shared-pool"
2026-10-08T05:00:31.5604475Z     },
2026-10-08T05:00:31.5604645Z     {
2026-10-08T05:00:31.5604935Z       "file": "backend/web/r123.test.cjs",
2026-10-08T05:00:31.5605265Z       "duration_ms": 141.875421,
2026-10-08T05:00:31.5605551Z       "group": "shared-pool"
2026-10-08T05:00:31.5605787Z     },
2026-10-08T05:00:31.5605959Z     {
2026-10-08T05:00:31.5606297Z       "file": "desktop/portable-template.test.cjs",
2026-10-08T05:00:31.5606672Z       "duration_ms": 168.873538,
2026-10-08T05:00:31.5606964Z       "group": "shared-pool"
2026-10-08T05:00:31.5607333Z     },
2026-10-08T05:00:31.5607502Z     {
2026-10-08T05:00:31.5607828Z       "file": "desktop/update-lifecycle.test.cjs",
2026-10-08T05:00:31.5608198Z       "duration_ms": 103.165066,
2026-10-08T05:00:31.5608684Z       "group": "shared-pool"
2026-10-08T05:00:31.5608937Z     },
2026-10-08T05:00:31.5609108Z     {
2026-10-08T05:00:31.5609428Z       "file": "scripts/go-test-shards.test.cjs",
2026-10-08T05:00:31.5609790Z       "duration_ms": 203.663085,
2026-10-08T05:00:31.5610209Z       "group": "shared-pool"
2026-10-08T05:00:31.5610448Z     },
2026-10-08T05:00:31.5610625Z     {
2026-10-08T05:00:31.5610909Z       "file": "backend/web/r114.test.cjs",
2026-10-08T05:00:31.5611246Z       "duration_ms": 104.260218,
2026-10-08T05:00:31.5611534Z       "group": "shared-pool"
2026-10-08T05:00:31.5611772Z     },
2026-10-08T05:00:31.5611943Z     {
2026-10-08T05:00:31.5612219Z       "file": "backend/web/r146.test.cjs",
2026-10-08T05:00:31.5612558Z       "duration_ms": 117.634381,
2026-10-08T05:00:31.5612854Z       "group": "shared-pool"
2026-10-08T05:00:31.5613085Z     },
2026-10-08T05:00:31.5613254Z     {
2026-10-08T05:00:31.5613588Z       "file": "desktop/startup-visibility.test.cjs",
2026-10-08T05:00:31.5613964Z       "duration_ms": 109.423744,
2026-10-08T05:00:31.5614251Z       "group": "shared-pool"
2026-10-08T05:00:31.5614487Z     },
2026-10-08T05:00:31.5614661Z     {
2026-10-08T05:00:31.5614994Z       "file": "desktop/diagnostics-export.test.cjs",
2026-10-08T05:00:31.5615376Z       "duration_ms": 146.771262,
2026-10-08T05:00:31.5615670Z       "group": "shared-pool"
2026-10-08T05:00:31.5615900Z     },
2026-10-08T05:00:31.5616074Z     {
2026-10-08T05:00:31.5616341Z       "file": "desktop/r175.test.cjs",
2026-10-08T05:00:31.5616676Z       "duration_ms": 104.308872,
2026-10-08T05:00:31.5616960Z       "group": "shared-pool"
2026-10-08T05:00:31.5617192Z     },
2026-10-08T05:00:31.5617363Z     {
2026-10-08T05:00:31.5617677Z       "file": "desktop/r88-diagnostics.test.cjs",
2026-10-08T05:00:31.5618052Z       "duration_ms": 165.811857,
2026-10-08T05:00:31.5618342Z       "group": "shared-pool"
2026-10-08T05:00:31.5618824Z     },
2026-10-08T05:00:31.5619001Z     {
2026-10-08T05:00:31.5619326Z       "file": "desktop/startup-sequence.test.cjs",
2026-10-08T05:00:31.5619690Z       "duration_ms": 77.37358,
2026-10-08T05:00:31.5619976Z       "group": "shared-pool"
2026-10-08T05:00:31.5620208Z     },
2026-10-08T05:00:31.5620376Z     {
2026-10-08T05:00:31.5620681Z       "file": "desktop/share-export.test.cjs",
2026-10-08T05:00:31.5621039Z       "duration_ms": 126.904872,
2026-10-08T05:00:31.5621322Z       "group": "shared-pool"
2026-10-08T05:00:31.5621548Z     },
2026-10-08T05:00:31.5621718Z     {
2026-10-08T05:00:31.5622023Z       "file": "desktop/window-bounds.test.cjs",
2026-10-08T05:00:31.5622378Z       "duration_ms": 126.577491,
2026-10-08T05:00:31.5622660Z       "group": "shared-pool"
2026-10-08T05:00:31.5622887Z     },
2026-10-08T05:00:31.5623053Z     {
2026-10-08T05:00:31.5623327Z       "file": "backend/web/r164.test.cjs",
2026-10-08T05:00:31.5623665Z       "duration_ms": 101.084346,
2026-10-08T05:00:31.5623949Z       "group": "shared-pool"
2026-10-08T05:00:31.5624176Z     },
2026-10-08T05:00:31.5624348Z     {
2026-10-08T05:00:31.5624620Z       "file": "backend/web/r156.test.cjs",
2026-10-08T05:00:31.5624960Z       "duration_ms": 124.493289,
2026-10-08T05:00:31.5625253Z       "group": "shared-pool"
2026-10-08T05:00:31.5625485Z     },
2026-10-08T05:00:31.5625662Z     {
2026-10-08T05:00:31.5625945Z       "file": "backend/web/r166.test.cjs",
2026-10-08T05:00:31.5626283Z       "duration_ms": 75.980484,
2026-10-08T05:00:31.5626571Z       "group": "shared-pool"
2026-10-08T05:00:31.5626799Z     },
2026-10-08T05:00:31.5626972Z     {
2026-10-08T05:00:31.5627291Z       "file": "desktop/backend-integrity.test.cjs",
2026-10-08T05:00:31.5627690Z       "duration_ms": 100.536829,
2026-10-08T05:00:31.5627979Z       "group": "shared-pool"
2026-10-08T05:00:31.5628205Z     },
2026-10-08T05:00:31.5628372Z     {
2026-10-08T05:00:31.5629089Z       "file": "desktop/window-bounds-store.test.cjs",
2026-10-08T05:00:31.5629471Z       "duration_ms": 75.281798,
2026-10-08T05:00:31.5629759Z       "group": "shared-pool"
2026-10-08T05:00:31.5629993Z     },
2026-10-08T05:00:31.5630166Z     {
2026-10-08T05:00:31.5630481Z       "file": "backend/web/r115-scoring.test.cjs",
2026-10-08T05:00:31.5630842Z       "duration_ms": 136.29687,
2026-10-08T05:00:31.5631127Z       "group": "shared-pool"
2026-10-08T05:00:31.5631355Z     },
2026-10-08T05:00:31.5631637Z     {
2026-10-08T05:00:31.5632026Z       "file": "scripts/normalize-source-line-endings.test.cjs",
2026-10-08T05:00:31.5632440Z       "duration_ms": 106.416185,
2026-10-08T05:00:31.5632727Z       "group": "shared-pool"
2026-10-08T05:00:31.5632956Z     },
2026-10-08T05:00:31.5633125Z     {
2026-10-08T05:00:31.5633400Z       "file": "backend/web/r161.test.cjs",
2026-10-08T05:00:31.5633732Z       "duration_ms": 73.816267,
2026-10-08T05:00:31.5634017Z       "group": "shared-pool"
2026-10-08T05:00:31.5634250Z     },
2026-10-08T05:00:31.5634414Z     {
2026-10-08T05:00:31.5634681Z       "file": "desktop/r100.test.cjs",
2026-10-08T05:00:31.5635010Z       "duration_ms": 110.417473,
2026-10-08T05:00:31.5635296Z       "group": "shared-pool"
2026-10-08T05:00:31.5635522Z     },
2026-10-08T05:00:31.5635687Z     {
2026-10-08T05:00:31.5635953Z       "file": "desktop/r185.test.cjs",
2026-10-08T05:00:31.5636278Z       "duration_ms": 110.55526,
2026-10-08T05:00:31.5636560Z       "group": "shared-pool"
2026-10-08T05:00:31.5636793Z     },
2026-10-08T05:00:31.5636961Z     {
2026-10-08T05:00:31.5637237Z       "file": "backend/web/r126.test.cjs",
2026-10-08T05:00:31.5637568Z       "duration_ms": 88.012354,
2026-10-08T05:00:31.5637847Z       "group": "shared-pool"
2026-10-08T05:00:31.5638077Z     },
2026-10-08T05:00:31.5638244Z     {
2026-10-08T05:00:31.5638754Z       "file": "backend/web/r206-arena.test.cjs",
2026-10-08T05:00:31.5639113Z       "duration_ms": 95.526406,
2026-10-08T05:00:31.5639389Z       "group": "shared-pool"
2026-10-08T05:00:31.5639617Z     },
2026-10-08T05:00:31.5639785Z     {
2026-10-08T05:00:31.5640059Z       "file": "backend/web/r163.test.cjs",
2026-10-08T05:00:31.5640389Z       "duration_ms": 139.5859,
2026-10-08T05:00:31.5640672Z       "group": "shared-pool"
2026-10-08T05:00:31.5640901Z     },
2026-10-08T05:00:31.5641069Z     {
2026-10-08T05:00:31.5641361Z       "file": "desktop/r110-export.test.cjs",
2026-10-08T05:00:31.5641717Z       "duration_ms": 135.228263,
2026-10-08T05:00:31.5642004Z       "group": "shared-pool"
2026-10-08T05:00:31.5642231Z     },
2026-10-08T05:00:31.5642400Z     {
2026-10-08T05:00:31.5642708Z       "file": "desktop/release-build.test.cjs",
2026-10-08T05:00:31.5643062Z       "duration_ms": 99.570818,
2026-10-08T05:00:31.5643339Z       "group": "shared-pool"
2026-10-08T05:00:31.5643569Z     },
2026-10-08T05:00:31.5643738Z     {
2026-10-08T05:00:31.5644003Z       "file": "desktop/r196.test.cjs",
2026-10-08T05:00:31.5644327Z       "duration_ms": 84.185493,
2026-10-08T05:00:31.5644610Z       "group": "shared-pool"
2026-10-08T05:00:31.5644833Z     },
2026-10-08T05:00:31.5645003Z     {
2026-10-08T05:00:31.5645327Z       "file": "backend/web/r87-p2p3-verify.test.cjs",
2026-10-08T05:00:31.5645697Z       "duration_ms": 35.946845,
2026-10-08T05:00:31.5645978Z       "group": "shared-pool"
2026-10-08T05:00:31.5646208Z     },
2026-10-08T05:00:31.5646377Z     {
2026-10-08T05:00:31.5646696Z       "file": "desktop/proxy-resolution.test.cjs",
2026-10-08T05:00:31.5647072Z       "duration_ms": 71.173791,
2026-10-08T05:00:31.5647350Z       "group": "shared-pool"
2026-10-08T05:00:31.5647576Z     },
2026-10-08T05:00:31.5647748Z     {
2026-10-08T05:00:31.5648010Z       "file": "desktop/r204.test.cjs",
2026-10-08T05:00:31.5648331Z       "duration_ms": 75.690496,
2026-10-08T05:00:31.5648829Z       "group": "shared-pool"
2026-10-08T05:00:31.5649059Z     },
2026-10-08T05:00:31.5649225Z     {
2026-10-08T05:00:31.5649485Z       "file": "desktop/r206.test.cjs",
2026-10-08T05:00:31.5649804Z       "duration_ms": 98.217724,
2026-10-08T05:00:31.5650221Z       "group": "shared-pool"
2026-10-08T05:00:31.5650451Z     },
2026-10-08T05:00:31.5650622Z     {
2026-10-08T05:00:31.5650929Z       "file": "desktop/r230-clipboard.test.cjs",
2026-10-08T05:00:31.5651283Z       "duration_ms": 96.532593,
2026-10-08T05:00:31.5651563Z       "group": "shared-pool"
2026-10-08T05:00:31.5651787Z     },
2026-10-08T05:00:31.5651953Z     {
2026-10-08T05:00:31.5652210Z       "file": "desktop/r201.test.cjs",
2026-10-08T05:00:31.5652641Z       "duration_ms": 69.719811,
2026-10-08T05:00:31.5652922Z       "group": "shared-pool"
2026-10-08T05:00:31.5653148Z     },
2026-10-08T05:00:31.5653316Z     {
2026-10-08T05:00:31.5653684Z       "file": "backend/web/r87-p8-independent-verify.test.cjs",
2026-10-08T05:00:31.5654090Z       "duration_ms": 43.410219,
2026-10-08T05:00:31.5654372Z       "group": "shared-pool"
2026-10-08T05:00:31.5654599Z     },
2026-10-08T05:00:31.5654768Z     {
2026-10-08T05:00:31.5655128Z       "file": "desktop/r87-p8-independent-verify.test.cjs",
2026-10-08T05:00:31.5655528Z       "duration_ms": 35.391807,
2026-10-08T05:00:31.5655813Z       "group": "shared-pool"
2026-10-08T05:00:31.5656038Z     },
2026-10-08T05:00:31.5656206Z     {
2026-10-08T05:00:31.5656570Z       "file": "backend/web/r87-p5-independent-verify.test.cjs",
2026-10-08T05:00:31.5656968Z       "duration_ms": 44.301526,
2026-10-08T05:00:31.5657246Z       "group": "shared-pool"
2026-10-08T05:00:31.5657464Z     }
2026-10-08T05:00:31.5657629Z   ],
2026-10-08T05:00:31.5657828Z   "summary": {
2026-10-08T05:00:31.5658052Z     "success": true,
2026-10-08T05:00:31.5658272Z     "counts": {
2026-10-08T05:00:31.5658724Z       "tests": 1337,
2026-10-08T05:00:31.5658965Z       "failed": 0,
2026-10-08T05:00:31.5659199Z       "passed": 1335,
2026-10-08T05:00:31.5659437Z       "cancelled": 0,
2026-10-08T05:00:31.5659675Z       "skipped": 2,
2026-10-08T05:00:31.5659895Z       "todo": 0,
2026-10-08T05:00:31.5660127Z       "topLevel": 1334,
2026-10-08T05:00:31.5660365Z       "suites": 0
2026-10-08T05:00:31.5660570Z     },
2026-10-08T05:00:31.5660814Z     "duration_ms": 191591.351834
2026-10-08T05:00:31.5661044Z   },
2026-10-08T05:00:31.5661240Z   "success": true
2026-10-08T05:00:31.5661438Z }
2026-10-08T05:00:31.5712024Z ##[group]Run actions/upload-artifact@v4
2026-10-08T05:00:31.5712325Z with:
2026-10-08T05:00:31.5712534Z   name: renderer-timings-linux
2026-10-08T05:00:31.5712854Z   path: /home/runner/work/_temp/renderer-timings-linux.json
2026-10-08T05:00:31.5713206Z   if-no-files-found: warn
2026-10-08T05:00:31.5713448Z   compression-level: 6
2026-10-08T05:00:31.5713667Z   overwrite: false
2026-10-08T05:00:31.5713887Z   include-hidden-files: false
2026-10-08T05:00:31.5714131Z ##[endgroup]
2026-10-08T05:00:31.7352066Z (node:13613) [DEP0040] DeprecationWarning: The `punycode` module is deprecated. Please use a userland alternative instead.
2026-10-08T05:00:31.7352952Z (Use `node --trace-deprecation ...` to show where the warning was created)
2026-10-08T05:00:31.7397966Z With the provided path, there will be 1 file uploaded
2026-10-08T05:00:31.7404911Z Artifact name is valid!
2026-10-08T05:00:31.7405914Z Root directory input is valid!
2026-10-08T05:00:31.9406561Z Beginning upload of artifact content to blob storage
2026-10-08T05:00:31.9681418Z (node:13613) [DEP0169] DeprecationWarning: `url.parse()` behavior is not standardized and prone to errors that have security implications. Use the WHATWG URL API instead. CVEs are not issued for `url.parse()` vulnerabilities.
2026-10-08T05:00:32.0234983Z Uploaded bytes 2924
2026-10-08T05:00:32.0427405Z Finished uploading artifact content to blob storage!
2026-10-08T05:00:32.0428928Z SHA256 digest of uploaded artifact zip is b07bdf83a13a4c2015cfd03b293fe22efe2790a7c574fc3d100566c5c11c76a0
2026-10-08T05:00:32.0430735Z Finalizing artifact upload
2026-10-08T05:00:32.3138318Z Artifact renderer-timings-linux.zip successfully finalized. Artifact ID 11529567564
2026-10-08T05:00:32.3140614Z Artifact renderer-timings-linux has been successfully uploaded! Final size is 2924 bytes. Artifact ID is 11529567564
2026-10-08T05:00:32.3148159Z Artifact download URL: https://github.com/LLYY0418/Deep-Legends/actions/runs/37729564138/artifacts/11529567564
2026-10-08T05:00:32.3315848Z ##[group]Run python3 -c 'import json,sys; r=json.load(open(sys.argv[1])); assert r["success"] and r["scope"]=="all" and r["platform"]=="linux"; assert r["summary"]["duration_ms"]<=192000, r["summary"]; print("R252 renderer margin >=20%", r["summary"]["duration_ms"])' "$RUNNER_TEMP/renderer-timings-linux.json"
2026-10-08T05:00:32.3319573Z [36;1mpython3 -c 'import json,sys; r=json.load(open(sys.argv[1])); assert r["success"] and r["scope"]=="all" and r["platform"]=="linux"; assert r["summary"]["duration_ms"]<=192000, r["summary"]; print("R252 renderer margin >=20%", r["summary"]["duration_ms"])' "$RUNNER_TEMP/renderer-timings-linux.json"[0m
2026-10-08T05:00:32.3386771Z shell: /usr/bin/bash -e {0}
2026-10-08T05:00:32.3387060Z ##[endgroup]
2026-10-08T05:00:32.3660004Z R252 renderer margin >=20% 191591.351834
2026-10-08T05:00:32.3741056Z ##[group]Run node --test relay/riot-worker/*.test.mjs
2026-10-08T05:00:32.3741479Z [36;1mnode --test relay/riot-worker/*.test.mjs[0m
2026-10-08T05:00:32.3800778Z shell: /usr/bin/bash -e {0}
2026-10-08T05:00:32.3801042Z ##[endgroup]
2026-10-08T05:00:32.4283001Z TAP version 13
2026-10-08T05:00:32.5215565Z # Subtest: R206 Worker forwards only the actual Riot GET route whitelist
2026-10-08T05:00:32.5221998Z ok 1 - R206 Worker forwards only the actual Riot GET route whitelist
2026-10-08T05:00:32.5222857Z   ---
2026-10-08T05:00:32.5223380Z   duration_ms: 53.293957
2026-10-08T05:00:32.5223815Z   type: 'test'
2026-10-08T05:00:32.5224161Z   ...
2026-10-08T05:00:32.5225446Z # Subtest: R206 Worker rejects arbitrary paths/hosts/methods without Riot I/O
2026-10-08T05:00:32.5229737Z ok 2 - R206 Worker rejects arbitrary paths/hosts/methods without Riot I/O
2026-10-08T05:00:32.5230585Z   ---
2026-10-08T05:00:32.5231062Z   duration_ms: 1.179572
2026-10-08T05:00:32.5231581Z   type: 'test'
2026-10-08T05:00:32.5232105Z   ...
2026-10-08T05:00:32.5270913Z # Subtest: R206 Worker response caching honors category TTL and contains no identity cache keys
2026-10-08T05:00:32.5275118Z ok 3 - R206 Worker response caching honors category TTL and contains no identity cache keys
2026-10-08T05:00:32.5276187Z   ---
2026-10-08T05:00:32.5276863Z   duration_ms: 5.425669
2026-10-08T05:00:32.5277507Z   type: 'test'
2026-10-08T05:00:32.5278058Z   ...
2026-10-08T05:00:32.6738699Z # Subtest: R206 Worker per-IP limit rejects request 301 and allows another IP
2026-10-08T05:00:32.6739908Z ok 4 - R206 Worker per-IP limit rejects request 301 and allows another IP
2026-10-08T05:00:32.6740759Z   ---
2026-10-08T05:00:32.6741172Z   duration_ms: 147.01371
2026-10-08T05:00:32.6741609Z   type: 'test'
2026-10-08T05:00:32.6741889Z   ...
2026-10-08T05:00:32.6764739Z # Subtest: R206 Worker preserves Riot Retry-After and avoids same-path I/O during cooldown
2026-10-08T05:00:32.6767306Z ok 5 - R206 Worker preserves Riot Retry-After and avoids same-path I/O during cooldown
2026-10-08T05:00:32.6768023Z   ---
2026-10-08T05:00:32.6768266Z   duration_ms: 2.96828
2026-10-08T05:00:32.6768666Z   type: 'test'
2026-10-08T05:00:32.6768888Z   ...
2026-10-08T05:00:32.6798340Z # Subtest: R206 Worker never exposes or logs its secret, including echoed upstream values
2026-10-08T05:00:32.6801257Z ok 6 - R206 Worker never exposes or logs its secret, including echoed upstream values
2026-10-08T05:00:32.6802151Z   ---
2026-10-08T05:00:32.6802600Z   duration_ms: 2.872221
2026-10-08T05:00:32.6803028Z   type: 'test'
2026-10-08T05:00:32.6803376Z   ...
2026-10-08T05:00:32.6805869Z # Subtest: R206 Worker fails closed without a secret or rate limiter
2026-10-08T05:00:32.6807995Z ok 7 - R206 Worker fails closed without a secret or rate limiter
2026-10-08T05:00:32.6808803Z   ---
2026-10-08T05:00:32.6809180Z   duration_ms: 0.419623
2026-10-08T05:00:32.6809440Z   type: 'test'
2026-10-08T05:00:32.6809763Z   ...
2026-10-08T05:00:32.6839419Z # Subtest: R206 Worker rejects upstream redirects without forwarding the secret or Location
2026-10-08T05:00:32.6842192Z ok 8 - R206 Worker rejects upstream redirects without forwarding the secret or Location
2026-10-08T05:00:32.6842974Z   ---
2026-10-08T05:00:32.6843354Z   duration_ms: 3.666353
2026-10-08T05:00:32.6843761Z   type: 'test'
2026-10-08T05:00:32.6843975Z   ...
2026-10-08T05:00:32.6873626Z # Subtest: R208 application cooldown blocks every path on its host, with decreasing remaining time
2026-10-08T05:00:32.6876998Z ok 9 - R208 application cooldown blocks every path on its host, with decreasing remaining time
2026-10-08T05:00:32.6877823Z   ---
2026-10-08T05:00:32.6878204Z   duration_ms: 3.347127
2026-10-08T05:00:32.6878839Z   type: 'test'
2026-10-08T05:00:32.6879066Z   ...
2026-10-08T05:00:32.6948147Z # Subtest: R208 method/service/missing-header cooldowns remain path scoped and default to five seconds
2026-10-08T05:00:32.6954235Z ok 10 - R208 method/service/missing-header cooldowns remain path scoped and default to five seconds
2026-10-08T05:00:32.6955717Z   ---
2026-10-08T05:00:32.6956402Z   duration_ms: 7.510138
2026-10-08T05:00:32.6957069Z   type: 'test'
2026-10-08T05:00:32.6957747Z   ...
2026-10-08T05:00:32.8136631Z # Subtest: R208 IP 429 and controlled upstream failures are JSON rather than false daily-quota pages
2026-10-08T05:00:32.8138290Z ok 11 - R208 IP 429 and controlled upstream failures are JSON rather than false daily-quota pages
2026-10-08T05:00:32.8139481Z   ---
2026-10-08T05:00:32.8139940Z   duration_ms: 118.551713
2026-10-08T05:00:32.8140429Z   type: 'test'
2026-10-08T05:00:32.8140833Z   ...
2026-10-08T05:00:32.9259867Z # Subtest: R208 application remaining time takes precedence when IP limit also expires
2026-10-08T05:00:32.9261561Z ok 12 - R208 application remaining time takes precedence when IP limit also expires
2026-10-08T05:00:32.9262442Z   ---
2026-10-08T05:00:32.9262775Z   duration_ms: 112.285298
2026-10-08T05:00:32.9263123Z   type: 'test'
2026-10-08T05:00:32.9263369Z   ...
2026-10-08T05:00:32.9777484Z # Subtest: R220 every platform and regional cluster has the correct endpoint family
2026-10-08T05:00:32.9779741Z ok 13 - R220 every platform and regional cluster has the correct endpoint family
2026-10-08T05:00:32.9780228Z   ---
2026-10-08T05:00:32.9780472Z   duration_ms: 51.753918
2026-10-08T05:00:32.9780820Z   type: 'test'
2026-10-08T05:00:32.9781222Z   ...
2026-10-08T05:00:32.9796718Z # Subtest: R220 validated platform headers isolate JP and KR cooldowns on shared ASIA without forwarding headers
2026-10-08T05:00:32.9798959Z ok 14 - R220 validated platform headers isolate JP and KR cooldowns on shared ASIA without forwarding headers
2026-10-08T05:00:32.9799967Z   ---
2026-10-08T05:00:32.9800428Z   duration_ms: 2.233659
2026-10-08T05:00:32.9800911Z   type: 'test'
2026-10-08T05:00:32.9801304Z   ...
2026-10-08T05:00:32.9819922Z # Subtest: R220 shared-cluster responses remain platform-scoped in the relay cache
2026-10-08T05:00:32.9833460Z ok 15 - R220 shared-cluster responses remain platform-scoped in the relay cache
2026-10-08T05:00:32.9834538Z   ---
2026-10-08T05:00:32.9835198Z   duration_ms: 2.211979
2026-10-08T05:00:32.9835695Z   type: 'test'
2026-10-08T05:00:32.9836088Z   ...
2026-10-08T05:00:32.9836939Z # Subtest: R231 health is header-only and makes no upstream/quota/identity calls
2026-10-08T05:00:32.9838217Z ok 16 - R231 health is header-only and makes no upstream/quota/identity calls
2026-10-08T05:00:32.9839228Z   ---
2026-10-08T05:00:32.9839661Z   duration_ms: 0.251149
2026-10-08T05:00:32.9840137Z   type: 'test'
2026-10-08T05:00:32.9840516Z   ...
2026-10-08T05:00:32.9964564Z 1..16
2026-10-08T05:00:32.9965423Z # tests 16
2026-10-08T05:00:32.9965831Z # suites 0
2026-10-08T05:00:32.9966918Z # pass 16
2026-10-08T05:00:32.9967309Z # fail 0
2026-10-08T05:00:32.9967705Z # cancelled 0
2026-10-08T05:00:32.9968114Z # skipped 0
2026-10-08T05:00:32.9968823Z # todo 0
2026-10-08T05:00:32.9969583Z # duration_ms 580.29205
2026-10-08T05:00:33.0055076Z ##[group]Run chrome="$(command -v google-chrome-stable || command -v google-chrome || command -v chromium-browser || command -v chromium || true)"
2026-10-08T05:00:33.0056271Z [36;1mchrome="$(command -v google-chrome-stable || command -v google-chrome || command -v chromium-browser || command -v chromium || true)"[0m
2026-10-08T05:00:33.0057178Z [36;1mtest -n "$chrome" || { echo "no Chrome/Chromium binary on the runner; browser guards must not silently skip" >&2; exit 1; }[0m
2026-10-08T05:00:33.0057752Z [36;1mecho "using $chrome"[0m
2026-10-08T05:00:33.0058231Z [36;1mCHROME_BIN="$chrome" R100_BROWSER_OUTPUT="$RUNNER_TEMP/r100-browser" node desktop/r100-browser.cjs[0m
2026-10-08T05:00:33.0059263Z [36;1mCHROME_BIN="$chrome" R117_BROWSER_OUTPUT="$RUNNER_TEMP/r117-browser" node desktop/r117-browser.cjs[0m
2026-10-08T05:00:33.0121314Z shell: /usr/bin/bash -e {0}
2026-10-08T05:00:33.0121594Z ##[endgroup]
2026-10-08T05:00:33.0208961Z using /usr/bin/google-chrome-stable
2026-10-08T05:00:33.8404794Z CDP connected
2026-10-08T05:00:34.5548134Z R100 Chromium PASS {"elapsed":18.29999999993015,"peakImages":5}
2026-10-08T05:00:34.8984398Z CDP connected
2026-10-08T05:00:37.8907188Z R117 Chromium PASS {"frames":{"champions":60,"suite":61},"unstyledFrames":0,"styleBeforeModule":{"cssEnd":1787,"jsStart":1789},"sharedGeometry":{"display":"grid","tracks":"587.5px 587.5px","columns":2,"sideBySide":true,"minHeight":"70px"}}
2026-10-08T05:00:37.9550023Z ##[group]Run actions/upload-artifact@v4
2026-10-08T05:00:37.9550347Z with:
2026-10-08T05:00:37.9550570Z   name: chromium-guards-linux
2026-10-08T05:00:37.9551009Z   path: /home/runner/work/_temp/r100-browser/**
/home/runner/work/_temp/r117-browser/**

2026-10-08T05:00:37.9551478Z   if-no-files-found: warn
2026-10-08T05:00:37.9551724Z   compression-level: 6
2026-10-08T05:00:37.9551951Z   overwrite: false
2026-10-08T05:00:37.9552178Z   include-hidden-files: false
2026-10-08T05:00:37.9552435Z ##[endgroup]
2026-10-08T05:00:38.1259172Z (node:14001) [DEP0040] DeprecationWarning: The `punycode` module is deprecated. Please use a userland alternative instead.
2026-10-08T05:00:38.1260088Z (Use `node --trace-deprecation ...` to show where the warning was created)
2026-10-08T05:00:38.1355520Z Multiple search paths detected. Calculating the least common ancestor of all paths
2026-10-08T05:00:38.1357733Z The least common ancestor is /home/runner/work/_temp. This will be the root directory of the artifact
2026-10-08T05:00:38.1359252Z With the provided path, there will be 8 files uploaded
2026-10-08T05:00:38.1360270Z Artifact name is valid!
2026-10-08T05:00:38.1360845Z Root directory input is valid!
2026-10-08T05:00:38.3352209Z Beginning upload of artifact content to blob storage
2026-10-08T05:00:38.3657148Z (node:14001) [DEP0169] DeprecationWarning: `url.parse()` behavior is not standardized and prone to errors that have security implications. Use the WHATWG URL API instead. CVEs are not issued for `url.parse()` vulnerabilities.
2026-10-08T05:00:38.4103022Z Uploaded bytes 6676
2026-10-08T05:00:38.4284262Z Finished uploading artifact content to blob storage!
2026-10-08T05:00:38.4285567Z SHA256 digest of uploaded artifact zip is 6e048fd9324fb7e83b4dbcb0e624b7a9b7840e6f3503f3cb1d16abb0ac6b3c63
2026-10-08T05:00:38.4287536Z Finalizing artifact upload
2026-10-08T05:00:38.6334412Z Artifact chromium-guards-linux.zip successfully finalized. Artifact ID 11529552480
2026-10-08T05:00:38.6336636Z Artifact chromium-guards-linux has been successfully uploaded! Final size is 6676 bytes. Artifact ID is 11529552480
2026-10-08T05:00:38.6342879Z Artifact download URL: https://github.com/LLYY0418/Deep-Legends/actions/runs/37729564138/artifacts/11529552480
2026-10-08T05:00:38.6461370Z ##[group]Run go test ./...
2026-10-08T05:00:38.6461668Z [36;1mgo test ./...[0m
2026-10-08T05:00:38.6523945Z shell: /usr/bin/bash -e {0}
2026-10-08T05:00:38.6524229Z ##[endgroup]
2026-10-08T05:00:41.7157887Z ok  	deeplegends/installer	2.384s
2026-10-08T05:00:41.7158916Z ok  	deeplegends/installer/internal/webviewhost	0.031s
2026-10-08T05:00:41.7159786Z ?   	deeplegends/installer/payload	[no test files]
2026-10-08T05:00:41.7160811Z ?   	deeplegends/installer/ui	[no test files]
2026-10-08T05:00:41.7161395Z ok  	deeplegends/installer/uninstall	0.005s
2026-10-08T05:00:41.7255000Z ##[group]Run go vet ./...
2026-10-08T05:00:41.7255312Z [36;1mgo vet ./...[0m
2026-10-08T05:00:41.7325393Z shell: /usr/bin/bash -e {0}
2026-10-08T05:00:41.7325678Z ##[endgroup]
2026-10-08T05:00:41.9058441Z Post job cleanup.
2026-10-08T05:00:42.0284135Z (node:14333) [DEP0040] DeprecationWarning: The `punycode` module is deprecated. Please use a userland alternative instead.
2026-10-08T05:00:42.0285062Z (Use `node --trace-deprecation ...` to show where the warning was created)
2026-10-08T05:00:42.0424573Z Post job cleanup.
2026-10-08T05:00:42.1772692Z (node:14341) [DEP0040] DeprecationWarning: The `punycode` module is deprecated. Please use a userland alternative instead.
2026-10-08T05:00:42.1774300Z (Use `node --trace-deprecation ...` to show where the warning was created)
2026-10-08T05:00:42.1845437Z [command]/opt/hostedtoolcache/go/1.24.13/x64/bin/go env GOMODCACHE
2026-10-08T05:00:42.1892624Z [command]/opt/hostedtoolcache/go/1.24.13/x64/bin/go env GOCACHE
2026-10-08T05:00:42.1922020Z /home/runner/go/pkg/mod
2026-10-08T05:00:42.1944276Z /home/runner/.cache/go-build
2026-10-08T05:00:42.1952095Z Cache hit occurred on the primary key setup-go-Linux-x64-ubuntu24-go-1.24.13-a9fc12c66c581ebd975c04924614d911b843067079247990d4be659063ce44db, not saving cache.
2026-10-08T05:00:42.2158287Z Post job cleanup.
2026-10-08T05:00:42.3035597Z [command]/usr/bin/git version
2026-10-08T05:00:42.3102462Z git version 2.55.0
2026-10-08T05:00:42.3155553Z Temporarily overriding HOME='/home/runner/work/_temp/72ec216a-41f7-437f-98dd-f0c7514e3f5d' before making global git config changes
2026-10-08T05:00:42.3157431Z Adding repository directory to the temporary git global config as a safe directory
2026-10-08T05:00:42.3164819Z [command]/usr/bin/git config --global --add safe.directory /home/runner/work/Deep-Legends/Deep-Legends
2026-10-08T05:00:42.3233996Z [command]/usr/bin/git config --local --name-only --get-regexp core\.sshCommand
2026-10-08T05:00:42.3278025Z [command]/usr/bin/git submodule foreach --recursive sh -c "git config --local --name-only --get-regexp 'core\.sshCommand' && git config --local --unset-all 'core.sshCommand' || :"
2026-10-08T05:00:42.3531003Z [command]/usr/bin/git config --local --name-only --get-regexp http\.https\:\/\/github\.com\/\.extraheader
2026-10-08T05:00:42.3557354Z http.https://github.com/.extraheader
2026-10-08T05:00:42.3572433Z [command]/usr/bin/git config --local --unset-all http.https://github.com/.extraheader
2026-10-08T05:00:42.3616553Z [command]/usr/bin/git submodule foreach --recursive sh -c "git config --local --name-only --get-regexp 'http\.https\:\/\/github\.com\/\.extraheader' && git config --local --unset-all 'http.https://github.com/.extraheader' || :"
2026-10-08T05:00:42.3871145Z [command]/usr/bin/git config --local --name-only --get-regexp ^includeIf\.gitdir:
2026-10-08T05:00:42.3916978Z [command]/usr/bin/git submodule foreach --recursive git config --local --show-origin --name-only --get-regexp remote.origin.url
2026-10-08T05:00:42.4320535Z Cleaning up orphan processes
2026-10-08T05:00:42.4691497Z ##[warning]Node.js 20 is deprecated. The following actions target Node.js 20 but are being forced to run on Node.js 24: actions/checkout@v4, actions/setup-go@v5, actions/setup-node@v4, actions/upload-artifact@v4. For more information see: https://github.blog/changelog/2025-09-19-deprecation-of-node-20-on-github-actions-runners/
