release	Set up job	﻿2026-10-04T03:03:29.4316768Z Current runner version: '2.337.0'
release	Set up job	2026-10-04T03:03:29.4369392Z ##[group]Runner Image Provisioner
release	Set up job	2026-10-04T03:03:29.4370262Z Hosted Compute Agent
release	Set up job	2026-10-04T03:03:29.4370818Z Version: 20260901.588
release	Set up job	2026-10-04T03:03:29.4371490Z Commit: f88ec8081b781fac6c440065ac7ff9e710ce3d0b
release	Set up job	2026-10-04T03:03:29.4372202Z Build Date: 2026-09-01T19:56:44Z
release	Set up job	2026-10-04T03:03:29.4372856Z Worker ID: {6c42a6a2-ad05-4601-b8b1-5e90cdf3b464}
release	Set up job	2026-10-04T03:03:29.4373558Z Azure Region: westus2
release	Set up job	2026-10-04T03:03:29.4374156Z ##[endgroup]
release	Set up job	2026-10-04T03:03:29.4376045Z ##[group]Operating System
release	Set up job	2026-10-04T03:03:29.4376744Z Microsoft Windows Server 2025
release	Set up job	2026-10-04T03:03:29.4377393Z 10.0.26100
release	Set up job	2026-10-04T03:03:29.4377920Z Datacenter
release	Set up job	2026-10-04T03:03:29.4378422Z ##[endgroup]
release	Set up job	2026-10-04T03:03:29.4378975Z ##[group]Runner Image
release	Set up job	2026-10-04T03:03:29.4379567Z Image: windows-2025-vs2026
release	Set up job	2026-10-04T03:03:29.4380151Z Version: 20260925.250.1
release	Set up job	2026-10-04T03:03:29.4381298Z Included Software: https://github.com/actions/runner-images/blob/win25-vs2026/20260925.250/images/windows/Windows2025-VS2026-Readme.md
release	Set up job	2026-10-04T03:03:29.4383356Z Image Release: https://github.com/actions/runner-images/releases/tag/win25-vs2026%2F20260925.250
release	Set up job	2026-10-04T03:03:29.4384378Z ##[endgroup]
release	Set up job	2026-10-04T03:03:29.4385631Z ##[group]GITHUB_TOKEN Permissions
release	Set up job	2026-10-04T03:03:29.4387988Z Contents: write
release	Set up job	2026-10-04T03:03:29.4388691Z Metadata: read
release	Set up job	2026-10-04T03:03:29.4389245Z ##[endgroup]
release	Set up job	2026-10-04T03:03:29.4391328Z Secret source: Actions
release	Set up job	2026-10-04T03:03:29.4392256Z Cache mode: write
release	Set up job	2026-10-04T03:03:29.4392949Z Prepare workflow directory
release	Set up job	2026-10-04T03:03:29.4793040Z Prepare all required actions
release	Set up job	2026-10-04T03:03:29.4849556Z Getting action download info
release	Set up job	2026-10-04T03:03:29.8036911Z Download action repository 'actions/checkout@v4' (SHA:11d5960a326750d5838078e36cf38b85af677262)
release	Set up job	2026-10-04T03:03:29.9369395Z Download action repository 'actions/setup-go@v5' (SHA:40f1582b2485089dde7abd97c1529aa768e1baff)
release	Set up job	2026-10-04T03:03:30.2983168Z Download action repository 'actions/setup-node@v4' (SHA:49933ea5288caeca8642d1e84afbd3f7d6820020)
release	Set up job	2026-10-04T03:03:30.4687682Z Download action repository 'actions/upload-artifact@v4' (SHA:ea165f8d65b6e75b540449e92b4886f43607fa02)
release	Set up job	2026-10-04T03:03:30.8321356Z Complete job name: release
release	Run actions/checkout@v4	﻿2026-10-04T03:03:31.0001133Z ##[group]Run actions/checkout@v4
release	Run actions/checkout@v4	2026-10-04T03:03:31.0002497Z with:
release	Run actions/checkout@v4	2026-10-04T03:03:31.0003075Z   repository: LLYY0418/Deep-Legends
release	Run actions/checkout@v4	2026-10-04T03:03:31.0007393Z   token: ***
release	Run actions/checkout@v4	2026-10-04T03:03:31.0007843Z   ssh-strict: true
release	Run actions/checkout@v4	2026-10-04T03:03:31.0008280Z   ssh-user: git
release	Run actions/checkout@v4	2026-10-04T03:03:31.0008721Z   persist-credentials: true
release	Run actions/checkout@v4	2026-10-04T03:03:31.0009208Z   clean: true
release	Run actions/checkout@v4	2026-10-04T03:03:31.0009646Z   sparse-checkout-cone-mode: true
release	Run actions/checkout@v4	2026-10-04T03:03:31.0010170Z   fetch-depth: 1
release	Run actions/checkout@v4	2026-10-04T03:03:31.0010603Z   fetch-tags: false
release	Run actions/checkout@v4	2026-10-04T03:03:31.0011478Z   show-progress: true
release	Run actions/checkout@v4	2026-10-04T03:03:31.0011984Z   lfs: false
release	Run actions/checkout@v4	2026-10-04T03:03:31.0012390Z   submodules: false
release	Run actions/checkout@v4	2026-10-04T03:03:31.0012881Z   set-safe-directory: true
release	Run actions/checkout@v4	2026-10-04T03:03:31.0013429Z   allow-unsafe-pr-checkout: false
release	Run actions/checkout@v4	2026-10-04T03:03:31.0014267Z ##[endgroup]
release	Run actions/checkout@v4	2026-10-04T03:03:31.1508652Z Syncing repository: LLYY0418/Deep-Legends
release	Run actions/checkout@v4	2026-10-04T03:03:31.1510815Z ##[group]Getting Git version info
release	Run actions/checkout@v4	2026-10-04T03:03:31.1511574Z Working directory is 'D:\a\Deep-Legends\Deep-Legends'
release	Run actions/checkout@v4	2026-10-04T03:03:31.2512730Z [command]"C:\Program Files\Git\bin\git.exe" version
release	Run actions/checkout@v4	2026-10-04T03:03:31.6261012Z git version 2.55.0.windows.5
release	Run actions/checkout@v4	2026-10-04T03:03:31.6314831Z ##[endgroup]
release	Run actions/checkout@v4	2026-10-04T03:03:31.6334982Z Temporarily overriding HOME='D:\a\_temp\c5fdba0c-7c66-4aac-b204-3aebe4b807e9' before making global git config changes
release	Run actions/checkout@v4	2026-10-04T03:03:31.6336438Z Adding repository directory to the temporary git global config as a safe directory
release	Run actions/checkout@v4	2026-10-04T03:03:31.6345243Z [command]"C:\Program Files\Git\bin\git.exe" config --global --add safe.directory D:\a\Deep-Legends\Deep-Legends
release	Run actions/checkout@v4	2026-10-04T03:03:31.7048226Z Deleting the contents of 'D:\a\Deep-Legends\Deep-Legends'
release	Run actions/checkout@v4	2026-10-04T03:03:31.7055730Z ##[group]Initializing the repository
release	Run actions/checkout@v4	2026-10-04T03:03:31.7064482Z [command]"C:\Program Files\Git\bin\git.exe" init D:\a\Deep-Legends\Deep-Legends
release	Run actions/checkout@v4	2026-10-04T03:03:31.7978648Z Initialized empty Git repository in D:/a/Deep-Legends/Deep-Legends/.git/
release	Run actions/checkout@v4	2026-10-04T03:03:31.8026312Z [command]"C:\Program Files\Git\bin\git.exe" remote add origin https://github.com/LLYY0418/Deep-Legends
release	Run actions/checkout@v4	2026-10-04T03:03:31.8637473Z ##[endgroup]
release	Run actions/checkout@v4	2026-10-04T03:03:31.8638407Z ##[group]Disabling automatic garbage collection
release	Run actions/checkout@v4	2026-10-04T03:03:31.8646200Z [command]"C:\Program Files\Git\bin\git.exe" config --local gc.auto 0
release	Run actions/checkout@v4	2026-10-04T03:03:31.8944764Z ##[endgroup]
release	Run actions/checkout@v4	2026-10-04T03:03:31.8946123Z ##[group]Setting up auth
release	Run actions/checkout@v4	2026-10-04T03:03:31.8957465Z [command]"C:\Program Files\Git\bin\git.exe" config --local --name-only --get-regexp core\.sshCommand
release	Run actions/checkout@v4	2026-10-04T03:03:31.9263718Z [command]"C:\Program Files\Git\bin\git.exe" submodule foreach --recursive "sh -c \"git config --local --name-only --get-regexp 'core\.sshCommand' && git config --local --unset-all 'core.sshCommand' || :\""
release	Run actions/checkout@v4	2026-10-04T03:03:33.4250565Z [command]"C:\Program Files\Git\bin\git.exe" config --local --name-only --get-regexp http\.https\:\/\/github\.com\/\.extraheader
release	Run actions/checkout@v4	2026-10-04T03:03:33.4572991Z [command]"C:\Program Files\Git\bin\git.exe" submodule foreach --recursive "sh -c \"git config --local --name-only --get-regexp 'http\.https\:\/\/github\.com\/\.extraheader' && git config --local --unset-all 'http.https://github.com/.extraheader' || :\""
release	Run actions/checkout@v4	2026-10-04T03:03:34.0116223Z [command]"C:\Program Files\Git\bin\git.exe" config --local --name-only --get-regexp ^includeIf\.gitdir:
release	Run actions/checkout@v4	2026-10-04T03:03:34.0472130Z [command]"C:\Program Files\Git\bin\git.exe" submodule foreach --recursive "git config --local --show-origin --name-only --get-regexp remote.origin.url"
release	Run actions/checkout@v4	2026-10-04T03:03:34.5947685Z [command]"C:\Program Files\Git\bin\git.exe" config --local http.https://github.com/.extraheader "AUTHORIZATION: basic ***"
release	Run actions/checkout@v4	2026-10-04T03:03:34.6253819Z ##[endgroup]
release	Run actions/checkout@v4	2026-10-04T03:03:34.6265842Z ##[group]Fetching the repository
release	Run actions/checkout@v4	2026-10-04T03:03:34.6266887Z [command]"C:\Program Files\Git\bin\git.exe" -c protocol.version=2 fetch --no-tags --prune --no-recurse-submodules --depth=1 origin +bb2b97a0b7bc2ce7c1d4155e4c99b64a44b66606:refs/tags/v0.12.68
release	Run actions/checkout@v4	2026-10-04T03:03:37.5920133Z From https://github.com/LLYY0418/Deep-Legends
release	Run actions/checkout@v4	2026-10-04T03:03:37.5923576Z  * [new ref]         bb2b97a0b7bc2ce7c1d4155e4c99b64a44b66606 -> v0.12.68
release	Run actions/checkout@v4	2026-10-04T03:03:37.6056894Z ##[endgroup]
release	Run actions/checkout@v4	2026-10-04T03:03:37.6060285Z ##[group]Determining the checkout info
release	Run actions/checkout@v4	2026-10-04T03:03:37.6066336Z ##[endgroup]
release	Run actions/checkout@v4	2026-10-04T03:03:37.6071582Z [command]"C:\Program Files\Git\bin\git.exe" sparse-checkout disable
release	Run actions/checkout@v4	2026-10-04T03:03:37.6490490Z [command]"C:\Program Files\Git\bin\git.exe" config --local --unset-all extensions.worktreeConfig
release	Run actions/checkout@v4	2026-10-04T03:03:37.6799005Z ##[group]Checking out the ref
release	Run actions/checkout@v4	2026-10-04T03:03:37.6808546Z [command]"C:\Program Files\Git\bin\git.exe" checkout --progress --force refs/tags/v0.12.68
release	Run actions/checkout@v4	2026-10-04T03:03:38.7297374Z Updating files:  98% (2496/2545)
release	Run actions/checkout@v4	2026-10-04T03:03:38.7373578Z Updating files:  99% (2520/2545)
release	Run actions/checkout@v4	2026-10-04T03:03:38.7374132Z Updating files: 100% (2545/2545)
release	Run actions/checkout@v4	2026-10-04T03:03:38.7374597Z Updating files: 100% (2545/2545), done.
release	Run actions/checkout@v4	2026-10-04T03:03:38.7500301Z Note: switching to 'refs/tags/v0.12.68'.
release	Run actions/checkout@v4	2026-10-04T03:03:38.7500769Z 
release	Run actions/checkout@v4	2026-10-04T03:03:38.7500991Z You are in 'detached HEAD' state. You can look around, make experimental
release	Run actions/checkout@v4	2026-10-04T03:03:38.7501467Z changes and commit them, and you can discard any commits you make in this
release	Run actions/checkout@v4	2026-10-04T03:03:38.7501917Z state without impacting any branches by switching back to a branch.
release	Run actions/checkout@v4	2026-10-04T03:03:38.7502192Z 
release	Run actions/checkout@v4	2026-10-04T03:03:38.7502403Z If you want to create a new branch to retain commits you create, you may
release	Run actions/checkout@v4	2026-10-04T03:03:38.7503050Z do so (now or later) by using -c with the switch command. Example:
release	Run actions/checkout@v4	2026-10-04T03:03:38.7503579Z 
release	Run actions/checkout@v4	2026-10-04T03:03:38.7503845Z   git switch -c <new-branch-name>
release	Run actions/checkout@v4	2026-10-04T03:03:38.7504204Z 
release	Run actions/checkout@v4	2026-10-04T03:03:38.7505693Z Or undo this operation with:
release	Run actions/checkout@v4	2026-10-04T03:03:38.7505986Z 
release	Run actions/checkout@v4	2026-10-04T03:03:38.7506081Z   git switch -
release	Run actions/checkout@v4	2026-10-04T03:03:38.7506293Z 
release	Run actions/checkout@v4	2026-10-04T03:03:38.7506883Z Turn off this advice by setting config variable advice.detachedHead to false
release	Run actions/checkout@v4	2026-10-04T03:03:38.7507214Z 
release	Run actions/checkout@v4	2026-10-04T03:03:38.7507476Z HEAD is now at bb2b97a fix: compare shortcut target file identity on Windows
release	Run actions/checkout@v4	2026-10-04T03:03:38.7684378Z ##[endgroup]
release	Run actions/checkout@v4	2026-10-04T03:03:38.8116751Z [command]"C:\Program Files\Git\bin\git.exe" log -1 --format=%H
release	Run actions/checkout@v4	2026-10-04T03:03:38.8397340Z bb2b97a0b7bc2ce7c1d4155e4c99b64a44b66606
release	Run actions/setup-go@v5	﻿2026-10-04T03:03:38.8876177Z ##[group]Run actions/setup-go@v5
release	Run actions/setup-go@v5	2026-10-04T03:03:38.8876513Z with:
release	Run actions/setup-go@v5	2026-10-04T03:03:38.8876706Z   go-version-file: go.mod
release	Run actions/setup-go@v5	2026-10-04T03:03:38.8876918Z   cache: true
release	Run actions/setup-go@v5	2026-10-04T03:03:38.8877093Z   check-latest: false
release	Run actions/setup-go@v5	2026-10-04T03:03:38.8879606Z   token: ***
release	Run actions/setup-go@v5	2026-10-04T03:03:38.8879803Z ##[endgroup]
release	Run actions/setup-go@v5	2026-10-04T03:03:39.0490004Z Setup go version spec 1.24
release	Run actions/setup-go@v5	2026-10-04T03:03:39.0758533Z Found in cache @ C:\hostedtoolcache\windows\go\1.24.13\x64
release	Run actions/setup-go@v5	2026-10-04T03:03:39.0761315Z (node:2000) [DEP0040] DeprecationWarning: The `punycode` module is deprecated. Please use a userland alternative instead.
release	Run actions/setup-go@v5	2026-10-04T03:03:39.0762255Z (Use `node --trace-deprecation ...` to show where the warning was created)
release	Run actions/setup-go@v5	2026-10-04T03:03:39.0767876Z Added go to the path
release	Run actions/setup-go@v5	2026-10-04T03:03:39.0771819Z Successfully set up Go version 1.24
release	Run actions/setup-go@v5	2026-10-04T03:03:40.4396598Z [command]C:\hostedtoolcache\windows\go\1.24.13\x64\bin\go.exe env GOMODCACHE
release	Run actions/setup-go@v5	2026-10-04T03:03:40.4443413Z [command]C:\hostedtoolcache\windows\go\1.24.13\x64\bin\go.exe env GOCACHE
release	Run actions/setup-go@v5	2026-10-04T03:03:40.4792855Z C:\Users\runneradmin\go\pkg\mod
release	Run actions/setup-go@v5	2026-10-04T03:03:40.4810090Z C:\Users\runneradmin\AppData\Local\go-build
release	Run actions/setup-go@v5	2026-10-04T03:03:40.9045841Z Cache hit for: setup-go-Windows-x64-go-1.24.13-a9fc12c66c581ebd975c04924614d911b843067079247990d4be659063ce44db
release	Run actions/setup-go@v5	2026-10-04T03:03:40.9164461Z (node:2000) [DEP0169] DeprecationWarning: `url.parse()` behavior is not standardized and prone to errors that have security implications. Use the WHATWG URL API instead. CVEs are not issued for `url.parse()` vulnerabilities.
release	Run actions/setup-go@v5	2026-10-04T03:03:42.2017108Z Received 37748736 of 183118592 (20.6%), 35.9 MBs/sec
release	Run actions/setup-go@v5	2026-10-04T03:03:43.2435269Z Received 134217728 of 183118592 (73.3%), 62.7 MBs/sec
release	Run actions/setup-go@v5	2026-10-04T03:03:43.6904757Z Received 183118592 of 183118592 (100.0%), 70.1 MBs/sec
release	Run actions/setup-go@v5	2026-10-04T03:03:43.6907045Z Cache Size: ~175 MB (183118592 B)
release	Run actions/setup-go@v5	2026-10-04T03:03:43.6990572Z [command]"C:\Program Files\Git\usr\bin\tar.exe" -xf D:/a/_temp/9aac0d11-4298-4e06-88ca-f48355865ebd/cache.tzst -P -C D:/a/Deep-Legends/Deep-Legends --force-local --use-compress-program "zstd -d"
release	Run actions/setup-go@v5	2026-10-04T03:03:55.1866207Z Cache restored successfully
release	Run actions/setup-go@v5	2026-10-04T03:03:55.1971387Z Cache restored from key: setup-go-Windows-x64-go-1.24.13-a9fc12c66c581ebd975c04924614d911b843067079247990d4be659063ce44db
release	Run actions/setup-go@v5	2026-10-04T03:03:55.1999480Z go version go1.24.13 windows/amd64
release	Run actions/setup-go@v5	2026-10-04T03:03:55.1999803Z 
release	Run actions/setup-go@v5	2026-10-04T03:03:55.2000226Z ##[group]go env
release	Run actions/setup-go@v5	2026-10-04T03:03:55.5012570Z set AR=ar
release	Run actions/setup-go@v5	2026-10-04T03:03:55.5012934Z set CC=gcc
release	Run actions/setup-go@v5	2026-10-04T03:03:55.5013277Z set CGO_CFLAGS=-O2 -g
release	Run actions/setup-go@v5	2026-10-04T03:03:55.5013678Z set CGO_CPPFLAGS=
release	Run actions/setup-go@v5	2026-10-04T03:03:55.5013896Z set CGO_CXXFLAGS=-O2 -g
release	Run actions/setup-go@v5	2026-10-04T03:03:55.5014124Z set CGO_ENABLED=1
release	Run actions/setup-go@v5	2026-10-04T03:03:55.5014319Z set CGO_FFLAGS=-O2 -g
release	Run actions/setup-go@v5	2026-10-04T03:03:55.5014522Z set CGO_LDFLAGS=-O2 -g
release	Run actions/setup-go@v5	2026-10-04T03:03:55.5014715Z set CXX=g++
release	Run actions/setup-go@v5	2026-10-04T03:03:55.5014876Z set GCCGO=gccgo
release	Run actions/setup-go@v5	2026-10-04T03:03:55.5015050Z set GO111MODULE=
release	Run actions/setup-go@v5	2026-10-04T03:03:55.5015221Z set GOAMD64=v1
release	Run actions/setup-go@v5	2026-10-04T03:03:55.5015389Z set GOARCH=amd64
release	Run actions/setup-go@v5	2026-10-04T03:03:55.5015601Z set GOAUTH=netrc
release	Run actions/setup-go@v5	2026-10-04T03:03:55.5015762Z set GOBIN=
release	Run actions/setup-go@v5	2026-10-04T03:03:55.5015995Z set GOCACHE=C:\Users\runneradmin\AppData\Local\go-build
release	Run actions/setup-go@v5	2026-10-04T03:03:55.5016296Z set GOCACHEPROG=
release	Run actions/setup-go@v5	2026-10-04T03:03:55.5016476Z set GODEBUG=
release	Run actions/setup-go@v5	2026-10-04T03:03:55.5016768Z set GOENV=C:\Users\runneradmin\AppData\Roaming\go\env
release	Run actions/setup-go@v5	2026-10-04T03:03:55.5017823Z set GOEXE=.exe
release	Run actions/setup-go@v5	2026-10-04T03:03:55.5018507Z set GOEXPERIMENT=
release	Run actions/setup-go@v5	2026-10-04T03:03:55.5018818Z set GOFIPS140=off
release	Run actions/setup-go@v5	2026-10-04T03:03:55.5019099Z set GOFLAGS=
release	Run actions/setup-go@v5	2026-10-04T03:03:55.5020251Z set GOGCCFLAGS=-m64 -mthreads -Wl,--no-gc-sections -fmessage-length=0 -ffile-prefix-map=C:\Users\RUNNER~1\AppData\Local\Temp\go-build1712899922=/tmp/go-build -gno-record-gcc-switches
release	Run actions/setup-go@v5	2026-10-04T03:03:55.5021506Z set GOHOSTARCH=amd64
release	Run actions/setup-go@v5	2026-10-04T03:03:55.5021853Z set GOHOSTOS=windows
release	Run actions/setup-go@v5	2026-10-04T03:03:55.5022144Z set GOINSECURE=
release	Run actions/setup-go@v5	2026-10-04T03:03:55.5022501Z set GOMOD=D:\a\Deep-Legends\Deep-Legends\go.mod
release	Run actions/setup-go@v5	2026-10-04T03:03:55.5023021Z set GOMODCACHE=C:\Users\runneradmin\go\pkg\mod
release	Run actions/setup-go@v5	2026-10-04T03:03:55.5027497Z set GONOPROXY=
release	Run actions/setup-go@v5	2026-10-04T03:03:55.5027691Z set GONOSUMDB=
release	Run actions/setup-go@v5	2026-10-04T03:03:55.5027871Z set GOOS=windows
release	Run actions/setup-go@v5	2026-10-04T03:03:55.5028087Z set GOPATH=C:\Users\runneradmin\go
release	Run actions/setup-go@v5	2026-10-04T03:03:55.5028364Z set GOPRIVATE=
release	Run actions/setup-go@v5	2026-10-04T03:03:55.5028660Z set GOPROXY=https://proxy.golang.org,direct
release	Run actions/setup-go@v5	2026-10-04T03:03:55.5028999Z set GOROOT=C:\hostedtoolcache\windows\go\1.24.13\x64
release	Run actions/setup-go@v5	2026-10-04T03:03:55.5029318Z set GOSUMDB=sum.golang.org
release	Run actions/setup-go@v5	2026-10-04T03:03:55.5029534Z set GOTELEMETRY=local
release	Run actions/setup-go@v5	2026-10-04T03:03:55.5029843Z set GOTELEMETRYDIR=C:\Users\runneradmin\AppData\Roaming\go\telemetry
release	Run actions/setup-go@v5	2026-10-04T03:03:55.5030201Z set GOTMPDIR=
release	Run actions/setup-go@v5	2026-10-04T03:03:55.5030387Z set GOTOOLCHAIN=auto
release	Run actions/setup-go@v5	2026-10-04T03:03:55.5030728Z set GOTOOLDIR=C:\hostedtoolcache\windows\go\1.24.13\x64\pkg\tool\windows_amd64
release	Run actions/setup-go@v5	2026-10-04T03:03:55.5031117Z set GOVCS=
release	Run actions/setup-go@v5	2026-10-04T03:03:55.5031287Z set GOVERSION=go1.24.13
release	Run actions/setup-go@v5	2026-10-04T03:03:55.5031481Z set GOWORK=
release	Run actions/setup-go@v5	2026-10-04T03:03:55.5031663Z set PKG_CONFIG=pkg-config
release	Run actions/setup-go@v5	2026-10-04T03:03:55.5031812Z 
release	Run actions/setup-go@v5	2026-10-04T03:03:55.5032128Z ##[endgroup]
release	Run actions/setup-node@v4	﻿2026-10-04T03:03:55.5345291Z ##[group]Run actions/setup-node@v4
release	Run actions/setup-node@v4	2026-10-04T03:03:55.5345636Z with:
release	Run actions/setup-node@v4	2026-10-04T03:03:55.5345819Z   node-version: 22
release	Run actions/setup-node@v4	2026-10-04T03:03:55.5346004Z   cache: npm
release	Run actions/setup-node@v4	2026-10-04T03:03:55.5346239Z   cache-dependency-path: desktop/package-lock.json
release	Run actions/setup-node@v4	2026-10-04T03:03:55.5346535Z   always-auth: false
release	Run actions/setup-node@v4	2026-10-04T03:03:55.5346754Z   check-latest: false
release	Run actions/setup-node@v4	2026-10-04T03:03:55.5349235Z   token: ***
release	Run actions/setup-node@v4	2026-10-04T03:03:55.5349417Z ##[endgroup]
release	Run actions/setup-node@v4	2026-10-04T03:03:55.7096708Z Found in cache @ C:\hostedtoolcache\windows\node\22.23.3\x64
release	Run actions/setup-node@v4	2026-10-04T03:03:55.7104486Z (node:9192) [DEP0040] DeprecationWarning: The `punycode` module is deprecated. Please use a userland alternative instead.
release	Run actions/setup-node@v4	2026-10-04T03:03:55.7105777Z (Use `node --trace-deprecation ...` to show where the warning was created)
release	Run actions/setup-node@v4	2026-10-04T03:03:55.7108454Z ##[group]Environment details
release	Run actions/setup-node@v4	2026-10-04T03:04:01.8132319Z node: v22.23.3
release	Run actions/setup-node@v4	2026-10-04T03:04:01.8132802Z npm: 10.9.9
release	Run actions/setup-node@v4	2026-10-04T03:04:01.8133116Z yarn: 1.22.22
release	Run actions/setup-node@v4	2026-10-04T03:04:01.8133819Z ##[endgroup]
release	Run actions/setup-node@v4	2026-10-04T03:04:01.9105996Z [command]C:\Windows\system32\cmd.exe /D /S /C "C:\hostedtoolcache\windows\node\22.23.3\x64\npm.cmd config get cache"
release	Run actions/setup-node@v4	2026-10-04T03:04:02.4622897Z C:\npm\cache
release	Run actions/setup-node@v4	2026-10-04T03:04:02.8567379Z npm cache is not found
release	Validate release version	﻿2026-10-04T03:04:02.8868318Z ##[group]Run $version = (& node -p "require('./desktop/package.json').version").Trim()
release	Validate release version	2026-10-04T03:04:02.8869338Z ^[[36;1m$version = (& node -p "require('./desktop/package.json').version").Trim()^[[0m
release	Validate release version	2026-10-04T03:04:02.8869983Z ^[[36;1mif ($LASTEXITCODE -ne 0 -or $version -notmatch '^\d+\.\d+\.\d+$') { throw "Invalid desktop package version" }^[[0m
release	Validate release version	2026-10-04T03:04:02.8870477Z ^[[36;1m$tag = "v$version"^[[0m
release	Validate release version	2026-10-04T03:04:02.8870862Z ^[[36;1mif ($env:GITHUB_REF -like 'refs/tags/*' -and $env:GITHUB_REF -ne "refs/tags/$tag") {^[[0m
release	Validate release version	2026-10-04T03:04:02.8871390Z ^[[36;1m  throw "Tag $env:GITHUB_REF does not match desktop package version $tag"^[[0m
release	Validate release version	2026-10-04T03:04:02.8871751Z ^[[36;1m}^[[0m
release	Validate release version	2026-10-04T03:04:02.8872127Z ^[[36;1m"RELEASE_VERSION=$version" | Out-File -FilePath $env:GITHUB_ENV -Encoding ascii -Append^[[0m
release	Validate release version	2026-10-04T03:04:02.8872708Z ^[[36;1m"RELEASE_TAG=$tag" | Out-File -FilePath $env:GITHUB_ENV -Encoding ascii -Append^[[0m
release	Validate release version	2026-10-04T03:04:02.9313531Z shell: C:\Windows\System32\WindowsPowerShell\v1.0\powershell.EXE -command ". '{0}'"
release	Validate release version	2026-10-04T03:04:02.9314352Z ##[endgroup]
release	Build and verify public release	﻿2026-10-04T03:04:09.1208239Z ##[group]Run powershell.exe -NoProfile -ExecutionPolicy Bypass -File .\build-public-release-windows.ps1 -Version $env:RELEASE_VERSION
release	Build and verify public release	2026-10-04T03:04:09.1209326Z ^[[36;1mpowershell.exe -NoProfile -ExecutionPolicy Bypass -File .\build-public-release-windows.ps1 -Version $env:RELEASE_VERSION^[[0m
release	Build and verify public release	2026-10-04T03:04:09.1210037Z ^[[36;1mif ($LASTEXITCODE -ne 0) { throw "Public release build failed" }^[[0m
release	Build and verify public release	2026-10-04T03:04:09.1278717Z shell: C:\Windows\System32\WindowsPowerShell\v1.0\powershell.EXE -command ". '{0}'"
release	Build and verify public release	2026-10-04T03:04:09.1279144Z env:
release	Build and verify public release	2026-10-04T03:04:09.1279321Z   RELEASE_VERSION: 0.12.68
release	Build and verify public release	2026-10-04T03:04:09.1279535Z   RELEASE_TAG: v0.12.68
release	Build and verify public release	2026-10-04T03:04:09.1279727Z ##[endgroup]
release	Build and verify public release	2026-10-04T03:04:17.3092233Z Source line endings: normalized 0 files to LF.
release	Build and verify public release	2026-10-04T03:04:18.5626404Z Public build: no embedded Riot API key; KR queries require RIOT_API_KEY at runtime.
release	Build and verify public release	2026-10-04T03:04:24.3487986Z npm warn deprecated rimraf@2.6.3: Rimraf versions prior to v4 are no longer supported
release	Build and verify public release	2026-10-04T03:04:26.3107317Z npm warn deprecated inflight@1.0.6: This module is not supported, and leaks memory. Do not use it. Check out lru-cache if you want a good and tested way to coalesce async requests by a key value, which is much more comprehensive and powerful.
release	Build and verify public release	2026-10-04T03:04:26.5048267Z npm warn deprecated glob@7.2.3: Glob versions prior to v9 are no longer supported
release	Build and verify public release	2026-10-04T03:04:27.3306302Z npm warn deprecated boolean@3.2.0: Package no longer supported. Contact Support at https://www.npmjs.com/support for more info.
release	Build and verify public release	2026-10-04T03:04:31.2062979Z 
release	Build and verify public release	2026-10-04T03:04:31.2064053Z added 323 packages, and audited 324 packages in 12s
release	Build and verify public release	2026-10-04T03:04:31.2064779Z 
release	Build and verify public release	2026-10-04T03:04:31.2065073Z 56 packages are looking for funding
release	Build and verify public release	2026-10-04T03:04:31.2065855Z   run `npm fund` for details
release	Build and verify public release	2026-10-04T03:04:31.2548392Z 
release	Build and verify public release	2026-10-04T03:04:31.2549191Z 7 high severity vulnerabilities
release	Build and verify public release	2026-10-04T03:04:31.2549589Z 
release	Build and verify public release	2026-10-04T03:04:31.2550150Z To address all issues, run:
release	Build and verify public release	2026-10-04T03:04:31.2550627Z   npm audit fix
release	Build and verify public release	2026-10-04T03:04:31.2551268Z 
release	Build and verify public release	2026-10-04T03:04:31.2551511Z Run `npm audit` for details.
release	Build and verify public release	2026-10-04T03:08:38.5638065Z ok  	lol-loot-assistant/backend	204.721s
release	Build and verify public release	2026-10-04T03:08:56.7599212Z ok  	deeplegends/installer	1.611s
release	Build and verify public release	2026-10-04T03:08:56.7599985Z ok  	deeplegends/installer/internal/webviewhost	0.318s
release	Build and verify public release	2026-10-04T03:08:56.7600657Z ?   	deeplegends/installer/payload	[no test files]
release	Build and verify public release	2026-10-04T03:08:56.7601220Z ?   	deeplegends/installer/ui	[no test files]
release	Build and verify public release	2026-10-04T03:08:56.7601743Z ok  	deeplegends/installer/uninstall	0.051s
release	Build and verify public release	2026-10-04T03:08:58.0439962Z TAP version 13
release	Build and verify public release	2026-10-04T03:08:58.1512751Z # Subtest: current-game API errors distinguish local HTTP, network, decode and body read failures
release	Build and verify public release	2026-10-04T03:08:58.1515230Z ok 1 - current-game API errors distinguish local HTTP, network, decode and body read failures
release	Build and verify public release	2026-10-04T03:08:58.1520331Z   ---
release	Build and verify public release	2026-10-04T03:08:58.1522604Z   duration_ms: 47.2261
release	Build and verify public release	2026-10-04T03:08:58.1556323Z   type: 'test'
release	Build and verify public release	2026-10-04T03:08:58.1556944Z   ...
release	Build and verify public release	2026-10-04T03:08:58.1567346Z # Subtest: current-game timeout remains distinct from cancellation by a newer request
release	Build and verify public release	2026-10-04T03:08:58.1569485Z ok 2 - current-game timeout remains distinct from cancellation by a newer request
release	Build and verify public release	2026-10-04T03:08:58.1570587Z   ---
release	Build and verify public release	2026-10-04T03:08:58.1572976Z   duration_ms: 0.7158
release	Build and verify public release	2026-10-04T03:08:58.1574344Z   type: 'test'
release	Build and verify public release	2026-10-04T03:08:58.1581406Z   ...
release	Build and verify public release	2026-10-04T03:09:02.9454965Z # Subtest: R86 ADD-4 retired synergy panel selector stays absent without removing shared card styles
release	Build and verify public release	2026-10-04T03:09:02.9534248Z ok 3 - R86 ADD-4 retired synergy panel selector stays absent without removing shared card styles
release	Build and verify public release	2026-10-04T03:09:02.9535719Z   ---
release	Build and verify public release	2026-10-04T03:09:02.9536481Z   duration_ms: 802.4918
release	Build and verify public release	2026-10-04T03:09:02.9537307Z   type: 'test'
release	Build and verify public release	2026-10-04T03:09:02.9538017Z   ...
release	Build and verify public release	2026-10-04T03:09:02.9539198Z # Subtest: R69 career-column reentry preserves match width through the 1600 DIP band
release	Build and verify public release	2026-10-04T03:09:02.9548570Z ok 4 - R69 career-column reentry preserves match width through the 1600 DIP band
release	Build and verify public release	2026-10-04T03:09:02.9554016Z   ---
release	Build and verify public release	2026-10-04T03:09:02.9554804Z   duration_ms: 0.4767
release	Build and verify public release	2026-10-04T03:09:02.9555573Z   type: 'test'
release	Build and verify public release	2026-10-04T03:09:02.9556250Z   ...
release	Build and verify public release	2026-10-04T03:09:02.9561759Z # Subtest: R15 performance, fingerprint, and shared build CSS contracts
release	Build and verify public release	2026-10-04T03:09:02.9563185Z ok 5 - R15 performance, fingerprint, and shared build CSS contracts
release	Build and verify public release	2026-10-04T03:09:02.9564239Z   ---
release	Build and verify public release	2026-10-04T03:09:02.9566149Z   duration_ms: 3.795
release	Build and verify public release	2026-10-04T03:09:02.9576793Z   type: 'test'
release	Build and verify public release	2026-10-04T03:09:02.9577397Z   ...
release	Build and verify public release	2026-10-04T03:09:02.9578104Z # Subtest: R15 mutation probes fail for every new guard
release	Build and verify public release	2026-10-04T03:09:02.9579012Z ok 6 - R15 mutation probes fail for every new guard
release	Build and verify public release	2026-10-04T03:09:02.9579728Z   ---
release	Build and verify public release	2026-10-04T03:09:02.9580586Z   duration_ms: 19.9748
release	Build and verify public release	2026-10-04T03:09:02.9593366Z   type: 'test'
release	Build and verify public release	2026-10-04T03:09:02.9599671Z   ...
release	Build and verify public release	2026-10-04T03:09:02.9604752Z # Subtest: champion intelligence is a first-level accessible workspace
release	Build and verify public release	2026-10-04T03:09:02.9605996Z ok 7 - champion intelligence is a first-level accessible workspace
release	Build and verify public release	2026-10-04T03:09:02.9606832Z   ---
release	Build and verify public release	2026-10-04T03:09:02.9607370Z   duration_ms: 0.543
release	Build and verify public release	2026-10-04T03:09:02.9608260Z   type: 'test'
release	Build and verify public release	2026-10-04T03:09:02.9608730Z   ...
release	Build and verify public release	2026-10-04T03:09:02.9640135Z # Subtest: diagnostics panel exports the active structured log with concise guidance
release	Build and verify public release	2026-10-04T03:09:02.9650926Z ok 8 - diagnostics panel exports the active structured log with concise guidance
release	Build and verify public release	2026-10-04T03:09:02.9651961Z   ---
release	Build and verify public release	2026-10-04T03:09:02.9652511Z   duration_ms: 0.714
release	Build and verify public release	2026-10-04T03:09:02.9653089Z   type: 'test'
release	Build and verify public release	2026-10-04T03:09:02.9653619Z   ...
release	Build and verify public release	2026-10-04T03:09:02.9654372Z # Subtest: R39 diagnostic event whitelist mutation is caught
release	Build and verify public release	2026-10-04T03:09:02.9655378Z ok 9 - R39 diagnostic event whitelist mutation is caught
release	Build and verify public release	2026-10-04T03:09:02.9657032Z   ---
release	Build and verify public release	2026-10-04T03:09:02.9657584Z   duration_ms: 1.8948
release	Build and verify public release	2026-10-04T03:09:02.9658152Z   type: 'test'
release	Build and verify public release	2026-10-04T03:09:02.9658701Z   ...
release	Build and verify public release	2026-10-04T03:09:02.9659692Z # Subtest: exported diagnostic log filename is timestamped so repeat exports never collide
release	Build and verify public release	2026-10-04T03:09:02.9661031Z ok 10 - exported diagnostic log filename is timestamped so repeat exports never collide
release	Build and verify public release	2026-10-04T03:09:02.9661983Z   ---
release	Build and verify public release	2026-10-04T03:09:02.9662507Z   duration_ms: 1.0132
release	Build and verify public release	2026-10-04T03:09:02.9663063Z   type: 'test'
release	Build and verify public release	2026-10-04T03:09:02.9663583Z   ...
release	Build and verify public release	2026-10-04T03:09:02.9664395Z # Subtest: renderer only calls the authenticated local champion API
release	Build and verify public release	2026-10-04T03:09:02.9665456Z ok 11 - renderer only calls the authenticated local champion API
release	Build and verify public release	2026-10-04T03:09:02.9666245Z   ---
release	Build and verify public release	2026-10-04T03:09:02.9666761Z   duration_ms: 1.0904
release	Build and verify public release	2026-10-04T03:09:02.9667322Z   type: 'test'
release	Build and verify public release	2026-10-04T03:09:02.9667838Z   ...
release	Build and verify public release	2026-10-04T03:09:02.9668682Z # Subtest: position-aware recommendation contracts kill documented mutations
release	Build and verify public release	2026-10-04T03:09:02.9669886Z ok 12 - position-aware recommendation contracts kill documented mutations
release	Build and verify public release	2026-10-04T03:09:02.9671075Z   ---
release	Build and verify public release	2026-10-04T03:09:02.9671625Z   duration_ms: 95.882
release	Build and verify public release	2026-10-04T03:09:02.9672230Z   type: 'test'
release	Build and verify public release	2026-10-04T03:09:02.9673420Z   ...
release	Build and verify public release	2026-10-04T03:09:02.9674525Z # Subtest: summoner spell card renders the first two real recommendations without placeholders
release	Build and verify public release	2026-10-04T03:09:02.9676060Z ok 13 - summoner spell card renders the first two real recommendations without placeholders
release	Build and verify public release	2026-10-04T03:09:02.9677103Z   ---
release	Build and verify public release	2026-10-04T03:09:02.9677700Z   duration_ms: 1.352
release	Build and verify public release	2026-10-04T03:09:02.9678282Z   type: 'test'
release	Build and verify public release	2026-10-04T03:09:02.9679081Z   ...
release	Build and verify public release	2026-10-04T03:09:02.9679881Z # Subtest: ranked loadout side uses a balanced two-two-two height budget
release	Build and verify public release	2026-10-04T03:09:02.9680994Z ok 14 - ranked loadout side uses a balanced two-two-two height budget
release	Build and verify public release	2026-10-04T03:09:02.9681793Z   ---
release	Build and verify public release	2026-10-04T03:09:02.9682307Z   duration_ms: 1.4671
release	Build and verify public release	2026-10-04T03:09:02.9682870Z   type: 'test'
release	Build and verify public release	2026-10-04T03:09:02.9683406Z   ...
release	Build and verify public release	2026-10-04T03:09:02.9684200Z # Subtest: summoner spell recommendations do not add a low-sample badge
release	Build and verify public release	2026-10-04T03:09:02.9695168Z ok 15 - summoner spell recommendations do not add a low-sample badge
release	Build and verify public release	2026-10-04T03:09:02.9748549Z   ---
release	Build and verify public release	2026-10-04T03:09:02.9777912Z   duration_ms: 0.7112
release	Build and verify public release	2026-10-04T03:09:02.9778726Z   type: 'test'
release	Build and verify public release	2026-10-04T03:09:02.9788250Z   ...
release	Build and verify public release	2026-10-04T03:09:02.9790482Z # Subtest: ranked recommendation rows never dim low sample sizes
release	Build and verify public release	2026-10-04T03:09:02.9792594Z ok 16 - ranked recommendation rows never dim low sample sizes
release	Build and verify public release	2026-10-04T03:09:02.9800450Z   ---
release	Build and verify public release	2026-10-04T03:09:02.9801081Z   duration_ms: 0.9694
release	Build and verify public release	2026-10-04T03:09:02.9801679Z   type: 'test'
release	Build and verify public release	2026-10-04T03:09:02.9802197Z   ...
release	Build and verify public release	2026-10-04T03:09:02.9802994Z # Subtest: backend pins Korean data and restricts remote image paths
release	Build and verify public release	2026-10-04T03:09:02.9804056Z ok 17 - backend pins Korean data and restricts remote image paths
release	Build and verify public release	2026-10-04T03:09:02.9804812Z   ---
release	Build and verify public release	2026-10-04T03:09:02.9805364Z   duration_ms: 0.2619
release	Build and verify public release	2026-10-04T03:09:02.9805914Z   type: 'test'
release	Build and verify public release	2026-10-04T03:09:02.9806408Z   ...
release	Build and verify public release	2026-10-04T03:09:02.9807276Z # Subtest: champion layouts keep responsive and reduced-motion fallbacks
release	Build and verify public release	2026-10-04T03:09:02.9808419Z ok 18 - champion layouts keep responsive and reduced-motion fallbacks
release	Build and verify public release	2026-10-04T03:09:02.9809188Z   ---
release	Build and verify public release	2026-10-04T03:09:02.9809745Z   duration_ms: 1.4678
release	Build and verify public release	2026-10-04T03:09:02.9810621Z   type: 'test'
release	Build and verify public release	2026-10-04T03:09:02.9811199Z   ...
release	Build and verify public release	2026-10-04T03:09:02.9812140Z # Subtest: mayhem redesign keeps the two-column workspace, atlas, and R6 recommendations
release	Build and verify public release	2026-10-04T03:09:02.9813462Z ok 19 - mayhem redesign keeps the two-column workspace, atlas, and R6 recommendations
release	Build and verify public release	2026-10-04T03:09:02.9814336Z   ---
release	Build and verify public release	2026-10-04T03:09:02.9814849Z   duration_ms: 2.9442
release	Build and verify public release	2026-10-04T03:09:02.9815444Z   type: 'test'
release	Build and verify public release	2026-10-04T03:09:02.9815951Z   ...
release	Build and verify public release	2026-10-04T03:09:02.9816861Z # Subtest: Mayhem recommendation and item ranking never request a guessed image URL
release	Build and verify public release	2026-10-04T03:09:02.9818169Z ok 20 - Mayhem recommendation and item ranking never request a guessed image URL
release	Build and verify public release	2026-10-04T03:09:02.9819014Z   ---
release	Build and verify public release	2026-10-04T03:09:02.9819565Z   duration_ms: 2.2856
release	Build and verify public release	2026-10-04T03:09:02.9820113Z   type: 'test'
release	Build and verify public release	2026-10-04T03:09:02.9820607Z   ...
release	Build and verify public release	2026-10-04T03:09:02.9821438Z # Subtest: Mayhem and Arena augment cards render the same card shell
release	Build and verify public release	2026-10-04T03:09:02.9822438Z ok 21 - Mayhem and Arena augment cards render the same card shell
release	Build and verify public release	2026-10-04T03:09:02.9823168Z   ---
release	Build and verify public release	2026-10-04T03:09:02.9823706Z   duration_ms: 2.038
release	Build and verify public release	2026-10-04T03:09:02.9824271Z   type: 'test'
release	Build and verify public release	2026-10-04T03:09:02.9824766Z   ...
release	Build and verify public release	2026-10-04T03:09:02.9825573Z # Subtest: Mayhem augment cards carry the augment copy in the tooltip
release	Build and verify public release	2026-10-04T03:09:02.9826684Z ok 22 - Mayhem augment cards carry the augment copy in the tooltip
release	Build and verify public release	2026-10-04T03:09:02.9827460Z   ---
release	Build and verify public release	2026-10-04T03:09:02.9828182Z   duration_ms: 2.3422
release	Build and verify public release	2026-10-04T03:09:02.9828804Z   type: 'test'
release	Build and verify public release	2026-10-04T03:09:02.9829342Z   ...
release	Build and verify public release	2026-10-04T03:09:02.9830327Z # Subtest: live recommendation panels do not render upstream provenance footers
release	Build and verify public release	2026-10-04T03:09:02.9832129Z ok 23 - live recommendation panels do not render upstream provenance footers
release	Build and verify public release	2026-10-04T03:09:02.9833278Z   ---
release	Build and verify public release	2026-10-04T03:09:02.9833933Z   duration_ms: 0.912
release	Build and verify public release	2026-10-04T03:09:02.9834570Z   type: 'test'
release	Build and verify public release	2026-10-04T03:09:02.9835189Z   ...
release	Build and verify public release	2026-10-04T03:09:02.9898799Z # Subtest: mayhem narrow layout moves the one champion list into an accessible dialog
release	Build and verify public release	2026-10-04T03:09:02.9957514Z ok 24 - mayhem narrow layout moves the one champion list into an accessible dialog
release	Build and verify public release	2026-10-04T03:09:03.0007302Z   ---
release	Build and verify public release	2026-10-04T03:09:03.0008399Z   duration_ms: 0.5324
release	Build and verify public release	2026-10-04T03:09:03.0009101Z   type: 'test'
release	Build and verify public release	2026-10-04T03:09:03.0035457Z   ...
release	Build and verify public release	2026-10-04T03:09:03.0041524Z # Subtest: arena narrow layout moves the champion list into an accessible dialog
release	Build and verify public release	2026-10-04T03:09:03.0105763Z ok 25 - arena narrow layout moves the champion list into an accessible dialog
release	Build and verify public release	2026-10-04T03:09:03.0161855Z   ---
release	Build and verify public release	2026-10-04T03:09:03.0200122Z   duration_ms: 1.1815
release	Build and verify public release	2026-10-04T03:09:03.0276825Z   type: 'test'
release	Build and verify public release	2026-10-04T03:09:03.0277808Z   ...
release	Build and verify public release	2026-10-04T03:09:03.0279451Z # Subtest: mayhem CSS contract catches breakpoint and hidden-column mutations on a true copy
release	Build and verify public release	2026-10-04T03:09:03.0281272Z ok 26 - mayhem CSS contract catches breakpoint and hidden-column mutations on a true copy
release	Build and verify public release	2026-10-04T03:09:03.0282341Z   ---
release	Build and verify public release	2026-10-04T03:09:03.0283174Z   duration_ms: 5.4442
release	Build and verify public release	2026-10-04T03:09:03.0283798Z   type: 'test'
release	Build and verify public release	2026-10-04T03:09:03.0284359Z   ...
release	Build and verify public release	2026-10-04T03:09:03.0303874Z # Subtest: R6 A B C contracts reject recommendation, spell, and item-route mutations on true copies
release	Build and verify public release	2026-10-04T03:09:03.0305598Z ok 27 - R6 A B C contracts reject recommendation, spell, and item-route mutations on true copies
release	Build and verify public release	2026-10-04T03:09:03.0308777Z   ---
release	Build and verify public release	2026-10-04T03:09:03.0309511Z   duration_ms: 522.9058
release	Build and verify public release	2026-10-04T03:09:03.0310208Z   type: 'test'
release	Build and verify public release	2026-10-04T03:09:03.0310863Z   ...
release	Build and verify public release	2026-10-04T03:09:03.0311936Z # Subtest: R13 item column contract kills wrapping and equal-width mutations on a true copy
release	Build and verify public release	2026-10-04T03:09:03.0313458Z ok 28 - R13 item column contract kills wrapping and equal-width mutations on a true copy
release	Build and verify public release	2026-10-04T03:09:03.0321793Z   ---
release	Build and verify public release	2026-10-04T03:09:03.0322420Z   duration_ms: 802.7196
release	Build and verify public release	2026-10-04T03:09:03.0323097Z   type: 'test'
release	Build and verify public release	2026-10-04T03:09:03.0323958Z   ...
release	Build and verify public release	2026-10-04T03:09:03.0324987Z # Subtest: R6 win rates, spell fallback, patch fallback, and subtitles are explicit
release	Build and verify public release	2026-10-04T03:09:03.0326404Z ok 29 - R6 win rates, spell fallback, patch fallback, and subtitles are explicit
release	Build and verify public release	2026-10-04T03:09:03.0327411Z   ---
release	Build and verify public release	2026-10-04T03:09:03.0327998Z   duration_ms: 5.2915
release	Build and verify public release	2026-10-04T03:09:03.0328607Z   type: 'test'
release	Build and verify public release	2026-10-04T03:09:03.0329191Z   ...
release	Build and verify public release	2026-10-04T03:09:03.0330374Z # Subtest: R7 prism grades, compact arena overview, recoverable match details, and clean names are explicit
release	Build and verify public release	2026-10-04T03:09:03.0332211Z ok 30 - R7 prism grades, compact arena overview, recoverable match details, and clean names are explicit
release	Build and verify public release	2026-10-04T03:09:03.0333291Z   ---
release	Build and verify public release	2026-10-04T03:09:03.0333849Z   duration_ms: 4.2962
release	Build and verify public release	2026-10-04T03:09:03.0334514Z   type: 'test'
release	Build and verify public release	2026-10-04T03:09:03.0335082Z   ...
release	Build and verify public release	2026-10-04T03:09:03.0336130Z # Subtest: R8 arena augment icons preserve semantic first-place tone without fabricated masks
release	Build and verify public release	2026-10-04T03:09:03.0337675Z ok 31 - R8 arena augment icons preserve semantic first-place tone without fabricated masks
release	Build and verify public release	2026-10-04T03:09:03.0338636Z   ---
release	Build and verify public release	2026-10-04T03:09:03.0339216Z   duration_ms: 0.7044
release	Build and verify public release	2026-10-04T03:09:03.0339831Z   type: 'test'
release	Build and verify public release	2026-10-04T03:09:03.0340355Z   ...
release	Build and verify public release	2026-10-04T03:09:03.0341110Z # Subtest: R8 augment assets render as ordinary artwork
release	Build and verify public release	2026-10-04T03:09:03.0342120Z ok 32 - R8 augment assets render as ordinary artwork
release	Build and verify public release	2026-10-04T03:09:03.0342882Z   ---
release	Build and verify public release	2026-10-04T03:09:03.0343808Z   duration_ms: 1.304
release	Build and verify public release	2026-10-04T03:09:03.0344512Z   type: 'test'
release	Build and verify public release	2026-10-04T03:09:03.0345079Z   ...
release	Build and verify public release	2026-10-04T03:09:03.0346021Z # Subtest: icon hotfix prefers Riot large artwork and carries a small fallback
release	Build and verify public release	2026-10-04T03:09:03.0347387Z ok 33 - icon hotfix prefers Riot large artwork and carries a small fallback
release	Build and verify public release	2026-10-04T03:09:03.0348315Z   ---
release	Build and verify public release	2026-10-04T03:09:03.0348887Z   duration_ms: 0.84
release	Build and verify public release	2026-10-04T03:09:03.0349543Z   type: 'test'
release	Build and verify public release	2026-10-04T03:09:03.0350193Z   ...
release	Build and verify public release	2026-10-04T03:09:03.0351051Z # Subtest: icon hotfix fallback handler switches to small artwork
release	Build and verify public release	2026-10-04T03:09:03.0352290Z ok 34 - icon hotfix fallback handler switches to small artwork
release	Build and verify public release	2026-10-04T03:09:03.0353154Z   ---
release	Build and verify public release	2026-10-04T03:09:03.0353764Z   duration_ms: 0.2567
release	Build and verify public release	2026-10-04T03:09:03.0354454Z   type: 'test'
release	Build and verify public release	2026-10-04T03:09:03.0355061Z   ...
release	Build and verify public release	2026-10-04T03:09:03.0355923Z # Subtest: R8 rendered metric styles do not apply augment masks
release	Build and verify public release	2026-10-04T03:09:03.0357104Z ok 35 - R8 rendered metric styles do not apply augment masks
release	Build and verify public release	2026-10-04T03:09:03.0357943Z   ---
release	Build and verify public release	2026-10-04T03:09:03.0358559Z   duration_ms: 0.1251
release	Build and verify public release	2026-10-04T03:09:03.0359176Z   type: 'test'
release	Build and verify public release	2026-10-04T03:09:03.0359722Z   ...
release	Build and verify public release	2026-10-04T03:09:03.0360616Z # Subtest: R8 mayhem item configuration hides win rate when requested
release	Build and verify public release	2026-10-04T03:09:03.0361749Z ok 36 - R8 mayhem item configuration hides win rate when requested
release	Build and verify public release	2026-10-04T03:09:03.0362928Z   ---
release	Build and verify public release	2026-10-04T03:09:03.0364087Z   duration_ms: 0.8227
release	Build and verify public release	2026-10-04T03:09:03.0364713Z   type: 'test'
release	Build and verify public release	2026-10-04T03:09:03.0365243Z   ...
release	Build and verify public release	2026-10-04T03:09:03.0366291Z # Subtest: R7 repeated disconnected status events preserve fallback item and augment catalogs
release	Build and verify public release	2026-10-04T03:09:03.0367778Z ok 37 - R7 repeated disconnected status events preserve fallback item and augment catalogs
release	Build and verify public release	2026-10-04T03:09:03.0368764Z   ---
release	Build and verify public release	2026-10-04T03:09:03.0369368Z   duration_ms: 1.4884
release	Build and verify public release	2026-10-04T03:09:03.0369970Z   type: 'test'
release	Build and verify public release	2026-10-04T03:09:03.0370502Z   ...
release	Build and verify public release	2026-10-04T03:09:03.0371507Z # Subtest: disconnection drops Tencent player identity while preserving Korean tabs
release	Build and verify public release	2026-10-04T03:09:03.0372899Z ok 38 - disconnection drops Tencent player identity while preserving Korean tabs
release	Build and verify public release	2026-10-04T03:09:03.0373851Z   ---
release	Build and verify public release	2026-10-04T03:09:03.0374466Z   duration_ms: 1.2253
release	Build and verify public release	2026-10-04T03:09:03.0375053Z   type: 'test'
release	Build and verify public release	2026-10-04T03:09:03.0375619Z   ...
release	Build and verify public release	2026-10-04T03:09:03.0376705Z # Subtest: R7 contracts reject UI, parser, backend grade, and retry mutations on true copies
release	Build and verify public release	2026-10-04T03:09:03.0378164Z ok 39 - R7 contracts reject UI, parser, backend grade, and retry mutations on true copies
release	Build and verify public release	2026-10-04T03:09:03.0379206Z   ---
release	Build and verify public release	2026-10-04T03:09:03.0379721Z   duration_ms: 500.7417
release	Build and verify public release	2026-10-04T03:09:03.0380375Z   type: 'test'
release	Build and verify public release	2026-10-04T03:09:03.0380905Z   ...
release	Build and verify public release	2026-10-04T03:09:03.0381746Z # Subtest: mayhem atlas normalizes Riot rarity enums before filtering
release	Build and verify public release	2026-10-04T03:09:03.0382911Z ok 40 - mayhem atlas normalizes Riot rarity enums before filtering
release	Build and verify public release	2026-10-04T03:09:03.0383987Z   ---
release	Build and verify public release	2026-10-04T03:09:03.0384622Z   duration_ms: 1.2401
release	Build and verify public release	2026-10-04T03:09:03.0385201Z   type: 'test'
release	Build and verify public release	2026-10-04T03:09:03.0385673Z   ...
release	Build and verify public release	2026-10-04T03:09:03.0386617Z # Subtest: search keeps its caret and IME state when the workspace rerenders
release	Build and verify public release	2026-10-04T03:09:03.0387847Z ok 41 - search keeps its caret and IME state when the workspace rerenders
release	Build and verify public release	2026-10-04T03:09:03.0388732Z   ---
release	Build and verify public release	2026-10-04T03:09:03.0389329Z   duration_ms: 0.5155
release	Build and verify public release	2026-10-04T03:09:03.0389915Z   type: 'test'
release	Build and verify public release	2026-10-04T03:09:03.0390447Z   ...
release	Build and verify public release	2026-10-04T03:09:03.0391371Z # Subtest: full Riot ID paste keeps the tag caret without selecting the tag
release	Build and verify public release	2026-10-04T03:09:03.0392612Z ok 42 - full Riot ID paste keeps the tag caret without selecting the tag
release	Build and verify public release	2026-10-04T03:09:03.0393460Z   ---
release	Build and verify public release	2026-10-04T03:09:03.0394055Z   duration_ms: 0.2524
release	Build and verify public release	2026-10-04T03:09:03.0394649Z   type: 'test'
release	Build and verify public release	2026-10-04T03:09:03.0395177Z   ...
release	Build and verify public release	2026-10-04T03:09:03.0396177Z # Subtest: champion detail uses complete build, matchup, and augment ranking layouts
release	Build and verify public release	2026-10-04T03:09:03.0423419Z ok 43 - champion detail uses complete build, matchup, and augment ranking layouts
release	Build and verify public release	2026-10-04T03:09:03.0477421Z   ---
release	Build and verify public release	2026-10-04T03:09:03.0483574Z   duration_ms: 2.0722
release	Build and verify public release	2026-10-04T03:09:03.0484328Z   type: 'test'
release	Build and verify public release	2026-10-04T03:09:03.0484938Z   ...
release	Build and verify public release	2026-10-04T03:09:03.0485988Z # Subtest: arena keeps the champion list on wide screens and renders the redesigned data workspace
release	Build and verify public release	2026-10-04T03:09:03.0487402Z ok 44 - arena keeps the champion list on wide screens and renders the redesigned data workspace
release	Build and verify public release	2026-10-04T03:09:03.0488313Z   ---
release	Build and verify public release	2026-10-04T03:09:03.0488691Z   duration_ms: 2.6665
release	Build and verify public release	2026-10-04T03:09:03.0489139Z   type: 'test'
release	Build and verify public release	2026-10-04T03:09:03.0489518Z   ...
release	Build and verify public release	2026-10-04T03:09:03.0490397Z # Subtest: YOUR.GG champion grades preserve all six source letters in shared badges
release	Build and verify public release	2026-10-04T03:09:03.0491743Z ok 45 - YOUR.GG champion grades preserve all six source letters in shared badges
release	Build and verify public release	2026-10-04T03:09:03.0492600Z   ---
release	Build and verify public release	2026-10-04T03:09:03.0493117Z   duration_ms: 0.845
release	Build and verify public release	2026-10-04T03:09:03.0493629Z   type: 'test'
release	Build and verify public release	2026-10-04T03:09:03.0494068Z   ...
release	Build and verify public release	2026-10-04T03:09:03.0494877Z # Subtest: arena round 8 removals stay scoped to the arena workspace
release	Build and verify public release	2026-10-04T03:09:03.0495976Z ok 46 - arena round 8 removals stay scoped to the arena workspace
release	Build and verify public release	2026-10-04T03:09:03.0496717Z   ---
release	Build and verify public release	2026-10-04T03:09:03.0497222Z   duration_ms: 1.2202
release	Build and verify public release	2026-10-04T03:09:03.0497779Z   type: 'test'
release	Build and verify public release	2026-10-04T03:09:03.0499669Z   ...
release	Build and verify public release	2026-10-04T03:09:03.0500467Z # Subtest: arena tolerates a missing catalog and hides unknown grades
release	Build and verify public release	2026-10-04T03:09:03.0503061Z ok 47 - arena tolerates a missing catalog and hides unknown grades
release	Build and verify public release	2026-10-04T03:09:03.0503824Z   ---
release	Build and verify public release	2026-10-04T03:09:03.0504386Z   duration_ms: 0.8839
release	Build and verify public release	2026-10-04T03:09:03.0505863Z   type: 'test'
release	Build and verify public release	2026-10-04T03:09:03.0506372Z   ...
release	Build and verify public release	2026-10-04T03:09:03.0507262Z # Subtest: match history keeps arena summaries compact and arena details purpose-built
release	Build and verify public release	2026-10-04T03:09:03.0508877Z ok 48 - match history keeps arena summaries compact and arena details purpose-built
release	Build and verify public release	2026-10-04T03:09:03.0509706Z   ---
release	Build and verify public release	2026-10-04T03:09:03.0510136Z   duration_ms: 11.349
release	Build and verify public release	2026-10-04T03:09:03.0510643Z   type: 'test'
release	Build and verify public release	2026-10-04T03:09:03.0511125Z   ...
release	Build and verify public release	2026-10-04T03:09:03.0511954Z # Subtest: arena match detail uses a validated Riot route and fail-closed hydration
release	Build and verify public release	2026-10-04T03:09:03.0513229Z ok 49 - arena match detail uses a validated Riot route and fail-closed hydration
release	Build and verify public release	2026-10-04T03:09:03.0514017Z   ---
release	Build and verify public release	2026-10-04T03:09:03.0514447Z   duration_ms: 0.6803
release	Build and verify public release	2026-10-04T03:09:03.0515033Z   type: 'test'
release	Build and verify public release	2026-10-04T03:09:03.0515431Z   ...
release	Build and verify public release	2026-10-04T03:09:03.0516317Z # Subtest: demo mode serves complete arena fixtures without stable account identifiers
release	Build and verify public release	2026-10-04T03:09:03.0517584Z ok 50 - demo mode serves complete arena fixtures without stable account identifiers
release	Build and verify public release	2026-10-04T03:09:03.0518374Z   ---
release	Build and verify public release	2026-10-04T03:09:03.0518836Z   duration_ms: 0.5138
release	Build and verify public release	2026-10-04T03:09:03.0519290Z   type: 'test'
release	Build and verify public release	2026-10-04T03:09:03.0519685Z   ...
release	Build and verify public release	2026-10-04T03:09:03.0525690Z # Subtest: demo overview includes a match for every selectable game mode
release	Build and verify public release	2026-10-04T03:09:03.0526866Z ok 51 - demo overview includes a match for every selectable game mode
release	Build and verify public release	2026-10-04T03:09:03.0527565Z   ---
release	Build and verify public release	2026-10-04T03:09:03.0527934Z   duration_ms: 0.7784
release	Build and verify public release	2026-10-04T03:09:03.0528417Z   type: 'test'
release	Build and verify public release	2026-10-04T03:09:03.0528772Z   ...
release	Build and verify public release	2026-10-04T03:09:03.0529459Z # Subtest: demo mode exposes a dedicated Hextech ARAM live session
release	Build and verify public release	2026-10-04T03:09:03.0624761Z ok 52 - demo mode exposes a dedicated Hextech ARAM live session
release	Build and verify public release	2026-10-04T03:09:03.0625524Z   ---
release	Build and verify public release	2026-10-04T03:09:03.0625966Z   duration_ms: 1.6322
release	Build and verify public release	2026-10-04T03:09:03.0626472Z   type: 'test'
release	Build and verify public release	2026-10-04T03:09:03.0626859Z   ...
release	Build and verify public release	2026-10-04T03:09:03.0627584Z # Subtest: demo mode exposes a complete six-team Arena live session
release	Build and verify public release	2026-10-04T03:09:03.0628595Z ok 53 - demo mode exposes a complete six-team Arena live session
release	Build and verify public release	2026-10-04T03:09:03.0629309Z   ---
release	Build and verify public release	2026-10-04T03:09:03.0629731Z   duration_ms: 0.9802
release	Build and verify public release	2026-10-04T03:09:03.0630206Z   type: 'test'
release	Build and verify public release	2026-10-04T03:09:03.0630647Z   ...
release	Build and verify public release	2026-10-04T03:09:03.0631455Z # Subtest: small overviews move career statistics into an accessible modal sheet
release	Build and verify public release	2026-10-04T03:09:03.0632656Z ok 54 - small overviews move career statistics into an accessible modal sheet
release	Build and verify public release	2026-10-04T03:09:03.0633438Z   ---
release	Build and verify public release	2026-10-04T03:09:03.0633846Z   duration_ms: 5.0665
release	Build and verify public release	2026-10-04T03:09:03.0634290Z   type: 'test'
release	Build and verify public release	2026-10-04T03:09:03.0634707Z   ...
release	Build and verify public release	2026-10-04T03:09:03.0635550Z # Subtest: rank history and ability comparison stay inside the shared career surface
release	Build and verify public release	2026-10-04T03:09:03.0636788Z ok 55 - rank history and ability comparison stay inside the shared career surface
release	Build and verify public release	2026-10-04T03:09:03.0637706Z   ---
release	Build and verify public release	2026-10-04T03:09:03.0638127Z   duration_ms: 4.965
release	Build and verify public release	2026-10-04T03:09:03.0638588Z   type: 'test'
release	Build and verify public release	2026-10-04T03:09:03.0639044Z   ...
release	Build and verify public release	2026-10-04T03:09:03.0639996Z # Subtest: career ranked queue switches use one recent sample and ignore season scan state
release	Build and verify public release	2026-10-04T03:09:03.0641378Z ok 56 - career ranked queue switches use one recent sample and ignore season scan state
release	Build and verify public release	2026-10-04T03:09:03.0642201Z   ---
release	Build and verify public release	2026-10-04T03:09:03.0643066Z   duration_ms: 4.8273
release	Build and verify public release	2026-10-04T03:09:03.0643609Z   type: 'test'
release	Build and verify public release	2026-10-04T03:09:03.0644054Z   ...
release	Build and verify public release	2026-10-04T03:09:03.0645089Z # Subtest: season progress refreshes the active overview without resetting queue choices or scroll
release	Build and verify public release	2026-10-04T03:09:03.0646597Z ok 57 - season progress refreshes the active overview without resetting queue choices or scroll
release	Build and verify public release	2026-10-04T03:09:03.0647988Z   ---
release	Build and verify public release	2026-10-04T03:09:03.0649266Z   duration_ms: 1.541
release	Build and verify public release	2026-10-04T03:09:03.0649763Z   type: 'test'
release	Build and verify public release	2026-10-04T03:09:03.0650184Z   ...
release	Build and verify public release	2026-10-04T03:09:03.0651093Z # Subtest: live updates target explicit state slices and clear client state on disconnect
release	Build and verify public release	2026-10-04T03:09:03.0652487Z ok 58 - live updates target explicit state slices and clear client state on disconnect
release	Build and verify public release	2026-10-04T03:09:03.0653347Z   ---
release	Build and verify public release	2026-10-04T03:09:03.0653775Z   duration_ms: 1.7154
release	Build and verify public release	2026-10-04T03:09:03.0654291Z   type: 'test'
release	Build and verify public release	2026-10-04T03:09:03.0654703Z   ...
release	Build and verify public release	2026-10-04T03:09:03.0655600Z # Subtest: structured data-source attempts are visible while cancellations stay silent
release	Build and verify public release	2026-10-04T03:09:03.0656993Z ok 59 - structured data-source attempts are visible while cancellations stay silent
release	Build and verify public release	2026-10-04T03:09:03.0657851Z   ---
release	Build and verify public release	2026-10-04T03:09:03.0658263Z   duration_ms: 1.021
release	Build and verify public release	2026-10-04T03:09:03.0658804Z   type: 'test'
release	Build and verify public release	2026-10-04T03:09:03.0659227Z   ...
release	Build and verify public release	2026-10-04T03:09:03.0660082Z # Subtest: historical rank increments refresh only the matching active overview
release	Build and verify public release	2026-10-04T03:09:03.0661378Z ok 60 - historical rank increments refresh only the matching active overview
release	Build and verify public release	2026-10-04T03:09:03.0662185Z   ---
release	Build and verify public release	2026-10-04T03:09:03.0662622Z   duration_ms: 0.7636
release	Build and verify public release	2026-10-04T03:09:03.0663503Z   type: 'test'
release	Build and verify public release	2026-10-04T03:09:03.0663974Z   ...
release	Build and verify public release	2026-10-04T03:09:03.0664857Z # Subtest: summoner banner and recent ranked summary expose verified profile highlights
release	Build and verify public release	2026-10-04T03:09:03.0666181Z ok 61 - summoner banner and recent ranked summary expose verified profile highlights
release	Build and verify public release	2026-10-04T03:09:03.0667096Z   ---
release	Build and verify public release	2026-10-04T03:09:03.0667554Z   duration_ms: 5.4738
release	Build and verify public release	2026-10-04T03:09:03.0668039Z   type: 'test'
release	Build and verify public release	2026-10-04T03:09:03.0668520Z   ...
release	Build and verify public release	2026-10-04T03:09:03.0669394Z # Subtest: ranked payload shape probes are one-shot and retain raw win-loss samples
release	Build and verify public release	2026-10-04T03:09:03.0670687Z ok 62 - ranked payload shape probes are one-shot and retain raw win-loss samples
release	Build and verify public release	2026-10-04T03:09:03.0671576Z   ---
release	Build and verify public release	2026-10-04T03:09:03.0672017Z   duration_ms: 1.8589
release	Build and verify public release	2026-10-04T03:09:03.0672524Z   type: 'test'
release	Build and verify public release	2026-10-04T03:09:03.0672973Z   ...
release	Build and verify public release	2026-10-04T03:09:03.0673910Z # Subtest: champion square icons crop out the baked-in vignette without eating the face
release	Build and verify public release	2026-10-04T03:09:03.0675256Z ok 63 - champion square icons crop out the baked-in vignette without eating the face
release	Build and verify public release	2026-10-04T03:09:03.0676093Z   ---
release	Build and verify public release	2026-10-04T03:09:03.0676563Z   duration_ms: 0.4922
release	Build and verify public release	2026-10-04T03:09:03.0677035Z   type: 'test'
release	Build and verify public release	2026-10-04T03:09:03.0677438Z   ...
release	Build and verify public release	2026-10-04T03:09:03.0678439Z # Subtest: mastery and peak rank columns share row tracks so their labels, names and values line up
release	Build and verify public release	2026-10-04T03:09:03.0679921Z ok 64 - mastery and peak rank columns share row tracks so their labels, names and values line up
release	Build and verify public release	2026-10-04T03:09:03.0680823Z   ---
release	Build and verify public release	2026-10-04T03:09:03.0681288Z   duration_ms: 1.3189
release	Build and verify public release	2026-10-04T03:09:03.0681742Z   type: 'test'
release	Build and verify public release	2026-10-04T03:09:03.0682130Z   ...
release	Build and verify public release	2026-10-04T03:09:03.0683517Z # Subtest: demo data routes champion icons through the same asset shape production actually serves
release	Build and verify public release	2026-10-04T03:09:03.0685022Z ok 65 - demo data routes champion icons through the same asset shape production actually serves
release	Build and verify public release	2026-10-04T03:09:03.0685899Z   ---
release	Build and verify public release	2026-10-04T03:09:03.0686369Z   duration_ms: 0.2268
release	Build and verify public release	2026-10-04T03:09:03.0686824Z   type: 'test'
release	Build and verify public release	2026-10-04T03:09:03.0687213Z   ...
release	Build and verify public release	2026-10-04T03:09:03.0688078Z # Subtest: ranked queue cards stay visible so empty-season copy follows the selected mode
release	Build and verify public release	2026-10-04T03:09:03.0689425Z ok 66 - ranked queue cards stay visible so empty-season copy follows the selected mode
release	Build and verify public release	2026-10-04T03:09:03.0690241Z   ---
release	Build and verify public release	2026-10-04T03:09:03.0690698Z   duration_ms: 1.0996
release	Build and verify public release	2026-10-04T03:09:03.0691208Z   type: 'test'
release	Build and verify public release	2026-10-04T03:09:03.0691633Z   ...
release	Build and verify public release	2026-10-04T03:09:03.0692450Z # Subtest: expanded sidebar stays compact without the old navigation subtitle
release	Build and verify public release	2026-10-04T03:09:03.0693706Z ok 67 - expanded sidebar stays compact without the old navigation subtitle
release	Build and verify public release	2026-10-04T03:09:03.0694487Z   ---
release	Build and verify public release	2026-10-04T03:09:03.0695231Z   duration_ms: 2.4456
release	Build and verify public release	2026-10-04T03:09:03.0695771Z   type: 'test'
release	Build and verify public release	2026-10-04T03:09:03.0696412Z   ...
release	Build and verify public release	2026-10-04T03:09:03.0697285Z # Subtest: match history surfaces SGP failures and uses an accessible custom mode menu
release	Build and verify public release	2026-10-04T03:09:03.0698649Z ok 68 - match history surfaces SGP failures and uses an accessible custom mode menu
release	Build and verify public release	2026-10-04T03:09:03.0699557Z   ---
release	Build and verify public release	2026-10-04T03:09:03.0699996Z   duration_ms: 1.585
release	Build and verify public release	2026-10-04T03:09:03.0700473Z   type: 'test'
release	Build and verify public release	2026-10-04T03:09:03.0700944Z   ...
release	Build and verify public release	2026-10-04T03:09:03.0701889Z # Subtest: player tabs use arrow scrolling, hide the native scrollbar, and deduplicate searches
release	Build and verify public release	2026-10-04T03:09:03.0703253Z ok 69 - player tabs use arrow scrolling, hide the native scrollbar, and deduplicate searches
release	Build and verify public release	2026-10-04T03:09:03.0704594Z   ---
release	Build and verify public release	2026-10-04T03:09:03.0705034Z   duration_ms: 1.1069
release	Build and verify public release	2026-10-04T03:09:03.0705495Z   type: 'test'
release	Build and verify public release	2026-10-04T03:09:03.0705932Z   ...
release	Build and verify public release	2026-10-04T03:09:03.0706815Z # Subtest: player tab avatars have no tooltip while overflowing names retain their own hint
release	Build and verify public release	2026-10-04T03:09:03.0708148Z ok 70 - player tab avatars have no tooltip while overflowing names retain their own hint
release	Build and verify public release	2026-10-04T03:09:03.0709039Z   ---
release	Build and verify public release	2026-10-04T03:09:03.0709469Z   duration_ms: 35.3737
release	Build and verify public release	2026-10-04T03:09:03.0709949Z   type: 'test'
release	Build and verify public release	2026-10-04T03:09:03.0710376Z   ...
release	Build and verify public release	2026-10-04T03:09:03.0711229Z # Subtest: player overlays add durable tabs and non-self tabs can be reordered
release	Build and verify public release	2026-10-04T03:09:03.0712422Z ok 71 - player overlays add durable tabs and non-self tabs can be reordered
release	Build and verify public release	2026-10-04T03:09:03.0713202Z   ---
release	Build and verify public release	2026-10-04T03:09:03.0713688Z   duration_ms: 2.2898
release	Build and verify public release	2026-10-04T03:09:03.0714165Z   type: 'test'
release	Build and verify public release	2026-10-04T03:09:03.0714584Z   ...
release	Build and verify public release	2026-10-04T03:09:03.0715461Z # Subtest: damage analysis sorts by a real metric and shows full colored values
release	Build and verify public release	2026-10-04T03:09:03.0716634Z ok 72 - damage analysis sorts by a real metric and shows full colored values
release	Build and verify public release	2026-10-04T03:09:03.0717376Z   ---
release	Build and verify public release	2026-10-04T03:09:03.0717832Z   duration_ms: 1.2539
release	Build and verify public release	2026-10-04T03:09:03.0718310Z   type: 'test'
release	Build and verify public release	2026-10-04T03:09:03.0718742Z   ...
release	Build and verify public release	2026-10-04T03:09:03.0719498Z # Subtest: team analysis compares both sides across every requested metric
release	Build and verify public release	2026-10-04T03:09:03.0720639Z ok 73 - team analysis compares both sides across every requested metric
release	Build and verify public release	2026-10-04T03:09:03.0754076Z   ---
release	Build and verify public release	2026-10-04T03:09:03.0758625Z   duration_ms: 1.6811
release	Build and verify public release	2026-10-04T03:09:03.0759210Z   type: 'test'
release	Build and verify public release	2026-10-04T03:09:03.0759633Z   ...
release	Build and verify public release	2026-10-04T03:09:03.0760431Z # Subtest: team analysis exposes only metrics supported by each map and mode
release	Build and verify public release	2026-10-04T03:09:03.1047639Z ok 74 - team analysis exposes only metrics supported by each map and mode
release	Build and verify public release	2026-10-04T03:09:03.1048625Z   ---
release	Build and verify public release	2026-10-04T03:09:03.1049140Z   duration_ms: 1.5908
release	Build and verify public release	2026-10-04T03:09:03.1049631Z   type: 'test'
release	Build and verify public release	2026-10-04T03:09:03.1050070Z   ...
release	Build and verify public release	2026-10-04T03:09:03.1053515Z # Subtest: match tier hydration is asynchronous and isolated by stable region, server, player and container
release	Build and verify public release	2026-10-04T03:09:03.1055861Z ok 75 - match tier hydration is asynchronous and isolated by stable region, server, player and container
release	Build and verify public release	2026-10-04T03:09:03.1058515Z   ---
release	Build and verify public release	2026-10-04T03:09:03.1059038Z   duration_ms: 1.242
release	Build and verify public release	2026-10-04T03:09:03.1066869Z   type: 'test'
release	Build and verify public release	2026-10-04T03:09:03.1067351Z   ...
release	Build and verify public release	2026-10-04T03:09:03.1068138Z # Subtest: top search and player navigation preserve the selected Chinese server
release	Build and verify public release	2026-10-04T03:09:03.1069379Z ok 76 - top search and player navigation preserve the selected Chinese server
release	Build and verify public release	2026-10-04T03:09:03.1070143Z   ---
release	Build and verify public release	2026-10-04T03:09:03.1070570Z   duration_ms: 2.3672
release	Build and verify public release	2026-10-04T03:09:03.1071000Z   type: 'test'
release	Build and verify public release	2026-10-04T03:09:03.1071323Z   ...
release	Build and verify public release	2026-10-04T03:09:03.1072077Z # Subtest: Chinese server merge guidance uses one scoped tooltip constant
release	Build and verify public release	2026-10-04T03:09:03.1073213Z ok 77 - Chinese server merge guidance uses one scoped tooltip constant
release	Build and verify public release	2026-10-04T03:09:03.1073939Z   ---
release	Build and verify public release	2026-10-04T03:09:03.1075626Z   duration_ms: 1.8047
release	Build and verify public release	2026-10-04T03:09:03.1076176Z   type: 'test'
release	Build and verify public release	2026-10-04T03:09:03.1076650Z   ...
release	Build and verify public release	2026-10-04T03:09:03.1077728Z # Subtest: cross-server ranked data is an explicit unsupported state
release	Build and verify public release	2026-10-04T03:09:03.1078943Z ok 78 - cross-server ranked data is an explicit unsupported state
release	Build and verify public release	2026-10-04T03:09:03.1079625Z   ---
release	Build and verify public release	2026-10-04T03:09:03.1079938Z   duration_ms: 0.8024
release	Build and verify public release	2026-10-04T03:09:03.1080330Z   type: 'test'
release	Build and verify public release	2026-10-04T03:09:03.1080737Z   ...
release	Build and verify public release	2026-10-04T03:09:03.1081414Z # Subtest: privacy UI separates explicit and opt-in automatic writes
release	Build and verify public release	2026-10-04T03:09:03.1082379Z ok 79 - privacy UI separates explicit and opt-in automatic writes
release	Build and verify public release	2026-10-04T03:09:03.1083004Z   ---
release	Build and verify public release	2026-10-04T03:09:03.1083322Z   duration_ms: 0.5132
release	Build and verify public release	2026-10-04T03:09:03.1083681Z   type: 'test'
release	Build and verify public release	2026-10-04T03:09:03.1084035Z   ...
release	Build and verify public release	2026-10-04T03:09:03.1084816Z # Subtest: live recommendations render and select every returned option
release	Build and verify public release	2026-10-04T03:09:03.1085892Z ok 80 - live recommendations render and select every returned option
release	Build and verify public release	2026-10-04T03:09:03.1086592Z   ---
release	Build and verify public release	2026-10-04T03:09:03.1087041Z   duration_ms: 9.2933
release	Build and verify public release	2026-10-04T03:09:03.1087508Z   type: 'test'
release	Build and verify public release	2026-10-04T03:09:03.1087819Z   ...
release	Build and verify public release	2026-10-04T03:09:03.1088751Z # Subtest: current champion endpoint keeps live recommendations usable without a roster identity
release	Build and verify public release	2026-10-04T03:09:03.1090196Z ok 81 - current champion endpoint keeps live recommendations usable without a roster identity
release	Build and verify public release	2026-10-04T03:09:03.1090970Z   ---
release	Build and verify public release	2026-10-04T03:09:03.1091386Z   duration_ms: 0.9456
release	Build and verify public release	2026-10-04T03:09:03.1091827Z   type: 'test'
release	Build and verify public release	2026-10-04T03:09:03.1092219Z   ...
release	Build and verify public release	2026-10-04T03:09:03.1092893Z # Subtest: champion and live recommendations share the persisted tier
release	Build and verify public release	2026-10-04T03:09:03.1093954Z ok 82 - champion and live recommendations share the persisted tier
release	Build and verify public release	2026-10-04T03:09:03.1094975Z   ---
release	Build and verify public release	2026-10-04T03:09:03.1095436Z   duration_ms: 0.8904
release	Build and verify public release	2026-10-04T03:09:03.1095861Z   type: 'test'
release	Build and verify public release	2026-10-04T03:09:03.1096222Z   ...
release	Build and verify public release	2026-10-04T03:09:03.1097072Z # Subtest: live recommendation requests recover from stale flights and empty payloads
release	Build and verify public release	2026-10-04T03:09:03.1098341Z ok 83 - live recommendation requests recover from stale flights and empty payloads
release	Build and verify public release	2026-10-04T03:09:03.1099120Z   ---
release	Build and verify public release	2026-10-04T03:09:03.1099562Z   duration_ms: 3.4222
release	Build and verify public release	2026-10-04T03:09:03.1099998Z   type: 'test'
release	Build and verify public release	2026-10-04T03:09:03.1100381Z   ...
release	Build and verify public release	2026-10-04T03:09:03.1101063Z # Subtest: recommendation tabs reset only when the champion changes
release	Build and verify public release	2026-10-04T03:09:03.1102130Z ok 84 - recommendation tabs reset only when the champion changes
release	Build and verify public release	2026-10-04T03:09:03.1102817Z   ---
release	Build and verify public release	2026-10-04T03:09:03.1103154Z   duration_ms: 0.6247
release	Build and verify public release	2026-10-04T03:09:03.1103618Z   type: 'test'
release	Build and verify public release	2026-10-04T03:09:03.1103982Z   ...
release	Build and verify public release	2026-10-04T03:09:03.1104757Z # Subtest: live game scoped state resets on a new game or champion select entry
release	Build and verify public release	2026-10-04T03:09:03.1105940Z ok 85 - live game scoped state resets on a new game or champion select entry
release	Build and verify public release	2026-10-04T03:09:03.1107603Z   ---
release	Build and verify public release	2026-10-04T03:09:03.1108045Z   duration_ms: 1.8567
release	Build and verify public release	2026-10-04T03:09:03.1108462Z   type: 'test'
release	Build and verify public release	2026-10-04T03:09:03.1108795Z   ...
release	Build and verify public release	2026-10-04T03:09:03.1110765Z # Subtest: round 9 recommendation percentages preserve backend units and hide empty statistics
release	Build and verify public release	2026-10-04T03:09:03.1113181Z ok 86 - round 9 recommendation percentages preserve backend units and hide empty statistics
release	Build and verify public release	2026-10-04T03:09:03.1114058Z   ---
release	Build and verify public release	2026-10-04T03:09:03.1115554Z   duration_ms: 1.7879
release	Build and verify public release	2026-10-04T03:09:03.1116369Z   type: 'test'
release	Build and verify public release	2026-10-04T03:09:03.1116812Z   ...
release	Build and verify public release	2026-10-04T03:09:03.1117524Z # Subtest: live QQ101 depth rows preserve unavailable sample metadata
release	Build and verify public release	2026-10-04T03:09:03.1119240Z ok 87 - live QQ101 depth rows preserve unavailable sample metadata
release	Build and verify public release	2026-10-04T03:09:03.1120198Z   ---
release	Build and verify public release	2026-10-04T03:09:03.1120803Z   duration_ms: 1.2282
release	Build and verify public release	2026-10-04T03:09:03.1121445Z   type: 'test'
release	Build and verify public release	2026-10-04T03:09:03.1122103Z   ...
release	Build and verify public release	2026-10-04T03:09:03.1123336Z # Subtest: live build item cards keep icon tooltips without visible item names
release	Build and verify public release	2026-10-04T03:09:03.1124868Z ok 88 - live build item cards keep icon tooltips without visible item names
release	Build and verify public release	2026-10-04T03:09:03.1126011Z   ---
release	Build and verify public release	2026-10-04T03:09:03.1126372Z   duration_ms: 0.748
release	Build and verify public release	2026-10-04T03:09:03.1127053Z   type: 'test'
release	Build and verify public release	2026-10-04T03:09:03.1127333Z   ...
release	Build and verify public release	2026-10-04T03:09:03.1129477Z # Subtest: round 9 match summaries show only placement while details align it beside scores
release	Build and verify public release	2026-10-04T03:09:03.1131955Z ok 89 - round 9 match summaries show only placement while details align it beside scores
release	Build and verify public release	2026-10-04T03:09:03.1134118Z   ---
release	Build and verify public release	2026-10-04T03:09:03.1134668Z   duration_ms: 1.6578
release	Build and verify public release	2026-10-04T03:09:03.1135425Z   type: 'test'
release	Build and verify public release	2026-10-04T03:09:03.1135780Z   ...
release	Build and verify public release	2026-10-04T03:09:03.1136619Z # Subtest: round 9 match scores assign overall ranks and replace side leaders with MVP and SVP
release	Build and verify public release	2026-10-04T03:09:03.1137872Z ok 90 - round 9 match scores assign overall ranks and replace side leaders with MVP and SVP
release	Build and verify public release	2026-10-04T03:09:03.1138629Z   ---
release	Build and verify public release	2026-10-04T03:09:03.1140066Z   duration_ms: 2.6922
release	Build and verify public release	2026-10-04T03:09:03.1140478Z   type: 'test'
release	Build and verify public release	2026-10-04T03:09:03.1141500Z   ...
release	Build and verify public release	2026-10-04T03:09:03.1142348Z # Subtest: round 9 match score ranks use hidden precision and keep exact ties deterministic
release	Build and verify public release	2026-10-04T03:09:03.1143652Z ok 91 - round 9 match score ranks use hidden precision and keep exact ties deterministic
release	Build and verify public release	2026-10-04T03:09:03.1144431Z   ---
release	Build and verify public release	2026-10-04T03:09:03.1144770Z   duration_ms: 2.2719
release	Build and verify public release	2026-10-04T03:09:03.1145149Z   type: 'test'
release	Build and verify public release	2026-10-04T03:09:03.1145452Z   ...
release	Build and verify public release	2026-10-04T03:09:03.1146262Z # Subtest: round 9 augment rendering uses upstream images, descriptions, and all rarity tones
release	Build and verify public release	2026-10-04T03:09:03.1148043Z ok 92 - round 9 augment rendering uses upstream images, descriptions, and all rarity tones
release	Build and verify public release	2026-10-04T03:09:03.1148812Z   ---
release	Build and verify public release	2026-10-04T03:09:03.1149130Z   duration_ms: 2.9874
release	Build and verify public release	2026-10-04T03:09:03.1149495Z   type: 'test'
release	Build and verify public release	2026-10-04T03:09:03.1149798Z   ...
release	Build and verify public release	2026-10-04T03:09:03.1150740Z # Subtest: R159 observed Hexdata icons render through the scoped image proxy in detail and match rows
release	Build and verify public release	2026-10-04T03:09:03.1152111Z ok 93 - R159 observed Hexdata icons render through the scoped image proxy in detail and match rows
release	Build and verify public release	2026-10-04T03:09:03.1152905Z   ---
release	Build and verify public release	2026-10-04T03:09:03.1153250Z   duration_ms: 2.0135
release	Build and verify public release	2026-10-04T03:09:03.1153621Z   type: 'test'
release	Build and verify public release	2026-10-04T03:09:03.1153941Z   ...
release	Build and verify public release	2026-10-04T03:09:03.1154689Z # Subtest: round 9 recommendation modes drive tabs, fallbacks, and ranked-only sources
release	Build and verify public release	2026-10-04T03:09:03.1156239Z ok 94 - round 9 recommendation modes drive tabs, fallbacks, and ranked-only sources
release	Build and verify public release	2026-10-04T03:09:03.1156986Z   ---
release	Build and verify public release	2026-10-04T03:09:03.1157314Z   duration_ms: 5.507
release	Build and verify public release	2026-10-04T03:09:03.1157680Z   type: 'test'
release	Build and verify public release	2026-10-04T03:09:03.1157995Z   ...
release	Build and verify public release	2026-10-04T03:09:03.1158638Z # Subtest: OPGG only uses the client fallback when no upstream positions exist
release	Build and verify public release	2026-10-04T03:09:03.1159610Z ok 95 - OPGG only uses the client fallback when no upstream positions exist
release	Build and verify public release	2026-10-04T03:09:03.1160248Z   ---
release	Build and verify public release	2026-10-04T03:09:03.1160574Z   duration_ms: 1.5896
release	Build and verify public release	2026-10-04T03:09:03.1160939Z   type: 'test'
release	Build and verify public release	2026-10-04T03:09:03.1161235Z   ...
release	Build and verify public release	2026-10-04T03:09:03.1161945Z # Subtest: live recommendations can temporarily use a champ-select pick intent
release	Build and verify public release	2026-10-04T03:09:03.1163045Z ok 96 - live recommendations can temporarily use a champ-select pick intent
release	Build and verify public release	2026-10-04T03:09:03.1163746Z   ---
release	Build and verify public release	2026-10-04T03:09:03.1164080Z   duration_ms: 10.1827
release	Build and verify public release	2026-10-04T03:09:03.1164447Z   type: 'test'
release	Build and verify public release	2026-10-04T03:09:03.1164739Z   ...
release	Build and verify public release	2026-10-04T03:09:03.1165664Z # Subtest: live recommendation champion ids reject negative pick sentinels and use resolved live fallback
release	Build and verify public release	2026-10-04T03:09:03.1167153Z ok 97 - live recommendation champion ids reject negative pick sentinels and use resolved live fallback
release	Build and verify public release	2026-10-04T03:09:03.1168001Z   ---
release	Build and verify public release	2026-10-04T03:09:03.1168329Z   duration_ms: 3.4994
release	Build and verify public release	2026-10-04T03:09:03.1168684Z   type: 'test'
release	Build and verify public release	2026-10-04T03:09:03.1168991Z   ...
release	Build and verify public release	2026-10-04T03:09:03.1169604Z # Subtest: random pick pending state has distinct empty-state copy
release	Build and verify public release	2026-10-04T03:09:03.1170514Z ok 98 - random pick pending state has distinct empty-state copy
release	Build and verify public release	2026-10-04T03:09:03.1171100Z   ---
release	Build and verify public release	2026-10-04T03:09:03.1171426Z   duration_ms: 1.5896
release	Build and verify public release	2026-10-04T03:09:03.1171799Z   type: 'test'
release	Build and verify public release	2026-10-04T03:09:03.1172446Z   ...
release	Build and verify public release	2026-10-04T03:09:03.1173102Z # Subtest: rune application creates or recycles only Deep Legends pages
release	Build and verify public release	2026-10-04T03:09:03.1174323Z ok 99 - rune application creates or recycles only Deep Legends pages
release	Build and verify public release	2026-10-04T03:09:03.1174936Z   ---
release	Build and verify public release	2026-10-04T03:09:03.1175271Z   duration_ms: 4.6624
release	Build and verify public release	2026-10-04T03:09:03.1176039Z   type: 'test'
release	Build and verify public release	2026-10-04T03:09:03.1176359Z   ...
release	Build and verify public release	2026-10-04T03:09:03.1177003Z # Subtest: friend navigation uses only session-scoped player references
release	Build and verify public release	2026-10-04T03:09:03.1177994Z ok 100 - friend navigation uses only session-scoped player references
release	Build and verify public release	2026-10-04T03:09:03.1178623Z   ---
release	Build and verify public release	2026-10-04T03:09:03.1178953Z   duration_ms: 0.9223
release	Build and verify public release	2026-10-04T03:09:03.1179295Z   type: 'test'
release	Build and verify public release	2026-10-04T03:09:03.1179585Z   ...
release	Build and verify public release	2026-10-04T03:09:03.1180206Z # Subtest: position filters use icons and transient search state is reset
release	Build and verify public release	2026-10-04T03:09:03.1181200Z ok 101 - position filters use icons and transient search state is reset
release	Build and verify public release	2026-10-04T03:09:03.1181841Z   ---
release	Build and verify public release	2026-10-04T03:09:03.1182180Z   duration_ms: 0.6356
release	Build and verify public release	2026-10-04T03:09:03.1182552Z   type: 'test'
release	Build and verify public release	2026-10-04T03:09:03.1182869Z   ...
release	Build and verify public release	2026-10-04T03:09:03.1183493Z # Subtest: rune shards use crisp login-independent Data Dragon assets
release	Build and verify public release	2026-10-04T03:09:03.1184436Z ok 102 - rune shards use crisp login-independent Data Dragon assets
release	Build and verify public release	2026-10-04T03:09:03.1185047Z   ---
release	Build and verify public release	2026-10-04T03:09:03.1185378Z   duration_ms: 1.0295
release	Build and verify public release	2026-10-04T03:09:03.1185749Z   type: 'test'
release	Build and verify public release	2026-10-04T03:09:03.1186045Z   ...
release	Build and verify public release	2026-10-04T03:09:03.1186699Z # Subtest: server-filtered flex switch makes one fresh first-page request
release	Build and verify public release	2026-10-04T03:09:03.1187713Z ok 103 - server-filtered flex switch makes one fresh first-page request
release	Build and verify public release	2026-10-04T03:09:03.1188347Z   ---
release	Build and verify public release	2026-10-04T03:09:03.1188679Z   duration_ms: 4.6717
release	Build and verify public release	2026-10-04T03:09:03.1189040Z   type: 'test'
release	Build and verify public release	2026-10-04T03:09:03.1189347Z   ...
release	Build and verify public release	2026-10-04T03:09:03.1190058Z # Subtest: client-filter fallback alone may automatically page until flex appears
release	Build and verify public release	2026-10-04T03:09:03.1191202Z ok 104 - client-filter fallback alone may automatically page until flex appears
release	Build and verify public release	2026-10-04T03:09:03.1191883Z   ---
release	Build and verify public release	2026-10-04T03:09:03.1192153Z   duration_ms: 1.3505
release	Build and verify public release	2026-10-04T03:09:03.1192468Z   type: 'test'
release	Build and verify public release	2026-10-04T03:09:03.1193146Z   ...
release	Build and verify public release	2026-10-04T03:09:03.1193999Z # Subtest: filtered empty state distinguishes active loading from idle history
release	Build and verify public release	2026-10-04T03:09:03.1195122Z ok 105 - filtered empty state distinguishes active loading from idle history
release	Build and verify public release	2026-10-04T03:09:03.1195849Z   ---
release	Build and verify public release	2026-10-04T03:09:03.1196190Z   duration_ms: 0.5206
release	Build and verify public release	2026-10-04T03:09:03.1196571Z   type: 'test'
release	Build and verify public release	2026-10-04T03:09:03.1196871Z   ...
release	Build and verify public release	2026-10-04T03:09:03.1197512Z # Subtest: filtered empty state renders the pagination copy only once
release	Build and verify public release	2026-10-04T03:09:03.1198499Z ok 106 - filtered empty state renders the pagination copy only once
release	Build and verify public release	2026-10-04T03:09:03.1199125Z   ---
release	Build and verify public release	2026-10-04T03:09:03.1199450Z   duration_ms: 1.3047
release	Build and verify public release	2026-10-04T03:09:03.1199812Z   type: 'test'
release	Build and verify public release	2026-10-04T03:09:03.1200127Z   ...
release	Build and verify public release	2026-10-04T03:09:03.1200683Z # Subtest: ranked matches omit unavailable local LP records
release	Build and verify public release	2026-10-04T03:09:03.1201494Z ok 107 - ranked matches omit unavailable local LP records
release	Build and verify public release	2026-10-04T03:09:03.1202055Z   ---
release	Build and verify public release	2026-10-04T03:09:03.1202392Z   duration_ms: 1.0244
release	Build and verify public release	2026-10-04T03:09:03.1202770Z   type: 'test'
release	Build and verify public release	2026-10-04T03:09:03.1203083Z   ...
release	Build and verify public release	2026-10-04T03:09:03.1204001Z # Subtest: perk stat mod slots are separated from rune styles
release	Build and verify public release	2026-10-04T03:09:03.1204868Z ok 108 - perk stat mod slots are separated from rune styles
release	Build and verify public release	2026-10-04T03:09:03.1205403Z   ---
release	Build and verify public release	2026-10-04T03:09:03.1205727Z   duration_ms: 1.5446
release	Build and verify public release	2026-10-04T03:09:03.1206099Z   type: 'test'
release	Build and verify public release	2026-10-04T03:09:03.1206402Z   ...
release	Build and verify public release	2026-10-04T03:09:03.1207295Z # Subtest: perk catalogs supply icons while entertainment recommendations come from the current hero
release	Build and verify public release	2026-10-04T03:09:03.1208720Z ok 109 - perk catalogs supply icons while entertainment recommendations come from the current hero
release	Build and verify public release	2026-10-04T03:09:03.1214036Z   ---
release	Build and verify public release	2026-10-04T03:09:03.1215093Z   duration_ms: 2.3638
release	Build and verify public release	2026-10-04T03:09:03.1215772Z   type: 'test'
release	Build and verify public release	2026-10-04T03:09:03.1216079Z   ...
release	Build and verify public release	2026-10-04T03:09:03.1216914Z # Subtest: match statistic labels have an explicit faint tone in both themes
release	Build and verify public release	2026-10-04T03:09:03.1217976Z ok 110 - match statistic labels have an explicit faint tone in both themes
release	Build and verify public release	2026-10-04T03:09:03.1218617Z   ---
release	Build and verify public release	2026-10-04T03:09:03.1218939Z   duration_ms: 0.2922
release	Build and verify public release	2026-10-04T03:09:03.1219297Z   type: 'test'
release	Build and verify public release	2026-10-04T03:09:03.1219589Z   ...
release	Build and verify public release	2026-10-04T03:09:03.1220331Z # Subtest: tooltips use one viewport-aware portal instead of clipped pseudo elements
release	Build and verify public release	2026-10-04T03:09:03.1221524Z ok 111 - tooltips use one viewport-aware portal instead of clipped pseudo elements
release	Build and verify public release	2026-10-04T03:09:03.1222213Z   ---
release	Build and verify public release	2026-10-04T03:09:03.1222517Z   duration_ms: 1.4563
release	Build and verify public release	2026-10-04T03:09:03.1222871Z   type: 'test'
release	Build and verify public release	2026-10-04T03:09:03.1223158Z   ...
release	Build and verify public release	2026-10-04T03:09:03.1223749Z # Subtest: tooltips use the layered hextech surface in every theme
release	Build and verify public release	2026-10-04T03:09:03.1224636Z ok 112 - tooltips use the layered hextech surface in every theme
release	Build and verify public release	2026-10-04T03:09:03.1225200Z   ---
release	Build and verify public release	2026-10-04T03:09:03.1225500Z   duration_ms: 1.9629
release	Build and verify public release	2026-10-04T03:09:03.1225830Z   type: 'test'
release	Build and verify public release	2026-10-04T03:09:03.1226075Z   ...
release	Build and verify public release	2026-10-04T03:09:03.1226719Z # Subtest: floating tooltip content is structured safely and shown only after placement
release	Build and verify public release	2026-10-04T03:09:03.1261387Z ok 113 - floating tooltip content is structured safely and shown only after placement
release	Build and verify public release	2026-10-04T03:09:03.1264046Z   ---
release	Build and verify public release	2026-10-04T03:09:03.1265336Z   duration_ms: 1.443
release	Build and verify public release	2026-10-04T03:09:03.1266683Z   type: 'test'
release	Build and verify public release	2026-10-04T03:09:03.1338996Z   ...
release	Build and verify public release	2026-10-04T03:09:03.1339772Z # Subtest: round 9 section navigation restores each page scroll position after panel activation
release	Build and verify public release	2026-10-04T03:09:03.1341733Z ok 114 - round 9 section navigation restores each page scroll position after panel activation
release	Build and verify public release	2026-10-04T03:09:03.1488984Z   ---
release	Build and verify public release	2026-10-04T03:09:03.1489551Z   duration_ms: 1.6716
release	Build and verify public release	2026-10-04T03:09:03.1489939Z   type: 'test'
release	Build and verify public release	2026-10-04T03:09:03.1490227Z   ...
release	Build and verify public release	2026-10-04T03:09:03.1490943Z # Subtest: round 9 tooltip pointer suppression survives the click focus event
release	Build and verify public release	2026-10-04T03:09:03.1491962Z ok 115 - round 9 tooltip pointer suppression survives the click focus event
release	Build and verify public release	2026-10-04T03:09:03.1492567Z   ---
release	Build and verify public release	2026-10-04T03:09:03.1492877Z   duration_ms: 2.2784
release	Build and verify public release	2026-10-04T03:09:03.1493247Z   type: 'test'
release	Build and verify public release	2026-10-04T03:09:03.1493555Z   ...
release	Build and verify public release	2026-10-04T03:09:03.1494323Z # Subtest: round 9 friend refreshes and redundant static icon tooltips stay disabled
release	Build and verify public release	2026-10-04T03:09:03.1602131Z ok 116 - round 9 friend refreshes and redundant static icon tooltips stay disabled
release	Build and verify public release	2026-10-04T03:09:03.1602884Z   ---
release	Build and verify public release	2026-10-04T03:09:03.1603206Z   duration_ms: 0.3303
release	Build and verify public release	2026-10-04T03:09:03.1603578Z   type: 'test'
release	Build and verify public release	2026-10-04T03:09:03.1603869Z   ...
release	Build and verify public release	2026-10-04T03:09:03.1604452Z # Subtest: player-name tooltips are gated by the actual ellipsized text
release	Build and verify public release	2026-10-04T03:09:03.1605378Z ok 117 - player-name tooltips are gated by the actual ellipsized text
release	Build and verify public release	2026-10-04T03:09:03.1605954Z   ---
release	Build and verify public release	2026-10-04T03:09:03.1606312Z   duration_ms: 2.1255
release	Build and verify public release	2026-10-04T03:09:03.1606659Z   type: 'test'
release	Build and verify public release	2026-10-04T03:09:03.1606978Z   ...
release	Build and verify public release	2026-10-04T03:09:03.1607752Z # Subtest: champion detail tooltips include static numerical metadata and player aliases
release	Build and verify public release	2026-10-04T03:09:03.1608914Z ok 118 - champion detail tooltips include static numerical metadata and player aliases
release	Build and verify public release	2026-10-04T03:09:03.1609630Z   ---
release	Build and verify public release	2026-10-04T03:09:03.1609936Z   duration_ms: 0.7671
release	Build and verify public release	2026-10-04T03:09:03.1610319Z   type: 'test'
release	Build and verify public release	2026-10-04T03:09:03.1610632Z   ...
release	Build and verify public release	2026-10-04T03:09:03.1611356Z # Subtest: network preload excludes Hexdata and starts only ranked and arena work
release	Build and verify public release	2026-10-04T03:09:03.1612486Z ok 119 - network preload excludes Hexdata and starts only ranked and arena work
release	Build and verify public release	2026-10-04T03:09:03.1613168Z   ---
release	Build and verify public release	2026-10-04T03:09:03.1613501Z   duration_ms: 0.5709
release	Build and verify public release	2026-10-04T03:09:03.1613865Z   type: 'test'
release	Build and verify public release	2026-10-04T03:09:03.1614186Z   ...
release	Build and verify public release	2026-10-04T03:09:03.1615003Z # Subtest: champion data survives section switches and re-entry renders instantly while fresh
release	Build and verify public release	2026-10-04T03:09:03.1616804Z ok 120 - champion data survives section switches and re-entry renders instantly while fresh
release	Build and verify public release	2026-10-04T03:09:03.1618234Z   ---
release	Build and verify public release	2026-10-04T03:09:03.1618604Z   duration_ms: 0.6028
release	Build and verify public release	2026-10-04T03:09:03.1618994Z   type: 'test'
release	Build and verify public release	2026-10-04T03:09:03.1619301Z   ...
release	Build and verify public release	2026-10-04T03:09:03.1620081Z # Subtest: champion mode, searches, and tabs persist while transient detail state resets
release	Build and verify public release	2026-10-04T03:09:03.1621307Z ok 121 - champion mode, searches, and tabs persist while transient detail state resets
release	Build and verify public release	2026-10-04T03:09:03.1622052Z   ---
release	Build and verify public release	2026-10-04T03:09:03.1622398Z   duration_ms: 0.8372
release	Build and verify public release	2026-10-04T03:09:03.1622778Z   type: 'test'
release	Build and verify public release	2026-10-04T03:09:03.1623084Z   ...
release	Build and verify public release	2026-10-04T03:09:03.1623742Z # Subtest: ranked detail always keeps matchup and top-player cards
release	Build and verify public release	2026-10-04T03:09:03.1624684Z ok 122 - ranked detail always keeps matchup and top-player cards
release	Build and verify public release	2026-10-04T03:09:03.1625307Z   ---
release	Build and verify public release	2026-10-04T03:09:03.1625663Z   duration_ms: 0.2803
release	Build and verify public release	2026-10-04T03:09:03.1626035Z   type: 'test'
release	Build and verify public release	2026-10-04T03:09:03.1626348Z   ...
release	Build and verify public release	2026-10-04T03:09:03.1627103Z # Subtest: watch settings replace the legacy convenience controls and frontend writer
release	Build and verify public release	2026-10-04T03:09:03.1628237Z ok 123 - watch settings replace the legacy convenience controls and frontend writer
release	Build and verify public release	2026-10-04T03:09:03.1628960Z   ---
release	Build and verify public release	2026-10-04T03:09:03.1629372Z   duration_ms: 0.6194
release	Build and verify public release	2026-10-04T03:09:03.1629871Z   type: 'test'
release	Build and verify public release	2026-10-04T03:09:03.1630253Z   ...
release	Build and verify public release	2026-10-04T03:09:03.1631083Z # Subtest: disconnected collection, account, live and pool pages hide filters
release	Build and verify public release	2026-10-04T03:09:03.1632391Z ok 124 - disconnected collection, account, live and pool pages hide filters
release	Build and verify public release	2026-10-04T03:09:03.1633195Z   ---
release	Build and verify public release	2026-10-04T03:09:03.1633604Z   duration_ms: 0.396
release	Build and verify public release	2026-10-04T03:09:03.1634141Z   type: 'test'
release	Build and verify public release	2026-10-04T03:09:03.1634552Z   ...
release	Build and verify public release	2026-10-04T03:09:03.1635401Z # Subtest: account page removes the duplicate title and sizes facts to unwrapped content
release	Build and verify public release	2026-10-04T03:09:03.1636743Z ok 125 - account page removes the duplicate title and sizes facts to unwrapped content
release	Build and verify public release	2026-10-04T03:09:03.1637788Z   ---
release	Build and verify public release	2026-10-04T03:09:03.1638651Z   duration_ms: 0.5291
release	Build and verify public release	2026-10-04T03:09:03.1639156Z   type: 'test'
release	Build and verify public release	2026-10-04T03:09:03.1639623Z   ...
release	Build and verify public release	2026-10-04T03:09:03.1640451Z # Subtest: optional themes keep a neutral background and accent-only primary
release	Build and verify public release	2026-10-04T03:09:03.1641661Z ok 126 - optional themes keep a neutral background and accent-only primary
release	Build and verify public release	2026-10-04T03:09:03.1642480Z   ---
release	Build and verify public release	2026-10-04T03:09:03.1642901Z   duration_ms: 0.2412
release	Build and verify public release	2026-10-04T03:09:03.1643378Z   type: 'test'
release	Build and verify public release	2026-10-04T03:09:03.1643863Z   ...
release	Build and verify public release	2026-10-04T03:09:03.1644765Z # Subtest: mayhem atlas description comes from the guide paragraph, not the SEO blurb
release	Build and verify public release	2026-10-04T03:09:03.1646120Z ok 127 - mayhem atlas description comes from the guide paragraph, not the SEO blurb
release	Build and verify public release	2026-10-04T03:09:03.1647035Z   ---
release	Build and verify public release	2026-10-04T03:09:03.1647505Z   duration_ms: 0.454
release	Build and verify public release	2026-10-04T03:09:03.1648010Z   type: 'test'
release	Build and verify public release	2026-10-04T03:09:03.1648447Z   ...
release	Build and verify public release	2026-10-04T03:09:03.1649354Z # Subtest: mayhem atlas columns share one height cap and scroll independently
release	Build and verify public release	2026-10-04T03:09:03.1650615Z ok 128 - mayhem atlas columns share one height cap and scroll independently
release	Build and verify public release	2026-10-04T03:09:03.1651438Z   ---
release	Build and verify public release	2026-10-04T03:09:03.1651957Z   duration_ms: 0.4849
release	Build and verify public release	2026-10-04T03:09:03.1652444Z   type: 'test'
release	Build and verify public release	2026-10-04T03:09:03.1652905Z   ...
release	Build and verify public release	2026-10-04T03:09:03.1653678Z # Subtest: mayhem rarity panel disappears when the read fails
release	Build and verify public release	2026-10-04T03:09:03.1654682Z ok 129 - mayhem rarity panel disappears when the read fails
release	Build and verify public release	2026-10-04T03:09:03.1655389Z   ---
release	Build and verify public release	2026-10-04T03:09:03.1655861Z   duration_ms: 0.1568
release	Build and verify public release	2026-10-04T03:09:03.1656417Z   type: 'test'
release	Build and verify public release	2026-10-04T03:09:03.1656853Z   ...
release	Build and verify public release	2026-10-04T03:09:03.1657685Z # Subtest: augment metadata is looked up by ID without an icon-directory filter
release	Build and verify public release	2026-10-04T03:09:03.1659354Z ok 130 - augment metadata is looked up by ID without an icon-directory filter
release	Build and verify public release	2026-10-04T03:09:03.1660140Z   ---
release	Build and verify public release	2026-10-04T03:09:03.1660553Z   duration_ms: 0.3714
release	Build and verify public release	2026-10-04T03:09:03.1662346Z   type: 'test'
release	Build and verify public release	2026-10-04T03:09:03.1662762Z   ...
release	Build and verify public release	2026-10-04T03:09:03.1663669Z # Subtest: augment icons survive a client asset miss and never render as a solid tile
release	Build and verify public release	2026-10-04T03:09:03.1665404Z ok 131 - augment icons survive a client asset miss and never render as a solid tile
release	Build and verify public release	2026-10-04T03:09:03.1666282Z   ---
release	Build and verify public release	2026-10-04T03:09:03.1666756Z   duration_ms: 0.5222
release	Build and verify public release	2026-10-04T03:09:03.1667329Z   type: 'test'
release	Build and verify public release	2026-10-04T03:09:03.1667723Z   ...
release	Build and verify public release	2026-10-04T03:09:03.1668496Z # Subtest: arena augment descriptions drop runtime counters and render calculations
release	Build and verify public release	2026-10-04T03:09:03.1669698Z ok 132 - arena augment descriptions drop runtime counters and render calculations
release	Build and verify public release	2026-10-04T03:09:03.1670558Z   ---
release	Build and verify public release	2026-10-04T03:09:03.1670949Z   duration_ms: 0.4383
release	Build and verify public release	2026-10-04T03:09:03.1671369Z   type: 'test'
release	Build and verify public release	2026-10-04T03:09:03.1671780Z   ...
release	Build and verify public release	2026-10-04T03:09:03.1672574Z # Subtest: mayhem augments without upstream copy do not promise the client has it
release	Build and verify public release	2026-10-04T03:09:03.1673775Z ok 133 - mayhem augments without upstream copy do not promise the client has it
release	Build and verify public release	2026-10-04T03:09:03.1674577Z   ---
release	Build and verify public release	2026-10-04T03:09:03.1674988Z   duration_ms: 0.1665
release	Build and verify public release	2026-10-04T03:09:03.1675423Z   type: 'test'
release	Build and verify public release	2026-10-04T03:09:03.1675841Z   ...
release	Build and verify public release	2026-10-04T03:09:03.1676573Z # Subtest: specialist rune loading never blocks the outer OPGG rune panel
release	Build and verify public release	2026-10-04T03:09:03.1677685Z ok 134 - specialist rune loading never blocks the outer OPGG rune panel
release	Build and verify public release	2026-10-04T03:09:03.1678767Z   ---
release	Build and verify public release	2026-10-04T03:09:03.1679248Z   duration_ms: 0.6554
release	Build and verify public release	2026-10-04T03:09:03.1679689Z   type: 'test'
release	Build and verify public release	2026-10-04T03:09:03.1680039Z   ...
release	Build and verify public release	2026-10-04T03:09:03.1680843Z # Subtest: live session shows the current position only when position capability exists
release	Build and verify public release	2026-10-04T03:09:03.1682125Z ok 135 - live session shows the current position only when position capability exists
release	Build and verify public release	2026-10-04T03:09:03.1682932Z   ---
release	Build and verify public release	2026-10-04T03:09:03.1683359Z   duration_ms: 0.9438
release	Build and verify public release	2026-10-04T03:09:03.1683795Z   type: 'test'
release	Build and verify public release	2026-10-04T03:09:03.1684158Z   ...
release	Build and verify public release	2026-10-04T03:09:03.1685079Z # Subtest: live position choices sort by role share and derive missing shares from play
release	Build and verify public release	2026-10-04T03:09:03.1686363Z ok 136 - live position choices sort by role share and derive missing shares from play
release	Build and verify public release	2026-10-04T03:09:03.1687149Z   ---
release	Build and verify public release	2026-10-04T03:09:03.1687589Z   duration_ms: 1.7104
release	Build and verify public release	2026-10-04T03:09:03.1688066Z   type: 'test'
release	Build and verify public release	2026-10-04T03:09:03.1688524Z   ...
release	Build and verify public release	2026-10-04T03:09:03.1689814Z # Subtest: live build recommendations use a wide core column and only the available depth columns
release	Build and verify public release	2026-10-04T03:09:03.1691209Z ok 137 - live build recommendations use a wide core column and only the available depth columns
release	Build and verify public release	2026-10-04T03:09:03.1692064Z   ---
release	Build and verify public release	2026-10-04T03:09:03.1692465Z   duration_ms: 2.8626
release	Build and verify public release	2026-10-04T03:09:03.1692936Z   type: 'test'
release	Build and verify public release	2026-10-04T03:09:03.1693305Z   ...
release	Build and verify public release	2026-10-04T03:09:03.1694130Z # Subtest: live rune source tabs keep stable widths when the contextual note appears
release	Build and verify public release	2026-10-04T03:09:03.1695428Z ok 138 - live rune source tabs keep stable widths when the contextual note appears
release	Build and verify public release	2026-10-04T03:09:03.1696255Z   ---
release	Build and verify public release	2026-10-04T03:09:03.1696654Z   duration_ms: 0.7142
release	Build and verify public release	2026-10-04T03:09:03.1697132Z   type: 'test'
release	Build and verify public release	2026-10-04T03:09:03.1697504Z   ...
release	Build and verify public release	2026-10-04T03:09:03.1698266Z # Subtest: disabled controls use the not-allowed cursor throughout the web UI
release	Build and verify public release	2026-10-04T03:09:03.1699400Z ok 139 - disabled controls use the not-allowed cursor throughout the web UI
release	Build and verify public release	2026-10-04T03:09:03.1700178Z   ---
release	Build and verify public release	2026-10-04T03:09:03.1700571Z   duration_ms: 0.403
release	Build and verify public release	2026-10-04T03:09:03.1701003Z   type: 'test'
release	Build and verify public release	2026-10-04T03:09:03.1701446Z   ...
release	Build and verify public release	2026-10-04T03:09:03.1702251Z # Subtest: arena live build aligns prism and core cards with the three Arena metrics
release	Build and verify public release	2026-10-04T03:09:03.1703465Z ok 140 - arena live build aligns prism and core cards with the three Arena metrics
release	Build and verify public release	2026-10-04T03:09:03.1704269Z   ---
release	Build and verify public release	2026-10-04T03:09:03.1704685Z   duration_ms: 11.9075
release	Build and verify public release	2026-10-04T03:09:03.1705171Z   type: 'test'
release	Build and verify public release	2026-10-04T03:09:03.1705646Z   ...
release	Build and verify public release	2026-10-04T03:09:03.1706498Z # Subtest: live core routes render at most five rows without an expansion control
release	Build and verify public release	2026-10-04T03:09:03.1708057Z ok 141 - live core routes render at most five rows without an expansion control
release	Build and verify public release	2026-10-04T03:09:03.1709460Z   ---
release	Build and verify public release	2026-10-04T03:09:03.1709869Z   duration_ms: 2.7299
release	Build and verify public release	2026-10-04T03:09:03.1710299Z   type: 'test'
release	Build and verify public release	2026-10-04T03:09:03.1710654Z   ...
release	Build and verify public release	2026-10-04T03:09:03.1711568Z # Subtest: live recommendation option groups keep the upstream order and never re-sort by win rate
release	Build and verify public release	2026-10-04T03:09:03.1712903Z ok 142 - live recommendation option groups keep the upstream order and never re-sort by win rate
release	Build and verify public release	2026-10-04T03:09:03.1713791Z   ---
release	Build and verify public release	2026-10-04T03:09:03.1714217Z   duration_ms: 2.3246
release	Build and verify public release	2026-10-04T03:09:03.1714660Z   type: 'test'
release	Build and verify public release	2026-10-04T03:09:03.1715032Z   ...
release	Build and verify public release	2026-10-04T03:09:03.1715907Z # Subtest: mayhem opening sections follow actual data instead of the augment capability
release	Build and verify public release	2026-10-04T03:09:03.1717232Z ok 143 - mayhem opening sections follow actual data instead of the augment capability
release	Build and verify public release	2026-10-04T03:09:03.1718050Z   ---
release	Build and verify public release	2026-10-04T03:09:03.1718492Z   duration_ms: 1.9132
release	Build and verify public release	2026-10-04T03:09:03.1718919Z   type: 'test'
release	Build and verify public release	2026-10-04T03:09:03.1719274Z   ...
release	Build and verify public release	2026-10-04T03:09:03.1720353Z # Subtest: item set payload uses three core routes, removes cross-group duplicates, and follows recommendation position
release	Build and verify public release	2026-10-04T03:09:03.1722158Z ok 144 - item set payload uses three core routes, removes cross-group duplicates, and follows recommendation position
release	Build and verify public release	2026-10-04T03:09:03.1723168Z   ---
release	Build and verify public release	2026-10-04T03:09:03.1723574Z   duration_ms: 1.6314
release	Build and verify public release	2026-10-04T03:09:03.1724069Z   type: 'test'
release	Build and verify public release	2026-10-04T03:09:03.1724475Z   ...
release	Build and verify public release	2026-10-04T03:09:03.1725326Z # Subtest: R176 classic core routes start at core items while retaining the starter summary
release	Build and verify public release	2026-10-04T03:09:03.1726578Z ok 145 - R176 classic core routes start at core items while retaining the starter summary
release	Build and verify public release	2026-10-04T03:09:03.1727378Z   ---
release	Build and verify public release	2026-10-04T03:09:03.1727769Z   duration_ms: 29.2801
release	Build and verify public release	2026-10-04T03:09:03.1728252Z   type: 'test'
release	Build and verify public release	2026-10-04T03:09:03.1728625Z   ...
release	Build and verify public release	2026-10-04T03:09:03.1729762Z # Subtest: R176 arena and hextech build routes remain free of starter dividers
release	Build and verify public release	2026-10-04T03:09:03.1730997Z ok 146 - R176 arena and hextech build routes remain free of starter dividers
release	Build and verify public release	2026-10-04T03:09:03.1731780Z   ---
release	Build and verify public release	2026-10-04T03:09:03.1732208Z   duration_ms: 1.6864
release	Build and verify public release	2026-10-04T03:09:03.1732701Z   type: 'test'
release	Build and verify public release	2026-10-04T03:09:03.1733098Z   ...
release	Build and verify public release	2026-10-04T03:09:03.1733973Z # Subtest: item set payload preserves recommendation trace and resolved position context
release	Build and verify public release	2026-10-04T03:09:03.1735314Z ok 147 - item set payload preserves recommendation trace and resolved position context
release	Build and verify public release	2026-10-04T03:09:03.1736194Z   ---
release	Build and verify public release	2026-10-04T03:09:03.1736610Z   duration_ms: 0.9702
release	Build and verify public release	2026-10-04T03:09:03.1737058Z   type: 'test'
release	Build and verify public release	2026-10-04T03:09:03.1737383Z   ...
release	Build and verify public release	2026-10-04T03:09:03.1738222Z # Subtest: item set drops an empty post-core block and reports applied group and item counts
release	Build and verify public release	2026-10-04T03:09:03.1739455Z ok 148 - item set drops an empty post-core block and reports applied group and item counts
release	Build and verify public release	2026-10-04T03:09:03.1740195Z   ---
release	Build and verify public release	2026-10-04T03:09:03.1740490Z   duration_ms: 1.334
release	Build and verify public release	2026-10-04T03:09:03.1740824Z   type: 'test'
release	Build and verify public release	2026-10-04T03:09:03.1741094Z   ...
release	Build and verify public release	2026-10-04T03:09:03.1741969Z # Subtest: item set apply tooltip carries the in-game shop clipping workaround without repeating it in the toast
release	Build and verify public release	2026-10-04T03:09:03.1743467Z ok 149 - item set apply tooltip carries the in-game shop clipping workaround without repeating it in the toast
release	Build and verify public release	2026-10-04T03:09:03.1744325Z   ---
release	Build and verify public release	2026-10-04T03:09:03.1744615Z   duration_ms: 0.854
release	Build and verify public release	2026-10-04T03:09:03.1744945Z   type: 'test'
release	Build and verify public release	2026-10-04T03:09:03.1745218Z   ...
release	Build and verify public release	2026-10-04T03:09:03.1745833Z # Subtest: item set apply failure records the same trace and item counts
release	Build and verify public release	2026-10-04T03:09:03.1746762Z ok 150 - item set apply failure records the same trace and item counts
release	Build and verify public release	2026-10-04T03:09:03.1747354Z   ---
release	Build and verify public release	2026-10-04T03:09:03.1747660Z   duration_ms: 0.6897
release	Build and verify public release	2026-10-04T03:09:03.1748001Z   type: 'test'
release	Build and verify public release	2026-10-04T03:09:03.1748281Z   ...
release	Build and verify public release	2026-10-04T03:09:03.1749054Z # Subtest: live mayhem item ranking renders the passed-through rows without a new request
release	Build and verify public release	2026-10-04T03:09:03.1751104Z ok 151 - live mayhem item ranking renders the passed-through rows without a new request
release	Build and verify public release	2026-10-04T03:09:03.1751793Z   ---
release	Build and verify public release	2026-10-04T03:09:03.1752085Z   duration_ms: 1.0701
release	Build and verify public release	2026-10-04T03:09:03.1752410Z   type: 'test'
release	Build and verify public release	2026-10-04T03:09:03.1752676Z   ...
release	Build and verify public release	2026-10-04T03:09:03.1753368Z # Subtest: live Mayhem builds keep only core equipment beside a two-column ranking
release	Build and verify public release	2026-10-04T03:09:03.1754483Z ok 152 - live Mayhem builds keep only core equipment beside a two-column ranking
release	Build and verify public release	2026-10-04T03:09:03.1755131Z   ---
release	Build and verify public release	2026-10-04T03:09:03.1755408Z   duration_ms: 3.1793
release	Build and verify public release	2026-10-04T03:09:03.1755763Z   type: 'test'
release	Build and verify public release	2026-10-04T03:09:03.1756040Z   ...
release	Build and verify public release	2026-10-04T03:09:03.1756698Z # Subtest: overview re-entry keeps its pages for the two minute freshness window
release	Build and verify public release	2026-10-04T03:09:03.1757752Z ok 153 - overview re-entry keeps its pages for the two minute freshness window
release	Build and verify public release	2026-10-04T03:09:03.1758389Z   ---
release	Build and verify public release	2026-10-04T03:09:03.1758693Z   duration_ms: 0.4578
release	Build and verify public release	2026-10-04T03:09:03.1759040Z   type: 'test'
release	Build and verify public release	2026-10-04T03:09:03.1759329Z   ...
release	Build and verify public release	2026-10-04T03:09:03.1760070Z # Subtest: R63 forced overview refresh merges its first page into already loaded pages
release	Build and verify public release	2026-10-04T03:09:03.1761227Z ok 154 - R63 forced overview refresh merges its first page into already loaded pages
release	Build and verify public release	2026-10-04T03:09:03.1761939Z   ---
release	Build and verify public release	2026-10-04T03:09:03.1762240Z   duration_ms: 3.4553
release	Build and verify public release	2026-10-04T03:09:03.1762570Z   type: 'test'
release	Build and verify public release	2026-10-04T03:09:03.1762836Z   ...
release	Build and verify public release	2026-10-04T03:09:03.1763311Z # Subtest: R63 match-tier scope ignores transient tab keys
release	Build and verify public release	2026-10-04T03:09:03.1764007Z ok 155 - R63 match-tier scope ignores transient tab keys
release	Build and verify public release	2026-10-04T03:09:03.1764470Z   ---
release	Build and verify public release	2026-10-04T03:09:03.1764788Z   duration_ms: 0.4292
release	Build and verify public release	2026-10-04T03:09:03.1765138Z   type: 'test'
release	Build and verify public release	2026-10-04T03:09:03.1765418Z   ...
release	Build and verify public release	2026-10-04T03:09:03.1766084Z # Subtest: R61 append uses an independent controller and queues timed revalidation
release	Build and verify public release	2026-10-04T03:09:03.1767164Z ok 156 - R61 append uses an independent controller and queues timed revalidation
release	Build and verify public release	2026-10-04T03:09:03.1767840Z   ---
release	Build and verify public release	2026-10-04T03:09:03.1768152Z   duration_ms: 2.8146
release	Build and verify public release	2026-10-04T03:09:03.1768512Z   type: 'test'
release	Build and verify public release	2026-10-04T03:09:03.1768807Z   ...
release	Build and verify public release	2026-10-04T03:09:03.1769406Z # Subtest: R61 partial and budget-limited pagination stays resumable
release	Build and verify public release	2026-10-04T03:09:03.1770658Z ok 157 - R61 partial and budget-limited pagination stays resumable
release	Build and verify public release	2026-10-04T03:09:03.1771197Z   ---
release	Build and verify public release	2026-10-04T03:09:03.1771479Z   duration_ms: 0.6737
release	Build and verify public release	2026-10-04T03:09:03.1771788Z   type: 'test'
release	Build and verify public release	2026-10-04T03:09:03.1772056Z   ...
release	Build and verify public release	2026-10-04T03:09:03.1772634Z # Subtest: desktop packaging has a static embedded Riot ciphertext gate
release	Build and verify public release	2026-10-04T03:09:03.1773582Z ok 158 - desktop packaging has a static embedded Riot ciphertext gate
release	Build and verify public release	2026-10-04T03:09:03.1774163Z   ---
release	Build and verify public release	2026-10-04T03:09:03.1774462Z   duration_ms: 0.1715
release	Build and verify public release	2026-10-04T03:09:03.1774800Z   type: 'test'
release	Build and verify public release	2026-10-04T03:09:03.1775092Z   ...
release	Build and verify public release	2026-10-04T03:09:03.1775790Z # Subtest: champion detail keeps conditional fourth/fifth items out of core routes
release	Build and verify public release	2026-10-04T03:09:03.1776932Z ok 159 - champion detail keeps conditional fourth/fifth items out of core routes
release	Build and verify public release	2026-10-04T03:09:03.1777614Z   ---
release	Build and verify public release	2026-10-04T03:09:03.1777913Z   duration_ms: 19.9384
release	Build and verify public release	2026-10-04T03:09:03.1778249Z   type: 'test'
release	Build and verify public release	2026-10-04T03:09:03.1778523Z   ...
release	Build and verify public release	2026-10-04T03:09:03.1779161Z # Subtest: mayhem champion detail uses the same five-row core recommendation limit
release	Build and verify public release	2026-10-04T03:09:03.1780212Z ok 160 - mayhem champion detail uses the same five-row core recommendation limit
release	Build and verify public release	2026-10-04T03:09:03.1780863Z   ---
release	Build and verify public release	2026-10-04T03:09:03.1781168Z   duration_ms: 0.9263
release	Build and verify public release	2026-10-04T03:09:03.1781513Z   type: 'test'
release	Build and verify public release	2026-10-04T03:09:03.1781788Z   ...
release	Build and verify public release	2026-10-04T03:09:03.1782403Z # Subtest: hero detail rune workspace renders only the active rune board
release	Build and verify public release	2026-10-04T03:09:03.1783365Z ok 161 - hero detail rune workspace renders only the active rune board
release	Build and verify public release	2026-10-04T03:09:03.1783981Z   ---
release	Build and verify public release	2026-10-04T03:09:03.1784291Z   duration_ms: 1.2479
release	Build and verify public release	2026-10-04T03:09:03.1784893Z   type: 'test'
release	Build and verify public release	2026-10-04T03:09:03.1785166Z   ...
release	Build and verify public release	2026-10-04T03:09:03.1785912Z # Subtest: champion list rerenders preserve the inner table scroll position
release	Build and verify public release	2026-10-04T03:09:03.1786835Z ok 162 - champion list rerenders preserve the inner table scroll position
release	Build and verify public release	2026-10-04T03:09:03.1787434Z   ---
release	Build and verify public release	2026-10-04T03:09:03.1787728Z   duration_ms: 0.7517
release	Build and verify public release	2026-10-04T03:09:03.1788064Z   type: 'test'
release	Build and verify public release	2026-10-04T03:09:03.1788363Z   ...
release	Build and verify public release	2026-10-04T03:09:03.1788996Z # Subtest: ranked, arena, and mayhem champion rows all expose selected state
release	Build and verify public release	2026-10-04T03:09:03.1790457Z ok 163 - ranked, arena, and mayhem champion rows all expose selected state
release	Build and verify public release	2026-10-04T03:09:03.1791085Z   ---
release	Build and verify public release	2026-10-04T03:09:03.1791392Z   duration_ms: 1.0387
release	Build and verify public release	2026-10-04T03:09:03.1791737Z   type: 'test'
release	Build and verify public release	2026-10-04T03:09:03.1792018Z   ...
release	Build and verify public release	2026-10-04T03:09:03.1792733Z # Subtest: R148 Mayhem ranking win rate and detail sample render from insights row
release	Build and verify public release	2026-10-04T03:09:03.1793811Z ok 164 - R148 Mayhem ranking win rate and detail sample render from insights row
release	Build and verify public release	2026-10-04T03:09:03.1794454Z   ---
release	Build and verify public release	2026-10-04T03:09:03.1794742Z   duration_ms: 1.574
release	Build and verify public release	2026-10-04T03:09:03.1795052Z   type: 'test'
release	Build and verify public release	2026-10-04T03:09:03.1795310Z   ...
release	Build and verify public release	2026-10-04T03:09:03.1796026Z # Subtest: match loadout follows the OPGG mode matrix instead of trusting stray augment data
release	Build and verify public release	2026-10-04T03:09:03.1797238Z ok 165 - match loadout follows the OPGG mode matrix instead of trusting stray augment data
release	Build and verify public release	2026-10-04T03:09:03.1797956Z   ---
release	Build and verify public release	2026-10-04T03:09:03.1798262Z   duration_ms: 3.0934
release	Build and verify public release	2026-10-04T03:09:03.1798590Z   type: 'test'
release	Build and verify public release	2026-10-04T03:09:03.1798843Z   ...
release	Build and verify public release	2026-10-04T03:09:03.1799624Z # Subtest: match filters keep ordinary, qualifier, and classic Hextech ARAM mutually exclusive
release	Build and verify public release	2026-10-04T03:09:03.1800880Z ok 166 - match filters keep ordinary, qualifier, and classic Hextech ARAM mutually exclusive
release	Build and verify public release	2026-10-04T03:09:03.1801620Z   ---
release	Build and verify public release	2026-10-04T03:09:03.1801920Z   duration_ms: 3.3494
release	Build and verify public release	2026-10-04T03:09:03.1802268Z   type: 'test'
release	Build and verify public release	2026-10-04T03:09:03.1802569Z   ...
release	Build and verify public release	2026-10-04T03:09:03.1803285Z # Subtest: remade matches use a neutral result instead of win or loss
release	Build and verify public release	2026-10-04T03:09:03.1804199Z ok 167 - remade matches use a neutral result instead of win or loss
release	Build and verify public release	2026-10-04T03:09:03.1804733Z   ---
release	Build and verify public release	2026-10-04T03:09:03.1805019Z   duration_ms: 1.202
release	Build and verify public release	2026-10-04T03:09:03.1805336Z   type: 'test'
release	Build and verify public release	2026-10-04T03:09:03.1805585Z   ...
release	Build and verify public release	2026-10-04T03:09:03.1806314Z # Subtest: live rune matchups occupy the champion strip right side without wrapping their facts
release	Build and verify public release	2026-10-04T03:09:03.1807668Z ok 168 - live rune matchups occupy the champion strip right side without wrapping their facts
release	Build and verify public release	2026-10-04T03:09:03.1808401Z   ---
release	Build and verify public release	2026-10-04T03:09:03.1808715Z   duration_ms: 2.6752
release	Build and verify public release	2026-10-04T03:09:03.1809053Z   type: 'test'
release	Build and verify public release	2026-10-04T03:09:03.1809325Z   ...
release	Build and verify public release	2026-10-04T03:09:03.1809879Z # Subtest: live match statistics keep fixed geometry across modes
release	Build and verify public release	2026-10-04T03:09:03.1811094Z ok 169 - live match statistics keep fixed geometry across modes
release	Build and verify public release	2026-10-04T03:09:03.1811652Z   ---
release	Build and verify public release	2026-10-04T03:09:03.1811974Z   duration_ms: 0.6903
release	Build and verify public release	2026-10-04T03:09:03.1812316Z   type: 'test'
release	Build and verify public release	2026-10-04T03:09:03.1812609Z   ...
release	Build and verify public release	2026-10-04T03:09:03.1813159Z # Subtest: live matchup rows use equal-width three-column grids
release	Build and verify public release	2026-10-04T03:09:03.1813990Z ok 170 - live matchup rows use equal-width three-column grids
release	Build and verify public release	2026-10-04T03:09:03.1814538Z   ---
release	Build and verify public release	2026-10-04T03:09:03.1814856Z   duration_ms: 0.3052
release	Build and verify public release	2026-10-04T03:09:03.1815226Z   type: 'test'
release	Build and verify public release	2026-10-04T03:09:03.1815514Z   ...
release	Build and verify public release	2026-10-04T03:09:03.1816274Z # Subtest: live recommendation capability flags hide unsupported matchup and ban-rate blocks
release	Build and verify public release	2026-10-04T03:09:03.1817458Z ok 171 - live recommendation capability flags hide unsupported matchup and ban-rate blocks
release	Build and verify public release	2026-10-04T03:09:03.1818160Z   ---
release	Build and verify public release	2026-10-04T03:09:03.1818456Z   duration_ms: 3.0837
release	Build and verify public release	2026-10-04T03:09:03.1818793Z   type: 'test'
release	Build and verify public release	2026-10-04T03:09:03.1819071Z   ...
release	Build and verify public release	2026-10-04T03:09:03.1819806Z # Subtest: live skill plan distinguishes primary, secondary, final, and ultimate controls
release	Build and verify public release	2026-10-04T03:09:03.1821280Z ok 172 - live skill plan distinguishes primary, secondary, final, and ultimate controls
release	Build and verify public release	2026-10-04T03:09:03.1823076Z   ---
release	Build and verify public release	2026-10-04T03:09:03.1823379Z   duration_ms: 1.8742
release	Build and verify public release	2026-10-04T03:09:03.1823724Z   type: 'test'
release	Build and verify public release	2026-10-04T03:09:03.1823996Z   ...
release	Build and verify public release	2026-10-04T03:09:03.1824585Z # Subtest: live skill plan keeps four distinct controls on narrow screens
release	Build and verify public release	2026-10-04T03:09:03.1825499Z ok 173 - live skill plan keeps four distinct controls on narrow screens
release	Build and verify public release	2026-10-04T03:09:03.1826111Z   ---
release	Build and verify public release	2026-10-04T03:09:03.1826414Z   duration_ms: 0.8433
release	Build and verify public release	2026-10-04T03:09:03.1826750Z   type: 'test'
release	Build and verify public release	2026-10-04T03:09:03.1826862Z   ...
release	Build and verify public release	2026-10-04T03:09:03.1827440Z # Subtest: live augments group before limiting, retaining the top three of each rarity
release	Build and verify public release	2026-10-04T03:09:03.1827997Z ok 174 - live augments group before limiting, retaining the top three of each rarity
release	Build and verify public release	2026-10-04T03:09:03.1828128Z   ---
release	Build and verify public release	2026-10-04T03:09:03.1828290Z   duration_ms: 5.8055
release	Build and verify public release	2026-10-04T03:09:03.1828434Z   type: 'test'
release	Build and verify public release	2026-10-04T03:09:03.1828587Z   ...
release	Build and verify public release	2026-10-04T03:09:03.1829054Z # Subtest: arena detail augments use the shared three-column option grid
release	Build and verify public release	2026-10-04T03:09:03.1829471Z ok 175 - arena detail augments use the shared three-column option grid
release	Build and verify public release	2026-10-04T03:09:03.1829583Z   ---
release	Build and verify public release	2026-10-04T03:09:03.1829726Z   duration_ms: 0.9223
release	Build and verify public release	2026-10-04T03:09:03.1829860Z   type: 'test'
release	Build and verify public release	2026-10-04T03:09:03.1829958Z   ...
release	Build and verify public release	2026-10-04T03:09:03.1830843Z # Subtest: arena synergy cards show one readable paired champion label
release	Build and verify public release	2026-10-04T03:09:03.1831316Z ok 176 - arena synergy cards show one readable paired champion label
release	Build and verify public release	2026-10-04T03:09:03.1831440Z   ---
release	Build and verify public release	2026-10-04T03:09:03.1831610Z   duration_ms: 0.6244
release	Build and verify public release	2026-10-04T03:09:03.1831769Z   type: 'test'
release	Build and verify public release	2026-10-04T03:09:03.1831892Z   ...
release	Build and verify public release	2026-10-04T03:09:03.1832478Z # Subtest: live rune choices use the keystone title and make the whole card selectable
release	Build and verify public release	2026-10-04T03:09:03.1833013Z ok 177 - live rune choices use the keystone title and make the whole card selectable
release	Build and verify public release	2026-10-04T03:09:03.1833149Z   ---
release	Build and verify public release	2026-10-04T03:09:03.1847995Z   duration_ms: 6.7048
release	Build and verify public release	2026-10-04T03:09:03.1848698Z   type: 'test'
release	Build and verify public release	2026-10-04T03:09:03.1848816Z   ...
release	Build and verify public release	2026-10-04T03:09:03.1849521Z # Subtest: specialist matchups place the colored result dot beside the opponent
release	Build and verify public release	2026-10-04T03:09:03.1850080Z ok 178 - specialist matchups place the colored result dot beside the opponent
release	Build and verify public release	2026-10-04T03:09:03.1850212Z   ---
release	Build and verify public release	2026-10-04T03:09:03.1850387Z   duration_ms: 3.9548
release	Build and verify public release	2026-10-04T03:09:03.1850537Z   type: 'test'
release	Build and verify public release	2026-10-04T03:09:03.1850648Z   ...
release	Build and verify public release	2026-10-04T03:09:03.1851244Z # Subtest: specialist second game selection redraws and applies that game's exact runes
release	Build and verify public release	2026-10-04T03:09:03.1851788Z ok 179 - specialist second game selection redraws and applies that game's exact runes
release	Build and verify public release	2026-10-04T03:09:03.1851903Z   ---
release	Build and verify public release	2026-10-04T03:09:03.1852041Z   duration_ms: 5.5496
release	Build and verify public release	2026-10-04T03:09:03.1852179Z   type: 'test'
release	Build and verify public release	2026-10-04T03:09:03.1852288Z   ...
release	Build and verify public release	2026-10-04T03:09:03.1852933Z # Subtest: specialist opponent lives in the selectable head and the rune content is single-column
release	Build and verify public release	2026-10-04T03:09:03.1853561Z ok 180 - specialist opponent lives in the selectable head and the rune content is single-column
release	Build and verify public release	2026-10-04T03:09:03.1853697Z   ---
release	Build and verify public release	2026-10-04T03:09:03.1853859Z   duration_ms: 1.3228
release	Build and verify public release	2026-10-04T03:09:03.1853993Z   type: 'test'
release	Build and verify public release	2026-10-04T03:09:03.1854106Z   ...
release	Build and verify public release	2026-10-04T03:09:03.1854537Z # Subtest: live rune style icons preserve their 4:5 artwork ratio
release	Build and verify public release	2026-10-04T03:09:03.1854916Z ok 181 - live rune style icons preserve their 4:5 artwork ratio
release	Build and verify public release	2026-10-04T03:09:03.1855035Z   ---
release	Build and verify public release	2026-10-04T03:09:03.1855194Z   duration_ms: 1.8575
release	Build and verify public release	2026-10-04T03:09:03.1855333Z   type: 'test'
release	Build and verify public release	2026-10-04T03:09:03.1855441Z   ...
release	Build and verify public release	2026-10-04T03:09:03.1855997Z # Subtest: arena medium cards keep one-line identities and compact recommendation icons
release	Build and verify public release	2026-10-04T03:09:03.1856523Z ok 182 - arena medium cards keep one-line identities and compact recommendation icons
release	Build and verify public release	2026-10-04T03:09:03.1856631Z   ---
release	Build and verify public release	2026-10-04T03:09:03.1856793Z   duration_ms: 1.1157
release	Build and verify public release	2026-10-04T03:09:03.1857185Z   type: 'test'
release	Build and verify public release	2026-10-04T03:09:03.1857300Z   ...
release	Build and verify public release	2026-10-04T03:09:03.1857921Z # Subtest: mayhem and arena hero strips match the ranked artwork treatment
release	Build and verify public release	2026-10-04T03:09:03.1858372Z ok 183 - mayhem and arena hero strips match the ranked artwork treatment
release	Build and verify public release	2026-10-04T03:09:03.1858497Z   ---
release	Build and verify public release	2026-10-04T03:09:03.1858656Z   duration_ms: 0.9846
release	Build and verify public release	2026-10-04T03:09:03.1858818Z   type: 'test'
release	Build and verify public release	2026-10-04T03:09:03.1858942Z   ...
release	Build and verify public release	2026-10-04T03:09:03.1859428Z # Subtest: build rows keep a fixed 42px icon size and wrap whole depth groups
release	Build and verify public release	2026-10-04T03:09:03.1859881Z ok 184 - build rows keep a fixed 42px icon size and wrap whole depth groups
release	Build and verify public release	2026-10-04T03:09:03.1859997Z   ---
release	Build and verify public release	2026-10-04T03:09:03.1860163Z   duration_ms: 4.7655
release	Build and verify public release	2026-10-04T03:09:03.1860306Z   type: 'test'
release	Build and verify public release	2026-10-04T03:09:03.1860423Z   ...
release	Build and verify public release	2026-10-04T03:09:03.1860830Z # Subtest: session summary uses a generic auto refresh status
release	Build and verify public release	2026-10-04T03:09:03.1861191Z ok 185 - session summary uses a generic auto refresh status
release	Build and verify public release	2026-10-04T03:09:03.1861329Z   ---
release	Build and verify public release	2026-10-04T03:09:03.1861499Z   duration_ms: 1.1457
release	Build and verify public release	2026-10-04T03:09:03.1861643Z   type: 'test'
release	Build and verify public release	2026-10-04T03:09:03.1861765Z   ...
release	Build and verify public release	2026-10-04T03:09:03.1862445Z # Subtest: live page defaults to a 3 second refresh and resets recommendations to runes on re-entry
release	Build and verify public release	2026-10-04T03:09:03.1863712Z ok 186 - live page defaults to a 3 second refresh and resets recommendations to runes on re-entry
release	Build and verify public release	2026-10-04T03:09:03.1863875Z   ---
release	Build and verify public release	2026-10-04T03:09:03.1864072Z   duration_ms: 1.2569
release	Build and verify public release	2026-10-04T03:09:03.1864235Z   type: 'test'
release	Build and verify public release	2026-10-04T03:09:03.1866118Z   ...
release	Build and verify public release	2026-10-04T03:09:03.1866748Z # Subtest: live beacon reacts to active phase changes and has a one second fallback
release	Build and verify public release	2026-10-04T03:09:03.1867298Z ok 187 - live beacon reacts to active phase changes and has a one second fallback
release	Build and verify public release	2026-10-04T03:09:03.1867425Z   ---
release	Build and verify public release	2026-10-04T03:09:03.1867587Z   duration_ms: 3.0127
release	Build and verify public release	2026-10-04T03:09:03.1867735Z   type: 'test'
release	Build and verify public release	2026-10-04T03:09:03.1867853Z   ...
release	Build and verify public release	2026-10-04T03:09:03.1868217Z # Subtest: R46 live refresh delays follow the game phase
release	Build and verify public release	2026-10-04T03:09:03.1868845Z ok 188 - R46 live refresh delays follow the game phase
release	Build and verify public release	2026-10-04T03:09:03.1868980Z   ---
release	Build and verify public release	2026-10-04T03:09:03.1869150Z   duration_ms: 0.4414
release	Build and verify public release	2026-10-04T03:09:03.1869291Z   type: 'test'
release	Build and verify public release	2026-10-04T03:09:03.1869407Z   ...
release	Build and verify public release	2026-10-04T03:09:03.1869860Z # Subtest: R46 TFT live sessions render one explicit unsupported state
release	Build and verify public release	2026-10-04T03:09:03.1870262Z ok 189 - R46 TFT live sessions render one explicit unsupported state
release	Build and verify public release	2026-10-04T03:09:03.1870383Z   ---
release	Build and verify public release	2026-10-04T03:09:03.1870545Z   duration_ms: 1.9076
release	Build and verify public release	2026-10-04T03:09:03.1870684Z   type: 'test'
release	Build and verify public release	2026-10-04T03:09:03.1870803Z   ...
release	Build and verify public release	2026-10-04T03:09:03.1871377Z # Subtest: R47 Arena live insights use one honest roster with phase-specific context
release	Build and verify public release	2026-10-04T03:09:03.1871894Z ok 190 - R47 Arena live insights use one honest roster with phase-specific context
release	Build and verify public release	2026-10-04T03:09:03.1872018Z   ---
release	Build and verify public release	2026-10-04T03:09:03.1872192Z   duration_ms: 5.4902
release	Build and verify public release	2026-10-04T03:09:03.1872360Z   type: 'test'
release	Build and verify public release	2026-10-04T03:09:03.1872491Z   ...
release	Build and verify public release	2026-10-04T03:09:03.1873209Z # Subtest: R58 Arena live playerlist groups six teams and malformed shapes fall back to one roster
release	Build and verify public release	2026-10-04T03:09:03.1873856Z ok 191 - R58 Arena live playerlist groups six teams and malformed shapes fall back to one roster
release	Build and verify public release	2026-10-04T03:09:03.1873989Z   ---
release	Build and verify public release	2026-10-04T03:09:03.1874139Z   duration_ms: 6.7732
release	Build and verify public release	2026-10-04T03:09:03.1874275Z   type: 'test'
release	Build and verify public release	2026-10-04T03:09:03.1874381Z   ...
release	Build and verify public release	2026-10-04T03:09:03.1875060Z # Subtest: R49 Arena player cards use the current champion fallback, hide lane copy, and put self first
release	Build and verify public release	2026-10-04T03:09:03.1875697Z ok 192 - R49 Arena player cards use the current champion fallback, hide lane copy, and put self first
release	Build and verify public release	2026-10-04T03:09:03.1875816Z   ---
release	Build and verify public release	2026-10-04T03:09:03.1875981Z   duration_ms: 78.4347
release	Build and verify public release	2026-10-04T03:09:03.1876114Z   type: 'test'
release	Build and verify public release	2026-10-04T03:09:03.1876228Z   ...
release	Build and verify public release	2026-10-04T03:09:03.1876784Z # Subtest: R66 live premade hints cluster players and render a rich, fail-closed tag
release	Build and verify public release	2026-10-04T03:09:03.1877543Z ok 193 - R66 live premade hints cluster players and render a rich, fail-closed tag
release	Build and verify public release	2026-10-04T03:09:03.1877783Z   ---
release	Build and verify public release	2026-10-04T03:09:03.1877944Z   duration_ms: 2.5717
release	Build and verify public release	2026-10-04T03:09:03.1878093Z   type: 'test'
release	Build and verify public release	2026-10-04T03:09:03.1878209Z   ...
release	Build and verify public release	2026-10-04T03:09:03.1878696Z # Subtest: R66 premade backend guards reject cache and inference mutations
release	Build and verify public release	2026-10-04T03:09:03.1879159Z ok 194 - R66 premade backend guards reject cache and inference mutations
release	Build and verify public release	2026-10-04T03:09:03.1879288Z   ---
release	Build and verify public release	2026-10-04T03:09:03.1879439Z   duration_ms: 9.4428
release	Build and verify public release	2026-10-04T03:09:03.1879576Z   type: 'test'
release	Build and verify public release	2026-10-04T03:09:03.1879682Z   ...
release	Build and verify public release	2026-10-04T03:09:03.1880160Z # Subtest: Arena random champion IDs use the official unselected champion icon
release	Build and verify public release	2026-10-04T03:09:03.1880631Z ok 195 - Arena random champion IDs use the official unselected champion icon
release	Build and verify public release	2026-10-04T03:09:03.1880749Z   ---
release	Build and verify public release	2026-10-04T03:09:03.1880889Z   duration_ms: 3.735
release	Build and verify public release	2026-10-04T03:09:03.1881021Z   type: 'test'
release	Build and verify public release	2026-10-04T03:09:03.1881143Z   ...
release	Build and verify public release	2026-10-04T03:09:03.1881734Z # Subtest: R56 recommendation loading is centered by its overlay without viewport overflow
release	Build and verify public release	2026-10-04T03:09:03.1882282Z ok 196 - R56 recommendation loading is centered by its overlay without viewport overflow
release	Build and verify public release	2026-10-04T03:09:03.1882406Z   ---
release	Build and verify public release	2026-10-04T03:09:03.1882578Z   duration_ms: 1.1742
release	Build and verify public release	2026-10-04T03:09:03.1882717Z   type: 'test'
release	Build and verify public release	2026-10-04T03:09:03.1882833Z   ...
release	Build and verify public release	2026-10-04T03:09:03.1883496Z # Subtest: R56 missing recommendation metrics remove the whole metric item and empty wrappers
release	Build and verify public release	2026-10-04T03:09:03.1884149Z ok 197 - R56 missing recommendation metrics remove the whole metric item and empty wrappers
release	Build and verify public release	2026-10-04T03:09:03.1884273Z   ---
release	Build and verify public release	2026-10-04T03:09:03.1884447Z   duration_ms: 6.5313
release	Build and verify public release	2026-10-04T03:09:03.1884596Z   type: 'test'
release	Build and verify public release	2026-10-04T03:09:03.1884705Z   ...
release	Build and verify public release	2026-10-04T03:09:03.1885344Z # Subtest: player header retains region and uses friend presence without CN spectator probes
release	Build and verify public release	2026-10-04T03:09:03.1885925Z ok 198 - player header retains region and uses friend presence without CN spectator probes
release	Build and verify public release	2026-10-04T03:09:03.1886060Z   ---
release	Build and verify public release	2026-10-04T03:09:03.1886205Z   duration_ms: 1.1153
release	Build and verify public release	2026-10-04T03:09:03.1886339Z   type: 'test'
release	Build and verify public release	2026-10-04T03:09:03.1886441Z   ...
release	Build and verify public release	2026-10-04T03:09:03.1886969Z # Subtest: R46 restores only a persisted champion ID and clears unavailable selections
release	Build and verify public release	2026-10-04T03:09:03.1887493Z ok 199 - R46 restores only a persisted champion ID and clears unavailable selections
release	Build and verify public release	2026-10-04T03:09:03.1887606Z   ---
release	Build and verify public release	2026-10-04T03:09:03.1887758Z   duration_ms: 5.7734
release	Build and verify public release	2026-10-04T03:09:03.1887899Z   type: 'test'
release	Build and verify public release	2026-10-04T03:09:03.1888015Z   ...
release	Build and verify public release	2026-10-04T03:09:03.1888512Z # Subtest: R61 champion re-entry renders persisted detail on the first frame
release	Build and verify public release	2026-10-04T03:09:03.1889357Z ok 200 - R61 champion re-entry renders persisted detail on the first frame
release	Build and verify public release	2026-10-04T03:09:03.1889485Z   ---
release	Build and verify public release	2026-10-04T03:09:03.1889646Z   duration_ms: 13.8838
release	Build and verify public release	2026-10-04T03:09:03.1889779Z   type: 'test'
release	Build and verify public release	2026-10-04T03:09:03.1889893Z   ...
release	Build and verify public release	2026-10-04T03:09:04.0706478Z # Subtest: R61 stale rankings re-entry runs loadWorkspace(true) without flashing the list
release	Build and verify public release	2026-10-04T03:09:04.0708029Z ok 201 - R61 stale rankings re-entry runs loadWorkspace(true) without flashing the list
release	Build and verify public release	2026-10-04T03:09:04.0709043Z   ---
release	Build and verify public release	2026-10-04T03:09:04.0709538Z   duration_ms: 243.4665
release	Build and verify public release	2026-10-04T03:09:04.0766468Z   type: 'test'
release	Build and verify public release	2026-10-04T03:09:04.0792068Z   ...
release	Build and verify public release	2026-10-04T03:09:04.0814311Z # Subtest: R61 detail cache survives leaving and prevents a second detail request
release	Build and verify public release	2026-10-04T03:09:04.0816204Z ok 202 - R61 detail cache survives leaving and prevents a second detail request
release	Build and verify public release	2026-10-04T03:09:04.0829213Z   ---
release	Build and verify public release	2026-10-04T03:09:04.0858488Z   duration_ms: 2.1055
release	Build and verify public release	2026-10-04T03:09:04.0859070Z   type: 'test'
release	Build and verify public release	2026-10-04T03:09:04.0859510Z   ...
release	Build and verify public release	2026-10-04T03:09:04.0860322Z # Subtest: same champion route click overrides the previous detail position
release	Build and verify public release	2026-10-04T03:09:04.0861598Z ok 203 - same champion route click overrides the previous detail position
release	Build and verify public release	2026-10-04T03:09:04.0862955Z   ---
release	Build and verify public release	2026-10-04T03:09:04.0863465Z   duration_ms: 1.698
release	Build and verify public release	2026-10-04T03:09:04.0864374Z   type: 'test'
release	Build and verify public release	2026-10-04T03:09:04.0864838Z   ...
release	Build and verify public release	2026-10-04T03:09:04.0865809Z # Subtest: item route limit follows the active bottom or adc detail before the selected row
release	Build and verify public release	2026-10-04T03:09:04.0867225Z ok 204 - item route limit follows the active bottom or adc detail before the selected row
release	Build and verify public release	2026-10-04T03:09:04.0867997Z   ---
release	Build and verify public release	2026-10-04T03:09:04.0868374Z   duration_ms: 0.991
release	Build and verify public release	2026-10-04T03:09:04.0868785Z   type: 'test'
release	Build and verify public release	2026-10-04T03:09:04.0869179Z   ...
release	Build and verify public release	2026-10-04T03:09:04.0870025Z # Subtest: R61 detail tier persists and keeps the refreshed rankings cache fresh
release	Build and verify public release	2026-10-04T03:09:04.0871243Z ok 205 - R61 detail tier persists and keeps the refreshed rankings cache fresh
release	Build and verify public release	2026-10-04T03:09:04.0872066Z   ---
release	Build and verify public release	2026-10-04T03:09:04.0872911Z   duration_ms: 1.1574
release	Build and verify public release	2026-10-04T03:09:04.0873441Z   type: 'test'
release	Build and verify public release	2026-10-04T03:09:04.0873907Z   ...
release	Build and verify public release	2026-10-04T03:09:04.0874849Z # Subtest: R70 section event runs after synchronous panel activation without snapshot delay
release	Build and verify public release	2026-10-04T03:09:04.0876339Z ok 206 - R70 section event runs after synchronous panel activation without snapshot delay
release	Build and verify public release	2026-10-04T03:09:04.0877283Z   ---
release	Build and verify public release	2026-10-04T03:09:04.0877733Z   duration_ms: 0.3334
release	Build and verify public release	2026-10-04T03:09:04.0878235Z   type: 'test'
release	Build and verify public release	2026-10-04T03:09:04.0878680Z   ...
release	Build and verify public release	2026-10-04T03:09:04.0879604Z # Subtest: R47 ranked detail recovers to the list when champion metadata is unavailable
release	Build and verify public release	2026-10-04T03:09:04.0880984Z ok 207 - R47 ranked detail recovers to the list when champion metadata is unavailable
release	Build and verify public release	2026-10-04T03:09:04.0881868Z   ---
release	Build and verify public release	2026-10-04T03:09:04.0882346Z   duration_ms: 1.1068
release	Build and verify public release	2026-10-04T03:09:04.0882864Z   type: 'test'
release	Build and verify public release	2026-10-04T03:09:04.0883304Z   ...
release	Build and verify public release	2026-10-04T03:09:04.0884181Z # Subtest: champion detail core routes hide pick rate and retain win rate with games
release	Build and verify public release	2026-10-04T03:09:04.0885506Z ok 208 - champion detail core routes hide pick rate and retain win rate with games
release	Build and verify public release	2026-10-04T03:09:04.0886372Z   ---
release	Build and verify public release	2026-10-04T03:09:04.0886847Z   duration_ms: 0.9396
release	Build and verify public release	2026-10-04T03:09:04.0887345Z   type: 'test'
release	Build and verify public release	2026-10-04T03:09:04.0887744Z   ...
release	Build and verify public release	2026-10-04T03:09:04.0888448Z # Subtest: R63 keeps the OP.GG source only in the build header
release	Build and verify public release	2026-10-04T03:09:04.0889473Z ok 209 - R63 keeps the OP.GG source only in the build header
release	Build and verify public release	2026-10-04T03:09:04.0890194Z   ---
release	Build and verify public release	2026-10-04T03:09:04.0890686Z   duration_ms: 1.1497
release	Build and verify public release	2026-10-04T03:09:04.0891176Z   type: 'test'
release	Build and verify public release	2026-10-04T03:09:04.0891615Z   ...
release	Build and verify public release	2026-10-04T03:09:04.0892811Z # Subtest: QQ101 item depths disclose unavailable samples and flag extreme rates
release	Build and verify public release	2026-10-04T03:09:04.0894132Z ok 210 - QQ101 item depths disclose unavailable samples and flag extreme rates
release	Build and verify public release	2026-10-04T03:09:04.0895010Z   ---
release	Build and verify public release	2026-10-04T03:09:04.0895480Z   duration_ms: 0.8092
release	Build and verify public release	2026-10-04T03:09:04.0895996Z   type: 'test'
release	Build and verify public release	2026-10-04T03:09:04.0896442Z   ...
release	Build and verify public release	2026-10-04T03:09:04.0897263Z # Subtest: R189 nonblank fallback loot remains visible without a pending hint
release	Build and verify public release	2026-10-04T03:09:04.0898516Z ok 211 - R189 nonblank fallback loot remains visible without a pending hint
release	Build and verify public release	2026-10-04T03:09:04.0899360Z   ---
release	Build and verify public release	2026-10-04T03:09:04.0899843Z   duration_ms: 2.1692
release	Build and verify public release	2026-10-04T03:09:04.0900336Z   type: 'test'
release	Build and verify public release	2026-10-04T03:09:04.0900779Z   ...
release	Build and verify public release	2026-10-04T03:09:04.0901726Z # Subtest: 0924 blank LCU loot record: hinted while retries run, plain and typeless once settled
release	Build and verify public release	2026-10-04T03:09:04.0903636Z ok 212 - 0924 blank LCU loot record: hinted while retries run, plain and typeless once settled
release	Build and verify public release	2026-10-04T03:09:04.0904600Z   ---
release	Build and verify public release	2026-10-04T03:09:04.0905053Z   duration_ms: 1.8011
release	Build and verify public release	2026-10-04T03:09:04.0905547Z   type: 'test'
release	Build and verify public release	2026-10-04T03:09:04.0905953Z   ...
release	Build and verify public release	2026-10-04T03:09:04.0906881Z # Subtest: 0924 the account page does not show the blank LCU placeholder record or its notice
release	Build and verify public release	2026-10-04T03:09:04.0908631Z ok 213 - 0924 the account page does not show the blank LCU placeholder record or its notice
release	Build and verify public release	2026-10-04T03:09:04.0909639Z   ---
release	Build and verify public release	2026-10-04T03:09:04.0910131Z   duration_ms: 4.5847
release	Build and verify public release	2026-10-04T03:09:04.0910658Z   type: 'test'
release	Build and verify public release	2026-10-04T03:09:04.0911435Z   ...
release	Build and verify public release	2026-10-04T03:09:04.0912241Z # Subtest: 0912 named ward, icon and legacy loot render their resolved names
release	Build and verify public release	2026-10-04T03:09:04.0913826Z ok 214 - 0912 named ward, icon and legacy loot render their resolved names
release	Build and verify public release	2026-10-04T03:09:04.0914640Z   ---
release	Build and verify public release	2026-10-04T03:09:04.0915097Z   duration_ms: 2.6319
release	Build and verify public release	2026-10-04T03:09:04.0915615Z   type: 'test'
release	Build and verify public release	2026-10-04T03:09:04.0916055Z   ...
release	Build and verify public release	2026-10-04T03:09:04.0916951Z # Subtest: R61 account renderer directly retains unnamed loot and kills the old filter
release	Build and verify public release	2026-10-04T03:09:04.0918353Z ok 215 - R61 account renderer directly retains unnamed loot and kills the old filter
release	Build and verify public release	2026-10-04T03:09:04.0919257Z   ---
release	Build and verify public release	2026-10-04T03:09:04.0919707Z   duration_ms: 3.2057
release	Build and verify public release	2026-10-04T03:09:04.0920228Z   type: 'test'
release	Build and verify public release	2026-10-04T03:09:04.0920643Z   ...
release	Build and verify public release	2026-10-04T03:09:04.0921512Z # Subtest: R61 every mandatory contract rejects its documented production mutation
release	Build and verify public release	2026-10-04T03:09:04.0922861Z ok 216 - R61 every mandatory contract rejects its documented production mutation
release	Build and verify public release	2026-10-04T03:09:04.0923717Z   ---
release	Build and verify public release	2026-10-04T03:09:04.0924106Z   duration_ms: 85.5724
release	Build and verify public release	2026-10-04T03:09:04.0925858Z   type: 'test'
release	Build and verify public release	2026-10-04T03:09:04.0934416Z   ...
release	Build and verify public release	2026-10-04T03:09:04.0935328Z # Subtest: R63 mandatory contracts reject every documented production regression
release	Build and verify public release	2026-10-04T03:09:04.0936597Z ok 217 - R63 mandatory contracts reject every documented production regression
release	Build and verify public release	2026-10-04T03:09:04.0937441Z   ---
release	Build and verify public release	2026-10-04T03:09:04.0937869Z   duration_ms: 43.227
release	Build and verify public release	2026-10-04T03:09:04.0938332Z   type: 'test'
release	Build and verify public release	2026-10-04T03:09:04.0938717Z   ...
release	Build and verify public release	2026-10-04T03:09:04.0939569Z # Subtest: live rune secondary style row stays aligned beneath the primary keystone row
release	Build and verify public release	2026-10-04T03:09:04.0940884Z ok 218 - live rune secondary style row stays aligned beneath the primary keystone row
release	Build and verify public release	2026-10-04T03:09:04.0941701Z   ---
release	Build and verify public release	2026-10-04T03:09:04.0942111Z   duration_ms: 0.9215
release	Build and verify public release	2026-10-04T03:09:04.0942551Z   type: 'test'
release	Build and verify public release	2026-10-04T03:09:04.0942898Z   ...
release	Build and verify public release	2026-10-04T03:09:04.0943767Z # Subtest: R16 build, rune, skill, and Korean overview guards preserve the corrected contracts
release	Build and verify public release	2026-10-04T03:09:04.0945252Z ok 219 - R16 build, rune, skill, and Korean overview guards preserve the corrected contracts
release	Build and verify public release	2026-10-04T03:09:04.0946188Z   ---
release	Build and verify public release	2026-10-04T03:09:04.0946671Z   duration_ms: 2.7181
release	Build and verify public release	2026-10-04T03:09:04.0947162Z   type: 'test'
release	Build and verify public release	2026-10-04T03:09:04.0947603Z   ...
release	Build and verify public release	2026-10-04T03:09:04.0948788Z # Subtest: R16 addendum guards reject every documented regression on true copies
release	Build and verify public release	2026-10-04T03:09:04.0950126Z ok 220 - R16 addendum guards reject every documented regression on true copies
release	Build and verify public release	2026-10-04T03:09:04.0950967Z   ---
release	Build and verify public release	2026-10-04T03:09:04.0951528Z   duration_ms: 317.2879
release	Build and verify public release	2026-10-04T03:09:04.0952055Z   type: 'test'
release	Build and verify public release	2026-10-04T03:09:04.0952494Z   ...
release	Build and verify public release	2026-10-04T03:09:04.0972750Z # Subtest: R45 contracts cover desktop Arena geometry, build layout, and cell identity wiring
release	Build and verify public release	2026-10-04T03:09:04.0974346Z ok 221 - R45 contracts cover desktop Arena geometry, build layout, and cell identity wiring
release	Build and verify public release	2026-10-04T03:09:04.0975347Z   ---
release	Build and verify public release	2026-10-04T03:09:04.0975814Z   duration_ms: 1.7123
release	Build and verify public release	2026-10-04T03:09:04.0976314Z   type: 'test'
release	Build and verify public release	2026-10-04T03:09:04.0976783Z   ...
release	Build and verify public release	2026-10-04T03:09:04.0977605Z # Subtest: R45 mutation probes reject every documented A, B, and C regression
release	Build and verify public release	2026-10-04T03:09:04.0978829Z ok 222 - R45 mutation probes reject every documented A, B, and C regression
release	Build and verify public release	2026-10-04T03:09:04.0979659Z   ---
release	Build and verify public release	2026-10-04T03:09:04.0980124Z   duration_ms: 8.9248
release	Build and verify public release	2026-10-04T03:09:04.0980650Z   type: 'test'
release	Build and verify public release	2026-10-04T03:09:04.0981101Z   ...
release	Build and verify public release	2026-10-04T03:09:04.0982012Z # Subtest: R46 contracts cover cache eviction, parsing, beacon, refresh, and TFT handling
release	Build and verify public release	2026-10-04T03:09:04.0983418Z ok 223 - R46 contracts cover cache eviction, parsing, beacon, refresh, and TFT handling
release	Build and verify public release	2026-10-04T03:09:04.0984317Z   ---
release	Build and verify public release	2026-10-04T03:09:04.0984798Z   duration_ms: 1.0749
release	Build and verify public release	2026-10-04T03:09:04.0985297Z   type: 'test'
release	Build and verify public release	2026-10-04T03:09:04.0985740Z   ...
release	Build and verify public release	2026-10-04T03:09:04.0986488Z # Subtest: R46 mutation probes reject all six required regressions
release	Build and verify public release	2026-10-04T03:09:04.0987883Z ok 224 - R46 mutation probes reject all six required regressions
release	Build and verify public release	2026-10-04T03:09:04.0989332Z   ---
release	Build and verify public release	2026-10-04T03:09:04.0989792Z   duration_ms: 7.313
release	Build and verify public release	2026-10-04T03:09:04.0990283Z   type: 'test'
release	Build and verify public release	2026-10-04T03:09:04.0990828Z   ...
release	Build and verify public release	2026-10-04T03:09:04.0991717Z # Subtest: R47 contracts cover Arena champ-select filtering and the single-roster layout
release	Build and verify public release	2026-10-04T03:09:04.0993098Z ok 225 - R47 contracts cover Arena champ-select filtering and the single-roster layout
release	Build and verify public release	2026-10-04T03:09:04.0994004Z   ---
release	Build and verify public release	2026-10-04T03:09:04.0994465Z   duration_ms: 2.0628
release	Build and verify public release	2026-10-04T03:09:04.0994946Z   type: 'test'
release	Build and verify public release	2026-10-04T03:09:04.0995359Z   ...
release	Build and verify public release	2026-10-04T03:09:04.0996199Z # Subtest: R47 A-group mutation probes reject mode and single-roster regressions
release	Build and verify public release	2026-10-04T03:09:04.0997492Z ok 226 - R47 A-group mutation probes reject mode and single-roster regressions
release	Build and verify public release	2026-10-04T03:09:04.0998294Z   ---
release	Build and verify public release	2026-10-04T03:09:04.0998730Z   duration_ms: 5.0403
release	Build and verify public release	2026-10-04T03:09:04.0999190Z   type: 'test'
release	Build and verify public release	2026-10-04T03:09:04.0999601Z   ...
release	Build and verify public release	2026-10-04T03:09:04.1000352Z # Subtest: R49 all seven required mutation probes fail on true copied files
release	Build and verify public release	2026-10-04T03:09:04.1001461Z ok 227 - R49 all seven required mutation probes fail on true copied files
release	Build and verify public release	2026-10-04T03:09:04.1002221Z   ---
release	Build and verify public release	2026-10-04T03:09:04.1002695Z   duration_ms: 86.337
release	Build and verify public release	2026-10-04T03:09:04.1009968Z   type: 'test'
release	Build and verify public release	2026-10-04T03:09:04.1010418Z   ...
release	Build and verify public release	2026-10-04T03:09:04.1011298Z # Subtest: R47 addendum scopes recommendation breakpoints to its inline-size container
release	Build and verify public release	2026-10-04T03:09:04.1012722Z ok 228 - R47 addendum scopes recommendation breakpoints to its inline-size container
release	Build and verify public release	2026-10-04T03:09:04.1013615Z   ---
release	Build and verify public release	2026-10-04T03:09:04.1014067Z   duration_ms: 1.3718
release	Build and verify public release	2026-10-04T03:09:04.1014578Z   type: 'test'
release	Build and verify public release	2026-10-04T03:09:04.1015023Z   ...
release	Build and verify public release	2026-10-04T03:09:04.1015781Z # Subtest: R47 addendum mutation probes reject media-query regressions
release	Build and verify public release	2026-10-04T03:09:04.1016950Z ok 229 - R47 addendum mutation probes reject media-query regressions
release	Build and verify public release	2026-10-04T03:09:04.1017728Z   ---
release	Build and verify public release	2026-10-04T03:09:04.1018192Z   duration_ms: 1.8547
release	Build and verify public release	2026-10-04T03:09:04.1018717Z   type: 'test'
release	Build and verify public release	2026-10-04T03:09:04.1019141Z   ...
release	Build and verify public release	2026-10-04T03:09:04.1019865Z # Subtest: R45 item-set branding uses DL in demo and LCU metadata
release	Build and verify public release	2026-10-04T03:09:04.1020884Z ok 230 - R45 item-set branding uses DL in demo and LCU metadata
release	Build and verify public release	2026-10-04T03:09:04.1021631Z   ---
release	Build and verify public release	2026-10-04T03:09:04.1022091Z   duration_ms: 0.5935
release	Build and verify public release	2026-10-04T03:09:04.1022586Z   type: 'test'
release	Build and verify public release	2026-10-04T03:09:04.1023004Z   ...
release	Build and verify public release	2026-10-04T03:09:04.1023947Z # Subtest: R71 item-set action uses game recommendations without verbose manual-cleanup notes
release	Build and verify public release	2026-10-04T03:09:04.1025411Z ok 231 - R71 item-set action uses game recommendations without verbose manual-cleanup notes
release	Build and verify public release	2026-10-04T03:09:04.1026338Z   ---
release	Build and verify public release	2026-10-04T03:09:04.1026889Z   duration_ms: 1.039
release	Build and verify public release	2026-10-04T03:09:04.1027400Z   type: 'test'
release	Build and verify public release	2026-10-04T03:09:04.1027812Z   ...
release	Build and verify public release	2026-10-04T03:09:04.1029005Z # Subtest: R58 mutation probes reject stale-roster and Arena fallback regressions
release	Build and verify public release	2026-10-04T03:09:04.1030215Z ok 232 - R58 mutation probes reject stale-roster and Arena fallback regressions
release	Build and verify public release	2026-10-04T03:09:04.1031098Z   ---
release	Build and verify public release	2026-10-04T03:09:04.1031569Z   duration_ms: 3.9669
release	Build and verify public release	2026-10-04T03:09:04.1032078Z   type: 'test'
release	Build and verify public release	2026-10-04T03:09:04.1032505Z   ...
release	Build and verify public release	2026-10-04T03:09:04.1033254Z # Subtest: the duplicated 30-day ranked card is gone from every layer
release	Build and verify public release	2026-10-04T03:09:04.1034347Z ok 233 - the duplicated 30-day ranked card is gone from every layer
release	Build and verify public release	2026-10-04T03:09:04.1035085Z   ---
release	Build and verify public release	2026-10-04T03:09:04.1035551Z   duration_ms: 1.3272
release	Build and verify public release	2026-10-04T03:09:04.1036095Z   type: 'test'
release	Build and verify public release	2026-10-04T03:09:04.1036518Z   ...
release	Build and verify public release	2026-10-04T03:09:04.1037246Z # Subtest: ranked queue switchers drop the redundant text label
release	Build and verify public release	2026-10-04T03:09:04.1038286Z ok 234 - ranked queue switchers drop the redundant text label
release	Build and verify public release	2026-10-04T03:09:04.1038970Z   ---
release	Build and verify public release	2026-10-04T03:09:04.1039400Z   duration_ms: 1.9237
release	Build and verify public release	2026-10-04T03:09:04.1039903Z   type: 'test'
release	Build and verify public release	2026-10-04T03:09:04.1040339Z   ...
release	Build and verify public release	2026-10-04T03:09:04.1041489Z # Subtest: specialist rune client skips are observable and stale cooldowns recover
release	Build and verify public release	2026-10-04T03:09:04.1043049Z ok 235 - specialist rune client skips are observable and stale cooldowns recover
release	Build and verify public release	2026-10-04T03:09:04.1043948Z   ---
release	Build and verify public release	2026-10-04T03:09:04.1044428Z   duration_ms: 2.7375
release	Build and verify public release	2026-10-04T03:09:04.1044954Z   type: 'test'
release	Build and verify public release	2026-10-04T03:09:04.1045381Z   ...
release	Build and verify public release	2026-10-04T03:09:04.1046333Z # Subtest: specialist upstream failures remain retryable and are never cached as empty samples
release	Build and verify public release	2026-10-04T03:09:04.1047918Z ok 236 - specialist upstream failures remain retryable and are never cached as empty samples
release	Build and verify public release	2026-10-04T03:09:04.1049330Z   ---
release	Build and verify public release	2026-10-04T03:09:04.1049823Z   duration_ms: 1.7343
release	Build and verify public release	2026-10-04T03:09:04.1050346Z   type: 'test'
release	Build and verify public release	2026-10-04T03:09:04.1050776Z   ...
release	Build and verify public release	2026-10-04T03:09:04.1051613Z # Subtest: specialist retryable outcomes have accurate copy and a retry control
release	Build and verify public release	2026-10-04T03:09:04.1052896Z ok 237 - specialist retryable outcomes have accurate copy and a retry control
release	Build and verify public release	2026-10-04T03:09:04.1053791Z   ---
release	Build and verify public release	2026-10-04T03:09:04.1054231Z   duration_ms: 3.9176
release	Build and verify public release	2026-10-04T03:09:04.1054707Z   type: 'test'
release	Build and verify public release	2026-10-04T03:09:04.1055106Z   ...
release	Build and verify public release	2026-10-04T03:09:04.1055916Z # Subtest: queues without top-player data keep an explicit specialist empty state
release	Build and verify public release	2026-10-04T03:09:04.1057241Z ok 238 - queues without top-player data keep an explicit specialist empty state
release	Build and verify public release	2026-10-04T03:09:04.1058091Z   ---
release	Build and verify public release	2026-10-04T03:09:04.1058544Z   duration_ms: 2.6534
release	Build and verify public release	2026-10-04T03:09:04.1059056Z   type: 'test'
release	Build and verify public release	2026-10-04T03:09:04.1059497Z   ...
release	Build and verify public release	2026-10-04T03:09:04.1060421Z # Subtest: collection status wording is timeless and promotion chests use dedicated artwork
release	Build and verify public release	2026-10-04T03:09:04.1061920Z ok 239 - collection status wording is timeless and promotion chests use dedicated artwork
release	Build and verify public release	2026-10-04T03:09:04.1062883Z   ---
release	Build and verify public release	2026-10-04T03:09:04.1063353Z   duration_ms: 1.048
release	Build and verify public release	2026-10-04T03:09:04.1063856Z   type: 'test'
release	Build and verify public release	2026-10-04T03:09:04.1064284Z   ...
release	Build and verify public release	2026-10-04T03:09:04.1065183Z # Subtest: returning to a section restores its scroll position past the loading skeleton
release	Build and verify public release	2026-10-04T03:09:04.1067288Z ok 240 - returning to a section restores its scroll position past the loading skeleton
release	Build and verify public release	2026-10-04T03:09:04.1068269Z   ---
release	Build and verify public release	2026-10-04T03:09:04.1068741Z   duration_ms: 0.4586
release	Build and verify public release	2026-10-04T03:09:04.1069406Z   type: 'test'
release	Build and verify public release	2026-10-04T03:09:04.1069865Z   ...
release	Build and verify public release	2026-10-04T03:09:04.1070881Z # Subtest: captured Arena equipment matches YOUR.GG preview order and expands to every source item
release	Build and verify public release	2026-10-04T03:09:04.1072463Z ok 241 - captured Arena equipment matches YOUR.GG preview order and expands to every source item
release	Build and verify public release	2026-10-04T03:09:04.1073477Z   ---
release	Build and verify public release	2026-10-04T03:09:04.1073949Z   duration_ms: 366.6572
release	Build and verify public release	2026-10-04T03:09:04.1074479Z   type: 'test'
release	Build and verify public release	2026-10-04T03:09:04.1074909Z   ...
release	Build and verify public release	2026-10-04T03:09:04.1075856Z # Subtest: Arena equipment sorting retains low samples, missing metadata and ungraded items
release	Build and verify public release	2026-10-04T03:09:04.1077341Z ok 242 - Arena equipment sorting retains low samples, missing metadata and ungraded items
release	Build and verify public release	2026-10-04T03:09:04.1078331Z   ---
release	Build and verify public release	2026-10-04T03:09:04.1078805Z   duration_ms: 0.7465
release	Build and verify public release	2026-10-04T03:09:04.1079338Z   type: 'test'
release	Build and verify public release	2026-10-04T03:09:04.1079751Z   ...
release	Build and verify public release	2026-10-04T03:09:04.1080774Z # Subtest: R86 champion index preserves numeric/first-match/key semantics and invalidates catalogs
release	Build and verify public release	2026-10-04T03:09:04.1082344Z ok 243 - R86 champion index preserves numeric/first-match/key semantics and invalidates catalogs
release	Build and verify public release	2026-10-04T03:09:04.1083359Z   ---
release	Build and verify public release	2026-10-04T03:09:04.1083837Z   duration_ms: 1.2145
release	Build and verify public release	2026-10-04T03:09:04.1084369Z   type: 'test'
release	Build and verify public release	2026-10-04T03:09:04.1084777Z   ...
release	Build and verify public release	2026-10-04T03:09:04.1085630Z # Subtest: R117 mayhem augment spinner resets even when the view changed mid-flight
release	Build and verify public release	2026-10-04T03:09:04.1087307Z ok 244 - R117 mayhem augment spinner resets even when the view changed mid-flight
release	Build and verify public release	2026-10-04T03:09:04.1088222Z   ---
release	Build and verify public release	2026-10-04T03:09:04.1088684Z   duration_ms: 19.1038
release	Build and verify public release	2026-10-04T03:09:04.1089201Z   type: 'test'
release	Build and verify public release	2026-10-04T03:09:04.1089636Z   ...
release	Build and verify public release	2026-10-04T03:09:04.1090924Z # Subtest: R117 champions api() surfaces RequestCancelled instead of flattening it into a timeout
release	Build and verify public release	2026-10-04T03:09:04.1092759Z ok 245 - R117 champions api() surfaces RequestCancelled instead of flattening it into a timeout
release	Build and verify public release	2026-10-04T03:09:04.1093790Z   ---
release	Build and verify public release	2026-10-04T03:09:04.1094253Z   duration_ms: 1.9414
release	Build and verify public release	2026-10-04T03:09:04.1094757Z   type: 'test'
release	Build and verify public release	2026-10-04T03:09:04.1095178Z   ...
release	Build and verify public release	2026-10-04T03:09:04.1096126Z # Subtest: R117 champions api() keeps RequestCancelled when a successful fetch is superseded
release	Build and verify public release	2026-10-04T03:09:04.1097600Z ok 246 - R117 champions api() keeps RequestCancelled when a successful fetch is superseded
release	Build and verify public release	2026-10-04T03:09:04.1098529Z   ---
release	Build and verify public release	2026-10-04T03:09:04.1098990Z   duration_ms: 1.1144
release	Build and verify public release	2026-10-04T03:09:04.1099492Z   type: 'test'
release	Build and verify public release	2026-10-04T03:09:04.1099920Z   ...
release	Build and verify public release	2026-10-04T03:09:04.1100766Z # Subtest: R148 changing Mayhem heroes resets the detail tab and its saved setting
release	Build and verify public release	2026-10-04T03:09:04.1102087Z ok 247 - R148 changing Mayhem heroes resets the detail tab and its saved setting
release	Build and verify public release	2026-10-04T03:09:04.1102911Z   ---
release	Build and verify public release	2026-10-04T03:09:04.1103330Z   duration_ms: 1.1295
release	Build and verify public release	2026-10-04T03:09:04.1103809Z   type: 'test'
release	Build and verify public release	2026-10-04T03:09:04.1104271Z   ...
release	Build and verify public release	2026-10-04T03:09:04.1366713Z # Subtest: diagnostic export waits for telemetry and prevents duplicate download clicks
release	Build and verify public release	2026-10-04T03:09:04.1383108Z ok 248 - diagnostic export waits for telemetry and prevents duplicate download clicks
release	Build and verify public release	2026-10-04T03:09:04.1384719Z   ---
release	Build and verify public release	2026-10-04T03:09:04.1387669Z   duration_ms: 2.8786
release	Build and verify public release	2026-10-04T03:09:04.1422836Z   type: 'test'
release	Build and verify public release	2026-10-04T03:09:04.1439864Z   ...
release	Build and verify public release	2026-10-04T03:09:04.1443389Z # Subtest: telemetry failure never blocks export and open-folder action does not export again
release	Build and verify public release	2026-10-04T03:09:04.1445515Z ok 249 - telemetry failure never blocks export and open-folder action does not export again
release	Build and verify public release	2026-10-04T03:09:04.1446510Z   ---
release	Build and verify public release	2026-10-04T03:09:04.1446843Z   duration_ms: 1.9189
release	Build and verify public release	2026-10-04T03:09:04.1447198Z   type: 'test'
release	Build and verify public release	2026-10-04T03:09:04.1447515Z   ...
release	Build and verify public release	2026-10-04T03:09:04.1448662Z # Subtest: online friend party shows real occupancy and mode, including TFT
release	Build and verify public release	2026-10-04T03:09:04.1449888Z ok 250 - online friend party shows real occupancy and mode, including TFT
release	Build and verify public release	2026-10-04T03:09:04.1450655Z   ---
release	Build and verify public release	2026-10-04T03:09:04.1451111Z   duration_ms: 2.2066
release	Build and verify public release	2026-10-04T03:09:04.1451620Z   type: 'test'
release	Build and verify public release	2026-10-04T03:09:04.1452055Z   ...
release	Build and verify public release	2026-10-04T03:09:04.1452736Z # Subtest: partial or invalid occupancy is not invented as 1/5
release	Build and verify public release	2026-10-04T03:09:04.1453667Z ok 251 - partial or invalid occupancy is not invented as 1/5
release	Build and verify public release	2026-10-04T03:09:04.1454333Z   ---
release	Build and verify public release	2026-10-04T03:09:04.1454787Z   duration_ms: 0.5843
release	Build and verify public release	2026-10-04T03:09:04.1455275Z   type: 'test'
release	Build and verify public release	2026-10-04T03:09:04.1455728Z   ...
release	Build and verify public release	2026-10-04T03:09:04.1456480Z # Subtest: game phase wins over chat availability and stale lobby data
release	Build and verify public release	2026-10-04T03:09:04.1457525Z ok 252 - game phase wins over chat availability and stale lobby data
release	Build and verify public release	2026-10-04T03:09:04.1458245Z   ---
release	Build and verify public release	2026-10-04T03:09:04.1458693Z   duration_ms: 0.7752
release	Build and verify public release	2026-10-04T03:09:04.1459184Z   type: 'test'
release	Build and verify public release	2026-10-04T03:09:04.1459636Z   ...
release	Build and verify public release	2026-10-04T03:09:04.1460442Z # Subtest: offline, mobile, away and other product never reuse the LoL lobby text
release	Build and verify public release	2026-10-04T03:09:04.1461628Z ok 253 - offline, mobile, away and other product never reuse the LoL lobby text
release	Build and verify public release	2026-10-04T03:09:04.1462409Z   ---
release	Build and verify public release	2026-10-04T03:09:04.1462869Z   duration_ms: 0.5525
release	Build and verify public release	2026-10-04T03:09:04.1463354Z   type: 'test'
release	Build and verify public release	2026-10-04T03:09:04.1463784Z   ...
release	Build and verify public release	2026-10-04T03:09:04.1464808Z # Subtest: real friend dock rerenders occupancy and removes old room details on every phase change
release	Build and verify public release	2026-10-04T03:09:04.1466250Z ok 254 - real friend dock rerenders occupancy and removes old room details on every phase change
release	Build and verify public release	2026-10-04T03:09:04.1467137Z   ---
release	Build and verify public release	2026-10-04T03:09:04.1467583Z   duration_ms: 465.1105
release	Build and verify public release	2026-10-04T03:09:04.1468126Z   type: 'test'
release	Build and verify public release	2026-10-04T03:09:04.1468892Z   ...
release	Build and verify public release	2026-10-04T03:09:04.1469898Z # Subtest: friend banner matches opaque aliases, escapes labels and rejects stale or foreign presence
release	Build and verify public release	2026-10-04T03:09:04.1471767Z ok 255 - friend banner matches opaque aliases, escapes labels and rejects stale or foreign presence
release	Build and verify public release	2026-10-04T03:09:04.1472925Z   ---
release	Build and verify public release	2026-10-04T03:09:04.1473384Z   duration_ms: 5.4411
release	Build and verify public release	2026-10-04T03:09:04.1473871Z   type: 'test'
release	Build and verify public release	2026-10-04T03:09:04.1474294Z   ...
release	Build and verify public release	2026-10-04T03:09:04.1475131Z # Subtest: flow render diagnostics follow displayed data and explain skipped mounts
release	Build and verify public release	2026-10-04T03:09:04.1476375Z ok 256 - flow render diagnostics follow displayed data and explain skipped mounts
release	Build and verify public release	2026-10-04T03:09:04.1477182Z   ---
release	Build and verify public release	2026-10-04T03:09:04.1477625Z   duration_ms: 12.7847
release	Build and verify public release	2026-10-04T03:09:04.1478111Z   type: 'test'
release	Build and verify public release	2026-10-04T03:09:04.1478534Z   ...
release	Build and verify public release	2026-10-04T03:09:04.1479297Z # Subtest: flow loader logs invalid response without inventing an idle state
release	Build and verify public release	2026-10-04T03:09:04.1480407Z ok 257 - flow loader logs invalid response without inventing an idle state
release	Build and verify public release	2026-10-04T03:09:04.1481151Z   ---
release	Build and verify public release	2026-10-04T03:09:04.1481605Z   duration_ms: 8.9008
release	Build and verify public release	2026-10-04T03:09:04.1482078Z   type: 'test'
release	Build and verify public release	2026-10-04T03:09:04.1482508Z   ...
release	Build and verify public release	2026-10-04T03:09:04.1483323Z # Subtest: 2351 failed current game probe does not render a misleading status row
release	Build and verify public release	2026-10-04T03:09:04.1484503Z ok 258 - 2351 failed current game probe does not render a misleading status row
release	Build and verify public release	2026-10-04T03:09:04.1485276Z   ---
release	Build and verify public release	2026-10-04T03:09:04.1485709Z   duration_ms: 19.9089
release	Build and verify public release	2026-10-04T03:09:04.1486188Z   type: 'test'
release	Build and verify public release	2026-10-04T03:09:04.1486633Z   ...
release	Build and verify public release	2026-10-04T03:09:04.1487529Z # Subtest: manual roster retry reaches the backend and diagnostics without exporting identity
release	Build and verify public release	2026-10-04T03:09:04.1489184Z ok 259 - manual roster retry reaches the backend and diagnostics without exporting identity
release	Build and verify public release	2026-10-04T03:09:04.1490094Z   ---
release	Build and verify public release	2026-10-04T03:09:04.1490538Z   duration_ms: 7.0478
release	Build and verify public release	2026-10-04T03:09:04.1491012Z   type: 'test'
release	Build and verify public release	2026-10-04T03:09:04.1491468Z   ...
release	Build and verify public release	2026-10-04T03:09:04.1492230Z # Subtest: 2326 manual and automatic current-game failures retain their own trigger
release	Build and verify public release	2026-10-04T03:09:04.1493373Z ok 260 - 2326 manual and automatic current-game failures retain their own trigger
release	Build and verify public release	2026-10-04T03:09:04.1494389Z   ---
release	Build and verify public release	2026-10-04T03:09:04.1495050Z   duration_ms: 10.9821
release	Build and verify public release	2026-10-04T03:09:04.1495702Z   type: 'test'
release	Build and verify public release	2026-10-04T03:09:04.1496394Z   ...
release	Build and verify public release	2026-10-04T03:09:04.1497458Z # Subtest: R68 specialist request uses OPGG-resolved position unless the user overrides it
release	Build and verify public release	2026-10-04T03:09:04.1498849Z ok 261 - R68 specialist request uses OPGG-resolved position unless the user overrides it
release	Build and verify public release	2026-10-04T03:09:04.1499727Z   ---
release	Build and verify public release	2026-10-04T03:09:04.1500221Z   duration_ms: 18.0162
release	Build and verify public release	2026-10-04T03:09:04.1500745Z   type: 'test'
release	Build and verify public release	2026-10-04T03:09:04.1501239Z   ...
release	Build and verify public release	2026-10-04T03:09:04.1502089Z # Subtest: R68 live insight labels are relative to the current player's absolute team
release	Build and verify public release	2026-10-04T03:09:04.1503393Z ok 262 - R68 live insight labels are relative to the current player's absolute team
release	Build and verify public release	2026-10-04T03:09:04.1504253Z   ---
release	Build and verify public release	2026-10-04T03:09:04.1504712Z   duration_ms: 95.8442
release	Build and verify public release	2026-10-04T03:09:04.1505195Z   type: 'test'
release	Build and verify public release	2026-10-04T03:09:04.1505612Z   ...
release	Build and verify public release	2026-10-04T03:09:04.1506528Z # Subtest: live insight sorts both teams by known positions while retaining duplicate order
release	Build and verify public release	2026-10-04T03:09:04.1507881Z ok 263 - live insight sorts both teams by known positions while retaining duplicate order
release	Build and verify public release	2026-10-04T03:09:04.1509117Z   ---
release	Build and verify public release	2026-10-04T03:09:04.1509616Z   duration_ms: 7.1868
release	Build and verify public release	2026-10-04T03:09:04.1510159Z   type: 'test'
release	Build and verify public release	2026-10-04T03:09:04.1510629Z   ...
release	Build and verify public release	2026-10-04T03:09:04.1511483Z # Subtest: live insight keeps current-player highlight after position ordering
release	Build and verify public release	2026-10-04T03:09:04.1512678Z ok 264 - live insight keeps current-player highlight after position ordering
release	Build and verify public release	2026-10-04T03:09:04.1513523Z   ---
release	Build and verify public release	2026-10-04T03:09:04.1514041Z   duration_ms: 106.981
release	Build and verify public release	2026-10-04T03:09:04.1514576Z   type: 'test'
release	Build and verify public release	2026-10-04T03:09:04.1515045Z   ...
release	Build and verify public release	2026-10-04T03:09:04.1515924Z # Subtest: R68 rendered-roster diagnostic carries queueId and absolute counts
release	Build and verify public release	2026-10-04T03:09:04.1517102Z ok 265 - R68 rendered-roster diagnostic carries queueId and absolute counts
release	Build and verify public release	2026-10-04T03:09:04.1518176Z   ---
release	Build and verify public release	2026-10-04T03:09:04.1518666Z   duration_ms: 4.0929
release	Build and verify public release	2026-10-04T03:09:04.1519142Z   type: 'test'
release	Build and verify public release	2026-10-04T03:09:04.1519741Z   ...
release	Build and verify public release	2026-10-04T03:09:04.1520495Z # Subtest: R68 gameplay mutation probes execute real position and team logic
release	Build and verify public release	2026-10-04T03:09:04.1521562Z ok 266 - R68 gameplay mutation probes execute real position and team logic
release	Build and verify public release	2026-10-04T03:09:04.1522273Z   ---
release	Build and verify public release	2026-10-04T03:09:04.1522688Z   duration_ms: 201.0339
release	Build and verify public release	2026-10-04T03:09:04.1523159Z   type: 'test'
release	Build and verify public release	2026-10-04T03:09:04.1523590Z   ...
release	Build and verify public release	2026-10-04T03:09:04.1524434Z # Subtest: R69 premade tags distinguish direct session groups from inferred groups
release	Build and verify public release	2026-10-04T03:09:04.1526723Z ok 267 - R69 premade tags distinguish direct session groups from inferred groups
release	Build and verify public release	2026-10-04T03:09:04.1561101Z   ---
release	Build and verify public release	2026-10-04T03:09:04.1561724Z   duration_ms: 11.8609
release	Build and verify public release	2026-10-04T03:09:04.1562335Z   type: 'test'
release	Build and verify public release	2026-10-04T03:09:04.1562862Z   ...
release	Build and verify public release	2026-10-04T03:09:04.1563827Z # Subtest: R69 history rows distinguish unavailable failed empty and pending states
release	Build and verify public release	2026-10-04T03:09:04.1565736Z ok 268 - R69 history rows distinguish unavailable failed empty and pending states
release	Build and verify public release	2026-10-04T03:09:04.1566640Z   ---
release	Build and verify public release	2026-10-04T03:09:04.1567108Z   duration_ms: 37.2226
release	Build and verify public release	2026-10-04T03:09:04.1567616Z   type: 'test'
release	Build and verify public release	2026-10-04T03:09:04.1568351Z   ...
release	Build and verify public release	2026-10-04T03:09:04.1569122Z # Subtest: live detail shows at most ten newest recent games
release	Build and verify public release	2026-10-04T03:09:04.1570164Z ok 269 - live detail shows at most ten newest recent games
release	Build and verify public release	2026-10-04T03:09:04.1570942Z   ---
release	Build and verify public release	2026-10-04T03:09:04.1571507Z   duration_ms: 15.6194
release	Build and verify public release	2026-10-04T03:09:04.1572122Z   type: 'test'
release	Build and verify public release	2026-10-04T03:09:04.1572691Z   ...
release	Build and verify public release	2026-10-04T03:09:04.1573756Z # Subtest: R69 current-position chip preserves client position and discloses specialist fallback
release	Build and verify public release	2026-10-04T03:09:04.1575447Z ok 270 - R69 current-position chip preserves client position and discloses specialist fallback
release	Build and verify public release	2026-10-04T03:09:04.1576522Z   ---
release	Build and verify public release	2026-10-04T03:09:04.1577085Z   duration_ms: 19.9657
release	Build and verify public release	2026-10-04T03:09:04.1577692Z   type: 'test'
release	Build and verify public release	2026-10-04T03:09:04.1578240Z   ...
release	Build and verify public release	2026-10-04T03:09:04.1579352Z # Subtest: R71 ranked recent-position samples stay inside the player card, without an extra grid row
release	Build and verify public release	2026-10-04T03:09:04.1581069Z ok 271 - R71 ranked recent-position samples stay inside the player card, without an extra grid row
release	Build and verify public release	2026-10-04T03:09:04.1582149Z   ---
release	Build and verify public release	2026-10-04T03:09:04.1583344Z   duration_ms: 1938.5813
release	Build and verify public release	2026-10-04T03:09:04.1583949Z   type: 'test'
release	Build and verify public release	2026-10-04T03:09:04.1584741Z   ...
release	Build and verify public release	2026-10-04T03:09:04.1586089Z # Subtest: R72 role badges use explicit lane names, deduplicate and hide unknown or empty samples
release	Build and verify public release	2026-10-04T03:09:04.1588374Z ok 272 - R72 role badges use explicit lane names, deduplicate and hide unknown or empty samples
release	Build and verify public release	2026-10-04T03:09:04.1589525Z   ---
release	Build and verify public release	2026-10-04T03:09:04.1591860Z   duration_ms: 5.8692
release	Build and verify public release	2026-10-04T03:09:04.1592922Z   type: 'test'
release	Build and verify public release	2026-10-04T03:09:04.1593632Z   ...
release	Build and verify public release	2026-10-04T03:09:04.1595411Z # Subtest: R73 demo ranked players expose recent-position samples used by role badges
release	Build and verify public release	2026-10-04T03:09:04.1597320Z ok 273 - R73 demo ranked players expose recent-position samples used by role badges
release	Build and verify public release	2026-10-04T03:09:04.1598388Z   ---
release	Build and verify public release	2026-10-04T03:09:04.1599254Z   duration_ms: 0.3734
release	Build and verify public release	2026-10-04T03:09:04.1599800Z   type: 'test'
release	Build and verify public release	2026-10-04T03:09:04.1600228Z   ...
release	Build and verify public release	2026-10-04T03:09:04.1601281Z # Subtest: R73 classic ranked details stay side-by-side at medium widths and safely stack only when narrow
release	Build and verify public release	2026-10-04T03:09:04.1602883Z ok 274 - R73 classic ranked details stay side-by-side at medium widths and safely stack only when narrow
release	Build and verify public release	2026-10-04T03:09:04.1603881Z   ---
release	Build and verify public release	2026-10-04T03:09:04.1604330Z   duration_ms: 1.3193
release	Build and verify public release	2026-10-04T03:09:04.1604834Z   type: 'test'
release	Build and verify public release	2026-10-04T03:09:04.1605325Z   ...
release	Build and verify public release	2026-10-04T03:09:04.1606576Z # Subtest: OPGG season query is tab-scoped, single-flight and never reloads Riot history
release	Build and verify public release	2026-10-04T03:09:04.1607935Z ok 275 - OPGG season query is tab-scoped, single-flight and never reloads Riot history
release	Build and verify public release	2026-10-04T03:09:04.1608876Z   ---
release	Build and verify public release	2026-10-04T03:09:04.1609326Z   duration_ms: 7.7694
release	Build and verify public release	2026-10-04T03:09:04.1610088Z   type: 'test'
release	Build and verify public release	2026-10-04T03:09:04.1610507Z   ...
release	Build and verify public release	2026-10-04T03:09:04.1611665Z # Subtest: OPGG late response cannot overwrite another account and failure has no crawl fallback
release	Build and verify public release	2026-10-04T03:09:04.1613126Z ok 276 - OPGG late response cannot overwrite another account and failure has no crawl fallback
release	Build and verify public release	2026-10-04T03:09:04.1614017Z   ---
release	Build and verify public release	2026-10-04T03:09:04.1614461Z   duration_ms: 10.2274
release	Build and verify public release	2026-10-04T03:09:04.1614950Z   type: 'test'
release	Build and verify public release	2026-10-04T03:09:04.1615365Z   ...
release	Build and verify public release	2026-10-04T03:09:04.1616219Z # Subtest: OPGG career rendering uses full season total and only the matching KR tab
release	Build and verify public release	2026-10-04T03:09:04.1617482Z ok 277 - OPGG career rendering uses full season total and only the matching KR tab
release	Build and verify public release	2026-10-04T03:09:04.1618312Z   ---
release	Build and verify public release	2026-10-04T03:09:04.1618772Z   duration_ms: 6.3838
release	Build and verify public release	2026-10-04T03:09:04.1619270Z   type: 'test'
release	Build and verify public release	2026-10-04T03:09:04.1619719Z   ...
release	Build and verify public release	2026-10-04T03:09:04.1620734Z # Subtest: current-game queries are single-flight, account scoped, and reject late identity changes
release	Build and verify public release	2026-10-04T03:09:04.1622238Z ok 278 - current-game queries are single-flight, account scoped, and reject late identity changes
release	Build and verify public release	2026-10-04T03:09:04.1623321Z   ---
release	Build and verify public release	2026-10-04T03:09:04.1623871Z   duration_ms: 4.8953
release	Build and verify public release	2026-10-04T03:09:04.1624462Z   type: 'test'
release	Build and verify public release	2026-10-04T03:09:04.1624954Z   ...
release	Build and verify public release	2026-10-04T03:09:04.1625863Z # Subtest: R75 pro target is independent of specialist rankings and rejects non-SR modes
release	Build and verify public release	2026-10-04T03:09:04.1627736Z ok 279 - R75 pro target is independent of specialist rankings and rejects non-SR modes
release	Build and verify public release	2026-10-04T03:09:04.1628709Z   ---
release	Build and verify public release	2026-10-04T03:09:04.1629253Z   duration_ms: 9.8739
release	Build and verify public release	2026-10-04T03:09:04.1629835Z   type: 'test'
release	Build and verify public release	2026-10-04T03:09:04.1630304Z   ...
release	Build and verify public release	2026-10-04T03:09:04.1631259Z # Subtest: R75 pro rows use shared game renderer, neutral unknown, real event and sample threshold
release	Build and verify public release	2026-10-04T03:09:04.1632756Z ok 280 - R75 pro rows use shared game renderer, neutral unknown, real event and sample threshold
release	Build and verify public release	2026-10-04T03:09:04.1633720Z   ---
release	Build and verify public release	2026-10-04T03:09:04.1634324Z   duration_ms: 48.0816
release	Build and verify public release	2026-10-04T03:09:04.1634877Z   type: 'test'
release	Build and verify public release	2026-10-04T03:09:04.1635368Z   ...
release	Build and verify public release	2026-10-04T03:09:04.1636309Z # Subtest: R171 spell pairs stay with their own rune source and require two verified IDs
release	Build and verify public release	2026-10-04T03:09:04.1637848Z ok 281 - R171 spell pairs stay with their own rune source and require two verified IDs
release	Build and verify public release	2026-10-04T03:09:04.1638773Z   ---
release	Build and verify public release	2026-10-04T03:09:04.1639279Z   duration_ms: 24.9219
release	Build and verify public release	2026-10-04T03:09:04.1639790Z   type: 'test'
release	Build and verify public release	2026-10-04T03:09:04.1640302Z   ...
release	Build and verify public release	2026-10-04T03:09:04.1641158Z # Subtest: R171 apply optionally writes the selected source's spells and reports partial success
release	Build and verify public release	2026-10-04T03:09:04.1642781Z ok 282 - R171 apply optionally writes the selected source's spells and reports partial success
release	Build and verify public release	2026-10-04T03:09:04.1644044Z   ---
release	Build and verify public release	2026-10-04T03:09:04.1644559Z   duration_ms: 13.3507
release	Build and verify public release	2026-10-04T03:09:04.1645092Z   type: 'test'
release	Build and verify public release	2026-10-04T03:09:04.1645969Z   ...
release	Build and verify public release	2026-10-04T03:09:04.1647703Z # Subtest: R171 rune card shows OPGG spells once and only complete specialist rows
release	Build and verify public release	2026-10-04T03:09:04.1648791Z ok 283 - R171 rune card shows OPGG spells once and only complete specialist rows
release	Build and verify public release	2026-10-04T03:09:04.1649458Z   ---
release	Build and verify public release	2026-10-04T03:09:04.1649781Z   duration_ms: 22.6054
release	Build and verify public release	2026-10-04T03:09:04.1650162Z   type: 'test'
release	Build and verify public release	2026-10-04T03:09:04.1650455Z   ...
release	Build and verify public release	2026-10-04T03:09:04.1651132Z # Subtest: R75 incomplete pro disables actual action markup and refuses POST
release	Build and verify public release	2026-10-04T03:09:04.1653494Z ok 284 - R75 incomplete pro disables actual action markup and refuses POST
release	Build and verify public release	2026-10-04T03:09:04.1654244Z   ---
release	Build and verify public release	2026-10-04T03:09:04.1654620Z   duration_ms: 16.2822
release	Build and verify public release	2026-10-04T03:09:04.1655012Z   type: 'test'
release	Build and verify public release	2026-10-04T03:09:04.1655330Z   ...
release	Build and verify public release	2026-10-04T03:09:04.1656247Z # Subtest: R75 async pro retains marked cache on failure and prevents old generation overwrite
release	Build and verify public release	2026-10-04T03:09:04.1680238Z ok 285 - R75 async pro retains marked cache on failure and prevents old generation overwrite
release	Build and verify public release	2026-10-04T03:09:04.1682617Z   ---
release	Build and verify public release	2026-10-04T03:09:04.1683598Z   duration_ms: 12.3499
release	Build and verify public release	2026-10-04T03:09:04.1684463Z   type: 'test'
release	Build and verify public release	2026-10-04T03:09:04.1684879Z   ...
release	Build and verify public release	2026-10-04T03:09:04.1685785Z # Subtest: R76 pro degradation uses game failure ratio, not a nonempty reason
release	Build and verify public release	2026-10-04T03:09:04.1686934Z ok 286 - R76 pro degradation uses game failure ratio, not a nonempty reason
release	Build and verify public release	2026-10-04T03:09:04.1687677Z   ---
release	Build and verify public release	2026-10-04T03:09:04.1688077Z   duration_ms: 16.0934
release	Build and verify public release	2026-10-04T03:09:04.1688944Z   type: 'test'
release	Build and verify public release	2026-10-04T03:09:04.1689431Z   ...
release	Build and verify public release	2026-10-04T03:09:04.1690417Z # Subtest: pro tabs keep every player and display latest five games per player without relative dates
release	Build and verify public release	2026-10-04T03:09:04.1708828Z ok 287 - pro tabs keep every player and display latest five games per player without relative dates
release	Build and verify public release	2026-10-04T03:09:04.1709996Z   ---
release	Build and verify public release	2026-10-04T03:09:04.1710517Z   duration_ms: 19.5818
release	Build and verify public release	2026-10-04T03:09:04.1711062Z   type: 'test'
release	Build and verify public release	2026-10-04T03:09:04.1711559Z   ...
release	Build and verify public release	2026-10-04T03:09:04.1712557Z # Subtest: rune source order is OPGG, professional, specialist with no specialist subtitle
release	Build and verify public release	2026-10-04T03:09:04.1714001Z ok 288 - rune source order is OPGG, professional, specialist with no specialist subtitle
release	Build and verify public release	2026-10-04T03:09:04.1715046Z   ---
release	Build and verify public release	2026-10-04T03:09:04.1715544Z   duration_ms: 6.9612
release	Build and verify public release	2026-10-04T03:09:04.1716076Z   type: 'test'
release	Build and verify public release	2026-10-04T03:09:04.1716537Z   ...
release	Build and verify public release	2026-10-04T03:09:04.1717605Z # Subtest: professional request follows the displayed position and explicit selection wins over fallback
release	Build and verify public release	2026-10-04T03:09:04.1719200Z ok 289 - professional request follows the displayed position and explicit selection wins over fallback
release	Build and verify public release	2026-10-04T03:09:04.1720567Z   ---
release	Build and verify public release	2026-10-04T03:09:04.1721077Z   duration_ms: 4.4899
release	Build and verify public release	2026-10-04T03:09:04.1721615Z   type: 'test'
release	Build and verify public release	2026-10-04T03:09:04.1722074Z   ...
release	Build and verify public release	2026-10-04T03:09:04.1723034Z # Subtest: unknown pro outcomes are not presented as a zero-game performance record
release	Build and verify public release	2026-10-04T03:09:04.1724823Z ok 290 - unknown pro outcomes are not presented as a zero-game performance record
release	Build and verify public release	2026-10-04T03:09:04.1725863Z   ---
release	Build and verify public release	2026-10-04T03:09:04.1726382Z   duration_ms: 7.815
release	Build and verify public release	2026-10-04T03:09:04.1726922Z   type: 'test'
release	Build and verify public release	2026-10-04T03:09:04.1727758Z   ...
release	Build and verify public release	2026-10-04T03:09:04.1729016Z # Subtest: cached overview re-enters independent season and current-game loaders without requesting history
release	Build and verify public release	2026-10-04T03:09:04.1730843Z ok 291 - cached overview re-enters independent season and current-game loaders without requesting history
release	Build and verify public release	2026-10-04T03:09:04.1732024Z   ---
release	Build and verify public release	2026-10-04T03:09:04.1732567Z   duration_ms: 10.084
release	Build and verify public release	2026-10-04T03:09:04.1733118Z   type: 'test'
release	Build and verify public release	2026-10-04T03:09:04.1733658Z   ...
release	Build and verify public release	2026-10-04T03:09:04.1734790Z # Subtest: live specialist overview uses full identity without merging tags or enabling tournament names
release	Build and verify public release	2026-10-04T03:09:04.1736317Z ok 292 - live specialist overview uses full identity without merging tags or enabling tournament names
release	Build and verify public release	2026-10-04T03:09:04.1737284Z   ---
release	Build and verify public release	2026-10-04T03:09:04.1737773Z   duration_ms: 26.8771
release	Build and verify public release	2026-10-04T03:09:04.1738302Z   type: 'test'
release	Build and verify public release	2026-10-04T03:09:04.1738769Z   ...
release	Build and verify public release	2026-10-04T03:09:04.1740015Z # Subtest: TheShy Camille official eight-perk response shows known shards without inventing slots
release	Build and verify public release	2026-10-04T03:09:04.1741713Z ok 293 - TheShy Camille official eight-perk response shows known shards without inventing slots
release	Build and verify public release	2026-10-04T03:09:04.1742707Z   ---
release	Build and verify public release	2026-10-04T03:09:04.1743231Z   duration_ms: 12.4481
release	Build and verify public release	2026-10-04T03:09:04.1743779Z   type: 'test'
release	Build and verify public release	2026-10-04T03:09:04.1744615Z   ...
release	Build and verify public release	2026-10-04T03:09:04.1745565Z # Subtest: KR unavailable season never renders recent20 as champion season statistics
release	Build and verify public release	2026-10-04T03:09:04.1746893Z ok 294 - KR unavailable season never renders recent20 as champion season statistics
release	Build and verify public release	2026-10-04T03:09:04.1747726Z   ---
release	Build and verify public release	2026-10-04T03:09:04.1748235Z   duration_ms: 6.5349
release	Build and verify public release	2026-10-04T03:09:04.1748790Z   type: 'test'
release	Build and verify public release	2026-10-04T03:09:04.1749258Z   ...
release	Build and verify public release	2026-10-04T03:09:04.1750231Z # Subtest: resolved repeated pro shards render in both legal rows, not in the bottom strip
release	Build and verify public release	2026-10-04T03:09:04.1751686Z ok 295 - resolved repeated pro shards render in both legal rows, not in the bottom strip
release	Build and verify public release	2026-10-04T03:09:04.1754011Z   ---
release	Build and verify public release	2026-10-04T03:09:04.1754538Z   duration_ms: 12.0282
release	Build and verify public release	2026-10-04T03:09:04.1755361Z   type: 'test'
release	Build and verify public release	2026-10-04T03:09:04.1755836Z   ...
release	Build and verify public release	2026-10-04T03:09:04.1756734Z # Subtest: R167 lane card renders only a locked enemy in the current player's lane
release	Build and verify public release	2026-10-04T03:09:04.1758035Z ok 296 - R167 lane card renders only a locked enemy in the current player's lane
release	Build and verify public release	2026-10-04T03:09:04.1758846Z   ---
release	Build and verify public release	2026-10-04T03:09:04.1759351Z   duration_ms: 57.0332
release	Build and verify public release	2026-10-04T03:09:04.1759913Z   type: 'test'
release	Build and verify public release	2026-10-04T03:09:04.1760415Z   ...
release	Build and verify public release	2026-10-04T03:09:04.1761595Z # Subtest: R167 lane card tells a same-lane teammate apart from the real enemy when isAlly is falsy for both
release	Build and verify public release	2026-10-04T03:09:04.1763420Z ok 297 - R167 lane card tells a same-lane teammate apart from the real enemy when isAlly is falsy for both
release	Build and verify public release	2026-10-04T03:09:04.1765947Z   ---
release	Build and verify public release	2026-10-04T03:09:04.1766466Z   duration_ms: 36.3567
release	Build and verify public release	2026-10-04T03:09:04.1766984Z   type: 'test'
release	Build and verify public release	2026-10-04T03:09:04.1767411Z   ...
release	Build and verify public release	2026-10-04T03:09:04.1768390Z # Subtest: R167 candidate request uses the enemy champion, current lane and tier, once per mapping
release	Build and verify public release	2026-10-04T03:09:04.1769825Z ok 298 - R167 candidate request uses the enemy champion, current lane and tier, once per mapping
release	Build and verify public release	2026-10-04T03:09:04.1770694Z   ---
release	Build and verify public release	2026-10-04T03:09:04.1771146Z   duration_ms: 78.5641
release	Build and verify public release	2026-10-04T03:09:04.1771622Z   type: 'test'
release	Build and verify public release	2026-10-04T03:09:04.1772035Z   ...
release	Build and verify public release	2026-10-04T03:09:04.1772898Z # Subtest: R168 candidate failure and skipped context emit distinguishable diagnostics
release	Build and verify public release	2026-10-04T03:09:04.1774175Z ok 299 - R168 candidate failure and skipped context emit distinguishable diagnostics
release	Build and verify public release	2026-10-04T03:09:04.1775020Z   ---
release	Build and verify public release	2026-10-04T03:09:04.1775478Z   duration_ms: 55.7109
release	Build and verify public release	2026-10-04T03:09:04.1775955Z   type: 'test'
release	Build and verify public release	2026-10-04T03:09:04.1776358Z   ...
release	Build and verify public release	2026-10-04T03:09:04.1777260Z # Subtest: R117 rank win-rate degradation is disclosed on screen, not only set on the backend
release	Build and verify public release	2026-10-04T03:09:04.1778644Z ok 300 - R117 rank win-rate degradation is disclosed on screen, not only set on the backend
release	Build and verify public release	2026-10-04T03:09:04.1779859Z   ---
release	Build and verify public release	2026-10-04T03:09:04.1780328Z   duration_ms: 4.0702
release	Build and verify public release	2026-10-04T03:09:04.1780818Z   type: 'test'
release	Build and verify public release	2026-10-04T03:09:04.1781253Z   ...
release	Build and verify public release	2026-10-04T03:09:04.1782197Z # Subtest: R173 rune equipment places opening items, divider and seven final slots in exact order
release	Build and verify public release	2026-10-04T03:09:04.1783639Z ok 301 - R173 rune equipment places opening items, divider and seven final slots in exact order
release	Build and verify public release	2026-10-04T03:09:04.1784552Z   ---
release	Build and verify public release	2026-10-04T03:09:04.1785260Z   duration_ms: 25.81
release	Build and verify public release	2026-10-04T03:09:04.1785927Z   type: 'test'
release	Build and verify public release	2026-10-04T03:09:04.1786464Z   ...
release	Build and verify public release	2026-10-04T03:09:04.1787425Z # Subtest: R173 absent opening items retains byte-identical final equipment markup
release	Build and verify public release	2026-10-04T03:09:04.1789422Z ok 302 - R173 absent opening items retains byte-identical final equipment markup
release	Build and verify public release	2026-10-04T03:09:04.1820947Z   ---
release	Build and verify public release	2026-10-04T03:09:04.1821502Z   duration_ms: 6.589
release	Build and verify public release	2026-10-04T03:09:04.1822018Z   type: 'test'
release	Build and verify public release	2026-10-04T03:09:04.1822454Z   ...
release	Build and verify public release	2026-10-04T03:09:04.1823380Z # Subtest: R173 delayed equipment patch preserves row identity, order and selected state
release	Build and verify public release	2026-10-04T03:09:04.1824784Z ok 303 - R173 delayed equipment patch preserves row identity, order and selected state
release	Build and verify public release	2026-10-04T03:09:04.1825653Z   ---
release	Build and verify public release	2026-10-04T03:09:04.1826121Z   duration_ms: 31.4425
release	Build and verify public release	2026-10-04T03:09:04.1826611Z   type: 'test'
release	Build and verify public release	2026-10-04T03:09:04.1827142Z   ...
release	Build and verify public release	2026-10-04T03:09:04.1828116Z # Subtest: R173 second stage loads only visible rows and leaves rune list available while pending
release	Build and verify public release	2026-10-04T03:09:04.1829567Z ok 304 - R173 second stage loads only visible rows and leaves rune list available while pending
release	Build and verify public release	2026-10-04T03:09:04.1830451Z   ---
release	Build and verify public release	2026-10-04T03:09:04.1830899Z   duration_ms: 25.0246
release	Build and verify public release	2026-10-04T03:09:04.1831381Z   type: 'test'
release	Build and verify public release	2026-10-04T03:09:04.1831801Z   ...
release	Build and verify public release	2026-10-04T03:09:04.1832718Z # Subtest: R173 optional failure and previous game response leave current equipment unchanged
release	Build and verify public release	2026-10-04T03:09:04.1834084Z ok 305 - R173 optional failure and previous game response leave current equipment unchanged
release	Build and verify public release	2026-10-04T03:09:04.1835181Z   ---
release	Build and verify public release	2026-10-04T03:09:04.1835777Z   duration_ms: 22.8702
release	Build and verify public release	2026-10-04T03:09:04.1836282Z   type: 'test'
release	Build and verify public release	2026-10-04T03:09:04.1836702Z   ...
release	Build and verify public release	2026-10-04T03:09:04.1837693Z # Subtest: R173 a refreshed pro list retains completed opening items without affecting source order
release	Build and verify public release	2026-10-04T03:09:04.1839126Z ok 306 - R173 a refreshed pro list retains completed opening items without affecting source order
release	Build and verify public release	2026-10-04T03:09:04.1840339Z   ---
release	Build and verify public release	2026-10-04T03:09:04.1840826Z   duration_ms: 3.5988
release	Build and verify public release	2026-10-04T03:09:04.1841308Z   type: 'test'
release	Build and verify public release	2026-10-04T03:09:04.1841732Z   ...
release	Build and verify public release	2026-10-04T03:09:04.1842628Z # Subtest: R174 equipment then spells are direct children and spells contain only two icons
release	Build and verify public release	2026-10-04T03:09:04.1843966Z ok 307 - R174 equipment then spells are direct children and spells contain only two icons
release	Build and verify public release	2026-10-04T03:09:04.1844902Z   ---
release	Build and verify public release	2026-10-04T03:09:04.1845333Z   duration_ms: 20.6021
release	Build and verify public release	2026-10-04T03:09:04.1845820Z   type: 'test'
release	Build and verify public release	2026-10-04T03:09:04.1846257Z   ...
release	Build and verify public release	2026-10-04T03:09:04.1847161Z # Subtest: R174 opening inventory and divider precede final inventory and rightmost spells
release	Build and verify public release	2026-10-04T03:09:04.1848522Z ok 308 - R174 opening inventory and divider precede final inventory and rightmost spells
release	Build and verify public release	2026-10-04T03:09:04.1849362Z   ---
release	Build and verify public release	2026-10-04T03:09:04.1849796Z   duration_ms: 22.6152
release	Build and verify public release	2026-10-04T03:09:04.1850282Z   type: 'test'
release	Build and verify public release	2026-10-04T03:09:04.1850697Z   ...
release	Build and verify public release	2026-10-04T03:09:04.1851523Z # Subtest: R174 invalid or absent spell pair retains byte-identical equipment markup
release	Build and verify public release	2026-10-04T03:09:04.1852740Z ok 309 - R174 invalid or absent spell pair retains byte-identical equipment markup
release	Build and verify public release	2026-10-04T03:09:04.1853520Z   ---
release	Build and verify public release	2026-10-04T03:09:04.1853950Z   duration_ms: 6.5659
release	Build and verify public release	2026-10-04T03:09:04.1854463Z   type: 'test'
release	Build and verify public release	2026-10-04T03:09:04.1854876Z   ...
release	Build and verify public release	2026-10-04T03:09:04.1855961Z # Subtest: R174 spells without final inventory render one right-aligned container without labels or empty group
release	Build and verify public release	2026-10-04T03:09:04.1857642Z ok 310 - R174 spells without final inventory render one right-aligned container without labels or empty group
release	Build and verify public release	2026-10-04T03:09:04.1872047Z   ---
release	Build and verify public release	2026-10-04T03:09:04.1872632Z   duration_ms: 17.9116
release	Build and verify public release	2026-10-04T03:09:04.1873340Z   type: 'test'
release	Build and verify public release	2026-10-04T03:09:04.1873873Z   ...
release	Build and verify public release	2026-10-04T03:09:04.1874777Z # Subtest: R174 full specialist and pro templates have no standalone spell row
release	Build and verify public release	2026-10-04T03:09:04.1881296Z ok 311 - R174 full specialist and pro templates have no standalone spell row
release	Build and verify public release	2026-10-04T03:09:04.1882679Z   ---
release	Build and verify public release	2026-10-04T03:09:04.1883218Z   duration_ms: 62.3951
release	Build and verify public release	2026-10-04T03:09:04.1883778Z   type: 'test'
release	Build and verify public release	2026-10-04T03:09:04.1884284Z   ...
release	Build and verify public release	2026-10-04T03:09:04.1885268Z # Subtest: R174 async opening inventory replacement preserves rightmost spell pair and selected rows
release	Build and verify public release	2026-10-04T03:09:04.1886812Z ok 312 - R174 async opening inventory replacement preserves rightmost spell pair and selected rows
release	Build and verify public release	2026-10-04T03:09:04.1887737Z   ---
release	Build and verify public release	2026-10-04T03:09:04.1888244Z   duration_ms: 31.9825
release	Build and verify public release	2026-10-04T03:09:04.1888779Z   type: 'test'
release	Build and verify public release	2026-10-04T03:09:04.1889251Z   ...
release	Build and verify public release	2026-10-04T03:09:04.1890276Z # Subtest: R174 standalone spell renderer remains byte-identical; R179 inventory keeps a fixed height
release	Build and verify public release	2026-10-04T03:09:04.1891925Z ok 313 - R174 standalone spell renderer remains byte-identical; R179 inventory keeps a fixed height
release	Build and verify public release	2026-10-04T03:09:04.1892950Z   ---
release	Build and verify public release	2026-10-04T03:09:04.1893410Z   duration_ms: 6.1948
release	Build and verify public release	2026-10-04T03:09:04.1893922Z   type: 'test'
release	Build and verify public release	2026-10-04T03:09:04.1894414Z   ...
release	Build and verify public release	2026-10-04T03:09:04.1895334Z # Subtest: R177 starter rate hint retries at eight seconds twice and keeps one flight
release	Build and verify public release	2026-10-04T03:09:04.1896696Z ok 314 - R177 starter rate hint retries at eight seconds twice and keeps one flight
release	Build and verify public release	2026-10-04T03:09:04.1897583Z   ---
release	Build and verify public release	2026-10-04T03:09:04.1898463Z   duration_ms: 42.7713
release	Build and verify public release	2026-10-04T03:09:04.1899173Z   type: 'test'
release	Build and verify public release	2026-10-04T03:09:04.1899693Z   ...
release	Build and verify public release	2026-10-04T03:09:04.1901000Z # Subtest: R177 starter waiting retry rejects a new generation source target or invisible page
release	Build and verify public release	2026-10-04T03:09:04.1902970Z ok 315 - R177 starter waiting retry rejects a new generation source target or invisible page
release	Build and verify public release	2026-10-04T03:09:04.1904286Z   ---
release	Build and verify public release	2026-10-04T03:09:04.1904823Z   duration_ms: 425.1372
release	Build and verify public release	2026-10-04T03:09:04.1905408Z   type: 'test'
release	Build and verify public release	2026-10-04T03:09:04.1905863Z   ...
release	Build and verify public release	2026-10-04T03:09:04.1906692Z # Subtest: R177 starter no quota hint or network failure never schedules a retry
release	Build and verify public release	2026-10-04T03:09:04.1907868Z ok 316 - R177 starter no quota hint or network failure never schedules a retry
release	Build and verify public release	2026-10-04T03:09:04.1908631Z   ---
release	Build and verify public release	2026-10-04T03:09:04.1909083Z   duration_ms: 106.4524
release	Build and verify public release	2026-10-04T03:09:04.1909562Z   type: 'test'
release	Build and verify public release	2026-10-04T03:09:04.1909980Z   ...
release	Build and verify public release	2026-10-04T03:09:04.1910937Z # Subtest: R177 starter retry success patches opening items and retains rightmost R174 spells
release	Build and verify public release	2026-10-04T03:09:04.1912461Z ok 317 - R177 starter retry success patches opening items and retains rightmost R174 spells
release	Build and verify public release	2026-10-04T03:09:04.1913461Z   ---
release	Build and verify public release	2026-10-04T03:09:04.1914023Z   duration_ms: 56.4215
release	Build and verify public release	2026-10-04T03:09:04.1914689Z   type: 'test'
release	Build and verify public release	2026-10-04T03:09:04.1915208Z   ...
release	Build and verify public release	2026-10-04T03:09:04.1916226Z # Subtest: R177 unique unknown enemy lane produces a card and caches champion tier shares
release	Build and verify public release	2026-10-04T03:09:04.1917716Z ok 318 - R177 unique unknown enemy lane produces a card and caches champion tier shares
release	Build and verify public release	2026-10-04T03:09:04.1919086Z   ---
release	Build and verify public release	2026-10-04T03:09:04.1919637Z   duration_ms: 38.5184
release	Build and verify public release	2026-10-04T03:09:04.1920269Z   type: 'test'
release	Build and verify public release	2026-10-04T03:09:04.1920790Z   ...
release	Build and verify public release	2026-10-04T03:09:04.1921800Z # Subtest: R177 competing lane shares require half and double advantage or remain ambiguous
release	Build and verify public release	2026-10-04T03:09:04.1923352Z ok 319 - R177 competing lane shares require half and double advantage or remain ambiguous
release	Build and verify public release	2026-10-04T03:09:04.1924351Z   ---
release	Build and verify public release	2026-10-04T03:09:04.1924843Z   duration_ms: 220.8119
release	Build and verify public release	2026-10-04T03:09:04.1925442Z   type: 'test'
release	Build and verify public release	2026-10-04T03:09:04.1925946Z   ...
release	Build and verify public release	2026-10-04T03:09:04.1955511Z # Subtest: R177 known enemy position wins over conflicting cached inference without lane requests
release	Build and verify public release	2026-10-04T03:09:04.2029179Z ok 320 - R177 known enemy position wins over conflicting cached inference without lane requests
release	Build and verify public release	2026-10-04T03:09:04.2047737Z   ---
release	Build and verify public release	2026-10-04T03:09:04.2048380Z   duration_ms: 40.1412
release	Build and verify public release	2026-10-04T03:09:04.2048981Z   type: 'test'
release	Build and verify public release	2026-10-04T03:09:04.2049498Z   ...
release	Build and verify public release	2026-10-04T03:09:04.2050516Z # Subtest: R177 missing competitor shares or failed provider cannot invent an enemy lane
release	Build and verify public release	2026-10-04T03:09:04.2052025Z ok 321 - R177 missing competitor shares or failed provider cannot invent an enemy lane
release	Build and verify public release	2026-10-04T03:09:04.2053023Z   ---
release	Build and verify public release	2026-10-04T03:09:04.2053590Z   duration_ms: 167.298
release	Build and verify public release	2026-10-04T03:09:04.2054200Z   type: 'test'
release	Build and verify public release	2026-10-04T03:09:04.2054727Z   ...
release	Build and verify public release	2026-10-04T03:09:04.2055745Z # Subtest: R177 unavailable diagnostics follow shape changes and cap at twenty per game
release	Build and verify public release	2026-10-04T03:09:04.2057252Z ok 322 - R177 unavailable diagnostics follow shape changes and cap at twenty per game
release	Build and verify public release	2026-10-04T03:09:04.2058596Z   ---
release	Build and verify public release	2026-10-04T03:09:04.2059163Z   duration_ms: 45.2064
release	Build and verify public release	2026-10-04T03:09:04.2059759Z   type: 'test'
release	Build and verify public release	2026-10-04T03:09:04.2060344Z   ...
release	Build and verify public release	2026-10-04T03:09:04.2061344Z # Subtest: R177 a pending timed retry stays single flight and a source switch cancels it
release	Build and verify public release	2026-10-04T03:09:04.2062779Z ok 323 - R177 a pending timed retry stays single flight and a source switch cancels it
release	Build and verify public release	2026-10-04T03:09:04.2063777Z   ---
release	Build and verify public release	2026-10-04T03:09:04.2064347Z   duration_ms: 63.6525
release	Build and verify public release	2026-10-04T03:09:04.2065056Z   type: 'test'
release	Build and verify public release	2026-10-04T03:09:04.2065574Z   ...
release	Build and verify public release	2026-10-04T03:09:04.2066552Z # Subtest: R177 partial starter patches do not create a fresh retry budget for remaining rows
release	Build and verify public release	2026-10-04T03:09:04.2068059Z ok 324 - R177 partial starter patches do not create a fresh retry budget for remaining rows
release	Build and verify public release	2026-10-04T03:09:04.2069047Z   ---
release	Build and verify public release	2026-10-04T03:09:04.2069582Z   duration_ms: 88.2206
release	Build and verify public release	2026-10-04T03:09:04.2070152Z   type: 'test'
release	Build and verify public release	2026-10-04T03:09:04.2070619Z   ...
release	Build and verify public release	2026-10-04T03:09:04.2071502Z # Subtest: R202 current mode ten games render the true count and ten history blocks
release	Build and verify public release	2026-10-04T03:09:04.2073235Z ok 325 - R202 current mode ten games render the true count and ten history blocks
release	Build and verify public release	2026-10-04T03:09:04.2074386Z   ---
release	Build and verify public release	2026-10-04T03:09:04.2074871Z   duration_ms: 116.2998
release	Build and verify public release	2026-10-04T03:09:04.2075407Z   type: 'test'
release	Build and verify public release	2026-10-04T03:09:04.2075845Z   ...
release	Build and verify public release	2026-10-04T03:09:04.2078215Z # Subtest: 总览未连接态只提供客户端入口且不提供密码输入
release	Build and verify public release	2026-10-04T03:09:04.2084477Z ok 326 - 总览未连接态只提供客户端入口且不提供密码输入
release	Build and verify public release	2026-10-04T03:09:04.2085075Z   ---
release	Build and verify public release	2026-10-04T03:09:04.2085535Z   duration_ms: 1.8186
release	Build and verify public release	2026-10-04T03:09:04.2086014Z   type: 'test'
release	Build and verify public release	2026-10-04T03:09:04.2086436Z   ...
release	Build and verify public release	2026-10-04T03:09:04.2087238Z # Subtest: 国服纯净入口动作只提交固定 tcls id 并进入等待登录状态
release	Build and verify public release	2026-10-04T03:09:04.2088019Z ok 327 - 国服纯净入口动作只提交固定 tcls id 并进入等待登录状态
release	Build and verify public release	2026-10-04T03:09:04.2088554Z   ---
release	Build and verify public release	2026-10-04T03:09:04.2088983Z   duration_ms: 1.5349
release	Build and verify public release	2026-10-04T03:09:04.2089446Z   type: 'test'
release	Build and verify public release	2026-10-04T03:09:04.2089848Z   ...
release	Build and verify public release	2026-10-04T03:09:04.2090722Z # Subtest: 所有客户端入口共享启动锁并在失败后立即解锁
release	Build and verify public release	2026-10-04T03:09:04.2216543Z ok 328 - 所有客户端入口共享启动锁并在失败后立即解锁
release	Build and verify public release	2026-10-04T03:09:04.2307400Z   ---
release	Build and verify public release	2026-10-04T03:09:04.2377687Z   duration_ms: 1.1027
release	Build and verify public release	2026-10-04T03:09:04.2397803Z   type: 'test'
release	Build and verify public release	2026-10-04T03:09:04.2418179Z   ...
release	Build and verify public release	2026-10-04T03:09:04.2419128Z # Subtest: Riot 入口成功后进入对应等待状态并只安排状态刷新
release	Build and verify public release	2026-10-04T03:09:04.2420061Z ok 329 - Riot 入口成功后进入对应等待状态并只安排状态刷新
release	Build and verify public release	2026-10-04T03:09:04.2420741Z   ---
release	Build and verify public release	2026-10-04T03:09:04.2421265Z   duration_ms: 0.6129
release	Build and verify public release	2026-10-04T03:09:04.2421832Z   type: 'test'
release	Build and verify public release	2026-10-04T03:09:04.2422319Z   ...
release	Build and verify public release	2026-10-04T03:09:04.2423151Z # Subtest: 启动成功后隐藏入口并按客户端显示等待登录状态
release	Build and verify public release	2026-10-04T03:09:04.2424042Z ok 330 - 启动成功后隐藏入口并按客户端显示等待登录状态
release	Build and verify public release	2026-10-04T03:09:04.2424669Z   ---
release	Build and verify public release	2026-10-04T03:09:04.2425188Z   duration_ms: 180.6525
release	Build and verify public release	2026-10-04T03:09:04.2425791Z   type: 'test'
release	Build and verify public release	2026-10-04T03:09:04.2426283Z   ...
release	Build and verify public release	2026-10-04T03:09:04.2427278Z # Subtest: 启动入口只渲染可用的 TCLS 与 Riot 客户端并使用统一卡片
release	Build and verify public release	2026-10-04T03:09:04.2428279Z ok 331 - 启动入口只渲染可用的 TCLS 与 Riot 客户端并使用统一卡片
release	Build and verify public release	2026-10-04T03:09:04.2429028Z   ---
release	Build and verify public release	2026-10-04T03:09:04.2429531Z   duration_ms: 0.6687
release	Build and verify public release	2026-10-04T03:09:04.2430092Z   type: 'test'
release	Build and verify public release	2026-10-04T03:09:04.2430597Z   ...
release	Build and verify public release	2026-10-04T03:09:04.2431528Z # Subtest: 安装扫描失败与未安装状态分开显示并允许重试
release	Build and verify public release	2026-10-04T03:09:04.2432442Z ok 332 - 安装扫描失败与未安装状态分开显示并允许重试
release	Build and verify public release	2026-10-04T03:09:04.2433050Z   ---
release	Build and verify public release	2026-10-04T03:09:04.2433566Z   duration_ms: 1.1194
release	Build and verify public release	2026-10-04T03:09:04.2434136Z   type: 'test'
release	Build and verify public release	2026-10-04T03:09:04.2434635Z   ...
release	Build and verify public release	2026-10-04T03:09:04.2442146Z # Subtest: filter deadline aborts fetch and records a retryable timeout
release	Build and verify public release	2026-10-04T03:09:04.2443486Z ok 333 - filter deadline aborts fetch and records a retryable timeout
release	Build and verify public release	2026-10-04T03:09:04.2444375Z   ---
release	Build and verify public release	2026-10-04T03:09:04.2444859Z   duration_ms: 3.3409
release	Build and verify public release	2026-10-04T03:09:04.2445387Z   type: 'test'
release	Build and verify public release	2026-10-04T03:09:04.2445835Z   ...
release	Build and verify public release	2026-10-04T03:09:04.2446663Z # Subtest: all five modal lane values match the real backend ranking whitelist
release	Build and verify public release	2026-10-04T03:09:04.2447937Z ok 334 - all five modal lane values match the real backend ranking whitelist
release	Build and verify public release	2026-10-04T03:09:04.2454474Z   ---
release	Build and verify public release	2026-10-04T03:09:04.2454978Z   duration_ms: 3.5932
release	Build and verify public release	2026-10-04T03:09:04.2455561Z   type: 'test'
release	Build and verify public release	2026-10-04T03:09:04.2456027Z   ...
release	Build and verify public release	2026-10-04T03:09:04.2456905Z # Subtest: stale success cannot overwrite all, newer lane, or a reopened dialog
release	Build and verify public release	2026-10-04T03:09:04.2458638Z ok 335 - stale success cannot overwrite all, newer lane, or a reopened dialog
release	Build and verify public release	2026-10-04T03:09:04.2459410Z   ---
release	Build and verify public release	2026-10-04T03:09:04.2459920Z   duration_ms: 2.8624
release	Build and verify public release	2026-10-04T03:09:04.2460440Z   type: 'test'
release	Build and verify public release	2026-10-04T03:09:04.2460881Z   ...
release	Build and verify public release	2026-10-04T03:09:04.2461688Z # Subtest: stale failure is quiet, current failure resets and is retryable
release	Build and verify public release	2026-10-04T03:09:04.2462906Z ok 336 - stale failure is quiet, current failure resets and is retryable
release	Build and verify public release	2026-10-04T03:09:04.2463729Z   ---
release	Build and verify public release	2026-10-04T03:09:04.2464218Z   duration_ms: 1.0293
release	Build and verify public release	2026-10-04T03:09:04.2464749Z   type: 'test'
release	Build and verify public release	2026-10-04T03:09:04.2465188Z   ...
release	Build and verify public release	2026-10-04T03:09:04.2465935Z # Subtest: malformed rows are not cached as a successful empty list
release	Build and verify public release	2026-10-04T03:09:04.2466979Z ok 337 - malformed rows are not cached as a successful empty list
release	Build and verify public release	2026-10-04T03:09:04.2468228Z   ---
release	Build and verify public release	2026-10-04T03:09:04.2468696Z   duration_ms: 0.471
release	Build and verify public release	2026-10-04T03:09:04.2470531Z   type: 'test'
release	Build and verify public release	2026-10-04T03:09:04.2471099Z   ...
release	Build and verify public release	2026-10-04T03:09:04.2471828Z # Subtest: closing the dialog prevents old response application
release	Build and verify public release	2026-10-04T03:09:04.2472887Z ok 338 - closing the dialog prevents old response application
release	Build and verify public release	2026-10-04T03:09:04.2473630Z   ---
release	Build and verify public release	2026-10-04T03:09:04.2474094Z   duration_ms: 0.3102
release	Build and verify public release	2026-10-04T03:09:04.2474626Z   type: 'test'
release	Build and verify public release	2026-10-04T03:09:04.2475064Z   ...
release	Build and verify public release	2026-10-04T03:09:04.2475969Z # Subtest: R87 P9 disposal aborts filtering and late success cannot update the dialog
release	Build and verify public release	2026-10-04T03:09:04.2477986Z ok 339 - R87 P9 disposal aborts filtering and late success cannot update the dialog
release	Build and verify public release	2026-10-04T03:09:04.2478938Z   ---
release	Build and verify public release	2026-10-04T03:09:04.2479409Z   duration_ms: 0.6472
release	Build and verify public release	2026-10-04T03:09:04.2479938Z   type: 'test'
release	Build and verify public release	2026-10-04T03:09:04.2480455Z   ...
release	Build and verify public release	2026-10-04T03:09:04.2481435Z # Subtest: R100 progress updates ready profile fields but null and empty never wipe career
release	Build and verify public release	2026-10-04T03:09:04.2482937Z ok 340 - R100 progress updates ready profile fields but null and empty never wipe career
release	Build and verify public release	2026-10-04T03:09:04.2483951Z   ---
release	Build and verify public release	2026-10-04T03:09:04.2484419Z   duration_ms: 206.205
release	Build and verify public release	2026-10-04T03:09:04.2484932Z   type: 'test'
release	Build and verify public release	2026-10-04T03:09:04.2485380Z   ...
release	Build and verify public release	2026-10-04T03:09:04.2486277Z # Subtest: R100 historical enrichment defers while foreground overview is in flight
release	Build and verify public release	2026-10-04T03:09:04.2487670Z ok 341 - R100 historical enrichment defers while foreground overview is in flight
release	Build and verify public release	2026-10-04T03:09:04.2488597Z   ---
release	Build and verify public release	2026-10-04T03:09:04.2489065Z   duration_ms: 2.246
release	Build and verify public release	2026-10-04T03:09:04.2489561Z   type: 'test'
release	Build and verify public release	2026-10-04T03:09:04.2490000Z   ...
release	Build and verify public release	2026-10-04T03:09:04.2491045Z # Subtest: R100 image admission covers lazy DOM images and detached prefetch without same-URL retries
release	Build and verify public release	2026-10-04T03:09:04.2492692Z ok 342 - R100 image admission covers lazy DOM images and detached prefetch without same-URL retries
release	Build and verify public release	2026-10-04T03:09:04.2493742Z   ---
release	Build and verify public release	2026-10-04T03:09:04.2494218Z   duration_ms: 75.651
release	Build and verify public release	2026-10-04T03:09:04.2494727Z   type: 'test'
release	Build and verify public release	2026-10-04T03:09:04.2495188Z   ...
release	Build and verify public release	2026-10-04T03:09:05.3097290Z # Subtest: R101 lock wait stays visible and disabled in all strategies
release	Build and verify public release	2026-10-04T03:09:05.3098736Z ok 343 - R101 lock wait stays visible and disabled in all strategies
release	Build and verify public release	2026-10-04T03:09:05.3099562Z   ---
release	Build and verify public release	2026-10-04T03:09:05.3100032Z   duration_ms: 395.7904
release	Build and verify public release	2026-10-04T03:09:05.3100580Z   type: 'test'
release	Build and verify public release	2026-10-04T03:09:05.3101028Z   ...
release	Build and verify public release	2026-10-04T03:09:05.4440976Z # Subtest: R101 strategy switch never saves a zero lock wait, even synthetic disabled change
release	Build and verify public release	2026-10-04T03:09:05.4442771Z ok 344 - R101 strategy switch never saves a zero lock wait, even synthetic disabled change
release	Build and verify public release	2026-10-04T03:09:05.4446675Z   ---
release	Build and verify public release	2026-10-04T03:09:05.4447219Z   duration_ms: 181.5211
release	Build and verify public release	2026-10-04T03:09:05.4447780Z   type: 'test'
release	Build and verify public release	2026-10-04T03:09:05.4448200Z   ...
release	Build and verify public release	2026-10-04T03:09:05.4449123Z # Subtest: R101 facade moves cards left and removes only obsolete explanation and accent
release	Build and verify public release	2026-10-04T03:09:05.4450579Z ok 345 - R101 facade moves cards left and removes only obsolete explanation and accent
release	Build and verify public release	2026-10-04T03:09:05.4451504Z   ---
release	Build and verify public release	2026-10-04T03:09:05.4451986Z   duration_ms: 61.2766
release	Build and verify public release	2026-10-04T03:09:05.4452493Z   type: 'test'
release	Build and verify public release	2026-10-04T03:09:05.4452917Z   ...
release	Build and verify public release	2026-10-04T03:09:05.7912152Z # Subtest: R104 image cancellation during repeated rerender is not URL failure poisoning
release	Build and verify public release	2026-10-04T03:09:05.7914270Z ok 346 - R104 image cancellation during repeated rerender is not URL failure poisoning
release	Build and verify public release	2026-10-04T03:09:05.7915382Z   ---
release	Build and verify public release	2026-10-04T03:09:05.7916852Z   duration_ms: 222.4338
release	Build and verify public release	2026-10-04T03:09:05.7917440Z   type: 'test'
release	Build and verify public release	2026-10-04T03:09:05.7917892Z   ...
release	Build and verify public release	2026-10-04T03:09:05.7978222Z # Subtest: R104 real image error retries automatically after cooldown
release	Build and verify public release	2026-10-04T03:09:05.7980957Z ok 347 - R104 real image error retries automatically after cooldown
release	Build and verify public release	2026-10-04T03:09:05.7981950Z   ---
release	Build and verify public release	2026-10-04T03:09:05.7982530Z   duration_ms: 22.6636
release	Build and verify public release	2026-10-04T03:09:05.7983139Z   type: 'test'
release	Build and verify public release	2026-10-04T03:09:05.7984173Z   ...
release	Build and verify public release	2026-10-04T03:09:08.7174083Z # Subtest: R105 all 53 reviewed accounts remain available after expanding unranked groups
release	Build and verify public release	2026-10-04T03:09:08.7179953Z ok 348 - R105 all 53 reviewed accounts remain available after expanding unranked groups
release	Build and verify public release	2026-10-04T03:09:08.7180776Z   ---
release	Build and verify public release	2026-10-04T03:09:08.7181338Z   duration_ms: 3052.3129
release	Build and verify public release	2026-10-04T03:09:08.7181882Z   type: 'test'
release	Build and verify public release	2026-10-04T03:09:08.7182348Z   ...
release	Build and verify public release	2026-10-04T03:09:08.7613698Z # Subtest: R106 game icons without src remain visible and enter the real lazy queue
release	Build and verify public release	2026-10-04T03:09:08.7618035Z ok 349 - R106 game icons without src remain visible and enter the real lazy queue
release	Build and verify public release	2026-10-04T03:09:08.7619076Z   ---
release	Build and verify public release	2026-10-04T03:09:08.7636229Z   duration_ms: 254.6901
release	Build and verify public release	2026-10-04T03:09:08.7664179Z   type: 'test'
release	Build and verify public release	2026-10-04T03:09:08.7666046Z   ...
release	Build and verify public release	2026-10-04T03:09:08.7668174Z # Subtest: R106 champion icons without src remain visible and enter the real lazy queue
release	Build and verify public release	2026-10-04T03:09:08.7670476Z ok 350 - R106 champion icons without src remain visible and enter the real lazy queue
release	Build and verify public release	2026-10-04T03:09:08.7671519Z   ---
release	Build and verify public release	2026-10-04T03:09:08.7672086Z   duration_ms: 35.8656
release	Build and verify public release	2026-10-04T03:09:08.7672634Z   type: 'test'
release	Build and verify public release	2026-10-04T03:09:08.7673085Z   ...
release	Build and verify public release	2026-10-04T03:09:08.7673963Z # Subtest: R106 reopening a successfully loaded icon stays behind cold queue slots
release	Build and verify public release	2026-10-04T03:09:08.7675249Z ok 351 - R106 reopening a successfully loaded icon stays behind cold queue slots
release	Build and verify public release	2026-10-04T03:09:08.7676124Z   ---
release	Build and verify public release	2026-10-04T03:09:08.7676621Z   duration_ms: 34.1705
release	Build and verify public release	2026-10-04T03:09:08.7677116Z   type: 'test'
release	Build and verify public release	2026-10-04T03:09:08.7677590Z   ...
release	Build and verify public release	2026-10-04T03:09:08.7678507Z # Subtest: R106 an unset career background does not invent an applied or pending background
release	Build and verify public release	2026-10-04T03:09:08.7679845Z ok 352 - R106 an unset career background does not invent an applied or pending background
release	Build and verify public release	2026-10-04T03:09:08.7680764Z   ---
release	Build and verify public release	2026-10-04T03:09:08.7681247Z   duration_ms: 2.0364
release	Build and verify public release	2026-10-04T03:09:08.7681739Z   type: 'test'
release	Build and verify public release	2026-10-04T03:09:08.7682228Z   ...
release	Build and verify public release	2026-10-04T03:09:08.7683225Z # Subtest: R106 only ranked accounts start expanded and timestamps show only last match start
release	Build and verify public release	2026-10-04T03:09:08.7684644Z ok 353 - R106 only ranked accounts start expanded and timestamps show only last match start
release	Build and verify public release	2026-10-04T03:09:08.7707898Z   ---
release	Build and verify public release	2026-10-04T03:09:08.7744004Z   duration_ms: 332.5345
release	Build and verify public release	2026-10-04T03:09:08.7783387Z   type: 'test'
release	Build and verify public release	2026-10-04T03:09:08.7784844Z   ...
release	Build and verify public release	2026-10-04T03:09:08.7786566Z # Subtest: R108 quota recovery resumes the correct incomplete first page
release	Build and verify public release	2026-10-04T03:09:08.7789401Z ok 354 - R108 quota recovery resumes the correct incomplete first page
release	Build and verify public release	2026-10-04T03:09:08.7806878Z   ---
release	Build and verify public release	2026-10-04T03:09:08.7826418Z   duration_ms: 4.9935
release	Build and verify public release	2026-10-04T03:09:08.7853535Z   type: 'test'
release	Build and verify public release	2026-10-04T03:09:08.7855191Z   ...
release	Build and verify public release	2026-10-04T03:09:08.7856202Z # Subtest: R108 quota recovery resumes the correct next page
release	Build and verify public release	2026-10-04T03:09:08.7857728Z ok 355 - R108 quota recovery resumes the correct next page
release	Build and verify public release	2026-10-04T03:09:08.7868968Z   ---
release	Build and verify public release	2026-10-04T03:09:08.7871679Z   duration_ms: 3.493
release	Build and verify public release	2026-10-04T03:09:08.7872547Z   type: 'test'
release	Build and verify public release	2026-10-04T03:09:08.7874020Z   ...
release	Build and verify public release	2026-10-04T03:09:08.7876303Z # Subtest: R108 active quota avoids useless manual calls and loading state never offers another load button
release	Build and verify public release	2026-10-04T03:09:08.7878724Z ok 356 - R108 active quota avoids useless manual calls and loading state never offers another load button
release	Build and verify public release	2026-10-04T03:09:08.7880186Z   ---
release	Build and verify public release	2026-10-04T03:09:08.8004898Z   duration_ms: 2.4292
release	Build and verify public release	2026-10-04T03:09:08.8010510Z   type: 'test'
release	Build and verify public release	2026-10-04T03:09:08.8011334Z   ...
release	Build and verify public release	2026-10-04T03:09:08.8012364Z # Subtest: R108 changing modes never merges another queue and returning restores its cached cursor
release	Build and verify public release	2026-10-04T03:09:08.8014079Z ok 357 - R108 changing modes never merges another queue and returning restores its cached cursor
release	Build and verify public release	2026-10-04T03:09:08.8015207Z   ---
release	Build and verify public release	2026-10-04T03:09:08.8015788Z   duration_ms: 3.8561
release	Build and verify public release	2026-10-04T03:09:08.8016415Z   type: 'test'
release	Build and verify public release	2026-10-04T03:09:08.8016951Z   ...
release	Build and verify public release	2026-10-04T03:09:08.8017915Z # Subtest: R108 special-mode fallback pauses after a bounded number of pages
release	Build and verify public release	2026-10-04T03:09:08.8019696Z ok 358 - R108 special-mode fallback pauses after a bounded number of pages
release	Build and verify public release	2026-10-04T03:09:08.8028040Z   ---
release	Build and verify public release	2026-10-04T03:09:08.8028620Z   duration_ms: 0.9872
release	Build and verify public release	2026-10-04T03:09:08.8029170Z   type: 'test'
release	Build and verify public release	2026-10-04T03:09:08.8030039Z   ...
release	Build and verify public release	2026-10-04T03:09:08.8031195Z # Subtest: R109 changing filter accepts complete profile without replacing the existing career samples
release	Build and verify public release	2026-10-04T03:09:08.8032980Z ok 359 - R109 changing filter accepts complete profile without replacing the existing career samples
release	Build and verify public release	2026-10-04T03:09:08.8034063Z   ---
release	Build and verify public release	2026-10-04T03:09:08.8034677Z   duration_ms: 4.7428
release	Build and verify public release	2026-10-04T03:09:08.8035242Z   type: 'test'
release	Build and verify public release	2026-10-04T03:09:08.8035747Z   ...
release	Build and verify public release	2026-10-04T03:09:08.8036841Z # Subtest: R109 failed complete profile preserves verified header while authoritative empty clears rank
release	Build and verify public release	2026-10-04T03:09:08.8038552Z ok 360 - R109 failed complete profile preserves verified header while authoritative empty clears rank
release	Build and verify public release	2026-10-04T03:09:08.8039706Z   ---
release	Build and verify public release	2026-10-04T03:09:08.8040233Z   duration_ms: 2.9589
release	Build and verify public release	2026-10-04T03:09:08.8040781Z   type: 'test'
release	Build and verify public release	2026-10-04T03:09:08.8041264Z   ...
release	Build and verify public release	2026-10-04T03:09:08.8042343Z # Subtest: R109 independent tabs keep background and rank from their own streamed and complete data
release	Build and verify public release	2026-10-04T03:09:08.8043961Z ok 361 - R109 independent tabs keep background and rank from their own streamed and complete data
release	Build and verify public release	2026-10-04T03:09:08.8045020Z   ---
release	Build and verify public release	2026-10-04T03:09:08.8045528Z   duration_ms: 1.6883
release	Build and verify public release	2026-10-04T03:09:08.8046131Z   type: 'test'
release	Build and verify public release	2026-10-04T03:09:08.8046606Z   ...
release	Build and verify public release	2026-10-04T03:09:08.8047569Z # Subtest: R109 retained artwork is observed again and loaded class follows the new parent
release	Build and verify public release	2026-10-04T03:09:08.8048833Z ok 362 - R109 retained artwork is observed again and loaded class follows the new parent
release	Build and verify public release	2026-10-04T03:09:08.8050080Z   ---
release	Build and verify public release	2026-10-04T03:09:08.8050628Z   duration_ms: 256.8883
release	Build and verify public release	2026-10-04T03:09:08.8051162Z   type: 'test'
release	Build and verify public release	2026-10-04T03:09:08.8051609Z   ...
release	Build and verify public release	2026-10-04T03:09:08.8052547Z # Subtest: R109 missing rank distinguishes loading, unavailable and verified unranked
release	Build and verify public release	2026-10-04T03:09:08.8053927Z ok 363 - R109 missing rank distinguishes loading, unavailable and verified unranked
release	Build and verify public release	2026-10-04T03:09:08.8054824Z   ---
release	Build and verify public release	2026-10-04T03:09:08.8055309Z   duration_ms: 0.8531
release	Build and verify public release	2026-10-04T03:09:08.8055823Z   type: 'test'
release	Build and verify public release	2026-10-04T03:09:08.8056280Z   ...
release	Build and verify public release	2026-10-04T03:09:09.7623124Z # Subtest: R110 tab selection, progress and unrelated scroll preserve all existing avatar nodes
release	Build and verify public release	2026-10-04T03:09:09.7626138Z ok 364 - R110 tab selection, progress and unrelated scroll preserve all existing avatar nodes
release	Build and verify public release	2026-10-04T03:09:09.7629095Z   ---
release	Build and verify public release	2026-10-04T03:09:09.7629723Z   duration_ms: 298.5656
release	Build and verify public release	2026-10-04T03:09:09.7630361Z   type: 'test'
release	Build and verify public release	2026-10-04T03:09:09.7630908Z   ...
release	Build and verify public release	2026-10-04T03:09:09.7634877Z # Subtest: R110 a newly streamed root card expands on the first click without replacing summary images
release	Build and verify public release	2026-10-04T03:09:09.7636400Z ok 365 - R110 a newly streamed root card expands on the first click without replacing summary images
release	Build and verify public release	2026-10-04T03:09:09.7637774Z   ---
release	Build and verify public release	2026-10-04T03:09:09.7638382Z   duration_ms: 44.63
release	Build and verify public release	2026-10-04T03:09:09.7638981Z   type: 'test'
release	Build and verify public release	2026-10-04T03:09:09.7639502Z   ...
release	Build and verify public release	2026-10-04T03:09:09.7991708Z # Subtest: R111 admitted lazy thumbnails start eagerly and all visible images drain the queue
release	Build and verify public release	2026-10-04T03:09:09.7993183Z ok 366 - R111 admitted lazy thumbnails start eagerly and all visible images drain the queue
release	Build and verify public release	2026-10-04T03:09:09.7994305Z   ---
release	Build and verify public release	2026-10-04T03:09:09.7994984Z   duration_ms: 271.9181
release	Build and verify public release	2026-10-04T03:09:09.7995654Z   type: 'test'
release	Build and verify public release	2026-10-04T03:09:09.7996184Z   ...
release	Build and verify public release	2026-10-04T03:09:09.7997215Z # Subtest: R111 switching an in-flight image to its fallback does not strand the new URL
release	Build and verify public release	2026-10-04T03:09:09.7998518Z ok 367 - R111 switching an in-flight image to its fallback does not strand the new URL
release	Build and verify public release	2026-10-04T03:09:09.7999542Z   ---
release	Build and verify public release	2026-10-04T03:09:09.8000296Z   duration_ms: 27.5122
release	Build and verify public release	2026-10-04T03:09:09.8000979Z   type: 'test'
release	Build and verify public release	2026-10-04T03:09:09.8002003Z   ...
release	Build and verify public release	2026-10-04T03:09:09.8890757Z # Subtest: R111 picker chunks and unrelated UI changes do not rescan the whole document
release	Build and verify public release	2026-10-04T03:09:09.8892943Z ok 368 - R111 picker chunks and unrelated UI changes do not rescan the whole document
release	Build and verify public release	2026-10-04T03:09:09.8895343Z   ---
release	Build and verify public release	2026-10-04T03:09:09.8897338Z   duration_ms: 31.6904
release	Build and verify public release	2026-10-04T03:09:09.8903780Z   type: 'test'
release	Build and verify public release	2026-10-04T03:09:09.8907718Z   ...
release	Build and verify public release	2026-10-04T03:09:09.8911070Z # Subtest: R111 automatic pagination needs downward user intent and stops when its tab is inactive
release	Build and verify public release	2026-10-04T03:09:09.8912878Z ok 369 - R111 automatic pagination needs downward user intent and stops when its tab is inactive
release	Build and verify public release	2026-10-04T03:09:09.8913977Z   ---
release	Build and verify public release	2026-10-04T03:09:09.8914538Z   duration_ms: 52.8377
release	Build and verify public release	2026-10-04T03:09:09.8915148Z   type: 'test'
release	Build and verify public release	2026-10-04T03:09:09.8915637Z   ...
release	Build and verify public release	2026-10-04T03:09:09.8916664Z # Subtest: R111 read-only detection preserves committed state, hero selection and loaded DOM
release	Build and verify public release	2026-10-04T03:09:09.8919333Z ok 370 - R111 read-only detection preserves committed state, hero selection and loaded DOM
release	Build and verify public release	2026-10-04T03:09:09.8930512Z   ---
release	Build and verify public release	2026-10-04T03:09:09.8931115Z   duration_ms: 1.939
release	Build and verify public release	2026-10-04T03:09:09.8933871Z   type: 'test'
release	Build and verify public release	2026-10-04T03:09:09.8934425Z   ...
release	Build and verify public release	2026-10-04T03:09:09.8935396Z # Subtest: R111 failed background refresh retains the existing career DOM and draft
release	Build and verify public release	2026-10-04T03:09:09.8936806Z ok 371 - R111 failed background refresh retains the existing career DOM and draft
release	Build and verify public release	2026-10-04T03:09:09.8937784Z   ---
release	Build and verify public release	2026-10-04T03:09:09.8938328Z   duration_ms: 25.522
release	Build and verify public release	2026-10-04T03:09:09.8938883Z   type: 'test'
release	Build and verify public release	2026-10-04T03:09:09.8939400Z   ...
release	Build and verify public release	2026-10-04T03:09:10.5542726Z # Subtest: R113 transient history errors remain retryable while unavailable and empty results are terminal
release	Build and verify public release	2026-10-04T03:09:10.5544733Z ok 372 - R113 transient history errors remain retryable while unavailable and empty results are terminal
release	Build and verify public release	2026-10-04T03:09:10.5546922Z   ---
release	Build and verify public release	2026-10-04T03:09:10.5548713Z   duration_ms: 14.0088
release	Build and verify public release	2026-10-04T03:09:10.5549442Z   type: 'test'
release	Build and verify public release	2026-10-04T03:09:10.5549904Z   ...
release	Build and verify public release	2026-10-04T03:09:10.5553123Z # Subtest: R113 selecting an exhausted dirty tab immediately replaces the old player content
release	Build and verify public release	2026-10-04T03:09:10.5567232Z ok 373 - R113 selecting an exhausted dirty tab immediately replaces the old player content
release	Build and verify public release	2026-10-04T03:09:10.5569883Z   ---
release	Build and verify public release	2026-10-04T03:09:10.5576443Z   duration_ms: 175.442
release	Build and verify public release	2026-10-04T03:09:10.5581747Z   type: 'test'
release	Build and verify public release	2026-10-04T03:09:10.5584020Z   ...
release	Build and verify public release	2026-10-04T03:09:10.5590858Z # Subtest: R113 local settlement leaves unrelated Korean tabs and their caches alone
release	Build and verify public release	2026-10-04T03:09:10.5599228Z ok 374 - R113 local settlement leaves unrelated Korean tabs and their caches alone
release	Build and verify public release	2026-10-04T03:09:10.5602112Z   ---
release	Build and verify public release	2026-10-04T03:09:10.5602587Z   duration_ms: 7.0327
release	Build and verify public release	2026-10-04T03:09:10.5603091Z   type: 'test'
release	Build and verify public release	2026-10-04T03:09:10.5603885Z   ...
release	Build and verify public release	2026-10-04T03:09:10.5604866Z # Subtest: R113 a match phase preloads while another page or a hidden window is active
release	Build and verify public release	2026-10-04T03:09:10.5606433Z ok 375 - R113 a match phase preloads while another page or a hidden window is active
release	Build and verify public release	2026-10-04T03:09:10.5607342Z   ---
release	Build and verify public release	2026-10-04T03:09:10.5607780Z   duration_ms: 38.1577
release	Build and verify public release	2026-10-04T03:09:10.5608261Z   type: 'test'
release	Build and verify public release	2026-10-04T03:09:10.5608689Z   ...
release	Build and verify public release	2026-10-04T03:09:10.5609514Z # Subtest: R113 background retries stop after the budget or a complete snapshot
release	Build and verify public release	2026-10-04T03:09:10.5618490Z ok 376 - R113 background retries stop after the budget or a complete snapshot
release	Build and verify public release	2026-10-04T03:09:10.5669958Z   ---
release	Build and verify public release	2026-10-04T03:09:10.5670438Z   duration_ms: 18.8326
release	Build and verify public release	2026-10-04T03:09:10.5670936Z   type: 'test'
release	Build and verify public release	2026-10-04T03:09:10.5671326Z   ...
release	Build and verify public release	2026-10-04T03:09:10.5672237Z # Subtest: R113 non-leader matchmaking is an inline condition, never a repeated failure toast
release	Build and verify public release	2026-10-04T03:09:10.5673611Z ok 377 - R113 non-leader matchmaking is an inline condition, never a repeated failure toast
release	Build and verify public release	2026-10-04T03:09:10.5744831Z   ---
release	Build and verify public release	2026-10-04T03:09:10.5745325Z   duration_ms: 3.7701
release	Build and verify public release	2026-10-04T03:09:10.5745710Z   type: 'test'
release	Build and verify public release	2026-10-04T03:09:10.5746489Z   ...
release	Build and verify public release	2026-10-04T03:09:10.5747198Z # Subtest: R113 ARAM live cards omit ranks and keep their three verified metrics
release	Build and verify public release	2026-10-04T03:09:10.5748495Z ok 378 - R113 ARAM live cards omit ranks and keep their three verified metrics
release	Build and verify public release	2026-10-04T03:09:10.5749143Z   ---
release	Build and verify public release	2026-10-04T03:09:10.5749466Z   duration_ms: 55.1051
release	Build and verify public release	2026-10-04T03:09:10.5749825Z   type: 'test'
release	Build and verify public release	2026-10-04T03:09:10.5750116Z   ...
release	Build and verify public release	2026-10-04T03:09:10.5750928Z # Subtest: R113 silver source rows survive nine earlier gold rows in both recommendation views
release	Build and verify public release	2026-10-04T03:09:10.5752208Z ok 379 - R113 silver source rows survive nine earlier gold rows in both recommendation views
release	Build and verify public release	2026-10-04T03:09:10.5752951Z   ---
release	Build and verify public release	2026-10-04T03:09:10.5753255Z   duration_ms: 8.6545
release	Build and verify public release	2026-10-04T03:09:10.5753610Z   type: 'test'
release	Build and verify public release	2026-10-04T03:09:10.5753894Z   ...
release	Build and verify public release	2026-10-04T03:09:10.6018840Z # Subtest: R114 rank card popover presents only the supported Mayhem estimate
release	Build and verify public release	2026-10-04T03:09:10.6022536Z ok 380 - R114 rank card popover presents only the supported Mayhem estimate
release	Build and verify public release	2026-10-04T03:09:10.6023645Z   ---
release	Build and verify public release	2026-10-04T03:09:10.6115035Z   duration_ms: 3.2764
release	Build and verify public release	2026-10-04T03:09:10.6207747Z   type: 'test'
release	Build and verify public release	2026-10-04T03:09:10.6209571Z   ...
release	Build and verify public release	2026-10-04T03:09:10.6269831Z # Subtest: R114 overview automatically queries once with an opaque reference
release	Build and verify public release	2026-10-04T03:09:10.6272575Z ok 381 - R114 overview automatically queries once with an opaque reference
release	Build and verify public release	2026-10-04T03:09:10.6273762Z   ---
release	Build and verify public release	2026-10-04T03:09:10.6276691Z   duration_ms: 7.3628
release	Build and verify public release	2026-10-04T03:09:10.6284917Z   type: 'test'
release	Build and verify public release	2026-10-04T03:09:10.6287252Z   ...
release	Build and verify public release	2026-10-04T03:09:10.6289371Z # Subtest: R114 Korean overview never calls the CN-only ARAMKit endpoint
release	Build and verify public release	2026-10-04T03:09:10.6292016Z ok 382 - R114 Korean overview never calls the CN-only ARAMKit endpoint
release	Build and verify public release	2026-10-04T03:09:10.6293203Z   ---
release	Build and verify public release	2026-10-04T03:09:10.6294240Z   duration_ms: 0.8545
release	Build and verify public release	2026-10-04T03:09:10.6295868Z   type: 'test'
release	Build and verify public release	2026-10-04T03:09:10.6297204Z   ...
release	Build and verify public release	2026-10-04T03:09:10.6444377Z # Subtest: score v2 is unchanged by participant ordering, including ties and badges
release	Build and verify public release	2026-10-04T03:09:10.6449474Z ok 383 - score v2 is unchanged by participant ordering, including ties and badges
release	Build and verify public release	2026-10-04T03:09:10.6450409Z   ---
release	Build and verify public release	2026-10-04T03:09:10.6450881Z   duration_ms: 4.8275
release	Build and verify public release	2026-10-04T03:09:10.6451439Z   type: 'test'
release	Build and verify public release	2026-10-04T03:09:10.6451926Z   ...
release	Build and verify public release	2026-10-04T03:09:10.6452835Z # Subtest: missing, null, invalid and all-zero dimensions are omitted for everyone
release	Build and verify public release	2026-10-04T03:09:10.6454638Z ok 384 - missing, null, invalid and all-zero dimensions are omitted for everyone
release	Build and verify public release	2026-10-04T03:09:10.6455536Z   ---
release	Build and verify public release	2026-10-04T03:09:10.6456086Z   duration_ms: 2.4976
release	Build and verify public release	2026-10-04T03:09:10.6474942Z   type: 'test'
release	Build and verify public release	2026-10-04T03:09:10.6475613Z   ...
release	Build and verify public release	2026-10-04T03:09:10.6476514Z # Subtest: equal relative performances in different roles receive equal scores
release	Build and verify public release	2026-10-04T03:09:10.6477805Z ok 385 - equal relative performances in different roles receive equal scores
release	Build and verify public release	2026-10-04T03:09:10.6478633Z   ---
release	Build and verify public release	2026-10-04T03:09:10.6479092Z   duration_ms: 4.6608
release	Build and verify public release	2026-10-04T03:09:10.6479576Z   type: 'test'
release	Build and verify public release	2026-10-04T03:09:10.6480040Z   ...
release	Build and verify public release	2026-10-04T03:09:10.6480927Z # Subtest: global median prevents one damage outlier suppressing unrelated players
release	Build and verify public release	2026-10-04T03:09:10.6482315Z ok 386 - global median prevents one damage outlier suppressing unrelated players
release	Build and verify public release	2026-10-04T03:09:10.6483241Z   ---
release	Build and verify public release	2026-10-04T03:09:10.6483773Z   duration_ms: 0.3687
release	Build and verify public release	2026-10-04T03:09:10.6484343Z   type: 'test'
release	Build and verify public release	2026-10-04T03:09:10.6484824Z   ...
release	Build and verify public release	2026-10-04T03:09:10.6485730Z # Subtest: assists have full KDA credit, zeros stay finite, victory adds no score
release	Build and verify public release	2026-10-04T03:09:10.6487119Z ok 387 - assists have full KDA credit, zeros stay finite, victory adds no score
release	Build and verify public release	2026-10-04T03:09:10.6488090Z   ---
release	Build and verify public release	2026-10-04T03:09:10.6488630Z   duration_ms: 0.6499
release	Build and verify public release	2026-10-04T03:09:10.6489306Z   type: 'test'
release	Build and verify public release	2026-10-04T03:09:10.6489825Z   ...
release	Build and verify public release	2026-10-04T03:09:10.6490738Z # Subtest: score tooltip exposes contributions that sum to the unrounded score
release	Build and verify public release	2026-10-04T03:09:10.6493733Z ok 388 - score tooltip exposes contributions that sum to the unrounded score
release	Build and verify public release	2026-10-04T03:09:10.6494957Z   ---
release	Build and verify public release	2026-10-04T03:09:10.6495626Z   duration_ms: 0.9157
release	Build and verify public release	2026-10-04T03:09:10.6496096Z   type: 'test'
release	Build and verify public release	2026-10-04T03:09:10.6496497Z   ...
release	Build and verify public release	2026-10-04T03:09:10.6497348Z # Subtest: incomplete radar preserves valid points without inventing a closed polygon
release	Build and verify public release	2026-10-04T03:09:10.6498618Z ok 389 - incomplete radar preserves valid points without inventing a closed polygon
release	Build and verify public release	2026-10-04T03:09:10.6499462Z   ---
release	Build and verify public release	2026-10-04T03:09:10.6499926Z   duration_ms: 1.9612
release	Build and verify public release	2026-10-04T03:09:10.6500393Z   type: 'test'
release	Build and verify public release	2026-10-04T03:09:10.6500793Z   ...
release	Build and verify public release	2026-10-04T03:09:11.7016737Z # Subtest: R115 initial resources retain friends and shared CSS, defer optional modules, and keep demo opt-in
release	Build and verify public release	2026-10-04T03:09:11.7018552Z ok 390 - R115 initial resources retain friends and shared CSS, defer optional modules, and keep demo opt-in
release	Build and verify public release	2026-10-04T03:09:11.7079057Z   ---
release	Build and verify public release	2026-10-04T03:09:11.7336701Z   duration_ms: 5.598
release	Build and verify public release	2026-10-04T03:09:11.7355054Z   type: 'test'
release	Build and verify public release	2026-10-04T03:09:11.7409141Z   ...
release	Build and verify public release	2026-10-04T03:09:11.7410673Z # Subtest: R115 module requests are singleflight and repeat entry does not add script nodes
release	Build and verify public release	2026-10-04T03:09:11.7412108Z ok 391 - R115 module requests are singleflight and repeat entry does not add script nodes
release	Build and verify public release	2026-10-04T03:09:11.7413595Z   ---
release	Build and verify public release	2026-10-04T03:09:11.7414097Z   duration_ms: 236.4623
release	Build and verify public release	2026-10-04T03:09:11.7414727Z   type: 'test'
release	Build and verify public release	2026-10-04T03:09:11.7415475Z   ...
release	Build and verify public release	2026-10-04T03:09:11.7583134Z # Subtest: R115 failed loading is visible, retryable and does not leave duplicate nodes
release	Build and verify public release	2026-10-04T03:09:11.7584784Z ok 392 - R115 failed loading is visible, retryable and does not leave duplicate nodes
release	Build and verify public release	2026-10-04T03:09:11.7585821Z   ---
release	Build and verify public release	2026-10-04T03:09:11.7586398Z   duration_ms: 38.8644
release	Build and verify public release	2026-10-04T03:09:11.7586983Z   type: 'test'
release	Build and verify public release	2026-10-04T03:09:11.7587485Z   ...
release	Build and verify public release	2026-10-04T03:09:11.7884779Z # Subtest: R115 stale module completion never navigates or loads a page after leaving
release	Build and verify public release	2026-10-04T03:09:11.7886639Z ok 393 - R115 stale module completion never navigates or loads a page after leaving
release	Build and verify public release	2026-10-04T03:09:11.7888075Z   ---
release	Build and verify public release	2026-10-04T03:09:11.7888714Z   duration_ms: 15.8671
release	Build and verify public release	2026-10-04T03:09:11.7889336Z   type: 'test'
release	Build and verify public release	2026-10-04T03:09:11.7889876Z   ...
release	Build and verify public release	2026-10-04T03:09:11.8775976Z # Subtest: R115 Suite loads helpers first, retains navigation tab and replays only the latest state to the new subscriber
release	Build and verify public release	2026-10-04T03:09:11.8793716Z ok 394 - R115 Suite loads helpers first, retains navigation tab and replays only the latest state to the new subscriber
release	Build and verify public release	2026-10-04T03:09:11.8854236Z   ---
release	Build and verify public release	2026-10-04T03:09:11.8855821Z   duration_ms: 29.1856
release	Build and verify public release	2026-10-04T03:09:11.8882772Z   type: 'test'
release	Build and verify public release	2026-10-04T03:09:11.8903223Z   ...
release	Build and verify public release	2026-10-04T03:09:11.8955780Z # Subtest: R139 broadcast controls hide options for self and show one suite-switch for team
release	Build and verify public release	2026-10-04T03:09:11.8957471Z ok 395 - R139 broadcast controls hide options for self and show one suite-switch for team
release	Build and verify public release	2026-10-04T03:09:11.8958520Z   ---
release	Build and verify public release	2026-10-04T03:09:11.8959119Z   duration_ms: 83.3517
release	Build and verify public release	2026-10-04T03:09:11.8959790Z   type: 'test'
release	Build and verify public release	2026-10-04T03:09:11.8960311Z   ...
release	Build and verify public release	2026-10-04T03:09:11.8961364Z # Subtest: R115 shared blocks keep critical geometry while optional CSS waits for its section
release	Build and verify public release	2026-10-04T03:09:11.8997080Z ok 396 - R115 shared blocks keep critical geometry while optional CSS waits for its section
release	Build and verify public release	2026-10-04T03:09:11.8998166Z   ---
release	Build and verify public release	2026-10-04T03:09:11.8998737Z   duration_ms: 3.2123
release	Build and verify public release	2026-10-04T03:09:11.8999359Z   type: 'test'
release	Build and verify public release	2026-10-04T03:09:11.8999889Z   ...
release	Build and verify public release	2026-10-04T03:09:12.3039260Z # Subtest: R128 §2.3 index.html 不再引入 shared.js，其余静态加载顺序不变
release	Build and verify public release	2026-10-04T03:09:12.3040531Z ok 397 - R128 §2.3 index.html 不再引入 shared.js，其余静态加载顺序不变
release	Build and verify public release	2026-10-04T03:09:12.3041398Z   ---
release	Build and verify public release	2026-10-04T03:09:12.3041943Z   duration_ms: 1.7433
release	Build and verify public release	2026-10-04T03:09:12.3042500Z   type: 'test'
release	Build and verify public release	2026-10-04T03:09:12.3042978Z   ...
release	Build and verify public release	2026-10-04T03:09:12.3043980Z # Subtest: R128 §2.3 口径说明的实现、调用点与样式在前端全部消失
release	Build and verify public release	2026-10-04T03:09:12.3044876Z ok 398 - R128 §2.3 口径说明的实现、调用点与样式在前端全部消失
release	Build and verify public release	2026-10-04T03:09:12.3045927Z   ---
release	Build and verify public release	2026-10-04T03:09:12.3047012Z   duration_ms: 2.2605
release	Build and verify public release	2026-10-04T03:09:12.3047615Z   type: 'test'
release	Build and verify public release	2026-10-04T03:09:12.3048433Z   ...
release	Build and verify public release	2026-10-04T03:09:12.8059096Z # Subtest: R116-B 详情页三 tab 只渲染当前页内容，隐藏 tab 不占任何布局高度
release	Build and verify public release	2026-10-04T03:09:12.8115268Z ok 399 - R116-B 详情页三 tab 只渲染当前页内容，隐藏 tab 不占任何布局高度
release	Build and verify public release	2026-10-04T03:09:12.8247026Z   ---
release	Build and verify public release	2026-10-04T03:09:12.8253639Z   duration_ms: 884.1954
release	Build and verify public release	2026-10-04T03:09:12.8387105Z   type: 'test'
release	Build and verify public release	2026-10-04T03:09:12.8388291Z   ...
release	Build and verify public release	2026-10-04T03:09:13.2221616Z # Subtest: R128 §2.3 详情页没有口径页脚，切页签时工具条节点不被重新挂载
release	Build and verify public release	2026-10-04T03:09:13.2222947Z ok 400 - R128 §2.3 详情页没有口径页脚，切页签时工具条节点不被重新挂载
release	Build and verify public release	2026-10-04T03:09:13.2223685Z   ---
release	Build and verify public release	2026-10-04T03:09:13.2224266Z   duration_ms: 500.3667
release	Build and verify public release	2026-10-04T03:09:13.2224858Z   type: 'test'
release	Build and verify public release	2026-10-04T03:09:13.2225405Z   ...
release	Build and verify public release	2026-10-04T03:09:13.5293689Z # Subtest: R116-B 表现 tab 只在后端下发指标时出现，缺数据不留空页签
release	Build and verify public release	2026-10-04T03:09:13.5353215Z ok 401 - R116-B 表现 tab 只在后端下发指标时出现，缺数据不留空页签
release	Build and verify public release	2026-10-04T03:09:13.5353836Z   ---
release	Build and verify public release	2026-10-04T03:09:13.5354499Z   duration_ms: 287.3086
release	Build and verify public release	2026-10-04T03:09:13.5355171Z   type: 'test'
release	Build and verify public release	2026-10-04T03:09:13.5355731Z   ...
release	Build and verify public release	2026-10-04T03:09:13.5375671Z # Subtest: R116-B 图鉴入口按钮在详情面板顶部，复用既有视图状态机而不是新路由
release	Build and verify public release	2026-10-04T03:09:13.5377281Z ok 402 - R116-B 图鉴入口按钮在详情面板顶部，复用既有视图状态机而不是新路由
release	Build and verify public release	2026-10-04T03:09:13.5378126Z   ---
release	Build and verify public release	2026-10-04T03:09:13.5378726Z   duration_ms: 1.9102
release	Build and verify public release	2026-10-04T03:09:13.5379362Z   type: 'test'
release	Build and verify public release	2026-10-04T03:09:13.5379982Z   ...
release	Build and verify public release	2026-10-04T03:09:13.8673969Z # Subtest: R116-B P0-1 装备排行同一行给出胜率、较基准、不出时胜率三个互不相同的数字
release	Build and verify public release	2026-10-04T03:09:13.8693742Z ok 403 - R116-B P0-1 装备排行同一行给出胜率、较基准、不出时胜率三个互不相同的数字
release	Build and verify public release	2026-10-04T03:09:13.8694984Z   ---
release	Build and verify public release	2026-10-04T03:09:13.8695610Z   duration_ms: 284.1991
release	Build and verify public release	2026-10-04T03:09:13.8727409Z   type: 'test'
release	Build and verify public release	2026-10-04T03:09:13.8744389Z   ...
release	Build and verify public release	2026-10-04T03:09:13.8745384Z # Subtest: R116-B P0-1 收益率为 0 或字段缺失时不显示「较基准」标签
release	Build and verify public release	2026-10-04T03:09:13.8746271Z ok 404 - R116-B P0-1 收益率为 0 或字段缺失时不显示「较基准」标签
release	Build and verify public release	2026-10-04T03:09:13.8746859Z   ---
release	Build and verify public release	2026-10-04T03:09:13.8747324Z   duration_ms: 1.2998
release	Build and verify public release	2026-10-04T03:09:13.8747849Z   type: 'test'
release	Build and verify public release	2026-10-04T03:09:13.8748386Z   ...
release	Build and verify public release	2026-10-04T03:09:13.8749139Z # Subtest: R116-B P0-1 海克斯卡带较基准与官方档位，字段缺失时整块隐藏
release	Build and verify public release	2026-10-04T03:09:13.8750148Z ok 405 - R116-B P0-1 海克斯卡带较基准与官方档位，字段缺失时整块隐藏
release	Build and verify public release	2026-10-04T03:09:13.8750825Z   ---
release	Build and verify public release	2026-10-04T03:09:13.8751334Z   duration_ms: 1.5288
release	Build and verify public release	2026-10-04T03:09:13.8751888Z   type: 'test'
release	Build and verify public release	2026-10-04T03:09:13.8752359Z   ...
release	Build and verify public release	2026-10-04T03:09:14.0687939Z # Subtest: R116-B P0-2 低样本行带「样本极少」徽记，且排不到高样本行前面
release	Build and verify public release	2026-10-04T03:09:14.0689373Z ok 406 - R116-B P0-2 低样本行带「样本极少」徽记，且排不到高样本行前面
release	Build and verify public release	2026-10-04T03:09:14.0690120Z   ---
release	Build and verify public release	2026-10-04T03:09:14.0690683Z   duration_ms: 327.432
release	Build and verify public release	2026-10-04T03:09:14.0691266Z   type: 'test'
release	Build and verify public release	2026-10-04T03:09:14.0691780Z   ...
release	Build and verify public release	2026-10-04T03:09:14.0692724Z # Subtest: R116-B P0-2 海斗路径不再有任何前端重排（对抗变异必须打红这条）
release	Build and verify public release	2026-10-04T03:09:14.0693802Z ok 407 - R116-B P0-2 海斗路径不再有任何前端重排（对抗变异必须打红这条）
release	Build and verify public release	2026-10-04T03:09:14.0694502Z   ---
release	Build and verify public release	2026-10-04T03:09:14.0695024Z   duration_ms: 0.7599
release	Build and verify public release	2026-10-04T03:09:14.0695889Z   type: 'test'
release	Build and verify public release	2026-10-04T03:09:14.0696376Z   ...
release	Build and verify public release	2026-10-04T03:09:14.0698012Z # Subtest: R116-B P0-2 sampleTier / wilsonLowerWinRate 缺失时对应元素不渲染
release	Build and verify public release	2026-10-04T03:09:14.0699547Z ok 408 - R116-B P0-2 sampleTier / wilsonLowerWinRate 缺失时对应元素不渲染
release	Build and verify public release	2026-10-04T03:09:14.0700294Z   ---
release	Build and verify public release	2026-10-04T03:09:14.0700783Z   duration_ms: 1.0296
release	Build and verify public release	2026-10-04T03:09:14.0701350Z   type: 'test'
release	Build and verify public release	2026-10-04T03:09:14.0701874Z   ...
release	Build and verify public release	2026-10-04T03:09:14.2232581Z # Subtest: R116-B P0-4 召唤师技能同时显示胜率与选用率，出门装与鞋子行为不变
release	Build and verify public release	2026-10-04T03:09:14.2240366Z ok 409 - R116-B P0-4 召唤师技能同时显示胜率与选用率，出门装与鞋子行为不变
release	Build and verify public release	2026-10-04T03:09:14.2241139Z   ---
release	Build and verify public release	2026-10-04T03:09:14.2241690Z   duration_ms: 172.6258
release	Build and verify public release	2026-10-04T03:09:14.2242258Z   type: 'test'
release	Build and verify public release	2026-10-04T03:09:14.2242744Z   ...
release	Build and verify public release	2026-10-04T03:09:14.2243486Z # Subtest: R116-B P0-4 只有召唤师技能那一组打开了胜率开关
release	Build and verify public release	2026-10-04T03:09:14.2244344Z ok 410 - R116-B P0-4 只有召唤师技能那一组打开了胜率开关
release	Build and verify public release	2026-10-04T03:09:14.2244964Z   ---
release	Build and verify public release	2026-10-04T03:09:14.2245471Z   duration_ms: 0.5231
release	Build and verify public release	2026-10-04T03:09:14.2246008Z   type: 'test'
release	Build and verify public release	2026-10-04T03:09:14.2246488Z   ...
release	Build and verify public release	2026-10-04T03:09:14.2247372Z # Subtest: R116-B P0-4 上游回退到 pickRate-only 数据时只显示选用率，不整块报错
release	Build and verify public release	2026-10-04T03:09:14.2248612Z ok 411 - R116-B P0-4 上游回退到 pickRate-only 数据时只显示选用率，不整块报错
release	Build and verify public release	2026-10-04T03:09:14.2249371Z   ---
release	Build and verify public release	2026-10-04T03:09:14.2249871Z   duration_ms: 3.6188
release	Build and verify public release	2026-10-04T03:09:14.2250398Z   type: 'test'
release	Build and verify public release	2026-10-04T03:09:14.2250876Z   ...
release	Build and verify public release	2026-10-04T03:09:14.4567583Z # Subtest: R116-B P0-5 官方档位展示中文 hexLabel，绝不展示内部枚举名 hexTier
release	Build and verify public release	2026-10-04T03:09:14.4570325Z ok 412 - R116-B P0-5 官方档位展示中文 hexLabel，绝不展示内部枚举名 hexTier
release	Build and verify public release	2026-10-04T03:09:14.4630435Z   ---
release	Build and verify public release	2026-10-04T03:09:14.4676027Z   duration_ms: 157.5853
release	Build and verify public release	2026-10-04T03:09:14.4831926Z   type: 'test'
release	Build and verify public release	2026-10-04T03:09:14.4881755Z   ...
release	Build and verify public release	2026-10-04T03:09:14.6487075Z # Subtest: R116-B P0-5 stats.tier 为 nil 时梯度徽章整块隐藏，不用行级档位冒充
release	Build and verify public release	2026-10-04T03:09:14.6572173Z ok 413 - R116-B P0-5 stats.tier 为 nil 时梯度徽章整块隐藏，不用行级档位冒充
release	Build and verify public release	2026-10-04T03:09:14.6573063Z   ---
release	Build and verify public release	2026-10-04T03:09:14.6573608Z   duration_ms: 226.4067
release	Build and verify public release	2026-10-04T03:09:14.6574205Z   type: 'test'
release	Build and verify public release	2026-10-04T03:09:14.6574722Z   ...
release	Build and verify public release	2026-10-04T03:09:14.6575739Z # Subtest: R116-B P0-5 榜单行 tierLocallyCalculated 时显示「本地估算」小字
release	Build and verify public release	2026-10-04T03:09:14.6576912Z ok 414 - R116-B P0-5 榜单行 tierLocallyCalculated 时显示「本地估算」小字
release	Build and verify public release	2026-10-04T03:09:14.6577683Z   ---
release	Build and verify public release	2026-10-04T03:09:14.6578209Z   duration_ms: 0.6118
release	Build and verify public release	2026-10-04T03:09:14.6578757Z   type: 'test'
release	Build and verify public release	2026-10-04T03:09:14.6579201Z   ...
release	Build and verify public release	2026-10-04T03:09:14.8763720Z # Subtest: R116-B P0-6 切阶段只改数字不发请求，切回汇总恢复原值
release	Build and verify public release	2026-10-04T03:09:14.8764785Z ok 415 - R116-B P0-6 切阶段只改数字不发请求，切回汇总恢复原值
release	Build and verify public release	2026-10-04T03:09:14.8765640Z   ---
release	Build and verify public release	2026-10-04T03:09:14.8766157Z   duration_ms: 272.4908
release	Build and verify public release	2026-10-04T03:09:14.8766647Z   type: 'test'
release	Build and verify public release	2026-10-04T03:09:14.8767051Z   ...
release	Build and verify public release	2026-10-04T03:09:15.2886083Z # Subtest: R116-B P0-6 缺某个阶段的 augment 在该阶段视图下整条不渲染，绝不填 0
release	Build and verify public release	2026-10-04T03:09:15.2887176Z ok 416 - R116-B P0-6 缺某个阶段的 augment 在该阶段视图下整条不渲染，绝不填 0
release	Build and verify public release	2026-10-04T03:09:15.2888011Z   ---
release	Build and verify public release	2026-10-04T03:09:15.2888575Z   duration_ms: 395.2451
release	Build and verify public release	2026-10-04T03:09:15.2889173Z   type: 'test'
release	Build and verify public release	2026-10-04T03:09:15.2890070Z   ...
release	Build and verify public release	2026-10-04T03:09:15.2891003Z # Subtest: R116-B P0-6 没有阶段数据时 chips 整块不渲染（斗魂路径）
release	Build and verify public release	2026-10-04T03:09:15.2892604Z ok 417 - R116-B P0-6 没有阶段数据时 chips 整块不渲染（斗魂路径）
release	Build and verify public release	2026-10-04T03:09:15.2893701Z   ---
release	Build and verify public release	2026-10-04T03:09:15.2894220Z   duration_ms: 1.1304
release	Build and verify public release	2026-10-04T03:09:15.2894835Z   type: 'test'
release	Build and verify public release	2026-10-04T03:09:15.2895378Z   ...
release	Build and verify public release	2026-10-04T03:09:15.4771466Z # Subtest: R128 §2.2 表现面板逐行排版：数值与「较平均」分开，多杀合并一行，说明只在底部一次
release	Build and verify public release	2026-10-04T03:09:15.4773629Z ok 418 - R128 §2.2 表现面板逐行排版：数值与「较平均」分开，多杀合并一行，说明只在底部一次
release	Build and verify public release	2026-10-04T03:09:15.4785996Z   ---
release	Build and verify public release	2026-10-04T03:09:15.4786555Z   duration_ms: 199.2722
release	Build and verify public release	2026-10-04T03:09:15.4787082Z   type: 'test'
release	Build and verify public release	2026-10-04T03:09:15.4787514Z   ...
release	Build and verify public release	2026-10-04T03:09:15.4788423Z # Subtest: R116-B P1-6 某组指标全缺时该组整体隐藏，不留空态
release	Build and verify public release	2026-10-04T03:09:15.4789842Z ok 419 - R116-B P1-6 某组指标全缺时该组整体隐藏，不留空态
release	Build and verify public release	2026-10-04T03:09:15.4790467Z   ---
release	Build and verify public release	2026-10-04T03:09:15.4790951Z   duration_ms: 2.1622
release	Build and verify public release	2026-10-04T03:09:15.4791518Z   type: 'test'
release	Build and verify public release	2026-10-04T03:09:15.4792027Z   ...
release	Build and verify public release	2026-10-04T03:09:15.4792984Z # Subtest: R116-B P1-6 后端把 22 项里的四项累计计数标成 Cumulative，均值不在前端算
release	Build and verify public release	2026-10-04T03:09:15.4794181Z ok 420 - R116-B P1-6 后端把 22 项里的四项累计计数标成 Cumulative，均值不在前端算
release	Build and verify public release	2026-10-04T03:09:15.4794973Z   ---
release	Build and verify public release	2026-10-04T03:09:15.4795462Z   duration_ms: 1.1471
release	Build and verify public release	2026-10-04T03:09:15.4795997Z   type: 'test'
release	Build and verify public release	2026-10-04T03:09:15.4796504Z   ...
release	Build and verify public release	2026-10-04T03:09:15.6935960Z # Subtest: R116-B 对抗变异：augmentDescription 为空字符串时不渲染空描述
release	Build and verify public release	2026-10-04T03:09:15.6945521Z ok 421 - R116-B 对抗变异：augmentDescription 为空字符串时不渲染空描述
release	Build and verify public release	2026-10-04T03:09:15.6946419Z   ---
release	Build and verify public release	2026-10-04T03:09:15.6946986Z   duration_ms: 145.2669
release	Build and verify public release	2026-10-04T03:09:15.6947602Z   type: 'test'
release	Build and verify public release	2026-10-04T03:09:15.6948127Z   ...
release	Build and verify public release	2026-10-04T03:09:15.6949159Z # Subtest: R128 §2.3 推荐区没有常驻口径页脚，且 hasAugments 分支行为不变
release	Build and verify public release	2026-10-04T03:09:15.6950315Z ok 422 - R128 §2.3 推荐区没有常驻口径页脚，且 hasAugments 分支行为不变
release	Build and verify public release	2026-10-04T03:09:15.6951065Z   ---
release	Build and verify public release	2026-10-04T03:09:15.6951623Z   duration_ms: 0.8584
release	Build and verify public release	2026-10-04T03:09:15.6952232Z   type: 'test'
release	Build and verify public release	2026-10-04T03:09:15.6952816Z   ...
release	Build and verify public release	2026-10-04T03:09:15.6954422Z # Subtest: R116-B P0-3 海斗局 hasAugments=true 时写入按钮为空，经典局仍显示按钮
release	Build and verify public release	2026-10-04T03:09:15.6955746Z ok 423 - R116-B P0-3 海斗局 hasAugments=true 时写入按钮为空，经典局仍显示按钮
release	Build and verify public release	2026-10-04T03:09:15.6956473Z   ---
release	Build and verify public release	2026-10-04T03:09:15.6956943Z   duration_ms: 2.926
release	Build and verify public release	2026-10-04T03:09:15.6957453Z   type: 'test'
release	Build and verify public release	2026-10-04T03:09:15.6957896Z   ...
release	Build and verify public release	2026-10-04T03:09:15.6958564Z # Subtest: R116-B P0-6 后端下发 stages 且单位与父行一致
release	Build and verify public release	2026-10-04T03:09:15.6959410Z ok 424 - R116-B P0-6 后端下发 stages 且单位与父行一致
release	Build and verify public release	2026-10-04T03:09:15.6959947Z   ---
release	Build and verify public release	2026-10-04T03:09:15.6960383Z   duration_ms: 2.0805
release	Build and verify public release	2026-10-04T03:09:15.6960927Z   type: 'test'
release	Build and verify public release	2026-10-04T03:09:15.6961375Z   ...
release	Build and verify public release	2026-10-04T03:09:15.6962164Z # Subtest: R116-B 前端阶段助手按 stage 号取行，缺失返回 null 而不是 0 值
release	Build and verify public release	2026-10-04T03:09:15.6963108Z ok 425 - R116-B 前端阶段助手按 stage 号取行，缺失返回 null 而不是 0 值
release	Build and verify public release	2026-10-04T03:09:15.6963729Z   ---
release	Build and verify public release	2026-10-04T03:09:15.6964192Z   duration_ms: 1.1752
release	Build and verify public release	2026-10-04T03:09:15.6964691Z   type: 'test'
release	Build and verify public release	2026-10-04T03:09:15.6965132Z   ...
release	Build and verify public release	2026-10-04T03:09:15.6965907Z # Subtest: R116-B 评审整改 A1 记住的阶段号在新英雄上没有阶段行时退回汇总，不锁死成空态
release	Build and verify public release	2026-10-04T03:09:15.6967352Z ok 426 - R116-B 评审整改 A1 记住的阶段号在新英雄上没有阶段行时退回汇总，不锁死成空态
release	Build and verify public release	2026-10-04T03:09:15.6968144Z   ---
release	Build and verify public release	2026-10-04T03:09:15.6969054Z   duration_ms: 1.4441
release	Build and verify public release	2026-10-04T03:09:15.6969672Z   type: 'test'
release	Build and verify public release	2026-10-04T03:09:15.6970191Z   ...
release	Build and verify public release	2026-10-04T03:09:16.0699243Z # Subtest: R116-B 评审整改 A1 换英雄后阶段筛选回到汇总（真实点击链路）
release	Build and verify public release	2026-10-04T03:09:16.0743088Z ok 427 - R116-B 评审整改 A1 换英雄后阶段筛选回到汇总（真实点击链路）
release	Build and verify public release	2026-10-04T03:09:16.0744641Z   ---
release	Build and verify public release	2026-10-04T03:09:16.0745184Z   duration_ms: 374.5157
release	Build and verify public release	2026-10-04T03:09:16.0745713Z   type: 'test'
release	Build and verify public release	2026-10-04T03:09:16.0746143Z   ...
release	Build and verify public release	2026-10-04T03:09:16.2605270Z # Subtest: R116-B 评审整改 A3 阶段行缺 deltaWinRate 时不渲染「较基准」，也不拿英雄级的值顶
release	Build and verify public release	2026-10-04T03:09:16.2606862Z ok 428 - R116-B 评审整改 A3 阶段行缺 deltaWinRate 时不渲染「较基准」，也不拿英雄级的值顶
release	Build and verify public release	2026-10-04T03:09:16.2607655Z   ---
release	Build and verify public release	2026-10-04T03:09:16.2608187Z   duration_ms: 230.1674
release	Build and verify public release	2026-10-04T03:09:16.2608756Z   type: 'test'
release	Build and verify public release	2026-10-04T03:09:16.2609210Z   ...
release	Build and verify public release	2026-10-04T03:09:16.5482670Z # Subtest: R150 阶段视图的六角徽章与阶段等级同口径，综合评分标明英雄级
release	Build and verify public release	2026-10-04T03:09:16.5483900Z ok 429 - R150 阶段视图的六角徽章与阶段等级同口径，综合评分标明英雄级
release	Build and verify public release	2026-10-04T03:09:16.5484626Z   ---
release	Build and verify public release	2026-10-04T03:09:16.5485158Z   duration_ms: 233.4472
release	Build and verify public release	2026-10-04T03:09:16.5485789Z   type: 'test'
release	Build and verify public release	2026-10-04T03:09:16.5486258Z   ...
release	Build and verify public release	2026-10-04T03:09:16.5487004Z # Subtest: R116-B 评审整改 B4 阶段行没有官方档位时字母徽章整块隐藏
release	Build and verify public release	2026-10-04T03:09:16.5487951Z ok 430 - R116-B 评审整改 B4 阶段行没有官方档位时字母徽章整块隐藏
release	Build and verify public release	2026-10-04T03:09:16.5489043Z   ---
release	Build and verify public release	2026-10-04T03:09:16.5489600Z   duration_ms: 4.497
release	Build and verify public release	2026-10-04T03:09:16.5490221Z   type: 'test'
release	Build and verify public release	2026-10-04T03:09:16.5490732Z   ...
release	Build and verify public release	2026-10-04T03:09:16.6352576Z # Subtest: R116-B 评审整改 B6 阶段基准是一格可见数字，装备排行的较基准带口径 tooltip
release	Build and verify public release	2026-10-04T03:09:16.6370489Z ok 431 - R116-B 评审整改 B6 阶段基准是一格可见数字，装备排行的较基准带口径 tooltip
release	Build and verify public release	2026-10-04T03:09:16.6371201Z   ---
release	Build and verify public release	2026-10-04T03:09:16.6371600Z   duration_ms: 286.8972
release	Build and verify public release	2026-10-04T03:09:16.6372018Z   type: 'test'
release	Build and verify public release	2026-10-04T03:09:16.6372375Z   ...
release	Build and verify public release	2026-10-04T03:09:16.6372985Z # Subtest: R116-B 评审整改 A2 表现面板的「较平均」同样挡掉被舍入成 0 的小值
release	Build and verify public release	2026-10-04T03:09:16.6373690Z ok 432 - R116-B 评审整改 A2 表现面板的「较平均」同样挡掉被舍入成 0 的小值
release	Build and verify public release	2026-10-04T03:09:16.6374211Z   ---
release	Build and verify public release	2026-10-04T03:09:16.6374638Z   duration_ms: 0.8842
release	Build and verify public release	2026-10-04T03:09:16.6375143Z   type: 'test'
release	Build and verify public release	2026-10-04T03:09:16.6396621Z   ...
release	Build and verify public release	2026-10-04T03:09:16.6397976Z # Subtest: R116-B 评审整改 D-债 renderLiveInsights 的 helper 已提到模块作用域，typeof 护栏已删
release	Build and verify public release	2026-10-04T03:09:16.6399855Z ok 433 - R116-B 评审整改 D-债 renderLiveInsights 的 helper 已提到模块作用域，typeof 护栏已删
release	Build and verify public release	2026-10-04T03:09:16.6400763Z   ---
release	Build and verify public release	2026-10-04T03:09:16.6401233Z   duration_ms: 4.9729
release	Build and verify public release	2026-10-04T03:09:16.6401734Z   type: 'test'
release	Build and verify public release	2026-10-04T03:09:16.6402178Z   ...
release	Build and verify public release	2026-10-04T03:09:16.6920627Z # Subtest: R116-D roster sends both sides in game and only allies during champion select
release	Build and verify public release	2026-10-04T03:09:16.6925035Z ok 434 - R116-D roster sends both sides in game and only allies during champion select
release	Build and verify public release	2026-10-04T03:09:16.6926352Z   ---
release	Build and verify public release	2026-10-04T03:09:16.6930660Z   duration_ms: 6.773
release	Build and verify public release	2026-10-04T03:09:16.6965122Z   type: 'test'
release	Build and verify public release	2026-10-04T03:09:16.6980711Z   ...
release	Build and verify public release	2026-10-04T03:09:16.6982688Z # Subtest: R116-D roster stays empty outside mayhem and for oversized sides
release	Build and verify public release	2026-10-04T03:09:16.6984575Z ok 435 - R116-D roster stays empty outside mayhem and for oversized sides
release	Build and verify public release	2026-10-04T03:09:16.6985672Z   ---
release	Build and verify public release	2026-10-04T03:09:16.6986612Z   duration_ms: 2.2934
release	Build and verify public release	2026-10-04T03:09:16.6987240Z   type: 'test'
release	Build and verify public release	2026-10-04T03:09:16.6987706Z   ...
release	Build and verify public release	2026-10-04T03:09:16.6988590Z # Subtest: R116-D sends champion ids only and never fetches per-champion hexdata
release	Build and verify public release	2026-10-04T03:09:16.6989845Z ok 436 - R116-D sends champion ids only and never fetches per-champion hexdata
release	Build and verify public release	2026-10-04T03:09:16.6990664Z   ---
release	Build and verify public release	2026-10-04T03:09:16.6991227Z   duration_ms: 17.3794
release	Build and verify public release	2026-10-04T03:09:16.6991734Z   type: 'test'
release	Build and verify public release	2026-10-04T03:09:16.6992207Z   ...
release	Build and verify public release	2026-10-04T03:09:16.6993154Z # Subtest: R116-D recommendation request carries the roster and refetches when it changes
release	Build and verify public release	2026-10-04T03:09:16.6994537Z ok 437 - R116-D recommendation request carries the roster and refetches when it changes
release	Build and verify public release	2026-10-04T03:09:16.6995406Z   ---
release	Build and verify public release	2026-10-04T03:09:16.6995880Z   duration_ms: 2.9501
release	Build and verify public release	2026-10-04T03:09:16.6996885Z   type: 'test'
release	Build and verify public release	2026-10-04T03:09:16.6997341Z   ...
release	Build and verify public release	2026-10-04T03:09:16.6998488Z # Subtest: R116-D degrades to no roster params when the roster helper is unavailable
release	Build and verify public release	2026-10-04T03:09:16.6999892Z ok 438 - R116-D degrades to no roster params when the roster helper is unavailable
release	Build and verify public release	2026-10-04T03:09:16.7000723Z   ---
release	Build and verify public release	2026-10-04T03:09:16.7001187Z   duration_ms: 6.6488
release	Build and verify public release	2026-10-04T03:09:16.7001738Z   type: 'test'
release	Build and verify public release	2026-10-04T03:09:16.7002199Z   ...
release	Build and verify public release	2026-10-04T03:09:16.7003021Z # Subtest: R116-D renders inline bars for hits and nothing at all for misses
release	Build and verify public release	2026-10-04T03:09:16.7004508Z ok 439 - R116-D renders inline bars for hits and nothing at all for misses
release	Build and verify public release	2026-10-04T03:09:16.7005462Z   ---
release	Build and verify public release	2026-10-04T03:09:16.7005980Z   duration_ms: 11.0197
release	Build and verify public release	2026-10-04T03:09:16.7006591Z   type: 'test'
release	Build and verify public release	2026-10-04T03:09:16.7007072Z   ...
release	Build and verify public release	2026-10-04T03:09:16.7007791Z # Subtest: R116-D degrades notices whose evidence is not supported
release	Build and verify public release	2026-10-04T03:09:16.7008811Z ok 440 - R116-D degrades notices whose evidence is not supported
release	Build and verify public release	2026-10-04T03:09:16.7009556Z   ---
release	Build and verify public release	2026-10-04T03:09:16.7010019Z   duration_ms: 1.8616
release	Build and verify public release	2026-10-04T03:09:16.7010545Z   type: 'test'
release	Build and verify public release	2026-10-04T03:09:16.7010985Z   ...
release	Build and verify public release	2026-10-04T03:09:16.7012066Z # Subtest: R116-D renders team portrait tags in our own header only
release	Build and verify public release	2026-10-04T03:09:16.7013203Z ok 441 - R116-D renders team portrait tags in our own header only
release	Build and verify public release	2026-10-04T03:09:16.7014261Z   ---
release	Build and verify public release	2026-10-04T03:09:16.7014922Z   duration_ms: 6.7158
release	Build and verify public release	2026-10-04T03:09:16.7015522Z   type: 'test'
release	Build and verify public release	2026-10-04T03:09:16.7015862Z   ...
release	Build and verify public release	2026-10-04T03:09:16.7018263Z # Subtest: R116-D insight rendering is unchanged when no payload is passed
release	Build and verify public release	2026-10-04T03:09:16.7019357Z ok 442 - R116-D insight rendering is unchanged when no payload is passed
release	Build and verify public release	2026-10-04T03:09:16.7020010Z   ---
release	Build and verify public release	2026-10-04T03:09:16.7020833Z   duration_ms: 1.8604
release	Build and verify public release	2026-10-04T03:09:16.7021227Z   type: 'test'
release	Build and verify public release	2026-10-04T03:09:16.7021520Z   ...
release	Build and verify public release	2026-10-04T03:09:16.7022240Z # Subtest: R116-D placeholder mutation is detected by the empty-payload assertions
release	Build and verify public release	2026-10-04T03:09:16.7023958Z ok 443 - R116-D placeholder mutation is detected by the empty-payload assertions
release	Build and verify public release	2026-10-04T03:09:16.7024652Z   ---
release	Build and verify public release	2026-10-04T03:09:16.7025135Z   duration_ms: 4.8767
release	Build and verify public release	2026-10-04T03:09:16.7025493Z   type: 'test'
release	Build and verify public release	2026-10-04T03:09:16.7026019Z   ...
release	Build and verify public release	2026-10-04T03:09:16.7026883Z # Subtest: R116-D stage two stays out of the client until the probe verdict lands
release	Build and verify public release	2026-10-04T03:09:16.7028544Z ok 444 - R116-D stage two stays out of the client until the probe verdict lands
release	Build and verify public release	2026-10-04T03:09:16.7029360Z   ---
release	Build and verify public release	2026-10-04T03:09:16.7029669Z   duration_ms: 1.2326
release	Build and verify public release	2026-10-04T03:09:16.7030170Z   type: 'test'
release	Build and verify public release	2026-10-04T03:09:16.7030601Z   ...
release	Build and verify public release	2026-10-04T03:09:16.7031309Z # Subtest: R116-D styles reuse tokens and existing values only
release	Build and verify public release	2026-10-04T03:09:16.7032460Z ok 445 - R116-D styles reuse tokens and existing values only
release	Build and verify public release	2026-10-04T03:09:16.7032995Z   ---
release	Build and verify public release	2026-10-04T03:09:16.7033535Z   duration_ms: 4.4242
release	Build and verify public release	2026-10-04T03:09:16.7033891Z   type: 'test'
release	Build and verify public release	2026-10-04T03:09:16.7034381Z   ...
release	Build and verify public release	2026-10-04T03:09:16.7035323Z # Subtest: R116-E rankedQueueLabel is defined in production source and resolves every queue
release	Build and verify public release	2026-10-04T03:09:16.7037009Z ok 446 - R116-E rankedQueueLabel is defined in production source and resolves every queue
release	Build and verify public release	2026-10-04T03:09:16.7038070Z   ---
release	Build and verify public release	2026-10-04T03:09:16.7038623Z   duration_ms: 4.1985
release	Build and verify public release	2026-10-04T03:09:16.7039262Z   type: 'test'
release	Build and verify public release	2026-10-04T03:09:16.7039736Z   ...
release	Build and verify public release	2026-10-04T03:09:16.7040351Z # Subtest: R116-E the scattered 440 ternaries are gone from gameplay.js
release	Build and verify public release	2026-10-04T03:09:16.7041293Z ok 447 - R116-E the scattered 440 ternaries are gone from gameplay.js
release	Build and verify public release	2026-10-04T03:09:16.7041847Z   ---
release	Build and verify public release	2026-10-04T03:09:16.7042130Z   duration_ms: 4.6491
release	Build and verify public release	2026-10-04T03:09:16.7042449Z   type: 'test'
release	Build and verify public release	2026-10-04T03:09:16.7042713Z   ...
release	Build and verify public release	2026-10-04T03:09:16.7043399Z # Subtest: R116-E the queue switcher grows a third mayhem tab only where it is honest
release	Build and verify public release	2026-10-04T03:09:16.7044495Z ok 448 - R116-E the queue switcher grows a third mayhem tab only where it is honest
release	Build and verify public release	2026-10-04T03:09:16.7045417Z   ---
release	Build and verify public release	2026-10-04T03:09:16.7045711Z   duration_ms: 0.935
release	Build and verify public release	2026-10-04T03:09:16.7046225Z   type: 'test'
release	Build and verify public release	2026-10-04T03:09:16.7046507Z   ...
release	Build and verify public release	2026-10-04T03:09:16.7047235Z # Subtest: R116-E the switcher click gate accepts the mayhem tab in the recent scope only
release	Build and verify public release	2026-10-04T03:09:16.7048362Z ok 449 - R116-E the switcher click gate accepts the mayhem tab in the recent scope only
release	Build and verify public release	2026-10-04T03:09:16.7049052Z   ---
release	Build and verify public release	2026-10-04T03:09:16.7049353Z   duration_ms: 0.4879
release	Build and verify public release	2026-10-04T03:09:16.7049703Z   type: 'test'
release	Build and verify public release	2026-10-04T03:09:16.7049986Z   ...
release	Build and verify public release	2026-10-04T03:09:16.7050729Z # Subtest: R116-E rankedQueueData labels the mayhem tab and marks lanes as not applicable
release	Build and verify public release	2026-10-04T03:09:16.7051901Z ok 450 - R116-E rankedQueueData labels the mayhem tab and marks lanes as not applicable
release	Build and verify public release	2026-10-04T03:09:16.7052591Z   ---
release	Build and verify public release	2026-10-04T03:09:16.7052890Z   duration_ms: 1.5673
release	Build and verify public release	2026-10-04T03:09:16.7053226Z   type: 'test'
release	Build and verify public release	2026-10-04T03:09:16.7053496Z   ...
release	Build and verify public release	2026-10-04T03:09:16.7054110Z # Subtest: R116-E card headings stay truthful once mayhem games are counted
release	Build and verify public release	2026-10-04T03:09:16.7055095Z ok 451 - R116-E card headings stay truthful once mayhem games are counted
release	Build and verify public release	2026-10-04T03:09:16.7055752Z   ---
release	Build and verify public release	2026-10-04T03:09:16.7056099Z   duration_ms: 1.4823
release	Build and verify public release	2026-10-04T03:09:16.7056484Z   type: 'test'
release	Build and verify public release	2026-10-04T03:09:16.7056792Z   ...
release	Build and verify public release	2026-10-04T03:09:16.7057466Z # Subtest: R116-E the season champion card no longer calls every game ranked
release	Build and verify public release	2026-10-04T03:09:16.7058822Z ok 452 - R116-E the season champion card no longer calls every game ranked
release	Build and verify public release	2026-10-04T03:09:16.7059443Z   ---
release	Build and verify public release	2026-10-04T03:09:16.7059766Z   duration_ms: 0.9432
release	Build and verify public release	2026-10-04T03:09:16.7060144Z   type: 'test'
release	Build and verify public release	2026-10-04T03:09:16.7060452Z   ...
release	Build and verify public release	2026-10-04T03:09:16.7061164Z # Subtest: R116-E the backend refuses to fall back to all-queue position stats
release	Build and verify public release	2026-10-04T03:09:16.7062211Z ok 453 - R116-E the backend refuses to fall back to all-queue position stats
release	Build and verify public release	2026-10-04T03:09:16.7062857Z   ---
release	Build and verify public release	2026-10-04T03:09:16.7063170Z   duration_ms: 1.1562
release	Build and verify public release	2026-10-04T03:09:16.7063544Z   type: 'test'
release	Build and verify public release	2026-10-04T03:09:16.7063827Z   ...
release	Build and verify public release	2026-10-04T03:09:16.7064614Z # Subtest: R116-E personal mayhem builds render only when the backend says they are available
release	Build and verify public release	2026-10-04T03:09:16.7065897Z ok 454 - R116-E personal mayhem builds render only when the backend says they are available
release	Build and verify public release	2026-10-04T03:09:16.7066655Z   ---
release	Build and verify public release	2026-10-04T03:09:16.7067600Z   duration_ms: 2.4774
release	Build and verify public release	2026-10-04T03:09:16.7068035Z   type: 'test'
release	Build and verify public release	2026-10-04T03:09:16.7068359Z   ...
release	Build and verify public release	2026-10-04T03:09:16.7069201Z # Subtest: R116-E the build tab keeps its three existing blocks and appends the personal query
release	Build and verify public release	2026-10-04T03:09:16.7070447Z ok 455 - R116-E the build tab keeps its three existing blocks and appends the personal query
release	Build and verify public release	2026-10-04T03:09:16.7071217Z   ---
release	Build and verify public release	2026-10-04T03:09:16.7071548Z   duration_ms: 1.5679
release	Build and verify public release	2026-10-04T03:09:16.7071920Z   type: 'test'
release	Build and verify public release	2026-10-04T03:09:16.7072255Z   ...
release	Build and verify public release	2026-10-04T03:09:16.7072947Z # Subtest: R116-E the personal build query is lazy-loaded and wired end to end
release	Build and verify public release	2026-10-04T03:09:16.7074037Z ok 456 - R116-E the personal build query is lazy-loaded and wired end to end
release	Build and verify public release	2026-10-04T03:09:16.7074721Z   ---
release	Build and verify public release	2026-10-04T03:09:16.7075055Z   duration_ms: 0.5688
release	Build and verify public release	2026-10-04T03:09:16.7075509Z   type: 'test'
release	Build and verify public release	2026-10-04T03:09:16.7075878Z   ...
release	Build and verify public release	2026-10-04T03:09:16.7076338Z # Subtest: R116-E adds no new CSS class of its own
release	Build and verify public release	2026-10-04T03:09:16.7077012Z ok 457 - R116-E adds no new CSS class of its own
release	Build and verify public release	2026-10-04T03:09:16.7077522Z   ---
release	Build and verify public release	2026-10-04T03:09:16.7078283Z   duration_ms: 3.0722
release	Build and verify public release	2026-10-04T03:09:16.7078687Z   type: 'test'
release	Build and verify public release	2026-10-04T03:09:16.7078991Z   ...
release	Build and verify public release	2026-10-04T03:09:16.7079905Z # Subtest: R116-F P1 概览 tab 渲染该英雄专属的四阶段品质概率，数值与真实分布一致
release	Build and verify public release	2026-10-04T03:09:16.7080757Z ok 458 - R116-F P1 概览 tab 渲染该英雄专属的四阶段品质概率，数值与真实分布一致
release	Build and verify public release	2026-10-04T03:09:16.7081257Z   ---
release	Build and verify public release	2026-10-04T03:09:16.7081606Z   duration_ms: 875.0097
release	Build and verify public release	2026-10-04T03:09:16.7081989Z   type: 'test'
release	Build and verify public release	2026-10-04T03:09:16.7082289Z   ...
release	Build and verify public release	2026-10-04T03:09:16.7082963Z # Subtest: R116-F P1 分布缺失/为空/非法时整块隐藏，不留空壳也不显示 0.00%
release	Build and verify public release	2026-10-04T03:09:16.7085117Z ok 459 - R116-F P1 分布缺失/为空/非法时整块隐藏，不留空壳也不显示 0.00%
release	Build and verify public release	2026-10-04T03:09:16.7085869Z   ---
release	Build and verify public release	2026-10-04T03:09:16.7086222Z   duration_ms: 1765.9291
release	Build and verify public release	2026-10-04T03:09:16.7086648Z   type: 'test'
release	Build and verify public release	2026-10-04T03:09:16.7086970Z   ...
release	Build and verify public release	2026-10-04T03:09:16.7087841Z # Subtest: R116-F P1 只渲染合法阶段，缺组的阶段不冒充 0
release	Build and verify public release	2026-10-04T03:09:16.7088937Z ok 460 - R116-F P1 只渲染合法阶段，缺组的阶段不冒充 0
release	Build and verify public release	2026-10-04T03:09:16.7089634Z   ---
release	Build and verify public release	2026-10-04T03:09:16.7089977Z   duration_ms: 218.0344
release	Build and verify public release	2026-10-04T03:09:16.7090350Z   type: 'test'
release	Build and verify public release	2026-10-04T03:09:16.7090635Z   ...
release	Build and verify public release	2026-10-04T03:09:16.7091419Z # Subtest: R116-F P1 保留全服口径面板：英雄面板不替换它、不复用它的类名、不多发请求
release	Build and verify public release	2026-10-04T03:09:16.7092165Z ok 461 - R116-F P1 保留全服口径面板：英雄面板不替换它、不复用它的类名、不多发请求
release	Build and verify public release	2026-10-04T03:09:16.7092631Z   ---
release	Build and verify public release	2026-10-04T03:09:16.7092943Z   duration_ms: 302.412
release	Build and verify public release	2026-10-04T03:09:16.7093285Z   type: 'test'
release	Build and verify public release	2026-10-04T03:09:16.7093582Z   ...
release	Build and verify public release	2026-10-04T03:09:16.7094080Z # Subtest: R116-F P1 英雄面板随 tab 局部替换进出
release	Build and verify public release	2026-10-04T03:09:16.7094658Z ok 462 - R116-F P1 英雄面板随 tab 局部替换进出
release	Build and verify public release	2026-10-04T03:09:16.7095070Z   ---
release	Build and verify public release	2026-10-04T03:09:16.7095371Z   duration_ms: 254.3386
release	Build and verify public release	2026-10-04T03:09:16.7101895Z   type: 'test'
release	Build and verify public release	2026-10-04T03:09:16.7102269Z   ...
release	Build and verify public release	2026-10-04T03:09:16.7104514Z # Subtest: R128 §2.3-B 慎选陈述不再渲染，海克斯推荐卡下方没有方法论说明
release	Build and verify public release	2026-10-04T03:09:16.7105611Z ok 463 - R128 §2.3-B 慎选陈述不再渲染，海克斯推荐卡下方没有方法论说明
release	Build and verify public release	2026-10-04T03:09:16.7106098Z   ---
release	Build and verify public release	2026-10-04T03:09:16.7106417Z   duration_ms: 221.712
release	Build and verify public release	2026-10-04T03:09:16.7115174Z   type: 'test'
release	Build and verify public release	2026-10-04T03:09:16.7115535Z   ...
release	Build and verify public release	2026-10-04T03:09:16.7116604Z # Subtest: R128 §2.4 海克斯推荐标题行右侧不再有「N 个」计数
release	Build and verify public release	2026-10-04T03:09:16.7117332Z ok 464 - R128 §2.4 海克斯推荐标题行右侧不再有「N 个」计数
release	Build and verify public release	2026-10-04T03:09:16.7117779Z   ---
release	Build and verify public release	2026-10-04T03:09:16.7118122Z   duration_ms: 193.8971
release	Build and verify public release	2026-10-04T03:09:16.7118521Z   type: 'test'
release	Build and verify public release	2026-10-04T03:09:16.7118829Z   ...
release	Build and verify public release	2026-10-04T03:09:16.7119540Z # Subtest: R128 §2.4 概览顺序为海克斯推荐 → 开局配置 → 该英雄专属品质概率
release	Build and verify public release	2026-10-04T03:09:16.7154186Z ok 465 - R128 §2.4 概览顺序为海克斯推荐 → 开局配置 → 该英雄专属品质概率
release	Build and verify public release	2026-10-04T03:09:16.7154654Z   ---
release	Build and verify public release	2026-10-04T03:09:16.7155000Z   duration_ms: 233.4528
release	Build and verify public release	2026-10-04T03:09:16.7155654Z   type: 'test'
release	Build and verify public release	2026-10-04T03:09:16.7156016Z   ...
release	Build and verify public release	2026-10-04T03:09:16.7157038Z # Subtest: R116-F P2 判据仍在后端：caution 与中位数由后端下发（前端不再渲染陈述）
release	Build and verify public release	2026-10-04T03:09:16.7157809Z ok 466 - R116-F P2 判据仍在后端：caution 与中位数由后端下发（前端不再渲染陈述）
release	Build and verify public release	2026-10-04T03:09:16.7158264Z   ---
release	Build and verify public release	2026-10-04T03:09:16.7158549Z   duration_ms: 0.8341
release	Build and verify public release	2026-10-04T03:09:16.7158874Z   type: 'test'
release	Build and verify public release	2026-10-04T03:09:16.7159151Z   ...
release	Build and verify public release	2026-10-04T03:09:16.7159648Z # Subtest: R128 详情页样式走既有变量，不引入 hex 字面值，废弃样式已清除
release	Build and verify public release	2026-10-04T03:09:16.7160294Z ok 467 - R128 详情页样式走既有变量，不引入 hex 字面值，废弃样式已清除
release	Build and verify public release	2026-10-04T03:09:16.7160701Z   ---
release	Build and verify public release	2026-10-04T03:09:16.7160986Z   duration_ms: 0.8862
release	Build and verify public release	2026-10-04T03:09:16.7161309Z   type: 'test'
release	Build and verify public release	2026-10-04T03:09:16.7161576Z   ...
release	Build and verify public release	2026-10-04T03:09:16.7162137Z # Subtest: R117 CSS variables resolve, including fallback references
release	Build and verify public release	2026-10-04T03:09:16.7162994Z ok 468 - R117 CSS variables resolve, including fallback references
release	Build and verify public release	2026-10-04T03:09:16.7163530Z   ---
release	Build and verify public release	2026-10-04T03:09:16.7164095Z   duration_ms: 6.0076
release	Build and verify public release	2026-10-04T03:09:16.7164422Z   type: 'test'
release	Build and verify public release	2026-10-04T03:09:16.7164852Z   ...
release	Build and verify public release	2026-10-04T03:09:16.7165465Z # Subtest: R117 token colors have one source definition and no bypass drift
release	Build and verify public release	2026-10-04T03:09:16.7166447Z ok 469 - R117 token colors have one source definition and no bypass drift
release	Build and verify public release	2026-10-04T03:09:16.7167035Z   ---
release	Build and verify public release	2026-10-04T03:09:16.7167360Z   duration_ms: 18.3995
release	Build and verify public release	2026-10-04T03:09:16.7167712Z   type: 'test'
release	Build and verify public release	2026-10-04T03:09:16.7167997Z   ...
release	Build and verify public release	2026-10-04T03:09:16.7168741Z # Subtest: R117 confirmed dead classes are absent while dynamic loot-table stays guarded
release	Build and verify public release	2026-10-04T03:09:16.7169912Z ok 470 - R117 confirmed dead classes are absent while dynamic loot-table stays guarded
release	Build and verify public release	2026-10-04T03:09:16.7170610Z   ---
release	Build and verify public release	2026-10-04T03:09:16.7170916Z   duration_ms: 0.3092
release	Build and verify public release	2026-10-04T03:09:16.7171838Z   type: 'test'
release	Build and verify public release	2026-10-04T03:09:16.7172181Z   ...
release	Build and verify public release	2026-10-04T03:09:16.7172755Z # Subtest: R117 CSS budgets do not exceed the audited baseline
release	Build and verify public release	2026-10-04T03:09:16.7173594Z ok 471 - R117 CSS budgets do not exceed the audited baseline
release	Build and verify public release	2026-10-04T03:09:16.7174152Z   ---
release	Build and verify public release	2026-10-04T03:09:16.7174471Z   duration_ms: 2.5845
release	Build and verify public release	2026-10-04T03:09:16.7174831Z   type: 'test'
release	Build and verify public release	2026-10-04T03:09:16.7175116Z   ...
release	Build and verify public release	2026-10-04T03:09:16.7175948Z # Subtest: R117 repeated token hexes and unreferenced class names stay within the audited baseline
release	Build and verify public release	2026-10-04T03:09:16.7177623Z ok 472 - R117 repeated token hexes and unreferenced class names stay within the audited baseline
release	Build and verify public release	2026-10-04T03:09:16.7178431Z   ---
release	Build and verify public release	2026-10-04T03:09:16.7178738Z   duration_ms: 64.2629
release	Build and verify public release	2026-10-04T03:09:16.7179098Z   type: 'test'
release	Build and verify public release	2026-10-04T03:09:16.7179394Z   ...
release	Build and verify public release	2026-10-04T03:09:16.7180054Z # Subtest: R117 duplicate declaration groups stay within the audited baseline
release	Build and verify public release	2026-10-04T03:09:16.7181090Z ok 473 - R117 duplicate declaration groups stay within the audited baseline
release	Build and verify public release	2026-10-04T03:09:16.7181722Z   ---
release	Build and verify public release	2026-10-04T03:09:16.7182029Z   duration_ms: 17.8848
release	Build and verify public release	2026-10-04T03:09:16.7182386Z   type: 'test'
release	Build and verify public release	2026-10-04T03:09:16.7182691Z   ...
release	Build and verify public release	2026-10-04T03:09:16.7183542Z # Subtest: R117 image queue exports a five-slot cap and keeps successful URL remounts behind admission
release	Build and verify public release	2026-10-04T03:09:16.7184892Z ok 474 - R117 image queue exports a five-slot cap and keeps successful URL remounts behind admission
release	Build and verify public release	2026-10-04T03:09:16.7185664Z   ---
release	Build and verify public release	2026-10-04T03:09:16.7185998Z   duration_ms: 350.4521
release	Build and verify public release	2026-10-04T03:09:16.7186383Z   type: 'test'
release	Build and verify public release	2026-10-04T03:09:16.7186696Z   ...
release	Build and verify public release	2026-10-04T03:09:16.7187663Z # Subtest: R117 browser guard reads the production image limit and keeps the twelve-image starvation fixture
release	Build and verify public release	2026-10-04T03:09:16.7189138Z ok 475 - R117 browser guard reads the production image limit and keeps the twelve-image starvation fixture
release	Build and verify public release	2026-10-04T03:09:16.7189990Z   ---
release	Build and verify public release	2026-10-04T03:09:16.7190314Z   duration_ms: 1.0761
release	Build and verify public release	2026-10-04T03:09:16.7190995Z   type: 'test'
release	Build and verify public release	2026-10-04T03:09:16.7191321Z   ...
release	Build and verify public release	2026-10-04T03:09:16.7192123Z # Subtest: R117 core frontend contracts remain wired to visible degradation and diagnostics
release	Build and verify public release	2026-10-04T03:09:16.7193414Z ok 476 - R117 core frontend contracts remain wired to visible degradation and diagnostics
release	Build and verify public release	2026-10-04T03:09:16.7194494Z   ---
release	Build and verify public release	2026-10-04T03:09:16.7195623Z   duration_ms: 17.6018
release	Build and verify public release	2026-10-04T03:09:16.7196311Z   type: 'test'
release	Build and verify public release	2026-10-04T03:09:16.7197135Z   ...
release	Build and verify public release	2026-10-04T03:09:16.7198061Z # Subtest: R117 item set skip diagnostics execute in both rejected branches
release	Build and verify public release	2026-10-04T03:09:16.7199120Z ok 477 - R117 item set skip diagnostics execute in both rejected branches
release	Build and verify public release	2026-10-04T03:09:16.7199786Z   ---
release	Build and verify public release	2026-10-04T03:09:16.7200115Z   duration_ms: 9.9958
release	Build and verify public release	2026-10-04T03:09:16.7200506Z   type: 'test'
release	Build and verify public release	2026-10-04T03:09:16.7200885Z   ...
release	Build and verify public release	2026-10-04T03:09:16.7201587Z # Subtest: R117 real Chromium guards are wired into CI and cannot silently skip
release	Build and verify public release	2026-10-04T03:09:16.7202714Z ok 478 - R117 real Chromium guards are wired into CI and cannot silently skip
release	Build and verify public release	2026-10-04T03:09:16.7203405Z   ---
release	Build and verify public release	2026-10-04T03:09:16.7203747Z   duration_ms: 35.6763
release	Build and verify public release	2026-10-04T03:09:16.7204136Z   type: 'test'
release	Build and verify public release	2026-10-04T03:09:16.7204749Z   ...
release	Build and verify public release	2026-10-04T03:09:16.7205435Z # Subtest: R117 section loader waits for page styles before module execution
release	Build and verify public release	2026-10-04T03:09:16.7206721Z ok 479 - R117 section loader waits for page styles before module execution
release	Build and verify public release	2026-10-04T03:09:16.7207405Z   ---
release	Build and verify public release	2026-10-04T03:09:16.7207744Z   duration_ms: 0.3243
release	Build and verify public release	2026-10-04T03:09:16.7208128Z   type: 'test'
release	Build and verify public release	2026-10-04T03:09:16.7208444Z   ...
release	Build and verify public release	2026-10-04T03:09:16.7209337Z # Subtest: R117 app installation lookup is singleflight and hidden SSE slices flush once on resume
release	Build and verify public release	2026-10-04T03:09:16.7210760Z ok 480 - R117 app installation lookup is singleflight and hidden SSE slices flush once on resume
release	Build and verify public release	2026-10-04T03:09:16.7211602Z   ---
release	Build and verify public release	2026-10-04T03:09:16.7211951Z   duration_ms: 22.3075
release	Build and verify public release	2026-10-04T03:09:16.7212324Z   type: 'test'
release	Build and verify public release	2026-10-04T03:09:16.7212636Z   ...
release	Build and verify public release	2026-10-04T03:09:16.7213322Z # Subtest: R119 补位标签只认后端下发的布尔 true，证据缺失时一个都不渲染
release	Build and verify public release	2026-10-04T03:09:16.7214086Z ok 481 - R119 补位标签只认后端下发的布尔 true，证据缺失时一个都不渲染
release	Build and verify public release	2026-10-04T03:09:16.7214645Z   ---
release	Build and verify public release	2026-10-04T03:09:16.7214997Z   duration_ms: 13.4192
release	Build and verify public release	2026-10-04T03:09:16.7215367Z   type: 'test'
release	Build and verify public release	2026-10-04T03:09:16.7215688Z   ...
release	Build and verify public release	2026-10-04T03:09:16.7216237Z # Subtest: R119 详情概览的队友/对手行按参与者逐个决定是否带补位标签
release	Build and verify public release	2026-10-04T03:09:16.7216868Z ok 482 - R119 详情概览的队友/对手行按参与者逐个决定是否带补位标签
release	Build and verify public release	2026-10-04T03:09:16.7217695Z   ---
release	Build and verify public release	2026-10-04T03:09:16.7218006Z   duration_ms: 15.3983
release	Build and verify public release	2026-10-04T03:09:16.7218355Z   type: 'test'
release	Build and verify public release	2026-10-04T03:09:16.7218637Z   ...
release	Build and verify public release	2026-10-04T03:09:16.7219062Z # Subtest: 总览战绩详情只突出当前玩家名称
release	Build and verify public release	2026-10-04T03:09:16.7219528Z ok 483 - 总览战绩详情只突出当前玩家名称
release	Build and verify public release	2026-10-04T03:09:16.7219866Z   ---
release	Build and verify public release	2026-10-04T03:09:16.7220178Z   duration_ms: 12.8536
release	Build and verify public release	2026-10-04T03:09:16.7220543Z   type: 'test'
release	Build and verify public release	2026-10-04T03:09:16.7234852Z   ...
release	Build and verify public release	2026-10-04T03:09:16.7235521Z # Subtest: R119 补位标签复用现有 chip 尺寸与主题令牌，不写死颜色
release	Build and verify public release	2026-10-04T03:09:16.7236299Z ok 484 - R119 补位标签复用现有 chip 尺寸与主题令牌，不写死颜色
release	Build and verify public release	2026-10-04T03:09:16.7236778Z   ---
release	Build and verify public release	2026-10-04T03:09:16.7237128Z   duration_ms: 30.7698
release	Build and verify public release	2026-10-04T03:09:16.7237972Z   type: 'test'
release	Build and verify public release	2026-10-04T03:09:16.7238315Z   ...
release	Build and verify public release	2026-10-04T03:09:16.7238924Z # Subtest: R123 retired write surfaces are gone from the suite page
release	Build and verify public release	2026-10-04T03:09:16.7239871Z ok 485 - R123 retired write surfaces are gone from the suite page
release	Build and verify public release	2026-10-04T03:09:16.7240492Z   ---
release	Build and verify public release	2026-10-04T03:09:16.7240843Z   duration_ms: 2.995
release	Build and verify public release	2026-10-04T03:09:16.7241227Z   type: 'test'
release	Build and verify public release	2026-10-04T03:09:16.7241552Z   ...
release	Build and verify public release	2026-10-04T03:09:16.7242199Z # Subtest: R123 favorites page exposes the facade collection subpage
release	Build and verify public release	2026-10-04T03:09:16.7243161Z ok 486 - R123 favorites page exposes the facade collection subpage
release	Build and verify public release	2026-10-04T03:09:16.7243787Z   ---
release	Build and verify public release	2026-10-04T03:09:16.7244109Z   duration_ms: 0.7629
release	Build and verify public release	2026-10-04T03:09:16.7244490Z   type: 'test'
release	Build and verify public release	2026-10-04T03:09:16.7244808Z   ...
release	Build and verify public release	2026-10-04T03:09:16.7245460Z # Subtest: R123 owned counts are derived from catalog data, not hardcoded
release	Build and verify public release	2026-10-04T03:09:16.7246461Z ok 487 - R123 owned counts are derived from catalog data, not hardcoded
release	Build and verify public release	2026-10-04T03:09:16.7247109Z   ---
release	Build and verify public release	2026-10-04T03:09:16.7247485Z   duration_ms: 1.169
release	Build and verify public release	2026-10-04T03:09:16.7247852Z   type: 'test'
release	Build and verify public release	2026-10-04T03:09:16.7248170Z   ...
release	Build and verify public release	2026-10-04T03:09:16.7249033Z # Subtest: R123 unowned entries hide when the toggle is off (R130: icons default to owned-only)
release	Build and verify public release	2026-10-04T03:09:16.7250355Z ok 488 - R123 unowned entries hide when the toggle is off (R130: icons default to owned-only)
release	Build and verify public release	2026-10-04T03:09:16.7251150Z   ---
release	Build and verify public release	2026-10-04T03:09:16.7251503Z   duration_ms: 1.9806
release	Build and verify public release	2026-10-04T03:09:16.7251870Z   type: 'test'
release	Build and verify public release	2026-10-04T03:09:16.7252183Z   ...
release	Build and verify public release	2026-10-04T03:09:16.7252924Z # Subtest: R123 ownership-unavailable payloads downgrade state badges and locks
release	Build and verify public release	2026-10-04T03:09:16.7254105Z ok 489 - R123 ownership-unavailable payloads downgrade state badges and locks
release	Build and verify public release	2026-10-04T03:09:16.7256450Z   ---
release	Build and verify public release	2026-10-04T03:09:16.7256819Z   duration_ms: 33.1946
release	Build and verify public release	2026-10-04T03:09:16.7257196Z   type: 'test'
release	Build and verify public release	2026-10-04T03:09:16.7257478Z   ...
release	Build and verify public release	2026-10-04T03:09:16.7258044Z # Subtest: R123 filters and sorts follow the worklist dimensions
release	Build and verify public release	2026-10-04T03:09:16.7259184Z ok 490 - R123 filters and sorts follow the worklist dimensions
release	Build and verify public release	2026-10-04T03:09:16.7259890Z   ---
release	Build and verify public release	2026-10-04T03:09:16.7260201Z   duration_ms: 1.838
release	Build and verify public release	2026-10-04T03:09:16.7260555Z   type: 'test'
release	Build and verify public release	2026-10-04T03:09:16.7260837Z   ...
release	Build and verify public release	2026-10-04T03:09:16.7261577Z # Subtest: R124 ownership-unavailable catalog survives a previously closed unowned toggle
release	Build and verify public release	2026-10-04T03:09:16.7262779Z ok 491 - R124 ownership-unavailable catalog survives a previously closed unowned toggle
release	Build and verify public release	2026-10-04T03:09:16.7263493Z   ---
release	Build and verify public release	2026-10-04T03:09:16.7263802Z   duration_ms: 0.5055
release	Build and verify public release	2026-10-04T03:09:16.7264145Z   type: 'test'
release	Build and verify public release	2026-10-04T03:09:16.7264431Z   ...
release	Build and verify public release	2026-10-04T03:09:16.7264883Z # Subtest: R125 icon tiles render at native square size
release	Build and verify public release	2026-10-04T03:09:16.7265564Z ok 492 - R125 icon tiles render at native square size
release	Build and verify public release	2026-10-04T03:09:16.7266040Z   ---
release	Build and verify public release	2026-10-04T03:09:16.7266338Z   duration_ms: 1.2854
release	Build and verify public release	2026-10-04T03:09:16.7266679Z   type: 'test'
release	Build and verify public release	2026-10-04T03:09:16.7266955Z   ...
release	Build and verify public release	2026-10-04T03:09:16.7267652Z # Subtest: R126 career draft uses explicit backdrop champion before skin-id inference
release	Build and verify public release	2026-10-04T03:09:16.7268769Z ok 493 - R126 career draft uses explicit backdrop champion before skin-id inference
release	Build and verify public release	2026-10-04T03:09:16.7269438Z   ---
release	Build and verify public release	2026-10-04T03:09:16.7269757Z   duration_ms: 2.2743
release	Build and verify public release	2026-10-04T03:09:16.7270106Z   type: 'test'
release	Build and verify public release	2026-10-04T03:09:16.7270392Z   ...
release	Build and verify public release	2026-10-04T03:09:16.7271092Z # Subtest: R126 career draft stays empty when no background champion evidence exists
release	Build and verify public release	2026-10-04T03:09:16.7272176Z ok 494 - R126 career draft stays empty when no background champion evidence exists
release	Build and verify public release	2026-10-04T03:09:16.7272821Z   ---
release	Build and verify public release	2026-10-04T03:09:16.7273128Z   duration_ms: 0.9056
release	Build and verify public release	2026-10-04T03:09:16.7273461Z   type: 'test'
release	Build and verify public release	2026-10-04T03:09:16.7273730Z   ...
release	Build and verify public release	2026-10-04T03:09:16.7274399Z # Subtest: R126 facade refresh signature includes the resolved background champion
release	Build and verify public release	2026-10-04T03:09:16.7275788Z ok 495 - R126 facade refresh signature includes the resolved background champion
release	Build and verify public release	2026-10-04T03:09:16.7276426Z   ---
release	Build and verify public release	2026-10-04T03:09:16.7276730Z   duration_ms: 2.4371
release	Build and verify public release	2026-10-04T03:09:16.7277062Z   type: 'test'
release	Build and verify public release	2026-10-04T03:09:16.7277332Z   ...
release	Build and verify public release	2026-10-04T03:09:17.1453373Z # Subtest: R127 永不返回的远程符文图标不会饿死本机英雄/技能/装备图标
release	Build and verify public release	2026-10-04T03:09:17.1454662Z ok 496 - R127 永不返回的远程符文图标不会饿死本机英雄/技能/装备图标
release	Build and verify public release	2026-10-04T03:09:17.1455427Z   ---
release	Build and verify public release	2026-10-04T03:09:17.1456012Z   duration_ms: 237.7197
release	Build and verify public release	2026-10-04T03:09:17.1456604Z   type: 'test'
release	Build and verify public release	2026-10-04T03:09:17.1457081Z   ...
release	Build and verify public release	2026-10-04T03:09:17.1806655Z # Subtest: R127 对抗变异：去掉分道后同一场景必须饿死本地图
release	Build and verify public release	2026-10-04T03:09:17.1807924Z ok 497 - R127 对抗变异：去掉分道后同一场景必须饿死本地图
release	Build and verify public release	2026-10-04T03:09:17.1808706Z   ---
release	Build and verify public release	2026-10-04T03:09:17.1809311Z   duration_ms: 39.8653
release	Build and verify public release	2026-10-04T03:09:17.1907395Z   type: 'test'
release	Build and verify public release	2026-10-04T03:09:17.1968142Z   ...
release	Build and verify public release	2026-10-04T03:09:17.2276305Z # Subtest: R127 图片失败上报排队时长、加载时长、慢图数量与来源
release	Build and verify public release	2026-10-04T03:09:17.2277213Z ok 498 - R127 图片失败上报排队时长、加载时长、慢图数量与来源
release	Build and verify public release	2026-10-04T03:09:17.2278675Z   ---
release	Build and verify public release	2026-10-04T03:09:17.2279218Z   duration_ms: 28.718
release	Build and verify public release	2026-10-04T03:09:17.2279775Z   type: 'test'
release	Build and verify public release	2026-10-04T03:09:17.2280904Z   ...
release	Build and verify public release	2026-10-04T03:09:17.2291294Z # Subtest: R127 本机图超时上报 timeout，来源记为 lcu
release	Build and verify public release	2026-10-04T03:09:17.2293444Z ok 499 - R127 本机图超时上报 timeout，来源记为 lcu
release	Build and verify public release	2026-10-04T03:09:17.2328003Z   ---
release	Build and verify public release	2026-10-04T03:09:17.2328541Z   duration_ms: 24.598
release	Build and verify public release	2026-10-04T03:09:17.2329129Z   type: 'test'
release	Build and verify public release	2026-10-04T03:09:17.2329648Z   ...
release	Build and verify public release	2026-10-04T03:09:17.2433807Z # Subtest: R127 图片诊断字段能穿过 runtime.js 传输白名单
release	Build and verify public release	2026-10-04T03:09:17.2434949Z ok 500 - R127 图片诊断字段能穿过 runtime.js 传输白名单
release	Build and verify public release	2026-10-04T03:09:17.2435671Z   ---
release	Build and verify public release	2026-10-04T03:09:17.2436227Z   duration_ms: 29.1713
release	Build and verify public release	2026-10-04T03:09:17.2436841Z   type: 'test'
release	Build and verify public release	2026-10-04T03:09:17.2437384Z   ...
release	Build and verify public release	2026-10-04T03:09:17.2500688Z # Subtest: R127 国服平均段位两批并行发出，第一批返回就回填对应场次
release	Build and verify public release	2026-10-04T03:09:17.2501735Z ok 501 - R127 国服平均段位两批并行发出，第一批返回就回填对应场次
release	Build and verify public release	2026-10-04T03:09:17.2502376Z   ---
release	Build and verify public release	2026-10-04T03:09:17.2502993Z   duration_ms: 7.2802
release	Build and verify public release	2026-10-04T03:09:17.2503605Z   type: 'test'
release	Build and verify public release	2026-10-04T03:09:17.2504124Z   ...
release	Build and verify public release	2026-10-04T03:09:17.2558332Z # Subtest: R127 对抗变异：把并行批次改回串行后第二批不再同时在途
release	Build and verify public release	2026-10-04T03:09:17.2559844Z ok 502 - R127 对抗变异：把并行批次改回串行后第二批不再同时在途
release	Build and verify public release	2026-10-04T03:09:17.2560310Z   ---
release	Build and verify public release	2026-10-04T03:09:17.2560627Z   duration_ms: 6.2614
release	Build and verify public release	2026-10-04T03:09:17.2560968Z   type: 'test'
release	Build and verify public release	2026-10-04T03:09:17.2561258Z   ...
release	Build and verify public release	2026-10-04T03:09:17.4480593Z # Subtest: R127 韩服同屏对局合并成一次请求，并区分「来源暂未收录」
release	Build and verify public release	2026-10-04T03:09:17.4482300Z ok 503 - R127 韩服同屏对局合并成一次请求，并区分「来源暂未收录」
release	Build and verify public release	2026-10-04T03:09:17.4483123Z   ---
release	Build and verify public release	2026-10-04T03:09:17.4483717Z   duration_ms: 189.563
release	Build and verify public release	2026-10-04T03:09:17.4484366Z   type: 'test'
release	Build and verify public release	2026-10-04T03:09:17.4484907Z   ...
release	Build and verify public release	2026-10-04T03:09:17.4505765Z # Subtest: R127 一批失败不连累另一批：成功批照常回填，失败批留白等重试
release	Build and verify public release	2026-10-04T03:09:17.4506859Z ok 504 - R127 一批失败不连累另一批：成功批照常回填，失败批留白等重试
release	Build and verify public release	2026-10-04T03:09:17.4507365Z   ---
release	Build and verify public release	2026-10-04T03:09:17.4507719Z   duration_ms: 8.0159
release	Build and verify public release	2026-10-04T03:09:17.4508492Z   type: 'test'
release	Build and verify public release	2026-10-04T03:09:17.4508834Z   ...
release	Build and verify public release	2026-10-04T03:09:18.5087618Z # Subtest: R128 §2.6 生产 JS 里不再出现口径/因果/关联类说明文案
release	Build and verify public release	2026-10-04T03:09:18.5088952Z ok 505 - R128 §2.6 生产 JS 里不再出现口径/因果/关联类说明文案
release	Build and verify public release	2026-10-04T03:09:18.5089657Z   ---
release	Build and verify public release	2026-10-04T03:09:18.5090160Z   duration_ms: 2.1648
release	Build and verify public release	2026-10-04T03:09:18.5090759Z   type: 'test'
release	Build and verify public release	2026-10-04T03:09:18.5091263Z   ...
release	Build and verify public release	2026-10-04T03:09:18.5092244Z # Subtest: R128 §2.6 对抗变异：把禁用短语塞回 champions.js，扫描必须抓到
release	Build and verify public release	2026-10-04T03:09:18.5094041Z ok 506 - R128 §2.6 对抗变异：把禁用短语塞回 champions.js，扫描必须抓到
release	Build and verify public release	2026-10-04T03:09:18.5095398Z   ---
release	Build and verify public release	2026-10-04T03:09:18.5096085Z   duration_ms: 4.7485
release	Build and verify public release	2026-10-04T03:09:18.5097399Z   type: 'test'
release	Build and verify public release	2026-10-04T03:09:18.5101022Z   ...
release	Build and verify public release	2026-10-04T03:09:18.5107720Z # Subtest: R128 §2.3-A 口径说明的实现、调用点、样式与 shared.js 全部删除
release	Build and verify public release	2026-10-04T03:09:18.5113777Z ok 507 - R128 §2.3-A 口径说明的实现、调用点、样式与 shared.js 全部删除
release	Build and verify public release	2026-10-04T03:09:18.5114485Z   ---
release	Build and verify public release	2026-10-04T03:09:18.5115001Z   duration_ms: 3.5501
release	Build and verify public release	2026-10-04T03:09:18.5115517Z   type: 'test'
release	Build and verify public release	2026-10-04T03:09:18.5115964Z   ...
release	Build and verify public release	2026-10-04T03:09:18.5116623Z # Subtest: R128 §2.3-B 方法论与免责说明逐条消失
release	Build and verify public release	2026-10-04T03:09:18.5117359Z ok 508 - R128 §2.3-B 方法论与免责说明逐条消失
release	Build and verify public release	2026-10-04T03:09:18.5117918Z   ---
release	Build and verify public release	2026-10-04T03:09:18.5118865Z   duration_ms: 1.5733
release	Build and verify public release	2026-10-04T03:09:18.5120593Z   type: 'test'
release	Build and verify public release	2026-10-04T03:09:18.5156548Z   ...
release	Build and verify public release	2026-10-04T03:09:18.5158928Z # Subtest: R128 §2.2 表现 tab 底部只保留用户指定的那一句累计说明
release	Build and verify public release	2026-10-04T03:09:18.5160796Z ok 509 - R128 §2.2 表现 tab 底部只保留用户指定的那一句累计说明
release	Build and verify public release	2026-10-04T03:09:18.5162213Z   ---
release	Build and verify public release	2026-10-04T03:09:18.5162882Z   duration_ms: 0.5079
release	Build and verify public release	2026-10-04T03:09:18.5163482Z   type: 'test'
release	Build and verify public release	2026-10-04T03:09:18.5165233Z   ...
release	Build and verify public release	2026-10-04T03:09:18.5167680Z # Subtest: R128 §2.3-C 状态/错误/数据回退提示保留不动
release	Build and verify public release	2026-10-04T03:09:18.5168553Z ok 510 - R128 §2.3-C 状态/错误/数据回退提示保留不动
release	Build and verify public release	2026-10-04T03:09:18.5169161Z   ---
release	Build and verify public release	2026-10-04T03:09:18.5169659Z   duration_ms: 2.3192
release	Build and verify public release	2026-10-04T03:09:18.5170159Z   type: 'test'
release	Build and verify public release	2026-10-04T03:09:18.5170645Z   ...
release	Build and verify public release	2026-10-04T03:09:18.5171373Z # Subtest: R128 §2.1 概览/构筑/表现 tab 改成等分的一级切换
release	Build and verify public release	2026-10-04T03:09:18.5172269Z ok 511 - R128 §2.1 概览/构筑/表现 tab 改成等分的一级切换
release	Build and verify public release	2026-10-04T03:09:18.5172876Z   ---
release	Build and verify public release	2026-10-04T03:09:18.5173385Z   duration_ms: 1.1312
release	Build and verify public release	2026-10-04T03:09:18.5173907Z   type: 'test'
release	Build and verify public release	2026-10-04T03:09:18.5174416Z   ...
release	Build and verify public release	2026-10-04T03:09:18.5175102Z # Subtest: R128 §2.2 表现指标改成逐行列表，多杀四项合并成一行
release	Build and verify public release	2026-10-04T03:09:18.5176015Z ok 512 - R128 §2.2 表现指标改成逐行列表，多杀四项合并成一行
release	Build and verify public release	2026-10-04T03:09:18.5176615Z   ---
release	Build and verify public release	2026-10-04T03:09:18.5177095Z   duration_ms: 0.6796
release	Build and verify public release	2026-10-04T03:09:18.5177600Z   type: 'test'
release	Build and verify public release	2026-10-04T03:09:18.5178032Z   ...
release	Build and verify public release	2026-10-04T03:09:18.5178770Z # Subtest: R128 §2.4 概览顺序与推荐卡标题行
release	Build and verify public release	2026-10-04T03:09:18.5179525Z ok 513 - R128 §2.4 概览顺序与推荐卡标题行
release	Build and verify public release	2026-10-04T03:09:18.5180049Z   ---
release	Build and verify public release	2026-10-04T03:09:18.5180959Z   duration_ms: 0.7676
release	Build and verify public release	2026-10-04T03:09:18.5181633Z   type: 'test'
release	Build and verify public release	2026-10-04T03:09:18.5182093Z   ...
release	Build and verify public release	2026-10-04T03:09:18.5183028Z # Subtest: R128 §2.5 规则写进 AGENTS.md 与 CLAUDE.md，旧工单要求标注撤销
release	Build and verify public release	2026-10-04T03:09:18.5189882Z ok 514 - R128 §2.5 规则写进 AGENTS.md 与 CLAUDE.md，旧工单要求标注撤销
release	Build and verify public release	2026-10-04T03:09:18.5190688Z   ---
release	Build and verify public release	2026-10-04T03:09:18.5191239Z   duration_ms: 1.1886
release	Build and verify public release	2026-10-04T03:09:18.5191868Z   type: 'test'
release	Build and verify public release	2026-10-04T03:09:18.5208750Z   ...
release	Build and verify public release	2026-10-04T03:09:18.7483421Z # Subtest: R129 P1 海斗英雄选择：liveLoading 翻转不重绘，图标与详情节点保持同一对象
release	Build and verify public release	2026-10-04T03:09:18.7605553Z ok 515 - R129 P1 海斗英雄选择：liveLoading 翻转不重绘，图标与详情节点保持同一对象
release	Build and verify public release	2026-10-04T03:09:18.7651823Z   ---
release	Build and verify public release	2026-10-04T03:09:18.7664796Z   duration_ms: 200.6873
release	Build and verify public release	2026-10-04T03:09:18.7721129Z   type: 'test'
release	Build and verify public release	2026-10-04T03:09:18.7725252Z   ...
release	Build and verify public release	2026-10-04T03:09:18.7900743Z # Subtest: R129 P1 historyState 为 empty / failed / unavailable 时同样不重建
release	Build and verify public release	2026-10-04T03:09:18.7964270Z ok 516 - R129 P1 historyState 为 empty / failed / unavailable 时同样不重建
release	Build and verify public release	2026-10-04T03:09:18.7968885Z   ---
release	Build and verify public release	2026-10-04T03:09:18.7969247Z   duration_ms: 101.7978
release	Build and verify public release	2026-10-04T03:09:18.7970213Z   type: 'test'
release	Build and verify public release	2026-10-04T03:09:18.7970982Z   ...
release	Build and verify public release	2026-10-04T03:09:18.7972117Z # Subtest: R129 P1 词表与后端一致，源码里不再残留 ready/liveLoading 判据
release	Build and verify public release	2026-10-04T03:09:18.7973259Z ok 517 - R129 P1 词表与后端一致，源码里不再残留 ready/liveLoading 判据
release	Build and verify public release	2026-10-04T03:09:18.7973999Z   ---
release	Build and verify public release	2026-10-04T03:09:18.7974579Z   duration_ms: 18.3238
release	Build and verify public release	2026-10-04T03:09:18.8009858Z   type: 'test'
release	Build and verify public release	2026-10-04T03:09:18.8010870Z   ...
release	Build and verify public release	2026-10-04T03:09:18.8015865Z # Subtest: R129 P1 renderLive 上方写明 markup 的取值纪律
release	Build and verify public release	2026-10-04T03:09:18.8017113Z ok 518 - R129 P1 renderLive 上方写明 markup 的取值纪律
release	Build and verify public release	2026-10-04T03:09:18.8017873Z   ---
release	Build and verify public release	2026-10-04T03:09:18.8018420Z   duration_ms: 0.6083
release	Build and verify public release	2026-10-04T03:09:18.8019021Z   type: 'test'
release	Build and verify public release	2026-10-04T03:09:18.8019556Z   ...
release	Build and verify public release	2026-10-04T03:09:18.8021306Z # Subtest: R129 P1 对抗变异：把骨架判据改回依赖 liveLoading，节点身份钉子必须失败
release	Build and verify public release	2026-10-04T03:09:18.8022757Z ok 519 - R129 P1 对抗变异：把骨架判据改回依赖 liveLoading，节点身份钉子必须失败
release	Build and verify public release	2026-10-04T03:09:18.8023541Z   ---
release	Build and verify public release	2026-10-04T03:09:18.8024035Z   duration_ms: 51.5609
release	Build and verify public release	2026-10-04T03:09:18.8024582Z   type: 'test'
release	Build and verify public release	2026-10-04T03:09:18.8025600Z   ...
release	Build and verify public release	2026-10-04T03:09:18.8027350Z # Subtest: R129 P2 只有详情数据变化时，build 面板图标不动、滚动位置恢复、面板重新绑定
release	Build and verify public release	2026-10-04T03:09:18.8032923Z ok 520 - R129 P2 只有详情数据变化时，build 面板图标不动、滚动位置恢复、面板重新绑定
release	Build and verify public release	2026-10-04T03:09:18.8033708Z   ---
release	Build and verify public release	2026-10-04T03:09:18.8034275Z   duration_ms: 68.8877
release	Build and verify public release	2026-10-04T03:09:18.8034876Z   type: 'test'
release	Build and verify public release	2026-10-04T03:09:18.8035400Z   ...
release	Build and verify public release	2026-10-04T03:09:18.8036682Z # Subtest: R129 P2 外壳变化（提示条/页签行）时回退整块重建
release	Build and verify public release	2026-10-04T03:09:18.8037741Z ok 521 - R129 P2 外壳变化（提示条/页签行）时回退整块重建
release	Build and verify public release	2026-10-04T03:09:18.8038806Z   ---
release	Build and verify public release	2026-10-04T03:09:18.8039360Z   duration_ms: 82.0622
release	Build and verify public release	2026-10-04T03:09:18.8039995Z   type: 'test'
release	Build and verify public release	2026-10-04T03:09:18.8040976Z   ...
release	Build and verify public release	2026-10-04T03:09:18.8041763Z # Subtest: R129 P2 markup 完全没变时连面板都不碰
release	Build and verify public release	2026-10-04T03:09:18.8042687Z ok 522 - R129 P2 markup 完全没变时连面板都不碰
release	Build and verify public release	2026-10-04T03:09:18.8043620Z   ---
release	Build and verify public release	2026-10-04T03:09:18.8044214Z   duration_ms: 61.5092
release	Build and verify public release	2026-10-04T03:09:18.8044698Z   type: 'test'
release	Build and verify public release	2026-10-04T03:09:18.8045097Z   ...
release	Build and verify public release	2026-10-04T03:09:18.8051648Z # Subtest: R129 P3 触发来源词表：interval / sse / manual / catalog，其余归为 direct
release	Build and verify public release	2026-10-04T03:09:18.8053139Z ok 523 - R129 P3 触发来源词表：interval / sse / manual / catalog，其余归为 direct
release	Build and verify public release	2026-10-04T03:09:18.8053997Z   ---
release	Build and verify public release	2026-10-04T03:09:18.8054525Z   duration_ms: 27.3119
release	Build and verify public release	2026-10-04T03:09:18.8055109Z   type: 'test'
release	Build and verify public release	2026-10-04T03:09:18.8055607Z   ...
release	Build and verify public release	2026-10-04T03:09:18.8056481Z # Subtest: R129 P3 live_render_rebuild 每 60 秒聚合一次，记录面板与来源
release	Build and verify public release	2026-10-04T03:09:18.8057589Z ok 524 - R129 P3 live_render_rebuild 每 60 秒聚合一次，记录面板与来源
release	Build and verify public release	2026-10-04T03:09:18.8058851Z   ---
release	Build and verify public release	2026-10-04T03:09:18.8059392Z   duration_ms: 72.6754
release	Build and verify public release	2026-10-04T03:09:18.8059921Z   type: 'test'
release	Build and verify public release	2026-10-04T03:09:18.8060393Z   ...
release	Build and verify public release	2026-10-04T03:09:18.8061214Z # Subtest: R129 P3 sse 与 manual 触发按来源归类，dispose 前会 flush
release	Build and verify public release	2026-10-04T03:09:18.8062261Z ok 525 - R129 P3 sse 与 manual 触发按来源归类，dispose 前会 flush
release	Build and verify public release	2026-10-04T03:09:18.8062926Z   ---
release	Build and verify public release	2026-10-04T03:09:18.8063391Z   duration_ms: 0.6493
release	Build and verify public release	2026-10-04T03:09:18.8063872Z   type: 'test'
release	Build and verify public release	2026-10-04T03:09:18.8064341Z   ...
release	Build and verify public release	2026-10-04T03:09:18.8842597Z # Subtest: R130 P1 前提：移除 src 不触发任何 load/error 事件
release	Build and verify public release	2026-10-04T03:09:18.8843850Z ok 526 - R130 P1 前提：移除 src 不触发任何 load/error 事件
release	Build and verify public release	2026-10-04T03:09:18.8844910Z   ---
release	Build and verify public release	2026-10-04T03:09:18.8845383Z   duration_ms: 135.6264
release	Build and verify public release	2026-10-04T03:09:18.8845869Z   type: 'test'
release	Build and verify public release	2026-10-04T03:09:18.8846293Z   ...
release	Build and verify public release	2026-10-04T03:09:18.8847021Z # Subtest: R130 P1-A 8 张永不返回的图放弃后名额归零，后续正常图全部加载
release	Build and verify public release	2026-10-04T03:09:18.8848001Z ok 527 - R130 P1-A 8 张永不返回的图放弃后名额归零，后续正常图全部加载
release	Build and verify public release	2026-10-04T03:09:18.8848631Z   ---
release	Build and verify public release	2026-10-04T03:09:18.8849083Z   duration_ms: 167.0865
release	Build and verify public release	2026-10-04T03:09:18.8849575Z   type: 'test'
release	Build and verify public release	2026-10-04T03:09:18.8850024Z   ...
release	Build and verify public release	2026-10-04T03:09:18.8850736Z # Subtest: R130 P1-A 挂起的第一个候选放弃后必须继续试下一个候选地址
release	Build and verify public release	2026-10-04T03:09:18.8851668Z ok 528 - R130 P1-A 挂起的第一个候选放弃后必须继续试下一个候选地址
release	Build and verify public release	2026-10-04T03:09:18.8852338Z   ---
release	Build and verify public release	2026-10-04T03:09:18.8852884Z   duration_ms: 131.9108
release	Build and verify public release	2026-10-04T03:09:18.8853471Z   type: 'test'
release	Build and verify public release	2026-10-04T03:09:18.8854027Z   ...
release	Build and verify public release	2026-10-04T03:09:18.8855733Z # Subtest: R130 P1-A 变异：两道防线都关掉时名额永久泄漏（场景必须能测到修复）
release	Build and verify public release	2026-10-04T03:09:18.8857331Z ok 529 - R130 P1-A 变异：两道防线都关掉时名额永久泄漏（场景必须能测到修复）
release	Build and verify public release	2026-10-04T03:09:18.8858062Z   ---
release	Build and verify public release	2026-10-04T03:09:18.8858600Z   duration_ms: 143.549
release	Build and verify public release	2026-10-04T03:09:18.8859191Z   type: 'test'
release	Build and verify public release	2026-10-04T03:09:18.8859681Z   ...
release	Build and verify public release	2026-10-04T03:09:18.8860529Z # Subtest: R130 P1-A 变异：只留看门狗（第二层不补发 error）仍然不泄漏
release	Build and verify public release	2026-10-04T03:09:18.8861578Z ok 530 - R130 P1-A 变异：只留看门狗（第二层不补发 error）仍然不泄漏
release	Build and verify public release	2026-10-04T03:09:18.8862741Z   ---
release	Build and verify public release	2026-10-04T03:09:18.8863284Z   duration_ms: 159.7474
release	Build and verify public release	2026-10-04T03:09:18.8864220Z   type: 'test'
release	Build and verify public release	2026-10-04T03:09:18.8864762Z   ...
release	Build and verify public release	2026-10-04T03:09:19.0145345Z # Subtest: R130 P1-A 变异：只留合成 error（关掉看门狗）仍然不泄漏
release	Build and verify public release	2026-10-04T03:09:19.0196623Z ok 531 - R130 P1-A 变异：只留合成 error（关掉看门狗）仍然不泄漏
release	Build and verify public release	2026-10-04T03:09:19.0197417Z   ---
release	Build and verify public release	2026-10-04T03:09:19.0197948Z   duration_ms: 105.7608
release	Build and verify public release	2026-10-04T03:09:19.0198546Z   type: 'test'
release	Build and verify public release	2026-10-04T03:09:19.0199043Z   ...
release	Build and verify public release	2026-10-04T03:09:19.0897264Z # Subtest: R130 P1-B 跳到列表底部后屏幕上的卡片必须在 2 秒内开始加载
release	Build and verify public release	2026-10-04T03:09:19.0898834Z ok 532 - R130 P1-B 跳到列表底部后屏幕上的卡片必须在 2 秒内开始加载
release	Build and verify public release	2026-10-04T03:09:19.0916980Z   ---
release	Build and verify public release	2026-10-04T03:09:19.0917887Z   duration_ms: 92.027
release	Build and verify public release	2026-10-04T03:09:19.0918438Z   type: 'test'
release	Build and verify public release	2026-10-04T03:09:19.0918866Z   ...
release	Build and verify public release	2026-10-04T03:09:19.5860055Z # Subtest: R130 P1-B 变异：去掉 eager 设置后屏幕上的卡片永远排不到
release	Build and verify public release	2026-10-04T03:09:19.5861045Z ok 533 - R130 P1-B 变异：去掉 eager 设置后屏幕上的卡片永远排不到
release	Build and verify public release	2026-10-04T03:09:19.5861835Z   ---
release	Build and verify public release	2026-10-04T03:09:19.5862423Z   duration_ms: 450.3192
release	Build and verify public release	2026-10-04T03:09:19.5862966Z   type: 'test'
release	Build and verify public release	2026-10-04T03:09:19.5863497Z   ...
release	Build and verify public release	2026-10-04T03:09:19.6473552Z # Subtest: R130 P1-B 已排队但未拿到名额的任务离开预取范围会被撤回
release	Build and verify public release	2026-10-04T03:09:19.6474940Z ok 534 - R130 P1-B 已排队但未拿到名额的任务离开预取范围会被撤回
release	Build and verify public release	2026-10-04T03:09:19.6475725Z   ---
release	Build and verify public release	2026-10-04T03:09:19.6476385Z   duration_ms: 119.1019
release	Build and verify public release	2026-10-04T03:09:19.6477028Z   type: 'test'
release	Build and verify public release	2026-10-04T03:09:19.6477585Z   ...
release	Build and verify public release	2026-10-04T03:09:19.6847037Z # Subtest: R130 P1-C pointerleave 之后视频 src 被移除，且全局只有 1 个视频在播放
release	Build and verify public release	2026-10-04T03:09:19.6993080Z ok 535 - R130 P1-C pointerleave 之后视频 src 被移除，且全局只有 1 个视频在播放
release	Build and verify public release	2026-10-04T03:09:19.7010964Z   ---
release	Build and verify public release	2026-10-04T03:09:19.7111327Z   duration_ms: 32.1611
release	Build and verify public release	2026-10-04T03:09:19.7149978Z   type: 'test'
release	Build and verify public release	2026-10-04T03:09:19.7209481Z   ...
release	Build and verify public release	2026-10-04T03:09:19.7211198Z # Subtest: R130 P1-C 生产源码绑定了 pointerleave/blur，且开始下一个前先停上一个
release	Build and verify public release	2026-10-04T03:09:19.7212541Z ok 536 - R130 P1-C 生产源码绑定了 pointerleave/blur，且开始下一个前先停上一个
release	Build and verify public release	2026-10-04T03:09:19.7213340Z   ---
release	Build and verify public release	2026-10-04T03:09:19.7213981Z   duration_ms: 0.5986
release	Build and verify public release	2026-10-04T03:09:19.7214598Z   type: 'test'
release	Build and verify public release	2026-10-04T03:09:19.7215171Z   ...
release	Build and verify public release	2026-10-04T03:09:19.7255618Z # Subtest: R130 P1-D 取消奖池网格后 activeCardImages 只统计皮肤列表的任务
release	Build and verify public release	2026-10-04T03:09:19.7261900Z ok 537 - R130 P1-D 取消奖池网格后 activeCardImages 只统计皮肤列表的任务
release	Build and verify public release	2026-10-04T03:09:19.7262652Z   ---
release	Build and verify public release	2026-10-04T03:09:19.7263170Z   duration_ms: 31.8795
release	Build and verify public release	2026-10-04T03:09:19.7263763Z   type: 'test'
release	Build and verify public release	2026-10-04T03:09:19.7264287Z   ...
release	Build and verify public release	2026-10-04T03:09:19.7265089Z # Subtest: R130 P1-D 切换收藏子页与一级页签时都取消奖池网格
release	Build and verify public release	2026-10-04T03:09:19.7266007Z ok 538 - R130 P1-D 切换收藏子页与一级页签时都取消奖池网格
release	Build and verify public release	2026-10-04T03:09:19.7266670Z   ---
release	Build and verify public release	2026-10-04T03:09:19.7267202Z   duration_ms: 0.7609
release	Build and verify public release	2026-10-04T03:09:19.7267788Z   type: 'test'
release	Build and verify public release	2026-10-04T03:09:19.7268303Z   ...
release	Build and verify public release	2026-10-04T03:09:20.1303386Z # Subtest: R130 P1-6 看门狗上报 card_image_stalled，每 10 秒最多一条且不带路径
release	Build and verify public release	2026-10-04T03:09:20.1473490Z ok 539 - R130 P1-6 看门狗上报 card_image_stalled，每 10 秒最多一条且不带路径
release	Build and verify public release	2026-10-04T03:09:20.1523039Z   ---
release	Build and verify public release	2026-10-04T03:09:20.1543589Z   duration_ms: 235.4963
release	Build and verify public release	2026-10-04T03:09:20.1544313Z   type: 'test'
release	Build and verify public release	2026-10-04T03:09:20.1546388Z   ...
release	Build and verify public release	2026-10-04T03:09:20.1547419Z # Subtest: R130 P1-6 card_image_stalled 打通前端白名单与后端白名单
release	Build and verify public release	2026-10-04T03:09:20.1548829Z ok 540 - R130 P1-6 card_image_stalled 打通前端白名单与后端白名单
release	Build and verify public release	2026-10-04T03:09:20.1549478Z   ---
release	Build and verify public release	2026-10-04T03:09:20.1549945Z   duration_ms: 0.6694
release	Build and verify public release	2026-10-04T03:09:20.1550455Z   type: 'test'
release	Build and verify public release	2026-10-04T03:09:20.1550873Z   ...
release	Build and verify public release	2026-10-04T03:09:20.1551678Z # Subtest: R141 旗帜列宽明显放大且保持两种窗口下 3–4 列，名称在图片下方
release	Build and verify public release	2026-10-04T03:09:20.1552539Z ok 541 - R141 旗帜列宽明显放大且保持两种窗口下 3–4 列，名称在图片下方
release	Build and verify public release	2026-10-04T03:09:20.1553137Z   ---
release	Build and verify public release	2026-10-04T03:09:20.1553642Z   duration_ms: 1.2414
release	Build and verify public release	2026-10-04T03:09:20.1554167Z   type: 'test'
release	Build and verify public release	2026-10-04T03:09:20.1554581Z   ...
release	Build and verify public release	2026-10-04T03:09:20.1555381Z # Subtest: R130 P2 旗帜比例取自第一张图片的真实尺寸，铺满格子后上下留白 ≤ 5%
release	Build and verify public release	2026-10-04T03:09:20.1556266Z ok 542 - R130 P2 旗帜比例取自第一张图片的真实尺寸，铺满格子后上下留白 ≤ 5%
release	Build and verify public release	2026-10-04T03:09:20.1556861Z   ---
release	Build and verify public release	2026-10-04T03:09:20.1557314Z   duration_ms: 47.477
release	Build and verify public release	2026-10-04T03:09:20.1557835Z   type: 'test'
release	Build and verify public release	2026-10-04T03:09:20.1558248Z   ...
release	Build and verify public release	2026-10-04T03:09:20.1559019Z # Subtest: R130 P3 头像/旗帜/炫彩去掉右上角状态标签，皮肤卡的奖池标签保留
release	Build and verify public release	2026-10-04T03:09:20.1559931Z ok 543 - R130 P3 头像/旗帜/炫彩去掉右上角状态标签，皮肤卡的奖池标签保留
release	Build and verify public release	2026-10-04T03:09:20.1560510Z   ---
release	Build and verify public release	2026-10-04T03:09:20.1560976Z   duration_ms: 0.7489
release	Build and verify public release	2026-10-04T03:09:20.1561451Z   type: 'test'
release	Build and verify public release	2026-10-04T03:09:20.1561864Z   ...
release	Build and verify public release	2026-10-04T03:09:20.1562491Z # Subtest: R130 P4 头像/旗帜页去掉三格统计条，只留摘要行
release	Build and verify public release	2026-10-04T03:09:20.1563255Z ok 544 - R130 P4 头像/旗帜页去掉三格统计条，只留摘要行
release	Build and verify public release	2026-10-04T03:09:20.1563792Z   ---
release	Build and verify public release	2026-10-04T03:09:20.1564278Z   duration_ms: 0.8813
release	Build and verify public release	2026-10-04T03:09:20.1564812Z   type: 'test'
release	Build and verify public release	2026-10-04T03:09:20.1565343Z   ...
release	Build and verify public release	2026-10-04T03:09:20.1566087Z # Subtest: R130 P5 摘要行去掉「已显示」，数字走主题色且不经过 innerHTML
release	Build and verify public release	2026-10-04T03:09:20.1566975Z ok 545 - R130 P5 摘要行去掉「已显示」，数字走主题色且不经过 innerHTML
release	Build and verify public release	2026-10-04T03:09:20.1567586Z   ---
release	Build and verify public release	2026-10-04T03:09:20.1568541Z   duration_ms: 57.9215
release	Build and verify public release	2026-10-04T03:09:20.1569367Z   type: 'test'
release	Build and verify public release	2026-10-04T03:09:20.1570014Z   ...
release	Build and verify public release	2026-10-04T03:09:20.1571024Z # Subtest: R130 P5-4 拥有状态从不可用恢复后，头像开关回到用户原来的设置
release	Build and verify public release	2026-10-04T03:09:20.1572129Z ok 546 - R130 P5-4 拥有状态从不可用恢复后，头像开关回到用户原来的设置
release	Build and verify public release	2026-10-04T03:09:20.1572736Z   ---
release	Build and verify public release	2026-10-04T03:09:20.1573181Z   duration_ms: 42.1635
release	Build and verify public release	2026-10-04T03:09:20.1573677Z   type: 'test'
release	Build and verify public release	2026-10-04T03:09:20.1574101Z   ...
release	Build and verify public release	2026-10-04T03:09:20.1574753Z # Subtest: R138/R140 头像与旗帜详情都按原图 2 倍显示并分别封顶
release	Build and verify public release	2026-10-04T03:09:20.1575565Z ok 547 - R138/R140 头像与旗帜详情都按原图 2 倍显示并分别封顶
release	Build and verify public release	2026-10-04T03:09:20.1576156Z   ---
release	Build and verify public release	2026-10-04T03:09:20.1576657Z   duration_ms: 28.2973
release	Build and verify public release	2026-10-04T03:09:20.1577182Z   type: 'test'
release	Build and verify public release	2026-10-04T03:09:20.1577597Z   ...
release	Build and verify public release	2026-10-04T03:09:20.1578401Z # Subtest: R130 P6 弹窗改紧凑布局、加载前 128×128 占位，皮肤/炫彩弹窗不动
release	Build and verify public release	2026-10-04T03:09:20.1579297Z ok 548 - R130 P6 弹窗改紧凑布局、加载前 128×128 占位，皮肤/炫彩弹窗不动
release	Build and verify public release	2026-10-04T03:09:20.1579895Z   ---
release	Build and verify public release	2026-10-04T03:09:20.1580335Z   duration_ms: 0.9513
release	Build and verify public release	2026-10-04T03:09:20.1580818Z   type: 'test'
release	Build and verify public release	2026-10-04T03:09:20.1581228Z   ...
release	Build and verify public release	2026-10-04T03:09:20.1606272Z # Subtest: R130 P1-A 取消/重建之后看门狗不得复活已取消的卡片
release	Build and verify public release	2026-10-04T03:09:20.1607216Z ok 549 - R130 P1-A 取消/重建之后看门狗不得复活已取消的卡片
release	Build and verify public release	2026-10-04T03:09:20.1614893Z   ---
release	Build and verify public release	2026-10-04T03:09:20.1738159Z   duration_ms: 34.4969
release	Build and verify public release	2026-10-04T03:09:20.1738821Z   type: 'test'
release	Build and verify public release	2026-10-04T03:09:20.1739301Z   ...
release	Build and verify public release	2026-10-04T03:09:20.1740164Z # Subtest: R130 P1-A 看门狗只统计卡片任务，详情弹窗不得污染 stall 上报
release	Build and verify public release	2026-10-04T03:09:20.1741068Z ok 550 - R130 P1-A 看门狗只统计卡片任务，详情弹窗不得污染 stall 上报
release	Build and verify public release	2026-10-04T03:09:20.1741705Z   ---
release	Build and verify public release	2026-10-04T03:09:20.1742255Z   duration_ms: 0.5756
release	Build and verify public release	2026-10-04T03:09:20.1742850Z   type: 'test'
release	Build and verify public release	2026-10-04T03:09:20.1743581Z   ...
release	Build and verify public release	2026-10-04T03:09:20.2859869Z # Subtest: R130 P1-A 变异：看门狗先推进时，第二层迟到的合成 error 不得再推进一次
release	Build and verify public release	2026-10-04T03:09:20.2861359Z ok 551 - R130 P1-A 变异：看门狗先推进时，第二层迟到的合成 error 不得再推进一次
release	Build and verify public release	2026-10-04T03:09:20.2862133Z   ---
release	Build and verify public release	2026-10-04T03:09:20.2862680Z   duration_ms: 132.8784
release	Build and verify public release	2026-10-04T03:09:20.2863293Z   type: 'test'
release	Build and verify public release	2026-10-04T03:09:20.2863806Z   ...
release	Build and verify public release	2026-10-04T03:09:20.2864605Z # Subtest: R130 P1-A 看门狗必须晚于第二层的最坏放弃时间
release	Build and verify public release	2026-10-04T03:09:20.2870483Z ok 552 - R130 P1-A 看门狗必须晚于第二层的最坏放弃时间
release	Build and verify public release	2026-10-04T03:09:20.2873675Z   ---
release	Build and verify public release	2026-10-04T03:09:20.2874626Z   duration_ms: 0.5072
release	Build and verify public release	2026-10-04T03:09:20.2875234Z   type: 'test'
release	Build and verify public release	2026-10-04T03:09:20.2875744Z   ...
release	Build and verify public release	2026-10-04T03:09:20.2876561Z # Subtest: R130 评审补漏：弹窗、悬停视频、来源分类与旗帜取样的边界
release	Build and verify public release	2026-10-04T03:09:20.2877507Z ok 553 - R130 评审补漏：弹窗、悬停视频、来源分类与旗帜取样的边界
release	Build and verify public release	2026-10-04T03:09:20.2878112Z   ---
release	Build and verify public release	2026-10-04T03:09:20.2878629Z   duration_ms: 14.6311
release	Build and verify public release	2026-10-04T03:09:20.2879202Z   type: 'test'
release	Build and verify public release	2026-10-04T03:09:20.2879715Z   ...
release	Build and verify public release	2026-10-04T03:09:20.5911553Z # Subtest: R136 live status belongs to toolbar and leaves content without a fixed placeholder
release	Build and verify public release	2026-10-04T03:09:20.5937140Z ok 554 - R136 live status belongs to toolbar and leaves content without a fixed placeholder
release	Build and verify public release	2026-10-04T03:09:20.5942854Z   ---
release	Build and verify public release	2026-10-04T03:09:20.5948384Z   duration_ms: 3.179
release	Build and verify public release	2026-10-04T03:09:20.5950498Z   type: 'test'
release	Build and verify public release	2026-10-04T03:09:20.5952527Z   ...
release	Build and verify public release	2026-10-04T03:09:20.5953398Z # Subtest: R136 Mayhem performance font sizes and mutation guard
release	Build and verify public release	2026-10-04T03:09:20.5956701Z ok 555 - R136 Mayhem performance font sizes and mutation guard
release	Build and verify public release	2026-10-04T03:09:20.5957585Z   ---
release	Build and verify public release	2026-10-04T03:09:20.5958078Z   duration_ms: 7.5839
release	Build and verify public release	2026-10-04T03:09:20.5958626Z   type: 'test'
release	Build and verify public release	2026-10-04T03:09:20.5959067Z   ...
release	Build and verify public release	2026-10-04T03:09:20.5960377Z # Subtest: R136 account background refresh retains identical image nodes and never reinserts skeleton
release	Build and verify public release	2026-10-04T03:09:20.5962041Z ok 556 - R136 account background refresh retains identical image nodes and never reinserts skeleton
release	Build and verify public release	2026-10-04T03:09:20.5963041Z   ---
release	Build and verify public release	2026-10-04T03:09:20.5963547Z   duration_ms: 280.0628
release	Build and verify public release	2026-10-04T03:09:20.5964136Z   type: 'test'
release	Build and verify public release	2026-10-04T03:09:20.5964654Z   ...
release	Build and verify public release	2026-10-04T03:09:20.5965640Z # Subtest: R136 account request sequence discards an older response that finishes last
release	Build and verify public release	2026-10-04T03:09:20.5967144Z ok 557 - R136 account request sequence discards an older response that finishes last
release	Build and verify public release	2026-10-04T03:09:20.5968137Z   ---
release	Build and verify public release	2026-10-04T03:09:20.5968668Z   duration_ms: 26.7057
release	Build and verify public release	2026-10-04T03:09:20.5969258Z   type: 'test'
release	Build and verify public release	2026-10-04T03:09:20.5969777Z   ...
release	Build and verify public release	2026-10-04T03:09:20.5972268Z # Subtest: R136 account skeleton and markup guards kill their original mutations
release	Build and verify public release	2026-10-04T03:09:20.5983685Z ok 558 - R136 account skeleton and markup guards kill their original mutations
release	Build and verify public release	2026-10-04T03:09:20.5986155Z   ---
release	Build and verify public release	2026-10-04T03:09:20.5998314Z   duration_ms: 80.4006
release	Build and verify public release	2026-10-04T03:09:20.5999234Z   type: 'test'
release	Build and verify public release	2026-10-04T03:09:20.5999773Z   ...
release	Build and verify public release	2026-10-04T03:09:20.6000680Z # Subtest: R136 pools background refresh preserves rows and picker options
release	Build and verify public release	2026-10-04T03:09:20.6001983Z ok 559 - R136 pools background refresh preserves rows and picker options
release	Build and verify public release	2026-10-04T03:09:20.6002833Z   ---
release	Build and verify public release	2026-10-04T03:09:20.6003331Z   duration_ms: 38.8405
release	Build and verify public release	2026-10-04T03:09:20.6003879Z   type: 'test'
release	Build and verify public release	2026-10-04T03:09:20.6004397Z   ...
release	Build and verify public release	2026-10-04T03:09:20.6364009Z # Subtest: R146 blue essence keeps its size and other icons match its visual size
release	Build and verify public release	2026-10-04T03:09:20.6367252Z ok 560 - R146 blue essence keeps its size and other icons match its visual size
release	Build and verify public release	2026-10-04T03:09:20.6368489Z   ---
release	Build and verify public release	2026-10-04T03:09:20.6369416Z   duration_ms: 9.9898
release	Build and verify public release	2026-10-04T03:09:20.6370082Z   type: 'test'
release	Build and verify public release	2026-10-04T03:09:20.6371145Z   ...
release	Build and verify public release	2026-10-04T03:09:20.6372007Z # Subtest: R146 fit centres the visible box and leaves opaque or empty images alone
release	Build and verify public release	2026-10-04T03:09:20.6373651Z ok 561 - R146 fit centres the visible box and leaves opaque or empty images alone
release	Build and verify public release	2026-10-04T03:09:20.6374639Z   ---
release	Build and verify public release	2026-10-04T03:09:20.6375214Z   duration_ms: 7.5133
release	Build and verify public release	2026-10-04T03:09:20.6375842Z   type: 'test'
release	Build and verify public release	2026-10-04T03:09:20.6376396Z   ...
release	Build and verify public release	2026-10-04T03:09:20.6377403Z # Subtest: R146 css no longer carries per-item icon scale hacks and the loader normalizes on load
release	Build and verify public release	2026-10-04T03:09:20.6379028Z ok 562 - R146 css no longer carries per-item icon scale hacks and the loader normalizes on load
release	Build and verify public release	2026-10-04T03:09:20.6380138Z   ---
release	Build and verify public release	2026-10-04T03:09:20.6380727Z   duration_ms: 0.8362
release	Build and verify public release	2026-10-04T03:09:20.6420248Z   type: 'test'
release	Build and verify public release	2026-10-04T03:09:20.6421254Z   ...
release	Build and verify public release	2026-10-04T03:09:20.6423911Z # Subtest: R150 Arena hero header uses the selected YOUR.GG list row, including OP versus S
release	Build and verify public release	2026-10-04T03:09:20.6426749Z ok 563 - R150 Arena hero header uses the selected YOUR.GG list row, including OP versus S
release	Build and verify public release	2026-10-04T03:09:20.6428261Z   ---
release	Build and verify public release	2026-10-04T03:09:20.6428877Z   duration_ms: 8.238
release	Build and verify public release	2026-10-04T03:09:20.6429518Z   type: 'test'
release	Build and verify public release	2026-10-04T03:09:20.6430057Z   ...
release	Build and verify public release	2026-10-04T03:09:20.6431018Z # Subtest: R150 one shared letter scale renders seven hexagons and no numeric badges
release	Build and verify public release	2026-10-04T03:09:20.6432414Z ok 564 - R150 one shared letter scale renders seven hexagons and no numeric badges
release	Build and verify public release	2026-10-04T03:09:20.6433343Z   ---
release	Build and verify public release	2026-10-04T03:09:20.6433878Z   duration_ms: 3.2398
release	Build and verify public release	2026-10-04T03:09:20.6434509Z   type: 'test'
release	Build and verify public release	2026-10-04T03:09:20.6435046Z   ...
release	Build and verify public release	2026-10-04T03:09:20.6436047Z # Subtest: R150 local augment score stays hidden; official item score and hexagon remain
release	Build and verify public release	2026-10-04T03:09:20.6437520Z ok 565 - R150 local augment score stays hidden; official item score and hexagon remain
release	Build and verify public release	2026-10-04T03:09:20.6438555Z   ---
release	Build and verify public release	2026-10-04T03:09:20.6439150Z   duration_ms: 4.2223
release	Build and verify public release	2026-10-04T03:09:20.6439777Z   type: 'test'
release	Build and verify public release	2026-10-04T03:09:20.6440314Z   ...
release	Build and verify public release	2026-10-04T03:09:20.6441179Z # Subtest: R150 grade sorting uses letter then official score then samples
release	Build and verify public release	2026-10-04T03:09:20.6442403Z ok 566 - R150 grade sorting uses letter then official score then samples
release	Build and verify public release	2026-10-04T03:09:20.6443276Z   ---
release	Build and verify public release	2026-10-04T03:09:20.6443804Z   duration_ms: 2.0071
release	Build and verify public release	2026-10-04T03:09:20.6444392Z   type: 'test'
release	Build and verify public release	2026-10-04T03:09:20.6445363Z   ...
release	Build and verify public release	2026-10-04T03:09:20.6446289Z # Subtest: R150 sidebar stays at most 214px with aligned logo and collapsed width
release	Build and verify public release	2026-10-04T03:09:20.6447637Z ok 567 - R150 sidebar stays at most 214px with aligned logo and collapsed width
release	Build and verify public release	2026-10-04T03:09:20.6448547Z   ---
release	Build and verify public release	2026-10-04T03:09:20.6449077Z   duration_ms: 9.9771
release	Build and verify public release	2026-10-04T03:09:20.6449668Z   type: 'test'
release	Build and verify public release	2026-10-04T03:09:20.6450178Z   ...
release	Build and verify public release	2026-10-04T03:09:21.5250926Z # Subtest: R154 switching to an unloaded view clears the old cards before fetch resolves
release	Build and verify public release	2026-10-04T03:09:21.5299839Z ok 568 - R154 switching to an unloaded view clears the old cards before fetch resolves
release	Build and verify public release	2026-10-04T03:09:21.5361410Z   ---
release	Build and verify public release	2026-10-04T03:09:21.5364991Z   duration_ms: 694.6755
release	Build and verify public release	2026-10-04T03:09:21.5365595Z   type: 'test'
release	Build and verify public release	2026-10-04T03:09:21.5366064Z   ...
release	Build and verify public release	2026-10-04T03:09:21.7400447Z # Subtest: R154 filters and sorting preserve already loaded card and image nodes
release	Build and verify public release	2026-10-04T03:09:21.7434023Z ok 569 - R154 filters and sorting preserve already loaded card and image nodes
release	Build and verify public release	2026-10-04T03:09:21.7450384Z   ---
release	Build and verify public release	2026-10-04T03:09:21.7451066Z   duration_ms: 331.789
release	Build and verify public release	2026-10-04T03:09:21.7451728Z   type: 'test'
release	Build and verify public release	2026-10-04T03:09:21.7452282Z   ...
release	Build and verify public release	2026-10-04T03:09:21.7453149Z # Subtest: R154 open circuit and ordinary timeout show different detail errors
release	Build and verify public release	2026-10-04T03:09:21.7454363Z ok 570 - R154 open circuit and ordinary timeout show different detail errors
release	Build and verify public release	2026-10-04T03:09:21.7455181Z   ---
release	Build and verify public release	2026-10-04T03:09:21.7455629Z   duration_ms: 0.8698
release	Build and verify public release	2026-10-04T03:09:21.7456618Z   type: 'test'
release	Build and verify public release	2026-10-04T03:09:21.7457121Z   ...
release	Build and verify public release	2026-10-04T03:09:21.8227236Z # Subtest: R156 Hextech ARAM invitation switch saves 2300, 2400 and 3270 together
release	Build and verify public release	2026-10-04T03:09:21.8228820Z ok 571 - R156 Hextech ARAM invitation switch saves 2300, 2400 and 3270 together
release	Build and verify public release	2026-10-04T03:09:21.8230163Z   ---
release	Build and verify public release	2026-10-04T03:09:21.8321668Z   duration_ms: 8.3554
release	Build and verify public release	2026-10-04T03:09:21.8353640Z   type: 'test'
release	Build and verify public release	2026-10-04T03:09:21.8380310Z   ...
release	Build and verify public release	2026-10-04T03:09:22.4941282Z # Subtest: R158 same player and A-B-A overview renders keep loaded image nodes
release	Build and verify public release	2026-10-04T03:09:22.4963912Z ok 572 - R158 same player and A-B-A overview renders keep loaded image nodes
release	Build and verify public release	2026-10-04T03:09:22.4964876Z   ---
release	Build and verify public release	2026-10-04T03:09:22.4965448Z   duration_ms: 288.5905
release	Build and verify public release	2026-10-04T03:09:22.4966004Z   type: 'test'
release	Build and verify public release	2026-10-04T03:09:22.4966489Z   ...
release	Build and verify public release	2026-10-04T03:09:22.6711587Z # Subtest: R158 real image queue does not admit loaded A images after B-A switch
release	Build and verify public release	2026-10-04T03:09:22.6717957Z ok 573 - R158 real image queue does not admit loaded A images after B-A switch
release	Build and verify public release	2026-10-04T03:09:22.6723709Z   ---
release	Build and verify public release	2026-10-04T03:09:22.6795252Z   duration_ms: 69.053
release	Build and verify public release	2026-10-04T03:09:22.6940547Z   type: 'test'
release	Build and verify public release	2026-10-04T03:09:22.6942191Z   ...
release	Build and verify public release	2026-10-04T03:09:22.6944573Z # Subtest: R158 changed player data replaces stale art, career and match images
release	Build and verify public release	2026-10-04T03:09:22.6984962Z ok 574 - R158 changed player data replaces stale art, career and match images
release	Build and verify public release	2026-10-04T03:09:22.6986588Z   ---
release	Build and verify public release	2026-10-04T03:09:22.7003734Z   duration_ms: 40.1628
release	Build and verify public release	2026-10-04T03:09:22.7055592Z   type: 'test'
release	Build and verify public release	2026-10-04T03:09:22.7096236Z   ...
release	Build and verify public release	2026-10-04T03:09:22.7115981Z # Subtest: R158 inactive overview DOM cache has a four-player limit
release	Build and verify public release	2026-10-04T03:09:22.7138785Z ok 575 - R158 inactive overview DOM cache has a four-player limit
release	Build and verify public release	2026-10-04T03:09:22.7141844Z   ---
release	Build and verify public release	2026-10-04T03:09:22.7142653Z   duration_ms: 65.4096
release	Build and verify public release	2026-10-04T03:09:22.7152984Z   type: 'test'
release	Build and verify public release	2026-10-04T03:09:22.7262128Z   ...
release	Build and verify public release	2026-10-04T03:09:22.7266560Z # Subtest: R158 closing an inactive player releases its retained DOM
release	Build and verify public release	2026-10-04T03:09:22.7267732Z ok 576 - R158 closing an inactive player releases its retained DOM
release	Build and verify public release	2026-10-04T03:09:22.7268471Z   ---
release	Build and verify public release	2026-10-04T03:09:22.7268982Z   duration_ms: 43.1039
release	Build and verify public release	2026-10-04T03:09:22.7269601Z   type: 'test'
release	Build and verify public release	2026-10-04T03:09:22.7270134Z   ...
release	Build and verify public release	2026-10-04T03:09:22.7271250Z # Subtest: R160 bundled art uses local image queue capacity beside stalled remote art
release	Build and verify public release	2026-10-04T03:09:22.7272646Z ok 577 - R160 bundled art uses local image queue capacity beside stalled remote art
release	Build and verify public release	2026-10-04T03:09:22.7273604Z   ---
release	Build and verify public release	2026-10-04T03:09:22.7274191Z   duration_ms: 161.2252
release	Build and verify public release	2026-10-04T03:09:22.7274780Z   type: 'test'
release	Build and verify public release	2026-10-04T03:09:22.7275372Z   ...
release	Build and verify public release	2026-10-04T03:09:22.7276283Z # Subtest: R160 gameplay icon proxy accepts only the explicit bundled scheme
release	Build and verify public release	2026-10-04T03:09:22.7277547Z ok 578 - R160 gameplay icon proxy accepts only the explicit bundled scheme
release	Build and verify public release	2026-10-04T03:09:22.7278452Z   ---
release	Build and verify public release	2026-10-04T03:09:22.7279012Z   duration_ms: 0.5579
release	Build and verify public release	2026-10-04T03:09:22.7279868Z   type: 'test'
release	Build and verify public release	2026-10-04T03:09:22.7280415Z   ...
release	Build and verify public release	2026-10-04T03:09:22.7281330Z # Subtest: R160 overview augments paint from the fast catalog before perks arrive
release	Build and verify public release	2026-10-04T03:09:22.7283019Z ok 579 - R160 overview augments paint from the fast catalog before perks arrive
release	Build and verify public release	2026-10-04T03:09:22.7283975Z   ---
release	Build and verify public release	2026-10-04T03:09:22.7284820Z   duration_ms: 0.4623
release	Build and verify public release	2026-10-04T03:09:22.7285397Z   type: 'test'
release	Build and verify public release	2026-10-04T03:09:22.7285874Z   ...
release	Build and verify public release	2026-10-04T03:09:22.7286758Z # Subtest: R161 ranked live roster remains retryable until both teams have five players
release	Build and verify public release	2026-10-04T03:09:22.7288125Z ok 580 - R161 ranked live roster remains retryable until both teams have five players
release	Build and verify public release	2026-10-04T03:09:22.7289006Z   ---
release	Build and verify public release	2026-10-04T03:09:22.7289604Z   duration_ms: 2.4556
release	Build and verify public release	2026-10-04T03:09:22.7290150Z   type: 'test'
release	Build and verify public release	2026-10-04T03:09:22.7290606Z   ...
release	Build and verify public release	2026-10-04T03:09:22.7291543Z # Subtest: R161 partial ranked roster retries quickly and position chip has no reserved gap
release	Build and verify public release	2026-10-04T03:09:22.7293401Z ok 581 - R161 partial ranked roster retries quickly and position chip has no reserved gap
release	Build and verify public release	2026-10-04T03:09:22.7295011Z   ---
release	Build and verify public release	2026-10-04T03:09:22.7295525Z   duration_ms: 2.9067
release	Build and verify public release	2026-10-04T03:09:22.7296122Z   type: 'test'
release	Build and verify public release	2026-10-04T03:09:22.7308270Z   ...
release	Build and verify public release	2026-10-04T03:09:22.7309481Z # Subtest: R163 Hextech ARAM 5+4 roster remains retryable until both teams have five players
release	Build and verify public release	2026-10-04T03:09:22.7311055Z ok 582 - R163 Hextech ARAM 5+4 roster remains retryable until both teams have five players
release	Build and verify public release	2026-10-04T03:09:22.7312370Z   ---
release	Build and verify public release	2026-10-04T03:09:22.7312918Z   duration_ms: 1.6356
release	Build and verify public release	2026-10-04T03:09:22.7313509Z   type: 'test'
release	Build and verify public release	2026-10-04T03:09:22.7314274Z   ...
release	Build and verify public release	2026-10-04T03:09:22.7315410Z # Subtest: R163 partial Hextech ARAM roster retries at five seconds
release	Build and verify public release	2026-10-04T03:09:22.7316346Z ok 583 - R163 partial Hextech ARAM roster retries at five seconds
release	Build and verify public release	2026-10-04T03:09:22.7316924Z   ---
release	Build and verify public release	2026-10-04T03:09:22.7317240Z   duration_ms: 1.6243
release	Build and verify public release	2026-10-04T03:09:22.7317612Z   type: 'test'
release	Build and verify public release	2026-10-04T03:09:22.7317917Z   ...
release	Build and verify public release	2026-10-04T03:09:22.7318775Z # Subtest: R164 non-Rift teammates stay adjacent by verified premade group while Rift keeps lane order
release	Build and verify public release	2026-10-04T03:09:22.7320512Z ok 584 - R164 non-Rift teammates stay adjacent by verified premade group while Rift keeps lane order
release	Build and verify public release	2026-10-04T03:09:22.7321318Z   ---
release	Build and verify public release	2026-10-04T03:09:22.7321638Z   duration_ms: 8.0749
release	Build and verify public release	2026-10-04T03:09:22.7321981Z   type: 'test'
release	Build and verify public release	2026-10-04T03:09:22.7322275Z   ...
release	Build and verify public release	2026-10-04T03:09:22.7323078Z # Subtest: R165 live chips distinguish private history, hidden identity, and direct autofill
release	Build and verify public release	2026-10-04T03:09:22.7324342Z ok 585 - R165 live chips distinguish private history, hidden identity, and direct autofill
release	Build and verify public release	2026-10-04T03:09:22.7325049Z   ---
release	Build and verify public release	2026-10-04T03:09:22.7325346Z   duration_ms: 1.5579
release	Build and verify public release	2026-10-04T03:09:22.7325677Z   type: 'test'
release	Build and verify public release	2026-10-04T03:09:22.7325965Z   ...
release	Build and verify public release	2026-10-04T03:09:22.7326768Z # Subtest: R168 live identity copy separates unresolved champ select names from explicit privacy
release	Build and verify public release	2026-10-04T03:09:22.7328033Z ok 586 - R168 live identity copy separates unresolved champ select names from explicit privacy
release	Build and verify public release	2026-10-04T03:09:22.7328803Z   ---
release	Build and verify public release	2026-10-04T03:09:22.7329093Z   duration_ms: 2.3899
release	Build and verify public release	2026-10-04T03:09:22.7329440Z   type: 'test'
release	Build and verify public release	2026-10-04T03:09:22.7329732Z   ...
release	Build and verify public release	2026-10-04T03:09:22.7330472Z # Subtest: R166 DPM 780/840 renders the gray outline above the yellow fill with smaller dots
release	Build and verify public release	2026-10-04T03:09:22.7331642Z ok 587 - R166 DPM 780/840 renders the gray outline above the yellow fill with smaller dots
release	Build and verify public release	2026-10-04T03:09:22.7332331Z   ---
release	Build and verify public release	2026-10-04T03:09:22.7332628Z   duration_ms: 3.451
release	Build and verify public release	2026-10-04T03:09:22.7332959Z   type: 'test'
release	Build and verify public release	2026-10-04T03:09:22.7333255Z   ...
release	Build and verify public release	2026-10-04T03:09:22.7333998Z # Subtest: R166 mayhem hover waits 150 ms and rapid travel starts at most one RSC prefetch
release	Build and verify public release	2026-10-04T03:09:22.7335132Z ok 588 - R166 mayhem hover waits 150 ms and rapid travel starts at most one RSC prefetch
release	Build and verify public release	2026-10-04T03:09:22.7335817Z   ---
release	Build and verify public release	2026-10-04T03:09:22.7336116Z   duration_ms: 2.8251
release	Build and verify public release	2026-10-04T03:09:22.7336452Z   type: 'test'
release	Build and verify public release	2026-10-04T03:09:22.7336722Z   ...
release	Build and verify public release	2026-10-04T03:09:24.2016195Z # Subtest: R175 real anonymous recovery response renders five allied cards with the existing hidden identity style
release	Build and verify public release	2026-10-04T03:09:24.2022213Z ok 589 - R175 real anonymous recovery response renders five allied cards with the existing hidden identity style
release	Build and verify public release	2026-10-04T03:09:24.2023095Z   ---
release	Build and verify public release	2026-10-04T03:09:24.2023615Z   duration_ms: 291.9293
release	Build and verify public release	2026-10-04T03:09:24.2024082Z   type: 'test'
release	Build and verify public release	2026-10-04T03:09:24.2024541Z   ...
release	Build and verify public release	2026-10-04T03:09:25.8977518Z # Subtest: R179 enemy placeholder is champ-select only and keeps R193 live hidden identity display
release	Build and verify public release	2026-10-04T03:09:25.8980931Z ok 590 - R179 enemy placeholder is champ-select only and keeps R193 live hidden identity display
release	Build and verify public release	2026-10-04T03:09:25.8987045Z   ---
release	Build and verify public release	2026-10-04T03:09:25.8999799Z   duration_ms: 893.9525
release	Build and verify public release	2026-10-04T03:09:25.9000473Z   type: 'test'
release	Build and verify public release	2026-10-04T03:09:25.9001017Z   ...
release	Build and verify public release	2026-10-04T03:09:25.9005591Z # Subtest: R179 specialist key survives four skill changes and phase; concurrent entries send one request
release	Build and verify public release	2026-10-04T03:09:25.9010430Z ok 591 - R179 specialist key survives four skill changes and phase; concurrent entries send one request
release	Build and verify public release	2026-10-04T03:09:25.9038003Z   ---
release	Build and verify public release	2026-10-04T03:09:25.9079159Z   duration_ms: 5.1724
release	Build and verify public release	2026-10-04T03:09:25.9101235Z   type: 'test'
release	Build and verify public release	2026-10-04T03:09:25.9133069Z   ...
release	Build and verify public release	2026-10-04T03:09:25.9134863Z # Subtest: R179 specialist refresh retains starter items and cached response renders equipment immediately
release	Build and verify public release	2026-10-04T03:09:25.9136672Z ok 592 - R179 specialist refresh retains starter items and cached response renders equipment immediately
release	Build and verify public release	2026-10-04T03:09:25.9137793Z   ---
release	Build and verify public release	2026-10-04T03:09:25.9138343Z   duration_ms: 36.0439
release	Build and verify public release	2026-10-04T03:09:25.9138934Z   type: 'test'
release	Build and verify public release	2026-10-04T03:09:25.9139922Z   ...
release	Build and verify public release	2026-10-04T03:09:25.9141059Z # Subtest: R179 three minute roster polling preserves nine rows/images and skill changes retain rune DOM
release	Build and verify public release	2026-10-04T03:09:25.9142862Z ok 593 - R179 three minute roster polling preserves nine rows/images and skill changes retain rune DOM
release	Build and verify public release	2026-10-04T03:09:25.9144016Z   ---
release	Build and verify public release	2026-10-04T03:09:25.9144582Z   duration_ms: 910.4944
release	Build and verify public release	2026-10-04T03:09:25.9145174Z   type: 'test'
release	Build and verify public release	2026-10-04T03:09:25.9145687Z   ...
release	Build and verify public release	2026-10-04T03:09:25.9146484Z # Subtest: R179 refresh button changes only for manual loads
release	Build and verify public release	2026-10-04T03:09:25.9147527Z ok 594 - R179 refresh button changes only for manual loads
release	Build and verify public release	2026-10-04T03:09:25.9148269Z   ---
release	Build and verify public release	2026-10-04T03:09:25.9148755Z   duration_ms: 25.2165
release	Build and verify public release	2026-10-04T03:09:25.9149280Z   type: 'test'
release	Build and verify public release	2026-10-04T03:09:25.9149751Z   ...
release	Build and verify public release	2026-10-04T03:09:25.9150853Z # Subtest: R179 runtime transport admits bounded rebuild counts and lane fields, dropping private fields
release	Build and verify public release	2026-10-04T03:09:25.9152496Z ok 595 - R179 runtime transport admits bounded rebuild counts and lane fields, dropping private fields
release	Build and verify public release	2026-10-04T03:09:25.9153637Z   ---
release	Build and verify public release	2026-10-04T03:09:25.9154262Z   duration_ms: 47.5521
release	Build and verify public release	2026-10-04T03:09:25.9154861Z   type: 'test'
release	Build and verify public release	2026-10-04T03:09:25.9155372Z   ...
release	Build and verify public release	2026-10-04T03:09:26.1059278Z # Subtest: R179 lane diagnostic direct sender preserves nonzero availability fields
release	Build and verify public release	2026-10-04T03:09:26.1071917Z ok 596 - R179 lane diagnostic direct sender preserves nonzero availability fields
release	Build and verify public release	2026-10-04T03:09:26.1076343Z   ---
release	Build and verify public release	2026-10-04T03:09:26.1076919Z   duration_ms: 3.1233
release	Build and verify public release	2026-10-04T03:09:26.1077453Z   type: 'test'
release	Build and verify public release	2026-10-04T03:09:26.1077984Z   ...
release	Build and verify public release	2026-10-04T03:09:26.1082404Z # Subtest: R179 repeated partial panel bindings dispatch each action exactly once
release	Build and verify public release	2026-10-04T03:09:26.1087834Z ok 597 - R179 repeated partial panel bindings dispatch each action exactly once
release	Build and verify public release	2026-10-04T03:09:26.1088844Z   ---
release	Build and verify public release	2026-10-04T03:09:26.1089787Z   duration_ms: 80.4774
release	Build and verify public release	2026-10-04T03:09:26.1090448Z   type: 'test'
release	Build and verify public release	2026-10-04T03:09:26.1090989Z   ...
release	Build and verify public release	2026-10-04T03:09:26.1092150Z # Subtest: R179 changing roster structure replaces rows and reports same-source recreated images honestly
release	Build and verify public release	2026-10-04T03:09:26.1093936Z ok 598 - R179 changing roster structure replaces rows and reports same-source recreated images honestly
release	Build and verify public release	2026-10-04T03:09:26.1095093Z   ---
release	Build and verify public release	2026-10-04T03:09:26.1095565Z   duration_ms: 63.6351
release	Build and verify public release	2026-10-04T03:09:26.1096118Z   type: 'test'
release	Build and verify public release	2026-10-04T03:09:26.1096641Z   ...
release	Build and verify public release	2026-10-04T03:09:26.1097816Z # Subtest: R179 actual specialist equipment DOM stays identical through skills and entering the game
release	Build and verify public release	2026-10-04T03:09:26.1099494Z ok 599 - R179 actual specialist equipment DOM stays identical through skills and entering the game
release	Build and verify public release	2026-10-04T03:09:26.1100573Z   ---
release	Build and verify public release	2026-10-04T03:09:26.1101612Z   duration_ms: 48.5357
release	Build and verify public release	2026-10-04T03:09:26.1102281Z   type: 'test'
release	Build and verify public release	2026-10-04T03:09:26.1102778Z   ...
release	Build and verify public release	2026-10-04T03:09:26.1390923Z # Subtest: R180 latest merged same-queue game updates one player row, reports actual count and keeps other nodes
release	Build and verify public release	2026-10-04T03:09:26.1392966Z ok 600 - R180 latest merged same-queue game updates one player row, reports actual count and keeps other nodes
release	Build and verify public release	2026-10-04T03:09:26.1394005Z   ---
release	Build and verify public release	2026-10-04T03:09:26.1394455Z   duration_ms: 782.9233
release	Build and verify public release	2026-10-04T03:09:26.1395330Z   type: 'test'
release	Build and verify public release	2026-10-04T03:09:26.1395755Z   ...
release	Build and verify public release	2026-10-04T03:09:26.1545605Z # Subtest: R181 full pair shows locked A when enemy is absent from both top-five lists
release	Build and verify public release	2026-10-04T03:09:26.1554036Z ok 601 - R181 full pair shows locked A when enemy is absent from both top-five lists
release	Build and verify public release	2026-10-04T03:09:26.1556242Z   ---
release	Build and verify public release	2026-10-04T03:09:26.1558027Z   duration_ms: 10.6243
release	Build and verify public release	2026-10-04T03:09:26.1567492Z   type: 'test'
release	Build and verify public release	2026-10-04T03:09:26.1571572Z   ...
release	Build and verify public release	2026-10-04T03:09:26.1572636Z # Subtest: R181 missing full pair hides A and diagnoses pair-no-data; failure/pending are distinct
release	Build and verify public release	2026-10-04T03:09:26.1574232Z ok 602 - R181 missing full pair hides A and diagnoses pair-no-data; failure/pending are distinct
release	Build and verify public release	2026-10-04T03:09:26.1575340Z   ---
release	Build and verify public release	2026-10-04T03:09:26.1575916Z   duration_ms: 10.5336
release	Build and verify public release	2026-10-04T03:09:26.1576647Z   type: 'test'
release	Build and verify public release	2026-10-04T03:09:26.1577133Z   ...
release	Build and verify public release	2026-10-04T03:09:26.1578107Z # Subtest: R181 intent and hover show A+B under one enemy heading, locking keeps A and hides B
release	Build and verify public release	2026-10-04T03:09:26.1579894Z ok 603 - R181 intent and hover show A+B under one enemy heading, locking keeps A and hides B
release	Build and verify public release	2026-10-04T03:09:26.1580998Z   ---
release	Build and verify public release	2026-10-04T03:09:26.1581564Z   duration_ms: 3.2269
release	Build and verify public release	2026-10-04T03:09:26.1582093Z   type: 'test'
release	Build and verify public release	2026-10-04T03:09:26.1611273Z   ...
release	Build and verify public release	2026-10-04T03:09:26.1613301Z # Subtest: R181 sixty-one polls send one pair request and new own/enemy/tier keys each send once
release	Build and verify public release	2026-10-04T03:09:26.1614653Z ok 604 - R181 sixty-one polls send one pair request and new own/enemy/tier keys each send once
release	Build and verify public release	2026-10-04T03:09:26.1615743Z   ---
release	Build and verify public release	2026-10-04T03:09:26.1616362Z   duration_ms: 5.2174
release	Build and verify public release	2026-10-04T03:09:26.1616982Z   type: 'test'
release	Build and verify public release	2026-10-04T03:09:26.1617494Z   ...
release	Build and verify public release	2026-10-04T03:09:26.1618616Z # Subtest: R181 lane pending, failed, below-threshold and ambiguous diagnoses remain distinguishable
release	Build and verify public release	2026-10-04T03:09:26.1621099Z ok 605 - R181 lane pending, failed, below-threshold and ambiguous diagnoses remain distinguishable
release	Build and verify public release	2026-10-04T03:09:26.1621947Z   ---
release	Build and verify public release	2026-10-04T03:09:26.1622442Z   duration_ms: 9.7567
release	Build and verify public release	2026-10-04T03:09:26.1623464Z   type: 'test'
release	Build and verify public release	2026-10-04T03:09:26.1624519Z   ...
release	Build and verify public release	2026-10-04T03:09:26.4045686Z # Subtest: R181 direct sender and actual runtime carry card booleans/tier and omit identity
release	Build and verify public release	2026-10-04T03:09:26.4051758Z ok 606 - R181 direct sender and actual runtime carry card booleans/tier and omit identity
release	Build and verify public release	2026-10-04T03:09:26.4067771Z   ---
release	Build and verify public release	2026-10-04T03:09:26.4079362Z   duration_ms: 254.331
release	Build and verify public release	2026-10-04T03:09:26.4080022Z   type: 'test'
release	Build and verify public release	2026-10-04T03:09:26.4080527Z   ...
release	Build and verify public release	2026-10-04T03:09:27.1079591Z # Subtest: R183 ranked backend response renders an anonymous enemy in middle and stops incomplete retries
release	Build and verify public release	2026-10-04T03:09:27.1120454Z ok 607 - R183 ranked backend response renders an anonymous enemy in middle and stops incomplete retries
release	Build and verify public release	2026-10-04T03:09:27.1121623Z   ---
release	Build and verify public release	2026-10-04T03:09:27.1122248Z   duration_ms: 296.3124
release	Build and verify public release	2026-10-04T03:09:27.1124148Z   type: 'test'
release	Build and verify public release	2026-10-04T03:09:27.1202643Z   ...
release	Build and verify public release	2026-10-04T03:09:27.1340179Z # Subtest: R185 SSE omits skins, preserves 2125 entries and does not redraw or renew catalog age
release	Build and verify public release	2026-10-04T03:09:27.1341779Z ok 608 - R185 SSE omits skins, preserves 2125 entries and does not redraw or renew catalog age
release	Build and verify public release	2026-10-04T03:09:27.1342650Z   ---
release	Build and verify public release	2026-10-04T03:09:27.1343292Z   duration_ms: 18.5466
release	Build and verify public release	2026-10-04T03:09:27.1343903Z   type: 'test'
release	Build and verify public release	2026-10-04T03:09:27.1344619Z   ...
release	Build and verify public release	2026-10-04T03:09:27.1345718Z # Subtest: R185 skin signature is cached by list identity and explicit empty lists replace old lists
release	Build and verify public release	2026-10-04T03:09:27.1347494Z ok 609 - R185 skin signature is cached by list identity and explicit empty lists replace old lists
release	Build and verify public release	2026-10-04T03:09:27.1348566Z   ---
release	Build and verify public release	2026-10-04T03:09:27.1349004Z   duration_ms: 2.7173
release	Build and verify public release	2026-10-04T03:09:27.1349555Z   type: 'test'
release	Build and verify public release	2026-10-04T03:09:27.1350067Z   ...
release	Build and verify public release	2026-10-04T03:09:27.1351046Z # Subtest: R185 longtasks are grouped by current section and tab with minute aggregation
release	Build and verify public release	2026-10-04T03:09:27.1352576Z ok 610 - R185 longtasks are grouped by current section and tab with minute aggregation
release	Build and verify public release	2026-10-04T03:09:27.1360652Z   ---
release	Build and verify public release	2026-10-04T03:09:27.1372187Z   duration_ms: 3.921
release	Build and verify public release	2026-10-04T03:09:27.1374122Z   type: 'test'
release	Build and verify public release	2026-10-04T03:09:27.1374727Z   ...
release	Build and verify public release	2026-10-04T03:09:27.1376082Z # Subtest: R185 idle heartbeat is once per five minutes and retains a 1.5 second timer lag
release	Build and verify public release	2026-10-04T03:09:27.1394260Z ok 611 - R185 idle heartbeat is once per five minutes and retains a 1.5 second timer lag
release	Build and verify public release	2026-10-04T03:09:27.1396621Z   ---
release	Build and verify public release	2026-10-04T03:09:27.1397355Z   duration_ms: 1.7206
release	Build and verify public release	2026-10-04T03:09:27.1397997Z   type: 'test'
release	Build and verify public release	2026-10-04T03:09:27.1398974Z   ...
release	Build and verify public release	2026-10-04T03:09:27.1400212Z # Subtest: R185 measured requests cover all main page categories and count real UTF8 and stream bytes
release	Build and verify public release	2026-10-04T03:09:27.1401986Z ok 612 - R185 measured requests cover all main page categories and count real UTF8 and stream bytes
release	Build and verify public release	2026-10-04T03:09:27.1403093Z   ---
release	Build and verify public release	2026-10-04T03:09:27.1403619Z   duration_ms: 42.6296
release	Build and verify public release	2026-10-04T03:09:27.1404222Z   type: 'test'
release	Build and verify public release	2026-10-04T03:09:27.1404770Z   ...
release	Build and verify public release	2026-10-04T03:09:27.1405822Z # Subtest: R185 metrics whitelist survives renderer transport and strips identity fields
release	Build and verify public release	2026-10-04T03:09:27.1407386Z ok 613 - R185 metrics whitelist survives renderer transport and strips identity fields
release	Build and verify public release	2026-10-04T03:09:27.1408471Z   ---
release	Build and verify public release	2026-10-04T03:09:27.1409026Z   duration_ms: 13.8233
release	Build and verify public release	2026-10-04T03:09:27.1409637Z   type: 'test'
release	Build and verify public release	2026-10-04T03:09:27.1410129Z   ...
release	Build and verify public release	2026-10-04T03:09:28.8436522Z # Subtest: R188 direct premade tooltip uses champion icons before names without hero text
release	Build and verify public release	2026-10-04T03:09:28.8438579Z ok 614 - R188 direct premade tooltip uses champion icons before names without hero text
release	Build and verify public release	2026-10-04T03:09:28.8439619Z   ---
release	Build and verify public release	2026-10-04T03:09:28.8440282Z   duration_ms: 251.0897
release	Build and verify public release	2026-10-04T03:09:28.8442110Z   type: 'test'
release	Build and verify public release	2026-10-04T03:09:28.8442728Z   ...
release	Build and verify public release	2026-10-04T03:09:28.8450780Z # Subtest: R188 inferred title is a count with no methodology body, both/lobby stay direct
release	Build and verify public release	2026-10-04T03:09:28.8459637Z ok 615 - R188 inferred title is a count with no methodology body, both/lobby stay direct
release	Build and verify public release	2026-10-04T03:09:28.8471042Z   ---
release	Build and verify public release	2026-10-04T03:09:28.8477852Z   duration_ms: 125.4394
release	Build and verify public release	2026-10-04T03:09:28.8483021Z   type: 'test'
release	Build and verify public release	2026-10-04T03:09:28.8489178Z   ...
release	Build and verify public release	2026-10-04T03:09:28.8493348Z # Subtest: R188 zero and negative champion IDs retain an empty icon slot even with intent/name
release	Build and verify public release	2026-10-04T03:09:28.8503513Z ok 616 - R188 zero and negative champion IDs retain an empty icon slot even with intent/name
release	Build and verify public release	2026-10-04T03:09:28.8504657Z   ---
release	Build and verify public release	2026-10-04T03:09:28.8505611Z   duration_ms: 81.9153
release	Build and verify public release	2026-10-04T03:09:28.8506380Z   type: 'test'
release	Build and verify public release	2026-10-04T03:09:28.8506898Z   ...
release	Build and verify public release	2026-10-04T03:09:28.8507735Z # Subtest: R188 mask names uses the existing maskedPlayerName policy
release	Build and verify public release	2026-10-04T03:09:28.8508870Z ok 617 - R188 mask names uses the existing maskedPlayerName policy
release	Build and verify public release	2026-10-04T03:09:28.8539666Z   ---
release	Build and verify public release	2026-10-04T03:09:28.8540423Z   duration_ms: 32.9077
release	Build and verify public release	2026-10-04T03:09:28.8541105Z   type: 'test'
release	Build and verify public release	2026-10-04T03:09:28.8541659Z   ...
release	Build and verify public release	2026-10-04T03:09:28.8542715Z # Subtest: R188 matchup is after tabs outside insight and visible on runes/build/insight
release	Build and verify public release	2026-10-04T03:09:28.8545152Z ok 618 - R188 matchup is after tabs outside insight and visible on runes/build/insight
release	Build and verify public release	2026-10-04T03:09:28.8546200Z   ---
release	Build and verify public release	2026-10-04T03:09:28.8546735Z   duration_ms: 117.232
release	Build and verify public release	2026-10-04T03:09:28.8547323Z   type: 'test'
release	Build and verify public release	2026-10-04T03:09:28.8547844Z   ...
release	Build and verify public release	2026-10-04T03:09:28.8548858Z # Subtest: R188 preselection caps four candidates at three, narrow rule hides the third
release	Build and verify public release	2026-10-04T03:09:28.8550318Z ok 619 - R188 preselection caps four candidates at three, narrow rule hides the third
release	Build and verify public release	2026-10-04T03:09:28.8551241Z   ---
release	Build and verify public release	2026-10-04T03:09:28.8551820Z   duration_ms: 221.5371
release	Build and verify public release	2026-10-04T03:09:28.8552372Z   type: 'test'
release	Build and verify public release	2026-10-04T03:09:28.8552871Z   ...
release	Build and verify public release	2026-10-04T03:09:28.8553955Z # Subtest: R188 notice follows matchup slot without entering panels
release	Build and verify public release	2026-10-04T03:09:28.8554971Z ok 620 - R188 notice follows matchup slot without entering panels
release	Build and verify public release	2026-10-04T03:09:28.8555686Z   ---
release	Build and verify public release	2026-10-04T03:09:28.8556205Z   duration_ms: 37.5563
release	Build and verify public release	2026-10-04T03:09:28.8558709Z   type: 'test'
release	Build and verify public release	2026-10-04T03:09:28.8559303Z   ...
release	Build and verify public release	2026-10-04T03:09:28.8560646Z # Subtest: R188 pending to success and hidden preserve tab buttons, focused tab, and fixed slot
release	Build and verify public release	2026-10-04T03:09:28.8562159Z ok 621 - R188 pending to success and hidden preserve tab buttons, focused tab, and fixed slot
release	Build and verify public release	2026-10-04T03:09:28.8563128Z   ---
release	Build and verify public release	2026-10-04T03:09:28.8563649Z   duration_ms: 64.0155
release	Build and verify public release	2026-10-04T03:09:28.8564201Z   type: 'test'
release	Build and verify public release	2026-10-04T03:09:28.8564685Z   ...
release	Build and verify public release	2026-10-04T03:09:28.8565366Z # Subtest: R188 InProgress and unlocked enemy hide matchup
release	Build and verify public release	2026-10-04T03:09:28.8566323Z ok 622 - R188 InProgress and unlocked enemy hide matchup
release	Build and verify public release	2026-10-04T03:09:28.8567069Z   ---
release	Build and verify public release	2026-10-04T03:09:28.8567642Z   duration_ms: 2.8503
release	Build and verify public release	2026-10-04T03:09:28.8568193Z   type: 'test'
release	Build and verify public release	2026-10-04T03:09:28.8568663Z   ...
release	Build and verify public release	2026-10-04T03:09:28.8581630Z # Subtest: R188 placement passes both actual diagnostic senders
release	Build and verify public release	2026-10-04T03:09:28.8582818Z ok 623 - R188 placement passes both actual diagnostic senders
release	Build and verify public release	2026-10-04T03:09:28.8583811Z   ---
release	Build and verify public release	2026-10-04T03:09:28.8584368Z   duration_ms: 30.4493
release	Build and verify public release	2026-10-04T03:09:28.8585032Z   type: 'test'
release	Build and verify public release	2026-10-04T03:09:28.8585555Z   ...
release	Build and verify public release	2026-10-04T03:09:28.8951321Z # Subtest: R189 directory emote name and icon render without a pending hint
release	Build and verify public release	2026-10-04T03:09:28.8953341Z ok 624 - R189 directory emote name and icon render without a pending hint
release	Build and verify public release	2026-10-04T03:09:28.8954306Z   ---
release	Build and verify public release	2026-10-04T03:09:28.8954881Z   duration_ms: 209.5892
release	Build and verify public release	2026-10-04T03:09:28.8955461Z   type: 'test'
release	Build and verify public release	2026-10-04T03:09:28.8955769Z   ...
release	Build and verify public release	2026-10-04T03:09:28.8956697Z # Subtest: R189 fallback emote with dataPending false never implies an unsynced name
release	Build and verify public release	2026-10-04T03:09:28.8958126Z ok 625 - R189 fallback emote with dataPending false never implies an unsynced name
release	Build and verify public release	2026-10-04T03:09:28.8958776Z   ---
release	Build and verify public release	2026-10-04T03:09:28.8959400Z   duration_ms: 67.9477
release	Build and verify public release	2026-10-04T03:09:28.8959953Z   type: 'test'
release	Build and verify public release	2026-10-04T03:09:28.8960446Z   ...
release	Build and verify public release	2026-10-04T03:09:28.8961299Z # Subtest: R189 blank loot retains its pending hint only during bounded retries
release	Build and verify public release	2026-10-04T03:09:28.8962596Z ok 626 - R189 blank loot retains its pending hint only during bounded retries
release	Build and verify public release	2026-10-04T03:09:28.8963440Z   ---
release	Build and verify public release	2026-10-04T03:09:28.8963921Z   duration_ms: 48.4662
release	Build and verify public release	2026-10-04T03:09:28.8964452Z   type: 'test'
release	Build and verify public release	2026-10-04T03:09:28.8964943Z   ...
release	Build and verify public release	2026-10-04T03:09:28.8965806Z # Subtest: R189 emote ward and icon show known ownership, unknown stays absent
release	Build and verify public release	2026-10-04T03:09:28.9000492Z ok 627 - R189 emote ward and icon show known ownership, unknown stays absent
release	Build and verify public release	2026-10-04T03:09:28.9002960Z   ---
release	Build and verify public release	2026-10-04T03:09:28.9004106Z   duration_ms: 197.985
release	Build and verify public release	2026-10-04T03:09:28.9005174Z   type: 'test'
release	Build and verify public release	2026-10-04T03:09:28.9006066Z   ...
release	Build and verify public release	2026-10-04T03:09:28.9006906Z # Subtest: R189 skin ownership and upgrade wording remain unchanged
release	Build and verify public release	2026-10-04T03:09:28.9008027Z ok 628 - R189 skin ownership and upgrade wording remain unchanged
release	Build and verify public release	2026-10-04T03:09:28.9008801Z   ---
release	Build and verify public release	2026-10-04T03:09:28.9009353Z   duration_ms: 32.8778
release	Build and verify public release	2026-10-04T03:09:28.9009932Z   type: 'test'
release	Build and verify public release	2026-10-04T03:09:28.9010424Z   ...
release	Build and verify public release	2026-10-04T03:09:29.3682917Z # Subtest: R190 1–4 roster marks only subject, including Arena and masking
release	Build and verify public release	2026-10-04T03:09:29.3722385Z ok 629 - R190 1–4 roster marks only subject, including Arena and masking
release	Build and verify public release	2026-10-04T03:09:29.3723721Z   ---
release	Build and verify public release	2026-10-04T03:09:29.3724378Z   duration_ms: 354.2131
release	Build and verify public release	2026-10-04T03:09:29.3726356Z   type: 'test'
release	Build and verify public release	2026-10-04T03:09:29.3731211Z   ...
release	Build and verify public release	2026-10-04T03:09:29.3732415Z # Subtest: R190 5–9 effect parser handles zero, labels, time, invalid templates and overrides
release	Build and verify public release	2026-10-04T03:09:29.3734086Z ok 630 - R190 5–9 effect parser handles zero, labels, time, invalid templates and overrides
release	Build and verify public release	2026-10-04T03:09:29.3734984Z   ---
release	Build and verify public release	2026-10-04T03:09:29.3735470Z   duration_ms: 15.4853
release	Build and verify public release	2026-10-04T03:09:29.3736441Z   type: 'test'
release	Build and verify public release	2026-10-04T03:09:29.3736946Z   ...
release	Build and verify public release	2026-10-04T03:09:29.3738045Z # Subtest: R190 10–11 slot order, max-per-perk totals and missing stats use descriptions
release	Build and verify public release	2026-10-04T03:09:29.3739612Z ok 631 - R190 10–11 slot order, max-per-perk totals and missing stats use descriptions
release	Build and verify public release	2026-10-04T03:09:29.3741118Z   ---
release	Build and verify public release	2026-10-04T03:09:29.3742002Z   duration_ms: 79.9586
release	Build and verify public release	2026-10-04T03:09:29.3742556Z   type: 'test'
release	Build and verify public release	2026-10-04T03:09:29.3743038Z   ...
release	Build and verify public release	2026-10-04T03:09:29.3743963Z # Subtest: R190 12 shared board matches pre-R190 snapshot after removing data attribute
release	Build and verify public release	2026-10-04T03:09:29.3745631Z ok 632 - R190 12 shared board matches pre-R190 snapshot after removing data attribute
release	Build and verify public release	2026-10-04T03:09:29.3746604Z   ---
release	Build and verify public release	2026-10-04T03:09:29.3747180Z   duration_ms: 5.5734
release	Build and verify public release	2026-10-04T03:09:29.3747774Z   type: 'test'
release	Build and verify public release	2026-10-04T03:09:29.3748295Z   ...
release	Build and verify public release	2026-10-04T03:09:29.3749260Z # Subtest: R190 13 real delegated pointer/focus links selected icons only without rerender
release	Build and verify public release	2026-10-04T03:09:29.3750703Z ok 633 - R190 13 real delegated pointer/focus links selected icons only without rerender
release	Build and verify public release	2026-10-04T03:09:29.3751662Z   ---
release	Build and verify public release	2026-10-04T03:09:29.3752191Z   duration_ms: 52.3078
release	Build and verify public release	2026-10-04T03:09:29.3752750Z   type: 'test'
release	Build and verify public release	2026-10-04T03:09:29.3753241Z   ...
release	Build and verify public release	2026-10-04T03:09:29.3754358Z # Subtest: R190 20–21 augment order, rarity, skeleton, bare and escaped full tooltip
release	Build and verify public release	2026-10-04T03:09:29.3756426Z ok 634 - R190 20–21 augment order, rarity, skeleton, bare and escaped full tooltip
release	Build and verify public release	2026-10-04T03:09:29.3757201Z   ---
release	Build and verify public release	2026-10-04T03:09:29.3757891Z   duration_ms: 66.9395
release	Build and verify public release	2026-10-04T03:09:29.3758449Z   type: 'test'
release	Build and verify public release	2026-10-04T03:09:29.3758942Z   ...
release	Build and verify public release	2026-10-04T03:09:29.3759841Z # Subtest: R190 22 description IDs reused, failures settled, no repeated request
release	Build and verify public release	2026-10-04T03:09:29.3761142Z ok 635 - R190 22 description IDs reused, failures settled, no repeated request
release	Build and verify public release	2026-10-04T03:09:29.3762024Z   ---
release	Build and verify public release	2026-10-04T03:09:29.3762524Z   duration_ms: 17.3577
release	Build and verify public release	2026-10-04T03:09:29.3763106Z   type: 'test'
release	Build and verify public release	2026-10-04T03:09:29.3763606Z   ...
release	Build and verify public release	2026-10-04T03:09:29.3764645Z # Subtest: R190 old match requests exactly one refresh across views, preserves participant metadata
release	Build and verify public release	2026-10-04T03:09:29.3766276Z ok 636 - R190 old match requests exactly one refresh across views, preserves participant metadata
release	Build and verify public release	2026-10-04T03:09:29.3767341Z   ---
release	Build and verify public release	2026-10-04T03:09:29.3767865Z   duration_ms: 15.6724
release	Build and verify public release	2026-10-04T03:09:29.3768384Z   type: 'test'
release	Build and verify public release	2026-10-04T03:09:29.3768844Z   ...
release	Build and verify public release	2026-10-04T03:09:29.3779245Z # Subtest: R190 build controls request augment copy only after build opens
release	Build and verify public release	2026-10-04T03:09:29.3780407Z ok 637 - R190 build controls request augment copy only after build opens
release	Build and verify public release	2026-10-04T03:09:29.3781431Z   ---
release	Build and verify public release	2026-10-04T03:09:29.3781999Z   duration_ms: 45.0289
release	Build and verify public release	2026-10-04T03:09:29.3782617Z   type: 'test'
release	Build and verify public release	2026-10-04T03:09:29.3783127Z   ...
release	Build and verify public release	2026-10-04T03:09:30.6413754Z # Subtest: R191 09 only intersecting open build detail changes among twenty retained cards
release	Build and verify public release	2026-10-04T03:09:30.6416580Z ok 638 - R191 09 only intersecting open build detail changes among twenty retained cards
release	Build and verify public release	2026-10-04T03:09:30.6417430Z   ---
release	Build and verify public release	2026-10-04T03:09:30.6418151Z   duration_ms: 276.4577
release	Build and verify public release	2026-10-04T03:09:30.6420240Z   type: 'test'
release	Build and verify public release	2026-10-04T03:09:30.6425841Z   ...
release	Build and verify public release	2026-10-04T03:09:30.6428405Z # Subtest: R191 10 shared IDs update active and cached tabs plus overlay and external views
release	Build and verify public release	2026-10-04T03:09:30.6436750Z ok 639 - R191 10 shared IDs update active and cached tabs plus overlay and external views
release	Build and verify public release	2026-10-04T03:09:30.6441311Z   ---
release	Build and verify public release	2026-10-04T03:09:30.6441931Z   duration_ms: 90.4725
release	Build and verify public release	2026-10-04T03:09:30.6442550Z   type: 'test'
release	Build and verify public release	2026-10-04T03:09:30.6443054Z   ...
release	Build and verify public release	2026-10-04T03:09:30.6444141Z # Subtest: R191 14 effect icons and value gaps use corrected dimensions, wide tree is centered
release	Build and verify public release	2026-10-04T03:09:30.6445942Z ok 640 - R191 14 effect icons and value gaps use corrected dimensions, wide tree is centered
release	Build and verify public release	2026-10-04T03:09:30.6447002Z   ---
release	Build and verify public release	2026-10-04T03:09:30.6447571Z   duration_ms: 0.9538
release	Build and verify public release	2026-10-04T03:09:30.6448192Z   type: 'test'
release	Build and verify public release	2026-10-04T03:09:30.6448704Z   ...
release	Build and verify public release	2026-10-04T03:09:30.6450021Z # Subtest: R191 15–16 R195 removes effect shards while preserving the shared tree icons
release	Build and verify public release	2026-10-04T03:09:30.6451533Z ok 641 - R191 15–16 R195 removes effect shards while preserving the shared tree icons
release	Build and verify public release	2026-10-04T03:09:30.6452835Z   ---
release	Build and verify public release	2026-10-04T03:09:30.6453367Z   duration_ms: 66.519
release	Build and verify public release	2026-10-04T03:09:30.6456451Z   type: 'test'
release	Build and verify public release	2026-10-04T03:09:30.6458029Z   ...
release	Build and verify public release	2026-10-04T03:09:33.1968783Z # live recommendation diagnostic failed {
release	Build and verify public release	2026-10-04T03:09:33.1969747Z #   reason: 'has-payload',
release	Build and verify public release	2026-10-04T03:09:33.1970482Z #   key: '164:top:CLASSIC:11:emerald_plus:none',
release	Build and verify public release	2026-10-04T03:09:33.1971383Z #   error: 'Failed to parse URL from /api/diagnostics/client'
release	Build and verify public release	2026-10-04T03:09:33.1972145Z # }
release	Build and verify public release	2026-10-04T03:09:35.1900616Z # Subtest: R192 1 hydrate updates roster and subject highlight while other two cards stay retained
release	Build and verify public release	2026-10-04T03:09:35.1902623Z ok 642 - R192 1 hydrate updates roster and subject highlight while other two cards stay retained
release	Build and verify public release	2026-10-04T03:09:35.1903805Z   ---
release	Build and verify public release	2026-10-04T03:09:35.1904378Z   duration_ms: 3061.5975
release	Build and verify public release	2026-10-04T03:09:35.1905105Z   type: 'test'
release	Build and verify public release	2026-10-04T03:09:35.1905638Z   ...
release	Build and verify public release	2026-10-04T03:09:35.5228190Z # live recommendation diagnostic failed {
release	Build and verify public release	2026-10-04T03:09:35.5284705Z #   reason: 'has-payload',
release	Build and verify public release	2026-10-04T03:09:35.5285703Z #   key: '164:top:CLASSIC:11:emerald_plus:none',
release	Build and verify public release	2026-10-04T03:09:35.5286746Z #   error: 'Failed to parse URL from /api/diagnostics/client'
release	Build and verify public release	2026-10-04T03:09:35.5287571Z # }
release	Build and verify public release	2026-10-04T03:09:37.6414352Z # Subtest: R192 2 rejected details expose a working retry and reopen after successful second request
release	Build and verify public release	2026-10-04T03:09:37.6449660Z ok 643 - R192 2 rejected details expose a working retry and reopen after successful second request
release	Build and verify public release	2026-10-04T03:09:37.6450951Z   ---
release	Build and verify public release	2026-10-04T03:09:37.6451529Z   duration_ms: 2641.6508
release	Build and verify public release	2026-10-04T03:09:37.6452151Z   type: 'test'
release	Build and verify public release	2026-10-04T03:09:37.6452700Z   ...
release	Build and verify public release	2026-10-04T03:09:37.8287516Z # live recommendation diagnostic failed {
release	Build and verify public release	2026-10-04T03:09:37.8288612Z #   reason: 'has-payload',
release	Build and verify public release	2026-10-04T03:09:37.8289171Z #   key: '164:top:CLASSIC:11:emerald_plus:none',
release	Build and verify public release	2026-10-04T03:09:37.8289897Z #   error: 'Failed to parse URL from /api/diagnostics/client'
release	Build and verify public release	2026-10-04T03:09:37.8290418Z # }
release	Build and verify public release	2026-10-04T03:09:39.6946291Z # Subtest: R192 3 two retry clicks during loading share one additional request
release	Build and verify public release	2026-10-04T03:09:39.6947959Z ok 644 - R192 3 two retry clicks during loading share one additional request
release	Build and verify public release	2026-10-04T03:09:39.6949211Z   ---
release	Build and verify public release	2026-10-04T03:09:39.6949795Z   duration_ms: 2081.0418
release	Build and verify public release	2026-10-04T03:09:39.6950342Z   type: 'test'
release	Build and verify public release	2026-10-04T03:09:39.6950838Z   ...
release	Build and verify public release	2026-10-04T03:09:39.8908731Z # live recommendation diagnostic failed {
release	Build and verify public release	2026-10-04T03:09:39.8909755Z #   reason: 'has-payload',
release	Build and verify public release	2026-10-04T03:09:39.8910829Z #   key: '164:top:CLASSIC:11:emerald_plus:none',
release	Build and verify public release	2026-10-04T03:09:39.8922661Z #   error: 'Failed to parse URL from /api/diagnostics/client'
release	Build and verify public release	2026-10-04T03:09:39.8923649Z # }
release	Build and verify public release	2026-10-04T03:09:41.6955499Z # Subtest: R192 4 loader-free expand and collapse keep summary and unrelated card identities
release	Build and verify public release	2026-10-04T03:09:41.6957221Z ok 645 - R192 4 loader-free expand and collapse keep summary and unrelated card identities
release	Build and verify public release	2026-10-04T03:09:41.6958149Z   ---
release	Build and verify public release	2026-10-04T03:09:41.6958660Z   duration_ms: 1955.5425
release	Build and verify public release	2026-10-04T03:09:41.6959154Z   type: 'test'
release	Build and verify public release	2026-10-04T03:09:41.6959900Z   ...
release	Build and verify public release	2026-10-04T03:09:41.8929374Z # live recommendation diagnostic failed {
release	Build and verify public release	2026-10-04T03:09:41.8930503Z #   reason: 'has-payload',
release	Build and verify public release	2026-10-04T03:09:41.8931397Z #   key: '164:top:CLASSIC:11:emerald_plus:none',
release	Build and verify public release	2026-10-04T03:09:41.8932442Z #   error: 'Failed to parse URL from /api/diagnostics/client'
release	Build and verify public release	2026-10-04T03:09:41.8933262Z # }
release	Build and verify public release	2026-10-04T03:09:42.1984054Z # Subtest: R192 5 hydrated Arena summary replaces damage and taken placeholders with true fixture values
release	Build and verify public release	2026-10-04T03:09:42.1986053Z ok 646 - R192 5 hydrated Arena summary replaces damage and taken placeholders with true fixture values
release	Build and verify public release	2026-10-04T03:09:42.1987171Z   ---
release	Build and verify public release	2026-10-04T03:09:42.1987737Z   duration_ms: 2046.4222
release	Build and verify public release	2026-10-04T03:09:42.1988347Z   type: 'test'
release	Build and verify public release	2026-10-04T03:09:42.1988922Z   ...
release	Build and verify public release	2026-10-04T03:09:42.2601467Z # Subtest: R193 1 hidden identity subtitle contains only position and disappears without position
release	Build and verify public release	2026-10-04T03:09:42.2604666Z ok 647 - R193 1 hidden identity subtitle contains only position and disappears without position
release	Build and verify public release	2026-10-04T03:09:42.2610740Z   ---
release	Build and verify public release	2026-10-04T03:09:42.2614356Z   duration_ms: 271.6631
release	Build and verify public release	2026-10-04T03:09:42.2646352Z   type: 'test'
release	Build and verify public release	2026-10-04T03:09:42.2668049Z   ...
release	Build and verify public release	2026-10-04T03:09:42.2670260Z # Subtest: R193 2 hidden combined card contains one client-unavailable message and no history row
release	Build and verify public release	2026-10-04T03:09:42.2672201Z ok 648 - R193 2 hidden combined card contains one client-unavailable message and no history row
release	Build and verify public release	2026-10-04T03:09:42.2673450Z   ---
release	Build and verify public release	2026-10-04T03:09:42.2674738Z   duration_ms: 0.4176
release	Build and verify public release	2026-10-04T03:09:42.2675636Z   type: 'test'
release	Build and verify public release	2026-10-04T03:09:42.2676160Z   ...
release	Build and verify public release	2026-10-04T03:09:42.2677055Z # Subtest: R193 3 hidden card omits empty win-rate and KDA columns without em dashes
release	Build and verify public release	2026-10-04T03:09:42.2678369Z ok 649 - R193 3 hidden card omits empty win-rate and KDA columns without em dashes
release	Build and verify public release	2026-10-04T03:09:42.2679219Z   ---
release	Build and verify public release	2026-10-04T03:09:42.2679703Z   duration_ms: 41.7149
release	Build and verify public release	2026-10-04T03:09:42.2680267Z   type: 'test'
release	Build and verify public release	2026-10-04T03:09:42.2680766Z   ...
release	Build and verify public release	2026-10-04T03:09:42.2681785Z # Subtest: R193 4 unresolved identity, private history and ordinary no-sample cards match baseline
release	Build and verify public release	2026-10-04T03:09:42.2683299Z ok 650 - R193 4 unresolved identity, private history and ordinary no-sample cards match baseline
release	Build and verify public release	2026-10-04T03:09:42.2684225Z   ---
release	Build and verify public release	2026-10-04T03:09:42.2684706Z   duration_ms: 2.2991
release	Build and verify public release	2026-10-04T03:09:42.2685247Z   type: 'test'
release	Build and verify public release	2026-10-04T03:09:42.2685716Z   ...
release	Build and verify public release	2026-10-04T03:09:42.2686432Z # Subtest: R193 5 ordinary unranked player retains rank subtitle
release	Build and verify public release	2026-10-04T03:09:42.2687475Z ok 651 - R193 5 ordinary unranked player retains rank subtitle
release	Build and verify public release	2026-10-04T03:09:42.2688226Z   ---
release	Build and verify public release	2026-10-04T03:09:42.2688782Z   duration_ms: 0.3452
release	Build and verify public release	2026-10-04T03:09:42.2689288Z   type: 'test'
release	Build and verify public release	2026-10-04T03:09:42.2689739Z   ...
release	Build and verify public release	2026-10-04T03:09:42.2690720Z # Subtest: R194 actual backend quickplay response renders our anonymous TOP among five cards
release	Build and verify public release	2026-10-04T03:09:42.2692183Z ok 652 - R194 actual backend quickplay response renders our anonymous TOP among five cards
release	Build and verify public release	2026-10-04T03:09:42.2693199Z   ---
release	Build and verify public release	2026-10-04T03:09:42.2693790Z   duration_ms: 211.7372
release	Build and verify public release	2026-10-04T03:09:42.2694853Z   type: 'test'
release	Build and verify public release	2026-10-04T03:09:42.2695422Z   ...
release	Build and verify public release	2026-10-04T03:09:42.2696391Z # Subtest: R194 quickplay nine-player snapshots keep five-second retries until recovered
release	Build and verify public release	2026-10-04T03:09:42.2697772Z ok 653 - R194 quickplay nine-player snapshots keep five-second retries until recovered
release	Build and verify public release	2026-10-04T03:09:42.2698674Z   ---
release	Build and verify public release	2026-10-04T03:09:42.2699182Z   duration_ms: 4.5077
release	Build and verify public release	2026-10-04T03:09:42.2699702Z   type: 'test'
release	Build and verify public release	2026-10-04T03:09:42.2700305Z   ...
release	Build and verify public release	2026-10-04T03:09:42.2701279Z # Subtest: R194 browser roster gate mirrors backend registered 5v5 PvP queue groups
release	Build and verify public release	2026-10-04T03:09:42.2702730Z ok 654 - R194 browser roster gate mirrors backend registered 5v5 PvP queue groups
release	Build and verify public release	2026-10-04T03:09:42.2703710Z   ---
release	Build and verify public release	2026-10-04T03:09:42.2704284Z   duration_ms: 2.6209
release	Build and verify public release	2026-10-04T03:09:42.2704905Z   type: 'test'
release	Build and verify public release	2026-10-04T03:09:42.2705452Z   ...
release	Build and verify public release	2026-10-04T03:09:42.2738073Z # Subtest: R195 1 effect list removes shards and preserves shared board
release	Build and verify public release	2026-10-04T03:09:42.2739383Z ok 655 - R195 1 effect list removes shards and preserves shared board
release	Build and verify public release	2026-10-04T03:09:42.2740281Z   ---
release	Build and verify public release	2026-10-04T03:09:42.2740838Z   duration_ms: 242.4348
release	Build and verify public release	2026-10-04T03:09:42.2741451Z   type: 'test'
release	Build and verify public release	2026-10-04T03:09:42.2741981Z   ...
release	Build and verify public release	2026-10-04T03:09:42.2742967Z # Subtest: R195 2 lethal tempo keeps confirmed var2 damage and suppresses malformed time
release	Build and verify public release	2026-10-04T03:09:42.2744398Z ok 656 - R195 2 lethal tempo keeps confirmed var2 damage and suppresses malformed time
release	Build and verify public release	2026-10-04T03:09:42.2745377Z   ---
release	Build and verify public release	2026-10-04T03:09:42.2745951Z   duration_ms: 7.4739
release	Build and verify public release	2026-10-04T03:09:42.2746734Z   type: 'test'
release	Build and verify public release	2026-10-04T03:09:42.2747362Z   ...
release	Build and verify public release	2026-10-04T03:09:42.2748353Z # Subtest: R195 3 magical footwear uses the client label and minute/tens/units template
release	Build and verify public release	2026-10-04T03:09:42.2749807Z ok 657 - R195 3 magical footwear uses the client label and minute/tens/units template
release	Build and verify public release	2026-10-04T03:09:42.2751110Z   ---
release	Build and verify public release	2026-10-04T03:09:42.2752583Z   duration_ms: 4.1088
release	Build and verify public release	2026-10-04T03:09:42.2793085Z   type: 'test'
release	Build and verify public release	2026-10-04T03:09:42.2793423Z   ...
release	Build and verify public release	2026-10-04T03:09:42.2794371Z # Subtest: R195 4 invalid footwear digits and minutes do not render
release	Build and verify public release	2026-10-04T03:09:42.2795590Z ok 658 - R195 4 invalid footwear digits and minutes do not render
release	Build and verify public release	2026-10-04T03:09:42.2796204Z   ---
release	Build and verify public release	2026-10-04T03:09:42.2796551Z   duration_ms: 3.648
release	Build and verify public release	2026-10-04T03:09:42.2796922Z   type: 'test'
release	Build and verify public release	2026-10-04T03:09:42.2797235Z   ...
release	Build and verify public release	2026-10-04T03:09:42.2798097Z # Subtest: R195 5 keystone with values shows only tree subtitle; missing values retain description
release	Build and verify public release	2026-10-04T03:09:42.2799474Z ok 659 - R195 5 keystone with values shows only tree subtitle; missing values retain description
release	Build and verify public release	2026-10-04T03:09:42.2800310Z   ---
release	Build and verify public release	2026-10-04T03:09:42.2800674Z   duration_ms: 63.7977
release	Build and verify public release	2026-10-04T03:09:42.2801074Z   type: 'test'
release	Build and verify public release	2026-10-04T03:09:42.2801399Z   ...
release	Build and verify public release	2026-10-04T03:09:42.2802072Z # Subtest: R195 6 header damage includes the confirmed lethal tempo value
release	Build and verify public release	2026-10-04T03:09:42.2803099Z ok 660 - R195 6 header damage includes the confirmed lethal tempo value
release	Build and verify public release	2026-10-04T03:09:42.2803759Z   ---
release	Build and verify public release	2026-10-04T03:09:42.2804107Z   duration_ms: 24.4435
release	Build and verify public release	2026-10-04T03:09:42.2804498Z   type: 'test'
release	Build and verify public release	2026-10-04T03:09:42.2804819Z   ...
release	Build and verify public release	2026-10-04T03:09:42.2805650Z # Subtest: R195 7 picked premade heroes render two queued icons before names without hero text
release	Build and verify public release	2026-10-04T03:09:42.2807006Z ok 661 - R195 7 picked premade heroes render two queued icons before names without hero text
release	Build and verify public release	2026-10-04T03:09:42.2807791Z   ---
release	Build and verify public release	2026-10-04T03:09:42.2808131Z   duration_ms: 98.3772
release	Build and verify public release	2026-10-04T03:09:42.2808530Z   type: 'test'
release	Build and verify public release	2026-10-04T03:09:42.2808842Z   ...
release	Build and verify public release	2026-10-04T03:09:42.2809586Z # Subtest: R195 8 no champion or pending pick retains empty icon slot and aligned name
release	Build and verify public release	2026-10-04T03:09:42.2810757Z ok 662 - R195 8 no champion or pending pick retains empty icon slot and aligned name
release	Build and verify public release	2026-10-04T03:09:42.2811469Z   ---
release	Build and verify public release	2026-10-04T03:09:42.2811814Z   duration_ms: 75.456
release	Build and verify public release	2026-10-04T03:09:42.2812202Z   type: 'test'
release	Build and verify public release	2026-10-04T03:09:42.2812542Z   ...
release	Build and verify public release	2026-10-04T03:09:42.2813239Z # Subtest: R195 9 premade icon rows preserve name masking
release	Build and verify public release	2026-10-04T03:09:42.2813967Z ok 663 - R195 9 premade icon rows preserve name masking
release	Build and verify public release	2026-10-04T03:09:42.2814483Z   ---
release	Build and verify public release	2026-10-04T03:09:42.2815156Z   duration_ms: 34.7602
release	Build and verify public release	2026-10-04T03:09:42.2815520Z   type: 'test'
release	Build and verify public release	2026-10-04T03:09:42.2815819Z   ...
release	Build and verify public release	2026-10-04T03:09:42.2817742Z # Subtest: R196 8 ETA formats seconds minutes hours and source selection
release	Build and verify public release	2026-10-04T03:09:42.2818727Z ok 664 - R196 8 ETA formats seconds minutes hours and source selection
release	Build and verify public release	2026-10-04T03:09:42.2819318Z   ---
release	Build and verify public release	2026-10-04T03:09:42.2819638Z   duration_ms: 813.0725
release	Build and verify public release	2026-10-04T03:09:42.2819995Z   type: 'test'
release	Build and verify public release	2026-10-04T03:09:42.2820279Z   ...
release	Build and verify public release	2026-10-04T03:09:42.2821246Z # Subtest: R196 9 background button keeps download busy and reopen progress
release	Build and verify public release	2026-10-04T03:09:42.2822250Z ok 665 - R196 9 background button keeps download busy and reopen progress
release	Build and verify public release	2026-10-04T03:09:42.2822890Z   ---
release	Build and verify public release	2026-10-04T03:09:42.2823219Z   duration_ms: 418.3139
release	Build and verify public release	2026-10-04T03:09:42.2823566Z   type: 'test'
release	Build and verify public release	2026-10-04T03:09:42.2823830Z   ...
release	Build and verify public release	2026-10-04T03:09:42.2824491Z # Subtest: R196 10 ready completion card only while dialog closed and startup recovery
release	Build and verify public release	2026-10-04T03:09:42.2825615Z ok 666 - R196 10 ready completion card only while dialog closed and startup recovery
release	Build and verify public release	2026-10-04T03:09:42.2826267Z   ---
release	Build and verify public release	2026-10-04T03:09:42.2826562Z   duration_ms: 925.3228
release	Build and verify public release	2026-10-04T03:09:42.2826899Z   type: 'test'
release	Build and verify public release	2026-10-04T03:09:42.2827183Z   ...
release	Build and verify public release	2026-10-04T03:09:42.2827827Z # Subtest: R196 11 later makes no API and top button opens ready without download
release	Build and verify public release	2026-10-04T03:09:42.2828826Z ok 667 - R196 11 later makes no API and top button opens ready without download
release	Build and verify public release	2026-10-04T03:09:42.2829445Z   ---
release	Build and verify public release	2026-10-04T03:09:42.2829748Z   duration_ms: 312.4348
release	Build and verify public release	2026-10-04T03:09:42.2830100Z   type: 'test'
release	Build and verify public release	2026-10-04T03:09:42.2830378Z   ...
release	Build and verify public release	2026-10-04T03:09:42.2831225Z # Subtest: R196 12 completion apply checks live phase before upgrading
release	Build and verify public release	2026-10-04T03:09:42.2832290Z ok 668 - R196 12 completion apply checks live phase before upgrading
release	Build and verify public release	2026-10-04T03:09:42.2832915Z   ---
release	Build and verify public release	2026-10-04T03:09:42.2833240Z   duration_ms: 881.1481
release	Build and verify public release	2026-10-04T03:09:42.2833595Z   type: 'test'
release	Build and verify public release	2026-10-04T03:09:42.2833884Z   ...
release	Build and verify public release	2026-10-04T03:09:42.2834435Z # Subtest: R196 13 repeated ready never reannounces same version
release	Build and verify public release	2026-10-04T03:09:42.2835547Z ok 669 - R196 13 repeated ready never reannounces same version
release	Build and verify public release	2026-10-04T03:09:42.2836089Z   ---
release	Build and verify public release	2026-10-04T03:09:42.2836405Z   duration_ms: 270.5797
release	Build and verify public release	2026-10-04T03:09:42.2836734Z   type: 'test'
release	Build and verify public release	2026-10-04T03:09:42.2837003Z   ...
release	Build and verify public release	2026-10-04T03:09:42.2837493Z # Subtest: R196 14 thin icon and outlined ready retain red dot
release	Build and verify public release	2026-10-04T03:09:42.2838222Z ok 670 - R196 14 thin icon and outlined ready retain red dot
release	Build and verify public release	2026-10-04T03:09:42.2838732Z   ---
release	Build and verify public release	2026-10-04T03:09:42.2839028Z   duration_ms: 238.1644
release	Build and verify public release	2026-10-04T03:09:42.2839368Z   type: 'test'
release	Build and verify public release	2026-10-04T03:09:42.2839660Z   ...
release	Build and verify public release	2026-10-04T03:09:42.2840584Z # Subtest: R197 8 actual post-game payload replaces hidden card with name/rank and clickable overview reference
release	Build and verify public release	2026-10-04T03:09:42.2842343Z ok 671 - R197 8 actual post-game payload replaces hidden card with name/rank and clickable overview reference
release	Build and verify public release	2026-10-04T03:09:42.2843338Z   ---
release	Build and verify public release	2026-10-04T03:09:42.2843700Z   duration_ms: 252.7313
release	Build and verify public release	2026-10-04T03:09:42.2844102Z   type: 'test'
release	Build and verify public release	2026-10-04T03:09:42.2844420Z   ...
release	Build and verify public release	2026-10-04T03:09:42.2845101Z # Subtest: R197 9 participant still hidden retains R193 card exactly
release	Build and verify public release	2026-10-04T03:09:42.2846025Z ok 672 - R197 9 participant still hidden retains R193 card exactly
release	Build and verify public release	2026-10-04T03:09:42.2846642Z   ---
release	Build and verify public release	2026-10-04T03:09:42.2847008Z   duration_ms: 35.6588
release	Build and verify public release	2026-10-04T03:09:42.2847392Z   type: 'test'
release	Build and verify public release	2026-10-04T03:09:42.2847702Z   ...
release	Build and verify public release	2026-10-04T03:09:42.2848573Z # Subtest: R197 post-game SSE bridge refreshes retained live snapshot only outside active phases
release	Build and verify public release	2026-10-04T03:09:42.2849945Z ok 673 - R197 post-game SSE bridge refreshes retained live snapshot only outside active phases
release	Build and verify public release	2026-10-04T03:09:42.2850770Z   ---
release	Build and verify public release	2026-10-04T03:09:42.2851094Z   duration_ms: 6.6832
release	Build and verify public release	2026-10-04T03:09:42.2851459Z   type: 'test'
release	Build and verify public release	2026-10-04T03:09:42.2851765Z   ...
release	Build and verify public release	2026-10-04T03:09:42.2852581Z # Subtest: R197 reveal event during an active roster request leaves a trailing refresh queued
release	Build and verify public release	2026-10-04T03:09:42.2854254Z ok 674 - R197 reveal event during an active roster request leaves a trailing refresh queued
release	Build and verify public release	2026-10-04T03:09:42.2855087Z   ---
release	Build and verify public release	2026-10-04T03:09:42.2855420Z   duration_ms: 0.8271
release	Build and verify public release	2026-10-04T03:09:42.2855806Z   type: 'test'
release	Build and verify public release	2026-10-04T03:09:42.2881695Z   ...
release	Build and verify public release	2026-10-04T03:09:42.2882684Z # Subtest: R198 maintenance camera options default none, save immediately and survive refresh
release	Build and verify public release	2026-10-04T03:09:42.2884948Z ok 675 - R198 maintenance camera options default none, save immediately and survive refresh
release	Build and verify public release	2026-10-04T03:09:42.2885817Z   ---
release	Build and verify public release	2026-10-04T03:09:42.2886207Z   duration_ms: 309.5014
release	Build and verify public release	2026-10-04T03:09:42.2886632Z   type: 'test'
release	Build and verify public release	2026-10-04T03:09:42.2886957Z   ...
release	Build and verify public release	2026-10-04T03:09:42.2887727Z # Subtest: R198 failed preference save rolls back without changing previous choice
release	Build and verify public release	2026-10-04T03:09:42.2889612Z ok 676 - R198 failed preference save rolls back without changing previous choice
release	Build and verify public release	2026-10-04T03:09:42.2890364Z   ---
release	Build and verify public release	2026-10-04T03:09:42.2890742Z   duration_ms: 37.5718
release	Build and verify public release	2026-10-04T03:09:42.2891138Z   type: 'test'
release	Build and verify public release	2026-10-04T03:09:42.2891456Z   ...
release	Build and verify public release	2026-10-04T03:09:42.2892309Z # Subtest: R203 1183 cards survive lastSync changes every eight seconds without global blocking
release	Build and verify public release	2026-10-04T03:09:42.2893687Z ok 677 - R203 1183 cards survive lastSync changes every eight seconds without global blocking
release	Build and verify public release	2026-10-04T03:09:42.2895383Z   ---
release	Build and verify public release	2026-10-04T03:09:42.2895773Z   duration_ms: 271.2925
release	Build and verify public release	2026-10-04T03:09:42.2896169Z   type: 'test'
release	Build and verify public release	2026-10-04T03:09:42.2896480Z   ...
release	Build and verify public release	2026-10-04T03:09:42.2897976Z # Subtest: R203 first empty collection shows only a grid placeholder and no indefinite loading flag
release	Build and verify public release	2026-10-04T03:09:42.2902188Z ok 678 - R203 first empty collection shows only a grid placeholder and no indefinite loading flag
release	Build and verify public release	2026-10-04T03:09:42.2903357Z   ---
release	Build and verify public release	2026-10-04T03:09:42.2903703Z   duration_ms: 26.6836
release	Build and verify public release	2026-10-04T03:09:42.2904089Z   type: 'test'
release	Build and verify public release	2026-10-04T03:09:42.2904390Z   ...
release	Build and verify public release	2026-10-04T03:09:42.2905209Z # Subtest: R203 missing identity escapes at fifteen seconds across repeated shows and retries
release	Build and verify public release	2026-10-04T03:09:42.2906479Z ok 679 - R203 missing identity escapes at fifteen seconds across repeated shows and retries
release	Build and verify public release	2026-10-04T03:09:42.2907276Z   ---
release	Build and verify public release	2026-10-04T03:09:42.2907619Z   duration_ms: 23.6453
release	Build and verify public release	2026-10-04T03:09:42.2908013Z   type: 'test'
release	Build and verify public release	2026-10-04T03:09:42.2908325Z   ...
release	Build and verify public release	2026-10-04T03:09:42.2909101Z # Subtest: R203 overlay retry is identity-only, single-flight and one-second debounced
release	Build and verify public release	2026-10-04T03:09:42.2910309Z ok 680 - R203 overlay retry is identity-only, single-flight and one-second debounced
release	Build and verify public release	2026-10-04T03:09:42.2911071Z   ---
release	Build and verify public release	2026-10-04T03:09:42.2911442Z   duration_ms: 14.0491
release	Build and verify public release	2026-10-04T03:09:42.2916243Z   type: 'test'
release	Build and verify public release	2026-10-04T03:09:42.2916551Z   ...
release	Build and verify public release	2026-10-04T03:09:42.2925941Z # Subtest: R203 sustained dirty statuses yield one automatic scan per sixty seconds, foreground favorites only
release	Build and verify public release	2026-10-04T03:09:42.2928058Z ok 681 - R203 sustained dirty statuses yield one automatic scan per sixty seconds, foreground favorites only
release	Build and verify public release	2026-10-04T03:09:42.2928997Z   ---
release	Build and verify public release	2026-10-04T03:09:42.2929346Z   duration_ms: 28.5391
release	Build and verify public release	2026-10-04T03:09:42.2929729Z   type: 'test'
release	Build and verify public release	2026-10-04T03:09:42.2930050Z   ...
release	Build and verify public release	2026-10-04T03:09:42.2953319Z # Subtest: R203 native dialogs log show and user close with category, never raw IDs
release	Build and verify public release	2026-10-04T03:09:42.2954525Z ok 682 - R203 native dialogs log show and user close with category, never raw IDs
release	Build and verify public release	2026-10-04T03:09:42.2955203Z   ---
release	Build and verify public release	2026-10-04T03:09:42.2955535Z   duration_ms: 33.1067
release	Build and verify public release	2026-10-04T03:09:42.2955901Z   type: 'test'
release	Build and verify public release	2026-10-04T03:09:42.2956194Z   ...
release	Build and verify public release	2026-10-04T03:09:42.2956891Z # Subtest: R203 collection render telemetry preserves visibility and card count
release	Build and verify public release	2026-10-04T03:09:42.2957995Z ok 683 - R203 collection render telemetry preserves visibility and card count
release	Build and verify public release	2026-10-04T03:09:42.2958663Z   ---
release	Build and verify public release	2026-10-04T03:09:42.2958971Z   duration_ms: 5.3872
release	Build and verify public release	2026-10-04T03:09:42.2959334Z   type: 'test'
release	Build and verify public release	2026-10-04T03:09:42.2959623Z   ...
release	Build and verify public release	2026-10-04T03:09:42.2960329Z # Subtest: R203 native confirmation preserves cancellation and logs no message text
release	Build and verify public release	2026-10-04T03:09:42.2961494Z ok 684 - R203 native confirmation preserves cancellation and logs no message text
release	Build and verify public release	2026-10-04T03:09:42.2962181Z   ---
release	Build and verify public release	2026-10-04T03:09:42.2962482Z   duration_ms: 2.2134
release	Build and verify public release	2026-10-04T03:09:42.2962824Z   type: 'test'
release	Build and verify public release	2026-10-04T03:09:42.2963113Z   ...
release	Build and verify public release	2026-10-04T03:09:42.2963827Z # Subtest: R204 Key input is masked and save/clear immediately update status without echo
release	Build and verify public release	2026-10-04T03:09:42.2964989Z ok 685 - R204 Key input is masked and save/clear immediately update status without echo
release	Build and verify public release	2026-10-04T03:09:42.2965684Z   ---
release	Build and verify public release	2026-10-04T03:09:42.2965991Z   duration_ms: 342.8772
release	Build and verify public release	2026-10-04T03:09:42.2966362Z   type: 'test'
release	Build and verify public release	2026-10-04T03:09:42.2966650Z   ...
release	Build and verify public release	2026-10-04T03:09:42.2967440Z # Subtest: R204 dialog-restored pointer focus hides tooltip while keyboard and hover show it
release	Build and verify public release	2026-10-04T03:09:42.2968710Z ok 686 - R204 dialog-restored pointer focus hides tooltip while keyboard and hover show it
release	Build and verify public release	2026-10-04T03:09:42.2969463Z   ---
release	Build and verify public release	2026-10-04T03:09:42.2969764Z   duration_ms: 38.435
release	Build and verify public release	2026-10-04T03:09:42.2970091Z   type: 'test'
release	Build and verify public release	2026-10-04T03:09:42.2970374Z   ...
release	Build and verify public release	2026-10-04T03:09:42.2970917Z # Subtest: R204 update icon and close controls use shared sizes
release	Build and verify public release	2026-10-04T03:09:42.2971955Z ok 687 - R204 update icon and close controls use shared sizes
release	Build and verify public release	2026-10-04T03:09:42.2972822Z   ---
release	Build and verify public release	2026-10-04T03:09:42.2973154Z   duration_ms: 153.4223
release	Build and verify public release	2026-10-04T03:09:42.2973529Z   type: 'test'
release	Build and verify public release	2026-10-04T03:09:42.2973829Z   ...
release	Build and verify public release	2026-10-04T03:09:42.2974690Z # Subtest: R204 incremental roster rejects old requests/games/phases and shows a ready player before others
release	Build and verify public release	2026-10-04T03:09:42.2976095Z ok 688 - R204 incremental roster rejects old requests/games/phases and shows a ready player before others
release	Build and verify public release	2026-10-04T03:09:42.2977534Z   ---
release	Build and verify public release	2026-10-04T03:09:42.2977882Z   duration_ms: 3.1648
release	Build and verify public release	2026-10-04T03:09:42.2978269Z   type: 'test'
release	Build and verify public release	2026-10-04T03:09:42.2978588Z   ...
release	Build and verify public release	2026-10-04T03:09:42.2979392Z # Subtest: R204 missing/invalid Key renders only its title and working settings navigation
release	Build and verify public release	2026-10-04T03:09:42.2980666Z ok 689 - R204 missing/invalid Key renders only its title and working settings navigation
release	Build and verify public release	2026-10-04T03:09:42.2981474Z   ---
release	Build and verify public release	2026-10-04T03:09:42.2981836Z   duration_ms: 599.313
release	Build and verify public release	2026-10-04T03:09:42.2982238Z   type: 'test'
release	Build and verify public release	2026-10-04T03:09:42.2982573Z   ...
release	Build and verify public release	2026-10-04T03:09:42.2983463Z # Subtest: R204 same-game pending incremental rows retain known history during background refresh
release	Build and verify public release	2026-10-04T03:09:42.2984867Z ok 690 - R204 same-game pending incremental rows retain known history during background refresh
release	Build and verify public release	2026-10-04T03:09:42.2985690Z   ---
release	Build and verify public release	2026-10-04T03:09:42.2986052Z   duration_ms: 2.1975
release	Build and verify public release	2026-10-04T03:09:42.2986471Z   type: 'test'
release	Build and verify public release	2026-10-04T03:09:42.2986789Z   ...
release	Build and verify public release	2026-10-04T03:09:42.2987690Z # Subtest: R204 pending progress does not reuse history across unknown games or changed identity scope
release	Build and verify public release	2026-10-04T03:09:42.2989167Z ok 691 - R204 pending progress does not reuse history across unknown games or changed identity scope
release	Build and verify public release	2026-10-04T03:09:42.2990021Z   ---
release	Build and verify public release	2026-10-04T03:09:42.2990357Z   duration_ms: 14.2028
release	Build and verify public release	2026-10-04T03:09:42.2990748Z   type: 'test'
release	Build and verify public release	2026-10-04T03:09:42.2991051Z   ...
release	Build and verify public release	2026-10-04T03:09:42.2991795Z # Subtest: D:\\a\\Deep-Legends\\Deep-Legends\\backend\\web\\r87-p2p3-verify.test.cjs
release	Build and verify public release	2026-10-04T03:09:42.2993325Z ok 64 - D:\\a\\Deep-Legends\\Deep-Legends\\backend\\web\\r87-p2p3-verify.test.cjs
release	Build and verify public release	2026-10-04T03:09:42.2994057Z   ---
release	Build and verify public release	2026-10-04T03:09:42.2994437Z   duration_ms: 62.2799
release	Build and verify public release	2026-10-04T03:09:42.2994840Z   type: 'test'
release	Build and verify public release	2026-10-04T03:09:42.2995176Z   ...
release	Build and verify public release	2026-10-04T03:09:42.2996011Z # Subtest: D:\\a\\Deep-Legends\\Deep-Legends\\backend\\web\\r87-p5-independent-verify.test.cjs
release	Build and verify public release	2026-10-04T03:09:42.2998588Z ok 65 - D:\\a\\Deep-Legends\\Deep-Legends\\backend\\web\\r87-p5-independent-verify.test.cjs
release	Build and verify public release	2026-10-04T03:09:42.2999362Z   ---
release	Build and verify public release	2026-10-04T03:09:42.2999676Z   duration_ms: 64.6232
release	Build and verify public release	2026-10-04T03:09:42.3000027Z   type: 'test'
release	Build and verify public release	2026-10-04T03:09:42.3000309Z   ...
release	Build and verify public release	2026-10-04T03:09:42.3001076Z # Subtest: D:\\a\\Deep-Legends\\Deep-Legends\\backend\\web\\r87-p8-independent-verify.test.cjs
release	Build and verify public release	2026-10-04T03:09:42.3002297Z ok 66 - D:\\a\\Deep-Legends\\Deep-Legends\\backend\\web\\r87-p8-independent-verify.test.cjs
release	Build and verify public release	2026-10-04T03:09:42.3003015Z   ---
release	Build and verify public release	2026-10-04T03:09:42.3003320Z   duration_ms: 69.8695
release	Build and verify public release	2026-10-04T03:09:42.3003671Z   type: 'test'
release	Build and verify public release	2026-10-04T03:09:42.3003950Z   ...
release	Build and verify public release	2026-10-04T03:09:42.3004726Z # Subtest: R87 hidden SSE phase is loaded when visibility resumes with overview resync pending
release	Build and verify public release	2026-10-04T03:09:42.3005938Z ok 695 - R87 hidden SSE phase is loaded when visibility resumes with overview resync pending
release	Build and verify public release	2026-10-04T03:09:42.3006635Z   ---
release	Build and verify public release	2026-10-04T03:09:42.3006944Z   duration_ms: 24.6446
release	Build and verify public release	2026-10-04T03:09:42.3007299Z   type: 'test'
release	Build and verify public release	2026-10-04T03:09:42.3007577Z   ...
release	Build and verify public release	2026-10-04T03:09:42.3008455Z # Subtest: R87 phase poll independently loads once and repeated unchanged phase causes no roster polling
release	Build and verify public release	2026-10-04T03:09:42.3009841Z ok 696 - R87 phase poll independently loads once and repeated unchanged phase causes no roster polling
release	Build and verify public release	2026-10-04T03:09:42.3010632Z   ---
release	Build and verify public release	2026-10-04T03:09:42.3010940Z   duration_ms: 13.1872
release	Build and verify public release	2026-10-04T03:09:42.3011283Z   type: 'test'
release	Build and verify public release	2026-10-04T03:09:42.3011558Z   ...
release	Build and verify public release	2026-10-04T03:09:42.3012442Z # Subtest: R87 participants become dirty, inactive players stay off network, retry is bounded and delayed
release	Build and verify public release	2026-10-04T03:09:42.3013882Z ok 697 - R87 participants become dirty, inactive players stay off network, retry is bounded and delayed
release	Build and verify public release	2026-10-04T03:09:42.3014931Z   ---
release	Build and verify public release	2026-10-04T03:09:42.3015238Z   duration_ms: 10.2024
release	Build and verify public release	2026-10-04T03:09:42.3015574Z   type: 'test'
release	Build and verify public release	2026-10-04T03:09:42.3015842Z   ...
release	Build and verify public release	2026-10-04T03:09:42.3016458Z # Subtest: R87 suite fetch and stalled response bodies time out at 15 seconds
release	Build and verify public release	2026-10-04T03:09:42.3017759Z ok 698 - R87 suite fetch and stalled response bodies time out at 15 seconds
release	Build and verify public release	2026-10-04T03:09:42.3018569Z   ---
release	Build and verify public release	2026-10-04T03:09:42.3018860Z   duration_ms: 7.4072
release	Build and verify public release	2026-10-04T03:09:42.3019196Z   type: 'test'
release	Build and verify public release	2026-10-04T03:09:42.3019471Z   ...
release	Build and verify public release	2026-10-04T03:09:42.3020232Z # Subtest: R87 claim timeout advances progress, continues remaining claims and clears watchdog
release	Build and verify public release	2026-10-04T03:09:42.3021478Z ok 699 - R87 claim timeout advances progress, continues remaining claims and clears watchdog
release	Build and verify public release	2026-10-04T03:09:42.3022200Z   ---
release	Build and verify public release	2026-10-04T03:09:42.3022488Z   duration_ms: 6.5307
release	Build and verify public release	2026-10-04T03:09:42.3022824Z   type: 'test'
release	Build and verify public release	2026-10-04T03:09:42.3023093Z   ...
release	Build and verify public release	2026-10-04T03:09:42.3023972Z # Subtest: R87 pending loot is distinguished from pool matching, and all end phases share settlement display
release	Build and verify public release	2026-10-04T03:09:42.3025394Z ok 700 - R87 pending loot is distinguished from pool matching, and all end phases share settlement display
release	Build and verify public release	2026-10-04T03:09:42.3026199Z   ---
release	Build and verify public release	2026-10-04T03:09:42.3026491Z   duration_ms: 16.8215
release	Build and verify public release	2026-10-04T03:09:42.3026832Z   type: 'test'
release	Build and verify public release	2026-10-04T03:09:42.3027104Z   ...
release	Build and verify public release	2026-10-04T03:09:42.3027898Z # Subtest: R88 thirteen ChampSelect events per second cause at most two actual diagnostic POSTs
release	Build and verify public release	2026-10-04T03:09:42.3030263Z ok 701 - R88 thirteen ChampSelect events per second cause at most two actual diagnostic POSTs
release	Build and verify public release	2026-10-04T03:09:42.3031032Z   ---
release	Build and verify public release	2026-10-04T03:09:42.3031334Z   duration_ms: 40.9207
release	Build and verify public release	2026-10-04T03:09:42.3031681Z   type: 'test'
release	Build and verify public release	2026-10-04T03:09:42.3031971Z   ...
release	Build and verify public release	2026-10-04T03:09:42.3032558Z # Subtest: R88 slow sampled diagnostics hold one slot and never retry
release	Build and verify public release	2026-10-04T03:09:42.3033428Z ok 702 - R88 slow sampled diagnostics hold one slot and never retry
release	Build and verify public release	2026-10-04T03:09:42.3033980Z   ---
release	Build and verify public release	2026-10-04T03:09:42.3034274Z   duration_ms: 21.94
release	Build and verify public release	2026-10-04T03:09:42.3035221Z   type: 'test'
release	Build and verify public release	2026-10-04T03:09:42.3035539Z   ...
release	Build and verify public release	2026-10-04T03:09:42.3036275Z # Subtest: R88 local request timing is sampled globally and strips paths and identifiers
release	Build and verify public release	2026-10-04T03:09:42.3037440Z ok 703 - R88 local request timing is sampled globally and strips paths and identifiers
release	Build and verify public release	2026-10-04T03:09:42.3038124Z   ---
release	Build and verify public release	2026-10-04T03:09:42.3038422Z   duration_ms: 21.9261
release	Build and verify public release	2026-10-04T03:09:42.3038752Z   type: 'test'
release	Build and verify public release	2026-10-04T03:09:42.3039013Z   ...
release	Build and verify public release	2026-10-04T03:09:42.3039644Z # Subtest: R100 status timeouts remain recoverable and success resets failures
release	Build and verify public release	2026-10-04T03:09:42.3040902Z ok 704 - R100 status timeouts remain recoverable and success resets failures
release	Build and verify public release	2026-10-04T03:09:42.3041559Z   ---
release	Build and verify public release	2026-10-04T03:09:42.3041881Z   duration_ms: 41.3757
release	Build and verify public release	2026-10-04T03:09:42.3042222Z   type: 'test'
release	Build and verify public release	2026-10-04T03:09:42.3042507Z   ...
release	Build and verify public release	2026-10-04T03:09:42.3043263Z # Subtest: R88 replaced status requests and explicit abort do not count toward fatal threshold
release	Build and verify public release	2026-10-04T03:09:42.3044491Z ok 705 - R88 replaced status requests and explicit abort do not count toward fatal threshold
release	Build and verify public release	2026-10-04T03:09:42.3045197Z   ---
release	Build and verify public release	2026-10-04T03:09:42.3045492Z   duration_ms: 6.6665
release	Build and verify public release	2026-10-04T03:09:42.3046371Z   type: 'test'
release	Build and verify public release	2026-10-04T03:09:42.3046703Z   ...
release	Build and verify public release	2026-10-04T03:09:42.3047335Z # Subtest: R88 helper failure label does not blame the League client
release	Build and verify public release	2026-10-04T03:09:42.3048186Z ok 706 - R88 helper failure label does not blame the League client
release	Build and verify public release	2026-10-04T03:09:42.3048729Z   ---
release	Build and verify public release	2026-10-04T03:09:42.3049023Z   duration_ms: 7.1226
release	Build and verify public release	2026-10-04T03:09:42.3049360Z   type: 'test'
release	Build and verify public release	2026-10-04T03:09:42.3049633Z   ...
release	Build and verify public release	2026-10-04T03:09:42.3050307Z # Subtest: R88 arena names omit tags but preserve full tooltips, normal tags and masking
release	Build and verify public release	2026-10-04T03:09:42.3051397Z ok 707 - R88 arena names omit tags but preserve full tooltips, normal tags and masking
release	Build and verify public release	2026-10-04T03:09:42.3052047Z   ---
release	Build and verify public release	2026-10-04T03:09:42.3052329Z   duration_ms: 16.1868
release	Build and verify public release	2026-10-04T03:09:42.3052651Z   type: 'test'
release	Build and verify public release	2026-10-04T03:09:42.3052926Z   ...
release	Build and verify public release	2026-10-04T03:09:42.3053416Z # Subtest: R150 OP and S use distinct shared hexagon badges
release	Build and verify public release	2026-10-04T03:09:42.3054134Z ok 708 - R150 OP and S use distinct shared hexagon badges
release	Build and verify public release	2026-10-04T03:09:42.3055188Z   ---
release	Build and verify public release	2026-10-04T03:09:42.3055641Z   duration_ms: 0.721
release	Build and verify public release	2026-10-04T03:09:42.3055973Z   type: 'test'
release	Build and verify public release	2026-10-04T03:09:42.3056247Z   ...
release	Build and verify public release	2026-10-04T03:09:42.3056953Z # Subtest: R88 protected active match-main and match-stats rules remain byte-identical
release	Build and verify public release	2026-10-04T03:09:42.3058073Z ok 709 - R88 protected active match-main and match-stats rules remain byte-identical
release	Build and verify public release	2026-10-04T03:09:42.3058732Z   ---
release	Build and verify public release	2026-10-04T03:09:42.3059034Z   duration_ms: 3.6114
release	Build and verify public release	2026-10-04T03:09:42.3059383Z   type: 'test'
release	Build and verify public release	2026-10-04T03:09:42.3059660Z   ...
release	Build and verify public release	2026-10-04T03:09:42.3060689Z # Subtest: R89 parallel supplements start before first overview resolves and survive ref adoption without duplicates
release	Build and verify public release	2026-10-04T03:09:42.3062286Z ok 710 - R89 parallel supplements start before first overview resolves and survive ref adoption without duplicates
release	Build and verify public release	2026-10-04T03:09:42.3063209Z   ---
release	Build and verify public release	2026-10-04T03:09:42.3063503Z   duration_ms: 17.0348
release	Build and verify public release	2026-10-04T03:09:42.3063836Z   type: 'test'
release	Build and verify public release	2026-10-04T03:09:42.3064105Z   ...
release	Build and verify public release	2026-10-04T03:09:42.3064906Z # Subtest: R89 catalog failure retries once after backoff and missing IDs report once within a bound
release	Build and verify public release	2026-10-04T03:09:42.3066251Z ok 711 - R89 catalog failure retries once after backoff and missing IDs report once within a bound
release	Build and verify public release	2026-10-04T03:09:42.3067038Z   ---
release	Build and verify public release	2026-10-04T03:09:42.3067333Z   duration_ms: 5.1118
release	Build and verify public release	2026-10-04T03:09:42.3067661Z   type: 'test'
release	Build and verify public release	2026-10-04T03:09:42.3067939Z   ...
release	Build and verify public release	2026-10-04T03:09:42.3068577Z # Subtest: R89 catalog arrival invalidates retained match DOM in all open tabs
release	Build and verify public release	2026-10-04T03:09:42.3069578Z ok 712 - R89 catalog arrival invalidates retained match DOM in all open tabs
release	Build and verify public release	2026-10-04T03:09:42.3070191Z   ---
release	Build and verify public release	2026-10-04T03:09:42.3070484Z   duration_ms: 1.1569
release	Build and verify public release	2026-10-04T03:09:42.3070811Z   type: 'test'
release	Build and verify public release	2026-10-04T03:09:42.3071088Z   ...
release	Build and verify public release	2026-10-04T03:09:42.3072041Z # Subtest: R89 completion failure preserves first five and exposes a retry that completes the recent match list
release	Build and verify public release	2026-10-04T03:09:42.3074190Z ok 713 - R89 completion failure preserves first five and exposes a retry that completes the recent match list
release	Build and verify public release	2026-10-04T03:09:42.3075050Z   ---
release	Build and verify public release	2026-10-04T03:09:42.3075352Z   duration_ms: 3.896
release	Build and verify public release	2026-10-04T03:09:42.3075675Z   type: 'test'
release	Build and verify public release	2026-10-04T03:09:42.3075944Z   ...
release	Build and verify public release	2026-10-04T03:09:42.3076593Z # Subtest: R89 closing an overlay marks it closed and aborts its overview request
release	Build and verify public release	2026-10-04T03:09:42.3077604Z ok 714 - R89 closing an overlay marks it closed and aborts its overview request
release	Build and verify public release	2026-10-04T03:09:42.3078267Z   ---
release	Build and verify public release	2026-10-04T03:09:42.3078804Z   duration_ms: 1.2372
release	Build and verify public release	2026-10-04T03:09:42.3079132Z   type: 'test'
release	Build and verify public release	2026-10-04T03:09:42.3079398Z   ...
release	Build and verify public release	2026-10-04T03:09:42.3079959Z # Subtest: R90 complete snapshots never schedule another in-game timer
release	Build and verify public release	2026-10-04T03:09:42.3080846Z ok 715 - R90 complete snapshots never schedule another in-game timer
release	Build and verify public release	2026-10-04T03:09:42.3081416Z   ---
release	Build and verify public release	2026-10-04T03:09:42.3081727Z   duration_ms: 10.7787
release	Build and verify public release	2026-10-04T03:09:42.3082078Z   type: 'test'
release	Build and verify public release	2026-10-04T03:09:42.3082372Z   ...
release	Build and verify public release	2026-10-04T03:09:42.3083117Z # Subtest: R90 completeness requires availability, roster, settled history and arena verdict
release	Build and verify public release	2026-10-04T03:09:42.3084305Z ok 716 - R90 completeness requires availability, roster, settled history and arena verdict
release	Build and verify public release	2026-10-04T03:09:42.3085031Z   ---
release	Build and verify public release	2026-10-04T03:09:42.3085321Z   duration_ms: 0.9454
release	Build and verify public release	2026-10-04T03:09:42.3085652Z   type: 'test'
release	Build and verify public release	2026-10-04T03:09:42.3085925Z   ...
release	Build and verify public release	2026-10-04T03:09:42.3086633Z # Subtest: R90 incomplete snapshots stop after eight retries with a visible refresh exit
release	Build and verify public release	2026-10-04T03:09:42.3087783Z ok 717 - R90 incomplete snapshots stop after eight retries with a visible refresh exit
release	Build and verify public release	2026-10-04T03:09:42.3088474Z   ---
release	Build and verify public release	2026-10-04T03:09:42.3088757Z   duration_ms: 1.4831
release	Build and verify public release	2026-10-04T03:09:42.3089081Z   type: 'test'
release	Build and verify public release	2026-10-04T03:09:42.3089353Z   ...
release	Build and verify public release	2026-10-04T03:09:42.3090161Z # Subtest: R90 inactive tabs and repeated in-game SSE do not reload the roster; phase transitions do
release	Build and verify public release	2026-10-04T03:09:42.3091460Z ok 718 - R90 inactive tabs and repeated in-game SSE do not reload the roster; phase transitions do
release	Build and verify public release	2026-10-04T03:09:42.3092831Z   ---
release	Build and verify public release	2026-10-04T03:09:42.3093142Z   duration_ms: 1.0724
release	Build and verify public release	2026-10-04T03:09:42.3093475Z   type: 'test'
release	Build and verify public release	2026-10-04T03:09:42.3093747Z   ...
release	Build and verify public release	2026-10-04T03:09:42.3094468Z # Subtest: R90 stopped UI has an operable manual refresh and foreground wake checks phase
release	Build and verify public release	2026-10-04T03:09:42.3095580Z ok 719 - R90 stopped UI has an operable manual refresh and foreground wake checks phase
release	Build and verify public release	2026-10-04T03:09:42.3096241Z   ---
release	Build and verify public release	2026-10-04T03:09:42.3096528Z   duration_ms: 1.3876
release	Build and verify public release	2026-10-04T03:09:42.3096852Z   type: 'test'
release	Build and verify public release	2026-10-04T03:09:42.3097113Z   ...
release	Build and verify public release	2026-10-04T03:09:42.3097920Z # Subtest: R90 actual loader bypasses cache for manual refresh; R91 supersedes the former manual queue
release	Build and verify public release	2026-10-04T03:09:42.3099270Z ok 720 - R90 actual loader bypasses cache for manual refresh; R91 supersedes the former manual queue
release	Build and verify public release	2026-10-04T03:09:42.3100025Z   ---
release	Build and verify public release	2026-10-04T03:09:42.3100308Z   duration_ms: 7.7509
release	Build and verify public release	2026-10-04T03:09:42.3100652Z   type: 'test'
release	Build and verify public release	2026-10-04T03:09:42.3100931Z   ...
release	Build and verify public release	2026-10-04T03:09:42.3101685Z # Subtest: R178 pending positions retry at ten seconds at most six times, including reconnect
release	Build and verify public release	2026-10-04T03:09:42.3102893Z ok 721 - R178 pending positions retry at ten seconds at most six times, including reconnect
release	Build and verify public release	2026-10-04T03:09:42.3103587Z   ---
release	Build and verify public release	2026-10-04T03:09:42.3103867Z   duration_ms: 1.2197
release	Build and verify public release	2026-10-04T03:09:42.3104195Z   type: 'test'
release	Build and verify public release	2026-10-04T03:09:42.3104460Z   ...
release	Build and verify public release	2026-10-04T03:09:42.3105217Z # Subtest: R178 ready positions restore silence, game/phase/generation changes cancel old jobs
release	Build and verify public release	2026-10-04T03:09:42.3106444Z ok 722 - R178 ready positions restore silence, game/phase/generation changes cancel old jobs
release	Build and verify public release	2026-10-04T03:09:42.3107150Z   ---
release	Build and verify public release	2026-10-04T03:09:42.3107440Z   duration_ms: 5.4794
release	Build and verify public release	2026-10-04T03:09:42.3107768Z   type: 'test'
release	Build and verify public release	2026-10-04T03:09:42.3108038Z   ...
release	Build and verify public release	2026-10-04T03:09:42.7397265Z # Subtest: R91 addendum first partial 429 stays silent and retries after Retry-After
release	Build and verify public release	2026-10-04T03:09:42.7406388Z ok 723 - R91 addendum first partial 429 stays silent and retries after Retry-After
release	Build and verify public release	2026-10-04T03:09:42.7407846Z   ---
release	Build and verify public release	2026-10-04T03:09:42.7408444Z   duration_ms: 226.2826
release	Build and verify public release	2026-10-04T03:09:42.7409009Z   type: 'test'
release	Build and verify public release	2026-10-04T03:09:42.7409473Z   ...
release	Build and verify public release	2026-10-04T03:09:42.7410177Z # Subtest: R91 addendum first partial 500 remains visible
release	Build and verify public release	2026-10-04T03:09:42.7411127Z ok 724 - R91 addendum first partial 500 remains visible
release	Build and verify public release	2026-10-04T03:09:42.7411834Z   ---
release	Build and verify public release	2026-10-04T03:09:42.7412356Z   duration_ms: 33.2267
release	Build and verify public release	2026-10-04T03:09:42.7412886Z   type: 'test'
release	Build and verify public release	2026-10-04T03:09:42.7413340Z   ...
release	Build and verify public release	2026-10-04T03:09:42.7414007Z # Subtest: R91 addendum first partial 503 remains visible
release	Build and verify public release	2026-10-04T03:09:42.7414891Z ok 725 - R91 addendum first partial 503 remains visible
release	Build and verify public release	2026-10-04T03:09:42.7415579Z   ---
release	Build and verify public release	2026-10-04T03:09:42.7416062Z   duration_ms: 25.236
release	Build and verify public release	2026-10-04T03:09:42.7416949Z   type: 'test'
release	Build and verify public release	2026-10-04T03:09:42.7417482Z   ...
release	Build and verify public release	2026-10-04T03:09:42.8368294Z # Subtest: R91 addendum append 429 stays silent and retries after Retry-After
release	Build and verify public release	2026-10-04T03:09:42.8387098Z ok 726 - R91 addendum append 429 stays silent and retries after Retry-After
release	Build and verify public release	2026-10-04T03:09:42.8388521Z   ---
release	Build and verify public release	2026-10-04T03:09:42.8392386Z   duration_ms: 34.7922
release	Build and verify public release	2026-10-04T03:09:42.8393174Z   type: 'test'
release	Build and verify public release	2026-10-04T03:09:42.8393764Z   ...
release	Build and verify public release	2026-10-04T03:09:42.8394471Z # Subtest: R91 addendum append 500 remains visible
release	Build and verify public release	2026-10-04T03:09:42.8395402Z ok 727 - R91 addendum append 500 remains visible
release	Build and verify public release	2026-10-04T03:09:42.8396152Z   ---
release	Build and verify public release	2026-10-04T03:09:42.8396709Z   duration_ms: 26.3663
release	Build and verify public release	2026-10-04T03:09:42.8397321Z   type: 'test'
release	Build and verify public release	2026-10-04T03:09:42.8397847Z   ...
release	Build and verify public release	2026-10-04T03:09:42.8398543Z # Subtest: R91 addendum append 503 remains visible
release	Build and verify public release	2026-10-04T03:09:42.8399480Z ok 728 - R91 addendum append 503 remains visible
release	Build and verify public release	2026-10-04T03:09:42.8400168Z   ---
release	Build and verify public release	2026-10-04T03:09:42.8400648Z   duration_ms: 22.8872
release	Build and verify public release	2026-10-04T03:09:42.8401156Z   type: 'test'
release	Build and verify public release	2026-10-04T03:09:42.8401601Z   ...
release	Build and verify public release	2026-10-04T03:09:42.8402457Z # Subtest: R91 addendum header-only 429 and JSON fallback parse while 503 stays HTTP
release	Build and verify public release	2026-10-04T03:09:42.8404256Z ok 729 - R91 addendum header-only 429 and JSON fallback parse while 503 stays HTTP
release	Build and verify public release	2026-10-04T03:09:42.8405082Z   ---
release	Build and verify public release	2026-10-04T03:09:42.8405547Z   duration_ms: 25.6812
release	Build and verify public release	2026-10-04T03:09:42.8406047Z   type: 'test'
release	Build and verify public release	2026-10-04T03:09:42.8406488Z   ...
release	Build and verify public release	2026-10-04T03:09:42.8727115Z # Subtest: R91 addendum stream displays five before completion with exactly one count-10 cold request
release	Build and verify public release	2026-10-04T03:09:42.8729121Z ok 730 - R91 addendum stream displays five before completion with exactly one count-10 cold request
release	Build and verify public release	2026-10-04T03:09:42.8730204Z   ---
release	Build and verify public release	2026-10-04T03:09:42.8730733Z   duration_ms: 23.9627
release	Build and verify public release	2026-10-04T03:09:42.8731266Z   type: 'test'
release	Build and verify public release	2026-10-04T03:09:42.8731771Z   ...
release	Build and verify public release	2026-10-04T03:09:42.9669579Z # Subtest: R91 addendum streaming append preserves cursor until completion without stalling
release	Build and verify public release	2026-10-04T03:09:42.9671390Z ok 731 - R91 addendum streaming append preserves cursor until completion without stalling
release	Build and verify public release	2026-10-04T03:09:42.9672408Z   ---
release	Build and verify public release	2026-10-04T03:09:42.9672883Z   duration_ms: 35.6389
release	Build and verify public release	2026-10-04T03:09:42.9673405Z   type: 'test'
release	Build and verify public release	2026-10-04T03:09:42.9673847Z   ...
release	Build and verify public release	2026-10-04T03:09:42.9674810Z # Subtest: R91 addendum stream quota after partial data is silent; a truncated stream is visible
release	Build and verify public release	2026-10-04T03:09:42.9676274Z ok 732 - R91 addendum stream quota after partial data is silent; a truncated stream is visible
release	Build and verify public release	2026-10-04T03:09:42.9677190Z   ---
release	Build and verify public release	2026-10-04T03:09:42.9677664Z   duration_ms: 64.7192
release	Build and verify public release	2026-10-04T03:09:42.9678201Z   type: 'test'
release	Build and verify public release	2026-10-04T03:09:42.9678614Z   ...
release	Build and verify public release	2026-10-04T03:09:43.0627416Z # Subtest: R91 addendum closed, replaced, reset and changed-filter retries cannot issue stale reads
release	Build and verify public release	2026-10-04T03:09:43.0680500Z ok 733 - R91 addendum closed, replaced, reset and changed-filter retries cannot issue stale reads
release	Build and verify public release	2026-10-04T03:09:43.0693713Z   ---
release	Build and verify public release	2026-10-04T03:09:43.0697171Z   duration_ms: 61.8744
release	Build and verify public release	2026-10-04T03:09:43.0698803Z   type: 'test'
release	Build and verify public release	2026-10-04T03:09:43.0701461Z   ...
release	Build and verify public release	2026-10-04T03:09:43.0702835Z # Subtest: R91 addendum existing history remains readable during polling; new history still skeletons; arena hides rank
release	Build and verify public release	2026-10-04T03:09:43.0704852Z ok 734 - R91 addendum existing history remains readable during polling; new history still skeletons; arena hides rank
release	Build and verify public release	2026-10-04T03:09:43.0706054Z   ---
release	Build and verify public release	2026-10-04T03:09:43.0706569Z   duration_ms: 2.5071
release	Build and verify public release	2026-10-04T03:09:43.0707149Z   type: 'test'
release	Build and verify public release	2026-10-04T03:09:43.0707682Z   ...
release	Build and verify public release	2026-10-04T03:09:43.0708591Z # Subtest: R91 addendum facade defaults and missing rank fields agree with controls
release	Build and verify public release	2026-10-04T03:09:43.0709978Z ok 735 - R91 addendum facade defaults and missing rank fields agree with controls
release	Build and verify public release	2026-10-04T03:09:43.0710951Z   ---
release	Build and verify public release	2026-10-04T03:09:43.0711503Z   duration_ms: 5.6517
release	Build and verify public release	2026-10-04T03:09:43.0712096Z   type: 'test'
release	Build and verify public release	2026-10-04T03:09:43.0712615Z   ...
release	Build and verify public release	2026-10-04T03:09:43.0713428Z # Subtest: R91 addendum unchanged polling preserves roster DOM nodes
release	Build and verify public release	2026-10-04T03:09:43.0714639Z ok 736 - R91 addendum unchanged polling preserves roster DOM nodes
release	Build and verify public release	2026-10-04T03:09:43.0734596Z   ---
release	Build and verify public release	2026-10-04T03:09:43.0735247Z   duration_ms: 38.4749
release	Build and verify public release	2026-10-04T03:09:43.0735903Z   type: 'test'
release	Build and verify public release	2026-10-04T03:09:43.0736443Z   ...
release	Build and verify public release	2026-10-04T03:09:43.0737460Z # Subtest: R91 addendum Loading and early incomplete arena poll every five seconds then converge
release	Build and verify public release	2026-10-04T03:09:43.0738830Z ok 737 - R91 addendum Loading and early incomplete arena poll every five seconds then converge
release	Build and verify public release	2026-10-04T03:09:43.0739671Z   ---
release	Build and verify public release	2026-10-04T03:09:43.0740103Z   duration_ms: 6.3445
release	Build and verify public release	2026-10-04T03:09:43.0740564Z   type: 'test'
release	Build and verify public release	2026-10-04T03:09:43.0740975Z   ...
release	Build and verify public release	2026-10-04T03:09:43.1342107Z # Subtest: R91 new game removes old recommendations and summary before the deferred response
release	Build and verify public release	2026-10-04T03:09:43.1344248Z ok 738 - R91 new game removes old recommendations and summary before the deferred response
release	Build and verify public release	2026-10-04T03:09:43.1345226Z   ---
release	Build and verify public release	2026-10-04T03:09:43.1346318Z   duration_ms: 351.0552
release	Build and verify public release	2026-10-04T03:09:43.1346868Z   type: 'test'
release	Build and verify public release	2026-10-04T03:09:43.1347705Z   ...
release	Build and verify public release	2026-10-04T03:09:43.1348627Z # Subtest: R91 same game refresh and active phase progression preserve the current content
release	Build and verify public release	2026-10-04T03:09:43.1350275Z ok 739 - R91 same game refresh and active phase progression preserve the current content
release	Build and verify public release	2026-10-04T03:09:43.1351189Z   ---
release	Build and verify public release	2026-10-04T03:09:43.1352073Z   duration_ms: 166.9739
release	Build and verify public release	2026-10-04T03:09:43.1352701Z   type: 'test'
release	Build and verify public release	2026-10-04T03:09:43.1353187Z   ...
release	Build and verify public release	2026-10-04T03:09:43.1354317Z # Subtest: R91 repeated manual refresh immediately aborts and replaces only the live request with visible feedback
release	Build and verify public release	2026-10-04T03:09:43.1356165Z ok 740 - R91 repeated manual refresh immediately aborts and replaces only the live request with visible feedback
release	Build and verify public release	2026-10-04T03:09:43.1357279Z   ---
release	Build and verify public release	2026-10-04T03:09:43.1357774Z   duration_ms: 67.2676
release	Build and verify public release	2026-10-04T03:09:43.1358312Z   type: 'test'
release	Build and verify public release	2026-10-04T03:09:43.1358794Z   ...
release	Build and verify public release	2026-10-04T03:09:43.1868999Z # Subtest: R91 boundary cancels the old request and its late settlement cannot own the new state
release	Build and verify public release	2026-10-04T03:09:43.1871210Z ok 741 - R91 boundary cancels the old request and its late settlement cannot own the new state
release	Build and verify public release	2026-10-04T03:09:43.1875319Z   ---
release	Build and verify public release	2026-10-04T03:09:43.1891747Z   duration_ms: 55.7553
release	Build and verify public release	2026-10-04T03:09:43.1902082Z   type: 'test'
release	Build and verify public release	2026-10-04T03:09:43.1952780Z   ...
release	Build and verify public release	2026-10-04T03:09:43.2822274Z # Subtest: R91 failed, timed out and cancelled new-game requests have an explicit working retry
release	Build and verify public release	2026-10-04T03:09:43.2824046Z ok 742 - R91 failed, timed out and cancelled new-game requests have an explicit working retry
release	Build and verify public release	2026-10-04T03:09:43.2841384Z   ---
release	Build and verify public release	2026-10-04T03:09:43.2841956Z   duration_ms: 93.3833
release	Build and verify public release	2026-10-04T03:09:43.2842482Z   type: 'test'
release	Build and verify public release	2026-10-04T03:09:43.2842954Z   ...
release	Build and verify public release	2026-10-04T03:09:43.4040942Z # Subtest: R91 empty new-game snapshots stay explicit and bounded instead of showing an empty recommendation panel
release	Build and verify public release	2026-10-04T03:09:43.4042576Z ok 743 - R91 empty new-game snapshots stay explicit and bounded instead of showing an empty recommendation panel
release	Build and verify public release	2026-10-04T03:09:43.4118522Z   ---
release	Build and verify public release	2026-10-04T03:09:43.4126995Z   duration_ms: 32.1092
release	Build and verify public release	2026-10-04T03:09:43.4131224Z   type: 'test'
release	Build and verify public release	2026-10-04T03:09:43.4137407Z   ...
release	Build and verify public release	2026-10-04T03:09:43.4139583Z # Subtest: R91 soft reset invalidates the aborted loader before a replacement starts
release	Build and verify public release	2026-10-04T03:09:43.4194826Z ok 744 - R91 soft reset invalidates the aborted loader before a replacement starts
release	Build and verify public release	2026-10-04T03:09:43.4195998Z   ---
release	Build and verify public release	2026-10-04T03:09:43.4196567Z   duration_ms: 24.6873
release	Build and verify public release	2026-10-04T03:09:43.4197143Z   type: 'test'
release	Build and verify public release	2026-10-04T03:09:43.4197694Z   ...
release	Build and verify public release	2026-10-04T03:09:43.4198632Z # Subtest: R91 direct loader detects a boundary already observed by the beacon
release	Build and verify public release	2026-10-04T03:09:43.4199996Z ok 745 - R91 direct loader detects a boundary already observed by the beacon
release	Build and verify public release	2026-10-04T03:09:43.4200935Z   ---
release	Build and verify public release	2026-10-04T03:09:43.4201452Z   duration_ms: 28.4521
release	Build and verify public release	2026-10-04T03:09:43.4201956Z   type: 'test'
release	Build and verify public release	2026-10-04T03:09:43.4202405Z   ...
release	Build and verify public release	2026-10-04T03:09:43.4502646Z # Subtest: R91 hidden phase transitions invalidate immediately and preload before foregrounding
release	Build and verify public release	2026-10-04T03:09:43.4504578Z ok 746 - R91 hidden phase transitions invalidate immediately and preload before foregrounding
release	Build and verify public release	2026-10-04T03:09:43.4505758Z   ---
release	Build and verify public release	2026-10-04T03:09:43.4506334Z   duration_ms: 85.8636
release	Build and verify public release	2026-10-04T03:09:43.4506991Z   type: 'test'
release	Build and verify public release	2026-10-04T03:09:43.4507564Z   ...
release	Build and verify public release	2026-10-04T03:09:43.4816681Z # Subtest: R91 event-stream disconnection cancels stale work and offers recovery
release	Build and verify public release	2026-10-04T03:09:43.4821839Z ok 747 - R91 event-stream disconnection cancels stale work and offers recovery
release	Build and verify public release	2026-10-04T03:09:43.4822793Z   ---
release	Build and verify public release	2026-10-04T03:09:43.4823450Z   duration_ms: 28.3549
release	Build and verify public release	2026-10-04T03:09:43.4824085Z   type: 'test'
release	Build and verify public release	2026-10-04T03:09:43.4824640Z   ...
release	Build and verify public release	2026-10-04T03:09:43.5118132Z # Subtest: R91 lagging inactive responses cannot erase a new-game signal; leaving the game settles the transition
release	Build and verify public release	2026-10-04T03:09:43.5121643Z ok 748 - R91 lagging inactive responses cannot erase a new-game signal; leaving the game settles the transition
release	Build and verify public release	2026-10-04T03:09:43.5123343Z   ---
release	Build and verify public release	2026-10-04T03:09:43.5123927Z   duration_ms: 31.6727
release	Build and verify public release	2026-10-04T03:09:43.5124551Z   type: 'test'
release	Build and verify public release	2026-10-04T03:09:43.5125403Z   ...
release	Build and verify public release	2026-10-04T03:09:43.5485248Z # Subtest: R91 an empty available roster stays pending; unsupported mode and known gameId changes settle safely
release	Build and verify public release	2026-10-04T03:09:43.5487188Z ok 749 - R91 an empty available roster stays pending; unsupported mode and known gameId changes settle safely
release	Build and verify public release	2026-10-04T03:09:43.5490846Z   ---
release	Build and verify public release	2026-10-04T03:09:43.5491435Z   duration_ms: 37.3161
release	Build and verify public release	2026-10-04T03:09:43.5492474Z   type: 'test'
release	Build and verify public release	2026-10-04T03:09:43.5493006Z   ...
release	Build and verify public release	2026-10-04T03:09:43.5494028Z # Subtest: R91 cancellation without a replacement cannot leave the first load blank
release	Build and verify public release	2026-10-04T03:09:43.5495469Z ok 750 - R91 cancellation without a replacement cannot leave the first load blank
release	Build and verify public release	2026-10-04T03:09:43.5496438Z   ---
release	Build and verify public release	2026-10-04T03:09:43.5497012Z   duration_ms: 26.9567
release	Build and verify public release	2026-10-04T03:09:43.5497669Z   type: 'test'
release	Build and verify public release	2026-10-04T03:09:43.5498180Z   ...
release	Build and verify public release	2026-10-04T03:09:44.1504226Z # Subtest: R94 same-phase live responses with changed gameId invoke the transition before replacement
release	Build and verify public release	2026-10-04T03:09:44.1577377Z ok 751 - R94 same-phase live responses with changed gameId invoke the transition before replacement
release	Build and verify public release	2026-10-04T03:09:44.1578860Z   ---
release	Build and verify public release	2026-10-04T03:09:44.1579512Z   duration_ms: 190.5081
release	Build and verify public release	2026-10-04T03:09:44.1580150Z   type: 'test'
release	Build and verify public release	2026-10-04T03:09:44.1580656Z   ...
release	Build and verify public release	2026-10-04T03:09:44.1581640Z # Subtest: R94 unchanged phase and gameId preserve content and recommendation generation
release	Build and verify public release	2026-10-04T03:09:44.1583116Z ok 752 - R94 unchanged phase and gameId preserve content and recommendation generation
release	Build and verify public release	2026-10-04T03:09:44.1584086Z   ---
release	Build and verify public release	2026-10-04T03:09:44.1584683Z   duration_ms: 38.6485
release	Build and verify public release	2026-10-04T03:09:44.1585288Z   type: 'test'
release	Build and verify public release	2026-10-04T03:09:44.1585820Z   ...
release	Build and verify public release	2026-10-04T03:09:44.2061220Z # Subtest: R94 identity polling catches a game jump even when all intermediate phases were missed
release	Build and verify public release	2026-10-04T03:09:44.2125823Z ok 753 - R94 identity polling catches a game jump even when all intermediate phases were missed
release	Build and verify public release	2026-10-04T03:09:44.2126814Z   ---
release	Build and verify public release	2026-10-04T03:09:44.2127274Z   duration_ms: 57.8081
release	Build and verify public release	2026-10-04T03:09:44.2127774Z   type: 'test'
release	Build and verify public release	2026-10-04T03:09:44.2128210Z   ...
release	Build and verify public release	2026-10-04T03:09:44.2898005Z # Subtest: R94 SSE game identity aborts a pending old game; stale replacement data cannot undo it
release	Build and verify public release	2026-10-04T03:09:44.2933455Z ok 754 - R94 SSE game identity aborts a pending old game; stale replacement data cannot undo it
release	Build and verify public release	2026-10-04T03:09:44.2939030Z   ---
release	Build and verify public release	2026-10-04T03:09:44.2944971Z   duration_ms: 57.7385
release	Build and verify public release	2026-10-04T03:09:44.2945681Z   type: 'test'
release	Build and verify public release	2026-10-04T03:09:44.2946211Z   ...
release	Build and verify public release	2026-10-04T03:09:44.2948923Z # Subtest: R94 unknown IDs do not clear a known game and diagnostics distinguish first observations
release	Build and verify public release	2026-10-04T03:09:44.2950261Z ok 755 - R94 unknown IDs do not clear a known game and diagnostics distinguish first observations
release	Build and verify public release	2026-10-04T03:09:44.2951156Z   ---
release	Build and verify public release	2026-10-04T03:09:44.2951616Z   duration_ms: 30.882
release	Build and verify public release	2026-10-04T03:09:44.2952108Z   type: 'test'
release	Build and verify public release	2026-10-04T03:09:44.2952563Z   ...
release	Build and verify public release	2026-10-04T03:09:44.2953629Z # Subtest: R94 same-game phase advance labels the retained snapshot and rejects a late selection response
release	Build and verify public release	2026-10-04T03:09:44.2955203Z ok 756 - R94 same-game phase advance labels the retained snapshot and rejects a late selection response
release	Build and verify public release	2026-10-04T03:09:44.2956121Z   ---
release	Build and verify public release	2026-10-04T03:09:44.2956574Z   duration_ms: 27.419
release	Build and verify public release	2026-10-04T03:09:44.2957039Z   type: 'test'
release	Build and verify public release	2026-10-04T03:09:44.2957453Z   ...
release	Build and verify public release	2026-10-04T03:09:44.3749131Z # Subtest: R94 a delayed poll cannot reverse a newer SSE identity or phase
release	Build and verify public release	2026-10-04T03:09:44.3786736Z ok 757 - R94 a delayed poll cannot reverse a newer SSE identity or phase
release	Build and verify public release	2026-10-04T03:09:44.3787619Z   ---
release	Build and verify public release	2026-10-04T03:09:44.3788134Z   duration_ms: 57.701
release	Build and verify public release	2026-10-04T03:09:44.3788690Z   type: 'test'
release	Build and verify public release	2026-10-04T03:09:44.3789195Z   ...
release	Build and verify public release	2026-10-04T03:09:44.3790300Z # Subtest: R94 a changed identity in a new selection snapshot is not mistaken for a late same-game response
release	Build and verify public release	2026-10-04T03:09:44.3792010Z ok 758 - R94 a changed identity in a new selection snapshot is not mistaken for a late same-game response
release	Build and verify public release	2026-10-04T03:09:44.3793819Z   ---
release	Build and verify public release	2026-10-04T03:09:44.3794369Z   duration_ms: 38.5895
release	Build and verify public release	2026-10-04T03:09:44.3794955Z   type: 'test'
release	Build and verify public release	2026-10-04T03:09:44.3795474Z   ...
release	Build and verify public release	2026-10-04T03:09:44.3796433Z # Subtest: R94 SSE decoder retains legacy phase events and game identity payloads
release	Build and verify public release	2026-10-04T03:09:44.3797875Z ok 759 - R94 SSE decoder retains legacy phase events and game identity payloads
release	Build and verify public release	2026-10-04T03:09:44.3799212Z   ---
release	Build and verify public release	2026-10-04T03:09:44.3799812Z   duration_ms: 3.1163
release	Build and verify public release	2026-10-04T03:09:44.3800393Z   type: 'test'
release	Build and verify public release	2026-10-04T03:09:44.3800921Z   ...
release	Build and verify public release	2026-10-04T03:09:44.3837171Z # Subtest: R94 diagnostics preserve every repeated phase and identity comparison in bounded batches
release	Build and verify public release	2026-10-04T03:09:44.3838954Z ok 760 - R94 diagnostics preserve every repeated phase and identity comparison in bounded batches
release	Build and verify public release	2026-10-04T03:09:44.3840470Z   ---
release	Build and verify public release	2026-10-04T03:09:44.3840987Z   duration_ms: 12.1637
release	Build and verify public release	2026-10-04T03:09:44.3841559Z   type: 'test'
release	Build and verify public release	2026-10-04T03:09:44.3842027Z   ...
release	Build and verify public release	2026-10-04T03:09:44.3895056Z # Subtest: R94 diagnostics use one request during a stall and expose queue overflow while retaining transitions
release	Build and verify public release	2026-10-04T03:09:44.3897680Z ok 761 - R94 diagnostics use one request during a stall and expose queue overflow while retaining transitions
release	Build and verify public release	2026-10-04T03:09:44.3898931Z   ---
release	Build and verify public release	2026-10-04T03:09:44.3899549Z   duration_ms: 6.1279
release	Build and verify public release	2026-10-04T03:09:44.3900310Z   type: 'test'
release	Build and verify public release	2026-10-04T03:09:44.3900688Z   ...
release	Build and verify public release	2026-10-04T03:09:44.4229382Z # Subtest: R94 largest diagnostic batch fits backend limit and strips unrelated data; export sends queued observations
release	Build and verify public release	2026-10-04T03:09:44.4232186Z ok 762 - R94 largest diagnostic batch fits backend limit and strips unrelated data; export sends queued observations
release	Build and verify public release	2026-10-04T03:09:44.4239535Z   ---
release	Build and verify public release	2026-10-04T03:09:44.4240164Z   duration_ms: 3.3106
release	Build and verify public release	2026-10-04T03:09:44.4240734Z   type: 'test'
release	Build and verify public release	2026-10-04T03:09:44.4241207Z   ...
release	Build and verify public release	2026-10-04T03:09:44.4256443Z # Subtest: R94 hidden same-phase SSE identity jump resumes one forced refresh when visible
release	Build and verify public release	2026-10-04T03:09:44.4258139Z ok 763 - R94 hidden same-phase SSE identity jump resumes one forced refresh when visible
release	Build and verify public release	2026-10-04T03:09:44.4259155Z   ---
release	Build and verify public release	2026-10-04T03:09:44.4259702Z   duration_ms: 32.9849
release	Build and verify public release	2026-10-04T03:09:44.4277832Z   type: 'test'
release	Build and verify public release	2026-10-04T03:09:44.4278365Z   ...
release	Build and verify public release	2026-10-04T03:09:44.4279568Z # Subtest: R94 failed diagnostic batches release their slot without retries and recover on the next batch
release	Build and verify public release	2026-10-04T03:09:44.4281258Z ok 764 - R94 failed diagnostic batches release their slot without retries and recover on the next batch
release	Build and verify public release	2026-10-04T03:09:44.4282211Z   ---
release	Build and verify public release	2026-10-04T03:09:44.4282726Z   duration_ms: 3.0214
release	Build and verify public release	2026-10-04T03:09:44.4283263Z   type: 'test'
release	Build and verify public release	2026-10-04T03:09:44.4283733Z   ...
release	Build and verify public release	2026-10-04T03:09:44.8870266Z # Subtest: R95 P1 progress preserves career, append=true, noise=null
release	Build and verify public release	2026-10-04T03:09:44.8871825Z ok 765 - R95 P1 progress preserves career, append=true, noise=null
release	Build and verify public release	2026-10-04T03:09:44.8872807Z   ---
release	Build and verify public release	2026-10-04T03:09:44.8873380Z   duration_ms: 217.0186
release	Build and verify public release	2026-10-04T03:09:44.8873978Z   type: 'test'
release	Build and verify public release	2026-10-04T03:09:44.8874516Z   ...
release	Build and verify public release	2026-10-04T03:09:44.9186576Z # Subtest: R95 P1 progress preserves career, append=true, noise=[]
release	Build and verify public release	2026-10-04T03:09:44.9188037Z ok 766 - R95 P1 progress preserves career, append=true, noise=[]
release	Build and verify public release	2026-10-04T03:09:44.9188813Z   ---
release	Build and verify public release	2026-10-04T03:09:44.9189151Z   duration_ms: 21.9114
release	Build and verify public release	2026-10-04T03:09:44.9189678Z   type: 'test'
release	Build and verify public release	2026-10-04T03:09:44.9190127Z   ...
release	Build and verify public release	2026-10-04T03:09:44.9575262Z # Subtest: R95 P1 progress preserves career, append=true, noise=undefined
release	Build and verify public release	2026-10-04T03:09:44.9576508Z ok 767 - R95 P1 progress preserves career, append=true, noise=undefined
release	Build and verify public release	2026-10-04T03:09:44.9577565Z   ---
release	Build and verify public release	2026-10-04T03:09:44.9578171Z   duration_ms: 32.4697
release	Build and verify public release	2026-10-04T03:09:44.9578806Z   type: 'test'
release	Build and verify public release	2026-10-04T03:09:44.9579344Z   ...
release	Build and verify public release	2026-10-04T03:09:44.9894779Z # Subtest: R95 P1 progress preserves career, append=false, noise=null
release	Build and verify public release	2026-10-04T03:09:44.9929293Z ok 768 - R95 P1 progress preserves career, append=false, noise=null
release	Build and verify public release	2026-10-04T03:09:44.9930882Z   ---
release	Build and verify public release	2026-10-04T03:09:44.9931887Z   duration_ms: 36.3731
release	Build and verify public release	2026-10-04T03:09:44.9933101Z   type: 'test'
release	Build and verify public release	2026-10-04T03:09:44.9933636Z   ...
release	Build and verify public release	2026-10-04T03:09:45.0249064Z # Subtest: R95 P1 progress preserves career, append=false, noise=[]
release	Build and verify public release	2026-10-04T03:09:45.0250425Z ok 769 - R95 P1 progress preserves career, append=false, noise=[]
release	Build and verify public release	2026-10-04T03:09:45.0251215Z   ---
release	Build and verify public release	2026-10-04T03:09:45.0251722Z   duration_ms: 38.1525
release	Build and verify public release	2026-10-04T03:09:45.0252250Z   type: 'test'
release	Build and verify public release	2026-10-04T03:09:45.0252690Z   ...
release	Build and verify public release	2026-10-04T03:09:45.0562883Z # Subtest: R95 P1 progress preserves career, append=false, noise=undefined
release	Build and verify public release	2026-10-04T03:09:45.0564411Z ok 770 - R95 P1 progress preserves career, append=false, noise=undefined
release	Build and verify public release	2026-10-04T03:09:45.0565283Z   ---
release	Build and verify public release	2026-10-04T03:09:45.0565795Z   duration_ms: 30.9356
release	Build and verify public release	2026-10-04T03:09:45.0566347Z   type: 'test'
release	Build and verify public release	2026-10-04T03:09:45.0566813Z   ...
release	Build and verify public release	2026-10-04T03:09:45.1630569Z # Subtest: R95 P1 first five and complete explicit empty arrays are authoritative
release	Build and verify public release	2026-10-04T03:09:45.1685965Z ok 771 - R95 P1 first five and complete explicit empty arrays are authoritative
release	Build and verify public release	2026-10-04T03:09:45.1687135Z   ---
release	Build and verify public release	2026-10-04T03:09:45.1687724Z   duration_ms: 63.2106
release	Build and verify public release	2026-10-04T03:09:45.1688295Z   type: 'test'
release	Build and verify public release	2026-10-04T03:09:45.1688828Z   ...
release	Build and verify public release	2026-10-04T03:09:45.2523978Z # Subtest: R95 P2 slow interval/false loading eligibility
release	Build and verify public release	2026-10-04T03:09:45.2525293Z ok 772 - R95 P2 slow interval/false loading eligibility
release	Build and verify public release	2026-10-04T03:09:45.2526137Z   ---
release	Build and verify public release	2026-10-04T03:09:45.2526716Z   duration_ms: 67.4724
release	Build and verify public release	2026-10-04T03:09:45.2527348Z   type: 'test'
release	Build and verify public release	2026-10-04T03:09:45.2527878Z   ...
release	Build and verify public release	2026-10-04T03:09:45.2878658Z # Subtest: R95 P2 slow sse/false loading eligibility
release	Build and verify public release	2026-10-04T03:09:45.2879812Z ok 773 - R95 P2 slow sse/false loading eligibility
release	Build and verify public release	2026-10-04T03:09:45.2880525Z   ---
release	Build and verify public release	2026-10-04T03:09:45.2881041Z   duration_ms: 90.7415
release	Build and verify public release	2026-10-04T03:09:45.2881573Z   type: 'test'
release	Build and verify public release	2026-10-04T03:09:45.2894758Z   ...
release	Build and verify public release	2026-10-04T03:09:45.3178225Z # Subtest: R95 P2 slow event/false loading eligibility
release	Build and verify public release	2026-10-04T03:09:45.3223101Z ok 774 - R95 P2 slow event/false loading eligibility
release	Build and verify public release	2026-10-04T03:09:45.3224301Z   ---
release	Build and verify public release	2026-10-04T03:09:45.3225273Z   duration_ms: 35.1898
release	Build and verify public release	2026-10-04T03:09:45.3225929Z   type: 'test'
release	Build and verify public release	2026-10-04T03:09:45.3226450Z   ...
release	Build and verify public release	2026-10-04T03:09:45.3497217Z # Subtest: R95 P2 slow manual/true loading eligibility
release	Build and verify public release	2026-10-04T03:09:45.3498497Z ok 775 - R95 P2 slow manual/true loading eligibility
release	Build and verify public release	2026-10-04T03:09:45.3499294Z   ---
release	Build and verify public release	2026-10-04T03:09:45.3499884Z   duration_ms: 37.3648
release	Build and verify public release	2026-10-04T03:09:45.3500494Z   type: 'test'
release	Build and verify public release	2026-10-04T03:09:45.3501025Z   ...
release	Build and verify public release	2026-10-04T03:09:45.3782117Z # Subtest: R95 P2 slow direct/true loading eligibility
release	Build and verify public release	2026-10-04T03:09:45.3812601Z ok 776 - R95 P2 slow direct/true loading eligibility
release	Build and verify public release	2026-10-04T03:09:45.3813368Z   ---
release	Build and verify public release	2026-10-04T03:09:45.3813889Z   duration_ms: 25.1273
release	Build and verify public release	2026-10-04T03:09:45.3814464Z   type: 'test'
release	Build and verify public release	2026-10-04T03:09:45.3814963Z   ...
release	Build and verify public release	2026-10-04T03:09:45.4012418Z # Subtest: R95 P2 slow manual/false loading eligibility
release	Build and verify public release	2026-10-04T03:09:45.4013587Z ok 777 - R95 P2 slow manual/false loading eligibility
release	Build and verify public release	2026-10-04T03:09:45.4014331Z   ---
release	Build and verify public release	2026-10-04T03:09:45.4014856Z   duration_ms: 27.8109
release	Build and verify public release	2026-10-04T03:09:45.4015413Z   type: 'test'
release	Build and verify public release	2026-10-04T03:09:45.4015895Z   ...
release	Build and verify public release	2026-10-04T03:09:45.6071093Z # Subtest: R95 P2 fast 10ms manual response never shows status, including zero-delay timers
release	Build and verify public release	2026-10-04T03:09:45.6107925Z ok 778 - R95 P2 fast 10ms manual response never shows status, including zero-delay timers
release	Build and verify public release	2026-10-04T03:09:45.6110460Z   ---
release	Build and verify public release	2026-10-04T03:09:45.6113478Z   duration_ms: 28.1367
release	Build and verify public release	2026-10-04T03:09:45.6114154Z   type: 'test'
release	Build and verify public release	2026-10-04T03:09:45.6114709Z   ...
release	Build and verify public release	2026-10-04T03:09:45.6115721Z # Subtest: R95 P3 / R101 both sides keep lock wait visible with strategy-dependent editing
release	Build and verify public release	2026-10-04T03:09:45.6117198Z ok 779 - R95 P3 / R101 both sides keep lock wait visible with strategy-dependent editing
release	Build and verify public release	2026-10-04T03:09:45.6118157Z   ---
release	Build and verify public release	2026-10-04T03:09:45.6395071Z   duration_ms: 119.3391
release	Build and verify public release	2026-10-04T03:09:45.6535002Z   type: 'test'
release	Build and verify public release	2026-10-04T03:09:45.6548271Z   ...
release	Build and verify public release	2026-10-04T03:09:45.6550567Z # Subtest: R95 P4 badge respects mask, secondary and professional click context
release	Build and verify public release	2026-10-04T03:09:45.6640756Z ok 780 - R95 P4 badge respects mask, secondary and professional click context
release	Build and verify public release	2026-10-04T03:09:45.6641705Z   ---
release	Build and verify public release	2026-10-04T03:09:45.6659481Z   duration_ms: 39.5725
release	Build and verify public release	2026-10-04T03:09:45.6684311Z   type: 'test'
release	Build and verify public release	2026-10-04T03:09:45.6705292Z   ...
release	Build and verify public release	2026-10-04T03:09:45.6750156Z # Subtest: R95 P5 exact Chinese titles, unknown fallback, relative time and champselect fired count
release	Build and verify public release	2026-10-04T03:09:45.6786035Z ok 781 - R95 P5 exact Chinese titles, unknown fallback, relative time and champselect fired count
release	Build and verify public release	2026-10-04T03:09:45.6787009Z   ---
release	Build and verify public release	2026-10-04T03:09:45.6787668Z   duration_ms: 2.0179
release	Build and verify public release	2026-10-04T03:09:45.6788316Z   type: 'test'
release	Build and verify public release	2026-10-04T03:09:45.6788854Z   ...
release	Build and verify public release	2026-10-04T03:09:45.6789600Z # Subtest: R95 P3 typed lock wait targets its own side
release	Build and verify public release	2026-10-04T03:09:45.6790396Z ok 782 - R95 P3 typed lock wait targets its own side
release	Build and verify public release	2026-10-04T03:09:45.6791187Z   ---
release	Build and verify public release	2026-10-04T03:09:45.6791729Z   duration_ms: 21.2908
release	Build and verify public release	2026-10-04T03:09:45.6792290Z   type: 'test'
release	Build and verify public release	2026-10-04T03:09:45.6792740Z   ...
release	Build and verify public release	2026-10-04T03:09:45.6793749Z # Subtest: R95 P4 match player clicks enter professional context even without directory source
release	Build and verify public release	2026-10-04T03:09:45.6795360Z ok 783 - R95 P4 match player clicks enter professional context even without directory source
release	Build and verify public release	2026-10-04T03:09:45.6796387Z   ---
release	Build and verify public release	2026-10-04T03:09:45.6796951Z   duration_ms: 13.7666
release	Build and verify public release	2026-10-04T03:09:45.6797545Z   type: 'test'
release	Build and verify public release	2026-10-04T03:09:45.6798051Z   ...
release	Build and verify public release	2026-10-04T03:09:45.7117943Z # Subtest: 青年瑞兹与海克斯科技安妮在奖池中归入限定
release	Build and verify public release	2026-10-04T03:09:45.7153574Z ok 784 - 青年瑞兹与海克斯科技安妮在奖池中归入限定
release	Build and verify public release	2026-10-04T03:09:45.7184691Z   ---
release	Build and verify public release	2026-10-04T03:09:45.7185810Z   duration_ms: 2.3168
release	Build and verify public release	2026-10-04T03:09:45.7186478Z   type: 'test'
release	Build and verify public release	2026-10-04T03:09:45.7187028Z   ...
release	Build and verify public release	2026-10-04T03:09:45.7187901Z # Subtest: 奖池限定排在传说之前，其余按奖池品质顺序比较
release	Build and verify public release	2026-10-04T03:09:45.7188855Z ok 785 - 奖池限定排在传说之前，其余按奖池品质顺序比较
release	Build and verify public release	2026-10-04T03:09:45.7189444Z   ---
release	Build and verify public release	2026-10-04T03:09:45.7190062Z   duration_ms: 1.5977
release	Build and verify public release	2026-10-04T03:09:45.7190650Z   type: 'test'
release	Build and verify public release	2026-10-04T03:09:45.7191184Z   ...
release	Build and verify public release	2026-10-04T03:09:45.7192018Z # Subtest: 自动主题严格按本地时间在 06:00 和 18:00 切换
release	Build and verify public release	2026-10-04T03:09:45.7192973Z ok 786 - 自动主题严格按本地时间在 06:00 和 18:00 切换
release	Build and verify public release	2026-10-04T03:09:45.7193634Z   ---
release	Build and verify public release	2026-10-04T03:09:45.7194196Z   duration_ms: 1.2006
release	Build and verify public release	2026-10-04T03:09:45.7194805Z   type: 'test'
release	Build and verify public release	2026-10-04T03:09:45.7195341Z   ...
release	Build and verify public release	2026-10-04T03:09:45.7196363Z # Subtest: 品质与数量排序默认从高到低
release	Build and verify public release	2026-10-04T03:09:45.7197248Z ok 787 - 品质与数量排序默认从高到低
release	Build and verify public release	2026-10-04T03:09:45.7198361Z   ---
release	Build and verify public release	2026-10-04T03:09:45.7199025Z   duration_ms: 0.3434
release	Build and verify public release	2026-10-04T03:09:45.7199597Z   type: 'test'
release	Build and verify public release	2026-10-04T03:09:45.7200135Z   ...
release	Build and verify public release	2026-10-04T03:09:45.7200867Z # Subtest: 普通炫彩始终平铺且不再提示悬停展开
release	Build and verify public release	2026-10-04T03:09:45.7201652Z ok 788 - 普通炫彩始终平铺且不再提示悬停展开
release	Build and verify public release	2026-10-04T03:09:45.7202209Z   ---
release	Build and verify public release	2026-10-04T03:09:45.7202719Z   duration_ms: 2.0253
release	Build and verify public release	2026-10-04T03:09:45.7203365Z   type: 'test'
release	Build and verify public release	2026-10-04T03:09:45.7203891Z   ...
release	Build and verify public release	2026-10-04T03:09:45.7204748Z # Subtest: 炫彩横栏保留页面纵向滚动，仅在 Shift 滚轮时横移
release	Build and verify public release	2026-10-04T03:09:45.7205722Z ok 789 - 炫彩横栏保留页面纵向滚动，仅在 Shift 滚轮时横移
release	Build and verify public release	2026-10-04T03:09:45.7206197Z   ---
release	Build and verify public release	2026-10-04T03:09:45.7206553Z   duration_ms: 1.5036
release	Build and verify public release	2026-10-04T03:09:45.7206968Z   type: 'test'
release	Build and verify public release	2026-10-04T03:09:45.7207281Z   ...
release	Build and verify public release	2026-10-04T03:09:45.7207845Z # Subtest: 炫彩横栏包含臻彩并只显示去掉所属皮肤后的短名称
release	Build and verify public release	2026-10-04T03:09:45.7208894Z ok 790 - 炫彩横栏包含臻彩并只显示去掉所属皮肤后的短名称
release	Build and verify public release	2026-10-04T03:09:45.7209334Z   ---
release	Build and verify public release	2026-10-04T03:09:45.7209687Z   duration_ms: 1.0965
release	Build and verify public release	2026-10-04T03:09:45.7210100Z   type: 'test'
release	Build and verify public release	2026-10-04T03:09:45.7210422Z   ...
release	Build and verify public release	2026-10-04T03:09:45.7210985Z # Subtest: 臻彩详情可在普通炫彩图与独立原画之间切换
release	Build and verify public release	2026-10-04T03:09:45.7211613Z ok 791 - 臻彩详情可在普通炫彩图与独立原画之间切换
release	Build and verify public release	2026-10-04T03:09:45.7211998Z   ---
release	Build and verify public release	2026-10-04T03:09:45.7212324Z   duration_ms: 1.1332
release	Build and verify public release	2026-10-04T03:09:45.7212693Z   type: 'test'
release	Build and verify public release	2026-10-04T03:09:45.7213017Z   ...
release	Build and verify public release	2026-10-04T03:09:45.7213931Z # Subtest: 卡片等待图片时显示加载中，失败后才显示暂无预览
release	Build and verify public release	2026-10-04T03:09:45.7214997Z ok 792 - 卡片等待图片时显示加载中，失败后才显示暂无预览
release	Build and verify public release	2026-10-04T03:09:45.7215723Z   ---
release	Build and verify public release	2026-10-04T03:09:45.7216053Z   duration_ms: 1.6019
release	Build and verify public release	2026-10-04T03:09:45.7216446Z   type: 'test'
release	Build and verify public release	2026-10-04T03:09:45.7216777Z   ...
release	Build and verify public release	2026-10-04T03:09:45.7217283Z # Subtest: 详情与炫彩导航共用全局图标尺寸令牌
release	Build and verify public release	2026-10-04T03:09:45.7217825Z ok 793 - 详情与炫彩导航共用全局图标尺寸令牌
release	Build and verify public release	2026-10-04T03:09:45.7218200Z   ---
release	Build and verify public release	2026-10-04T03:09:45.7218545Z   duration_ms: 3.3797
release	Build and verify public release	2026-10-04T03:09:45.7218923Z   type: 'test'
release	Build and verify public release	2026-10-04T03:09:45.7219242Z   ...
release	Build and verify public release	2026-10-04T03:09:45.7219812Z # Subtest: 奖池不再使用三合一优先层级并在切换拥有状态时重置品质
release	Build and verify public release	2026-10-04T03:09:45.7220479Z ok 794 - 奖池不再使用三合一优先层级并在切换拥有状态时重置品质
release	Build and verify public release	2026-10-04T03:09:45.7220900Z   ---
release	Build and verify public release	2026-10-04T03:09:45.7221249Z   duration_ms: 1.1721
release	Build and verify public release	2026-10-04T03:09:45.7221609Z   type: 'test'
release	Build and verify public release	2026-10-04T03:09:45.7221900Z   ...
release	Build and verify public release	2026-10-04T03:09:45.7222432Z # Subtest: 主滚动区域从顶部栏下方开始且不显示滚动条箭头
release	Build and verify public release	2026-10-04T03:09:45.7223078Z ok 795 - 主滚动区域从顶部栏下方开始且不显示滚动条箭头
release	Build and verify public release	2026-10-04T03:09:45.7223520Z   ---
release	Build and verify public release	2026-10-04T03:09:45.7223865Z   duration_ms: 1.881
release	Build and verify public release	2026-10-04T03:09:45.7224273Z   type: 'test'
release	Build and verify public release	2026-10-04T03:09:45.7224585Z   ...
release	Build and verify public release	2026-10-04T03:09:45.7225163Z # Subtest: 收藏临时筛选会恢复默认值，奖池详情按实际展示顺序导航
release	Build and verify public release	2026-10-04T03:09:45.7225827Z ok 796 - 收藏临时筛选会恢复默认值，奖池详情按实际展示顺序导航
release	Build and verify public release	2026-10-04T03:09:45.7226265Z   ---
release	Build and verify public release	2026-10-04T03:09:45.7226597Z   duration_ms: 0.6124
release	Build and verify public release	2026-10-04T03:09:45.7226984Z   type: 'test'
release	Build and verify public release	2026-10-04T03:09:45.7227280Z   ...
release	Build and verify public release	2026-10-04T03:09:45.7227793Z # Subtest: 皮肤详情只在英雄分组时按英雄切换，其余视图按当前展示顺序
release	Build and verify public release	2026-10-04T03:09:45.7228493Z ok 797 - 皮肤详情只在英雄分组时按英雄切换，其余视图按当前展示顺序
release	Build and verify public release	2026-10-04T03:09:45.7228934Z   ---
release	Build and verify public release	2026-10-04T03:09:45.7229266Z   duration_ms: 1.3654
release	Build and verify public release	2026-10-04T03:09:45.7229651Z   type: 'test'
release	Build and verify public release	2026-10-04T03:09:45.7229980Z   ...
release	Build and verify public release	2026-10-04T03:09:45.7230541Z # Subtest: 最小窗口使用应用内排序菜单并在工具栏内换行
release	Build and verify public release	2026-10-04T03:09:45.7231143Z ok 798 - 最小窗口使用应用内排序菜单并在工具栏内换行
release	Build and verify public release	2026-10-04T03:09:45.7231557Z   ---
release	Build and verify public release	2026-10-04T03:09:45.7231895Z   duration_ms: 1.8259
release	Build and verify public release	2026-10-04T03:09:45.7232281Z   type: 'test'
release	Build and verify public release	2026-10-04T03:09:45.7232597Z   ...
release	Build and verify public release	2026-10-04T03:09:45.7233220Z # Subtest: 炫彩显隐不再扫描整棵 DOM 或触发布局测量
release	Build and verify public release	2026-10-04T03:09:45.7234239Z ok 799 - 炫彩显隐不再扫描整棵 DOM 或触发布局测量
release	Build and verify public release	2026-10-04T03:09:45.7234680Z   ---
release	Build and verify public release	2026-10-04T03:09:45.7235022Z   duration_ms: 1.4046
release	Build and verify public release	2026-10-04T03:09:45.7235407Z   type: 'test'
release	Build and verify public release	2026-10-04T03:09:45.7235733Z   ...
release	Build and verify public release	2026-10-04T03:09:45.7236242Z # Subtest: 大量炫彩的显隐统计保持线性且远低于一帧交互预算
release	Build and verify public release	2026-10-04T03:09:45.7236834Z ok 800 - 大量炫彩的显隐统计保持线性且远低于一帧交互预算
release	Build and verify public release	2026-10-04T03:09:45.7237225Z   ---
release	Build and verify public release	2026-10-04T03:09:45.7237546Z   duration_ms: 8.1235
release	Build and verify public release	2026-10-04T03:09:45.7237898Z   type: 'test'
release	Build and verify public release	2026-10-04T03:09:45.7238186Z   ...
release	Build and verify public release	2026-10-04T03:09:45.7238664Z # Subtest: 卡片资源采用可视区延迟加载且远程臻彩受独立并发限制
release	Build and verify public release	2026-10-04T03:09:45.7239259Z ok 801 - 卡片资源采用可视区延迟加载且远程臻彩受独立并发限制
release	Build and verify public release	2026-10-04T03:09:45.7239637Z   ---
release	Build and verify public release	2026-10-04T03:09:45.7239943Z   duration_ms: 0.5596
release	Build and verify public release	2026-10-04T03:09:45.7240297Z   type: 'test'
release	Build and verify public release	2026-10-04T03:09:45.7240579Z   ...
release	Build and verify public release	2026-10-04T03:09:45.7241284Z # Subtest: diagnostic timeouts stop after one retry and remain visible to export
release	Build and verify public release	2026-10-04T03:09:45.7242333Z ok 802 - diagnostic timeouts stop after one retry and remain visible to export
release	Build and verify public release	2026-10-04T03:09:45.7243488Z   ---
release	Build and verify public release	2026-10-04T03:09:45.7243823Z   duration_ms: 16.3003
release	Build and verify public release	2026-10-04T03:09:45.7244205Z   type: 'test'
release	Build and verify public release	2026-10-04T03:09:45.7244521Z   ...
release	Build and verify public release	2026-10-04T03:09:45.7245244Z # Subtest: export flush records latest delivery counters even when no later game event arrives
release	Build and verify public release	2026-10-04T03:09:45.7246544Z ok 803 - export flush records latest delivery counters even when no later game event arrives
release	Build and verify public release	2026-10-04T03:09:45.7247344Z   ---
release	Build and verify public release	2026-10-04T03:09:45.7247663Z   duration_ms: 4.4042
release	Build and verify public release	2026-10-04T03:09:45.7248026Z   type: 'test'
release	Build and verify public release	2026-10-04T03:09:45.7248334Z   ...
release	Build and verify public release	2026-10-04T03:09:45.7249184Z # Subtest: diagnostic delivery observes HTTP failure, retries once and reports recovery counters
release	Build and verify public release	2026-10-04T03:09:45.7250589Z ok 804 - diagnostic delivery observes HTTP failure, retries once and reports recovery counters
release	Build and verify public release	2026-10-04T03:09:45.7251410Z   ---
release	Build and verify public release	2026-10-04T03:09:45.7251763Z   duration_ms: 2.971
release	Build and verify public release	2026-10-04T03:09:45.7252174Z   type: 'test'
release	Build and verify public release	2026-10-04T03:09:45.7252481Z   ...
release	Build and verify public release	2026-10-04T03:09:45.7253332Z # Subtest: failed transport does not poison duplicate suppression and strips new arbitrary text
release	Build and verify public release	2026-10-04T03:09:45.7255300Z ok 805 - failed transport does not poison duplicate suppression and strips new arbitrary text
release	Build and verify public release	2026-10-04T03:09:45.7256129Z   ---
release	Build and verify public release	2026-10-04T03:09:45.7256461Z   duration_ms: 2.3581
release	Build and verify public release	2026-10-04T03:09:45.7256817Z   type: 'test'
release	Build and verify public release	2026-10-04T03:09:45.7257121Z   ...
release	Build and verify public release	2026-10-04T03:09:45.7257835Z # Subtest: diagnostic in-flight limit is bounded and exposes dropped events
release	Build and verify public release	2026-10-04T03:09:45.7258925Z ok 806 - diagnostic in-flight limit is bounded and exposes dropped events
release	Build and verify public release	2026-10-04T03:09:45.7259600Z   ---
release	Build and verify public release	2026-10-04T03:09:45.7259935Z   duration_ms: 3.39
release	Build and verify public release	2026-10-04T03:09:45.7260286Z   type: 'test'
release	Build and verify public release	2026-10-04T03:09:45.7260584Z   ...
release	Build and verify public release	2026-10-04T03:09:45.7261447Z # Subtest: flow diagnostics whitelist fields, deduplicate repeats and tolerate offline transport
release	Build and verify public release	2026-10-04T03:09:45.7262848Z ok 807 - flow diagnostics whitelist fields, deduplicate repeats and tolerate offline transport
release	Build and verify public release	2026-10-04T03:09:45.7263685Z   ---
release	Build and verify public release	2026-10-04T03:09:45.7264038Z   duration_ms: 2.1184
release	Build and verify public release	2026-10-04T03:09:45.7264414Z   type: 'test'
release	Build and verify public release	2026-10-04T03:09:45.7264730Z   ...
release	Build and verify public release	2026-10-04T03:09:45.7265444Z # Subtest: R70 response cache is access-ordered and bounded over 100000 inserts
release	Build and verify public release	2026-10-04T03:09:45.7266567Z ok 808 - R70 response cache is access-ordered and bounded over 100000 inserts
release	Build and verify public release	2026-10-04T03:09:45.7267277Z   ---
release	Build and verify public release	2026-10-04T03:09:45.7267629Z   duration_ms: 127.2973
release	Build and verify public release	2026-10-04T03:09:45.7268029Z   type: 'test'
release	Build and verify public release	2026-10-04T03:09:45.7268351Z   ...
release	Build and verify public release	2026-10-04T03:09:45.7269223Z # Subtest: current game diagnostics retain KR fields but drop retired CN source and failure fields
release	Build and verify public release	2026-10-04T03:09:45.7270679Z ok 809 - current game diagnostics retain KR fields but drop retired CN source and failure fields
release	Build and verify public release	2026-10-04T03:09:45.7271538Z   ---
release	Build and verify public release	2026-10-04T03:09:45.7271870Z   duration_ms: 2.2442
release	Build and verify public release	2026-10-04T03:09:45.7272269Z   type: 'test'
release	Build and verify public release	2026-10-04T03:09:45.7272594Z   ...
release	Build and verify public release	2026-10-04T03:09:45.7273313Z # Subtest: R70 cache reads never extend freshness; idle expiry is pruned on access
release	Build and verify public release	2026-10-04T03:09:45.7274880Z ok 810 - R70 cache reads never extend freshness; idle expiry is pruned on access
release	Build and verify public release	2026-10-04T03:09:45.7275587Z   ---
release	Build and verify public release	2026-10-04T03:09:45.7275907Z   duration_ms: 1.8
release	Build and verify public release	2026-10-04T03:09:45.7276253Z   type: 'test'
release	Build and verify public release	2026-10-04T03:09:45.7276554Z   ...
release	Build and verify public release	2026-10-04T03:09:45.7277288Z # Subtest: R70 cache timer disposal runs once on eviction, not on same-object update
release	Build and verify public release	2026-10-04T03:09:45.7278407Z ok 811 - R70 cache timer disposal runs once on eviction, not on same-object update
release	Build and verify public release	2026-10-04T03:09:45.7279129Z   ---
release	Build and verify public release	2026-10-04T03:09:45.7279471Z   duration_ms: 2.776
release	Build and verify public release	2026-10-04T03:09:45.7279848Z   type: 'test'
release	Build and verify public release	2026-10-04T03:09:45.7280166Z   ...
release	Build and verify public release	2026-10-04T03:09:45.7280863Z # Subtest: shared escapeHTML is document-free and escapes all HTML delimiters
release	Build and verify public release	2026-10-04T03:09:45.7281953Z ok 812 - shared escapeHTML is document-free and escapes all HTML delimiters
release	Build and verify public release	2026-10-04T03:09:45.7282914Z   ---
release	Build and verify public release	2026-10-04T03:09:45.7283265Z   duration_ms: 1.4902
release	Build and verify public release	2026-10-04T03:09:45.7283875Z   type: 'test'
release	Build and verify public release	2026-10-04T03:09:45.7284190Z   ...
release	Build and verify public release	2026-10-04T03:09:45.7284870Z # Subtest: business modules do not retain local escapeHTML implementations
release	Build and verify public release	2026-10-04T03:09:45.7285920Z ok 813 - business modules do not retain local escapeHTML implementations
release	Build and verify public release	2026-10-04T03:09:45.7286588Z   ---
release	Build and verify public release	2026-10-04T03:09:45.7286918Z   duration_ms: 12.4777
release	Build and verify public release	2026-10-04T03:09:45.7287281Z   type: 'test'
release	Build and verify public release	2026-10-04T03:09:45.7287574Z   ...
release	Build and verify public release	2026-10-04T03:09:45.9298735Z # Subtest: R168 gameflow invalidates champ select while away and returning fetches current runtime
release	Build and verify public release	2026-10-04T03:09:45.9315671Z ok 814 - R168 gameflow invalidates champ select while away and returning fetches current runtime
release	Build and verify public release	2026-10-04T03:09:45.9322066Z   ---
release	Build and verify public release	2026-10-04T03:09:45.9323670Z   duration_ms: 5.5656
release	Build and verify public release	2026-10-04T03:09:45.9328265Z   type: 'test'
release	Build and verify public release	2026-10-04T03:09:45.9328933Z   ...
release	Build and verify public release	2026-10-04T03:09:45.9329880Z # Subtest: R168 active champ select refreshes once for one gameflow change
release	Build and verify public release	2026-10-04T03:09:45.9331094Z ok 815 - R168 active champ select refreshes once for one gameflow change
release	Build and verify public release	2026-10-04T03:09:45.9331890Z   ---
release	Build and verify public release	2026-10-04T03:09:45.9332358Z   duration_ms: 20.4138
release	Build and verify public release	2026-10-04T03:09:45.9366065Z   type: 'test'
release	Build and verify public release	2026-10-04T03:09:45.9366607Z   ...
release	Build and verify public release	2026-10-04T03:09:45.9367567Z # Subtest: career manual reread resets stale preview even when server payload is unchanged
release	Build and verify public release	2026-10-04T03:09:45.9369399Z ok 816 - career manual reread resets stale preview even when server payload is unchanged
release	Build and verify public release	2026-10-04T03:09:45.9370285Z   ---
release	Build and verify public release	2026-10-04T03:09:45.9370767Z   duration_ms: 4.461
release	Build and verify public release	2026-10-04T03:09:45.9371255Z   type: 'test'
release	Build and verify public release	2026-10-04T03:09:45.9371676Z   ...
release	Build and verify public release	2026-10-04T03:09:45.9372542Z # Subtest: global reread joins the active career refresh and does not refresh hidden tools
release	Build and verify public release	2026-10-04T03:09:45.9373866Z ok 817 - global reread joins the active career refresh and does not refresh hidden tools
release	Build and verify public release	2026-10-04T03:09:45.9374765Z   ---
release	Build and verify public release	2026-10-04T03:09:45.9375259Z   duration_ms: 1.9263
release	Build and verify public release	2026-10-04T03:09:45.9375772Z   type: 'test'
release	Build and verify public release	2026-10-04T03:09:45.9376224Z   ...
release	Build and verify public release	2026-10-04T03:09:45.9377160Z # Subtest: career SSE updates a clean background while preserving edited chat fields
release	Build and verify public release	2026-10-04T03:09:45.9378448Z ok 818 - career SSE updates a clean background while preserving edited chat fields
release	Build and verify public release	2026-10-04T03:09:45.9379284Z   ---
release	Build and verify public release	2026-10-04T03:09:45.9379741Z   duration_ms: 2.6672
release	Build and verify public release	2026-10-04T03:09:45.9380261Z   type: 'test'
release	Build and verify public release	2026-10-04T03:09:45.9380744Z   ...
release	Build and verify public release	2026-10-04T03:09:45.9381499Z # Subtest: career filtering never silently selects another background
release	Build and verify public release	2026-10-04T03:09:45.9382569Z ok 819 - career filtering never silently selects another background
release	Build and verify public release	2026-10-04T03:09:45.9383294Z   ---
release	Build and verify public release	2026-10-04T03:09:45.9383740Z   duration_ms: 1.1621
release	Build and verify public release	2026-10-04T03:09:45.9384229Z   type: 'test'
release	Build and verify public release	2026-10-04T03:09:45.9384654Z   ...
release	Build and verify public release	2026-10-04T03:09:45.9420814Z # Subtest: career apply invalidates an older GET and reports unconfirmed writes honestly
release	Build and verify public release	2026-10-04T03:09:45.9461058Z ok 820 - career apply invalidates an older GET and reports unconfirmed writes honestly
release	Build and verify public release	2026-10-04T03:09:45.9466737Z   ---
release	Build and verify public release	2026-10-04T03:09:45.9467348Z   duration_ms: 2.3186
release	Build and verify public release	2026-10-04T03:09:45.9467871Z   type: 'test'
release	Build and verify public release	2026-10-04T03:09:45.9468428Z   ...
release	Build and verify public release	2026-10-04T03:09:45.9469515Z # Subtest: career missing catalog never substitutes another champion and new undated MF skin stays first
release	Build and verify public release	2026-10-04T03:09:45.9471148Z ok 821 - career missing catalog never substitutes another champion and new undated MF skin stays first
release	Build and verify public release	2026-10-04T03:09:45.9472181Z   ---
release	Build and verify public release	2026-10-04T03:09:45.9472648Z   duration_ms: 51.8939
release	Build and verify public release	2026-10-04T03:09:45.9473158Z   type: 'test'
release	Build and verify public release	2026-10-04T03:09:45.9473593Z   ...
release	Build and verify public release	2026-10-04T03:09:46.2834498Z # Subtest: 1405 rail drag swaps exactly two champions and persists the active pool
release	Build and verify public release	2026-10-04T03:09:46.2835861Z ok 822 - 1405 rail drag swaps exactly two champions and persists the active pool
release	Build and verify public release	2026-10-04T03:09:46.2836585Z   ---
release	Build and verify public release	2026-10-04T03:09:46.2836933Z   duration_ms: 1766.9414
release	Build and verify public release	2026-10-04T03:09:46.2837957Z   type: 'test'
release	Build and verify public release	2026-10-04T03:09:46.2838277Z   ...
release	Build and verify public release	2026-10-04T03:09:46.3012796Z # Subtest: 1405 invalid, canceled and stale rail drags never change or save settings
release	Build and verify public release	2026-10-04T03:09:46.3013868Z ok 823 - 1405 invalid, canceled and stale rail drags never change or save settings
release	Build and verify public release	2026-10-04T03:09:46.3014490Z   ---
release	Build and verify public release	2026-10-04T03:09:46.3014776Z   duration_ms: 274.1062
release	Build and verify public release	2026-10-04T03:09:46.3015100Z   type: 'test'
release	Build and verify public release	2026-10-04T03:09:46.3015361Z   ...
release	Build and verify public release	2026-10-04T03:09:46.4030269Z # Subtest: 1405 time unit is inside the field and immutable while seconds remain editable
release	Build and verify public release	2026-10-04T03:09:46.4032402Z ok 824 - 1405 time unit is inside the field and immutable while seconds remain editable
release	Build and verify public release	2026-10-04T03:09:46.4033210Z   ---
release	Build and verify public release	2026-10-04T03:09:46.4033571Z   duration_ms: 33.4376
release	Build and verify public release	2026-10-04T03:09:46.4033998Z   type: 'test'
release	Build and verify public release	2026-10-04T03:09:46.4034304Z   ...
release	Build and verify public release	2026-10-04T03:09:46.4035703Z # Subtest: manual takeover stays visible beneath the relinquished champion
release	Build and verify public release	2026-10-04T03:09:46.4037547Z ok 825 - manual takeover stays visible beneath the relinquished champion
release	Build and verify public release	2026-10-04T03:09:46.4038520Z   ---
release	Build and verify public release	2026-10-04T03:09:46.4038850Z   duration_ms: 59.6046
release	Build and verify public release	2026-10-04T03:09:46.4039208Z   type: 'test'
release	Build and verify public release	2026-10-04T03:09:46.4039505Z   ...
release	Build and verify public release	2026-10-04T03:09:46.4999500Z # Subtest: pick show-then-lock edits a separate default ten-second lock wait
release	Build and verify public release	2026-10-04T03:09:46.5001326Z ok 826 - pick show-then-lock edits a separate default ten-second lock wait
release	Build and verify public release	2026-10-04T03:09:46.5002323Z   ---
release	Build and verify public release	2026-10-04T03:09:46.5002995Z   duration_ms: 59.9706
release	Build and verify public release	2026-10-04T03:09:46.5003636Z   type: 'test'
release	Build and verify public release	2026-10-04T03:09:46.5004253Z   ...
release	Build and verify public release	2026-10-04T03:09:46.5018981Z # Subtest: 1505 timeline resolves champion names without changing delays, attempts or diagnostic IDs
release	Build and verify public release	2026-10-04T03:09:46.5024443Z ok 827 - 1505 timeline resolves champion names without changing delays, attempts or diagnostic IDs
release	Build and verify public release	2026-10-04T03:09:46.5025533Z   ---
release	Build and verify public release	2026-10-04T03:09:46.5026053Z   duration_ms: 2.3073
release	Build and verify public release	2026-10-04T03:09:46.5026582Z   type: 'test'
release	Build and verify public release	2026-10-04T03:09:46.5027090Z   ...
release	Build and verify public release	2026-10-04T03:09:46.5027903Z # Subtest: R200 card timeline uses the existing champion token formatter
release	Build and verify public release	2026-10-04T03:09:46.5029049Z ok 828 - R200 card timeline uses the existing champion token formatter
release	Build and verify public release	2026-10-04T03:09:46.5029846Z   ---
release	Build and verify public release	2026-10-04T03:09:46.5030348Z   duration_ms: 10.722
release	Build and verify public release	2026-10-04T03:09:46.5030887Z   type: 'test'
release	Build and verify public release	2026-10-04T03:09:46.5031334Z   ...
release	Build and verify public release	2026-10-04T03:09:46.5032361Z # Subtest: 1505 timeline escapes catalog names and preserves reverse chronological order
release	Build and verify public release	2026-10-04T03:09:46.5033764Z ok 829 - 1505 timeline escapes catalog names and preserves reverse chronological order
release	Build and verify public release	2026-10-04T03:09:46.5034734Z   ---
release	Build and verify public release	2026-10-04T03:09:46.5035743Z   duration_ms: 1.5497
release	Build and verify public release	2026-10-04T03:09:46.5036272Z   type: 'test'
release	Build and verify public release	2026-10-04T03:09:46.5036726Z   ...
release	Build and verify public release	2026-10-04T03:09:46.5037595Z # Subtest: 1129 ranked ban has five shared slots while picks keep lane-specific pools
release	Build and verify public release	2026-10-04T03:09:46.5038925Z ok 830 - 1129 ranked ban has five shared slots while picks keep lane-specific pools
release	Build and verify public release	2026-10-04T03:09:46.5039816Z   ---
release	Build and verify public release	2026-10-04T03:09:46.5040291Z   duration_ms: 53.0516
release	Build and verify public release	2026-10-04T03:09:46.5040825Z   type: 'test'
release	Build and verify public release	2026-10-04T03:09:46.5041265Z   ...
release	Build and verify public release	2026-10-04T03:09:46.5081457Z # Subtest: 1129 ban dialog saves and clears only shared pool without dropping migration backup
release	Build and verify public release	2026-10-04T03:09:46.5084930Z ok 831 - 1129 ban dialog saves and clears only shared pool without dropping migration backup
release	Build and verify public release	2026-10-04T03:09:46.5085875Z   ---
release	Build and verify public release	2026-10-04T03:09:46.5086557Z   duration_ms: 30.6032
release	Build and verify public release	2026-10-04T03:09:46.5087184Z   type: 'test'
release	Build and verify public release	2026-10-04T03:09:46.5087498Z   ...
release	Build and verify public release	2026-10-04T03:09:46.5088599Z # Subtest: 0911 preselection follows auto-pick without an extra toggle and distinguishes planning
release	Build and verify public release	2026-10-04T03:09:46.5090057Z ok 832 - 0911 preselection follows auto-pick without an extra toggle and distinguishes planning
release	Build and verify public release	2026-10-04T03:09:46.5091227Z   ---
release	Build and verify public release	2026-10-04T03:09:46.5091592Z   duration_ms: 1.4639
release	Build and verify public release	2026-10-04T03:09:46.5091986Z   type: 'test'
release	Build and verify public release	2026-10-04T03:09:46.5092315Z   ...
release	Build and verify public release	2026-10-04T03:09:46.5094097Z # Subtest: 2351 custom pause retains enabled highlighting and never reports master off
release	Build and verify public release	2026-10-04T03:09:46.5096158Z ok 833 - 2351 custom pause retains enabled highlighting and never reports master off
release	Build and verify public release	2026-10-04T03:09:46.5096973Z   ---
release	Build and verify public release	2026-10-04T03:09:46.5097358Z   duration_ms: 0.9564
release	Build and verify public release	2026-10-04T03:09:46.5097765Z   type: 'test'
release	Build and verify public release	2026-10-04T03:09:46.5098089Z   ...
release	Build and verify public release	2026-10-04T03:09:46.5099113Z # Subtest: 2351 teammate picks and empty client ban list have distinct explanations
release	Build and verify public release	2026-10-04T03:09:46.5100234Z ok 834 - 2351 teammate picks and empty client ban list have distinct explanations
release	Build and verify public release	2026-10-04T03:09:46.5100696Z   ---
release	Build and verify public release	2026-10-04T03:09:46.5100889Z   duration_ms: 0.4219
release	Build and verify public release	2026-10-04T03:09:46.5101108Z   type: 'test'
release	Build and verify public release	2026-10-04T03:09:46.5101284Z   ...
release	Build and verify public release	2026-10-04T03:09:46.6724948Z # Subtest: 1412 settings saves serialize and stale GET never undoes a ban toggle
release	Build and verify public release	2026-10-04T03:09:46.6756686Z ok 835 - 1412 settings saves serialize and stale GET never undoes a ban toggle
release	Build and verify public release	2026-10-04T03:09:46.6758018Z   ---
release	Build and verify public release	2026-10-04T03:09:46.6759523Z   duration_ms: 3.6048
release	Build and verify public release	2026-10-04T03:09:46.6760270Z   type: 'test'
release	Build and verify public release	2026-10-04T03:09:46.6760816Z   ...
release	Build and verify public release	2026-10-04T03:09:46.6761649Z # Subtest: 1412 enabled master keeps cards bright without hover
release	Build and verify public release	2026-10-04T03:09:46.6762815Z ok 836 - 1412 enabled master keeps cards bright without hover
release	Build and verify public release	2026-10-04T03:09:46.6763668Z   ---
release	Build and verify public release	2026-10-04T03:09:46.6764242Z   duration_ms: 0.9168
release	Build and verify public release	2026-10-04T03:09:46.6764857Z   type: 'test'
release	Build and verify public release	2026-10-04T03:09:46.6765387Z   ...
release	Build and verify public release	2026-10-04T03:09:46.6766435Z # Subtest: 2143 capabilities only show supported highlighted tags and avoidance is unified
release	Build and verify public release	2026-10-04T03:09:46.6767754Z ok 837 - 2143 capabilities only show supported highlighted tags and avoidance is unified
release	Build and verify public release	2026-10-04T03:09:46.6768550Z   ---
release	Build and verify public release	2026-10-04T03:09:46.6768901Z   duration_ms: 1.0144
release	Build and verify public release	2026-10-04T03:09:46.6769566Z   type: 'test'
release	Build and verify public release	2026-10-04T03:09:46.6769923Z   ...
release	Build and verify public release	2026-10-04T03:09:46.6770748Z # Subtest: R74 missing skin catalog preserves the actual background ID, not an unset claim
release	Build and verify public release	2026-10-04T03:09:46.6772288Z ok 838 - R74 missing skin catalog preserves the actual background ID, not an unset claim
release	Build and verify public release	2026-10-04T03:09:46.6773078Z   ---
release	Build and verify public release	2026-10-04T03:09:46.6773438Z   duration_ms: 0.5957
release	Build and verify public release	2026-10-04T03:09:46.6774124Z   type: 'test'
release	Build and verify public release	2026-10-04T03:09:46.6774513Z   ...
release	Build and verify public release	2026-10-04T03:09:46.6775225Z # Subtest: R74 missing career catalog renders a retry state across the grid
release	Build and verify public release	2026-10-04T03:09:46.6776791Z ok 839 - R74 missing career catalog renders a retry state across the grid
release	Build and verify public release	2026-10-04T03:09:46.6777467Z   ---
release	Build and verify public release	2026-10-04T03:09:46.6777781Z   duration_ms: 0.4303
release	Build and verify public release	2026-10-04T03:09:46.6778132Z   type: 'test'
release	Build and verify public release	2026-10-04T03:09:46.6778476Z   ...
release	Build and verify public release	2026-10-04T03:09:46.6779850Z # Subtest: R74 successful career mutations render their response, including a missing catalog
release	Build and verify public release	2026-10-04T03:09:46.6781735Z ok 840 - R74 successful career mutations render their response, including a missing catalog
release	Build and verify public release	2026-10-04T03:09:46.6782558Z   ---
release	Build and verify public release	2026-10-04T03:09:46.6782909Z   duration_ms: 1.8821
release	Build and verify public release	2026-10-04T03:09:46.6783318Z   type: 'test'
release	Build and verify public release	2026-10-04T03:09:46.6783613Z   ...
release	Build and verify public release	2026-10-04T03:09:46.6796310Z # Subtest: fixed play-again delay shows only the wait time without a progress meter
release	Build and verify public release	2026-10-04T03:09:46.6801168Z ok 841 - fixed play-again delay shows only the wait time without a progress meter
release	Build and verify public release	2026-10-04T03:09:46.6801933Z   ---
release	Build and verify public release	2026-10-04T03:09:46.6802272Z   duration_ms: 0.9244
release	Build and verify public release	2026-10-04T03:09:46.6802632Z   type: 'test'
release	Build and verify public release	2026-10-04T03:09:46.6802919Z   ...
release	Build and verify public release	2026-10-04T03:09:46.6803638Z # Subtest: R68 matchmaking conflict note appears only when both rules are enabled
release	Build and verify public release	2026-10-04T03:09:46.6804750Z ok 842 - R68 matchmaking conflict note appears only when both rules are enabled
release	Build and verify public release	2026-10-04T03:09:46.6805432Z   ---
release	Build and verify public release	2026-10-04T03:09:46.6805765Z   duration_ms: 0.268
release	Build and verify public release	2026-10-04T03:09:46.6806124Z   type: 'test'
release	Build and verify public release	2026-10-04T03:09:46.6806417Z   ...
release	Build and verify public release	2026-10-04T03:09:46.6807123Z # Subtest: claim scan artifacts and failures stay out of the default reward list
release	Build and verify public release	2026-10-04T03:09:46.6808209Z ok 843 - claim scan artifacts and failures stay out of the default reward list
release	Build and verify public release	2026-10-04T03:09:46.6809397Z   ---
release	Build and verify public release	2026-10-04T03:09:46.6809923Z   duration_ms: 1.2734
release	Build and verify public release	2026-10-04T03:09:46.6810280Z   type: 'test'
release	Build and verify public release	2026-10-04T03:09:46.6810568Z   ...
release	Build and verify public release	2026-10-04T03:09:46.6811422Z # Subtest: independent grants stay independent even when their item type and display group match
release	Build and verify public release	2026-10-04T03:09:46.6812791Z ok 844 - independent grants stay independent even when their item type and display group match
release	Build and verify public release	2026-10-04T03:09:46.6813569Z   ---
release	Build and verify public release	2026-10-04T03:09:46.6813877Z   duration_ms: 0.7303
release	Build and verify public release	2026-10-04T03:09:46.6814235Z   type: 'test'
release	Build and verify public release	2026-10-04T03:09:46.6814911Z   ...
release	Build and verify public release	2026-10-04T03:09:46.6818030Z # Subtest: R68 canceled watch event clears the armed countdown state
release	Build and verify public release	2026-10-04T03:09:46.6819026Z ok 845 - R68 canceled watch event clears the armed countdown state
release	Build and verify public release	2026-10-04T03:09:46.6819635Z   ---
release	Build and verify public release	2026-10-04T03:09:46.6819989Z   duration_ms: 0.6995
release	Build and verify public release	2026-10-04T03:09:46.6820750Z   type: 'test'
release	Build and verify public release	2026-10-04T03:09:46.6821078Z   ...
release	Build and verify public release	2026-10-04T03:09:46.6821718Z # Subtest: R68 suite mutation probes execute the real helper logic
release	Build and verify public release	2026-10-04T03:09:46.6822660Z ok 846 - R68 suite mutation probes execute the real helper logic
release	Build and verify public release	2026-10-04T03:09:46.6823275Z   ---
release	Build and verify public release	2026-10-04T03:09:46.6823977Z   duration_ms: 7.7786
release	Build and verify public release	2026-10-04T03:09:46.6824382Z   type: 'test'
release	Build and verify public release	2026-10-04T03:09:46.6824696Z   ...
release	Build and verify public release	2026-10-04T03:09:46.6825411Z # Subtest: R69 facade load diagnostics distinguish poll, SSE, and manual retries
release	Build and verify public release	2026-10-04T03:09:46.6826413Z ok 847 - R69 facade load diagnostics distinguish poll, SSE, and manual retries
release	Build and verify public release	2026-10-04T03:09:46.6827394Z   ---
release	Build and verify public release	2026-10-04T03:09:46.6828027Z   duration_ms: 0.5973
release	Build and verify public release	2026-10-04T03:09:46.6828421Z   type: 'test'
release	Build and verify public release	2026-10-04T03:09:46.6828741Z   ...
release	Build and verify public release	2026-10-04T03:09:46.6829556Z # Subtest: career skins retain dates and quest tiers without sinking new undated skins
release	Build and verify public release	2026-10-04T03:09:46.6830730Z ok 848 - career skins retain dates and quest tiers without sinking new undated skins
release	Build and verify public release	2026-10-04T03:09:46.6831487Z   ---
release	Build and verify public release	2026-10-04T03:09:46.6831853Z   duration_ms: 0.8929
release	Build and verify public release	2026-10-04T03:09:46.6832226Z   type: 'test'
release	Build and verify public release	2026-10-04T03:09:46.6832543Z   ...
release	Build and verify public release	2026-10-04T03:09:46.6833208Z # Subtest: Ashe verified 2026 release precedes Spirit Blossom and base skin
release	Build and verify public release	2026-10-04T03:09:46.6834232Z ok 849 - Ashe verified 2026 release precedes Spirit Blossom and base skin
release	Build and verify public release	2026-10-04T03:09:46.6834879Z   ---
release	Build and verify public release	2026-10-04T03:09:46.6835234Z   duration_ms: 1.7611
release	Build and verify public release	2026-10-04T03:09:46.6835603Z   type: 'test'
release	Build and verify public release	2026-10-04T03:09:46.6835899Z   ...
release	Build and verify public release	2026-10-04T03:09:46.6836592Z # Subtest: suite champselect tab after maintenance activates the real panel
release	Build and verify public release	2026-10-04T03:09:46.6837662Z ok 850 - suite champselect tab after maintenance activates the real panel
release	Build and verify public release	2026-10-04T03:09:46.6838340Z   ---
release	Build and verify public release	2026-10-04T03:09:46.6838703Z   duration_ms: 1.0596
release	Build and verify public release	2026-10-04T03:09:46.6839084Z   type: 'test'
release	Build and verify public release	2026-10-04T03:09:46.6839392Z   ...
release	Build and verify public release	2026-10-04T03:09:46.6840126Z # Subtest: R78 conveyor renders one fixed ghost slot when four of five are configured
release	Build and verify public release	2026-10-04T03:09:46.6841722Z ok 851 - R78 conveyor renders one fixed ghost slot when four of five are configured
release	Build and verify public release	2026-10-04T03:09:46.6842477Z   ---
release	Build and verify public release	2026-10-04T03:09:46.6842820Z   duration_ms: 1.2435
release	Build and verify public release	2026-10-04T03:09:46.6843195Z   type: 'test'
release	Build and verify public release	2026-10-04T03:09:46.6843499Z   ...
release	Build and verify public release	2026-10-04T03:09:46.6844270Z # Subtest: R78 watch persistence includes champSelect without dropping existing settings
release	Build and verify public release	2026-10-04T03:09:46.6845564Z ok 852 - R78 watch persistence includes champSelect without dropping existing settings
release	Build and verify public release	2026-10-04T03:09:46.6846319Z   ---
release	Build and verify public release	2026-10-04T03:09:46.6846647Z   duration_ms: 0.4813
release	Build and verify public release	2026-10-04T03:09:46.6847026Z   type: 'test'
release	Build and verify public release	2026-10-04T03:09:46.6847333Z   ...
release	Build and verify public release	2026-10-04T03:09:46.6847956Z # Subtest: R78 UI keeps CSP-safe markup and container responsiveness
release	Build and verify public release	2026-10-04T03:09:46.6848914Z ok 853 - R78 UI keeps CSP-safe markup and container responsiveness
release	Build and verify public release	2026-10-04T03:09:46.6849528Z   ---
release	Build and verify public release	2026-10-04T03:09:46.6849862Z   duration_ms: 0.5359
release	Build and verify public release	2026-10-04T03:09:46.6850244Z   type: 'test'
release	Build and verify public release	2026-10-04T03:09:46.6850567Z   ...
release	Build and verify public release	2026-10-04T03:09:46.6851741Z # Subtest: R78 exchange checkbox is independent from bench controls in every mode
release	Build and verify public release	2026-10-04T03:09:46.6853158Z ok 854 - R78 exchange checkbox is independent from bench controls in every mode
release	Build and verify public release	2026-10-04T03:09:46.6853856Z   ---
release	Build and verify public release	2026-10-04T03:09:46.6854185Z   duration_ms: 109.5319
release	Build and verify public release	2026-10-04T03:09:46.6854580Z   type: 'test'
release	Build and verify public release	2026-10-04T03:09:46.6854895Z   ...
release	Build and verify public release	2026-10-04T03:09:46.6855667Z # Subtest: R78 exchange control regression probe rejects the old bench capability gate
release	Build and verify public release	2026-10-04T03:09:46.6856835Z ok 855 - R78 exchange control regression probe rejects the old bench capability gate
release	Build and verify public release	2026-10-04T03:09:46.6857559Z   ---
release	Build and verify public release	2026-10-04T03:09:46.6857892Z   duration_ms: 14.3995
release	Build and verify public release	2026-10-04T03:09:46.6858263Z   type: 'test'
release	Build and verify public release	2026-10-04T03:09:46.6858567Z   ...
release	Build and verify public release	2026-10-04T03:09:46.6859240Z # Subtest: R78 ranked pick renders an editable sixth unassigned-position pool
release	Build and verify public release	2026-10-04T03:09:46.6860307Z ok 856 - R78 ranked pick renders an editable sixth unassigned-position pool
release	Build and verify public release	2026-10-04T03:09:46.6861429Z   ---
release	Build and verify public release	2026-10-04T03:09:46.6861780Z   duration_ms: 9.8923
release	Build and verify public release	2026-10-04T03:09:46.6862172Z   type: 'test'
release	Build and verify public release	2026-10-04T03:09:46.6862461Z   ...
release	Build and verify public release	2026-10-04T03:09:46.6863137Z # Subtest: R117 facade write reentry is reported instead of silently dropped
release	Build and verify public release	2026-10-04T03:09:46.6864176Z ok 857 - R117 facade write reentry is reported instead of silently dropped
release	Build and verify public release	2026-10-04T03:09:46.6864858Z   ---
release	Build and verify public release	2026-10-04T03:09:46.6865220Z   duration_ms: 1.1145
release	Build and verify public release	2026-10-04T03:09:46.6865595Z   type: 'test'
release	Build and verify public release	2026-10-04T03:09:46.6865892Z   ...
release	Build and verify public release	2026-10-04T03:09:52.0668512Z # Subtest: real app bootstrap registers every updater element and renders every state
release	Build and verify public release	2026-10-04T03:09:52.0670169Z ok 858 - real app bootstrap registers every updater element and renders every state
release	Build and verify public release	2026-10-04T03:09:52.0670882Z   ---
release	Build and verify public release	2026-10-04T03:09:52.0671213Z   duration_ms: 742.0027
release	Build and verify public release	2026-10-04T03:09:52.0671449Z   type: 'test'
release	Build and verify public release	2026-10-04T03:09:52.0671639Z   ...
release	Build and verify public release	2026-10-04T03:09:52.0710786Z # Subtest: existing SSE drives progress and persists it across close/reopen without polling
release	Build and verify public release	2026-10-04T03:09:52.0712499Z ok 859 - existing SSE drives progress and persists it across close/reopen without polling
release	Build and verify public release	2026-10-04T03:09:52.0713176Z   ---
release	Build and verify public release	2026-10-04T03:09:52.0713486Z   duration_ms: 284.1569
release	Build and verify public release	2026-10-04T03:09:52.0713854Z   type: 'test'
release	Build and verify public release	2026-10-04T03:09:52.0714461Z   ...
release	Build and verify public release	2026-10-04T03:09:52.0716481Z # Subtest: portable, minimum supported, offline, game warning and no-update behavior
release	Build and verify public release	2026-10-04T03:09:52.0717893Z ok 860 - portable, minimum supported, offline, game warning and no-update behavior
release	Build and verify public release	2026-10-04T03:09:52.0718815Z   ---
release	Build and verify public release	2026-10-04T03:09:52.0719146Z   duration_ms: 238.3926
release	Build and verify public release	2026-10-04T03:09:52.0719616Z   type: 'test'
release	Build and verify public release	2026-10-04T03:09:52.0719952Z   ...
release	Build and verify public release	2026-10-04T03:09:52.0723073Z # Subtest: notes allow only escaped whitelist Markdown
release	Build and verify public release	2026-10-04T03:09:52.0725237Z ok 861 - notes allow only escaped whitelist Markdown
release	Build and verify public release	2026-10-04T03:09:52.0726196Z   ---
release	Build and verify public release	2026-10-04T03:09:52.0726564Z   duration_ms: 192.271
release	Build and verify public release	2026-10-04T03:09:52.0726965Z   type: 'test'
release	Build and verify public release	2026-10-04T03:09:52.0727322Z   ...
release	Build and verify public release	2026-10-04T03:09:52.0728119Z # Subtest: all updater registry ids are killed by the real renderer
release	Build and verify public release	2026-10-04T03:09:52.0730079Z ok 862 - all updater registry ids are killed by the real renderer
release	Build and verify public release	2026-10-04T03:09:52.0730708Z   ---
release	Build and verify public release	2026-10-04T03:09:52.0731075Z   duration_ms: 3831.237
release	Build and verify public release	2026-10-04T03:09:52.0731477Z   type: 'test'
release	Build and verify public release	2026-10-04T03:09:52.0731801Z   ...
release	Build and verify public release	2026-10-04T03:09:52.0732925Z # Subtest: escaping, https whitelist and unsupported-button mutants fail the same checks
release	Build and verify public release	2026-10-04T03:09:52.0734271Z ok 863 - escaping, https whitelist and unsupported-button mutants fail the same checks
release	Build and verify public release	2026-10-04T03:09:52.0735076Z   ---
release	Build and verify public release	2026-10-04T03:09:52.0735352Z   duration_ms: 473.8839
release	Build and verify public release	2026-10-04T03:09:52.0735581Z   type: 'test'
release	Build and verify public release	2026-10-04T03:09:52.0735776Z   ...
release	Build and verify public release	2026-10-04T03:09:52.2501378Z # Subtest: manual update check posts through api and opens the existing notification dialog
release	Build and verify public release	2026-10-04T03:09:52.2502606Z ok 864 - manual update check posts through api and opens the existing notification dialog
release	Build and verify public release	2026-10-04T03:09:52.2503780Z   ---
release	Build and verify public release	2026-10-04T03:09:52.2504064Z   duration_ms: 348.7051
release	Build and verify public release	2026-10-04T03:09:52.2504657Z   type: 'test'
release	Build and verify public release	2026-10-04T03:09:52.2504916Z   ...
release	Build and verify public release	2026-10-04T03:09:52.4142455Z # Subtest: manual check waits beyond the HTTP acknowledgement for SSE completion
release	Build and verify public release	2026-10-04T03:09:52.4143640Z ok 865 - manual check waits beyond the HTTP acknowledgement for SSE completion
release	Build and verify public release	2026-10-04T03:09:52.4144047Z   ---
release	Build and verify public release	2026-10-04T03:09:52.4144252Z   duration_ms: 154.8028
release	Build and verify public release	2026-10-04T03:09:52.4144479Z   type: 'test'
release	Build and verify public release	2026-10-04T03:09:52.4144658Z   ...
release	Build and verify public release	2026-10-04T03:09:52.7727504Z # Subtest: late checking acknowledgement cannot overwrite an earlier SSE result
release	Build and verify public release	2026-10-04T03:09:52.7729524Z ok 866 - late checking acknowledgement cannot overwrite an earlier SSE result
release	Build and verify public release	2026-10-04T03:09:52.7730209Z   ---
release	Build and verify public release	2026-10-04T03:09:52.7730519Z   duration_ms: 345.9437
release	Build and verify public release	2026-10-04T03:09:52.7730848Z   type: 'test'
release	Build and verify public release	2026-10-04T03:09:52.7731107Z   ...
release	Build and verify public release	2026-10-04T03:09:52.9325206Z # Subtest: no-update feedback expires and a new check clears the previous timer
release	Build and verify public release	2026-10-04T03:09:52.9327311Z ok 867 - no-update feedback expires and a new check clears the previous timer
release	Build and verify public release	2026-10-04T03:09:52.9328492Z   ---
release	Build and verify public release	2026-10-04T03:09:52.9329152Z   duration_ms: 174.7342
release	Build and verify public release	2026-10-04T03:09:52.9329842Z   type: 'test'
release	Build and verify public release	2026-10-04T03:09:52.9330419Z   ...
release	Build and verify public release	2026-10-04T03:09:53.8250952Z # Subtest: HTTP, network and asynchronous check failures show errors instead of latest-version success
release	Build and verify public release	2026-10-04T03:09:53.8253366Z ok 868 - HTTP, network and asynchronous check failures show errors instead of latest-version success
release	Build and verify public release	2026-10-04T03:09:53.8254132Z   ---
release	Build and verify public release	2026-10-04T03:09:53.8254418Z   duration_ms: 609.539
release	Build and verify public release	2026-10-04T03:09:53.8254742Z   type: 'test'
release	Build and verify public release	2026-10-04T03:09:53.8254985Z   ...
release	Build and verify public release	2026-10-04T03:09:53.8255699Z # Subtest: unsupported, updater busy and manual in-flight checks cannot issue duplicate requests
release	Build and verify public release	2026-10-04T03:09:53.8256819Z ok 869 - unsupported, updater busy and manual in-flight checks cannot issue duplicate requests
release	Build and verify public release	2026-10-04T03:09:53.8257496Z   ---
release	Build and verify public release	2026-10-04T03:09:53.8257765Z   duration_ms: 145.8841
release	Build and verify public release	2026-10-04T03:09:53.8258104Z   type: 'test'
release	Build and verify public release	2026-10-04T03:09:53.8258391Z   ...
release	Build and verify public release	2026-10-04T03:09:54.6541800Z # Subtest: manual-check request, shared-dialog, support and busy mutations are all detected
release	Build and verify public release	2026-10-04T03:09:54.6544001Z ok 870 - manual-check request, shared-dialog, support and busy mutations are all detected
release	Build and verify public release	2026-10-04T03:09:54.6544649Z   ---
release	Build and verify public release	2026-10-04T03:09:54.6544919Z   duration_ms: 1105.6576
release	Build and verify public release	2026-10-04T03:09:54.6545214Z   type: 'test'
release	Build and verify public release	2026-10-04T03:09:54.6545461Z   ...
release	Build and verify public release	2026-10-04T03:09:54.7130755Z 1..870
release	Build and verify public release	2026-10-04T03:09:54.7131205Z # tests 870
release	Build and verify public release	2026-10-04T03:09:54.7131534Z # suites 0
release	Build and verify public release	2026-10-04T03:09:54.7132101Z # pass 870
release	Build and verify public release	2026-10-04T03:09:54.7132382Z # fail 0
release	Build and verify public release	2026-10-04T03:09:54.7132669Z # cancelled 0
release	Build and verify public release	2026-10-04T03:09:54.7133003Z # skipped 0
release	Build and verify public release	2026-10-04T03:09:54.7133247Z # todo 0
release	Build and verify public release	2026-10-04T03:09:54.7133451Z # duration_ms 56728.0078
release	Build and verify public release	2026-10-04T03:09:54.9449986Z TAP version 13
release	Build and verify public release	2026-10-04T03:09:56.7737548Z # Subtest: confirmed child close traverses main IPC + preload + renderer, offers a real app restart
release	Build and verify public release	2026-10-04T03:09:56.7739708Z ok 1 - confirmed child close traverses main IPC + preload + renderer, offers a real app restart
release	Build and verify public release	2026-10-04T03:09:56.7740765Z   ---
release	Build and verify public release	2026-10-04T03:09:56.7741301Z   duration_ms: 229.3522
release	Build and verify public release	2026-10-04T03:09:56.7741829Z   type: 'test'
release	Build and verify public release	2026-10-04T03:09:56.7742640Z   ...
release	Build and verify public release	2026-10-04T03:09:56.8056155Z # Subtest: process exit before renderer subscription is recovered from retained snapshot
release	Build and verify public release	2026-10-04T03:09:56.8136787Z ok 2 - process exit before renderer subscription is recovered from retained snapshot
release	Build and verify public release	2026-10-04T03:09:56.8139739Z   ---
release	Build and verify public release	2026-10-04T03:09:56.8143136Z   duration_ms: 27.6638
release	Build and verify public release	2026-10-04T03:09:56.8163969Z   type: 'test'
release	Build and verify public release	2026-10-04T03:09:56.8308742Z   ...
release	Build and verify public release	2026-10-04T03:09:56.8397307Z # Subtest: late successful status and old running snapshot cannot erase a confirmed exit
release	Build and verify public release	2026-10-04T03:09:56.8398988Z ok 3 - late successful status and old running snapshot cannot erase a confirmed exit
release	Build and verify public release	2026-10-04T03:09:56.8400382Z   ---
release	Build and verify public release	2026-10-04T03:09:56.8401669Z   duration_ms: 41.511
release	Build and verify public release	2026-10-04T03:09:56.8402281Z   type: 'test'
release	Build and verify public release	2026-10-04T03:09:56.8402822Z   ...
release	Build and verify public release	2026-10-04T03:09:56.9106253Z # Subtest: unknown, absent or rejected bridge and repeated HTTP errors never prove death
release	Build and verify public release	2026-10-04T03:09:56.9109877Z ok 4 - unknown, absent or rejected bridge and repeated HTTP errors never prove death
release	Build and verify public release	2026-10-04T03:09:56.9112264Z   ---
release	Build and verify public release	2026-10-04T03:09:56.9113040Z   duration_ms: 60.3603
release	Build and verify public release	2026-10-04T03:09:56.9113566Z   type: 'test'
release	Build and verify public release	2026-10-04T03:09:56.9114072Z   ...
release	Build and verify public release	2026-10-04T03:09:56.9534973Z # Subtest: lifecycle bridge cleans listeners and ignores async results after disposal
release	Build and verify public release	2026-10-04T03:09:56.9536847Z ok 5 - lifecycle bridge cleans listeners and ignores async results after disposal
release	Build and verify public release	2026-10-04T03:09:56.9537908Z   ---
release	Build and verify public release	2026-10-04T03:09:56.9538391Z   duration_ms: 35.4609
release	Build and verify public release	2026-10-04T03:09:56.9538989Z   type: 'test'
release	Build and verify public release	2026-10-04T03:09:56.9539551Z   ...
release	Build and verify public release	2026-10-04T03:09:56.9540736Z # Subtest: graceful update/user shutdown does not publish fatal; foreign renderers cannot query or restart
release	Build and verify public release	2026-10-04T03:09:56.9542543Z ok 6 - graceful update/user shutdown does not publish fatal; foreign renderers cannot query or restart
release	Build and verify public release	2026-10-04T03:09:56.9543673Z   ---
release	Build and verify public release	2026-10-04T03:09:56.9544238Z   duration_ms: 9.4835
release	Build and verify public release	2026-10-04T03:09:56.9545233Z   type: 'test'
release	Build and verify public release	2026-10-04T03:09:56.9545817Z   ...
release	Build and verify public release	2026-10-04T03:09:56.9546692Z # Subtest: renderer bootstrap actually installs lifecycle subscription
release	Build and verify public release	2026-10-04T03:09:56.9547949Z ok 7 - renderer bootstrap actually installs lifecycle subscription
release	Build and verify public release	2026-10-04T03:09:56.9548810Z   ---
release	Build and verify public release	2026-10-04T03:09:56.9549381Z   duration_ms: 0.7012
release	Build and verify public release	2026-10-04T03:09:56.9549999Z   type: 'test'
release	Build and verify public release	2026-10-04T03:09:56.9550557Z   ...
release	Build and verify public release	2026-10-04T03:09:56.9609339Z # Subtest: restart IPC failure tells the user to reopen manually instead of reloading a dead service
release	Build and verify public release	2026-10-04T03:09:56.9619075Z ok 8 - restart IPC failure tells the user to reopen manually instead of reloading a dead service
release	Build and verify public release	2026-10-04T03:09:56.9620171Z   ---
release	Build and verify public release	2026-10-04T03:09:56.9620721Z   duration_ms: 29.6987
release	Build and verify public release	2026-10-04T03:09:56.9621284Z   type: 'test'
release	Build and verify public release	2026-10-04T03:09:56.9621703Z   ...
release	Build and verify public release	2026-10-04T03:09:56.9622495Z # Subtest: R201 installer ready hides every window before flushed shutdown quits
release	Build and verify public release	2026-10-04T03:09:56.9624232Z ok 9 - R201 installer ready hides every window before flushed shutdown quits
release	Build and verify public release	2026-10-04T03:09:56.9625192Z   ---
release	Build and verify public release	2026-10-04T03:09:56.9625805Z   duration_ms: 4.9455
release	Build and verify public release	2026-10-04T03:09:56.9626409Z   type: 'test'
release	Build and verify public release	2026-10-04T03:09:56.9626919Z   ...
release	Build and verify public release	2026-10-04T03:10:03.2060399Z # Subtest: built backend must contain the exact source fingerprint
release	Build and verify public release	2026-10-04T03:10:03.2062731Z ok 10 - built backend must contain the exact source fingerprint
release	Build and verify public release	2026-10-04T03:10:03.2081679Z   ---
release	Build and verify public release	2026-10-04T03:10:03.2082269Z   duration_ms: 6.4459
release	Build and verify public release	2026-10-04T03:10:03.2082802Z   type: 'test'
release	Build and verify public release	2026-10-04T03:10:03.2083253Z   ...
release	Build and verify public release	2026-10-04T03:10:03.2084308Z # Subtest: R70 fingerprint tracks embedded assets/build inputs but excludes tests and generated binaries
release	Build and verify public release	2026-10-04T03:10:03.2085944Z ok 11 - R70 fingerprint tracks embedded assets/build inputs but excludes tests and generated binaries
release	Build and verify public release	2026-10-04T03:10:03.2086969Z   ---
release	Build and verify public release	2026-10-04T03:10:03.2087469Z   duration_ms: 3132.0764
release	Build and verify public release	2026-10-04T03:10:03.2088011Z   type: 'test'
release	Build and verify public release	2026-10-04T03:10:03.2088425Z   ...
release	Build and verify public release	2026-10-04T03:10:03.2089406Z # Subtest: R86 ADD2 fingerprint fixture prunes large caches without changing the fingerprint
release	Build and verify public release	2026-10-04T03:10:03.2090864Z ok 12 - R86 ADD2 fingerprint fixture prunes large caches without changing the fingerprint
release	Build and verify public release	2026-10-04T03:10:03.2091765Z   ---
release	Build and verify public release	2026-10-04T03:10:03.2092215Z   duration_ms: 5065.3273
release	Build and verify public release	2026-10-04T03:10:03.2092729Z   type: 'test'
release	Build and verify public release	2026-10-04T03:10:03.2093145Z   ...
release	Build and verify public release	2026-10-04T03:10:03.2094873Z # {"unfiltered":{"milliseconds":1462.4561000000003,"files":977,"bytes":20065082},"filtered":{"milliseconds":1202.0509000000002,"files":459,"bytes":19927866},"fingerprint":"a24a41472d2b"}
release	Build and verify public release	2026-10-04T03:10:03.2279986Z # Subtest: R86 desktop logs stay within five two-MiB generations and export only reviewed fields
release	Build and verify public release	2026-10-04T03:10:03.2282411Z ok 13 - R86 desktop logs stay within five two-MiB generations and export only reviewed fields
release	Build and verify public release	2026-10-04T03:10:03.2283353Z   ---
release	Build and verify public release	2026-10-04T03:10:03.2283820Z   duration_ms: 3911.0821
release	Build and verify public release	2026-10-04T03:10:03.2284317Z   type: 'test'
release	Build and verify public release	2026-10-04T03:10:03.2288045Z   ...
release	Build and verify public release	2026-10-04T03:10:03.2292134Z # Subtest: R86 desktop rotation rejects untrusted archive paths without deleting evidence
release	Build and verify public release	2026-10-04T03:10:03.2293978Z ok 14 - R86 desktop rotation rejects untrusted archive paths without deleting evidence
release	Build and verify public release	2026-10-04T03:10:03.2295020Z   ---
release	Build and verify public release	2026-10-04T03:10:03.2295639Z   duration_ms: 6.2513
release	Build and verify public release	2026-10-04T03:10:03.2296270Z   type: 'test'
release	Build and verify public release	2026-10-04T03:10:03.2296799Z   ...
release	Build and verify public release	2026-10-04T03:10:03.2298157Z # Subtest: R86 desktop log byte guard rejects an independent unbounded append path
release	Build and verify public release	2026-10-04T03:10:03.2299385Z ok 15 - R86 desktop log byte guard rejects an independent unbounded append path
release	Build and verify public release	2026-10-04T03:10:03.2300432Z   ---
release	Build and verify public release	2026-10-04T03:10:03.2300963Z   duration_ms: 17.7324
release	Build and verify public release	2026-10-04T03:10:03.2301514Z   type: 'test'
release	Build and verify public release	2026-10-04T03:10:03.2301967Z   ...
release	Build and verify public release	2026-10-04T03:10:03.2303079Z # Subtest: one event card preserves separate choice owners, partial selection, failures and POST keys
release	Build and verify public release	2026-10-04T03:10:03.2304758Z ok 16 - one event card preserves separate choice owners, partial selection, failures and POST keys
release	Build and verify public release	2026-10-04T03:10:03.2306197Z   ---
release	Build and verify public release	2026-10-04T03:10:03.2306769Z   duration_ms: 580.9738
release	Build and verify public release	2026-10-04T03:10:03.2307339Z   type: 'test'
release	Build and verify public release	2026-10-04T03:10:03.2307840Z   ...
release	Build and verify public release	2026-10-04T03:10:03.2308686Z # Subtest: offline national group remains reachable from a pro tab
release	Build and verify public release	2026-10-04T03:10:03.2378421Z ok 17 - offline national group remains reachable from a pro tab
release	Build and verify public release	2026-10-04T03:10:03.2380126Z   ---
release	Build and verify public release	2026-10-04T03:10:03.2380720Z   duration_ms: 6.8926
release	Build and verify public release	2026-10-04T03:10:03.2381273Z   type: 'test'
release	Build and verify public release	2026-10-04T03:10:03.2381764Z   ...
release	Build and verify public release	2026-10-04T03:10:03.2382732Z # Subtest: ordinary and centered artwork use different face coordinates, including load failure
release	Build and verify public release	2026-10-04T03:10:03.2384206Z ok 18 - ordinary and centered artwork use different face coordinates, including load failure
release	Build and verify public release	2026-10-04T03:10:03.2385106Z   ---
release	Build and verify public release	2026-10-04T03:10:03.2385545Z   duration_ms: 239.4935
release	Build and verify public release	2026-10-04T03:10:03.2386042Z   type: 'test'
release	Build and verify public release	2026-10-04T03:10:03.2386471Z   ...
release	Build and verify public release	2026-10-04T03:10:03.2387154Z # Subtest: unknown reward quantities are not manufactured as one
release	Build and verify public release	2026-10-04T03:10:03.2388279Z ok 19 - unknown reward quantities are not manufactured as one
release	Build and verify public release	2026-10-04T03:10:03.2388991Z   ---
release	Build and verify public release	2026-10-04T03:10:03.2389490Z   duration_ms: 1.3627
release	Build and verify public release	2026-10-04T03:10:03.2389938Z   type: 'test'
release	Build and verify public release	2026-10-04T03:10:03.2390301Z   ...
release	Build and verify public release	2026-10-04T03:10:03.2391227Z # Subtest: 2024 real mode buttons isolate champion and search memories across all modes and reload
release	Build and verify public release	2026-10-04T03:10:03.2392988Z ok 20 - 2024 real mode buttons isolate champion and search memories across all modes and reload
release	Build and verify public release	2026-10-04T03:10:03.2393816Z   ---
release	Build and verify public release	2026-10-04T03:10:03.2394164Z   duration_ms: 334.0311
release	Build and verify public release	2026-10-04T03:10:03.2394527Z   type: 'test'
release	Build and verify public release	2026-10-04T03:10:03.2394820Z   ...
release	Build and verify public release	2026-10-04T03:10:03.2395375Z # Subtest: 2024 legacy memory migrates only to its saved mode, once
release	Build and verify public release	2026-10-04T03:10:03.2396282Z ok 21 - 2024 legacy memory migrates only to its saved mode, once
release	Build and verify public release	2026-10-04T03:10:03.2396858Z   ---
release	Build and verify public release	2026-10-04T03:10:03.2397199Z   duration_ms: 16.6606
release	Build and verify public release	2026-10-04T03:10:03.2397569Z   type: 'test'
release	Build and verify public release	2026-10-04T03:10:03.2397851Z   ...
release	Build and verify public release	2026-10-04T03:10:03.2398694Z # Subtest: 2024 fast ranked filters supersede requests without stuck loading or cross-mode writes
release	Build and verify public release	2026-10-04T03:10:03.2400067Z ok 22 - 2024 fast ranked filters supersede requests without stuck loading or cross-mode writes
release	Build and verify public release	2026-10-04T03:10:03.2400861Z   ---
release	Build and verify public release	2026-10-04T03:10:03.2401190Z   duration_ms: 25.6708
release	Build and verify public release	2026-10-04T03:10:03.2401577Z   type: 'test'
release	Build and verify public release	2026-10-04T03:10:03.2401879Z   ...
release	Build and verify public release	2026-10-04T03:10:03.2402750Z # Subtest: 2024 neutral glyph coloring preserves alpha and never recolors colored/opaque/unknown art
release	Build and verify public release	2026-10-04T03:10:03.2404630Z ok 23 - 2024 neutral glyph coloring preserves alpha and never recolors colored/opaque/unknown art
release	Build and verify public release	2026-10-04T03:10:03.2405672Z   ---
release	Build and verify public release	2026-10-04T03:10:03.2406014Z   duration_ms: 26.9208
release	Build and verify public release	2026-10-04T03:10:03.2406403Z   type: 'test'
release	Build and verify public release	2026-10-04T03:10:03.2406704Z   ...
release	Build and verify public release	2026-10-04T03:10:03.2407912Z # Subtest: 2024 rarity UI says selection distribution, retains all stages, hides failed empty data
release	Build and verify public release	2026-10-04T03:10:03.2409283Z ok 24 - 2024 rarity UI says selection distribution, retains all stages, hides failed empty data
release	Build and verify public release	2026-10-04T03:10:03.2410089Z   ---
release	Build and verify public release	2026-10-04T03:10:03.2410422Z   duration_ms: 25.1178
release	Build and verify public release	2026-10-04T03:10:03.2410782Z   type: 'test'
release	Build and verify public release	2026-10-04T03:10:03.2411083Z   ...
release	Build and verify public release	2026-10-04T03:10:03.2411753Z # Subtest: R86 search keeps the input and exposes all-position request failures
release	Build and verify public release	2026-10-04T03:10:03.2412822Z ok 25 - R86 search keeps the input and exposes all-position request failures
release	Build and verify public release	2026-10-04T03:10:03.2413522Z   ---
release	Build and verify public release	2026-10-04T03:10:03.2413875Z   duration_ms: 61.9558
release	Build and verify public release	2026-10-04T03:10:03.2414272Z   type: 'test'
release	Build and verify public release	2026-10-04T03:10:03.2414590Z   ...
release	Build and verify public release	2026-10-04T03:10:03.3376127Z # Subtest: 2135 actual search buttons clear submitted fields, keep invalid input, and retain new typing
release	Build and verify public release	2026-10-04T03:10:03.3404721Z ok 26 - 2135 actual search buttons clear submitted fields, keep invalid input, and retain new typing
release	Build and verify public release	2026-10-04T03:10:03.3406027Z   ---
release	Build and verify public release	2026-10-04T03:10:03.3407213Z   duration_ms: 959.7006
release	Build and verify public release	2026-10-04T03:10:03.3407837Z   type: 'test'
release	Build and verify public release	2026-10-04T03:10:03.3408197Z   ...
release	Build and verify public release	2026-10-04T03:10:03.3409584Z # Subtest: 2135 glyph tone map preserves dark rim, raises highlights, and retains original colored artwork
release	Build and verify public release	2026-10-04T03:10:03.3411203Z ok 27 - 2135 glyph tone map preserves dark rim, raises highlights, and retains original colored artwork
release	Build and verify public release	2026-10-04T03:10:03.3412132Z   ---
release	Build and verify public release	2026-10-04T03:10:03.3412555Z   duration_ms: 16.86
release	Build and verify public release	2026-10-04T03:10:03.3412989Z   type: 'test'
release	Build and verify public release	2026-10-04T03:10:03.3413384Z   ...
release	Build and verify public release	2026-10-04T03:10:03.4013406Z # Subtest: 2244 skill summary uses real main/sub priorities after R, without repeated labels
release	Build and verify public release	2026-10-04T03:10:03.4080988Z ok 28 - 2244 skill summary uses real main/sub priorities after R, without repeated labels
release	Build and verify public release	2026-10-04T03:10:03.4082044Z   ---
release	Build and verify public release	2026-10-04T03:10:03.4082588Z   duration_ms: 238.5458
release	Build and verify public release	2026-10-04T03:10:03.4083068Z   type: 'test'
release	Build and verify public release	2026-10-04T03:10:03.4083442Z   ...
release	Build and verify public release	2026-10-04T03:10:03.4084250Z # Subtest: 2244 banner exact animation, no video for unknown skin or reduced motion
release	Build and verify public release	2026-10-04T03:10:03.4085627Z ok 29 - 2244 banner exact animation, no video for unknown skin or reduced motion
release	Build and verify public release	2026-10-04T03:10:03.4086458Z   ---
release	Build and verify public release	2026-10-04T03:10:03.4086922Z   duration_ms: 45.7075
release	Build and verify public release	2026-10-04T03:10:03.4126525Z   type: 'test'
release	Build and verify public release	2026-10-04T03:10:03.4127605Z   ...
release	Build and verify public release	2026-10-04T03:10:03.4129728Z # Subtest: event cards group presentation but retain all entitlement rows; unknown events stay separate
release	Build and verify public release	2026-10-04T03:10:03.4132603Z ok 30 - event cards group presentation but retain all entitlement rows; unknown events stay separate
release	Build and verify public release	2026-10-04T03:10:03.4133625Z   ---
release	Build and verify public release	2026-10-04T03:10:03.4134503Z   duration_ms: 47.4957
release	Build and verify public release	2026-10-04T03:10:03.4135041Z   type: 'test'
release	Build and verify public release	2026-10-04T03:10:03.4135440Z   ...
release	Build and verify public release	2026-10-04T03:10:03.4136367Z # Subtest: 2244 installer uses the actual STM_SETIMAGE constant and distribution is automatic
release	Build and verify public release	2026-10-04T03:10:03.4137844Z ok 31 - 2244 installer uses the actual STM_SETIMAGE constant and distribution is automatic
release	Build and verify public release	2026-10-04T03:10:03.4139173Z   ---
release	Build and verify public release	2026-10-04T03:10:03.4139689Z   duration_ms: 4.7813
release	Build and verify public release	2026-10-04T03:10:03.4140208Z   type: 'test'
release	Build and verify public release	2026-10-04T03:10:03.4140621Z   ...
release	Build and verify public release	2026-10-04T03:10:03.4141712Z # Subtest: R87 diagnostics support an optional independent export directory with bounded collision-free names
release	Build and verify public release	2026-10-04T03:10:03.4143605Z ok 32 - R87 diagnostics support an optional independent export directory with bounded collision-free names
release	Build and verify public release	2026-10-04T03:10:03.4144708Z   ---
release	Build and verify public release	2026-10-04T03:10:03.4145205Z   duration_ms: 6.2681
release	Build and verify public release	2026-10-04T03:10:03.4145707Z   type: 'test'
release	Build and verify public release	2026-10-04T03:10:03.4146111Z   ...
release	Build and verify public release	2026-10-04T03:10:03.4147479Z # Subtest: R71 diagnostics do not redirect foreign downloads, redirects, or missing directory selections
release	Build and verify public release	2026-10-04T03:10:03.4149302Z ok 33 - R71 diagnostics do not redirect foreign downloads, redirects, or missing directory selections
release	Build and verify public release	2026-10-04T03:10:03.4150278Z   ---
release	Build and verify public release	2026-10-04T03:10:03.4150730Z   duration_ms: 1.2565
release	Build and verify public release	2026-10-04T03:10:03.4151182Z   type: 'test'
release	Build and verify public release	2026-10-04T03:10:03.4151592Z   ...
release	Build and verify public release	2026-10-04T03:10:03.4152552Z # Subtest: R71 interrupted downloads release reservations and the hook is packaged and disposed
release	Build and verify public release	2026-10-04T03:10:03.4154076Z ok 34 - R71 interrupted downloads release reservations and the hook is packaged and disposed
release	Build and verify public release	2026-10-04T03:10:03.4155033Z   ---
release	Build and verify public release	2026-10-04T03:10:03.4155457Z   duration_ms: 3.0519
release	Build and verify public release	2026-10-04T03:10:03.4155927Z   type: 'test'
release	Build and verify public release	2026-10-04T03:10:03.4156333Z   ...
release	Build and verify public release	2026-10-04T03:10:03.4157195Z # Subtest: only completed diagnostics downloads enable opening the exported file folder
release	Build and verify public release	2026-10-04T03:10:03.4158886Z ok 35 - only completed diagnostics downloads enable opening the exported file folder
release	Build and verify public release	2026-10-04T03:10:03.4159749Z   ---
release	Build and verify public release	2026-10-04T03:10:03.4160175Z   duration_ms: 1.1014
release	Build and verify public release	2026-10-04T03:10:03.4160617Z   type: 'test'
release	Build and verify public release	2026-10-04T03:10:03.4160991Z   ...
release	Build and verify public release	2026-10-04T03:10:03.4161872Z # Subtest: R87 P8 first export and unusable directories still report the actual Save dialog path
release	Build and verify public release	2026-10-04T03:10:03.4163230Z ok 36 - R87 P8 first export and unusable directories still report the actual Save dialog path
release	Build and verify public release	2026-10-04T03:10:03.4164065Z   ---
release	Build and verify public release	2026-10-04T03:10:03.4164447Z   duration_ms: 3.4578
release	Build and verify public release	2026-10-04T03:10:03.4164877Z   type: 'test'
release	Build and verify public release	2026-10-04T03:10:03.4165244Z   ...
release	Build and verify public release	2026-10-04T03:10:03.4166105Z # Subtest: R87 P8 cancellation, invalid save paths and disposed windows never emit completion
release	Build and verify public release	2026-10-04T03:10:03.4167406Z ok 37 - R87 P8 cancellation, invalid save paths and disposed windows never emit completion
release	Build and verify public release	2026-10-04T03:10:03.4168200Z   ---
release	Build and verify public release	2026-10-04T03:10:03.4168593Z   duration_ms: 1.1122
release	Build and verify public release	2026-10-04T03:10:03.4169019Z   type: 'test'
release	Build and verify public release	2026-10-04T03:10:03.4169410Z   ...
release	Build and verify public release	2026-10-04T03:10:03.4170346Z # Subtest: R112 correlated exports preserve IDs and still reject foreign/redirected query URLs
release	Build and verify public release	2026-10-04T03:10:03.4171848Z ok 38 - R112 correlated exports preserve IDs and still reject foreign/redirected query URLs
release	Build and verify public release	2026-10-04T03:10:03.4172789Z   ---
release	Build and verify public release	2026-10-04T03:10:03.4173276Z   duration_ms: 1.1411
release	Build and verify public release	2026-10-04T03:10:03.4173754Z   type: 'test'
release	Build and verify public release	2026-10-04T03:10:03.4174149Z   ...
release	Build and verify public release	2026-10-04T03:10:03.4175155Z # Subtest: R205 upgrade command preserves NSIS shortcut retention and uses the same registry identity
release	Build and verify public release	2026-10-04T03:10:03.4176721Z ok 39 - R205 upgrade command preserves NSIS shortcut retention and uses the same registry identity
release	Build and verify public release	2026-10-04T03:10:03.4177679Z   ---
release	Build and verify public release	2026-10-04T03:10:03.4178125Z   duration_ms: 26.821
release	Build and verify public release	2026-10-04T03:10:03.4178610Z   type: 'test'
release	Build and verify public release	2026-10-04T03:10:03.4179408Z   ...
release	Build and verify public release	2026-10-04T03:10:03.4180110Z # Subtest: N-1 every visible custom text control receives font
release	Build and verify public release	2026-10-04T03:10:03.4181080Z ok 40 - N-1 every visible custom text control receives font
release	Build and verify public release	2026-10-04T03:10:03.4181734Z   ---
release	Build and verify public release	2026-10-04T03:10:03.4182158Z   duration_ms: 0.5926
release	Build and verify public release	2026-10-04T03:10:03.4182627Z   type: 'test'
release	Build and verify public release	2026-10-04T03:10:03.4183012Z   ...
release	Build and verify public release	2026-10-04T03:10:03.4183514Z # Subtest: N-2 MUI branding stays hidden
release	Build and verify public release	2026-10-04T03:10:03.4184180Z ok 41 - N-2 MUI branding stays hidden
release	Build and verify public release	2026-10-04T03:10:03.4184690Z   ---
release	Build and verify public release	2026-10-04T03:10:03.4185094Z   duration_ms: 0.3008
release	Build and verify public release	2026-10-04T03:10:03.4185548Z   type: 'test'
release	Build and verify public release	2026-10-04T03:10:03.4185927Z   ...
release	Build and verify public release	2026-10-04T03:10:03.4186577Z # Subtest: N-3 instfiles hook scoped to preceding custom page
release	Build and verify public release	2026-10-04T03:10:03.4187517Z ok 42 - N-3 instfiles hook scoped to preceding custom page
release	Build and verify public release	2026-10-04T03:10:03.4188154Z   ---
release	Build and verify public release	2026-10-04T03:10:03.4188553Z   duration_ms: 0.2855
release	Build and verify public release	2026-10-04T03:10:03.4189009Z   type: 'test'
release	Build and verify public release	2026-10-04T03:10:03.4189382Z   ...
release	Build and verify public release	2026-10-04T03:10:03.4189880Z # Subtest: N-4 stock headers never reappear
release	Build and verify public release	2026-10-04T03:10:03.4190566Z ok 43 - N-4 stock headers never reappear
release	Build and verify public release	2026-10-04T03:10:03.4191428Z   ---
release	Build and verify public release	2026-10-04T03:10:03.4191832Z   duration_ms: 0.2819
release	Build and verify public release	2026-10-04T03:10:03.4192511Z   type: 'test'
release	Build and verify public release	2026-10-04T03:10:03.4192894Z   ...
release	Build and verify public release	2026-10-04T03:10:03.4193376Z # Subtest: N-5 gold progress uses BGR
release	Build and verify public release	2026-10-04T03:10:03.4194974Z ok 44 - N-5 gold progress uses BGR
release	Build and verify public release	2026-10-04T03:10:03.4195735Z   ---
release	Build and verify public release	2026-10-04T03:10:03.4196230Z   duration_ms: 0.1986
release	Build and verify public release	2026-10-04T03:10:03.4196792Z   type: 'test'
release	Build and verify public release	2026-10-04T03:10:03.4197230Z   ...
release	Build and verify public release	2026-10-04T03:10:03.4198106Z # Subtest: N-6 buttons stay stock and sit on a light footer instead of unreadable dark
release	Build and verify public release	2026-10-04T03:10:03.4249111Z ok 45 - N-6 buttons stay stock and sit on a light footer instead of unreadable dark
release	Build and verify public release	2026-10-04T03:10:03.4251610Z   ---
release	Build and verify public release	2026-10-04T03:10:03.4252973Z   duration_ms: 0.3566
release	Build and verify public release	2026-10-04T03:10:03.4263785Z   type: 'test'
release	Build and verify public release	2026-10-04T03:10:03.4265165Z   ...
release	Build and verify public release	2026-10-04T03:10:03.4266342Z # Subtest: N-7 progress track colour has visible contrast against the page background
release	Build and verify public release	2026-10-04T03:10:03.4270030Z ok 46 - N-7 progress track colour has visible contrast against the page background
release	Build and verify public release	2026-10-04T03:10:03.4271628Z   ---
release	Build and verify public release	2026-10-04T03:10:03.4272293Z   duration_ms: 0.1704
release	Build and verify public release	2026-10-04T03:10:03.4273573Z   type: 'test'
release	Build and verify public release	2026-10-04T03:10:03.4274626Z   ...
release	Build and verify public release	2026-10-04T03:10:03.4275805Z # Subtest: N-8 Core fallback keeps stock system styling
release	Build and verify public release	2026-10-04T03:10:03.4276995Z ok 47 - N-8 Core fallback keeps stock system styling
release	Build and verify public release	2026-10-04T03:10:03.4277617Z   ---
release	Build and verify public release	2026-10-04T03:10:03.4278036Z   duration_ms: 0.5179
release	Build and verify public release	2026-10-04T03:10:03.4278678Z   type: 'test'
release	Build and verify public release	2026-10-04T03:10:03.4279073Z   ...
release	Build and verify public release	2026-10-04T03:10:03.4279823Z # Subtest: N-9 finish page hides the wizard before the blocking launch call
release	Build and verify public release	2026-10-04T03:10:03.4280839Z ok 48 - N-9 finish page hides the wizard before the blocking launch call
release	Build and verify public release	2026-10-04T03:10:03.4281600Z   ---
release	Build and verify public release	2026-10-04T03:10:03.4282070Z   duration_ms: 0.6345
release	Build and verify public release	2026-10-04T03:10:03.4282589Z   type: 'test'
release	Build and verify public release	2026-10-04T03:10:03.4283029Z   ...
release	Build and verify public release	2026-10-04T03:10:03.4284014Z # Subtest: R74 installer opts out of bitmap DPI virtualization and has a visible progress track
release	Build and verify public release	2026-10-04T03:10:03.4285490Z ok 49 - R74 installer opts out of bitmap DPI virtualization and has a visible progress track
release	Build and verify public release	2026-10-04T03:10:03.4286444Z   ---
release	Build and verify public release	2026-10-04T03:10:03.4286913Z   duration_ms: 0.3172
release	Build and verify public release	2026-10-04T03:10:03.4287421Z   type: 'test'
release	Build and verify public release	2026-10-04T03:10:03.4287873Z   ...
release	Build and verify public release	2026-10-04T03:10:03.4288863Z # Subtest: R80 customInstall swaps the executable without changing registry or removal logic
release	Build and verify public release	2026-10-04T03:10:03.4290284Z ok 50 - R80 customInstall swaps the executable without changing registry or removal logic
release	Build and verify public release	2026-10-04T03:10:03.4291138Z   ---
release	Build and verify public release	2026-10-04T03:10:03.4291535Z   duration_ms: 0.2463
release	Build and verify public release	2026-10-04T03:10:03.4291980Z   type: 'test'
release	Build and verify public release	2026-10-04T03:10:03.4292331Z   ...
release	Build and verify public release	2026-10-04T03:10:03.4293095Z # Subtest: R74 Browse appends Deep Legends once without creating directories prematurely
release	Build and verify public release	2026-10-04T03:10:03.4294426Z ok 51 - R74 Browse appends Deep Legends once without creating directories prematurely
release	Build and verify public release	2026-10-04T03:10:03.4295750Z   ---
release	Build and verify public release	2026-10-04T03:10:03.4296243Z   duration_ms: 0.178
release	Build and verify public release	2026-10-04T03:10:03.4296714Z   type: 'test'
release	Build and verify public release	2026-10-04T03:10:03.4297138Z   ...
release	Build and verify public release	2026-10-04T03:10:03.4297858Z # Subtest: N-1..5 mutation guards reject each broken contract
release	Build and verify public release	2026-10-04T03:10:03.4298835Z ok 52 - N-1..5 mutation guards reject each broken contract
release	Build and verify public release	2026-10-04T03:10:03.4299554Z   ---
release	Build and verify public release	2026-10-04T03:10:03.4300018Z   duration_ms: 12.1159
release	Build and verify public release	2026-10-04T03:10:03.4300526Z   type: 'test'
release	Build and verify public release	2026-10-04T03:10:03.4300990Z   ...
release	Build and verify public release	2026-10-04T03:10:03.4301837Z # Subtest: 2135 white setup and larger native text/icons without bitmap scaling
release	Build and verify public release	2026-10-04T03:10:03.4303094Z ok 53 - 2135 white setup and larger native text/icons without bitmap scaling
release	Build and verify public release	2026-10-04T03:10:03.4303836Z   ---
release	Build and verify public release	2026-10-04T03:10:03.4304222Z   duration_ms: 0.4409
release	Build and verify public release	2026-10-04T03:10:03.4304655Z   type: 'test'
release	Build and verify public release	2026-10-04T03:10:03.4305048Z   ...
release	Build and verify public release	2026-10-04T03:10:06.0027639Z # Subtest: installer build embeds the actual NSIS artifact and publishes only a verified GUI shell
release	Build and verify public release	2026-10-04T03:10:06.0060499Z ok 54 - installer build embeds the actual NSIS artifact and publishes only a verified GUI shell
release	Build and verify public release	2026-10-04T03:10:06.0062213Z   ---
release	Build and verify public release	2026-10-04T03:10:06.0062857Z   duration_ms: 20.8767
release	Build and verify public release	2026-10-04T03:10:06.0063328Z   type: 'test'
release	Build and verify public release	2026-10-04T03:10:06.0063733Z   ...
release	Build and verify public release	2026-10-04T03:10:06.0064659Z # Subtest: installer build cleans payload and rejects compiler
release	Build and verify public release	2026-10-04T03:10:06.0065600Z ok 55 - installer build cleans payload and rejects compiler
release	Build and verify public release	2026-10-04T03:10:06.0066173Z   ---
release	Build and verify public release	2026-10-04T03:10:06.0066686Z   duration_ms: 16.0557
release	Build and verify public release	2026-10-04T03:10:06.0067439Z   type: 'test'
release	Build and verify public release	2026-10-04T03:10:06.0067795Z   ...
release	Build and verify public release	2026-10-04T03:10:06.0068224Z # Subtest: installer build cleans payload and rejects missing-payload
release	Build and verify public release	2026-10-04T03:10:06.0068781Z ok 56 - installer build cleans payload and rejects missing-payload
release	Build and verify public release	2026-10-04T03:10:06.0069106Z   ---
release	Build and verify public release	2026-10-04T03:10:06.0069303Z   duration_ms: 17.9684
release	Build and verify public release	2026-10-04T03:10:06.0069517Z   type: 'test'
release	Build and verify public release	2026-10-04T03:10:06.0069685Z   ...
release	Build and verify public release	2026-10-04T03:10:06.0070018Z # Subtest: installer build cleans payload and rejects wrong-format
release	Build and verify public release	2026-10-04T03:10:06.0070530Z ok 57 - installer build cleans payload and rejects wrong-format
release	Build and verify public release	2026-10-04T03:10:06.0070861Z   ---
release	Build and verify public release	2026-10-04T03:10:06.0071047Z   duration_ms: 15.0596
release	Build and verify public release	2026-10-04T03:10:06.0071262Z   type: 'test'
release	Build and verify public release	2026-10-04T03:10:06.0071428Z   ...
release	Build and verify public release	2026-10-04T03:10:06.0071737Z # Subtest: public installer shell uses the public NSIS artifact
release	Build and verify public release	2026-10-04T03:10:06.0072191Z ok 58 - public installer shell uses the public NSIS artifact
release	Build and verify public release	2026-10-04T03:10:06.0072485Z   ---
release	Build and verify public release	2026-10-04T03:10:06.0072663Z   duration_ms: 16.7872
release	Build and verify public release	2026-10-04T03:10:06.0072858Z   type: 'test'
release	Build and verify public release	2026-10-04T03:10:06.0073031Z   ...
release	Build and verify public release	2026-10-04T03:10:06.0073462Z # Subtest: both release entry points wrap NSIS before hashes and before deleting win-unpacked
release	Build and verify public release	2026-10-04T03:10:06.0074137Z ok 59 - both release entry points wrap NSIS before hashes and before deleting win-unpacked
release	Build and verify public release	2026-10-04T03:10:06.0074545Z   ---
release	Build and verify public release	2026-10-04T03:10:06.0074719Z   duration_ms: 0.9595
release	Build and verify public release	2026-10-04T03:10:06.0074924Z   type: 'test'
release	Build and verify public release	2026-10-04T03:10:06.0075092Z   ...
release	Build and verify public release	2026-10-04T03:10:06.0075511Z # Subtest: small uninstaller builds independently before NSIS without embedding payload
release	Build and verify public release	2026-10-04T03:10:06.0076166Z ok 60 - small uninstaller builds independently before NSIS without embedding payload
release	Build and verify public release	2026-10-04T03:10:06.0076561Z   ---
release	Build and verify public release	2026-10-04T03:10:06.0076736Z   duration_ms: 13.5207
release	Build and verify public release	2026-10-04T03:10:06.0076935Z   type: 'test'
release	Build and verify public release	2026-10-04T03:10:06.0077106Z   ...
release	Build and verify public release	2026-10-04T03:10:06.0077439Z # Subtest: uninstaller build removes partial artifact after compiler
release	Build and verify public release	2026-10-04T03:10:06.0077937Z ok 61 - uninstaller build removes partial artifact after compiler
release	Build and verify public release	2026-10-04T03:10:06.0078253Z   ---
release	Build and verify public release	2026-10-04T03:10:06.0078436Z   duration_ms: 16.1634
release	Build and verify public release	2026-10-04T03:10:06.0078638Z   type: 'test'
release	Build and verify public release	2026-10-04T03:10:06.0078802Z   ...
release	Build and verify public release	2026-10-04T03:10:06.0079137Z # Subtest: uninstaller build removes partial artifact after payload
release	Build and verify public release	2026-10-04T03:10:06.0079618Z ok 62 - uninstaller build removes partial artifact after payload
release	Build and verify public release	2026-10-04T03:10:06.0079934Z   ---
release	Build and verify public release	2026-10-04T03:10:06.0080109Z   duration_ms: 15.2077
release	Build and verify public release	2026-10-04T03:10:06.0080310Z   type: 'test'
release	Build and verify public release	2026-10-04T03:10:06.0080472Z   ...
release	Build and verify public release	2026-10-04T03:10:06.0085810Z # Subtest: uninstaller build removes partial artifact after invalid PE
release	Build and verify public release	2026-10-04T03:10:06.0086638Z ok 63 - uninstaller build removes partial artifact after invalid PE
release	Build and verify public release	2026-10-04T03:10:06.0086992Z   ---
release	Build and verify public release	2026-10-04T03:10:06.0087181Z   duration_ms: 14.2095
release	Build and verify public release	2026-10-04T03:10:06.0087405Z   type: 'test'
release	Build and verify public release	2026-10-04T03:10:06.0087576Z   ...
release	Build and verify public release	2026-10-04T03:10:06.0088075Z # Subtest: uninstaller design supports retain/delete data, every bridge request and all progress states
release	Build and verify public release	2026-10-04T03:10:06.0088854Z ok 64 - uninstaller design supports retain/delete data, every bridge request and all progress states
release	Build and verify public release	2026-10-04T03:10:06.0089291Z   ---
release	Build and verify public release	2026-10-04T03:10:06.0089477Z   duration_ms: 704.623
release	Build and verify public release	2026-10-04T03:10:06.0089688Z   type: 'test'
release	Build and verify public release	2026-10-04T03:10:06.0089854Z   ...
release	Build and verify public release	2026-10-04T03:10:06.2764117Z # Subtest: installer design executes all bridge interactions, terms, progress and failure without changing layout
release	Build and verify public release	2026-10-04T03:10:06.2767432Z ok 65 - installer design executes all bridge interactions, terms, progress and failure without changing layout
release	Build and verify public release	2026-10-04T03:10:06.2768820Z   ---
release	Build and verify public release	2026-10-04T03:10:06.2769399Z   duration_ms: 515.1509
release	Build and verify public release	2026-10-04T03:10:06.2770025Z   type: 'test'
release	Build and verify public release	2026-10-04T03:10:06.2770522Z   ...
release	Build and verify public release	2026-10-04T03:10:06.3079898Z # Subtest: installer reports ready only after real template initialization with inline state
release	Build and verify public release	2026-10-04T03:10:06.3084348Z ok 66 - installer reports ready only after real template initialization with inline state
release	Build and verify public release	2026-10-04T03:10:06.3085474Z   ---
release	Build and verify public release	2026-10-04T03:10:06.3090840Z   duration_ms: 616.3397
release	Build and verify public release	2026-10-04T03:10:06.3091436Z   type: 'test'
release	Build and verify public release	2026-10-04T03:10:06.3091894Z   ...
release	Build and verify public release	2026-10-04T03:10:06.3093324Z # Subtest: installer reports script failure instead of readiness after broken application bootstrap
release	Build and verify public release	2026-10-04T03:10:06.3094927Z ok 67 - installer reports script failure instead of readiness after broken application bootstrap
release	Build and verify public release	2026-10-04T03:10:06.3129569Z   ---
release	Build and verify public release	2026-10-04T03:10:06.3130864Z   duration_ms: 178.5627
release	Build and verify public release	2026-10-04T03:10:06.3132576Z   type: 'test'
release	Build and verify public release	2026-10-04T03:10:06.3133819Z   ...
release	Build and verify public release	2026-10-04T03:10:06.3135350Z # Subtest: uninstaller reports ready only after real template initialization with inline state
release	Build and verify public release	2026-10-04T03:10:06.3136976Z ok 68 - uninstaller reports ready only after real template initialization with inline state
release	Build and verify public release	2026-10-04T03:10:06.3137951Z   ---
release	Build and verify public release	2026-10-04T03:10:06.3138440Z   duration_ms: 137.2536
release	Build and verify public release	2026-10-04T03:10:06.3138964Z   type: 'test'
release	Build and verify public release	2026-10-04T03:10:06.3139425Z   ...
release	Build and verify public release	2026-10-04T03:10:06.3140476Z # Subtest: uninstaller reports script failure instead of readiness after broken application bootstrap
release	Build and verify public release	2026-10-04T03:10:06.3142365Z ok 69 - uninstaller reports script failure instead of readiness after broken application bootstrap
release	Build and verify public release	2026-10-04T03:10:06.3143341Z   ---
release	Build and verify public release	2026-10-04T03:10:06.3143835Z   duration_ms: 65.4256
release	Build and verify public release	2026-10-04T03:10:06.3144379Z   type: 'test'
release	Build and verify public release	2026-10-04T03:10:06.3144848Z   ...
release	Build and verify public release	2026-10-04T03:10:09.3836785Z # Subtest: collapsed sidebar hides the label but keeps the live beacon rendered
release	Build and verify public release	2026-10-04T03:10:09.3873181Z ok 70 - collapsed sidebar hides the label but keeps the live beacon rendered
release	Build and verify public release	2026-10-04T03:10:09.3874237Z   ---
release	Build and verify public release	2026-10-04T03:10:09.3874819Z   duration_ms: 1866.745
release	Build and verify public release	2026-10-04T03:10:09.3875416Z   type: 'test'
release	Build and verify public release	2026-10-04T03:10:09.3875896Z   ...
release	Build and verify public release	2026-10-04T03:10:11.5678260Z # Subtest: R86 DOM teardown disconnects pending observers without disabling live callbacks
release	Build and verify public release	2026-10-04T03:10:11.5679859Z ok 71 - R86 DOM teardown disconnects pending observers without disabling live callbacks
release	Build and verify public release	2026-10-04T03:10:11.5680750Z   ---
release	Build and verify public release	2026-10-04T03:10:11.5681227Z   duration_ms: 2846.1245
release	Build and verify public release	2026-10-04T03:10:11.5681750Z   type: 'test'
release	Build and verify public release	2026-10-04T03:10:11.5682207Z   ...
release	Build and verify public release	2026-10-04T03:10:11.7610223Z # live recommendation diagnostic failed {
release	Build and verify public release	2026-10-04T03:10:11.7610968Z #   reason: 'has-payload',
release	Build and verify public release	2026-10-04T03:10:11.7611616Z #   key: '164:top:CLASSIC:11:emerald_plus:none',
release	Build and verify public release	2026-10-04T03:10:11.7612428Z #   error: 'Failed to parse URL from /api/diagnostics/client'
release	Build and verify public release	2026-10-04T03:10:11.7612858Z # }
release	Build and verify public release	2026-10-04T03:10:15.5510281Z # Subtest: 1110 征召默认值、时间输入、模式能力和总开关真实保存链
release	Build and verify public release	2026-10-04T03:10:15.5511828Z ok 72 - 1110 征召默认值、时间输入、模式能力和总开关真实保存链
release	Build and verify public release	2026-10-04T03:10:15.5532796Z   ---
release	Build and verify public release	2026-10-04T03:10:15.5533213Z   duration_ms: 5701.8757
release	Build and verify public release	2026-10-04T03:10:15.5533582Z   type: 'test'
release	Build and verify public release	2026-10-04T03:10:15.5533875Z   ...
release	Build and verify public release	2026-10-04T03:10:15.5534418Z # Subtest: 平均段位只查询视口内卡片，并在分页加载期间停用
release	Build and verify public release	2026-10-04T03:10:15.5534987Z ok 73 - 平均段位只查询视口内卡片，并在分页加载期间停用
release	Build and verify public release	2026-10-04T03:10:15.5535358Z   ---
release	Build and verify public release	2026-10-04T03:10:15.5535656Z   duration_ms: 24.9545
release	Build and verify public release	2026-10-04T03:10:15.5535984Z   type: 'test'
release	Build and verify public release	2026-10-04T03:10:15.5536252Z   ...
release	Build and verify public release	2026-10-04T03:10:15.5536923Z # Subtest: match-tier failures back off instead of retrying on the next render
release	Build and verify public release	2026-10-04T03:10:15.5537964Z ok 74 - match-tier failures back off instead of retrying on the next render
release	Build and verify public release	2026-10-04T03:10:15.5538598Z   ---
release	Build and verify public release	2026-10-04T03:10:15.5541181Z   duration_ms: 22.9429
release	Build and verify public release	2026-10-04T03:10:15.5541560Z   type: 'test'
release	Build and verify public release	2026-10-04T03:10:15.5542262Z   ...
release	Build and verify public release	2026-10-04T03:10:16.8116317Z # Subtest: match-tier overview diagnostics contain aggregate counts only
release	Build and verify public release	2026-10-04T03:10:16.8117477Z ok 75 - match-tier overview diagnostics contain aggregate counts only
release	Build and verify public release	2026-10-04T03:10:16.8117850Z   ---
release	Build and verify public release	2026-10-04T03:10:16.8118055Z   duration_ms: 6.4512
release	Build and verify public release	2026-10-04T03:10:16.8118283Z   type: 'test'
release	Build and verify public release	2026-10-04T03:10:16.8118457Z   ...
release	Build and verify public release	2026-10-04T03:10:16.8120355Z # Subtest: non-match overview rerenders preserve the match-list node
release	Build and verify public release	2026-10-04T03:10:16.8121680Z ok 76 - non-match overview rerenders preserve the match-list node
release	Build and verify public release	2026-10-04T03:10:16.8122382Z   ---
release	Build and verify public release	2026-10-04T03:10:16.8123465Z   duration_ms: 40.4986
release	Build and verify public release	2026-10-04T03:10:16.8124285Z   type: 'test'
release	Build and verify public release	2026-10-04T03:10:16.8124631Z   ...
release	Build and verify public release	2026-10-04T03:10:17.0093878Z # live recommendation diagnostic failed {
release	Build and verify public release	2026-10-04T03:10:17.0094582Z #   reason: 'has-payload',
release	Build and verify public release	2026-10-04T03:10:17.0095242Z #   key: '164:top:CLASSIC:11:emerald_plus:none',
release	Build and verify public release	2026-10-04T03:10:17.0097216Z #   error: 'Failed to parse URL from /api/diagnostics/client'
release	Build and verify public release	2026-10-04T03:10:17.0097714Z # }
release	Build and verify public release	2026-10-04T03:10:32.9668589Z # live recommendation diagnostic failed {
release	Build and verify public release	2026-10-04T03:10:32.9670061Z #   reason: 'has-payload',
release	Build and verify public release	2026-10-04T03:10:32.9670903Z #   key: '164:top:CLASSIC:11:emerald_plus:none',
release	Build and verify public release	2026-10-04T03:10:32.9671605Z #   error: 'Failed to parse URL from /api/diagnostics/client'
release	Build and verify public release	2026-10-04T03:10:32.9672141Z # }
release	Build and verify public release	2026-10-04T03:10:36.0515184Z # live recommendation diagnostic failed {
release	Build and verify public release	2026-10-04T03:10:36.0516288Z #   reason: 'has-payload',
release	Build and verify public release	2026-10-04T03:10:36.0517120Z #   key: '164:top:CLASSIC:11:emerald_plus:none',
release	Build and verify public release	2026-10-04T03:10:36.0517853Z #   error: 'Failed to parse URL from /api/diagnostics/client'
release	Build and verify public release	2026-10-04T03:10:36.0518380Z # }
release	Build and verify public release	2026-10-04T03:10:39.2436097Z # Subtest: 总览战绩卡：点击展开按钮只替换目标卡片并可收起
release	Build and verify public release	2026-10-04T03:10:39.2437235Z ok 77 - 总览战绩卡：点击展开按钮只替换目标卡片并可收起
release	Build and verify public release	2026-10-04T03:10:39.2437682Z   ---
release	Build and verify public release	2026-10-04T03:10:39.2438078Z   duration_ms: 22575.7787
release	Build and verify public release	2026-10-04T03:10:39.2438463Z   type: 'test'
release	Build and verify public release	2026-10-04T03:10:39.2438927Z   ...
release	Build and verify public release	2026-10-04T03:10:39.4713818Z # live recommendation diagnostic failed {
release	Build and verify public release	2026-10-04T03:10:39.4714531Z #   reason: 'has-payload',
release	Build and verify public release	2026-10-04T03:10:39.4715144Z #   key: '164:top:CLASSIC:11:emerald_plus:none',
release	Build and verify public release	2026-10-04T03:10:39.4715933Z #   error: 'Failed to parse URL from /api/diagnostics/client'
release	Build and verify public release	2026-10-04T03:10:39.4716505Z # }
release	Build and verify public release	2026-10-04T03:10:44.3737910Z # Subtest: 玩家覆盖层里的战绩详情也能展开
release	Build and verify public release	2026-10-04T03:10:44.3754331Z ok 78 - 玩家覆盖层里的战绩详情也能展开
release	Build and verify public release	2026-10-04T03:10:44.3755324Z   ---
release	Build and verify public release	2026-10-04T03:10:44.3756475Z   duration_ms: 4947.0918
release	Build and verify public release	2026-10-04T03:10:44.3757103Z   type: 'test'
release	Build and verify public release	2026-10-04T03:10:44.3757472Z   ...
release	Build and verify public release	2026-10-04T03:10:44.5578584Z # live recommendation diagnostic failed {
release	Build and verify public release	2026-10-04T03:10:44.5579514Z #   reason: 'has-payload',
release	Build and verify public release	2026-10-04T03:10:44.5580217Z #   key: '164:top:CLASSIC:11:emerald_plus:none',
release	Build and verify public release	2026-10-04T03:10:44.5581110Z #   error: 'Failed to parse URL from /api/diagnostics/client'
release	Build and verify public release	2026-10-04T03:10:44.5582231Z # }
release	Build and verify public release	2026-10-04T03:10:46.2024968Z # Subtest: 演示数据下总览页渲染出真实内容，且渲染期没有异常
release	Build and verify public release	2026-10-04T03:10:46.2042276Z ok 79 - 演示数据下总览页渲染出真实内容，且渲染期没有异常
release	Build and verify public release	2026-10-04T03:10:46.2052469Z   ---
release	Build and verify public release	2026-10-04T03:10:46.2052953Z   duration_ms: 1797.1291
release	Build and verify public release	2026-10-04T03:10:46.2053438Z   type: 'test'
release	Build and verify public release	2026-10-04T03:10:46.2053817Z   ...
release	Build and verify public release	2026-10-04T03:10:46.4013428Z # live recommendation diagnostic failed {
release	Build and verify public release	2026-10-04T03:10:46.4014555Z #   reason: 'has-payload',
release	Build and verify public release	2026-10-04T03:10:46.4015353Z #   key: '164:top:CLASSIC:11:emerald_plus:none',
release	Build and verify public release	2026-10-04T03:10:46.4016230Z #   error: 'Failed to parse URL from /api/diagnostics/client'
release	Build and verify public release	2026-10-04T03:10:46.4016802Z # }
release	Build and verify public release	2026-10-04T03:10:51.6677545Z # Subtest: 好友真实数据恢复横条模式与计时，SSE 更新不重建战绩或串到其他玩家
release	Build and verify public release	2026-10-04T03:10:51.6678905Z ok 80 - 好友真实数据恢复横条模式与计时，SSE 更新不重建战绩或串到其他玩家
release	Build and verify public release	2026-10-04T03:10:51.6679683Z   ---
release	Build and verify public release	2026-10-04T03:10:51.6680246Z   duration_ms: 5274.0695
release	Build and verify public release	2026-10-04T03:10:51.6680917Z   type: 'test'
release	Build and verify public release	2026-10-04T03:10:51.6681471Z   ...
release	Build and verify public release	2026-10-04T03:10:51.9156645Z # live recommendation diagnostic failed {
release	Build and verify public release	2026-10-04T03:10:51.9157767Z #   reason: 'has-payload',
release	Build and verify public release	2026-10-04T03:10:51.9158654Z #   key: '164:top:CLASSIC:11:emerald_plus:none',
release	Build and verify public release	2026-10-04T03:10:51.9159417Z #   error: 'Failed to parse URL from /api/diagnostics/client'
release	Build and verify public release	2026-10-04T03:10:51.9159966Z # }
release	Build and verify public release	2026-10-04T03:10:56.7602942Z # Subtest: 演示数据下工具五个页签都渲染完成
release	Build and verify public release	2026-10-04T03:10:56.7603644Z ok 81 - 演示数据下工具五个页签都渲染完成
release	Build and verify public release	2026-10-04T03:10:56.7604024Z   ---
release	Build and verify public release	2026-10-04T03:10:56.7604370Z   duration_ms: 5775.2146
release	Build and verify public release	2026-10-04T03:10:56.7604760Z   type: 'test'
release	Build and verify public release	2026-10-04T03:10:56.7605065Z   ...
release	Build and verify public release	2026-10-04T03:10:56.9474521Z # live recommendation diagnostic failed {
release	Build and verify public release	2026-10-04T03:10:56.9474985Z #   reason: 'has-payload',
release	Build and verify public release	2026-10-04T03:10:56.9475431Z #   key: '164:top:CLASSIC:11:emerald_plus:none',
release	Build and verify public release	2026-10-04T03:10:56.9476008Z #   error: 'Failed to parse URL from /api/diagnostics/client'
release	Build and verify public release	2026-10-04T03:10:56.9476452Z # }
release	Build and verify public release	2026-10-04T03:11:00.0924158Z # Subtest: 2351 自定义暂停事件保留真实总开关和卡片高亮
release	Build and verify public release	2026-10-04T03:11:00.0924996Z ok 82 - 2351 自定义暂停事件保留真实总开关和卡片高亮
release	Build and verify public release	2026-10-04T03:11:00.0925385Z   ---
release	Build and verify public release	2026-10-04T03:11:00.0925740Z   duration_ms: 3332.6422
release	Build and verify public release	2026-10-04T03:11:00.0926147Z   type: 'test'
release	Build and verify public release	2026-10-04T03:11:00.0926447Z   ...
release	Build and verify public release	2026-10-04T03:11:00.2779030Z # live recommendation diagnostic failed {
release	Build and verify public release	2026-10-04T03:11:00.2779590Z #   reason: 'has-payload',
release	Build and verify public release	2026-10-04T03:11:00.2780294Z #   key: '164:top:CLASSIC:11:emerald_plus:none',
release	Build and verify public release	2026-10-04T03:11:00.2781656Z #   error: 'Failed to parse URL from /api/diagnostics/client'
release	Build and verify public release	2026-10-04T03:11:00.2782082Z # }
release	Build and verify public release	2026-10-04T03:11:05.0491458Z # Subtest: R149 收藏页仍可独立进入头像与旗帜视图
release	Build and verify public release	2026-10-04T03:11:05.0492025Z ok 83 - R149 收藏页仍可独立进入头像与旗帜视图
release	Build and verify public release	2026-10-04T03:11:05.0492319Z   ---
release	Build and verify public release	2026-10-04T03:11:05.0492581Z   duration_ms: 5010.1286
release	Build and verify public release	2026-10-04T03:11:05.0492874Z   type: 'test'
release	Build and verify public release	2026-10-04T03:11:05.0493111Z   ...
release	Build and verify public release	2026-10-04T03:11:05.2441365Z # live recommendation diagnostic failed {
release	Build and verify public release	2026-10-04T03:11:05.2442260Z #   reason: 'has-payload',
release	Build and verify public release	2026-10-04T03:11:05.2443001Z #   key: '164:top:CLASSIC:11:emerald_plus:none',
release	Build and verify public release	2026-10-04T03:11:05.2443736Z #   error: 'Failed to parse URL from /api/diagnostics/client'
release	Build and verify public release	2026-10-04T03:11:05.2444175Z # }
release	Build and verify public release	2026-10-04T03:11:10.6709536Z # Subtest: R56 工具页状态、确认、下拉与领奖契约完整
release	Build and verify public release	2026-10-04T03:11:10.6710474Z ok 84 - R56 工具页状态、确认、下拉与领奖契约完整
release	Build and verify public release	2026-10-04T03:11:10.6710812Z   ---
release	Build and verify public release	2026-10-04T03:11:10.6711059Z   duration_ms: 5610.1265
release	Build and verify public release	2026-10-04T03:11:10.6711342Z   type: 'test'
release	Build and verify public release	2026-10-04T03:11:10.6711556Z   ...
release	Build and verify public release	2026-10-04T03:11:10.8638612Z # live recommendation diagnostic failed {
release	Build and verify public release	2026-10-04T03:11:10.8639497Z #   reason: 'has-payload',
release	Build and verify public release	2026-10-04T03:11:10.8640144Z #   key: '164:top:CLASSIC:11:emerald_plus:none',
release	Build and verify public release	2026-10-04T03:11:10.8641617Z #   error: 'Failed to parse URL from /api/diagnostics/client'
release	Build and verify public release	2026-10-04T03:11:10.8642395Z # }
release	Build and verify public release	2026-10-04T03:11:14.0020579Z # Subtest: 全部原生下拉都增强为可键盘操作的应用菜单，包含动态英雄段位
release	Build and verify public release	2026-10-04T03:11:14.0034386Z ok 85 - 全部原生下拉都增强为可键盘操作的应用菜单，包含动态英雄段位
release	Build and verify public release	2026-10-04T03:11:14.0034893Z   ---
release	Build and verify public release	2026-10-04T03:11:14.0035250Z   duration_ms: 3277.4211
release	Build and verify public release	2026-10-04T03:11:14.0036132Z   type: 'test'
release	Build and verify public release	2026-10-04T03:11:14.0036463Z   ...
release	Build and verify public release	2026-10-04T03:11:14.0037035Z # Subtest: R59 生涯头衔读取对象名称且绝不显示原始 UUID
release	Build and verify public release	2026-10-04T03:11:14.0037598Z ok 86 - R59 生涯头衔读取对象名称且绝不显示原始 UUID
release	Build and verify public release	2026-10-04T03:11:14.0037861Z   ---
release	Build and verify public release	2026-10-04T03:11:14.0038059Z   duration_ms: 18.1033
release	Build and verify public release	2026-10-04T03:11:14.0038417Z   type: 'test'
release	Build and verify public release	2026-10-04T03:11:14.0038613Z   ...
release	Build and verify public release	2026-10-04T03:11:14.1903061Z # live recommendation diagnostic failed {
release	Build and verify public release	2026-10-04T03:11:14.1903945Z #   reason: 'has-payload',
release	Build and verify public release	2026-10-04T03:11:14.1905686Z #   key: '164:top:CLASSIC:11:emerald_plus:none',
release	Build and verify public release	2026-10-04T03:11:14.1906512Z #   error: 'Failed to parse URL from /api/diagnostics/client'
release	Build and verify public release	2026-10-04T03:11:14.1907109Z # }
release	Build and verify public release	2026-10-04T03:11:17.3085332Z # Subtest: R59 生涯预览完整渲染时不泄漏 playerTitleSelected UUID
release	Build and verify public release	2026-10-04T03:11:17.3086311Z ok 87 - R59 生涯预览完整渲染时不泄漏 playerTitleSelected UUID
release	Build and verify public release	2026-10-04T03:11:17.3086812Z   ---
release	Build and verify public release	2026-10-04T03:11:17.3087156Z   duration_ms: 3299.2969
release	Build and verify public release	2026-10-04T03:11:17.3087537Z   type: 'test'
release	Build and verify public release	2026-10-04T03:11:17.3087899Z   ...
release	Build and verify public release	2026-10-04T03:11:17.5035926Z # live recommendation diagnostic failed {
release	Build and verify public release	2026-10-04T03:11:17.5036515Z #   reason: 'has-payload',
release	Build and verify public release	2026-10-04T03:11:17.5037060Z #   key: '164:top:CLASSIC:11:emerald_plus:none',
release	Build and verify public release	2026-10-04T03:11:17.5037709Z #   error: 'Failed to parse URL from /api/diagnostics/client'
release	Build and verify public release	2026-10-04T03:11:17.5038049Z # }
release	Build and verify public release	2026-10-04T03:11:23.4563599Z # Subtest: R60 生涯事件刷新头衔、保护脏草稿且不在其它页签后台请求
release	Build and verify public release	2026-10-04T03:11:23.4565149Z ok 88 - R60 生涯事件刷新头衔、保护脏草稿且不在其它页签后台请求
release	Build and verify public release	2026-10-04T03:11:23.4565846Z   ---
release	Build and verify public release	2026-10-04T03:11:23.4566233Z   duration_ms: 6080.4243
release	Build and verify public release	2026-10-04T03:11:23.4566625Z   type: 'test'
release	Build and verify public release	2026-10-04T03:11:23.4566930Z   ...
release	Build and verify public release	2026-10-04T03:11:23.6428423Z # live recommendation diagnostic failed {
release	Build and verify public release	2026-10-04T03:11:23.6429044Z #   reason: 'has-payload',
release	Build and verify public release	2026-10-04T03:11:23.6429598Z #   key: '164:top:CLASSIC:11:emerald_plus:none',
release	Build and verify public release	2026-10-04T03:11:23.6430362Z #   error: 'Failed to parse URL from /api/diagnostics/client'
release	Build and verify public release	2026-10-04T03:11:23.6430802Z # }
release	Build and verify public release	2026-10-04T03:11:28.6689344Z # Subtest: R65 生涯事件 20 连发只请求一次、仅时间戳变化不重建且按压期间不丢点击
release	Build and verify public release	2026-10-04T03:11:28.6690576Z ok 89 - R65 生涯事件 20 连发只请求一次、仅时间戳变化不重建且按压期间不丢点击
release	Build and verify public release	2026-10-04T03:11:28.6691117Z   ---
release	Build and verify public release	2026-10-04T03:11:28.6691480Z   duration_ms: 5175.6116
release	Build and verify public release	2026-10-04T03:11:28.6691867Z   type: 'test'
release	Build and verify public release	2026-10-04T03:11:28.6692165Z   ...
release	Build and verify public release	2026-10-04T03:11:28.8552201Z # live recommendation diagnostic failed {
release	Build and verify public release	2026-10-04T03:11:28.8553222Z #   reason: 'has-payload',
release	Build and verify public release	2026-10-04T03:11:28.8553992Z #   key: '164:top:CLASSIC:11:emerald_plus:none',
release	Build and verify public release	2026-10-04T03:11:28.8554766Z #   error: 'Failed to parse URL from /api/diagnostics/client'
release	Build and verify public release	2026-10-04T03:11:28.8555323Z # }
release	Build and verify public release	2026-10-04T03:11:31.9761989Z # Subtest: R64 生涯皮肤与身份控件局部更新，皮肤图片延迟解码
release	Build and verify public release	2026-10-04T03:11:31.9763338Z ok 90 - R64 生涯皮肤与身份控件局部更新，皮肤图片延迟解码
release	Build and verify public release	2026-10-04T03:11:31.9763765Z   ---
release	Build and verify public release	2026-10-04T03:11:31.9764118Z   duration_ms: 3378.0592
release	Build and verify public release	2026-10-04T03:11:31.9764491Z   type: 'test'
release	Build and verify public release	2026-10-04T03:11:31.9764776Z   ...
release	Build and verify public release	2026-10-04T03:11:32.1658198Z # live recommendation diagnostic failed {
release	Build and verify public release	2026-10-04T03:11:32.1659768Z #   reason: 'has-payload',
release	Build and verify public release	2026-10-04T03:11:32.1660335Z #   key: '164:top:CLASSIC:11:emerald_plus:none',
release	Build and verify public release	2026-10-04T03:11:32.1661334Z #   error: 'Failed to parse URL from /api/diagnostics/client'
release	Build and verify public release	2026-10-04T03:11:32.1661760Z # }
release	Build and verify public release	2026-10-04T03:11:35.4061910Z # Subtest: R64 生涯头衔和勋章仅在真实值上使用强调色
release	Build and verify public release	2026-10-04T03:11:35.4063045Z ok 91 - R64 生涯头衔和勋章仅在真实值上使用强调色
release	Build and verify public release	2026-10-04T03:11:35.4063535Z   ---
release	Build and verify public release	2026-10-04T03:11:35.4063925Z   duration_ms: 3379.2882
release	Build and verify public release	2026-10-04T03:11:35.4064348Z   type: 'test'
release	Build and verify public release	2026-10-04T03:11:35.4064690Z   ...
release	Build and verify public release	2026-10-04T03:11:35.4065209Z # Subtest: R60 生涯勋章缺失槽位稳定回退为未设置
release	Build and verify public release	2026-10-04T03:11:35.4065753Z ok 92 - R60 生涯勋章缺失槽位稳定回退为未设置
release	Build and verify public release	2026-10-04T03:11:35.4066158Z   ---
release	Build and verify public release	2026-10-04T03:11:35.4066522Z   duration_ms: 12.5947
release	Build and verify public release	2026-10-04T03:11:35.4066927Z   type: 'test'
release	Build and verify public release	2026-10-04T03:11:35.4067259Z   ...
release	Build and verify public release	2026-10-04T03:11:35.6008304Z # live recommendation diagnostic failed {
release	Build and verify public release	2026-10-04T03:11:35.6008952Z #   reason: 'has-payload',
release	Build and verify public release	2026-10-04T03:11:35.6009525Z #   key: '164:top:CLASSIC:11:emerald_plus:none',
release	Build and verify public release	2026-10-04T03:11:35.6010303Z #   error: 'Failed to parse URL from /api/diagnostics/client'
release	Build and verify public release	2026-10-04T03:11:35.6010880Z # }
release	Build and verify public release	2026-10-04T03:11:39.5212012Z # Subtest: R58 生涯英雄长下拉支持别名搜索，短下拉不显示搜索框
release	Build and verify public release	2026-10-04T03:11:39.5213044Z ok 93 - R58 生涯英雄长下拉支持别名搜索，短下拉不显示搜索框
release	Build and verify public release	2026-10-04T03:11:39.5213467Z   ---
release	Build and verify public release	2026-10-04T03:11:39.5213821Z   duration_ms: 3642.6745
release	Build and verify public release	2026-10-04T03:11:39.5214211Z   type: 'test'
release	Build and verify public release	2026-10-04T03:11:39.5214511Z   ...
release	Build and verify public release	2026-10-04T03:11:39.7089905Z # live recommendation diagnostic failed {
release	Build and verify public release	2026-10-04T03:11:39.7090840Z #   reason: 'has-payload',
release	Build and verify public release	2026-10-04T03:11:39.7091579Z #   key: '164:top:CLASSIC:11:emerald_plus:none',
release	Build and verify public release	2026-10-04T03:11:39.7092707Z #   error: 'Failed to parse URL from /api/diagnostics/client'
release	Build and verify public release	2026-10-04T03:11:39.7093474Z # }
release	Build and verify public release	2026-10-04T03:11:44.6402312Z # Subtest: R58 生涯空皮肤刷新保留草稿并在数据补齐后恢复
release	Build and verify public release	2026-10-04T03:11:44.6403061Z ok 94 - R58 生涯空皮肤刷新保留草稿并在数据补齐后恢复
release	Build and verify public release	2026-10-04T03:11:44.6403326Z   ---
release	Build and verify public release	2026-10-04T03:11:44.6403555Z   duration_ms: 5547.5527
release	Build and verify public release	2026-10-04T03:11:44.6403835Z   type: 'test'
release	Build and verify public release	2026-10-04T03:11:44.6404014Z   ...
release	Build and verify public release	2026-10-04T03:11:44.8277607Z # live recommendation diagnostic failed {
release	Build and verify public release	2026-10-04T03:11:44.8278627Z #   reason: 'has-payload',
release	Build and verify public release	2026-10-04T03:11:44.8279713Z #   key: '164:top:CLASSIC:11:emerald_plus:none',
release	Build and verify public release	2026-10-04T03:11:44.8289352Z #   error: 'Failed to parse URL from /api/diagnostics/client'
release	Build and verify public release	2026-10-04T03:11:44.8289926Z # }
release	Build and verify public release	2026-10-04T03:11:47.0992339Z # live recommendation diagnostic failed {
release	Build and verify public release	2026-10-04T03:11:47.0993308Z #   reason: 'has-payload',
release	Build and verify public release	2026-10-04T03:11:47.0994070Z #   key: '164:top:CLASSIC:11:emerald_plus:none',
release	Build and verify public release	2026-10-04T03:11:47.0994813Z #   error: 'Failed to parse URL from /api/diagnostics/client'
release	Build and verify public release	2026-10-04T03:11:47.0995365Z # }
release	Build and verify public release	2026-10-04T03:11:47.9784617Z # Subtest: 顶部重新读取实际刷新生涯并丢弃未应用预览
release	Build and verify public release	2026-10-04T03:11:47.9785700Z ok 95 - 顶部重新读取实际刷新生涯并丢弃未应用预览
release	Build and verify public release	2026-10-04T03:11:47.9786324Z   ---
release	Build and verify public release	2026-10-04T03:11:47.9786850Z   duration_ms: 3447.0863
release	Build and verify public release	2026-10-04T03:11:47.9787422Z   type: 'test'
release	Build and verify public release	2026-10-04T03:11:47.9787931Z   ...
release	Build and verify public release	2026-10-04T03:11:48.1644332Z # live recommendation diagnostic failed {
release	Build and verify public release	2026-10-04T03:11:48.1645275Z #   reason: 'has-payload',
release	Build and verify public release	2026-10-04T03:11:48.1645989Z #   key: '164:top:CLASSIC:11:emerald_plus:none',
release	Build and verify public release	2026-10-04T03:11:48.1646716Z #   error: 'Failed to parse URL from /api/diagnostics/client'
release	Build and verify public release	2026-10-04T03:11:48.1647262Z # }
release	Build and verify public release	2026-10-04T03:11:51.2219147Z # Subtest: 收藏账户条复用主页背景和圆头像，并只保留两项事实
release	Build and verify public release	2026-10-04T03:11:51.2220526Z ok 96 - 收藏账户条复用主页背景和圆头像，并只保留两项事实
release	Build and verify public release	2026-10-04T03:11:51.2220887Z   ---
release	Build and verify public release	2026-10-04T03:11:51.2221147Z   duration_ms: 3220.2169
release	Build and verify public release	2026-10-04T03:11:51.2221449Z   type: 'test'
release	Build and verify public release	2026-10-04T03:11:51.2221674Z   ...
release	Build and verify public release	2026-10-04T03:11:51.4094453Z # live recommendation diagnostic failed {
release	Build and verify public release	2026-10-04T03:11:51.4094899Z #   reason: 'has-payload',
release	Build and verify public release	2026-10-04T03:11:51.4095440Z #   key: '164:top:CLASSIC:11:emerald_plus:none',
release	Build and verify public release	2026-10-04T03:11:51.4096168Z #   error: 'Failed to parse URL from /api/diagnostics/client'
release	Build and verify public release	2026-10-04T03:11:51.4096563Z # }
release	Build and verify public release	2026-10-04T03:11:54.4654223Z # Subtest: 游戏时间分布下方提供等栏宽分享按钮，并在选定路径后生成桌面双列长图
release	Build and verify public release	2026-10-04T03:11:54.4656291Z ok 97 - 游戏时间分布下方提供等栏宽分享按钮，并在选定路径后生成桌面双列长图
release	Build and verify public release	2026-10-04T03:11:54.4658053Z   ---
release	Build and verify public release	2026-10-04T03:11:54.4658396Z   duration_ms: 2191.3035
release	Build and verify public release	2026-10-04T03:11:54.4658775Z   type: 'test'
release	Build and verify public release	2026-10-04T03:11:54.4659066Z   ...
release	Build and verify public release	2026-10-04T03:11:55.5784890Z # live recommendation diagnostic failed {
release	Build and verify public release	2026-10-04T03:11:55.5785922Z #   reason: 'has-payload',
release	Build and verify public release	2026-10-04T03:11:55.5786713Z #   key: '164:top:CLASSIC:11:emerald_plus:none',
release	Build and verify public release	2026-10-04T03:11:55.5787465Z #   error: 'Failed to parse URL from /api/diagnostics/client'
release	Build and verify public release	2026-10-04T03:11:55.5787994Z # }
release	Build and verify public release	2026-10-04T03:11:56.3343256Z # Subtest: 分享图按 50 场设置截断当前已加载战绩
release	Build and verify public release	2026-10-04T03:11:56.3344801Z ok 98 - 分享图按 50 场设置截断当前已加载战绩
release	Build and verify public release	2026-10-04T03:11:56.3345385Z   ---
release	Build and verify public release	2026-10-04T03:11:56.3345808Z   duration_ms: 3025.6992
release	Build and verify public release	2026-10-04T03:11:56.3346260Z   type: 'test'
release	Build and verify public release	2026-10-04T03:11:56.3346620Z   ...
release	Build and verify public release	2026-10-04T03:11:56.5223764Z # live recommendation diagnostic failed {
release	Build and verify public release	2026-10-04T03:11:56.5224441Z #   reason: 'has-payload',
release	Build and verify public release	2026-10-04T03:11:56.5225350Z #   key: '164:top:CLASSIC:11:emerald_plus:none',
release	Build and verify public release	2026-10-04T03:11:56.5225987Z #   error: 'Failed to parse URL from /api/diagnostics/client'
release	Build and verify public release	2026-10-04T03:11:56.5226307Z # }
release	Build and verify public release	2026-10-04T03:11:58.0841623Z # Subtest: 排位分区在负场缺失时也能渲染出胜率提示
release	Build and verify public release	2026-10-04T03:11:58.0842321Z ok 99 - 排位分区在负场缺失时也能渲染出胜率提示
release	Build and verify public release	2026-10-04T03:11:58.0842683Z   ---
release	Build and verify public release	2026-10-04T03:11:58.0843004Z   duration_ms: 1679.0491
release	Build and verify public release	2026-10-04T03:11:58.0843373Z   type: 'test'
release	Build and verify public release	2026-10-04T03:11:58.0843668Z   ...
release	Build and verify public release	2026-10-04T03:11:58.2795872Z # live recommendation diagnostic failed {
release	Build and verify public release	2026-10-04T03:11:58.2796606Z #   reason: 'has-payload',
release	Build and verify public release	2026-10-04T03:11:58.2797204Z #   key: '164:top:CLASSIC:11:emerald_plus:none',
release	Build and verify public release	2026-10-04T03:11:58.2797968Z #   error: 'Failed to parse URL from /api/diagnostics/client'
release	Build and verify public release	2026-10-04T03:11:58.2798536Z # }
release	Build and verify public release	2026-10-04T03:12:01.2633080Z # Subtest: 渲染异常会切到可重试的错误态，而不是永远停在骨架屏
release	Build and verify public release	2026-10-04T03:12:01.2633915Z ok 100 - 渲染异常会切到可重试的错误态，而不是永远停在骨架屏
release	Build and verify public release	2026-10-04T03:12:01.2634187Z   ---
release	Build and verify public release	2026-10-04T03:12:01.2634446Z   duration_ms: 3277.1527
release	Build and verify public release	2026-10-04T03:12:01.2634674Z   type: 'test'
release	Build and verify public release	2026-10-04T03:12:01.2634871Z   ...
release	Build and verify public release	2026-10-04T03:12:01.4524886Z # live recommendation diagnostic failed {
release	Build and verify public release	2026-10-04T03:12:01.4525335Z #   reason: 'has-payload',
release	Build and verify public release	2026-10-04T03:12:01.4526903Z #   key: '164:top:CLASSIC:11:emerald_plus:none',
release	Build and verify public release	2026-10-04T03:12:01.4527715Z #   error: 'Failed to parse URL from /api/diagnostics/client'
release	Build and verify public release	2026-10-04T03:12:01.4528224Z # }
release	Build and verify public release	2026-10-04T03:12:04.6398852Z # Subtest: 已有总览刷新时保留当前内容，不退回整页骨架
release	Build and verify public release	2026-10-04T03:12:04.6399577Z ok 101 - 已有总览刷新时保留当前内容，不退回整页骨架
release	Build and verify public release	2026-10-04T03:12:04.6399883Z   ---
release	Build and verify public release	2026-10-04T03:12:04.6400145Z   duration_ms: 3333.1876
release	Build and verify public release	2026-10-04T03:12:04.6400440Z   type: 'test'
release	Build and verify public release	2026-10-04T03:12:04.6400672Z   ...
release	Build and verify public release	2026-10-04T03:12:04.8324598Z # live recommendation diagnostic failed {
release	Build and verify public release	2026-10-04T03:12:04.8325462Z #   reason: 'has-payload',
release	Build and verify public release	2026-10-04T03:12:04.8326141Z #   key: '164:top:CLASSIC:11:emerald_plus:none',
release	Build and verify public release	2026-10-04T03:12:04.8326726Z #   error: 'Failed to parse URL from /api/diagnostics/client'
release	Build and verify public release	2026-10-04T03:12:04.8327598Z # }
release	Build and verify public release	2026-10-04T03:12:07.7816043Z # Subtest: 客户端退出后总览显示可重试提示，不退回空白页
release	Build and verify public release	2026-10-04T03:12:07.7817612Z ok 102 - 客户端退出后总览显示可重试提示，不退回空白页
release	Build and verify public release	2026-10-04T03:12:07.7817945Z   ---
release	Build and verify public release	2026-10-04T03:12:07.7818180Z   duration_ms: 3186.2951
release	Build and verify public release	2026-10-04T03:12:07.7818513Z   type: 'test'
release	Build and verify public release	2026-10-04T03:12:07.7818810Z   ...
release	Build and verify public release	2026-10-04T03:12:07.9668446Z # live recommendation diagnostic failed {
release	Build and verify public release	2026-10-04T03:12:07.9669127Z #   reason: 'has-payload',
release	Build and verify public release	2026-10-04T03:12:07.9669988Z #   key: '164:top:CLASSIC:11:emerald_plus:none',
release	Build and verify public release	2026-10-04T03:12:07.9671082Z #   error: 'Failed to parse URL from /api/diagnostics/client'
release	Build and verify public release	2026-10-04T03:12:07.9671494Z # }
release	Build and verify public release	2026-10-04T03:12:10.0304807Z # live recommendation diagnostic failed {
release	Build and verify public release	2026-10-04T03:12:10.0305342Z #   reason: 'cached',
release	Build and verify public release	2026-10-04T03:12:10.0305739Z #   key: '164:top:CLASSIC:11:emerald_plus:none',
release	Build and verify public release	2026-10-04T03:12:10.0306804Z #   error: 'Failed to parse URL from /api/diagnostics/client'
release	Build and verify public release	2026-10-04T03:12:10.0307257Z # }
release	Build and verify public release	2026-10-04T03:12:11.4087447Z # Subtest: 推荐请求期间遮罩只覆盖 tab 下方面板，并按内容提示
release	Build and verify public release	2026-10-04T03:12:11.4088261Z ok 103 - 推荐请求期间遮罩只覆盖 tab 下方面板，并按内容提示
release	Build and verify public release	2026-10-04T03:12:11.4088638Z   ---
release	Build and verify public release	2026-10-04T03:12:11.4088906Z   duration_ms: 3610.0618
release	Build and verify public release	2026-10-04T03:12:11.4089196Z   type: 'test'
release	Build and verify public release	2026-10-04T03:12:11.4089422Z   ...
release	Build and verify public release	2026-10-04T03:12:11.5944836Z # live recommendation diagnostic failed {
release	Build and verify public release	2026-10-04T03:12:11.5946022Z #   reason: 'has-payload',
release	Build and verify public release	2026-10-04T03:12:11.5946609Z #   key: '164:top:CLASSIC:11:emerald_plus:none',
release	Build and verify public release	2026-10-04T03:12:11.5947388Z #   error: 'Failed to parse URL from /api/diagnostics/client'
release	Build and verify public release	2026-10-04T03:12:11.5947978Z # }
release	Build and verify public release	2026-10-04T03:12:14.8121533Z # Subtest: 对局页出装推荐渲染，且不再出现「后期备选」
release	Build and verify public release	2026-10-04T03:12:14.8122258Z ok 104 - 对局页出装推荐渲染，且不再出现「后期备选」
release	Build and verify public release	2026-10-04T03:12:14.8122643Z   ---
release	Build and verify public release	2026-10-04T03:12:14.8122969Z   duration_ms: 3430.2635
release	Build and verify public release	2026-10-04T03:12:14.8123357Z   type: 'test'
release	Build and verify public release	2026-10-04T03:12:14.8123694Z   ...
release	Build and verify public release	2026-10-04T03:12:15.0115259Z # live recommendation diagnostic failed {
release	Build and verify public release	2026-10-04T03:12:15.0116003Z #   reason: 'has-payload',
release	Build and verify public release	2026-10-04T03:12:15.0116703Z #   key: '164:top:CLASSIC:11:emerald_plus:none',
release	Build and verify public release	2026-10-04T03:12:15.0117362Z #   error: 'Failed to parse URL from /api/diagnostics/client'
release	Build and verify public release	2026-10-04T03:12:15.0117708Z # }
release	Build and verify public release	2026-10-04T03:12:18.2972398Z # Subtest: 核心装只展示胜率与场次，不再展示选取率
release	Build and verify public release	2026-10-04T03:12:18.2973164Z ok 105 - 核心装只展示胜率与场次，不再展示选取率
release	Build and verify public release	2026-10-04T03:12:18.2973581Z   ---
release	Build and verify public release	2026-10-04T03:12:18.2973915Z   duration_ms: 3459.7875
release	Build and verify public release	2026-10-04T03:12:18.2974609Z   type: 'test'
release	Build and verify public release	2026-10-04T03:12:18.2974812Z   ...
release	Build and verify public release	2026-10-04T03:12:18.4834559Z # live recommendation diagnostic failed {
release	Build and verify public release	2026-10-04T03:12:18.4835386Z #   reason: 'has-payload',
release	Build and verify public release	2026-10-04T03:12:18.4835984Z #   key: '164:top:CLASSIC:11:emerald_plus:none',
release	Build and verify public release	2026-10-04T03:12:18.4836679Z #   error: 'Failed to parse URL from /api/diagnostics/client'
release	Build and verify public release	2026-10-04T03:12:18.4837015Z # }
release	Build and verify public release	2026-10-04T03:12:21.7449510Z # Subtest: 技能加点的选取率/胜率/场次与技能图标同一行
release	Build and verify public release	2026-10-04T03:12:21.7450630Z ok 106 - 技能加点的选取率/胜率/场次与技能图标同一行
release	Build and verify public release	2026-10-04T03:12:21.7451247Z   ---
release	Build and verify public release	2026-10-04T03:12:21.7451645Z   duration_ms: 3451.1725
release	Build and verify public release	2026-10-04T03:12:21.7452052Z   type: 'test'
release	Build and verify public release	2026-10-04T03:12:21.7452375Z   ...
release	Build and verify public release	2026-10-04T03:12:21.9322236Z # live recommendation diagnostic failed {
release	Build and verify public release	2026-10-04T03:12:21.9322735Z #   reason: 'has-payload',
release	Build and verify public release	2026-10-04T03:12:21.9323265Z #   key: '164:top:CLASSIC:11:emerald_plus:none',
release	Build and verify public release	2026-10-04T03:12:21.9324179Z #   error: 'Failed to parse URL from /api/diagnostics/client'
release	Build and verify public release	2026-10-04T03:12:21.9324636Z # }
release	Build and verify public release	2026-10-04T03:12:25.1883343Z # Subtest: 对抗样本为空时给出说明文案，而不是一个「—」
release	Build and verify public release	2026-10-04T03:12:25.1884531Z ok 107 - 对抗样本为空时给出说明文案，而不是一个「—」
release	Build and verify public release	2026-10-04T03:12:25.1884993Z   ---
release	Build and verify public release	2026-10-04T03:12:25.1885307Z   duration_ms: 3425.8421
release	Build and verify public release	2026-10-04T03:12:25.1885560Z   type: 'test'
release	Build and verify public release	2026-10-04T03:12:25.1885751Z   ...
release	Build and verify public release	2026-10-04T03:12:25.3804021Z # live recommendation diagnostic failed {
release	Build and verify public release	2026-10-04T03:12:25.3804721Z #   reason: 'has-payload',
release	Build and verify public release	2026-10-04T03:12:25.3805338Z #   key: '164:top:CLASSIC:11:emerald_plus:none',
release	Build and verify public release	2026-10-04T03:12:25.3806105Z #   error: 'Failed to parse URL from /api/diagnostics/client'
release	Build and verify public release	2026-10-04T03:12:25.3806969Z # }
release	Build and verify public release	2026-10-04T03:12:34.7016832Z # Subtest: 英雄位置统计为空时显示明确说明，而不是三项破折号
release	Build and verify public release	2026-10-04T03:12:34.7018105Z ok 108 - 英雄位置统计为空时显示明确说明，而不是三项破折号
release	Build and verify public release	2026-10-04T03:12:34.7018808Z   ---
release	Build and verify public release	2026-10-04T03:12:34.7019182Z   duration_ms: 3442.5597
release	Build and verify public release	2026-10-04T03:12:34.7019577Z   type: 'test'
release	Build and verify public release	2026-10-04T03:12:34.7019923Z   ...
release	Build and verify public release	2026-10-04T03:12:34.7021325Z # Subtest: failed build timelines retry on reopening, successful timelines remain cached
release	Build and verify public release	2026-10-04T03:12:34.7022965Z ok 109 - failed build timelines retry on reopening, successful timelines remain cached
release	Build and verify public release	2026-10-04T03:12:34.7023694Z   ---
release	Build and verify public release	2026-10-04T03:12:34.7024005Z   duration_ms: 0.9381
release	Build and verify public release	2026-10-04T03:12:34.7024367Z   type: 'test'
release	Build and verify public release	2026-10-04T03:12:34.7024654Z   ...
release	Build and verify public release	2026-10-04T03:12:35.8117594Z # live recommendation diagnostic failed {
release	Build and verify public release	2026-10-04T03:12:35.8118905Z #   reason: 'has-payload',
release	Build and verify public release	2026-10-04T03:12:35.8119722Z #   key: '164:top:CLASSIC:11:emerald_plus:none',
release	Build and verify public release	2026-10-04T03:12:35.8120555Z #   error: 'Failed to parse URL from /api/diagnostics/client'
release	Build and verify public release	2026-10-04T03:12:35.8121106Z # }
release	Build and verify public release	2026-10-04T03:12:57.0100390Z # live recommendation diagnostic failed {
release	Build and verify public release	2026-10-04T03:12:57.0101555Z #   reason: 'has-payload',
release	Build and verify public release	2026-10-04T03:12:57.0102154Z #   key: '164:top:CLASSIC:11:emerald_plus:none',
release	Build and verify public release	2026-10-04T03:12:57.0102626Z #   error: 'Failed to parse URL from /api/diagnostics/client'
release	Build and verify public release	2026-10-04T03:12:57.0102950Z # }
release	Build and verify public release	2026-10-04T03:13:31.0394850Z # live recommendation diagnostic failed {
release	Build and verify public release	2026-10-04T03:13:31.0395692Z #   reason: 'has-payload',
release	Build and verify public release	2026-10-04T03:13:31.0396721Z #   key: '164:top:CLASSIC:11:emerald_plus:none',
release	Build and verify public release	2026-10-04T03:13:31.0397661Z #   error: 'Failed to parse URL from /api/diagnostics/client'
release	Build and verify public release	2026-10-04T03:13:31.0398383Z # }
release	Build and verify public release	2026-10-04T03:13:39.7623132Z # live recommendation diagnostic failed {
release	Build and verify public release	2026-10-04T03:13:39.7624258Z #   reason: 'has-payload',
release	Build and verify public release	2026-10-04T03:13:39.7625038Z #   key: '164:top:CLASSIC:11:emerald_plus:none',
release	Build and verify public release	2026-10-04T03:13:39.7625692Z #   error: 'Failed to parse URL from /api/diagnostics/client'
release	Build and verify public release	2026-10-04T03:13:39.7626218Z # }
release	Build and verify public release	2026-10-04T03:13:55.7301759Z # live recommendation diagnostic failed {
release	Build and verify public release	2026-10-04T03:13:55.7302314Z #   reason: 'has-payload',
release	Build and verify public release	2026-10-04T03:13:55.7303220Z #   key: '164:top:CLASSIC:11:emerald_plus:none',
release	Build and verify public release	2026-10-04T03:13:55.7304231Z #   error: 'Failed to parse URL from /api/diagnostics/client'
release	Build and verify public release	2026-10-04T03:13:55.7304935Z # }
release	Build and verify public release	2026-10-04T03:14:11.0859706Z # live recommendation diagnostic failed {
release	Build and verify public release	2026-10-04T03:14:11.0860780Z #   reason: 'has-payload',
release	Build and verify public release	2026-10-04T03:14:11.0861586Z #   key: '164:top:CLASSIC:11:emerald_plus:none',
release	Build and verify public release	2026-10-04T03:14:11.0862654Z #   error: 'Failed to parse URL from /api/diagnostics/client'
release	Build and verify public release	2026-10-04T03:14:11.0863109Z # }
release	Build and verify public release	2026-10-04T03:14:19.1089656Z # Subtest: R86 ADD-1 card detail, metric, legacy damage controls and timeline stay local at 200 matches
release	Build and verify public release	2026-10-04T03:14:19.1091097Z ok 110 - R86 ADD-1 card detail, metric, legacy damage controls and timeline stay local at 200 matches
release	Build and verify public release	2026-10-04T03:14:19.1091872Z   ---
release	Build and verify public release	2026-10-04T03:14:19.1092220Z   duration_ms: 110046.2333
release	Build and verify public release	2026-10-04T03:14:19.1092624Z   type: 'test'
release	Build and verify public release	2026-10-04T03:14:19.1092945Z   ...
release	Build and verify public release	2026-10-04T03:14:19.1093670Z # Subtest: R86 ADD optional cs-dialog computed zoom stays one inside the zoomed app frame
release	Build and verify public release	2026-10-04T03:14:19.1094672Z ok 111 - R86 ADD optional cs-dialog computed zoom stays one inside the zoomed app frame
release	Build and verify public release	2026-10-04T03:14:19.1095316Z   ---
release	Build and verify public release	2026-10-04T03:14:19.1095643Z   duration_ms: 305.1687
release	Build and verify public release	2026-10-04T03:14:19.1096011Z   type: 'test'
release	Build and verify public release	2026-10-04T03:14:19.1096314Z   ...
release	Build and verify public release	2026-10-04T03:14:20.4694617Z # live recommendation diagnostic failed {
release	Build and verify public release	2026-10-04T03:14:20.4808110Z #   reason: 'has-payload',
release	Build and verify public release	2026-10-04T03:14:20.5025854Z #   key: '164:top:CLASSIC:11:emerald_plus:none',
release	Build and verify public release	2026-10-04T03:14:20.5143305Z #   error: 'Failed to parse URL from /api/diagnostics/client'
release	Build and verify public release	2026-10-04T03:14:20.5178279Z # }
release	Build and verify public release	2026-10-04T03:14:21.9181628Z # live recommendation diagnostic failed {
release	Build and verify public release	2026-10-04T03:14:21.9183584Z #   reason: 'has-payload',
release	Build and verify public release	2026-10-04T03:14:21.9184554Z #   key: '164:top:CLASSIC:11:emerald_plus:none',
release	Build and verify public release	2026-10-04T03:14:21.9185311Z #   error: 'Failed to parse URL from /api/diagnostics/client'
release	Build and verify public release	2026-10-04T03:14:21.9185768Z # }
release	Build and verify public release	2026-10-04T03:14:30.0624549Z # Subtest: R86 ADD-1 failed timelines wait for explicit retry and keep unrelated cards
release	Build and verify public release	2026-10-04T03:14:30.0626019Z ok 112 - R86 ADD-1 failed timelines wait for explicit retry and keep unrelated cards
release	Build and verify public release	2026-10-04T03:14:30.0626850Z   ---
release	Build and verify public release	2026-10-04T03:14:30.0627681Z   duration_ms: 4539.4791
release	Build and verify public release	2026-10-04T03:14:30.0628259Z   type: 'test'
release	Build and verify public release	2026-10-04T03:14:30.0628700Z   ...
release	Build and verify public release	2026-10-04T03:14:31.8971112Z # live recommendation diagnostic failed {
release	Build and verify public release	2026-10-04T03:14:31.8972271Z #   reason: 'has-payload',
release	Build and verify public release	2026-10-04T03:14:31.8973131Z #   key: '164:top:CLASSIC:11:emerald_plus:none',
release	Build and verify public release	2026-10-04T03:14:31.8973960Z #   error: 'Failed to parse URL from /api/diagnostics/client'
release	Build and verify public release	2026-10-04T03:14:31.8974536Z # }
release	Build and verify public release	2026-10-04T03:14:41.7556505Z # live recommendation diagnostic failed {
release	Build and verify public release	2026-10-04T03:14:41.7558218Z #   reason: 'has-payload',
release	Build and verify public release	2026-10-04T03:14:41.7558917Z #   key: '164:top:CLASSIC:11:emerald_plus:none',
release	Build and verify public release	2026-10-04T03:14:41.7560222Z #   error: 'Failed to parse URL from /api/diagnostics/client'
release	Build and verify public release	2026-10-04T03:14:41.7560843Z # }
release	Build and verify public release	2026-10-04T03:14:43.1726257Z # Subtest: R86 ADD-1 late timeline cannot reveal a filtered-out card
release	Build and verify public release	2026-10-04T03:14:43.1727423Z ok 113 - R86 ADD-1 late timeline cannot reveal a filtered-out card
release	Build and verify public release	2026-10-04T03:14:43.1728122Z   ---
release	Build and verify public release	2026-10-04T03:14:43.1728637Z   duration_ms: 19510.5544
release	Build and verify public release	2026-10-04T03:14:43.1729164Z   type: 'test'
release	Build and verify public release	2026-10-04T03:14:43.1729586Z   ...
release	Build and verify public release	2026-10-04T03:14:43.3595831Z # live recommendation diagnostic failed {
release	Build and verify public release	2026-10-04T03:14:43.3596710Z #   reason: 'has-payload',
release	Build and verify public release	2026-10-04T03:14:43.3597405Z #   key: '164:top:CLASSIC:11:emerald_plus:none',
release	Build and verify public release	2026-10-04T03:14:43.3597926Z #   error: 'Failed to parse URL from /api/diagnostics/client'
release	Build and verify public release	2026-10-04T03:14:43.3598350Z # }
release	Build and verify public release	2026-10-04T03:14:47.0043087Z # live recommendation diagnostic failed {
release	Build and verify public release	2026-10-04T03:14:47.0043932Z #   reason: 'has-payload',
release	Build and verify public release	2026-10-04T03:14:47.0044893Z #   key: '164:top:CLASSIC:11:emerald_plus:none',
release	Build and verify public release	2026-10-04T03:14:47.0045806Z #   error: 'Failed to parse URL from /api/diagnostics/client'
release	Build and verify public release	2026-10-04T03:14:47.0046514Z # }
release	Build and verify public release	2026-10-04T03:14:50.2440252Z # Subtest: R86 hero search preserves input and coalesces five keystrokes (including bypass mutation)
release	Build and verify public release	2026-10-04T03:14:50.2441647Z ok 114 - R86 hero search preserves input and coalesces five keystrokes (including bypass mutation)
release	Build and verify public release	2026-10-04T03:14:50.2442274Z   ---
release	Build and verify public release	2026-10-04T03:14:50.2442610Z   duration_ms: 7057.8238
release	Build and verify public release	2026-10-04T03:14:50.2442944Z   type: 'test'
release	Build and verify public release	2026-10-04T03:14:50.2443215Z   ...
release	Build and verify public release	2026-10-04T03:14:50.4300481Z # live recommendation diagnostic failed {
release	Build and verify public release	2026-10-04T03:14:50.4301264Z #   reason: 'has-payload',
release	Build and verify public release	2026-10-04T03:14:50.4301683Z #   key: '164:top:CLASSIC:11:emerald_plus:none',
release	Build and verify public release	2026-10-04T03:14:50.4302388Z #   error: 'Failed to parse URL from /api/diagnostics/client'
release	Build and verify public release	2026-10-04T03:14:50.4302912Z # }
release	Build and verify public release	2026-10-04T03:14:52.6950621Z # live recommendation diagnostic failed {
release	Build and verify public release	2026-10-04T03:14:52.6951357Z #   reason: 'has-payload',
release	Build and verify public release	2026-10-04T03:14:52.6951926Z #   key: '164:top:CLASSIC:11:emerald_plus:none',
release	Build and verify public release	2026-10-04T03:14:52.6952626Z #   error: 'Failed to parse URL from /api/diagnostics/client'
release	Build and verify public release	2026-10-04T03:14:52.6953184Z # }
release	Build and verify public release	2026-10-04T03:14:54.4825911Z # Subtest: R86 tools fetch only active tab plus rig, then load claims on demand
release	Build and verify public release	2026-10-04T03:14:54.4827731Z ok 115 - R86 tools fetch only active tab plus rig, then load claims on demand
release	Build and verify public release	2026-10-04T03:14:54.4828387Z   ---
release	Build and verify public release	2026-10-04T03:14:54.4828623Z   duration_ms: 4243.7905
release	Build and verify public release	2026-10-04T03:14:54.4828861Z   type: 'test'
release	Build and verify public release	2026-10-04T03:14:54.4829056Z   ...
release	Build and verify public release	2026-10-04T03:14:54.6696865Z # live recommendation diagnostic failed {
release	Build and verify public release	2026-10-04T03:14:54.6697902Z #   reason: 'has-payload',
release	Build and verify public release	2026-10-04T03:14:54.6698526Z #   key: '164:top:CLASSIC:11:emerald_plus:none',
release	Build and verify public release	2026-10-04T03:14:54.6699328Z #   error: 'Failed to parse URL from /api/diagnostics/client'
release	Build and verify public release	2026-10-04T03:14:54.6700093Z # }
release	Build and verify public release	2026-10-04T03:14:55.3072404Z # live recommendation diagnostic failed {
release	Build and verify public release	2026-10-04T03:14:55.3074223Z #   reason: 'has-payload',
release	Build and verify public release	2026-10-04T03:14:55.3074815Z #   key: '164:top:CLASSIC:11:emerald_plus:none',
release	Build and verify public release	2026-10-04T03:14:55.3075736Z #   error: 'Failed to parse URL from /api/diagnostics/client'
release	Build and verify public release	2026-10-04T03:14:55.3076095Z # }
release	Build and verify public release	2026-10-04T03:14:55.3187570Z # live recommendation diagnostic failed {
release	Build and verify public release	2026-10-04T03:14:55.3188230Z #   reason: 'has-payload',
release	Build and verify public release	2026-10-04T03:14:55.3188828Z #   key: '164:top:CLASSIC:11:emerald_plus:none',
release	Build and verify public release	2026-10-04T03:14:55.3189655Z #   error: 'Failed to parse URL from /api/diagnostics/client'
release	Build and verify public release	2026-10-04T03:14:55.3190245Z # }
release	Build and verify public release	2026-10-04T03:14:57.4631555Z # live recommendation diagnostic failed {
release	Build and verify public release	2026-10-04T03:14:57.4950083Z #   reason: 'has-payload',
release	Build and verify public release	2026-10-04T03:14:57.5010314Z #   key: '164:top:CLASSIC:11:emerald_plus:none',
release	Build and verify public release	2026-10-04T03:14:57.5194048Z #   error: 'Failed to parse URL from /api/diagnostics/client'
release	Build and verify public release	2026-10-04T03:14:57.5195858Z # }
release	Build and verify public release	2026-10-04T03:14:58.5295963Z # Subtest: R86 healthy SSE reduces phase polling while closed SSE retains one-second fallback
release	Build and verify public release	2026-10-04T03:14:58.5297389Z ok 116 - R86 healthy SSE reduces phase polling while closed SSE retains one-second fallback
release	Build and verify public release	2026-10-04T03:14:58.5297983Z   ---
release	Build and verify public release	2026-10-04T03:14:58.5298258Z   duration_ms: 3984.4608
release	Build and verify public release	2026-10-04T03:14:58.5298556Z   type: 'test'
release	Build and verify public release	2026-10-04T03:14:58.5298791Z   ...
release	Build and verify public release	2026-10-04T03:14:58.7205735Z # live recommendation diagnostic failed {
release	Build and verify public release	2026-10-04T03:14:58.7206369Z #   reason: 'has-payload',
release	Build and verify public release	2026-10-04T03:14:58.7206984Z #   key: '164:top:CLASSIC:11:emerald_plus:none',
release	Build and verify public release	2026-10-04T03:14:58.7207569Z #   error: 'Failed to parse URL from /api/diagnostics/client'
release	Build and verify public release	2026-10-04T03:14:58.7207909Z # }
release	Build and verify public release	2026-10-04T03:15:00.9342729Z # live recommendation diagnostic failed {
release	Build and verify public release	2026-10-04T03:15:00.9343465Z #   reason: 'has-payload',
release	Build and verify public release	2026-10-04T03:15:00.9344055Z #   key: '164:top:CLASSIC:11:emerald_plus:none',
release	Build and verify public release	2026-10-04T03:15:00.9344821Z #   error: 'Failed to parse URL from /api/diagnostics/client'
release	Build and verify public release	2026-10-04T03:15:00.9345200Z # }
release	Build and verify public release	2026-10-04T03:15:10.1655102Z # Subtest: R86 external match expansion preserves unrelated cards
release	Build and verify public release	2026-10-04T03:15:10.1657060Z ok 117 - R86 external match expansion preserves unrelated cards
release	Build and verify public release	2026-10-04T03:15:10.1657733Z   ---
release	Build and verify public release	2026-10-04T03:15:10.1658618Z   duration_ms: 4723.9488
release	Build and verify public release	2026-10-04T03:15:10.1659239Z   type: 'test'
release	Build and verify public release	2026-10-04T03:15:10.1659608Z   ...
release	Build and verify public release	2026-10-04T03:15:30.6074807Z # Subtest: R86 filtering 200 loaded matches hides entries without rebuilding or refetching
release	Build and verify public release	2026-10-04T03:15:30.6076640Z ok 118 - R86 filtering 200 loaded matches hides entries without rebuilding or refetching
release	Build and verify public release	2026-10-04T03:15:30.6077388Z   ---
release	Build and verify public release	2026-10-04T03:15:30.6077725Z   duration_ms: 21222.363
release	Build and verify public release	2026-10-04T03:15:30.6078104Z   type: 'test'
release	Build and verify public release	2026-10-04T03:15:30.6078380Z   ...
release	Build and verify public release	2026-10-04T03:15:31.4585258Z # live recommendation diagnostic failed {
release	Build and verify public release	2026-10-04T03:15:31.4585864Z #   reason: 'has-payload',
release	Build and verify public release	2026-10-04T03:15:31.4586468Z #   key: '164:top:CLASSIC:11:emerald_plus:none',
release	Build and verify public release	2026-10-04T03:15:31.4587116Z #   error: 'Failed to parse URL from /api/diagnostics/client'
release	Build and verify public release	2026-10-04T03:15:31.4587452Z # }
release	Build and verify public release	2026-10-04T03:15:40.9137389Z # Subtest: R86 image listeners and tab scroll remain bounded including independent image-listener bypass
release	Build and verify public release	2026-10-04T03:15:40.9139009Z ok 119 - R86 image listeners and tab scroll remain bounded including independent image-listener bypass
release	Build and verify public release	2026-10-04T03:15:40.9139911Z   ---
release	Build and verify public release	2026-10-04T03:15:40.9140463Z   duration_ms: 16626.3415
release	Build and verify public release	2026-10-04T03:15:40.9140859Z   type: 'test'
release	Build and verify public release	2026-10-04T03:15:40.9141217Z   ...
release	Build and verify public release	2026-10-04T03:15:40.9142213Z # Subtest: R86 scroll restoration is resize-driven, restores clamped position and yields to user input
release	Build and verify public release	2026-10-04T03:15:40.9143500Z ok 120 - R86 scroll restoration is resize-driven, restores clamped position and yields to user input
release	Build and verify public release	2026-10-04T03:15:40.9144237Z   ---
release	Build and verify public release	2026-10-04T03:15:40.9144933Z   duration_ms: 20.974
release	Build and verify public release	2026-10-04T03:15:40.9145278Z   type: 'test'
release	Build and verify public release	2026-10-04T03:15:40.9145960Z   ...
release	Build and verify public release	2026-10-04T03:15:41.1009578Z # live recommendation diagnostic failed {
release	Build and verify public release	2026-10-04T03:15:41.1010657Z #   reason: 'has-payload',
release	Build and verify public release	2026-10-04T03:15:41.1011231Z #   key: '164:top:CLASSIC:11:emerald_plus:none',
release	Build and verify public release	2026-10-04T03:15:41.1012356Z #   error: 'Failed to parse URL from /api/diagnostics/client'
release	Build and verify public release	2026-10-04T03:15:41.1012849Z # }
release	Build and verify public release	2026-10-04T03:15:42.3985674Z # live recommendation diagnostic failed {
release	Build and verify public release	2026-10-04T03:15:42.3986554Z #   reason: 'has-payload',
release	Build and verify public release	2026-10-04T03:15:42.3987284Z #   key: '164:top:CLASSIC:11:emerald_plus:none',
release	Build and verify public release	2026-10-04T03:15:42.3988084Z #   error: 'Failed to parse URL from /api/diagnostics/client'
release	Build and verify public release	2026-10-04T03:15:42.3988497Z # }
release	Build and verify public release	2026-10-04T03:15:43.7139873Z # live recommendation diagnostic failed {
release	Build and verify public release	2026-10-04T03:15:43.7140510Z #   reason: 'has-payload',
release	Build and verify public release	2026-10-04T03:15:43.7141076Z #   key: '164:top:CLASSIC:11:emerald_plus:none',
release	Build and verify public release	2026-10-04T03:15:43.7141823Z #   error: 'Failed to parse URL from /api/diagnostics/client'
release	Build and verify public release	2026-10-04T03:15:43.7142167Z # }
release	Build and verify public release	2026-10-04T03:15:45.7410796Z # live recommendation diagnostic failed {
release	Build and verify public release	2026-10-04T03:15:45.7411491Z #   reason: 'has-payload',
release	Build and verify public release	2026-10-04T03:15:45.7412259Z #   key: '164:top:CLASSIC:11:emerald_plus:none',
release	Build and verify public release	2026-10-04T03:15:45.7412932Z #   error: 'Failed to parse URL from /api/diagnostics/client'
release	Build and verify public release	2026-10-04T03:15:45.7413429Z # }
release	Build and verify public release	2026-10-04T03:15:47.0410987Z # live recommendation diagnostic failed {
release	Build and verify public release	2026-10-04T03:15:47.0411547Z #   reason: 'has-payload',
release	Build and verify public release	2026-10-04T03:15:47.0411991Z #   key: '164:top:CLASSIC:11:emerald_plus:none',
release	Build and verify public release	2026-10-04T03:15:47.0412568Z #   error: 'Failed to parse URL from /api/diagnostics/client'
release	Build and verify public release	2026-10-04T03:15:47.0412995Z # }
release	Build and verify public release	2026-10-04T03:15:47.4950333Z # Subtest: R87 P9 external champselect events preserve modal scroll, input and composition
release	Build and verify public release	2026-10-04T03:15:47.4951773Z ok 121 - R87 P9 external champselect events preserve modal scroll, input and composition
release	Build and verify public release	2026-10-04T03:15:47.4952586Z   ---
release	Build and verify public release	2026-10-04T03:15:47.4952992Z   duration_ms: 7248.7851
release	Build and verify public release	2026-10-04T03:15:47.4953470Z   type: 'test'
release	Build and verify public release	2026-10-04T03:15:47.4953790Z   ...
release	Build and verify public release	2026-10-04T03:15:47.4954596Z # Subtest: R104 quota recovery keeps the first-load skeleton and existing matches visible
release	Build and verify public release	2026-10-04T03:15:47.4955917Z ok 122 - R104 quota recovery keeps the first-load skeleton and existing matches visible
release	Build and verify public release	2026-10-04T03:15:47.4956693Z   ---
release	Build and verify public release	2026-10-04T03:15:47.4957039Z   duration_ms: 11.5833
release	Build and verify public release	2026-10-04T03:15:47.4957444Z   type: 'test'
release	Build and verify public release	2026-10-04T03:15:47.4957755Z   ...
release	Build and verify public release	2026-10-04T03:15:47.4958598Z # Subtest: R112 KR average-tier errors retry only visible active cards, then cache real values
release	Build and verify public release	2026-10-04T03:15:47.4960289Z ok 123 - R112 KR average-tier errors retry only visible active cards, then cache real values
release	Build and verify public release	2026-10-04T03:15:47.4961112Z   ---
release	Build and verify public release	2026-10-04T03:15:47.4961473Z   duration_ms: 13.6465
release	Build and verify public release	2026-10-04T03:15:47.4961803Z   type: 'test'
release	Build and verify public release	2026-10-04T03:15:47.4962029Z   ...
release	Build and verify public release	2026-10-04T03:15:47.4962414Z # Subtest: R117 career column is rebuilt only when its own inputs change
release	Build and verify public release	2026-10-04T03:15:47.4962949Z ok 124 - R117 career column is rebuilt only when its own inputs change
release	Build and verify public release	2026-10-04T03:15:47.4963320Z   ---
release	Build and verify public release	2026-10-04T03:15:47.4963605Z   duration_ms: 23.0121
release	Build and verify public release	2026-10-04T03:15:47.4963902Z   type: 'test'
release	Build and verify public release	2026-10-04T03:15:47.4964182Z   ...
release	Build and verify public release	2026-10-04T03:15:47.7501532Z # Subtest: 定制便携版模板存在且保留缓存秒开的关键行为
release	Build and verify public release	2026-10-04T03:15:47.7502370Z ok 125 - 定制便携版模板存在且保留缓存秒开的关键行为
release	Build and verify public release	2026-10-04T03:15:47.7502840Z   ---
release	Build and verify public release	2026-10-04T03:15:47.7503256Z   duration_ms: 3.2435
release	Build and verify public release	2026-10-04T03:15:47.7503736Z   type: 'test'
release	Build and verify public release	2026-10-04T03:15:47.7504115Z   ...
release	Build and verify public release	2026-10-04T03:15:47.7504859Z # Subtest: 打包配置与模板配套：asarUnpack 后端、不再使用解压期启动图
release	Build and verify public release	2026-10-04T03:15:47.7505640Z ok 126 - 打包配置与模板配套：asarUnpack 后端、不再使用解压期启动图
release	Build and verify public release	2026-10-04T03:15:47.7506202Z   ---
release	Build and verify public release	2026-10-04T03:15:47.7608491Z   duration_ms: 1.396
release	Build and verify public release	2026-10-04T03:15:47.7609539Z   type: 'test'
release	Build and verify public release	2026-10-04T03:15:47.7609877Z   ...
release	Build and verify public release	2026-10-04T03:15:47.7610707Z # Subtest: 所有桌面运行时本地模块都进入 app.asar 和源码指纹
release	Build and verify public release	2026-10-04T03:15:47.7611630Z ok 127 - 所有桌面运行时本地模块都进入 app.asar 和源码指纹
release	Build and verify public release	2026-10-04T03:15:47.7612042Z   ---
release	Build and verify public release	2026-10-04T03:15:47.7612747Z   duration_ms: 4.3267
release	Build and verify public release	2026-10-04T03:15:47.7613098Z   type: 'test'
release	Build and verify public release	2026-10-04T03:15:47.7613576Z   ...
release	Build and verify public release	2026-10-04T03:15:47.7615300Z # Subtest: Shell 只构建 setup 并复用 Electron 下载缓存
release	Build and verify public release	2026-10-04T03:15:47.7616231Z ok 128 - Shell 只构建 setup 并复用 Electron 下载缓存
release	Build and verify public release	2026-10-04T03:15:47.7616726Z   ---
release	Build and verify public release	2026-10-04T03:15:47.7617072Z   duration_ms: 1.1939
release	Build and verify public release	2026-10-04T03:15:47.7617482Z   type: 'test'
release	Build and verify public release	2026-10-04T03:15:47.7617781Z   ...
release	Build and verify public release	2026-10-04T03:15:47.7618445Z # Subtest: 历史 portable 模板工具替换指纹占位符并拒绝过期模板
release	Build and verify public release	2026-10-04T03:15:47.7619193Z ok 129 - 历史 portable 模板工具替换指纹占位符并拒绝过期模板
release	Build and verify public release	2026-10-04T03:15:47.7620046Z   ---
release	Build and verify public release	2026-10-04T03:15:47.7620408Z   duration_ms: 22.0466
release	Build and verify public release	2026-10-04T03:15:47.7620800Z   type: 'test'
release	Build and verify public release	2026-10-04T03:15:47.7621399Z   ...
release	Build and verify public release	2026-10-04T03:15:47.7622318Z # Subtest: 模板前置校验拒绝未替换占位符，后端内容变化会改变指纹
release	Build and verify public release	2026-10-04T03:15:47.7623056Z ok 130 - 模板前置校验拒绝未替换占位符，后端内容变化会改变指纹
release	Build and verify public release	2026-10-04T03:15:47.7623495Z   ---
release	Build and verify public release	2026-10-04T03:15:47.7623867Z   duration_ms: 15.8824
release	Build and verify public release	2026-10-04T03:15:47.7624262Z   type: 'test'
release	Build and verify public release	2026-10-04T03:15:47.7624610Z   ...
release	Build and verify public release	2026-10-04T03:15:47.7625136Z # Subtest: 模板指纹仅读取指定工作目录的四个输入
release	Build and verify public release	2026-10-04T03:15:47.7625757Z ok 131 - 模板指纹仅读取指定工作目录的四个输入
release	Build and verify public release	2026-10-04T03:15:47.7626148Z   ---
release	Build and verify public release	2026-10-04T03:15:47.7626489Z   duration_ms: 13.4335
release	Build and verify public release	2026-10-04T03:15:47.7626874Z   type: 'test'
release	Build and verify public release	2026-10-04T03:15:47.7627200Z   ...
release	Build and verify public release	2026-10-04T03:15:47.7627845Z # Subtest: 交错执行破坏性模板测试不会污染另一个构建的后端和模板
release	Build and verify public release	2026-10-04T03:15:47.7628521Z ok 132 - 交错执行破坏性模板测试不会污染另一个构建的后端和模板
release	Build and verify public release	2026-10-04T03:15:47.7628950Z   ---
release	Build and verify public release	2026-10-04T03:15:47.7629298Z   duration_ms: 35.2926
release	Build and verify public release	2026-10-04T03:15:47.7629694Z   type: 'test'
release	Build and verify public release	2026-10-04T03:15:47.7630007Z   ...
release	Build and verify public release	2026-10-04T03:15:47.7630662Z # Subtest: 默认只有 setup 目标，安装选项和外观资源保持完整
release	Build and verify public release	2026-10-04T03:15:47.7631361Z ok 133 - 默认只有 setup 目标，安装选项和外观资源保持完整
release	Build and verify public release	2026-10-04T03:15:47.7631791Z   ---
release	Build and verify public release	2026-10-04T03:15:47.7632133Z   duration_ms: 0.7222
release	Build and verify public release	2026-10-04T03:15:47.7632514Z   type: 'test'
release	Build and verify public release	2026-10-04T03:15:47.7632830Z   ...
release	Build and verify public release	2026-10-04T03:15:47.7633713Z # Subtest: R71 executable resource editing stays enabled and branded setup has exactly two choices
release	Build and verify public release	2026-10-04T03:15:47.7635506Z ok 134 - R71 executable resource editing stays enabled and branded setup has exactly two choices
release	Build and verify public release	2026-10-04T03:15:47.7636809Z   ---
release	Build and verify public release	2026-10-04T03:15:47.7637532Z   duration_ms: 2.2394
release	Build and verify public release	2026-10-04T03:15:47.7637994Z   type: 'test'
release	Build and verify public release	2026-10-04T03:15:47.7638331Z   ...
release	Build and verify public release	2026-10-04T03:15:47.7639089Z # Subtest: NSIS page functions wait until standard builder plugins are available
release	Build and verify public release	2026-10-04T03:15:47.7640257Z ok 135 - NSIS page functions wait until standard builder plugins are available
release	Build and verify public release	2026-10-04T03:15:47.7640992Z   ---
release	Build and verify public release	2026-10-04T03:15:47.7641748Z   duration_ms: 0.5761
release	Build and verify public release	2026-10-04T03:15:47.7642363Z   type: 'test'
release	Build and verify public release	2026-10-04T03:15:47.7642692Z   ...
release	Build and verify public release	2026-10-04T03:15:47.7643411Z # Subtest: 职业页懒加载、所有分组/账号、缺失状态、筛选缓存与安全转义
release	Build and verify public release	2026-10-04T03:15:47.7644104Z ok 136 - 职业页懒加载、所有分组/账号、缺失状态、筛选缓存与安全转义
release	Build and verify public release	2026-10-04T03:15:47.7644489Z   ---
release	Build and verify public release	2026-10-04T03:15:47.7644827Z   duration_ms: 870.9712
release	Build and verify public release	2026-10-04T03:15:47.7645500Z   type: 'test'
release	Build and verify public release	2026-10-04T03:15:47.7646201Z   ...
release	Build and verify public release	2026-10-04T03:15:47.7646783Z # Subtest: 加载互斥、失败保留旧表、恢复与来源不可用名单
release	Build and verify public release	2026-10-04T03:15:47.7647707Z ok 137 - 加载互斥、失败保留旧表、恢复与来源不可用名单
release	Build and verify public release	2026-10-04T03:15:47.7648109Z   ---
release	Build and verify public release	2026-10-04T03:15:47.7648470Z   duration_ms: 512.8839
release	Build and verify public release	2026-10-04T03:15:47.7648871Z   type: 'test'
release	Build and verify public release	2026-10-04T03:15:47.7649178Z   ...
release	Build and verify public release	2026-10-04T03:15:47.7649747Z # Subtest: 国服每次打开折叠；韩服下方入口可键盘聚焦且不修改大区
release	Build and verify public release	2026-10-04T03:15:47.7650430Z ok 138 - 国服每次打开折叠；韩服下方入口可键盘聚焦且不修改大区
release	Build and verify public release	2026-10-04T03:15:47.7650861Z   ---
release	Build and verify public release	2026-10-04T03:15:47.7651195Z   duration_ms: 2347.7276
release	Build and verify public release	2026-10-04T03:15:47.7651605Z   type: 'test'
release	Build and verify public release	2026-10-04T03:15:47.7651933Z   ...
release	Build and verify public release	2026-10-04T03:15:47.7652594Z # Subtest: 统一总览按国服、韩服、职业分组，同一账号跨组隔离且保留滚动和目录焦点
release	Build and verify public release	2026-10-04T03:15:47.7653339Z ok 139 - 统一总览按国服、韩服、职业分组，同一账号跨组隔离且保留滚动和目录焦点
release	Build and verify public release	2026-10-04T03:15:47.7653821Z   ---
release	Build and verify public release	2026-10-04T03:15:47.7654184Z   duration_ms: 4547.6063
release	Build and verify public release	2026-10-04T03:15:47.7654583Z   type: 'test'
release	Build and verify public release	2026-10-04T03:15:47.7654908Z   ...
release	Build and verify public release	2026-10-04T03:15:47.7655586Z # Subtest: 补充来源未更新保留提示，重新进入不重复阻塞整页，手动刷新可重试
release	Build and verify public release	2026-10-04T03:15:47.7656379Z ok 140 - 补充来源未更新保留提示，重新进入不重复阻塞整页，手动刷新可重试
release	Build and verify public release	2026-10-04T03:15:47.7656982Z   ---
release	Build and verify public release	2026-10-04T03:15:47.7657634Z   duration_ms: 297.0233
release	Build and verify public release	2026-10-04T03:15:47.7658050Z   type: 'test'
release	Build and verify public release	2026-10-04T03:15:47.7658372Z   ...
release	Build and verify public release	2026-10-04T03:15:47.7658943Z # Subtest: 职业列表后台补充自动更新，离开页面停止轮询
release	Build and verify public release	2026-10-04T03:15:47.7659553Z ok 141 - 职业列表后台补充自动更新，离开页面停止轮询
release	Build and verify public release	2026-10-04T03:15:47.7659957Z   ---
release	Build and verify public release	2026-10-04T03:15:47.7660305Z   duration_ms: 5197.6582
release	Build and verify public release	2026-10-04T03:15:47.7660718Z   type: 'test'
release	Build and verify public release	2026-10-04T03:15:47.7661046Z   ...
release	Build and verify public release	2026-10-04T03:15:47.7661586Z # Subtest: R73 最近账号、历史折叠、只看最新账号及会话核验
release	Build and verify public release	2026-10-04T03:15:47.7662247Z ok 142 - R73 最近账号、历史折叠、只看最新账号及会话核验
release	Build and verify public release	2026-10-04T03:15:47.7662669Z   ---
release	Build and verify public release	2026-10-04T03:15:47.7662988Z   duration_ms: 293.7057
release	Build and verify public release	2026-10-04T03:15:47.7663335Z   type: 'test'
release	Build and verify public release	2026-10-04T03:15:47.7663611Z   ...
release	Build and verify public release	2026-10-04T03:15:47.7664097Z # Subtest: R73 真正点击后才核验：差异与404标记，502不误判
release	Build and verify public release	2026-10-04T03:15:47.7664686Z     # Subtest: {"proMismatch":true}
release	Build and verify public release	2026-10-04T03:15:47.7665272Z     ok 1 - {"proMismatch":true}
release	Build and verify public release	2026-10-04T03:15:47.7665761Z       ---
release	Build and verify public release	2026-10-04T03:15:47.7666162Z       duration_ms: 1997.6609
release	Build and verify public release	2026-10-04T03:15:47.7666642Z       type: 'test'
release	Build and verify public release	2026-10-04T03:15:47.7667003Z       ...
release	Build and verify public release	2026-10-04T03:15:47.7667438Z     # Subtest: {"overviewStatus":404}
release	Build and verify public release	2026-10-04T03:15:47.7668022Z     ok 2 - {"overviewStatus":404}
release	Build and verify public release	2026-10-04T03:15:47.7668479Z       ---
release	Build and verify public release	2026-10-04T03:15:47.7668875Z       duration_ms: 1586.4205
release	Build and verify public release	2026-10-04T03:15:47.7669317Z       type: 'test'
release	Build and verify public release	2026-10-04T03:15:47.7669686Z       ...
release	Build and verify public release	2026-10-04T03:15:47.7670121Z     # Subtest: {"overviewStatus":502}
release	Build and verify public release	2026-10-04T03:15:47.7670695Z     ok 3 - {"overviewStatus":502}
release	Build and verify public release	2026-10-04T03:15:47.7671157Z       ---
release	Build and verify public release	2026-10-04T03:15:47.7671544Z       duration_ms: 1811.6716
release	Build and verify public release	2026-10-04T03:15:47.7671990Z       type: 'test'
release	Build and verify public release	2026-10-04T03:15:47.7672362Z       ...
release	Build and verify public release	2026-10-04T03:15:47.7672673Z     1..3
release	Build and verify public release	2026-10-04T03:15:47.7673228Z ok 143 - R73 真正点击后才核验：差异与404标记，502不误判
release	Build and verify public release	2026-10-04T03:15:47.7673648Z   ---
release	Build and verify public release	2026-10-04T03:15:47.7674006Z   duration_ms: 5397.2077
release	Build and verify public release	2026-10-04T03:15:47.7674742Z   type: 'test'
release	Build and verify public release	2026-10-04T03:15:47.7675059Z   ...
release	Build and verify public release	2026-10-04T03:15:47.7675894Z # Subtest: 职业目录仅保留返回总览，返回后保留全部已打开页签
release	Build and verify public release	2026-10-04T03:15:47.7676552Z ok 144 - 职业目录仅保留返回总览，返回后保留全部已打开页签
release	Build and verify public release	2026-10-04T03:15:47.7676964Z   ---
release	Build and verify public release	2026-10-04T03:15:47.7677298Z   duration_ms: 4099.5515
release	Build and verify public release	2026-10-04T03:15:47.7677971Z   type: 'test'
release	Build and verify public release	2026-10-04T03:15:47.7678286Z   ...
release	Build and verify public release	2026-10-04T03:15:47.7678850Z # Subtest: 未知更新时间的补充账号保持展示，不出现120天未玩的断言
release	Build and verify public release	2026-10-04T03:15:47.7679589Z ok 145 - 未知更新时间的补充账号保持展示，不出现120天未玩的断言
release	Build and verify public release	2026-10-04T03:15:47.7680017Z   ---
release	Build and verify public release	2026-10-04T03:15:47.7680361Z   duration_ms: 113.2065
release	Build and verify public release	2026-10-04T03:15:47.7680758Z   type: 'test'
release	Build and verify public release	2026-10-04T03:15:47.7681076Z   ...
release	Build and verify public release	2026-10-04T03:15:47.7681590Z # Subtest: 玩家页签各自保留纵向位置，跨页面返回也不串位
release	Build and verify public release	2026-10-04T03:15:47.7682201Z ok 146 - 玩家页签各自保留纵向位置，跨页面返回也不串位
release	Build and verify public release	2026-10-04T03:15:47.7682603Z   ---
release	Build and verify public release	2026-10-04T03:15:47.7682944Z   duration_ms: 4439.9533
release	Build and verify public release	2026-10-04T03:15:47.7683346Z   type: 'test'
release	Build and verify public release	2026-10-04T03:15:47.7683647Z   ...
release	Build and verify public release	2026-10-04T03:15:47.7684281Z # Subtest: R112 导出状态只属于当前诊断页；离开、迟到和乱序完成均不污染新页面
release	Build and verify public release	2026-10-04T03:15:47.7685058Z ok 147 - R112 导出状态只属于当前诊断页；离开、迟到和乱序完成均不污染新页面
release	Build and verify public release	2026-10-04T03:15:47.7685550Z   ---
release	Build and verify public release	2026-10-04T03:15:47.7685888Z   duration_ms: 2021.4535
release	Build and verify public release	2026-10-04T03:15:47.7686287Z   type: 'test'
release	Build and verify public release	2026-10-04T03:15:47.7686617Z   ...
release	Build and verify public release	2026-10-04T03:15:47.7687652Z # Subtest: OPGG season summary actually replaces recent sample in both overview workspaces without a history reload
release	Build and verify public release	2026-10-04T03:15:47.7689330Z ok 148 - OPGG season summary actually replaces recent sample in both overview workspaces without a history reload
release	Build and verify public release	2026-10-04T03:15:47.7690287Z   ---
release	Build and verify public release	2026-10-04T03:15:47.7690632Z   duration_ms: 3191.0357
release	Build and verify public release	2026-10-04T03:15:47.7691016Z   type: 'test'
release	Build and verify public release	2026-10-04T03:15:47.7691320Z   ...
release	Build and verify public release	2026-10-04T03:15:47.7691913Z # Subtest: 当前对局独立置顶、两队十人、无评分和多余标记，分组后不会污染玩家战绩
release	Build and verify public release	2026-10-04T03:15:47.7692665Z ok 149 - 当前对局独立置顶、两队十人、无评分和多余标记，分组后不会污染玩家战绩
release	Build and verify public release	2026-10-04T03:15:47.7693134Z   ---
release	Build and verify public release	2026-10-04T03:15:47.7693478Z   duration_ms: 2005.1478
release	Build and verify public release	2026-10-04T03:15:47.7693901Z   type: 'test'
release	Build and verify public release	2026-10-04T03:15:47.7694223Z   ...
release	Build and verify public release	2026-10-04T03:15:47.7694797Z # Subtest: R74 零战绩当前对局也加载技能目录，未加载时不伪造技能名称
release	Build and verify public release	2026-10-04T03:15:47.7695518Z ok 150 - R74 零战绩当前对局也加载技能目录，未加载时不伪造技能名称
release	Build and verify public release	2026-10-04T03:15:47.7695969Z   ---
release	Build and verify public release	2026-10-04T03:15:47.7696314Z   duration_ms: 1079.4539
release	Build and verify public release	2026-10-04T03:15:47.7696713Z   type: 'test'
release	Build and verify public release	2026-10-04T03:15:47.7697024Z   ...
release	Build and verify public release	2026-10-04T03:15:47.7697592Z # Subtest: R100 菜单键盘可达空组、异步重绘保焦、离开总览关闭菜单
release	Build and verify public release	2026-10-04T03:15:47.7698608Z ok 151 - R100 菜单键盘可达空组、异步重绘保焦、离开总览关闭菜单
release	Build and verify public release	2026-10-04T03:15:47.7699048Z   ---
release	Build and verify public release	2026-10-04T03:15:47.7699379Z   duration_ms: 1812.4918
release	Build and verify public release	2026-10-04T03:15:47.7699821Z   type: 'test'
release	Build and verify public release	2026-10-04T03:15:47.7700089Z   ...
release	Build and verify public release	2026-10-04T03:15:47.7700564Z # Subtest: 国服总览保留战绩但不渲染或请求当前对局和观战
release	Build and verify public release	2026-10-04T03:15:47.7701110Z ok 152 - 国服总览保留战绩但不渲染或请求当前对局和观战
release	Build and verify public release	2026-10-04T03:15:47.7701464Z   ---
release	Build and verify public release	2026-10-04T03:15:47.7701752Z   duration_ms: 1675.4362
release	Build and verify public release	2026-10-04T03:15:47.7702100Z   type: 'test'
release	Build and verify public release	2026-10-04T03:15:47.7702354Z   ...
release	Build and verify public release	2026-10-04T03:15:47.7703007Z # Subtest: R97 management filters and rows exclude expanded and academy teams
release	Build and verify public release	2026-10-04T03:15:47.7704391Z ok 153 - R97 management filters and rows exclude expanded and academy teams
release	Build and verify public release	2026-10-04T03:15:47.7705330Z   ---
release	Build and verify public release	2026-10-04T03:15:47.7705687Z   duration_ms: 185.7514
release	Build and verify public release	2026-10-04T03:15:47.7706094Z   type: 'test'
release	Build and verify public release	2026-10-04T03:15:47.7706408Z   ...
release	Build and verify public release	2026-10-04T03:15:47.7707259Z # Subtest: R100 empty national/KR/pro groups stay selectable and preserve distinct empty states
release	Build and verify public release	2026-10-04T03:15:47.7708620Z ok 154 - R100 empty national/KR/pro groups stay selectable and preserve distinct empty states
release	Build and verify public release	2026-10-04T03:15:47.7709454Z   ---
release	Build and verify public release	2026-10-04T03:15:47.7709809Z   duration_ms: 1514.0978
release	Build and verify public release	2026-10-04T03:15:47.7710212Z   type: 'test'
release	Build and verify public release	2026-10-04T03:15:47.7710543Z   ...
release	Build and verify public release	2026-10-04T03:15:47.7710983Z # Subtest: TestR102NoPrimaryBadgeRendered
release	Build and verify public release	2026-10-04T03:15:47.7711612Z ok 155 - TestR102NoPrimaryBadgeRendered
release	Build and verify public release	2026-10-04T03:15:47.7712108Z   ---
release	Build and verify public release	2026-10-04T03:15:47.7712515Z   duration_ms: 120.8109
release	Build and verify public release	2026-10-04T03:15:47.7712913Z   type: 'test'
release	Build and verify public release	2026-10-04T03:15:47.7713247Z   ...
release	Build and verify public release	2026-10-04T03:15:47.7713841Z # Subtest: TestR102LatestOnlyTogglesShowsFirstAccountOnly
release	Build and verify public release	2026-10-04T03:15:47.7714720Z ok 156 - TestR102LatestOnlyTogglesShowsFirstAccountOnly
release	Build and verify public release	2026-10-04T03:15:47.7715316Z   ---
release	Build and verify public release	2026-10-04T03:15:47.7715661Z   duration_ms: 200.9375
release	Build and verify public release	2026-10-04T03:15:47.7716048Z   type: 'test'
release	Build and verify public release	2026-10-04T03:15:47.7716360Z   ...
release	Build and verify public release	2026-10-04T03:15:47.7716875Z # Subtest: TestR102ButtonLabelSaysLatestNotPrimary
release	Build and verify public release	2026-10-04T03:15:47.7717635Z ok 157 - TestR102ButtonLabelSaysLatestNotPrimary
release	Build and verify public release	2026-10-04T03:15:47.7718476Z   ---
release	Build and verify public release	2026-10-04T03:15:47.7718827Z   duration_ms: 63.8916
release	Build and verify public release	2026-10-04T03:15:47.7719197Z   type: 'test'
release	Build and verify public release	2026-10-04T03:15:47.7719511Z   ...
release	Build and verify public release	2026-10-04T03:15:47.7720036Z # Subtest: TestR102HighlightUsesOriginalAccountIndex
release	Build and verify public release	2026-10-04T03:15:47.7720834Z ok 158 - TestR102HighlightUsesOriginalAccountIndex
release	Build and verify public release	2026-10-04T03:15:47.7721390Z   ---
release	Build and verify public release	2026-10-04T03:15:47.7721730Z   duration_ms: 172.614
release	Build and verify public release	2026-10-04T03:15:47.7722119Z   type: 'test'
release	Build and verify public release	2026-10-04T03:15:47.7722481Z   ...
release	Build and verify public release	2026-10-04T03:15:47.7722926Z # live recommendation diagnostic failed {
release	Build and verify public release	2026-10-04T03:15:47.7723499Z #   reason: 'has-payload',
release	Build and verify public release	2026-10-04T03:15:47.7724072Z #   key: '69:mid:CLASSIC:11:emerald_plus:none',
release	Build and verify public release	2026-10-04T03:15:47.7724828Z #   error: 'Failed to parse URL from /api/diagnostics/client'
release	Build and verify public release	2026-10-04T03:15:47.7725426Z # }
release	Build and verify public release	2026-10-04T03:15:47.7726189Z # Subtest: R75/R76 actual page: pro rows, degradation capture, incomplete and offline
release	Build and verify public release	2026-10-04T03:15:47.7727373Z ok 159 - R75/R76 actual page: pro rows, degradation capture, incomplete and offline
release	Build and verify public release	2026-10-04T03:15:47.7728100Z   ---
release	Build and verify public release	2026-10-04T03:15:47.7728447Z   duration_ms: 6353.6642
release	Build and verify public release	2026-10-04T03:15:47.7728863Z   type: 'test'
release	Build and verify public release	2026-10-04T03:15:47.7729177Z   ...
release	Build and verify public release	2026-10-04T03:15:47.7729617Z # live recommendation diagnostic failed {
release	Build and verify public release	2026-10-04T03:15:47.7730171Z #   reason: 'has-payload',
release	Build and verify public release	2026-10-04T03:15:47.7730734Z #   key: '69:mid:CLASSIC:11:emerald_plus:none',
release	Build and verify public release	2026-10-04T03:15:47.7731489Z #   error: 'Failed to parse URL from /api/diagnostics/client'
release	Build and verify public release	2026-10-04T03:15:47.7732053Z # }
release	Build and verify public release	2026-10-04T03:15:47.7732768Z # Subtest: R75/R76 actual page: pro rows, degradation 1/99, incomplete and offline
release	Build and verify public release	2026-10-04T03:15:47.7733907Z ok 160 - R75/R76 actual page: pro rows, degradation 1/99, incomplete and offline
release	Build and verify public release	2026-10-04T03:15:47.7734609Z   ---
release	Build and verify public release	2026-10-04T03:15:47.7735017Z   duration_ms: 5389.7776
release	Build and verify public release	2026-10-04T03:15:47.7735417Z   type: 'test'
release	Build and verify public release	2026-10-04T03:15:47.7735744Z   ...
release	Build and verify public release	2026-10-04T03:15:47.7736185Z # live recommendation diagnostic failed {
release	Build and verify public release	2026-10-04T03:15:47.7736723Z #   reason: 'has-payload',
release	Build and verify public release	2026-10-04T03:15:47.7737295Z #   key: '69:mid:CLASSIC:11:emerald_plus:none',
release	Build and verify public release	2026-10-04T03:15:47.7738435Z #   error: 'Failed to parse URL from /api/diagnostics/client'
release	Build and verify public release	2026-10-04T03:15:47.7739031Z # }
release	Build and verify public release	2026-10-04T03:15:47.7739765Z # Subtest: R75/R76 actual page: pro rows, degradation 10/30, incomplete and offline
release	Build and verify public release	2026-10-04T03:15:47.7740908Z ok 161 - R75/R76 actual page: pro rows, degradation 10/30, incomplete and offline
release	Build and verify public release	2026-10-04T03:15:47.7741897Z   ---
release	Build and verify public release	2026-10-04T03:15:47.7742257Z   duration_ms: 5761.7169
release	Build and verify public release	2026-10-04T03:15:47.7742913Z   type: 'test'
release	Build and verify public release	2026-10-04T03:15:47.7743234Z   ...
release	Build and verify public release	2026-10-04T03:15:47.7743922Z # Subtest: parses Chromium proxy resolution without accepting credentials
release	Build and verify public release	2026-10-04T03:15:47.7744994Z ok 162 - parses Chromium proxy resolution without accepting credentials
release	Build and verify public release	2026-10-04T03:15:47.7745662Z   ---
release	Build and verify public release	2026-10-04T03:15:47.7746003Z   duration_ms: 2.1559
release	Build and verify public release	2026-10-04T03:15:47.7746401Z   type: 'test'
release	Build and verify public release	2026-10-04T03:15:47.7746715Z   ...
release	Build and verify public release	2026-10-04T03:15:47.7747394Z # Subtest: system proxy resolution times out or falls back to direct safely
release	Build and verify public release	2026-10-04T03:15:47.7748479Z ok 163 - system proxy resolution times out or falls back to direct safely
release	Build and verify public release	2026-10-04T03:15:47.7749165Z   ---
release	Build and verify public release	2026-10-04T03:15:47.7749513Z   duration_ms: 5.6142
release	Build and verify public release	2026-10-04T03:15:47.7749898Z   type: 'test'
release	Build and verify public release	2026-10-04T03:15:47.7750206Z   ...
release	Build and verify public release	2026-10-04T03:15:47.7751236Z # Subtest: R100 P7 first native save persists independently; second and restart save without prompt; no overwrite
release	Build and verify public release	2026-10-04T03:15:47.7752908Z ok 164 - R100 P7 first native save persists independently; second and restart save without prompt; no overwrite
release	Build and verify public release	2026-10-04T03:15:47.7753880Z   ---
release	Build and verify public release	2026-10-04T03:15:47.7754222Z   duration_ms: 31.6273
release	Build and verify public release	2026-10-04T03:15:47.7754623Z   type: 'test'
release	Build and verify public release	2026-10-04T03:15:47.7754946Z   ...
release	Build and verify public release	2026-10-04T03:15:47.7755802Z # Subtest: R100 P7 deleted/replaced directory re-prompts at actual write; cancel cleans staging
release	Build and verify public release	2026-10-04T03:15:47.7757187Z ok 165 - R100 P7 deleted/replaced directory re-prompts at actual write; cancel cleans staging
release	Build and verify public release	2026-10-04T03:15:47.7758000Z   ---
release	Build and verify public release	2026-10-04T03:15:47.7758628Z   duration_ms: 45.3528
release	Build and verify public release	2026-10-04T03:15:47.7759042Z   type: 'test'
release	Build and verify public release	2026-10-04T03:15:47.7759370Z   ...
release	Build and verify public release	2026-10-04T03:15:47.7760170Z # Subtest: R100 P7 rejects foreign renderer and symbolic link files; packaged controller
release	Build and verify public release	2026-10-04T03:15:47.7761420Z ok 166 - R100 P7 rejects foreign renderer and symbolic link files; packaged controller
release	Build and verify public release	2026-10-04T03:15:47.7762195Z   ---
release	Build and verify public release	2026-10-04T03:15:47.7762553Z   duration_ms: 14.459
release	Build and verify public release	2026-10-04T03:15:47.7762944Z   type: 'test'
release	Build and verify public release	2026-10-04T03:15:47.7763260Z   ...
release	Build and verify public release	2026-10-04T03:15:47.7764098Z # Subtest: R100 P7 failed SavePath access and window disposal remove private staged downloads
release	Build and verify public release	2026-10-04T03:15:47.7765416Z ok 167 - R100 P7 failed SavePath access and window disposal remove private staged downloads
release	Build and verify public release	2026-10-04T03:15:47.7766208Z   ---
release	Build and verify public release	2026-10-04T03:15:47.7766556Z   duration_ms: 36.2857
release	Build and verify public release	2026-10-04T03:15:47.7766941Z   type: 'test'
release	Build and verify public release	2026-10-04T03:15:47.7767262Z   ...
release	Build and verify public release	2026-10-04T03:15:47.7768123Z # Subtest: R110 either export chooses the same remembered folder and updates settings immediately
release	Build and verify public release	2026-10-04T03:15:47.7769519Z ok 168 - R110 either export chooses the same remembered folder and updates settings immediately
release	Build and verify public release	2026-10-04T03:15:47.7770343Z   ---
release	Build and verify public release	2026-10-04T03:15:47.7770675Z   duration_ms: 28.7892
release	Build and verify public release	2026-10-04T03:15:47.7771045Z   type: 'test'
release	Build and verify public release	2026-10-04T03:15:47.7771339Z   ...
release	Build and verify public release	2026-10-04T03:15:47.7772118Z # Subtest: R110 first share export updates diagnostic destination without another picker
release	Build and verify public release	2026-10-04T03:15:47.7773385Z ok 169 - R110 first share export updates diagnostic destination without another picker
release	Build and verify public release	2026-10-04T03:15:47.7774149Z   ---
release	Build and verify public release	2026-10-04T03:15:47.7774487Z   duration_ms: 9.6233
release	Build and verify public release	2026-10-04T03:15:47.7774875Z   type: 'test'
release	Build and verify public release	2026-10-04T03:15:47.7775185Z   ...
release	Build and verify public release	2026-10-04T03:15:47.7776038Z # Subtest: R110 migrates most recent valid old choice once and does not resurrect cleared settings
release	Build and verify public release	2026-10-04T03:15:47.7777455Z ok 170 - R110 migrates most recent valid old choice once and does not resurrect cleared settings
release	Build and verify public release	2026-10-04T03:15:47.7778269Z   ---
release	Build and verify public release	2026-10-04T03:15:47.7778617Z   duration_ms: 27.7593
release	Build and verify public release	2026-10-04T03:15:47.7779001Z   type: 'test'
release	Build and verify public release	2026-10-04T03:15:47.7779320Z   ...
release	Build and verify public release	2026-10-04T03:15:47.7779875Z # Subtest: R110 settings exposes a single export directory
release	Build and verify public release	2026-10-04T03:15:47.7780683Z ok 171 - R110 settings exposes a single export directory
release	Build and verify public release	2026-10-04T03:15:47.7781251Z   ---
release	Build and verify public release	2026-10-04T03:15:47.7781870Z   duration_ms: 0.9525
release	Build and verify public release	2026-10-04T03:15:47.7782265Z   type: 'test'
release	Build and verify public release	2026-10-04T03:15:47.7782830Z   ...
release	Build and verify public release	2026-10-04T03:15:47.7783978Z # Subtest: R110 shared PNG destination revalidates replaced folders and preserves PNG names
release	Build and verify public release	2026-10-04T03:15:47.7785330Z ok 172 - R110 shared PNG destination revalidates replaced folders and preserves PNG names
release	Build and verify public release	2026-10-04T03:15:47.7786140Z   ---
release	Build and verify public release	2026-10-04T03:15:47.7786509Z   duration_ms: 25.1903
release	Build and verify public release	2026-10-04T03:15:47.7786909Z   type: 'test'
release	Build and verify public release	2026-10-04T03:15:47.7787217Z   ...
release	Build and verify public release	2026-10-04T03:15:47.7788051Z # Subtest: R175 actual backend close and restart IPC export only safe panic/relaunch evidence
release	Build and verify public release	2026-10-04T03:15:47.7789402Z ok 173 - R175 actual backend close and restart IPC export only safe panic/relaunch evidence
release	Build and verify public release	2026-10-04T03:15:47.7790202Z   ---
release	Build and verify public release	2026-10-04T03:15:47.7790652Z   duration_ms: 31.5148
release	Build and verify public release	2026-10-04T03:15:47.7791182Z   type: 'test'
release	Build and verify public release	2026-10-04T03:15:47.7791622Z   ...
release	Build and verify public release	2026-10-04T03:15:47.7792708Z # Subtest: R175 relaunch marker computes elapsed time, deletes once, tolerates missing/corrupt files
release	Build and verify public release	2026-10-04T03:15:47.7795734Z ok 174 - R175 relaunch marker computes elapsed time, deletes once, tolerates missing/corrupt files
release	Build and verify public release	2026-10-04T03:15:47.7796756Z   ---
release	Build and verify public release	2026-10-04T03:15:47.7797256Z   duration_ms: 6.6182
release	Build and verify public release	2026-10-04T03:15:47.7797741Z   type: 'test'
release	Build and verify public release	2026-10-04T03:15:47.7798130Z   ...
release	Build and verify public release	2026-10-04T03:15:47.7799088Z # Subtest: R175 stderr is limited to 64 KiB; frame arguments and unreviewed fields cannot pass export
release	Build and verify public release	2026-10-04T03:15:47.7800500Z ok 175 - R175 stderr is limited to 64 KiB; frame arguments and unreviewed fields cannot pass export
release	Build and verify public release	2026-10-04T03:15:47.7801360Z   ---
release	Build and verify public release	2026-10-04T03:15:47.7803191Z   duration_ms: 6.8612
release	Build and verify public release	2026-10-04T03:15:47.7803825Z   type: 'test'
release	Build and verify public release	2026-10-04T03:15:47.7804146Z   ...
release	Build and verify public release	2026-10-04T03:15:47.7804995Z # Subtest: R185 desktop metrics sample once per minute by process type and export only safe fields
release	Build and verify public release	2026-10-04T03:15:47.7806381Z ok 176 - R185 desktop metrics sample once per minute by process type and export only safe fields
release	Build and verify public release	2026-10-04T03:15:47.7807298Z   ---
release	Build and verify public release	2026-10-04T03:15:47.7807748Z   duration_ms: 11.9224
release	Build and verify public release	2026-10-04T03:15:47.7808078Z   type: 'test'
release	Build and verify public release	2026-10-04T03:15:47.7808483Z   ...
release	Build and verify public release	2026-10-04T03:15:47.7809401Z # Subtest: R185 unknown backend memory is omitted and disposing a pending sample prevents late export
release	Build and verify public release	2026-10-04T03:15:47.7810638Z ok 177 - R185 unknown backend memory is omitted and disposing a pending sample prevents late export
release	Build and verify public release	2026-10-04T03:15:47.7811436Z   ---
release	Build and verify public release	2026-10-04T03:15:47.7811898Z   duration_ms: 2.0763
release	Build and verify public release	2026-10-04T03:15:47.7812241Z   type: 'test'
release	Build and verify public release	2026-10-04T03:15:47.7812673Z   ...
release	Build and verify public release	2026-10-04T03:15:47.7813754Z # Subtest: R196 taskbar reminder crosses trusted IPC and stops on focus
release	Build and verify public release	2026-10-04T03:15:47.7815343Z ok 178 - R196 taskbar reminder crosses trusted IPC and stops on focus
release	Build and verify public release	2026-10-04T03:15:47.7816136Z   ---
release	Build and verify public release	2026-10-04T03:15:47.7816628Z   duration_ms: 4.4685
release	Build and verify public release	2026-10-04T03:15:47.7817170Z   type: 'test'
release	Build and verify public release	2026-10-04T03:15:47.7817610Z   ...
release	Build and verify public release	2026-10-04T03:15:47.7818627Z # Subtest: R201 patches both real extraction paths and the successful copy boundary, idempotently
release	Build and verify public release	2026-10-04T03:15:47.7820166Z ok 179 - R201 patches both real extraction paths and the successful copy boundary, idempotently
release	Build and verify public release	2026-10-04T03:15:47.7821181Z   ---
release	Build and verify public release	2026-10-04T03:15:47.7821605Z   duration_ms: 3.0813
release	Build and verify public release	2026-10-04T03:15:47.7822051Z   type: 'test'
release	Build and verify public release	2026-10-04T03:15:47.7822483Z   ...
release	Build and verify public release	2026-10-04T03:15:47.7823336Z # Subtest: R204 old-uninstaller timing wraps both scopes and preserves manual flow
release	Build and verify public release	2026-10-04T03:15:47.7824685Z ok 180 - R204 old-uninstaller timing wraps both scopes and preserves manual flow
release	Build and verify public release	2026-10-04T03:15:47.7825601Z   ---
release	Build and verify public release	2026-10-04T03:15:47.7826084Z   duration_ms: 2.5933
release	Build and verify public release	2026-10-04T03:15:47.7826603Z   type: 'test'
release	Build and verify public release	2026-10-04T03:15:47.7827099Z   ...
release	Build and verify public release	2026-10-04T03:15:47.7828056Z # Subtest: D:\\a\\Deep-Legends\\Deep-Legends\\desktop\\r87-p8-independent-verify.test.cjs
release	Build and verify public release	2026-10-04T03:15:47.7829511Z ok 25 - D:\\a\\Deep-Legends\\Deep-Legends\\desktop\\r87-p8-independent-verify.test.cjs
release	Build and verify public release	2026-10-04T03:15:47.7832236Z   ---
release	Build and verify public release	2026-10-04T03:15:47.7832731Z   duration_ms: 61.6596
release	Build and verify public release	2026-10-04T03:15:47.7833551Z   type: 'test'
release	Build and verify public release	2026-10-04T03:15:47.7833994Z   ...
release	Build and verify public release	2026-10-04T03:15:47.7835384Z # Subtest: R88 crash hooks write synchronous reviewed records without swallowing fatal exceptions
release	Build and verify public release	2026-10-04T03:15:47.7837106Z ok 182 - R88 crash hooks write synchronous reviewed records without swallowing fatal exceptions
release	Build and verify public release	2026-10-04T03:15:47.7838096Z   ---
release	Build and verify public release	2026-10-04T03:15:47.7838601Z   duration_ms: 78.674
release	Build and verify public release	2026-10-04T03:15:47.7839119Z   type: 'test'
release	Build and verify public release	2026-10-04T03:15:47.7839575Z   ...
release	Build and verify public release	2026-10-04T03:15:47.7840765Z # Subtest: R88 seven-day desktop export excludes old records in every generation and keeps crash fields private
release	Build and verify public release	2026-10-04T03:15:47.7842536Z ok 183 - R88 seven-day desktop export excludes old records in every generation and keeps crash fields private
release	Build and verify public release	2026-10-04T03:15:47.7843583Z   ---
release	Build and verify public release	2026-10-04T03:15:47.7844094Z   duration_ms: 14.5499
release	Build and verify public release	2026-10-04T03:15:47.7844613Z   type: 'test'
release	Build and verify public release	2026-10-04T03:15:47.7845083Z   ...
release	Build and verify public release	2026-10-04T03:15:47.7846229Z # Subtest: manual reread recovers a stuck overview and refreshes overview plus live without forcing the overlay
release	Build and verify public release	2026-10-04T03:15:47.7848035Z ok 184 - manual reread recovers a stuck overview and refreshes overview plus live without forcing the overlay
release	Build and verify public release	2026-10-04T03:15:47.7849101Z   ---
release	Build and verify public release	2026-10-04T03:15:47.7849622Z   duration_ms: 3185.1384
release	Build and verify public release	2026-10-04T03:15:47.7850145Z   type: 'test'
release	Build and verify public release	2026-10-04T03:15:47.7850577Z   ...
release	Build and verify public release	2026-10-04T03:15:47.7851723Z # Subtest: gameplay soft reset clears stalled pagination and recommendation failures while preserving touched tabs
release	Build and verify public release	2026-10-04T03:15:47.7853590Z ok 185 - gameplay soft reset clears stalled pagination and recommendation failures while preserving touched tabs
release	Build and verify public release	2026-10-04T03:15:47.7854948Z   ---
release	Build and verify public release	2026-10-04T03:15:47.7855390Z   duration_ms: 2.7821
release	Build and verify public release	2026-10-04T03:15:47.7855945Z   type: 'test'
release	Build and verify public release	2026-10-04T03:15:47.7874355Z   ...
release	Build and verify public release	2026-10-04T03:15:47.7893318Z # Subtest: collection-dirty is accepted by the SSE whitelist and refreshes status
release	Build and verify public release	2026-10-04T03:15:47.7899611Z ok 186 - collection-dirty is accepted by the SSE whitelist and refreshes status
release	Build and verify public release	2026-10-04T03:15:47.7900328Z   ---
release	Build and verify public release	2026-10-04T03:15:47.7901190Z   duration_ms: 2172.7515
release	Build and verify public release	2026-10-04T03:15:47.7901740Z   type: 'test'
release	Build and verify public release	2026-10-04T03:15:47.7902158Z   ...
release	Build and verify public release	2026-10-04T03:15:47.7902923Z # Subtest: dirty collection rescans on entry and view changes without duplicate refresh requests
release	Build and verify public release	2026-10-04T03:15:47.7903778Z ok 187 - dirty collection rescans on entry and view changes without duplicate refresh requests
release	Build and verify public release	2026-10-04T03:15:47.7904266Z   ---
release	Build and verify public release	2026-10-04T03:15:47.7904531Z   duration_ms: 2442.2661
release	Build and verify public release	2026-10-04T03:15:47.7904823Z   type: 'test'
release	Build and verify public release	2026-10-04T03:15:47.7905092Z   ...
release	Build and verify public release	2026-10-04T03:15:47.7905532Z # Subtest: accepted dirty rescan stays gated until clean status or timeout
release	Build and verify public release	2026-10-04T03:15:47.7906149Z ok 188 - accepted dirty rescan stays gated until clean status or timeout
release	Build and verify public release	2026-10-04T03:15:47.7906582Z   ---
release	Build and verify public release	2026-10-04T03:15:47.7906837Z   duration_ms: 1.748
release	Build and verify public release	2026-10-04T03:15:47.7907121Z   type: 'test'
release	Build and verify public release	2026-10-04T03:15:47.7907387Z   ...
release	Build and verify public release	2026-10-04T03:15:47.7907825Z # Subtest: identical forced collection refresh keeps rendered cards mounted
release	Build and verify public release	2026-10-04T03:15:47.7908446Z ok 189 - identical forced collection refresh keeps rendered cards mounted
release	Build and verify public release	2026-10-04T03:15:47.7908881Z   ---
release	Build and verify public release	2026-10-04T03:15:47.7909126Z   duration_ms: 1.7009
release	Build and verify public release	2026-10-04T03:15:47.7909395Z   type: 'test'
release	Build and verify public release	2026-10-04T03:15:47.7909634Z   ...
release	Build and verify public release	2026-10-04T03:15:47.7910149Z # Subtest: R70 app and gameplay retain cancellation ownership until body parsing completes
release	Build and verify public release	2026-10-04T03:15:47.7910878Z ok 190 - R70 app and gameplay retain cancellation ownership until body parsing completes
release	Build and verify public release	2026-10-04T03:15:47.7911346Z   ---
release	Build and verify public release	2026-10-04T03:15:47.7911617Z   duration_ms: 6.8229
release	Build and verify public release	2026-10-04T03:15:47.7911888Z   type: 'test'
release	Build and verify public release	2026-10-04T03:15:47.7912119Z   ...
release	Build and verify public release	2026-10-04T03:15:47.7912655Z # Subtest: R70 cached collection reentry avoids a request and never uses outgoing DOM snapshots
release	Build and verify public release	2026-10-04T03:15:47.7913681Z ok 191 - R70 cached collection reentry avoids a request and never uses outgoing DOM snapshots
release	Build and verify public release	2026-10-04T03:15:47.7914274Z   ---
release	Build and verify public release	2026-10-04T03:15:47.7914956Z   duration_ms: 1360.5803
release	Build and verify public release	2026-10-04T03:15:47.7915340Z   type: 'test'
release	Build and verify public release	2026-10-04T03:15:47.7915585Z   ...
release	Build and verify public release	2026-10-04T03:15:47.7916125Z # Subtest: R70 SSE overflow and reconnect resync refresh visible collection even with unchanged status
release	Build and verify public release	2026-10-04T03:15:47.7916962Z ok 192 - R70 SSE overflow and reconnect resync refresh visible collection even with unchanged status
release	Build and verify public release	2026-10-04T03:15:47.7917460Z   ---
release	Build and verify public release	2026-10-04T03:15:47.7917709Z   duration_ms: 1790.4862
release	Build and verify public release	2026-10-04T03:15:47.7918012Z   type: 'test'
release	Build and verify public release	2026-10-04T03:15:47.7918247Z   ...
release	Build and verify public release	2026-10-04T03:15:47.7918723Z # Subtest: R70 gameflow burst uses one fixed window and one non-aborting trailing request
release	Build and verify public release	2026-10-04T03:15:47.7919455Z ok 193 - R70 gameflow burst uses one fixed window and one non-aborting trailing request
release	Build and verify public release	2026-10-04T03:15:47.7919898Z   ---
release	Build and verify public release	2026-10-04T03:15:47.7920138Z   duration_ms: 2.1784
release	Build and verify public release	2026-10-04T03:15:47.7920432Z   type: 'test'
release	Build and verify public release	2026-10-04T03:15:47.7920663Z   ...
release	Build and verify public release	2026-10-04T03:15:47.7921169Z # Subtest: R70 hidden gameplay pages do not construct DOM, and destroyed pages remain inert
release	Build and verify public release	2026-10-04T03:15:47.7921932Z ok 194 - R70 hidden gameplay pages do not construct DOM, and destroyed pages remain inert
release	Build and verify public release	2026-10-04T03:15:47.7922397Z   ---
release	Build and verify public release	2026-10-04T03:15:47.7922643Z   duration_ms: 1.5927
release	Build and verify public release	2026-10-04T03:15:47.7922940Z   type: 'test'
release	Build and verify public release	2026-10-04T03:15:47.7923172Z   ...
release	Build and verify public release	2026-10-04T03:15:47.7923694Z # Subtest: R70 superseded status completion cannot overwrite current state or reschedule polling
release	Build and verify public release	2026-10-04T03:15:47.7924478Z ok 195 - R70 superseded status completion cannot overwrite current state or reschedule polling
release	Build and verify public release	2026-10-04T03:15:47.7924993Z   ---
release	Build and verify public release	2026-10-04T03:15:47.7925231Z   duration_ms: 2.6868
release	Build and verify public release	2026-10-04T03:15:47.7925498Z   type: 'test'
release	Build and verify public release	2026-10-04T03:15:47.7926084Z   ...
release	Build and verify public release	2026-10-04T03:15:47.7926703Z # Subtest: R71 collection startup issues one ensure across accepted requests, status events and scan start
release	Build and verify public release	2026-10-04T03:15:47.7927579Z ok 196 - R71 collection startup issues one ensure across accepted requests, status events and scan start
release	Build and verify public release	2026-10-04T03:15:47.7928289Z   ---
release	Build and verify public release	2026-10-04T03:15:47.7928707Z   duration_ms: 2.6058
release	Build and verify public release	2026-10-04T03:15:47.7929154Z   type: 'test'
release	Build and verify public release	2026-10-04T03:15:47.7929477Z   ...
release	Build and verify public release	2026-10-04T03:15:47.7930211Z # Subtest: R71 a failed or lost collection acceptance can retry without a permanent gate
release	Build and verify public release	2026-10-04T03:15:47.7931366Z ok 197 - R71 a failed or lost collection acceptance can retry without a permanent gate
release	Build and verify public release	2026-10-04T03:15:47.7932052Z   ---
release	Build and verify public release	2026-10-04T03:15:47.7932333Z   duration_ms: 0.5191
release	Build and verify public release	2026-10-04T03:15:47.7932613Z   type: 'test'
release	Build and verify public release	2026-10-04T03:15:47.7932880Z   ...
release	Build and verify public release	2026-10-04T03:15:47.7933563Z # Subtest: public policy rejects encrypted and plaintext keys; private requires a valid key
release	Build and verify public release	2026-10-04T03:15:47.7935108Z ok 198 - public policy rejects encrypted and plaintext keys; private requires a valid key
release	Build and verify public release	2026-10-04T03:15:47.7935827Z   ---
release	Build and verify public release	2026-10-04T03:15:47.7936131Z   duration_ms: 9.3795
release	Build and verify public release	2026-10-04T03:15:47.7936458Z   type: 'test'
release	Build and verify public release	2026-10-04T03:15:47.7936731Z   ...
release	Build and verify public release	2026-10-04T03:15:47.7937417Z # Subtest: build receipt rejects a stale packaged backend and clears obsolete approval
release	Build and verify public release	2026-10-04T03:15:47.7938504Z ok 199 - build receipt rejects a stale packaged backend and clears obsolete approval
release	Build and verify public release	2026-10-04T03:15:47.7939174Z   ---
release	Build and verify public release	2026-10-04T03:15:47.7939480Z   duration_ms: 28.0214
release	Build and verify public release	2026-10-04T03:15:47.7939821Z   type: 'test'
release	Build and verify public release	2026-10-04T03:15:47.7940101Z   ...
release	Build and verify public release	2026-10-04T03:15:47.7940833Z # Subtest: R136 public outputs have distinct names and private outputs keep release names
release	Build and verify public release	2026-10-04T03:15:47.7942011Z ok 200 - R136 public outputs have distinct names and private outputs keep release names
release	Build and verify public release	2026-10-04T03:15:47.7942700Z   ---
release	Build and verify public release	2026-10-04T03:15:47.7942986Z   duration_ms: 1.5912
release	Build and verify public release	2026-10-04T03:15:47.7943324Z   type: 'test'
release	Build and verify public release	2026-10-04T03:15:47.7943598Z   ...
release	Build and verify public release	2026-10-04T03:15:47.7944456Z # Subtest: R86 bash release stops on a real failing Go test, including an independent early-build mutation
release	Build and verify public release	2026-10-04T03:15:47.7946142Z ok 201 - R86 bash release stops on a real failing Go test, including an independent early-build mutation # SKIP
release	Build and verify public release	2026-10-04T03:15:47.7947116Z   ---
release	Build and verify public release	2026-10-04T03:15:47.7947417Z   duration_ms: 0.1876
release	Build and verify public release	2026-10-04T03:15:47.7947755Z   type: 'test'
release	Build and verify public release	2026-10-04T03:15:47.7948019Z   ...
release	Build and verify public release	2026-10-04T03:15:47.7948833Z # Subtest: R86 CI uses the package version, installs test dependencies and needs no private Riot key
release	Build and verify public release	2026-10-04T03:15:47.7950153Z ok 202 - R86 CI uses the package version, installs test dependencies and needs no private Riot key
release	Build and verify public release	2026-10-04T03:15:47.7950887Z   ---
release	Build and verify public release	2026-10-04T03:15:47.7951185Z   duration_ms: 0.8032
release	Build and verify public release	2026-10-04T03:15:47.7951504Z   type: 'test'
release	Build and verify public release	2026-10-04T03:15:47.7951781Z   ...
release	Build and verify public release	2026-10-04T03:15:47.7953446Z # Subtest: R86 Windows release stops on a real failing Go test and rejects an independent early build
release	Build and verify public release	2026-10-04T03:15:47.7955075Z ok 203 - R86 Windows release stops on a real failing Go test and rejects an independent early build
release	Build and verify public release	2026-10-04T03:15:47.7955850Z   ---
release	Build and verify public release	2026-10-04T03:15:47.7956176Z   duration_ms: 4251.0108
release	Build and verify public release	2026-10-04T03:15:47.7956515Z   type: 'test'
release	Build and verify public release	2026-10-04T03:15:47.7956776Z   ...
release	Build and verify public release	2026-10-04T03:15:47.7957666Z # Subtest: format gates exclude local toolchains and GOPATH modules while retaining untracked project source
release	Build and verify public release	2026-10-04T03:15:47.7959194Z ok 204 - format gates exclude local toolchains and GOPATH modules while retaining untracked project source # SKIP
release	Build and verify public release	2026-10-04T03:15:47.7960062Z   ---
release	Build and verify public release	2026-10-04T03:15:47.7960374Z   duration_ms: 0.1412
release	Build and verify public release	2026-10-04T03:15:47.7960713Z   type: 'test'
release	Build and verify public release	2026-10-04T03:15:47.7961000Z   ...
release	Build and verify public release	2026-10-04T03:15:47.7961639Z # Subtest: 分享图文件名会清理路径字符并固定为 PNG
release	Build and verify public release	2026-10-04T03:15:47.7962186Z ok 205 - 分享图文件名会清理路径字符并固定为 PNG
release	Build and verify public release	2026-10-04T03:15:47.7962549Z   ---
release	Build and verify public release	2026-10-04T03:15:47.7962856Z   duration_ms: 2.1921
release	Build and verify public release	2026-10-04T03:15:47.7963196Z   type: 'test'
release	Build and verify public release	2026-10-04T03:15:47.7963476Z   ...
release	Build and verify public release	2026-10-04T03:15:47.7964041Z # Subtest: 分享图载荷限制令牌、根节点、大小和主题
release	Build and verify public release	2026-10-04T03:15:47.7964567Z ok 206 - 分享图载荷限制令牌、根节点、大小和主题
release	Build and verify public release	2026-10-04T03:15:47.7964919Z   ---
release	Build and verify public release	2026-10-04T03:15:47.7965235Z   duration_ms: 1.536
release	Build and verify public release	2026-10-04T03:15:47.7965646Z   type: 'test'
release	Build and verify public release	2026-10-04T03:15:47.7965928Z   ...
release	Build and verify public release	2026-10-04T03:15:47.7966406Z # Subtest: 导出样式固定标准桌面双列并强制恢复生涯栏和水印
release	Build and verify public release	2026-10-04T03:15:47.7966957Z ok 207 - 导出样式固定标准桌面双列并强制恢复生涯栏和水印
release	Build and verify public release	2026-10-04T03:15:47.7967315Z   ---
release	Build and verify public release	2026-10-04T03:15:47.7967606Z   duration_ms: 1.5672
release	Build and verify public release	2026-10-04T03:15:47.7967946Z   type: 'test'
release	Build and verify public release	2026-10-04T03:15:47.7968226Z   ...
release	Build and verify public release	2026-10-04T03:15:47.7968801Z # Subtest: 常规总览保持 2x，超长总览按像素预算安全降采样
release	Build and verify public release	2026-10-04T03:15:47.7969384Z ok 208 - 常规总览保持 2x，超长总览按像素预算安全降采样
release	Build and verify public release	2026-10-04T03:15:47.7970582Z   ---
release	Build and verify public release	2026-10-04T03:15:47.7970795Z   duration_ms: 0.3372
release	Build and verify public release	2026-10-04T03:15:47.7971019Z   type: 'test'
release	Build and verify public release	2026-10-04T03:15:47.7971197Z   ...
release	Build and verify public release	2026-10-04T03:15:47.7971921Z # Subtest: 首次选择目录后持久化，后续自动保存且不覆盖同名 PNG
release	Build and verify public release	2026-10-04T03:15:47.7974431Z ok 209 - 首次选择目录后持久化，后续自动保存且不覆盖同名 PNG
release	Build and verify public release	2026-10-04T03:15:47.7975490Z   ---
release	Build and verify public release	2026-10-04T03:15:47.7975932Z   duration_ms: 2.7201
release	Build and verify public release	2026-10-04T03:15:47.7976398Z   type: 'test'
release	Build and verify public release	2026-10-04T03:15:47.7976755Z   ...
release	Build and verify public release	2026-10-04T03:15:47.7977345Z # Subtest: 取消保存不会创建截图窗口或写文件
release	Build and verify public release	2026-10-04T03:15:47.7977934Z ok 210 - 取消保存不会创建截图窗口或写文件
release	Build and verify public release	2026-10-04T03:15:47.7978334Z   ---
release	Build and verify public release	2026-10-04T03:15:47.7978691Z   duration_ms: 0.5149
release	Build and verify public release	2026-10-04T03:15:47.7979092Z   type: 'test'
release	Build and verify public release	2026-10-04T03:15:47.7979406Z   ...
release	Build and verify public release	2026-10-04T03:15:47.7979935Z # Subtest: 保存令牌只能使用一次，写入失败会记录脱敏错误
release	Build and verify public release	2026-10-04T03:15:47.7980421Z ok 211 - 保存令牌只能使用一次，写入失败会记录脱敏错误
release	Build and verify public release	2026-10-04T03:15:47.7980740Z   ---
release	Build and verify public release	2026-10-04T03:15:47.7981039Z   duration_ms: 0.9137
release	Build and verify public release	2026-10-04T03:15:47.7981364Z   type: 'test'
release	Build and verify public release	2026-10-04T03:15:47.7981634Z   ...
release	Build and verify public release	2026-10-04T03:15:47.7982071Z # Subtest: 不受信任的 renderer 不能选择路径或提交截图
release	Build and verify public release	2026-10-04T03:15:47.7982601Z ok 212 - 不受信任的 renderer 不能选择路径或提交截图
release	Build and verify public release	2026-10-04T03:15:47.7982991Z   ---
release	Build and verify public release	2026-10-04T03:15:47.7983272Z   duration_ms: 0.6432
release	Build and verify public release	2026-10-04T03:15:47.7983611Z   type: 'test'
release	Build and verify public release	2026-10-04T03:15:47.7983899Z   ...
release	Build and verify public release	2026-10-04T03:15:47.7984288Z # Subtest: 设置接口读取并更改主进程保存目录
release	Build and verify public release	2026-10-04T03:15:47.7984958Z ok 213 - 设置接口读取并更改主进程保存目录
release	Build and verify public release	2026-10-04T03:15:47.7985278Z   ---
release	Build and verify public release	2026-10-04T03:15:47.7985748Z   duration_ms: 1.7147
release	Build and verify public release	2026-10-04T03:15:47.7986091Z   type: 'test'
release	Build and verify public release	2026-10-04T03:15:47.7986368Z   ...
release	Build and verify public release	2026-10-04T03:15:47.7986886Z # Subtest: preload 只暴露受校验的分享接口，不暴露 ipcRenderer
release	Build and verify public release	2026-10-04T03:15:47.7987514Z ok 214 - preload 只暴露受校验的分享接口，不暴露 ipcRenderer
release	Build and verify public release	2026-10-04T03:15:47.7987923Z   ---
release	Build and verify public release	2026-10-04T03:15:47.7988196Z   duration_ms: 1.9338
release	Build and verify public release	2026-10-04T03:15:47.7988500Z   type: 'test'
release	Build and verify public release	2026-10-04T03:15:47.7988754Z   ...
release	Build and verify public release	2026-10-04T03:15:47.7989237Z # Subtest: 分享图独立窗口不携带主窗口 zoom，且使用独立内存会话
release	Build and verify public release	2026-10-04T03:15:47.7989805Z ok 215 - 分享图独立窗口不携带主窗口 zoom，且使用独立内存会话
release	Build and verify public release	2026-10-04T03:15:47.7990176Z   ---
release	Build and verify public release	2026-10-04T03:15:47.7990455Z   duration_ms: 0.8528
release	Build and verify public release	2026-10-04T03:15:47.7990774Z   type: 'test'
release	Build and verify public release	2026-10-04T03:15:47.7991028Z   ...
release	Build and verify public release	2026-10-04T03:15:47.7991654Z # Subtest: R110 share capture writes through the common validated staging controller
release	Build and verify public release	2026-10-04T03:15:47.7992761Z ok 216 - R110 share capture writes through the common validated staging controller
release	Build and verify public release	2026-10-04T03:15:47.7993741Z   ---
release	Build and verify public release	2026-10-04T03:15:47.7994072Z   duration_ms: 1.2745
release	Build and verify public release	2026-10-04T03:15:47.7994396Z   type: 'test'
release	Build and verify public release	2026-10-04T03:15:47.7994669Z   ...
release	Build and verify public release	2026-10-04T03:15:47.7995650Z # Subtest: live specialist right overview button opens exact KR overview while rune selection and return remain independent
release	Build and verify public release	2026-10-04T03:15:47.7997242Z ok 217 - live specialist right overview button opens exact KR overview while rune selection and return remain independent
release	Build and verify public release	2026-10-04T03:15:47.7998111Z   ---
release	Build and verify public release	2026-10-04T03:15:47.7998407Z   duration_ms: 3996.43
release	Build and verify public release	2026-10-04T03:15:47.7998737Z   type: 'test'
release	Build and verify public release	2026-10-04T03:15:47.7999003Z   ...
release	Build and verify public release	2026-10-04T03:15:47.7999579Z # Subtest: R86 initial CSS and JS gzip budget excludes dynamic demo data
release	Build and verify public release	2026-10-04T03:15:47.8000456Z ok 218 - R86 initial CSS and JS gzip budget excludes dynamic demo data
release	Build and verify public release	2026-10-04T03:15:47.8000979Z   ---
release	Build and verify public release	2026-10-04T03:15:47.8001265Z   duration_ms: 388.0617
release	Build and verify public release	2026-10-04T03:15:47.8001602Z   type: 'test'
release	Build and verify public release	2026-10-04T03:15:47.8001869Z   ...
release	Build and verify public release	2026-10-04T03:15:47.8002636Z # Subtest: R86 demo loads only on demand, queues calls, shows badge, and preserves native fallback
release	Build and verify public release	2026-10-04T03:15:47.8003823Z ok 219 - R86 demo loads only on demand, queues calls, shows badge, and preserves native fallback
release	Build and verify public release	2026-10-04T03:15:47.8004495Z   ---
release	Build and verify public release	2026-10-04T03:15:47.8004787Z   duration_ms: 535.6097
release	Build and verify public release	2026-10-04T03:15:47.8005133Z   type: 'test'
release	Build and verify public release	2026-10-04T03:15:47.8005398Z   ...
release	Build and verify public release	2026-10-04T03:15:47.8006035Z # Subtest: R86 demo-only loading rejects an independent production script route
release	Build and verify public release	2026-10-04T03:15:47.8007112Z ok 220 - R86 demo-only loading rejects an independent production script route
release	Build and verify public release	2026-10-04T03:15:47.8007725Z   ---
release	Build and verify public release	2026-10-04T03:15:47.8008008Z   duration_ms: 192.9697
release	Build and verify public release	2026-10-04T03:15:47.8008335Z   type: 'test'
release	Build and verify public release	2026-10-04T03:15:47.8008587Z   ...
release	Build and verify public release	2026-10-04T03:15:47.8009019Z # Subtest: R77 backend spawn waits for the splash to paint
release	Build and verify public release	2026-10-04T03:15:47.8009778Z ok 221 - R77 backend spawn waits for the splash to paint
release	Build and verify public release	2026-10-04T03:15:47.8010304Z   ---
release	Build and verify public release	2026-10-04T03:15:47.8010607Z   duration_ms: 3.7593
release	Build and verify public release	2026-10-04T03:15:47.8010995Z   type: 'test'
release	Build and verify public release	2026-10-04T03:15:47.8011300Z   ...
release	Build and verify public release	2026-10-04T03:15:47.8011781Z # Subtest: R77 splash keeps the cheap single-frame logo
release	Build and verify public release	2026-10-04T03:15:47.8012476Z ok 222 - R77 splash keeps the cheap single-frame logo
release	Build and verify public release	2026-10-04T03:15:47.8012990Z   ---
release	Build and verify public release	2026-10-04T03:15:47.8028060Z   duration_ms: 1.5049
release	Build and verify public release	2026-10-04T03:15:47.8028481Z   type: 'test'
release	Build and verify public release	2026-10-04T03:15:47.8028773Z   ...
release	Build and verify public release	2026-10-04T03:15:47.8029282Z # Subtest: R77 the instance lock still gates the backend
release	Build and verify public release	2026-10-04T03:15:47.8029989Z ok 223 - R77 the instance lock still gates the backend
release	Build and verify public release	2026-10-04T03:15:47.8030440Z   ---
release	Build and verify public release	2026-10-04T03:15:47.8030739Z   duration_ms: 0.3775
release	Build and verify public release	2026-10-04T03:15:47.8031090Z   type: 'test'
release	Build and verify public release	2026-10-04T03:15:47.8031370Z   ...
release	Build and verify public release	2026-10-04T03:15:47.8031880Z # Subtest: R77 mutation guards reject each broken boot order
release	Build and verify public release	2026-10-04T03:15:47.8032641Z ok 224 - R77 mutation guards reject each broken boot order
release	Build and verify public release	2026-10-04T03:15:47.8033350Z   ---
release	Build and verify public release	2026-10-04T03:15:47.8035390Z   duration_ms: 8.2216
release	Build and verify public release	2026-10-04T03:15:47.8035753Z   type: 'test'
release	Build and verify public release	2026-10-04T03:15:47.8036030Z   ...
release	Build and verify public release	2026-10-04T03:15:47.8036714Z # Subtest: R82 splash appears only when painted and reports its actual show time
release	Build and verify public release	2026-10-04T03:15:47.8037751Z ok 225 - R82 splash appears only when painted and reports its actual show time
release	Build and verify public release	2026-10-04T03:15:47.8038387Z   ---
release	Build and verify public release	2026-10-04T03:15:47.8038685Z   duration_ms: 7.0527
release	Build and verify public release	2026-10-04T03:15:47.8039024Z   type: 'test'
release	Build and verify public release	2026-10-04T03:15:47.8039310Z   ...
release	Build and verify public release	2026-10-04T03:15:47.8039881Z # Subtest: R82 closed splash cannot be resurrected by late readiness
release	Build and verify public release	2026-10-04T03:15:47.8040748Z ok 226 - R82 closed splash cannot be resurrected by late readiness
release	Build and verify public release	2026-10-04T03:15:47.8041309Z   ---
release	Build and verify public release	2026-10-04T03:15:47.8041598Z   duration_ms: 1.8016
release	Build and verify public release	2026-10-04T03:15:47.8041937Z   type: 'test'
release	Build and verify public release	2026-10-04T03:15:47.8042210Z   ...
release	Build and verify public release	2026-10-04T03:15:47.8042894Z # Subtest: R82 fallback boots a stalled splash; quitting cancels all startup triggers
release	Build and verify public release	2026-10-04T03:15:47.8044011Z ok 227 - R82 fallback boots a stalled splash; quitting cancels all startup triggers
release	Build and verify public release	2026-10-04T03:15:47.8044678Z   ---
release	Build and verify public release	2026-10-04T03:15:47.8044989Z   duration_ms: 7.7378
release	Build and verify public release	2026-10-04T03:15:47.8045324Z   type: 'test'
release	Build and verify public release	2026-10-04T03:15:47.8045603Z   ...
release	Build and verify public release	2026-10-04T03:15:47.8046267Z # Subtest: R82 all four requested splash mutations fail real event-driven checks
release	Build and verify public release	2026-10-04T03:15:47.8047297Z ok 228 - R82 all four requested splash mutations fail real event-driven checks
release	Build and verify public release	2026-10-04T03:15:47.8047921Z   ---
release	Build and verify public release	2026-10-04T03:15:47.8048233Z   duration_ms: 9.3309
release	Build and verify public release	2026-10-04T03:15:47.8048584Z   type: 'test'
release	Build and verify public release	2026-10-04T03:15:47.8048864Z   ...
release	Build and verify public release	2026-10-04T03:15:47.8049510Z # Subtest: summoner-updated is whitelisted for status and overview-player
release	Build and verify public release	2026-10-04T03:15:47.8050489Z ok 229 - summoner-updated is whitelisted for status and overview-player
release	Build and verify public release	2026-10-04T03:15:47.8051172Z   ---
release	Build and verify public release	2026-10-04T03:15:47.8051464Z   duration_ms: 2.1644
release	Build and verify public release	2026-10-04T03:15:47.8051805Z   type: 'test'
release	Build and verify public release	2026-10-04T03:15:47.8052075Z   ...
release	Build and verify public release	2026-10-04T03:15:47.8052892Z # Subtest: live-update debounce accumulates both events and updates the current overview in place
release	Build and verify public release	2026-10-04T03:15:47.8054519Z ok 230 - live-update debounce accumulates both events and updates the current overview in place
release	Build and verify public release	2026-10-04T03:15:47.8055307Z   ---
release	Build and verify public release	2026-10-04T03:15:47.8055627Z   duration_ms: 137.1154
release	Build and verify public release	2026-10-04T03:15:47.8056033Z   type: 'test'
release	Build and verify public release	2026-10-04T03:15:47.8056291Z   ...
release	Build and verify public release	2026-10-04T03:15:47.8056739Z # Subtest: updateStatus refreshes a connected current-tab header without resetting catalogs
release	Build and verify public release	2026-10-04T03:15:47.8057444Z ok 231 - updateStatus refreshes a connected current-tab header without resetting catalogs
release	Build and verify public release	2026-10-04T03:15:47.8057853Z   ---
release	Build and verify public release	2026-10-04T03:15:47.8058180Z   duration_ms: 0.7059
release	Build and verify public release	2026-10-04T03:15:47.8058572Z   type: 'test'
release	Build and verify public release	2026-10-04T03:15:47.8058753Z   ...
release	Build and verify public release	2026-10-04T03:15:47.8059491Z # Subtest: forced overview aborts a loading request and starts a newer request
release	Build and verify public release	2026-10-04T03:15:47.8060140Z ok 232 - forced overview aborts a loading request and starts a newer request
release	Build and verify public release	2026-10-04T03:15:47.8060513Z   ---
release	Build and verify public release	2026-10-04T03:15:47.8060692Z   duration_ms: 5.3925
release	Build and verify public release	2026-10-04T03:15:47.8060899Z   type: 'test'
release	Build and verify public release	2026-10-04T03:15:47.8061064Z   ...
release	Build and verify public release	2026-10-04T03:15:47.8061454Z # Subtest: overview-player changes only five identity fields on the current tab
release	Build and verify public release	2026-10-04T03:15:47.8062045Z ok 233 - overview-player changes only five identity fields on the current tab
release	Build and verify public release	2026-10-04T03:15:47.8062399Z   ---
release	Build and verify public release	2026-10-04T03:15:47.8062580Z   duration_ms: 1.2814
release	Build and verify public release	2026-10-04T03:15:47.8062771Z   type: 'test'
release	Build and verify public release	2026-10-04T03:15:47.8062936Z   ...
release	Build and verify public release	2026-10-04T03:15:47.8063335Z # Subtest: overview-player identity slice also updates background fields in place
release	Build and verify public release	2026-10-04T03:15:47.8063932Z ok 234 - overview-player identity slice also updates background fields in place
release	Build and verify public release	2026-10-04T03:15:47.8064294Z   ---
release	Build and verify public release	2026-10-04T03:15:47.8064490Z   duration_ms: 0.501
release	Build and verify public release	2026-10-04T03:15:47.8064694Z   type: 'test'
release	Build and verify public release	2026-10-04T03:15:47.8065061Z   ...
release	Build and verify public release	2026-10-04T03:15:47.8065482Z # Subtest: identity-ready status removes the global startup lock while snapshot loads
release	Build and verify public release	2026-10-04T03:15:47.8066223Z ok 235 - identity-ready status removes the global startup lock while snapshot loads
release	Build and verify public release	2026-10-04T03:15:47.8066610Z   ---
release	Build and verify public release	2026-10-04T03:15:47.8066797Z   duration_ms: 32.2524
release	Build and verify public release	2026-10-04T03:15:47.8067010Z   type: 'test'
release	Build and verify public release	2026-10-04T03:15:47.8067179Z   ...
release	Build and verify public release	2026-10-04T03:15:47.8067534Z # Subtest: overview refresh button exposes a stable disabled loading state
release	Build and verify public release	2026-10-04T03:15:47.8068085Z ok 236 - overview refresh button exposes a stable disabled loading state
release	Build and verify public release	2026-10-04T03:15:47.8068431Z   ---
release	Build and verify public release	2026-10-04T03:15:47.8068614Z   duration_ms: 13.175
release	Build and verify public release	2026-10-04T03:15:47.8068822Z   type: 'test'
release	Build and verify public release	2026-10-04T03:15:47.8068990Z   ...
release	Build and verify public release	2026-10-04T03:15:47.8069404Z # Subtest: manual reread awaits the backend identity refresh before hard-refresh dispatch
release	Build and verify public release	2026-10-04T03:15:47.8070057Z ok 237 - manual reread awaits the backend identity refresh before hard-refresh dispatch
release	Build and verify public release	2026-10-04T03:15:47.8070458Z   ---
release	Build and verify public release	2026-10-04T03:15:47.8070635Z   duration_ms: 0.6719
release	Build and verify public release	2026-10-04T03:15:47.8070842Z   type: 'test'
release	Build and verify public release	2026-10-04T03:15:47.8071016Z   ...
release	Build and verify public release	2026-10-04T03:15:47.8071411Z # Subtest: identity status with unresolved backdrop preserves the first overview art
release	Build and verify public release	2026-10-04T03:15:47.8072019Z ok 238 - identity status with unresolved backdrop preserves the first overview art
release	Build and verify public release	2026-10-04T03:15:47.8072398Z   ---
release	Build and verify public release	2026-10-04T03:15:47.8072574Z   duration_ms: 0.7807
release	Build and verify public release	2026-10-04T03:15:47.8072769Z   type: 'test'
release	Build and verify public release	2026-10-04T03:15:47.8072938Z   ...
release	Build and verify public release	2026-10-04T03:15:47.8073344Z # Subtest: appearance scale options exactly match the desktop steps and precede density
release	Build and verify public release	2026-10-04T03:15:47.8074336Z ok 239 - appearance scale options exactly match the desktop steps and precede density
release	Build and verify public release	2026-10-04T03:15:47.8074781Z   ---
release	Build and verify public release	2026-10-04T03:15:47.8074965Z   duration_ms: 629.5235
release	Build and verify public release	2026-10-04T03:15:47.8075174Z   type: 'test'
release	Build and verify public release	2026-10-04T03:15:47.8075338Z   ...
release	Build and verify public release	2026-10-04T03:15:47.8075724Z # Subtest: scaling applies without the desktop bridge and follows the window size
release	Build and verify public release	2026-10-04T03:15:47.8076324Z ok 240 - scaling applies without the desktop bridge and follows the window size
release	Build and verify public release	2026-10-04T03:15:47.8076679Z   ---
release	Build and verify public release	2026-10-04T03:15:47.8076863Z   duration_ms: 1283.2712
release	Build and verify public release	2026-10-04T03:15:47.8077074Z   type: 'test'
release	Build and verify public release	2026-10-04T03:15:47.8077239Z   ...
release	Build and verify public release	2026-10-04T03:15:47.8077751Z # Subtest: desktop preference wins on startup; changes persist and auto labels update the visible custom select
release	Build and verify public release	2026-10-04T03:15:47.8078573Z ok 241 - desktop preference wins on startup; changes persist and auto labels update the visible custom select
release	Build and verify public release	2026-10-04T03:15:47.8079035Z   ---
release	Build and verify public release	2026-10-04T03:15:47.8079220Z   duration_ms: 235.1374
release	Build and verify public release	2026-10-04T03:15:47.8079420Z   type: 'test'
release	Build and verify public release	2026-10-04T03:15:47.8079583Z   ...
release	Build and verify public release	2026-10-04T03:15:47.8079934Z # Subtest: a delayed get cannot undo a user selection made during startup
release	Build and verify public release	2026-10-04T03:15:47.8080451Z ok 242 - a delayed get cannot undo a user selection made during startup
release	Build and verify public release	2026-10-04T03:15:47.8080784Z   ---
release	Build and verify public release	2026-10-04T03:15:47.8080963Z   duration_ms: 199.4714
release	Build and verify public release	2026-10-04T03:15:47.8081175Z   type: 'test'
release	Build and verify public release	2026-10-04T03:15:47.8081338Z   ...
release	Build and verify public release	2026-10-04T03:15:47.8081521Z # Subtest: auto 1366x768 = 1
release	Build and verify public release	2026-10-04T03:15:47.8081752Z ok 243 - auto 1366x768 = 1
release	Build and verify public release	2026-10-04T03:15:47.8081957Z   ---
release	Build and verify public release	2026-10-04T03:15:47.8082130Z   duration_ms: 1.461
release	Build and verify public release	2026-10-04T03:15:47.8082326Z   type: 'test'
release	Build and verify public release	2026-10-04T03:15:47.8082494Z   ...
release	Build and verify public release	2026-10-04T03:15:47.8082672Z # Subtest: auto 1600x900 = 1
release	Build and verify public release	2026-10-04T03:15:47.8082899Z ok 244 - auto 1600x900 = 1
release	Build and verify public release	2026-10-04T03:15:47.8083094Z   ---
release	Build and verify public release	2026-10-04T03:15:47.8083260Z   duration_ms: 0.1431
release	Build and verify public release	2026-10-04T03:15:47.8083457Z   type: 'test'
release	Build and verify public release	2026-10-04T03:15:47.8083622Z   ...
release	Build and verify public release	2026-10-04T03:15:47.8083808Z # Subtest: auto 1920x1080 = 1
release	Build and verify public release	2026-10-04T03:15:47.8084044Z ok 245 - auto 1920x1080 = 1
release	Build and verify public release	2026-10-04T03:15:47.8084239Z   ---
release	Build and verify public release	2026-10-04T03:15:47.8084416Z   duration_ms: 0.1254
release	Build and verify public release	2026-10-04T03:15:47.8084607Z   type: 'test'
release	Build and verify public release	2026-10-04T03:15:47.8084767Z   ...
release	Build and verify public release	2026-10-04T03:15:47.8085099Z # Subtest: auto 2304x1318 = 1.2
release	Build and verify public release	2026-10-04T03:15:47.8085361Z ok 246 - auto 2304x1318 = 1.2
release	Build and verify public release	2026-10-04T03:15:47.8085651Z   ---
release	Build and verify public release	2026-10-04T03:15:47.8085828Z   duration_ms: 0.1172
release	Build and verify public release	2026-10-04T03:15:47.8086032Z   type: 'test'
release	Build and verify public release	2026-10-04T03:15:47.8086201Z   ...
release	Build and verify public release	2026-10-04T03:15:47.8086397Z # Subtest: auto 2560x1440 = 1.33
release	Build and verify public release	2026-10-04T03:15:47.8086658Z ok 247 - auto 2560x1440 = 1.33
release	Build and verify public release	2026-10-04T03:15:47.8086864Z   ---
release	Build and verify public release	2026-10-04T03:15:47.8087035Z   duration_ms: 0.2102
release	Build and verify public release	2026-10-04T03:15:47.8087225Z   type: 'test'
release	Build and verify public release	2026-10-04T03:15:47.8087391Z   ...
release	Build and verify public release	2026-10-04T03:15:47.8087585Z # Subtest: auto 2560x1600 = 1.33
release	Build and verify public release	2026-10-04T03:15:47.8087839Z ok 248 - auto 2560x1600 = 1.33
release	Build and verify public release	2026-10-04T03:15:47.8088042Z   ---
release	Build and verify public release	2026-10-04T03:15:47.8088210Z   duration_ms: 0.1116
release	Build and verify public release	2026-10-04T03:15:47.8088400Z   type: 'test'
release	Build and verify public release	2026-10-04T03:15:47.8088568Z   ...
release	Build and verify public release	2026-10-04T03:15:47.8088762Z # Subtest: auto 3440x1440 = 1.6
release	Build and verify public release	2026-10-04T03:15:47.8089005Z ok 249 - auto 3440x1440 = 1.6
release	Build and verify public release	2026-10-04T03:15:47.8089205Z   ---
release	Build and verify public release	2026-10-04T03:15:47.8089386Z   duration_ms: 0.2109
release	Build and verify public release	2026-10-04T03:15:47.8089575Z   type: 'test'
release	Build and verify public release	2026-10-04T03:15:47.8089743Z   ...
release	Build and verify public release	2026-10-04T03:15:47.8089926Z # Subtest: auto 3840x2160 = 2
release	Build and verify public release	2026-10-04T03:15:47.8090157Z ok 250 - auto 3840x2160 = 2
release	Build and verify public release	2026-10-04T03:15:47.8090352Z   ---
release	Build and verify public release	2026-10-04T03:15:47.8090526Z   duration_ms: 0.1084
release	Build and verify public release	2026-10-04T03:15:47.8090713Z   type: 'test'
release	Build and verify public release	2026-10-04T03:15:47.8090872Z   ...
release	Build and verify public release	2026-10-04T03:15:47.8091068Z # Subtest: auto 3840x1600 = 1.78
release	Build and verify public release	2026-10-04T03:15:47.8091372Z ok 251 - auto 3840x1600 = 1.78
release	Build and verify public release	2026-10-04T03:15:47.8091580Z   ---
release	Build and verify public release	2026-10-04T03:15:47.8091750Z   duration_ms: 0.4842
release	Build and verify public release	2026-10-04T03:15:47.8091942Z   type: 'test'
release	Build and verify public release	2026-10-04T03:15:47.8092106Z   ...
release	Build and verify public release	2026-10-04T03:15:47.8092310Z # Subtest: auto 5120x2880 = 2.5
release	Build and verify public release	2026-10-04T03:15:47.8092547Z ok 252 - auto 5120x2880 = 2.5
release	Build and verify public release	2026-10-04T03:15:47.8092745Z   ---
release	Build and verify public release	2026-10-04T03:15:47.8092923Z   duration_ms: 0.4677
release	Build and verify public release	2026-10-04T03:15:47.8093112Z   type: 'test'
release	Build and verify public release	2026-10-04T03:15:47.8093272Z   ...
release	Build and verify public release	2026-10-04T03:15:47.8093473Z # Subtest: auto 7680x4320 = 2.5
release	Build and verify public release	2026-10-04T03:15:47.8093700Z ok 253 - auto 7680x4320 = 2.5
release	Build and verify public release	2026-10-04T03:15:47.8093898Z   ---
release	Build and verify public release	2026-10-04T03:15:47.8094066Z   duration_ms: 0.185
release	Build and verify public release	2026-10-04T03:15:47.8094756Z   type: 'test'
release	Build and verify public release	2026-10-04T03:15:47.8095031Z   ...
release	Build and verify public release	2026-10-04T03:15:47.8095228Z # Subtest: auto 1024x600 = 1
release	Build and verify public release	2026-10-04T03:15:47.8095477Z ok 254 - auto 1024x600 = 1
release	Build and verify public release	2026-10-04T03:15:47.8095673Z   ---
release	Build and verify public release	2026-10-04T03:15:47.8095847Z   duration_ms: 0.0924
release	Build and verify public release	2026-10-04T03:15:47.8096043Z   type: 'test'
release	Build and verify public release	2026-10-04T03:15:47.8096214Z   ...
release	Build and verify public release	2026-10-04T03:15:47.8096602Z # Subtest: continuous scale, quantization, clamps and manual-step normalization
release	Build and verify public release	2026-10-04T03:15:47.8097196Z ok 255 - continuous scale, quantization, clamps and manual-step normalization
release	Build and verify public release	2026-10-04T03:15:47.8097561Z   ---
release	Build and verify public release	2026-10-04T03:15:47.8097734Z   duration_ms: 2.4769
release	Build and verify public release	2026-10-04T03:15:47.8097930Z   type: 'test'
release	Build and verify public release	2026-10-04T03:15:47.8098097Z   ...
release	Build and verify public release	2026-10-04T03:15:47.8098415Z # Subtest: scale mutants turn the corresponding geometry guards red
release	Build and verify public release	2026-10-04T03:15:47.8098903Z ok 256 - scale mutants turn the corresponding geometry guards red
release	Build and verify public release	2026-10-04T03:15:47.8099323Z   ---
release	Build and verify public release	2026-10-04T03:15:47.8099588Z   duration_ms: 6.9141
release	Build and verify public release	2026-10-04T03:15:47.8099790Z   type: 'test'
release	Build and verify public release	2026-10-04T03:15:47.8099955Z   ...
release	Build and verify public release	2026-10-04T03:15:47.8100417Z # Subtest: titlebar, minimum size, reload, resize and display events run through the real main module
release	Build and verify public release	2026-10-04T03:15:47.8101153Z ok 257 - titlebar, minimum size, reload, resize and display events run through the real main module
release	Build and verify public release	2026-10-04T03:15:47.8101579Z   ---
release	Build and verify public release	2026-10-04T03:15:47.8101761Z   duration_ms: 23.3413
release	Build and verify public release	2026-10-04T03:15:47.8101959Z   type: 'test'
release	Build and verify public release	2026-10-04T03:15:47.8102124Z   ...
release	Build and verify public release	2026-10-04T03:15:47.8102603Z # Subtest: IPC restores independent preferences, normalizes fixed values and rejects untrusted senders
release	Build and verify public release	2026-10-04T03:15:47.8103355Z ok 258 - IPC restores independent preferences, normalizes fixed values and rejects untrusted senders
release	Build and verify public release	2026-10-04T03:15:47.8103786Z   ---
release	Build and verify public release	2026-10-04T03:15:47.8104130Z   duration_ms: 15.1617
release	Build and verify public release	2026-10-04T03:15:47.8104333Z   type: 'test'
release	Build and verify public release	2026-10-04T03:15:47.8104662Z   ...
release	Build and verify public release	2026-10-04T03:15:47.8105541Z # Subtest: main behavior guards reject titlebar, minimum size, trust, reload, debounce and export mutants
release	Build and verify public release	2026-10-04T03:15:47.8106974Z ok 259 - main behavior guards reject titlebar, minimum size, trust, reload, debounce and export mutants
release	Build and verify public release	2026-10-04T03:15:47.8107803Z   ---
release	Build and verify public release	2026-10-04T03:15:47.8108125Z   duration_ms: 46.0513
release	Build and verify public release	2026-10-04T03:15:47.8108472Z   type: 'test'
release	Build and verify public release	2026-10-04T03:15:47.8108745Z   ...
release	Build and verify public release	2026-10-04T03:15:47.8109293Z # Subtest: preload exposes scale IPC without leaking the Electron event
release	Build and verify public release	2026-10-04T03:15:47.8110220Z ok 260 - preload exposes scale IPC without leaking the Electron event
release	Build and verify public release	2026-10-04T03:15:47.8110800Z   ---
release	Build and verify public release	2026-10-04T03:15:47.8111092Z   duration_ms: 1.3443
release	Build and verify public release	2026-10-04T03:15:47.8111449Z   type: 'test'
release	Build and verify public release	2026-10-04T03:15:47.8111751Z   ...
release	Build and verify public release	2026-10-04T03:15:47.8112714Z # Subtest: packaged runtime includes the scaling module
release	Build and verify public release	2026-10-04T03:15:47.8113479Z ok 261 - packaged runtime includes the scaling module
release	Build and verify public release	2026-10-04T03:15:47.8114006Z   ---
release	Build and verify public release	2026-10-04T03:15:47.8114332Z   duration_ms: 0.4903
release	Build and verify public release	2026-10-04T03:15:47.8114682Z   type: 'test'
release	Build and verify public release	2026-10-04T03:15:47.8114981Z   ...
release	Build and verify public release	2026-10-04T03:15:47.8115778Z # Subtest: upgrade stdout may arrive after exit but before close without a false startup error
release	Build and verify public release	2026-10-04T03:15:47.8116941Z ok 262 - upgrade stdout may arrive after exit but before close without a false startup error
release	Build and verify public release	2026-10-04T03:15:47.8117593Z   ---
release	Build and verify public release	2026-10-04T03:15:47.8117865Z   duration_ms: 15.8033
release	Build and verify public release	2026-10-04T03:15:47.8118181Z   type: 'test'
release	Build and verify public release	2026-10-04T03:15:47.8118450Z   ...
release	Build and verify public release	2026-10-04T03:15:47.8119133Z # Subtest: user quit shares the graceful path; unexpected backend death still reports
release	Build and verify public release	2026-10-04T03:15:47.8120196Z ok 263 - user quit shares the graceful path; unexpected backend death still reports
release	Build and verify public release	2026-10-04T03:15:47.8120864Z   ---
release	Build and verify public release	2026-10-04T03:15:47.8121174Z   duration_ms: 5.1144
release	Build and verify public release	2026-10-04T03:15:47.8121557Z   type: 'test'
release	Build and verify public release	2026-10-04T03:15:47.8121859Z   ...
release	Build and verify public release	2026-10-04T03:15:47.8122203Z # Subtest: window bounds store writes and restores visible bounds
release	Build and verify public release	2026-10-04T03:15:47.8122711Z ok 264 - window bounds store writes and restores visible bounds
release	Build and verify public release	2026-10-04T03:15:47.8123032Z   ---
release	Build and verify public release	2026-10-04T03:15:47.8123211Z   duration_ms: 6.6817
release	Build and verify public release	2026-10-04T03:15:47.8123412Z   type: 'test'
release	Build and verify public release	2026-10-04T03:15:47.8123581Z   ...
release	Build and verify public release	2026-10-04T03:15:47.8123960Z # Subtest: window bounds store rejects bounds that no longer intersect a display
release	Build and verify public release	2026-10-04T03:15:47.8124534Z ok 265 - window bounds store rejects bounds that no longer intersect a display
release	Build and verify public release	2026-10-04T03:15:47.8124889Z   ---
release	Build and verify public release	2026-10-04T03:15:47.8125070Z   duration_ms: 2.1681
release	Build and verify public release	2026-10-04T03:15:47.8125414Z   type: 'test'
release	Build and verify public release	2026-10-04T03:15:47.8125693Z   ...
release	Build and verify public release	2026-10-04T03:15:47.8126292Z # Subtest: window bounds store silently falls back on corrupt or unwritable data
release	Build and verify public release	2026-10-04T03:15:47.8127332Z ok 266 - window bounds store silently falls back on corrupt or unwritable data
release	Build and verify public release	2026-10-04T03:15:47.8128015Z   ---
release	Build and verify public release	2026-10-04T03:15:47.8128324Z   duration_ms: 2.2857
release	Build and verify public release	2026-10-04T03:15:47.8128675Z   type: 'test'
release	Build and verify public release	2026-10-04T03:15:47.8128949Z   ...
release	Build and verify public release	2026-10-04T03:15:47.8129581Z # Subtest: desktop window opens at 72/80 percent of the work area on roomy screens
release	Build and verify public release	2026-10-04T03:15:47.8130585Z ok 267 - desktop window opens at 72/80 percent of the work area on roomy screens
release	Build and verify public release	2026-10-04T03:15:47.8131231Z   ---
release	Build and verify public release	2026-10-04T03:15:47.8131516Z   duration_ms: 1.8312
release	Build and verify public release	2026-10-04T03:15:47.8131851Z   type: 'test'
release	Build and verify public release	2026-10-04T03:15:47.8132475Z   ...
release	Build and verify public release	2026-10-04T03:15:47.8133181Z # Subtest: small screens fall back to the design-width floor instead of 72 percent
release	Build and verify public release	2026-10-04T03:15:47.8134295Z ok 268 - small screens fall back to the design-width floor instead of 72 percent
release	Build and verify public release	2026-10-04T03:15:47.8135019Z   ---
release	Build and verify public release	2026-10-04T03:15:47.8135370Z   duration_ms: 0.2758
release	Build and verify public release	2026-10-04T03:15:47.8135735Z   type: 'test'
release	Build and verify public release	2026-10-04T03:15:47.8136032Z   ...
release	Build and verify public release	2026-10-04T03:15:47.8136573Z # Subtest: desktop window clamps each dimension independently
release	Build and verify public release	2026-10-04T03:15:47.8137687Z ok 269 - desktop window clamps each dimension independently
release	Build and verify public release	2026-10-04T03:15:47.8138435Z   ---
release	Build and verify public release	2026-10-04T03:15:47.8138798Z   duration_ms: 0.2752
release	Build and verify public release	2026-10-04T03:15:47.8139171Z   type: 'test'
release	Build and verify public release	2026-10-04T03:15:47.8139473Z   ...
release	Build and verify public release	2026-10-04T03:15:47.8140198Z # Subtest: desktop main and topbar keep the shared sizing and drag-region callers
release	Build and verify public release	2026-10-04T03:15:47.8141299Z ok 270 - desktop main and topbar keep the shared sizing and drag-region callers
release	Build and verify public release	2026-10-04T03:15:47.8142046Z   ---
release	Build and verify public release	2026-10-04T03:15:47.8142372Z   duration_ms: 1.3814
release	Build and verify public release	2026-10-04T03:15:47.8142716Z   type: 'test'
release	Build and verify public release	2026-10-04T03:15:47.8143005Z   ...
release	Build and verify public release	2026-10-04T03:15:47.8143609Z # Subtest: R47 desktop caller and high-resolution mutation probes fail
release	Build and verify public release	2026-10-04T03:15:47.8144488Z ok 271 - R47 desktop caller and high-resolution mutation probes fail
release	Build and verify public release	2026-10-04T03:15:47.8145051Z   ---
release	Build and verify public release	2026-10-04T03:15:47.8145342Z   duration_ms: 7.0992
release	Build and verify public release	2026-10-04T03:15:47.8145684Z   type: 'test'
release	Build and verify public release	2026-10-04T03:15:47.8145969Z   ...
release	Build and verify public release	2026-10-04T03:15:47.8146222Z 1..271
release	Build and verify public release	2026-10-04T03:15:47.8146486Z # tests 274
release	Build and verify public release	2026-10-04T03:15:47.8146795Z # suites 0
release	Build and verify public release	2026-10-04T03:15:47.8147078Z # pass 272
release	Build and verify public release	2026-10-04T03:15:47.8147347Z # fail 0
release	Build and verify public release	2026-10-04T03:15:47.8147656Z # cancelled 0
release	Build and verify public release	2026-10-04T03:15:47.8147880Z # skipped 2
release	Build and verify public release	2026-10-04T03:15:47.8148092Z # todo 0
release	Build and verify public release	2026-10-04T03:15:47.8148421Z # duration_ms 352853.4387
release	Build and verify public release	2026-10-04T03:16:12.0964469Z verified build fingerprint=a24a41472d2b
release	Build and verify public release	2026-10-04T03:16:13.1843067Z WARNING: Desktop package is unsigned. SmartScreen may show Unknown publisher until a trusted certificate builds 
release	Build and verify public release	2026-10-04T03:16:13.1844199Z reputation.
release	Build and verify public release	2026-10-04T03:16:14.4370899Z Uninstaller shell built: uninstall-shell.exe
release	Build and verify public release	2026-10-04T03:16:14.7529734Z 
release	Build and verify public release	2026-10-04T03:16:14.7531053Z > deep-legends-desktop@0.12.68 pack:win-setup
release	Build and verify public release	2026-10-04T03:16:14.7533045Z > electron-builder --win nsis --x64 --config.win.signExecutable=false --config.nsis.artifactName=Deep Legends Setup ${version}-public.${ext}
release	Build and verify public release	2026-10-04T03:16:14.7534187Z 
release	Build and verify public release	2026-10-04T03:16:15.5232696Z   • electron-builder  version=26.15.7 os=10.0.26100
release	Build and verify public release	2026-10-04T03:16:15.5238493Z   • Implicit publishing triggered by git tag. This behavior will be disabled in electron-builder v27. Please use --publish explicitly.  tag=v0.12.68
release	Build and verify public release	2026-10-04T03:16:15.5291044Z   • loaded configuration  file=package.json ("build" field)
release	Build and verify public release	2026-10-04T03:16:16.9061964Z Setup compression: 7z level 9 (default 9)
release	Build and verify public release	2026-10-04T03:16:16.9120902Z   • executing @electron/rebuild  electronVersion=43.3.0 arch=x64 buildFromSource=false workspaceRoot=D:\a\Deep-Legends\Deep-Legends\desktop projectDir=./ appDir=./
release	Build and verify public release	2026-10-04T03:16:16.9124095Z   • installing native dependencies  arch=x64
release	Build and verify public release	2026-10-04T03:16:17.1425545Z   • completed installing native dependencies
release	Build and verify public release	2026-10-04T03:16:17.1486184Z   • packaging       platform=win32 arch=x64 electron=43.3.0 appOutDir=D:\a\Deep-Legends\Deep-Legends\dist\desktop\win-unpacked
release	Build and verify public release	2026-10-04T03:16:17.3339280Z   • downloaded      label=electron progress=100%
release	Build and verify public release	2026-10-04T03:16:22.8849112Z   • downloaded electron zip extracted successfully  output=D:\a\Deep-Legends\Deep-Legends\dist\desktop\win-unpacked
release	Build and verify public release	2026-10-04T03:16:22.9087300Z   • searching for node modules  pm=npm searchDir=D:\a\Deep-Legends\Deep-Legends\desktop
release	Build and verify public release	2026-10-04T03:16:24.0296437Z   • no node modules found in collection, trying next search directory  pm=npm searchDir=D:\a\Deep-Legends\Deep-Legends\desktop
release	Build and verify public release	2026-10-04T03:16:24.0298098Z   • searching for node modules  pm=traversal searchDir=D:\a\Deep-Legends\Deep-Legends\desktop
release	Build and verify public release	2026-10-04T03:16:24.0299257Z   • using manual traversal of node_modules to build dependency tree
release	Build and verify public release	2026-10-04T03:16:24.0315373Z   • no node modules found in collection, trying next search directory  pm=traversal searchDir=D:\a\Deep-Legends\Deep-Legends\desktop
release	Build and verify public release	2026-10-04T03:16:24.0317463Z   • no node modules returned while searching directories  searchDirectories=[""]
release	Build and verify public release	2026-10-04T03:16:24.5811712Z   • updating asar integrity executable resource  executablePath=D:\a\Deep-Legends\Deep-Legends\dist\desktop\win-unpacked\Deep Legends.exe
release	Build and verify public release	2026-10-04T03:16:24.9353034Z   • file signing skipped via signExecutable configuration  file=D:\a\Deep-Legends\Deep-Legends\dist\desktop\win-unpacked\Deep Legends.exe
release	Build and verify public release	2026-10-04T03:16:24.9368590Z   • building        target=nsis file=D:\a\Deep-Legends\Deep-Legends\dist\desktop\Deep Legends Setup 0.12.68-public.exe archs=x64 oneClick=false perMachine=false
release	Build and verify public release	2026-10-04T03:16:25.1306806Z   • downloaded      label=nsis-bundle-3.12.tar.gz progress=100%
release	Build and verify public release	2026-10-04T03:16:34.9070271Z   • downloaded      label=7zip-win-x64.tar.gz progress=100%
release	Build and verify public release	2026-10-04T03:18:28.1449227Z   • file signing skipped via signExecutable configuration  file=D:\a\Deep-Legends\Deep-Legends\dist\desktop\Deep Legends Setup 0.12.68-public.__uninstaller.exe
release	Build and verify public release	2026-10-04T03:18:30.1490297Z   • file signing skipped via signExecutable configuration  file=D:\a\Deep-Legends\Deep-Legends\dist\desktop\Deep Legends Setup 0.12.68-public.exe
release	Build and verify public release	2026-10-04T03:18:33.4530011Z Installer shell built: Deep Legends Setup 0.12.68-public.exe (348334960 installed bytes)
release	Build and verify public release	2026-10-04T03:18:33.5435524Z packaged desktop runtime verified: backend-evidence.cjs, desktop-log.cjs, diagnostics-directory.cjs, diagnostics-export.cjs, main.cjs, preload.cjs, process-metrics.cjs, proxy-resolution.cjs, share-export.cjs, ui-scale.cjs, window-bounds-store.cjs, window-bounds.cjs
release	Build and verify public release	2026-10-04T03:18:33.6162530Z verified build fingerprint=a24a41472d2b
release	Build and verify public release	2026-10-04T03:18:34.2561804Z Build distribution verified: public · a24a41472d2b
release	Build and verify public release	2026-10-04T03:18:34.6706123Z Desktop build complete: D:\a\Deep-Legends\Deep-Legends\dist\desktop
release	Build and verify public release	2026-10-04T03:18:35.4272060Z 已生成 dist/release/ 的三个发布文件（Setup、latest.json、SHA256SUMS-public.txt）：v0.12.68 · a24a41472d2b
release	Build and verify public release	2026-10-04T03:18:35.4275103Z Setup SHA-256: 8fa7dd821cfb5318634bfca14c26f922553d5c3ab62ddf8f194910be6f4b7b76
release	Build and verify public release	2026-10-04T03:18:35.5243116Z TAP version 13
release	Build and verify public release	2026-10-04T03:18:35.6340113Z # Subtest: public policy rejects encrypted and plaintext keys; private requires a valid key
release	Build and verify public release	2026-10-04T03:18:35.6342299Z ok 1 - public policy rejects encrypted and plaintext keys; private requires a valid key
release	Build and verify public release	2026-10-04T03:18:35.6343459Z   ---
release	Build and verify public release	2026-10-04T03:18:35.6344051Z   duration_ms: 7.5025
release	Build and verify public release	2026-10-04T03:18:35.6344632Z   type: 'test'
release	Build and verify public release	2026-10-04T03:18:35.6345535Z   ...
release	Build and verify public release	2026-10-04T03:18:35.6346559Z # Subtest: build receipt rejects a stale packaged backend and clears obsolete approval
release	Build and verify public release	2026-10-04T03:18:35.6348385Z ok 2 - build receipt rejects a stale packaged backend and clears obsolete approval
release	Build and verify public release	2026-10-04T03:18:35.6349682Z   ---
release	Build and verify public release	2026-10-04T03:18:35.6350262Z   duration_ms: 34.1021
release	Build and verify public release	2026-10-04T03:18:35.6351313Z   type: 'test'
release	Build and verify public release	2026-10-04T03:18:35.6351869Z   ...
release	Build and verify public release	2026-10-04T03:18:35.6449983Z # Subtest: setup-only release hashes actual renamed bytes and emits exactly three files
release	Build and verify public release	2026-10-04T03:18:35.6453006Z ok 3 - setup-only release hashes actual renamed bytes and emits exactly three files
release	Build and verify public release	2026-10-04T03:18:35.6454115Z   ---
release	Build and verify public release	2026-10-04T03:18:35.6454453Z   duration_ms: 52.2647
release	Build and verify public release	2026-10-04T03:18:35.6454829Z   type: 'test'
release	Build and verify public release	2026-10-04T03:18:35.6455164Z   ...
release	Build and verify public release	2026-10-04T03:18:35.6460377Z # Subtest: invalid release identities and spaced assets are refused
release	Build and verify public release	2026-10-04T03:18:35.6463069Z ok 4 - invalid release identities and spaced assets are refused
release	Build and verify public release	2026-10-04T03:18:35.6463726Z   ---
release	Build and verify public release	2026-10-04T03:18:35.6464077Z   duration_ms: 0.4595
release	Build and verify public release	2026-10-04T03:18:35.6464455Z   type: 'test'
release	Build and verify public release	2026-10-04T03:18:35.6464720Z   ...
release	Build and verify public release	2026-10-04T03:18:35.6571429Z 1..4
release	Build and verify public release	2026-10-04T03:18:35.6573117Z # tests 4
release	Build and verify public release	2026-10-04T03:18:35.6573712Z # suites 0
release	Build and verify public release	2026-10-04T03:18:35.6574986Z # pass 4
release	Build and verify public release	2026-10-04T03:18:35.6575283Z # fail 0
release	Build and verify public release	2026-10-04T03:18:35.6576465Z # cancelled 0
release	Build and verify public release	2026-10-04T03:18:35.6577491Z # skipped 0
release	Build and verify public release	2026-10-04T03:18:35.6578498Z # todo 0
release	Build and verify public release	2026-10-04T03:18:35.6579836Z # duration_ms 161.2697
release	Build and verify public release	2026-10-04T03:18:40.6948108Z ok  	lol-loot-assistant/backend	1.049s
release	Build and verify public release	2026-10-04T03:18:40.9846709Z Public release build passed: D:\a\Deep-Legends\Deep-Legends\dist\release
release	Build and verify public release	2026-10-04T03:18:40.9865824Z Source fingerprint: a24a41472d2b
release	Build and verify public release	2026-10-04T03:18:40.9875617Z Setup SHA-256: 8fa7dd821cfb5318634bfca14c26f922553d5c3ab62ddf8f194910be6f4b7b76
release	Upload verified release files	﻿2026-10-04T03:18:41.2103118Z ##[group]Run actions/upload-artifact@v4
release	Upload verified release files	2026-10-04T03:18:41.2103554Z with:
release	Upload verified release files	2026-10-04T03:18:41.2103938Z   name: deep-legends-public-bb2b97a0b7bc2ce7c1d4155e4c99b64a44b66606
release	Upload verified release files	2026-10-04T03:18:41.2104691Z   path: dist/release/Deep-Legends-Setup-0.12.68-public.exe
release	Upload verified release files	dist/release/latest.json
release	Upload verified release files	dist/release/SHA256SUMS-public.txt
release	Upload verified release files	
release	Upload verified release files	2026-10-04T03:18:41.2105354Z   if-no-files-found: error
release	Upload verified release files	2026-10-04T03:18:41.2105649Z   compression-level: 6
release	Upload verified release files	2026-10-04T03:18:41.2105911Z   overwrite: false
release	Upload verified release files	2026-10-04T03:18:41.2106177Z   include-hidden-files: false
release	Upload verified release files	2026-10-04T03:18:41.2106482Z env:
release	Upload verified release files	2026-10-04T03:18:41.2106715Z   RELEASE_VERSION: 0.12.68
release	Upload verified release files	2026-10-04T03:18:41.2107529Z   RELEASE_TAG: v0.12.68
release	Upload verified release files	2026-10-04T03:18:41.2107800Z ##[endgroup]
release	Upload verified release files	2026-10-04T03:18:41.4261587Z (node:5160) [DEP0040] DeprecationWarning: The `punycode` module is deprecated. Please use a userland alternative instead.
release	Upload verified release files	2026-10-04T03:18:41.4262570Z (Use `node --trace-deprecation ...` to show where the warning was created)
release	Upload verified release files	2026-10-04T03:18:41.4337285Z Multiple search paths detected. Calculating the least common ancestor of all paths
release	Upload verified release files	2026-10-04T03:18:41.4341787Z The least common ancestor is D:\a\Deep-Legends\Deep-Legends\dist\release. This will be the root directory of the artifact
release	Upload verified release files	2026-10-04T03:18:41.4342961Z With the provided path, there will be 3 files uploaded
release	Upload verified release files	2026-10-04T03:18:41.4348641Z Artifact name is valid!
release	Upload verified release files	2026-10-04T03:18:41.4350480Z Root directory input is valid!
release	Upload verified release files	2026-10-04T03:18:41.8379300Z Beginning upload of artifact content to blob storage
release	Upload verified release files	2026-10-04T03:18:42.1724099Z (node:5160) [DEP0169] DeprecationWarning: `url.parse()` behavior is not standardized and prone to errors that have security implications. Use the WHATWG URL API instead. CVEs are not issued for `url.parse()` vulnerabilities.
release	Upload verified release files	2026-10-04T03:18:43.5002021Z Uploaded bytes 8388608
release	Upload verified release files	2026-10-04T03:18:43.6151257Z Uploaded bytes 16777216
release	Upload verified release files	2026-10-04T03:18:43.9319223Z Uploaded bytes 25165824
release	Upload verified release files	2026-10-04T03:18:43.9655505Z Uploaded bytes 33554432
release	Upload verified release files	2026-10-04T03:18:44.1163355Z Uploaded bytes 41943040
release	Upload verified release files	2026-10-04T03:18:44.1940701Z Uploaded bytes 50331648
release	Upload verified release files	2026-10-04T03:18:44.2207433Z Uploaded bytes 58720256
release	Upload verified release files	2026-10-04T03:18:44.2670400Z Uploaded bytes 67108864
release	Upload verified release files	2026-10-04T03:18:44.4878629Z Uploaded bytes 75497472
release	Upload verified release files	2026-10-04T03:18:44.7649591Z Uploaded bytes 83886080
release	Upload verified release files	2026-10-04T03:18:45.1543017Z Uploaded bytes 92274688
release	Upload verified release files	2026-10-04T03:18:45.3072355Z Uploaded bytes 100663296
release	Upload verified release files	2026-10-04T03:18:45.6602261Z Uploaded bytes 109051904
release	Upload verified release files	2026-10-04T03:18:45.7457353Z Uploaded bytes 109353614
release	Upload verified release files	2026-10-04T03:18:45.8279010Z Finished uploading artifact content to blob storage!
release	Upload verified release files	2026-10-04T03:18:45.8283842Z SHA256 digest of uploaded artifact zip is b708b1f371812692036c4d5b3efe23b5be7a88b739980d9dc56f1bd788f72c85
release	Upload verified release files	2026-10-04T03:18:45.8286571Z Finalizing artifact upload
release	Upload verified release files	2026-10-04T03:18:46.1063592Z Artifact deep-legends-public-bb2b97a0b7bc2ce7c1d4155e4c99b64a44b66606.zip successfully finalized. Artifact ID 11292636719
release	Upload verified release files	2026-10-04T03:18:46.1066222Z Artifact deep-legends-public-bb2b97a0b7bc2ce7c1d4155e4c99b64a44b66606 has been successfully uploaded! Final size is 109353614 bytes. Artifact ID is 11292636719
release	Upload verified release files	2026-10-04T03:18:46.1077588Z Artifact download URL: https://github.com/LLYY0418/Deep-Legends/actions/runs/37172934294/artifacts/11292636719
release	Create draft Release	﻿2026-10-04T03:18:46.1415032Z ##[group]Run $tag = $env:RELEASE_TAG
release	Create draft Release	2026-10-04T03:18:46.1415567Z ^[[36;1m$tag = $env:RELEASE_TAG^[[0m
release	Create draft Release	2026-10-04T03:18:46.1416069Z ^[[36;1m$releases = & gh release list --json 'tagName,isDraft' --limit 1000^[[0m
release	Create draft Release	2026-10-04T03:18:46.1416687Z ^[[36;1mif ($LASTEXITCODE -ne 0) { throw "Could not inspect existing Releases" }^[[0m
release	Create draft Release	2026-10-04T03:18:46.1417357Z ^[[36;1m$existing = @($releases | ConvertFrom-Json | Where-Object { $_.tagName -eq $tag })^[[0m
release	Create draft Release	2026-10-04T03:18:46.1418333Z ^[[36;1mif ($existing.Count -gt 0) {^[[0m
release	Create draft Release	2026-10-04T03:18:46.1419016Z ^[[36;1m  if ($existing.Count -ne 1 -or -not $existing[0].isDraft) { throw "Published Release $tag already exists; refusing to replace it" }^[[0m
release	Create draft Release	2026-10-04T03:18:46.1420274Z ^[[36;1m  & gh release delete $tag --yes^[[0m
release	Create draft Release	2026-10-04T03:18:46.1420722Z ^[[36;1m  if ($LASTEXITCODE -ne 0) { throw "Could not delete the previous draft $tag" }^[[0m
release	Create draft Release	2026-10-04T03:18:46.1421145Z ^[[36;1m}^[[0m
release	Create draft Release	2026-10-04T03:18:46.1421521Z ^[[36;1m$manifest = Get-Content -Raw -Encoding UTF8 'dist/release/latest.json' | ConvertFrom-Json^[[0m
release	Create draft Release	2026-10-04T03:18:46.1422202Z ^[[36;1mif ($manifest.version -ne $env:RELEASE_VERSION) { throw "Release notes version mismatch" }^[[0m
release	Create draft Release	2026-10-04T03:18:46.1422790Z ^[[36;1m$notesFile = Join-Path $env:RUNNER_TEMP 'deep-legends-release-notes.md'^[[0m
release	Create draft Release	2026-10-04T03:18:46.1423428Z ^[[36;1m[System.IO.File]::WriteAllText($notesFile, $manifest.notes, (New-Object System.Text.UTF8Encoding($false)))^[[0m
release	Create draft Release	2026-10-04T03:18:46.1424084Z ^[[36;1m$setup = "dist/release/Deep-Legends-Setup-${env:RELEASE_VERSION}-public.exe"^[[0m
release	Create draft Release	2026-10-04T03:18:46.1424962Z ^[[36;1m& gh release create $tag $setup 'dist/release/latest.json' 'dist/release/SHA256SUMS-public.txt' --draft --target $env:GITHUB_SHA --title $tag --notes-file $notesFile^[[0m
release	Create draft Release	2026-10-04T03:18:46.1425819Z ^[[36;1mif ($LASTEXITCODE -ne 0) { throw "Could not create draft Release $tag" }^[[0m
release	Create draft Release	2026-10-04T03:18:46.1426295Z ^[[36;1m$releaseJson = & gh release view $tag --json 'isDraft,assets'^[[0m
release	Create draft Release	2026-10-04T03:18:46.1426763Z ^[[36;1mif ($LASTEXITCODE -ne 0) { throw "Could not inspect draft Release $tag" }^[[0m
release	Create draft Release	2026-10-04T03:18:46.1427196Z ^[[36;1m$release = $releaseJson | ConvertFrom-Json^[[0m
release	Create draft Release	2026-10-04T03:18:46.1427603Z ^[[36;1mif (-not $release.isDraft) { throw "Created Release $tag is not a draft" }^[[0m
release	Create draft Release	2026-10-04T03:18:46.1428318Z ^[[36;1m$expectedAssets = @("Deep-Legends-Setup-${env:RELEASE_VERSION}-public.exe", 'latest.json', 'SHA256SUMS-public.txt') | Sort-Object^[[0m
release	Create draft Release	2026-10-04T03:18:46.1429062Z ^[[36;1m$actualAssets = @($release.assets | ForEach-Object { $_.name }) | Sort-Object^[[0m
release	Create draft Release	2026-10-04T03:18:46.1429807Z ^[[36;1mif (($actualAssets -join "`n") -ne ($expectedAssets -join "`n")) { throw "Draft Release $tag does not have exactly the three public files" }^[[0m
release	Create draft Release	2026-10-04T03:18:46.1507127Z shell: C:\Windows\System32\WindowsPowerShell\v1.0\powershell.EXE -command ". '{0}'"
release	Create draft Release	2026-10-04T03:18:46.1507552Z env:
release	Create draft Release	2026-10-04T03:18:46.1507733Z   RELEASE_VERSION: 0.12.68
release	Create draft Release	2026-10-04T03:18:46.1507961Z   RELEASE_TAG: v0.12.68
release	Create draft Release	2026-10-04T03:18:46.1510708Z   GH_TOKEN: ***
release	Create draft Release	2026-10-04T03:18:46.1510918Z ##[endgroup]
release	Create draft Release	2026-10-04T03:19:03.4579300Z https://github.com/LLYY0418/Deep-Legends/releases/tag/untagged-e3fa594fbfb75ff96b43
release	Post Run actions/setup-node@v4	﻿2026-10-04T03:19:04.2457741Z Post job cleanup.
release	Post Run actions/setup-node@v4	2026-10-04T03:19:04.3978406Z (node:2928) [DEP0040] DeprecationWarning: The `punycode` module is deprecated. Please use a userland alternative instead.
release	Post Run actions/setup-node@v4	2026-10-04T03:19:04.3979519Z (Use `node --trace-deprecation ...` to show where the warning was created)
release	Post Run actions/setup-node@v4	2026-10-04T03:19:04.5202686Z [command]"C:\Program Files\Git\usr\bin\tar.exe" --posix -cf cache.tzst --exclude cache.tzst -P -C D:/a/Deep-Legends/Deep-Legends --files-from manifest.txt --force-local --use-compress-program "zstd -T0"
release	Post Run actions/setup-node@v4	2026-10-04T03:19:05.9378843Z (node:2928) [DEP0169] DeprecationWarning: `url.parse()` behavior is not standardized and prone to errors that have security implications. Use the WHATWG URL API instead. CVEs are not issued for `url.parse()` vulnerabilities.
release	Post Run actions/setup-node@v4	2026-10-04T03:19:06.9305581Z Sent 5177344 of 29865200 (17.3%), 4.9 MBs/sec
release	Post Run actions/setup-node@v4	2026-10-04T03:19:07.5667198Z Sent 29865200 of 29865200 (100.0%), 17.4 MBs/sec
release	Post Run actions/setup-node@v4	2026-10-04T03:19:07.8636665Z Cache saved with the key: node-cache-Windows-x64-npm-cc0720a65cae8a02b7d77a49834d06b6529d151b7e335f66e7b759eb9a59a5e9
release	Post Run actions/setup-go@v5	﻿2026-10-04T03:19:07.8998665Z Post job cleanup.
release	Post Run actions/setup-go@v5	2026-10-04T03:19:08.0572939Z (node:7476) [DEP0040] DeprecationWarning: The `punycode` module is deprecated. Please use a userland alternative instead.
release	Post Run actions/setup-go@v5	2026-10-04T03:19:08.0574211Z (Use `node --trace-deprecation ...` to show where the warning was created)
release	Post Run actions/setup-go@v5	2026-10-04T03:19:08.1584059Z [command]C:\hostedtoolcache\windows\go\1.24.13\x64\bin\go.exe env GOMODCACHE
release	Post Run actions/setup-go@v5	2026-10-04T03:19:08.1645886Z [command]C:\hostedtoolcache\windows\go\1.24.13\x64\bin\go.exe env GOCACHE
release	Post Run actions/setup-go@v5	2026-10-04T03:19:08.2040975Z C:\Users\runneradmin\AppData\Local\go-build
release	Post Run actions/setup-go@v5	2026-10-04T03:19:08.2075385Z C:\Users\runneradmin\go\pkg\mod
release	Post Run actions/setup-go@v5	2026-10-04T03:19:08.2098080Z Cache hit occurred on the primary key setup-go-Windows-x64-go-1.24.13-a9fc12c66c581ebd975c04924614d911b843067079247990d4be659063ce44db, not saving cache.
release	Post Run actions/checkout@v4	﻿2026-10-04T03:19:08.2416580Z Post job cleanup.
release	Post Run actions/checkout@v4	2026-10-04T03:19:08.4431750Z [command]"C:\Program Files\Git\bin\git.exe" version
release	Post Run actions/checkout@v4	2026-10-04T03:19:08.4725801Z git version 2.55.0.windows.5
release	Post Run actions/checkout@v4	2026-10-04T03:19:08.4793343Z Temporarily overriding HOME='D:\a\_temp\5b3babd2-64f5-4214-9419-d7d2c11a93ba' before making global git config changes
release	Post Run actions/checkout@v4	2026-10-04T03:19:08.4795204Z Adding repository directory to the temporary git global config as a safe directory
release	Post Run actions/checkout@v4	2026-10-04T03:19:08.4804468Z [command]"C:\Program Files\Git\bin\git.exe" config --global --add safe.directory D:\a\Deep-Legends\Deep-Legends
release	Post Run actions/checkout@v4	2026-10-04T03:19:08.5116251Z [command]"C:\Program Files\Git\bin\git.exe" config --local --name-only --get-regexp core\.sshCommand
release	Post Run actions/checkout@v4	2026-10-04T03:19:08.5422358Z [command]"C:\Program Files\Git\bin\git.exe" submodule foreach --recursive "sh -c \"git config --local --name-only --get-regexp 'core\.sshCommand' && git config --local --unset-all 'core.sshCommand' || :\""
release	Post Run actions/checkout@v4	2026-10-04T03:19:09.1009749Z [command]"C:\Program Files\Git\bin\git.exe" config --local --name-only --get-regexp http\.https\:\/\/github\.com\/\.extraheader
release	Post Run actions/checkout@v4	2026-10-04T03:19:09.1271947Z http.https://github.com/.extraheader
release	Post Run actions/checkout@v4	2026-10-04T03:19:09.1314193Z [command]"C:\Program Files\Git\bin\git.exe" config --local --unset-all http.https://github.com/.extraheader
release	Post Run actions/checkout@v4	2026-10-04T03:19:09.1614875Z [command]"C:\Program Files\Git\bin\git.exe" submodule foreach --recursive "sh -c \"git config --local --name-only --get-regexp 'http\.https\:\/\/github\.com\/\.extraheader' && git config --local --unset-all 'http.https://github.com/.extraheader' || :\""
release	Post Run actions/checkout@v4	2026-10-04T03:19:09.7205846Z [command]"C:\Program Files\Git\bin\git.exe" config --local --name-only --get-regexp ^includeIf\.gitdir:
release	Post Run actions/checkout@v4	2026-10-04T03:19:09.7511364Z [command]"C:\Program Files\Git\bin\git.exe" submodule foreach --recursive "git config --local --show-origin --name-only --get-regexp remote.origin.url"
release	Complete job	﻿2026-10-04T03:19:10.3420937Z Cleaning up orphan processes
release	Complete job	2026-10-04T03:19:10.3927371Z ##[warning]Node.js 20 is deprecated. The following actions target Node.js 20 but are being forced to run on Node.js 24: actions/checkout@v4, actions/setup-go@v5, actions/setup-node@v4, actions/upload-artifact@v4. For more information see: https://github.blog/changelog/2025-09-19-deprecation-of-node-20-on-github-actions-runners/
