TAP version 13
# Subtest: current-game API errors distinguish local HTTP, network, decode and body read failures
ok 1 - current-game API errors distinguish local HTTP, network, decode and body read failures
  ---
  duration_ms: 28.596542
  type: 'test'
  ...
# Subtest: current-game timeout remains distinct from cancellation by a newer request
ok 2 - current-game timeout remains distinct from cancellation by a newer request
  ---
  duration_ms: 3.20025
  type: 'test'
  ...
# Subtest: R86 ADD-4 retired synergy panel selector stays absent without removing shared card styles
ok 3 - R86 ADD-4 retired synergy panel selector stays absent without removing shared card styles
  ---
  duration_ms: 548.091375
  type: 'test'
  ...
# Subtest: R69 career-column reentry preserves match width through the 1600 DIP band
ok 4 - R69 career-column reentry preserves match width through the 1600 DIP band
  ---
  duration_ms: 0.257541
  type: 'test'
  ...
# Subtest: R15 performance, fingerprint, and shared build CSS contracts
ok 5 - R15 performance, fingerprint, and shared build CSS contracts
  ---
  duration_ms: 1.992333
  type: 'test'
  ...
# Subtest: R15 mutation probes fail for every new guard
ok 6 - R15 mutation probes fail for every new guard
  ---
  duration_ms: 16.543292
  type: 'test'
  ...
# Subtest: champion intelligence is a first-level accessible workspace
ok 7 - champion intelligence is a first-level accessible workspace
  ---
  duration_ms: 0.51475
  type: 'test'
  ...
# Subtest: diagnostics panel exports the active structured log with concise guidance
ok 8 - diagnostics panel exports the active structured log with concise guidance
  ---
  duration_ms: 0.721458
  type: 'test'
  ...
# Subtest: R39 diagnostic event whitelist mutation is caught
ok 9 - R39 diagnostic event whitelist mutation is caught
  ---
  duration_ms: 0.956125
  type: 'test'
  ...
# Subtest: exported diagnostic log filename is timestamped so repeat exports never collide
ok 10 - exported diagnostic log filename is timestamped so repeat exports never collide
  ---
  duration_ms: 0.754209
  type: 'test'
  ...
# Subtest: renderer only calls the authenticated local champion API
ok 11 - renderer only calls the authenticated local champion API
  ---
  duration_ms: 0.237208
  type: 'test'
  ...
# Subtest: position-aware recommendation contracts kill documented mutations
ok 12 - position-aware recommendation contracts kill documented mutations
  ---
  duration_ms: 88.1385
  type: 'test'
  ...
# Subtest: summoner spell card renders the first two real recommendations without placeholders
ok 13 - summoner spell card renders the first two real recommendations without placeholders
  ---
  duration_ms: 0.609834
  type: 'test'
  ...
# Subtest: ranked loadout side uses a balanced two-two-two height budget
ok 14 - ranked loadout side uses a balanced two-two-two height budget
  ---
  duration_ms: 0.644125
  type: 'test'
  ...
# Subtest: summoner spell recommendations do not add a low-sample badge
ok 15 - summoner spell recommendations do not add a low-sample badge
  ---
  duration_ms: 1.301
  type: 'test'
  ...
# Subtest: ranked recommendation rows never dim low sample sizes
ok 16 - ranked recommendation rows never dim low sample sizes
  ---
  duration_ms: 0.605667
  type: 'test'
  ...
# Subtest: backend pins Korean data and restricts remote image paths
ok 17 - backend pins Korean data and restricts remote image paths
  ---
  duration_ms: 0.177458
  type: 'test'
  ...
# Subtest: champion layouts keep responsive and reduced-motion fallbacks
ok 18 - champion layouts keep responsive and reduced-motion fallbacks
  ---
  duration_ms: 1.451
  type: 'test'
  ...
# Subtest: mayhem redesign keeps the two-column workspace, atlas, and R6 recommendations
ok 19 - mayhem redesign keeps the two-column workspace, atlas, and R6 recommendations
  ---
  duration_ms: 2.571666
  type: 'test'
  ...
# Subtest: Mayhem recommendation and item ranking never request a guessed image URL
ok 20 - Mayhem recommendation and item ranking never request a guessed image URL
  ---
  duration_ms: 1.57225
  type: 'test'
  ...
# Subtest: Mayhem and Arena augment cards render the same card shell
ok 21 - Mayhem and Arena augment cards render the same card shell
  ---
  duration_ms: 1.446041
  type: 'test'
  ...
# Subtest: Mayhem augment cards carry the augment copy in the tooltip
ok 22 - Mayhem augment cards carry the augment copy in the tooltip
  ---
  duration_ms: 1.399083
  type: 'test'
  ...
# Subtest: live recommendation panels do not render upstream provenance footers
ok 23 - live recommendation panels do not render upstream provenance footers
  ---
  duration_ms: 9.658709
  type: 'test'
  ...
# Subtest: mayhem narrow layout moves the one champion list into an accessible dialog
ok 24 - mayhem narrow layout moves the one champion list into an accessible dialog
  ---
  duration_ms: 7.789792
  type: 'test'
  ...
# Subtest: arena narrow layout moves the champion list into an accessible dialog
ok 25 - arena narrow layout moves the champion list into an accessible dialog
  ---
  duration_ms: 0.98225
  type: 'test'
  ...
# Subtest: mayhem CSS contract catches breakpoint and hidden-column mutations on a true copy
ok 26 - mayhem CSS contract catches breakpoint and hidden-column mutations on a true copy
  ---
  duration_ms: 19.525125
  type: 'test'
  ...
# Subtest: R6 A B C contracts reject recommendation, spell, and item-route mutations on true copies
ok 27 - R6 A B C contracts reject recommendation, spell, and item-route mutations on true copies
  ---
  duration_ms: 166.646917
  type: 'test'
  ...
# Subtest: R13 item column contract kills wrapping and equal-width mutations on a true copy
ok 28 - R13 item column contract kills wrapping and equal-width mutations on a true copy
  ---
  duration_ms: 94.960209
  type: 'test'
  ...
# Subtest: R6 win rates, spell fallback, patch fallback, and subtitles are explicit
ok 29 - R6 win rates, spell fallback, patch fallback, and subtitles are explicit
  ---
  duration_ms: 2.071917
  type: 'test'
  ...
# Subtest: R7 prism grades, compact arena overview, recoverable match details, and clean names are explicit
ok 30 - R7 prism grades, compact arena overview, recoverable match details, and clean names are explicit
  ---
  duration_ms: 1.448959
  type: 'test'
  ...
# Subtest: R8 arena augment icons preserve semantic first-place tone without fabricated masks
ok 31 - R8 arena augment icons preserve semantic first-place tone without fabricated masks
  ---
  duration_ms: 0.295583
  type: 'test'
  ...
# Subtest: R8 augment assets render as ordinary artwork
ok 32 - R8 augment assets render as ordinary artwork
  ---
  duration_ms: 0.324667
  type: 'test'
  ...
# Subtest: icon hotfix prefers Riot large artwork and carries a small fallback
ok 33 - icon hotfix prefers Riot large artwork and carries a small fallback
  ---
  duration_ms: 0.239625
  type: 'test'
  ...
# Subtest: icon hotfix fallback handler switches to small artwork
ok 34 - icon hotfix fallback handler switches to small artwork
  ---
  duration_ms: 0.103208
  type: 'test'
  ...
# Subtest: R8 rendered metric styles do not apply augment masks
ok 35 - R8 rendered metric styles do not apply augment masks
  ---
  duration_ms: 0.023084
  type: 'test'
  ...
# Subtest: R8 mayhem item configuration hides win rate when requested
ok 36 - R8 mayhem item configuration hides win rate when requested
  ---
  duration_ms: 1.2605
  type: 'test'
  ...
# Subtest: R7 repeated disconnected status events preserve fallback item and augment catalogs
ok 37 - R7 repeated disconnected status events preserve fallback item and augment catalogs
  ---
  duration_ms: 0.616041
  type: 'test'
  ...
# Subtest: disconnection drops Tencent player identity while preserving Korean tabs
ok 38 - disconnection drops Tencent player identity while preserving Korean tabs
  ---
  duration_ms: 0.381041
  type: 'test'
  ...
# Subtest: R7 contracts reject UI, parser, backend grade, and retry mutations on true copies
ok 39 - R7 contracts reject UI, parser, backend grade, and retry mutations on true copies
  ---
  duration_ms: 232.4645
  type: 'test'
  ...
# Subtest: mayhem atlas normalizes Riot rarity enums before filtering
ok 40 - mayhem atlas normalizes Riot rarity enums before filtering
  ---
  duration_ms: 0.941375
  type: 'test'
  ...
# Subtest: search keeps its caret and IME state when the workspace rerenders
ok 41 - search keeps its caret and IME state when the workspace rerenders
  ---
  duration_ms: 0.280333
  type: 'test'
  ...
# Subtest: full Riot ID paste keeps the tag caret without selecting the tag
ok 42 - full Riot ID paste keeps the tag caret without selecting the tag
  ---
  duration_ms: 0.084542
  type: 'test'
  ...
# Subtest: champion detail uses complete build, matchup, and augment ranking layouts
ok 43 - champion detail uses complete build, matchup, and augment ranking layouts
  ---
  duration_ms: 1.265917
  type: 'test'
  ...
# Subtest: arena keeps the champion list on wide screens and renders the redesigned data workspace
ok 44 - arena keeps the champion list on wide screens and renders the redesigned data workspace
  ---
  duration_ms: 1.6615
  type: 'test'
  ...
# Subtest: YOUR.GG champion grades preserve all six source letters in shared badges
ok 45 - YOUR.GG champion grades preserve all six source letters in shared badges
  ---
  duration_ms: 0.530125
  type: 'test'
  ...
# Subtest: arena round 8 removals stay scoped to the arena workspace
ok 46 - arena round 8 removals stay scoped to the arena workspace
  ---
  duration_ms: 0.6615
  type: 'test'
  ...
# Subtest: arena tolerates a missing catalog and hides unknown grades
ok 47 - arena tolerates a missing catalog and hides unknown grades
  ---
  duration_ms: 0.419084
  type: 'test'
  ...
# Subtest: match history keeps arena summaries compact and arena details purpose-built
ok 48 - match history keeps arena summaries compact and arena details purpose-built
  ---
  duration_ms: 8.024125
  type: 'test'
  ...
# Subtest: arena match detail uses a validated Riot route and fail-closed hydration
ok 49 - arena match detail uses a validated Riot route and fail-closed hydration
  ---
  duration_ms: 0.297875
  type: 'test'
  ...
# Subtest: demo mode serves complete arena fixtures without stable account identifiers
ok 50 - demo mode serves complete arena fixtures without stable account identifiers
  ---
  duration_ms: 0.2285
  type: 'test'
  ...
# Subtest: demo overview includes a match for every selectable game mode
ok 51 - demo overview includes a match for every selectable game mode
  ---
  duration_ms: 0.328334
  type: 'test'
  ...
# Subtest: demo mode exposes a dedicated Hextech ARAM live session
ok 52 - demo mode exposes a dedicated Hextech ARAM live session
  ---
  duration_ms: 1.076583
  type: 'test'
  ...
# Subtest: demo mode exposes a complete six-team Arena live session
ok 53 - demo mode exposes a complete six-team Arena live session
  ---
  duration_ms: 0.591958
  type: 'test'
  ...
# Subtest: small overviews move career statistics into an accessible modal sheet
ok 54 - small overviews move career statistics into an accessible modal sheet
  ---
  duration_ms: 12.441667
  type: 'test'
  ...
# Subtest: rank history and ability comparison stay inside the shared career surface
ok 55 - rank history and ability comparison stay inside the shared career surface
  ---
  duration_ms: 6.240584
  type: 'test'
  ...
# Subtest: career ranked queue switches use one recent sample and ignore season scan state
ok 56 - career ranked queue switches use one recent sample and ignore season scan state
  ---
  duration_ms: 2.278916
  type: 'test'
  ...
# Subtest: season progress refreshes the active overview without resetting queue choices or scroll
ok 57 - season progress refreshes the active overview without resetting queue choices or scroll
  ---
  duration_ms: 0.524
  type: 'test'
  ...
# Subtest: live updates target explicit state slices and clear client state on disconnect
ok 58 - live updates target explicit state slices and clear client state on disconnect
  ---
  duration_ms: 0.563916
  type: 'test'
  ...
# Subtest: structured data-source attempts are visible while cancellations stay silent
ok 59 - structured data-source attempts are visible while cancellations stay silent
  ---
  duration_ms: 0.451083
  type: 'test'
  ...
# Subtest: historical rank increments refresh only the matching active overview
ok 60 - historical rank increments refresh only the matching active overview
  ---
  duration_ms: 0.238
  type: 'test'
  ...
# Subtest: summoner banner and recent ranked summary expose verified profile highlights
ok 61 - summoner banner and recent ranked summary expose verified profile highlights
  ---
  duration_ms: 12.449041
  type: 'test'
  ...
# Subtest: ranked payload shape probes are one-shot and retain raw win-loss samples
ok 62 - ranked payload shape probes are one-shot and retain raw win-loss samples
  ---
  duration_ms: 0.658708
  type: 'test'
  ...
# Subtest: champion square icons crop out the baked-in vignette without eating the face
ok 63 - champion square icons crop out the baked-in vignette without eating the face
  ---
  duration_ms: 0.191666
  type: 'test'
  ...
# Subtest: mastery and peak rank columns share row tracks so their labels, names and values line up
ok 64 - mastery and peak rank columns share row tracks so their labels, names and values line up
  ---
  duration_ms: 0.520917
  type: 'test'
  ...
# Subtest: demo data routes champion icons through the same asset shape production actually serves
ok 65 - demo data routes champion icons through the same asset shape production actually serves
  ---
  duration_ms: 0.298583
  type: 'test'
  ...
# Subtest: ranked queue cards stay visible so empty-season copy follows the selected mode
ok 66 - ranked queue cards stay visible so empty-season copy follows the selected mode
  ---
  duration_ms: 1.528375
  type: 'test'
  ...
# Subtest: expanded sidebar stays compact without the old navigation subtitle
ok 67 - expanded sidebar stays compact without the old navigation subtitle
  ---
  duration_ms: 3.270667
  type: 'test'
  ...
# Subtest: match history surfaces SGP failures and uses an accessible custom mode menu
ok 68 - match history surfaces SGP failures and uses an accessible custom mode menu
  ---
  duration_ms: 1.102041
  type: 'test'
  ...
# Subtest: player tabs use arrow scrolling, hide the native scrollbar, and deduplicate searches
ok 69 - player tabs use arrow scrolling, hide the native scrollbar, and deduplicate searches
  ---
  duration_ms: 0.713
  type: 'test'
  ...
# Subtest: player tab avatars have no tooltip while overflowing names retain their own hint
ok 70 - player tab avatars have no tooltip while overflowing names retain their own hint
  ---
  duration_ms: 69.05825
  type: 'test'
  ...
# Subtest: player overlays add durable tabs and non-self tabs can be reordered
ok 71 - player overlays add durable tabs and non-self tabs can be reordered
  ---
  duration_ms: 1.361959
  type: 'test'
  ...
# Subtest: damage analysis sorts by a real metric and shows full colored values
ok 72 - damage analysis sorts by a real metric and shows full colored values
  ---
  duration_ms: 0.923042
  type: 'test'
  ...
# Subtest: team analysis compares both sides across every requested metric
ok 73 - team analysis compares both sides across every requested metric
  ---
  duration_ms: 1.37675
  type: 'test'
  ...
# Subtest: team analysis exposes only metrics supported by each map and mode
ok 74 - team analysis exposes only metrics supported by each map and mode
  ---
  duration_ms: 5.0885
  type: 'test'
  ...
# Subtest: match tier hydration is asynchronous and isolated by stable region, server, player and container
ok 75 - match tier hydration is asynchronous and isolated by stable region, server, player and container
  ---
  duration_ms: 2.292375
  type: 'test'
  ...
# Subtest: top search and player navigation preserve the selected Chinese server
ok 76 - top search and player navigation preserve the selected Chinese server
  ---
  duration_ms: 4.915333
  type: 'test'
  ...
# Subtest: Chinese server merge guidance uses one scoped tooltip constant
ok 77 - Chinese server merge guidance uses one scoped tooltip constant
  ---
  duration_ms: 3.843292
  type: 'test'
  ...
# Subtest: cross-server ranked data is an explicit unsupported state
ok 78 - cross-server ranked data is an explicit unsupported state
  ---
  duration_ms: 1.127708
  type: 'test'
  ...
# Subtest: privacy UI separates explicit and opt-in automatic writes
ok 79 - privacy UI separates explicit and opt-in automatic writes
  ---
  duration_ms: 0.659416
  type: 'test'
  ...
# Subtest: live recommendations render and select every returned option
ok 80 - live recommendations render and select every returned option
  ---
  duration_ms: 9.341125
  type: 'test'
  ...
# Subtest: current champion endpoint keeps live recommendations usable without a roster identity
ok 81 - current champion endpoint keeps live recommendations usable without a roster identity
  ---
  duration_ms: 0.569042
  type: 'test'
  ...
# Subtest: champion and live recommendations share the persisted tier
ok 82 - champion and live recommendations share the persisted tier
  ---
  duration_ms: 0.407917
  type: 'test'
  ...
# Subtest: live recommendation requests recover from stale flights and empty payloads
ok 83 - live recommendation requests recover from stale flights and empty payloads
  ---
  duration_ms: 1.409459
  type: 'test'
  ...
# Subtest: recommendation tabs reset only when the champion changes
ok 84 - recommendation tabs reset only when the champion changes
  ---
  duration_ms: 0.21975
  type: 'test'
  ...
# Subtest: live game scoped state resets on a new game or champion select entry
ok 85 - live game scoped state resets on a new game or champion select entry
  ---
  duration_ms: 1.542625
  type: 'test'
  ...
# Subtest: round 9 recommendation percentages preserve backend units and hide empty statistics
ok 86 - round 9 recommendation percentages preserve backend units and hide empty statistics
  ---
  duration_ms: 0.966833
  type: 'test'
  ...
# Subtest: live QQ101 depth rows preserve unavailable sample metadata
ok 87 - live QQ101 depth rows preserve unavailable sample metadata
  ---
  duration_ms: 0.778708
  type: 'test'
  ...
# Subtest: live build item cards keep icon tooltips without visible item names
ok 88 - live build item cards keep icon tooltips without visible item names
  ---
  duration_ms: 1.866041
  type: 'test'
  ...
# Subtest: round 9 match summaries show only placement while details align it beside scores
ok 89 - round 9 match summaries show only placement while details align it beside scores
  ---
  duration_ms: 1.583209
  type: 'test'
  ...
# Subtest: round 9 match scores assign overall ranks and replace side leaders with MVP and SVP
ok 90 - round 9 match scores assign overall ranks and replace side leaders with MVP and SVP
  ---
  duration_ms: 1.40525
  type: 'test'
  ...
# Subtest: round 9 match score ranks use hidden precision and keep exact ties deterministic
ok 91 - round 9 match score ranks use hidden precision and keep exact ties deterministic
  ---
  duration_ms: 0.745208
  type: 'test'
  ...
# Subtest: round 9 augment rendering uses upstream images, descriptions, and all rarity tones
ok 92 - round 9 augment rendering uses upstream images, descriptions, and all rarity tones
  ---
  duration_ms: 2.84675
  type: 'test'
  ...
# Subtest: R159 observed Hexdata icons render through the scoped image proxy in detail and match rows
ok 93 - R159 observed Hexdata icons render through the scoped image proxy in detail and match rows
  ---
  duration_ms: 2.648541
  type: 'test'
  ...
# Subtest: round 9 recommendation modes drive tabs, fallbacks, and ranked-only sources
ok 94 - round 9 recommendation modes drive tabs, fallbacks, and ranked-only sources
  ---
  duration_ms: 2.320542
  type: 'test'
  ...
# Subtest: OPGG only uses the client fallback when no upstream positions exist
ok 95 - OPGG only uses the client fallback when no upstream positions exist
  ---
  duration_ms: 0.707709
  type: 'test'
  ...
# Subtest: live recommendations can temporarily use a champ-select pick intent
ok 96 - live recommendations can temporarily use a champ-select pick intent
  ---
  duration_ms: 1.197708
  type: 'test'
  ...
# Subtest: live recommendation champion ids reject negative pick sentinels and use resolved live fallback
ok 97 - live recommendation champion ids reject negative pick sentinels and use resolved live fallback
  ---
  duration_ms: 0.515
  type: 'test'
  ...
# Subtest: random pick pending state has distinct empty-state copy
ok 98 - random pick pending state has distinct empty-state copy
  ---
  duration_ms: 0.979583
  type: 'test'
  ...
# Subtest: rune application creates or recycles only Deep Legends pages
ok 99 - rune application creates or recycles only Deep Legends pages
  ---
  duration_ms: 4.205166
  type: 'test'
  ...
# Subtest: friend navigation uses only session-scoped player references
ok 100 - friend navigation uses only session-scoped player references
  ---
  duration_ms: 0.831625
  type: 'test'
  ...
# Subtest: position filters use icons and transient search state is reset
ok 101 - position filters use icons and transient search state is reset
  ---
  duration_ms: 0.458083
  type: 'test'
  ...
# Subtest: rune shards use crisp login-independent Data Dragon assets
ok 102 - rune shards use crisp login-independent Data Dragon assets
  ---
  duration_ms: 0.733959
  type: 'test'
  ...
# Subtest: server-filtered flex switch makes one fresh first-page request
ok 103 - server-filtered flex switch makes one fresh first-page request
  ---
  duration_ms: 8.166125
  type: 'test'
  ...
# Subtest: client-filter fallback alone may automatically page until flex appears
ok 104 - client-filter fallback alone may automatically page until flex appears
  ---
  duration_ms: 1.679792
  type: 'test'
  ...
# Subtest: filtered empty state distinguishes active loading from idle history
ok 105 - filtered empty state distinguishes active loading from idle history
  ---
  duration_ms: 0.523125
  type: 'test'
  ...
# Subtest: filtered empty state renders the pagination copy only once
ok 106 - filtered empty state renders the pagination copy only once
  ---
  duration_ms: 0.987958
  type: 'test'
  ...
# Subtest: ranked matches omit unavailable local LP records
ok 107 - ranked matches omit unavailable local LP records
  ---
  duration_ms: 1.6165
  type: 'test'
  ...
# Subtest: perk stat mod slots are separated from rune styles
ok 108 - perk stat mod slots are separated from rune styles
  ---
  duration_ms: 2.47075
  type: 'test'
  ...
# Subtest: perk catalogs supply icons while entertainment recommendations come from the current hero
ok 109 - perk catalogs supply icons while entertainment recommendations come from the current hero
  ---
  duration_ms: 5.866708
  type: 'test'
  ...
# Subtest: match statistic labels have an explicit faint tone in both themes
ok 110 - match statistic labels have an explicit faint tone in both themes
  ---
  duration_ms: 0.426167
  type: 'test'
  ...
# Subtest: tooltips use one viewport-aware portal instead of clipped pseudo elements
ok 111 - tooltips use one viewport-aware portal instead of clipped pseudo elements
  ---
  duration_ms: 1.068917
  type: 'test'
  ...
# Subtest: tooltips use the layered hextech surface in every theme
ok 112 - tooltips use the layered hextech surface in every theme
  ---
  duration_ms: 1.511292
  type: 'test'
  ...
# Subtest: floating tooltip content is structured safely and shown only after placement
ok 113 - floating tooltip content is structured safely and shown only after placement
  ---
  duration_ms: 2.031667
  type: 'test'
  ...
# Subtest: round 9 section navigation restores each page scroll position after panel activation
ok 114 - round 9 section navigation restores each page scroll position after panel activation
  ---
  duration_ms: 1.039625
  type: 'test'
  ...
# Subtest: round 9 tooltip pointer suppression survives the click focus event
ok 115 - round 9 tooltip pointer suppression survives the click focus event
  ---
  duration_ms: 1.154375
  type: 'test'
  ...
# Subtest: round 9 friend refreshes and redundant static icon tooltips stay disabled
ok 116 - round 9 friend refreshes and redundant static icon tooltips stay disabled
  ---
  duration_ms: 0.222334
  type: 'test'
  ...
# Subtest: player-name tooltips are gated by the actual ellipsized text
ok 117 - player-name tooltips are gated by the actual ellipsized text
  ---
  duration_ms: 1.496917
  type: 'test'
  ...
# Subtest: champion detail tooltips include static numerical metadata and player aliases
ok 118 - champion detail tooltips include static numerical metadata and player aliases
  ---
  duration_ms: 0.47225
  type: 'test'
  ...
# Subtest: network preload excludes Hexdata and starts only ranked and arena work
ok 119 - network preload excludes Hexdata and starts only ranked and arena work
  ---
  duration_ms: 0.353125
  type: 'test'
  ...
# Subtest: champion data survives section switches and re-entry renders instantly while fresh
ok 120 - champion data survives section switches and re-entry renders instantly while fresh
  ---
  duration_ms: 0.34475
  type: 'test'
  ...
# Subtest: champion mode, searches, and tabs persist while transient detail state resets
ok 121 - champion mode, searches, and tabs persist while transient detail state resets
  ---
  duration_ms: 0.530417
  type: 'test'
  ...
# Subtest: ranked detail always keeps matchup and top-player cards
ok 122 - ranked detail always keeps matchup and top-player cards
  ---
  duration_ms: 0.149333
  type: 'test'
  ...
# Subtest: watch settings replace the legacy convenience controls and frontend writer
ok 123 - watch settings replace the legacy convenience controls and frontend writer
  ---
  duration_ms: 0.485667
  type: 'test'
  ...
# Subtest: disconnected collection, account, live and pool pages hide filters
ok 124 - disconnected collection, account, live and pool pages hide filters
  ---
  duration_ms: 0.25775
  type: 'test'
  ...
# Subtest: account page removes the duplicate title and sizes facts to unwrapped content
ok 125 - account page removes the duplicate title and sizes facts to unwrapped content
  ---
  duration_ms: 0.394708
  type: 'test'
  ...
# Subtest: optional themes keep a neutral background and accent-only primary
ok 126 - optional themes keep a neutral background and accent-only primary
  ---
  duration_ms: 0.346541
  type: 'test'
  ...
# Subtest: mayhem atlas description comes from the guide paragraph, not the SEO blurb
ok 127 - mayhem atlas description comes from the guide paragraph, not the SEO blurb
  ---
  duration_ms: 1.218333
  type: 'test'
  ...
# Subtest: mayhem atlas columns share one height cap and scroll independently
ok 128 - mayhem atlas columns share one height cap and scroll independently
  ---
  duration_ms: 1.198875
  type: 'test'
  ...
# Subtest: mayhem rarity panel disappears when the read fails
ok 129 - mayhem rarity panel disappears when the read fails
  ---
  duration_ms: 0.2105
  type: 'test'
  ...
# Subtest: augment metadata is looked up by ID without an icon-directory filter
ok 130 - augment metadata is looked up by ID without an icon-directory filter
  ---
  duration_ms: 0.540291
  type: 'test'
  ...
# Subtest: augment icons survive a client asset miss and never render as a solid tile
ok 131 - augment icons survive a client asset miss and never render as a solid tile
  ---
  duration_ms: 0.919708
  type: 'test'
  ...
# Subtest: arena augment descriptions drop runtime counters and render calculations
ok 132 - arena augment descriptions drop runtime counters and render calculations
  ---
  duration_ms: 0.378375
  type: 'test'
  ...
# Subtest: mayhem augments without upstream copy do not promise the client has it
ok 133 - mayhem augments without upstream copy do not promise the client has it
  ---
  duration_ms: 0.09325
  type: 'test'
  ...
# Subtest: specialist rune loading never blocks the outer OPGG rune panel
ok 134 - specialist rune loading never blocks the outer OPGG rune panel
  ---
  duration_ms: 0.377625
  type: 'test'
  ...
# Subtest: live session shows the current position only when position capability exists
ok 135 - live session shows the current position only when position capability exists
  ---
  duration_ms: 0.595833
  type: 'test'
  ...
# Subtest: live position choices sort by role share and derive missing shares from play
ok 136 - live position choices sort by role share and derive missing shares from play
  ---
  duration_ms: 0.877834
  type: 'test'
  ...
# Subtest: live build recommendations use a wide core column and only the available depth columns
ok 137 - live build recommendations use a wide core column and only the available depth columns
  ---
  duration_ms: 2.213542
  type: 'test'
  ...
# Subtest: live rune source tabs keep stable widths when the contextual note appears
ok 138 - live rune source tabs keep stable widths when the contextual note appears
  ---
  duration_ms: 0.881292
  type: 'test'
  ...
# Subtest: disabled controls use the not-allowed cursor throughout the web UI
ok 139 - disabled controls use the not-allowed cursor throughout the web UI
  ---
  duration_ms: 0.292458
  type: 'test'
  ...
# Subtest: arena live build aligns prism and core cards with the three Arena metrics
ok 140 - arena live build aligns prism and core cards with the three Arena metrics
  ---
  duration_ms: 2.01925
  type: 'test'
  ...
# Subtest: live core routes render at most five rows without an expansion control
ok 141 - live core routes render at most five rows without an expansion control
  ---
  duration_ms: 1.003209
  type: 'test'
  ...
# Subtest: live recommendation option groups keep the upstream order and never re-sort by win rate
ok 142 - live recommendation option groups keep the upstream order and never re-sort by win rate
  ---
  duration_ms: 0.883292
  type: 'test'
  ...
# Subtest: mayhem opening sections follow actual data instead of the augment capability
ok 143 - mayhem opening sections follow actual data instead of the augment capability
  ---
  duration_ms: 0.911375
  type: 'test'
  ...
# Subtest: item set payload uses three core routes, removes cross-group duplicates, and follows recommendation position
ok 144 - item set payload uses three core routes, removes cross-group duplicates, and follows recommendation position
  ---
  duration_ms: 0.614958
  type: 'test'
  ...
# Subtest: R176 classic core routes start at core items while retaining the starter summary
ok 145 - R176 classic core routes start at core items while retaining the starter summary
  ---
  duration_ms: 20.174542
  type: 'test'
  ...
# Subtest: R176 arena and hextech build routes remain free of starter dividers
ok 146 - R176 arena and hextech build routes remain free of starter dividers
  ---
  duration_ms: 1.06525
  type: 'test'
  ...
# Subtest: item set payload preserves recommendation trace and resolved position context
ok 147 - item set payload preserves recommendation trace and resolved position context
  ---
  duration_ms: 1.108417
  type: 'test'
  ...
# Subtest: item set drops an empty post-core block and reports applied group and item counts
ok 148 - item set drops an empty post-core block and reports applied group and item counts
  ---
  duration_ms: 1.7885
  type: 'test'
  ...
# Subtest: item set apply tooltip carries the in-game shop clipping workaround without repeating it in the toast
ok 149 - item set apply tooltip carries the in-game shop clipping workaround without repeating it in the toast
  ---
  duration_ms: 0.912333
  type: 'test'
  ...
# Subtest: item set apply failure records the same trace and item counts
ok 150 - item set apply failure records the same trace and item counts
  ---
  duration_ms: 0.375542
  type: 'test'
  ...
# Subtest: live mayhem item ranking renders the passed-through rows without a new request
ok 151 - live mayhem item ranking renders the passed-through rows without a new request
  ---
  duration_ms: 3.176416
  type: 'test'
  ...
# Subtest: live Mayhem builds keep only core equipment beside a two-column ranking
ok 152 - live Mayhem builds keep only core equipment beside a two-column ranking
  ---
  duration_ms: 2.25
  type: 'test'
  ...
# Subtest: overview re-entry keeps its pages for the two minute freshness window
ok 153 - overview re-entry keeps its pages for the two minute freshness window
  ---
  duration_ms: 0.166042
  type: 'test'
  ...
# Subtest: R63 forced overview refresh merges its first page into already loaded pages
ok 154 - R63 forced overview refresh merges its first page into already loaded pages
  ---
  duration_ms: 1.29625
  type: 'test'
  ...
# Subtest: R63 match-tier scope ignores transient tab keys
ok 155 - R63 match-tier scope ignores transient tab keys
  ---
  duration_ms: 0.144625
  type: 'test'
  ...
# Subtest: R61 append uses an independent controller and queues timed revalidation
ok 156 - R61 append uses an independent controller and queues timed revalidation
  ---
  duration_ms: 6.129375
  type: 'test'
  ...
# Subtest: R61 partial and budget-limited pagination stays resumable
ok 157 - R61 partial and budget-limited pagination stays resumable
  ---
  duration_ms: 0.420167
  type: 'test'
  ...
# Subtest: desktop packaging has a static embedded Riot ciphertext gate
ok 158 - desktop packaging has a static embedded Riot ciphertext gate
  ---
  duration_ms: 0.082167
  type: 'test'
  ...
# Subtest: champion detail keeps conditional fourth/fifth items out of core routes
ok 159 - champion detail keeps conditional fourth/fifth items out of core routes
  ---
  duration_ms: 30.850208
  type: 'test'
  ...
# Subtest: mayhem champion detail uses the same five-row core recommendation limit
ok 160 - mayhem champion detail uses the same five-row core recommendation limit
  ---
  duration_ms: 1.012041
  type: 'test'
  ...
# Subtest: hero detail rune workspace renders only the active rune board
ok 161 - hero detail rune workspace renders only the active rune board
  ---
  duration_ms: 1.531959
  type: 'test'
  ...
# Subtest: champion list rerenders preserve the inner table scroll position
ok 162 - champion list rerenders preserve the inner table scroll position
  ---
  duration_ms: 1.288375
  type: 'test'
  ...
# Subtest: ranked, arena, and mayhem champion rows all expose selected state
ok 163 - ranked, arena, and mayhem champion rows all expose selected state
  ---
  duration_ms: 4.665167
  type: 'test'
  ...
# Subtest: R148 Mayhem ranking win rate and detail sample render from insights row
ok 164 - R148 Mayhem ranking win rate and detail sample render from insights row
  ---
  duration_ms: 0.957459
  type: 'test'
  ...
# Subtest: match loadout follows the OPGG mode matrix instead of trusting stray augment data
ok 165 - match loadout follows the OPGG mode matrix instead of trusting stray augment data
  ---
  duration_ms: 1.294042
  type: 'test'
  ...
# Subtest: match filters keep ordinary, qualifier, and classic Hextech ARAM mutually exclusive
ok 166 - match filters keep ordinary, qualifier, and classic Hextech ARAM mutually exclusive
  ---
  duration_ms: 1.208417
  type: 'test'
  ...
# Subtest: remade matches use a neutral result instead of win or loss
ok 167 - remade matches use a neutral result instead of win or loss
  ---
  duration_ms: 0.627833
  type: 'test'
  ...
# Subtest: live rune matchups occupy the champion strip right side without wrapping their facts
ok 168 - live rune matchups occupy the champion strip right side without wrapping their facts
  ---
  duration_ms: 6.335792
  type: 'test'
  ...
# Subtest: live match statistics keep fixed geometry across modes
ok 169 - live match statistics keep fixed geometry across modes
  ---
  duration_ms: 0.850667
  type: 'test'
  ...
# Subtest: live matchup rows use equal-width three-column grids
ok 170 - live matchup rows use equal-width three-column grids
  ---
  duration_ms: 0.311834
  type: 'test'
  ...
# Subtest: live recommendation capability flags hide unsupported matchup and ban-rate blocks
ok 171 - live recommendation capability flags hide unsupported matchup and ban-rate blocks
  ---
  duration_ms: 4.122
  type: 'test'
  ...
# Subtest: live skill plan distinguishes primary, secondary, final, and ultimate controls
ok 172 - live skill plan distinguishes primary, secondary, final, and ultimate controls
  ---
  duration_ms: 2.157292
  type: 'test'
  ...
# Subtest: live skill plan keeps four distinct controls on narrow screens
ok 173 - live skill plan keeps four distinct controls on narrow screens
  ---
  duration_ms: 2.236875
  type: 'test'
  ...
# Subtest: live augments group before limiting, retaining the top three of each rarity
ok 174 - live augments group before limiting, retaining the top three of each rarity
  ---
  duration_ms: 11.033208
  type: 'test'
  ...
# Subtest: arena detail augments use the shared three-column option grid
ok 175 - arena detail augments use the shared three-column option grid
  ---
  duration_ms: 0.579166
  type: 'test'
  ...
# Subtest: arena synergy cards show one readable paired champion label
ok 176 - arena synergy cards show one readable paired champion label
  ---
  duration_ms: 1.832541
  type: 'test'
  ...
# Subtest: live rune choices use the keystone title and make the whole card selectable
ok 177 - live rune choices use the keystone title and make the whole card selectable
  ---
  duration_ms: 4.59525
  type: 'test'
  ...
# Subtest: specialist matchups place the colored result dot beside the opponent
ok 178 - specialist matchups place the colored result dot beside the opponent
  ---
  duration_ms: 4.584916
  type: 'test'
  ...
# Subtest: specialist second game selection redraws and applies that game's exact runes
ok 179 - specialist second game selection redraws and applies that game's exact runes
  ---
  duration_ms: 2.281375
  type: 'test'
  ...
# Subtest: specialist opponent lives in the selectable head and the rune content is single-column
ok 180 - specialist opponent lives in the selectable head and the rune content is single-column
  ---
  duration_ms: 0.669792
  type: 'test'
  ...
# Subtest: live rune style icons preserve their 4:5 artwork ratio
ok 181 - live rune style icons preserve their 4:5 artwork ratio
  ---
  duration_ms: 3.096584
  type: 'test'
  ...
# Subtest: arena medium cards keep one-line identities and compact recommendation icons
ok 182 - arena medium cards keep one-line identities and compact recommendation icons
  ---
  duration_ms: 2.069625
  type: 'test'
  ...
# Subtest: mayhem and arena hero strips match the ranked artwork treatment
ok 183 - mayhem and arena hero strips match the ranked artwork treatment
  ---
  duration_ms: 1.912583
  type: 'test'
  ...
# Subtest: build rows keep a fixed 42px icon size and wrap whole depth groups
ok 184 - build rows keep a fixed 42px icon size and wrap whole depth groups
  ---
  duration_ms: 5.123333
  type: 'test'
  ...
# Subtest: session summary uses a generic auto refresh status
ok 185 - session summary uses a generic auto refresh status
  ---
  duration_ms: 0.492041
  type: 'test'
  ...
# Subtest: live page defaults to a 3 second refresh and resets recommendations to runes on re-entry
ok 186 - live page defaults to a 3 second refresh and resets recommendations to runes on re-entry
  ---
  duration_ms: 0.415833
  type: 'test'
  ...
# Subtest: live beacon reacts to active phase changes and has a one second fallback
ok 187 - live beacon reacts to active phase changes and has a one second fallback
  ---
  duration_ms: 1.687959
  type: 'test'
  ...
# Subtest: R46 live refresh delays follow the game phase
ok 188 - R46 live refresh delays follow the game phase
  ---
  duration_ms: 0.152375
  type: 'test'
  ...
# Subtest: R46 TFT live sessions render one explicit unsupported state
ok 189 - R46 TFT live sessions render one explicit unsupported state
  ---
  duration_ms: 0.80175
  type: 'test'
  ...
# Subtest: R47 Arena live insights use one honest roster with phase-specific context
ok 190 - R47 Arena live insights use one honest roster with phase-specific context
  ---
  duration_ms: 2.443917
  type: 'test'
  ...
# Subtest: R58 Arena live playerlist groups six teams and malformed shapes fall back to one roster
ok 191 - R58 Arena live playerlist groups six teams and malformed shapes fall back to one roster
  ---
  duration_ms: 9.360791
  type: 'test'
  ...
# Subtest: R49 Arena player cards use the current champion fallback, hide lane copy, and put self first
ok 192 - R49 Arena player cards use the current champion fallback, hide lane copy, and put self first
  ---
  duration_ms: 128.613584
  type: 'test'
  ...
# Subtest: R66 live premade hints cluster players and render a rich, fail-closed tag
ok 193 - R66 live premade hints cluster players and render a rich, fail-closed tag
  ---
  duration_ms: 2.179709
  type: 'test'
  ...
# Subtest: R66 premade backend guards reject cache and inference mutations
ok 194 - R66 premade backend guards reject cache and inference mutations
  ---
  duration_ms: 11.603208
  type: 'test'
  ...
# Subtest: Arena random champion IDs use the official unselected champion icon
ok 195 - Arena random champion IDs use the official unselected champion icon
  ---
  duration_ms: 0.816667
  type: 'test'
  ...
# Subtest: R56 recommendation loading is centered by its overlay without viewport overflow
ok 196 - R56 recommendation loading is centered by its overlay without viewport overflow
  ---
  duration_ms: 3.291958
  type: 'test'
  ...
# Subtest: R56 missing recommendation metrics remove the whole metric item and empty wrappers
ok 197 - R56 missing recommendation metrics remove the whole metric item and empty wrappers
  ---
  duration_ms: 5.987583
  type: 'test'
  ...
# Subtest: player header retains region and uses friend presence without CN spectator probes
ok 198 - player header retains region and uses friend presence without CN spectator probes
  ---
  duration_ms: 0.418125
  type: 'test'
  ...
# Subtest: R46 restores only a persisted champion ID and clears unavailable selections
ok 199 - R46 restores only a persisted champion ID and clears unavailable selections
  ---
  duration_ms: 0.680541
  type: 'test'
  ...
# Subtest: R61 champion re-entry renders persisted detail on the first frame
ok 200 - R61 champion re-entry renders persisted detail on the first frame
  ---
  duration_ms: 7.803416
  type: 'test'
  ...
# Subtest: R61 stale rankings re-entry runs loadWorkspace(true) without flashing the list
ok 201 - R61 stale rankings re-entry runs loadWorkspace(true) without flashing the list
  ---
  duration_ms: 56.225458
  type: 'test'
  ...
# Subtest: R61 detail cache survives leaving and prevents a second detail request
ok 202 - R61 detail cache survives leaving and prevents a second detail request
  ---
  duration_ms: 0.833541
  type: 'test'
  ...
# Subtest: same champion route click overrides the previous detail position
ok 203 - same champion route click overrides the previous detail position
  ---
  duration_ms: 0.561708
  type: 'test'
  ...
# Subtest: item route limit follows the active bottom or adc detail before the selected row
ok 204 - item route limit follows the active bottom or adc detail before the selected row
  ---
  duration_ms: 0.318584
  type: 'test'
  ...
# Subtest: R61 detail tier persists and keeps the refreshed rankings cache fresh
ok 205 - R61 detail tier persists and keeps the refreshed rankings cache fresh
  ---
  duration_ms: 0.530333
  type: 'test'
  ...
# Subtest: R70 section event runs after synchronous panel activation without snapshot delay
ok 206 - R70 section event runs after synchronous panel activation without snapshot delay
  ---
  duration_ms: 0.152209
  type: 'test'
  ...
# Subtest: R47 ranked detail recovers to the list when champion metadata is unavailable
ok 207 - R47 ranked detail recovers to the list when champion metadata is unavailable
  ---
  duration_ms: 0.369
  type: 'test'
  ...
# Subtest: champion detail core routes hide pick rate and retain win rate with games
ok 208 - champion detail core routes hide pick rate and retain win rate with games
  ---
  duration_ms: 0.418458
  type: 'test'
  ...
# Subtest: R63 keeps the OP.GG source only in the build header
ok 209 - R63 keeps the OP.GG source only in the build header
  ---
  duration_ms: 0.440083
  type: 'test'
  ...
# Subtest: QQ101 item depths disclose unavailable samples and flag extreme rates
ok 210 - QQ101 item depths disclose unavailable samples and flag extreme rates
  ---
  duration_ms: 3.241334
  type: 'test'
  ...
# Subtest: R189 nonblank fallback loot remains visible without a pending hint
ok 211 - R189 nonblank fallback loot remains visible without a pending hint
  ---
  duration_ms: 1.175334
  type: 'test'
  ...
# Subtest: 0924 blank LCU loot record: hinted while retries run, plain and typeless once settled
ok 212 - 0924 blank LCU loot record: hinted while retries run, plain and typeless once settled
  ---
  duration_ms: 0.862583
  type: 'test'
  ...
# Subtest: 0924 the account page does not show the blank LCU placeholder record or its notice
ok 213 - 0924 the account page does not show the blank LCU placeholder record or its notice
  ---
  duration_ms: 1.873709
  type: 'test'
  ...
# Subtest: 0912 named ward, icon and legacy loot render their resolved names
ok 214 - 0912 named ward, icon and legacy loot render their resolved names
  ---
  duration_ms: 1.14675
  type: 'test'
  ...
# Subtest: R61 account renderer directly retains unnamed loot and kills the old filter
ok 215 - R61 account renderer directly retains unnamed loot and kills the old filter
  ---
  duration_ms: 3.105833
  type: 'test'
  ...
# Subtest: R61 every mandatory contract rejects its documented production mutation
ok 216 - R61 every mandatory contract rejects its documented production mutation
  ---
  duration_ms: 61.60625
  type: 'test'
  ...
# Subtest: R63 mandatory contracts reject every documented production regression
ok 217 - R63 mandatory contracts reject every documented production regression
  ---
  duration_ms: 44.040125
  type: 'test'
  ...
# Subtest: live rune secondary style row stays aligned beneath the primary keystone row
ok 218 - live rune secondary style row stays aligned beneath the primary keystone row
  ---
  duration_ms: 3.056333
  type: 'test'
  ...
# Subtest: R16 build, rune, skill, and Korean overview guards preserve the corrected contracts
ok 219 - R16 build, rune, skill, and Korean overview guards preserve the corrected contracts
  ---
  duration_ms: 2.011417
  type: 'test'
  ...
# Subtest: R16 addendum guards reject every documented regression on true copies
ok 220 - R16 addendum guards reject every documented regression on true copies
  ---
  duration_ms: 217.193375
  type: 'test'
  ...
# Subtest: R45 contracts cover desktop Arena geometry, build layout, and cell identity wiring
ok 221 - R45 contracts cover desktop Arena geometry, build layout, and cell identity wiring
  ---
  duration_ms: 2.067416
  type: 'test'
  ...
# Subtest: R45 mutation probes reject every documented A, B, and C regression
ok 222 - R45 mutation probes reject every documented A, B, and C regression
  ---
  duration_ms: 7.307208
  type: 'test'
  ...
# Subtest: R46 contracts cover cache eviction, parsing, beacon, refresh, and TFT handling
ok 223 - R46 contracts cover cache eviction, parsing, beacon, refresh, and TFT handling
  ---
  duration_ms: 1.663208
  type: 'test'
  ...
# Subtest: R46 mutation probes reject all six required regressions
ok 224 - R46 mutation probes reject all six required regressions
  ---
  duration_ms: 5.386042
  type: 'test'
  ...
# Subtest: R47 contracts cover Arena champ-select filtering and the single-roster layout
ok 225 - R47 contracts cover Arena champ-select filtering and the single-roster layout
  ---
  duration_ms: 1.40175
  type: 'test'
  ...
# Subtest: R47 A-group mutation probes reject mode and single-roster regressions
ok 226 - R47 A-group mutation probes reject mode and single-roster regressions
  ---
  duration_ms: 5.573792
  type: 'test'
  ...
# Subtest: R49 all seven required mutation probes fail on true copied files
ok 227 - R49 all seven required mutation probes fail on true copied files
  ---
  duration_ms: 76.902167
  type: 'test'
  ...
# Subtest: R47 addendum scopes recommendation breakpoints to its inline-size container
ok 228 - R47 addendum scopes recommendation breakpoints to its inline-size container
  ---
  duration_ms: 1.241166
  type: 'test'
  ...
# Subtest: R47 addendum mutation probes reject media-query regressions
ok 229 - R47 addendum mutation probes reject media-query regressions
  ---
  duration_ms: 1.92375
  type: 'test'
  ...
# Subtest: R45 item-set branding uses DL in demo and LCU metadata
ok 230 - R45 item-set branding uses DL in demo and LCU metadata
  ---
  duration_ms: 0.362833
  type: 'test'
  ...
# Subtest: R71 item-set action uses game recommendations without verbose manual-cleanup notes
ok 231 - R71 item-set action uses game recommendations without verbose manual-cleanup notes
  ---
  duration_ms: 0.559875
  type: 'test'
  ...
# Subtest: R58 mutation probes reject stale-roster and Arena fallback regressions
ok 232 - R58 mutation probes reject stale-roster and Arena fallback regressions
  ---
  duration_ms: 1.922083
  type: 'test'
  ...
# Subtest: the duplicated 30-day ranked card is gone from every layer
ok 233 - the duplicated 30-day ranked card is gone from every layer
  ---
  duration_ms: 0.816084
  type: 'test'
  ...
# Subtest: ranked queue switchers drop the redundant text label
ok 234 - ranked queue switchers drop the redundant text label
  ---
  duration_ms: 1.054291
  type: 'test'
  ...
# Subtest: specialist rune client skips are observable and stale cooldowns recover
ok 235 - specialist rune client skips are observable and stale cooldowns recover
  ---
  duration_ms: 2.135167
  type: 'test'
  ...
# Subtest: specialist upstream failures remain retryable and are never cached as empty samples
ok 236 - specialist upstream failures remain retryable and are never cached as empty samples
  ---
  duration_ms: 0.86025
  type: 'test'
  ...
# Subtest: specialist retryable outcomes have accurate copy and a retry control
ok 237 - specialist retryable outcomes have accurate copy and a retry control
  ---
  duration_ms: 2.198041
  type: 'test'
  ...
# Subtest: queues without top-player data keep an explicit specialist empty state
ok 238 - queues without top-player data keep an explicit specialist empty state
  ---
  duration_ms: 17.458917
  type: 'test'
  ...
# Subtest: collection status wording is timeless and promotion chests use dedicated artwork
ok 239 - collection status wording is timeless and promotion chests use dedicated artwork
  ---
  duration_ms: 0.53125
  type: 'test'
  ...
# Subtest: returning to a section restores its scroll position past the loading skeleton
ok 240 - returning to a section restores its scroll position past the loading skeleton
  ---
  duration_ms: 0.220541
  type: 'test'
  ...
# Subtest: captured Arena equipment matches YOUR.GG preview order and expands to every source item
ok 241 - captured Arena equipment matches YOUR.GG preview order and expands to every source item
  ---
  duration_ms: 175.615958
  type: 'test'
  ...
# Subtest: Arena equipment sorting retains low samples, missing metadata and ungraded items
ok 242 - Arena equipment sorting retains low samples, missing metadata and ungraded items
  ---
  duration_ms: 0.346375
  type: 'test'
  ...
# Subtest: R86 champion index preserves numeric/first-match/key semantics and invalidates catalogs
ok 243 - R86 champion index preserves numeric/first-match/key semantics and invalidates catalogs
  ---
  duration_ms: 0.358333
  type: 'test'
  ...
# Subtest: R117 mayhem augment spinner resets even when the view changed mid-flight
ok 244 - R117 mayhem augment spinner resets even when the view changed mid-flight
  ---
  duration_ms: 58.031875
  type: 'test'
  ...
# Subtest: R117 champions api() surfaces RequestCancelled instead of flattening it into a timeout
ok 245 - R117 champions api() surfaces RequestCancelled instead of flattening it into a timeout
  ---
  duration_ms: 0.76225
  type: 'test'
  ...
# Subtest: R117 champions api() keeps RequestCancelled when a successful fetch is superseded
ok 246 - R117 champions api() keeps RequestCancelled when a successful fetch is superseded
  ---
  duration_ms: 0.385166
  type: 'test'
  ...
# Subtest: R148 changing Mayhem heroes resets the detail tab and its saved setting
ok 247 - R148 changing Mayhem heroes resets the detail tab and its saved setting
  ---
  duration_ms: 0.590416
  type: 'test'
  ...
# Subtest: diagnostic export waits for telemetry and prevents duplicate download clicks
ok 248 - diagnostic export waits for telemetry and prevents duplicate download clicks
  ---
  duration_ms: 2.211166
  type: 'test'
  ...
# Subtest: telemetry failure never blocks export and open-folder action does not export again
ok 249 - telemetry failure never blocks export and open-folder action does not export again
  ---
  duration_ms: 1.120458
  type: 'test'
  ...
# Subtest: online friend party shows real occupancy and mode, including TFT
ok 250 - online friend party shows real occupancy and mode, including TFT
  ---
  duration_ms: 1.699208
  type: 'test'
  ...
# Subtest: partial or invalid occupancy is not invented as 1/5
ok 251 - partial or invalid occupancy is not invented as 1/5
  ---
  duration_ms: 0.251792
  type: 'test'
  ...
# Subtest: game phase wins over chat availability and stale lobby data
ok 252 - game phase wins over chat availability and stale lobby data
  ---
  duration_ms: 0.63375
  type: 'test'
  ...
# Subtest: offline, mobile, away and other product never reuse the LoL lobby text
ok 253 - offline, mobile, away and other product never reuse the LoL lobby text
  ---
  duration_ms: 1.729334
  type: 'test'
  ...
# Subtest: real friend dock rerenders occupancy and removes old room details on every phase change
ok 254 - real friend dock rerenders occupancy and removes old room details on every phase change
  ---
  duration_ms: 165.76
  type: 'test'
  ...
# Subtest: friend banner matches opaque aliases, escapes labels and rejects stale or foreign presence
ok 255 - friend banner matches opaque aliases, escapes labels and rejects stale or foreign presence
  ---
  duration_ms: 1.516125
  type: 'test'
  ...
# Subtest: flow render diagnostics follow displayed data and explain skipped mounts
ok 256 - flow render diagnostics follow displayed data and explain skipped mounts
  ---
  duration_ms: 8.018375
  type: 'test'
  ...
# Subtest: flow loader logs invalid response without inventing an idle state
ok 257 - flow loader logs invalid response without inventing an idle state
  ---
  duration_ms: 8.479875
  type: 'test'
  ...
# Subtest: 2351 failed current game probe does not render a misleading status row
ok 258 - 2351 failed current game probe does not render a misleading status row
  ---
  duration_ms: 14.458708
  type: 'test'
  ...
# Subtest: manual roster retry reaches the backend and diagnostics without exporting identity
ok 259 - manual roster retry reaches the backend and diagnostics without exporting identity
  ---
  duration_ms: 4.11775
  type: 'test'
  ...
# Subtest: 2326 manual and automatic current-game failures retain their own trigger
ok 260 - 2326 manual and automatic current-game failures retain their own trigger
  ---
  duration_ms: 9.526125
  type: 'test'
  ...
# Subtest: R68 specialist request uses OPGG-resolved position unless the user overrides it
ok 261 - R68 specialist request uses OPGG-resolved position unless the user overrides it
  ---
  duration_ms: 14.287833
  type: 'test'
  ...
# Subtest: R68 live insight labels are relative to the current player's absolute team
ok 262 - R68 live insight labels are relative to the current player's absolute team
  ---
  duration_ms: 111.289333
  type: 'test'
  ...
# Subtest: live insight sorts both teams by known positions while retaining duplicate order
ok 263 - live insight sorts both teams by known positions while retaining duplicate order
  ---
  duration_ms: 9.534375
  type: 'test'
  ...
# Subtest: live insight keeps current-player highlight after position ordering
ok 264 - live insight keeps current-player highlight after position ordering
  ---
  duration_ms: 92.973833
  type: 'test'
  ...
# Subtest: R68 rendered-roster diagnostic carries queueId and absolute counts
ok 265 - R68 rendered-roster diagnostic carries queueId and absolute counts
  ---
  duration_ms: 6.325041
  type: 'test'
  ...
# Subtest: R68 gameplay mutation probes execute real position and team logic
ok 266 - R68 gameplay mutation probes execute real position and team logic
  ---
  duration_ms: 268.2135
  type: 'test'
  ...
# Subtest: R69 premade tags distinguish direct session groups from inferred groups
ok 267 - R69 premade tags distinguish direct session groups from inferred groups
  ---
  duration_ms: 21.046084
  type: 'test'
  ...
# Subtest: R69 history rows distinguish unavailable failed empty and pending states
ok 268 - R69 history rows distinguish unavailable failed empty and pending states
  ---
  duration_ms: 28.002458
  type: 'test'
  ...
# Subtest: live detail shows at most ten newest recent games
ok 269 - live detail shows at most ten newest recent games
  ---
  duration_ms: 10.278916
  type: 'test'
  ...
# Subtest: R69 current-position chip preserves client position and discloses specialist fallback
ok 270 - R69 current-position chip preserves client position and discloses specialist fallback
  ---
  duration_ms: 15.43375
  type: 'test'
  ...
# Subtest: R71 ranked recent-position samples stay inside the player card, without an extra grid row
ok 271 - R71 ranked recent-position samples stay inside the player card, without an extra grid row
  ---
  duration_ms: 1025.403
  type: 'test'
  ...
# Subtest: R72 role badges use explicit lane names, deduplicate and hide unknown or empty samples
ok 272 - R72 role badges use explicit lane names, deduplicate and hide unknown or empty samples
  ---
  duration_ms: 3.597333
  type: 'test'
  ...
# Subtest: R73 demo ranked players expose recent-position samples used by role badges
ok 273 - R73 demo ranked players expose recent-position samples used by role badges
  ---
  duration_ms: 0.133166
  type: 'test'
  ...
# Subtest: R73 classic ranked details stay side-by-side at medium widths and safely stack only when narrow
ok 274 - R73 classic ranked details stay side-by-side at medium widths and safely stack only when narrow
  ---
  duration_ms: 0.822583
  type: 'test'
  ...
# Subtest: OPGG season query is tab-scoped, single-flight and never reloads Riot history
ok 275 - OPGG season query is tab-scoped, single-flight and never reloads Riot history
  ---
  duration_ms: 3.366583
  type: 'test'
  ...
# Subtest: OPGG late response cannot overwrite another account and failure has no crawl fallback
ok 276 - OPGG late response cannot overwrite another account and failure has no crawl fallback
  ---
  duration_ms: 6.347708
  type: 'test'
  ...
# Subtest: OPGG career rendering uses full season total and only the matching KR tab
ok 277 - OPGG career rendering uses full season total and only the matching KR tab
  ---
  duration_ms: 2.923792
  type: 'test'
  ...
# Subtest: current-game queries are single-flight, account scoped, and reject late identity changes
ok 278 - current-game queries are single-flight, account scoped, and reject late identity changes
  ---
  duration_ms: 3.241083
  type: 'test'
  ...
# Subtest: R75 pro target is independent of specialist rankings and rejects non-SR modes
ok 279 - R75 pro target is independent of specialist rankings and rejects non-SR modes
  ---
  duration_ms: 9.441958
  type: 'test'
  ...
# Subtest: R75 pro rows use shared game renderer, neutral unknown, real event and sample threshold
ok 280 - R75 pro rows use shared game renderer, neutral unknown, real event and sample threshold
  ---
  duration_ms: 44.874709
  type: 'test'
  ...
# Subtest: R171 spell pairs stay with their own rune source and require two verified IDs
ok 281 - R171 spell pairs stay with their own rune source and require two verified IDs
  ---
  duration_ms: 9.355542
  type: 'test'
  ...
# Subtest: R171 apply optionally writes the selected source's spells and reports partial success
ok 282 - R171 apply optionally writes the selected source's spells and reports partial success
  ---
  duration_ms: 17.057458
  type: 'test'
  ...
# Subtest: R171 rune card shows OPGG spells once and only complete specialist rows
ok 283 - R171 rune card shows OPGG spells once and only complete specialist rows
  ---
  duration_ms: 30.406375
  type: 'test'
  ...
# Subtest: R75 incomplete pro disables actual action markup and refuses POST
ok 284 - R75 incomplete pro disables actual action markup and refuses POST
  ---
  duration_ms: 26.241
  type: 'test'
  ...
# Subtest: R75 async pro retains marked cache on failure and prevents old generation overwrite
ok 285 - R75 async pro retains marked cache on failure and prevents old generation overwrite
  ---
  duration_ms: 23.59975
  type: 'test'
  ...
# Subtest: R76 pro degradation uses game failure ratio, not a nonempty reason
ok 286 - R76 pro degradation uses game failure ratio, not a nonempty reason
  ---
  duration_ms: 34.98275
  type: 'test'
  ...
# Subtest: pro tabs keep every player and display latest five games per player without relative dates
ok 287 - pro tabs keep every player and display latest five games per player without relative dates
  ---
  duration_ms: 18.295458
  type: 'test'
  ...
# Subtest: rune source order is OPGG, professional, specialist with no specialist subtitle
ok 288 - rune source order is OPGG, professional, specialist with no specialist subtitle
  ---
  duration_ms: 5.081
  type: 'test'
  ...
# Subtest: professional request follows the displayed position and explicit selection wins over fallback
ok 289 - professional request follows the displayed position and explicit selection wins over fallback
  ---
  duration_ms: 3.111125
  type: 'test'
  ...
# Subtest: unknown pro outcomes are not presented as a zero-game performance record
ok 290 - unknown pro outcomes are not presented as a zero-game performance record
  ---
  duration_ms: 13.758166
  type: 'test'
  ...
# Subtest: cached overview re-enters independent season and current-game loaders without requesting history
ok 291 - cached overview re-enters independent season and current-game loaders without requesting history
  ---
  duration_ms: 10.406334
  type: 'test'
  ...
# Subtest: live specialist overview uses full identity without merging tags or enabling tournament names
ok 292 - live specialist overview uses full identity without merging tags or enabling tournament names
  ---
  duration_ms: 18.303625
  type: 'test'
  ...
# Subtest: TheShy Camille official eight-perk response shows known shards without inventing slots
ok 293 - TheShy Camille official eight-perk response shows known shards without inventing slots
  ---
  duration_ms: 13.078875
  type: 'test'
  ...
# Subtest: KR unavailable season never renders recent20 as champion season statistics
ok 294 - KR unavailable season never renders recent20 as champion season statistics
  ---
  duration_ms: 5.899
  type: 'test'
  ...
# Subtest: resolved repeated pro shards render in both legal rows, not in the bottom strip
ok 295 - resolved repeated pro shards render in both legal rows, not in the bottom strip
  ---
  duration_ms: 16.015917
  type: 'test'
  ...
# Subtest: R167 lane card renders only a locked enemy in the current player's lane
ok 296 - R167 lane card renders only a locked enemy in the current player's lane
  ---
  duration_ms: 41.931208
  type: 'test'
  ...
# Subtest: R167 lane card tells a same-lane teammate apart from the real enemy when isAlly is falsy for both
ok 297 - R167 lane card tells a same-lane teammate apart from the real enemy when isAlly is falsy for both
  ---
  duration_ms: 36.361541
  type: 'test'
  ...
# Subtest: R167 candidate request uses the enemy champion, current lane and tier, once per mapping
ok 298 - R167 candidate request uses the enemy champion, current lane and tier, once per mapping
  ---
  duration_ms: 39.581416
  type: 'test'
  ...
# Subtest: R168 candidate failure and skipped context emit distinguishable diagnostics
ok 299 - R168 candidate failure and skipped context emit distinguishable diagnostics
  ---
  duration_ms: 76.313042
  type: 'test'
  ...
# Subtest: R117 rank win-rate degradation is disclosed on screen, not only set on the backend
ok 300 - R117 rank win-rate degradation is disclosed on screen, not only set on the backend
  ---
  duration_ms: 4.057375
  type: 'test'
  ...
# Subtest: R173 rune equipment places opening items, divider and seven final slots in exact order
ok 301 - R173 rune equipment places opening items, divider and seven final slots in exact order
  ---
  duration_ms: 32.884875
  type: 'test'
  ...
# Subtest: R173 absent opening items retains byte-identical final equipment markup
ok 302 - R173 absent opening items retains byte-identical final equipment markup
  ---
  duration_ms: 6.066334
  type: 'test'
  ...
# Subtest: R173 delayed equipment patch preserves row identity, order and selected state
ok 303 - R173 delayed equipment patch preserves row identity, order and selected state
  ---
  duration_ms: 25.512875
  type: 'test'
  ...
# Subtest: R173 second stage loads only visible rows and leaves rune list available while pending
ok 304 - R173 second stage loads only visible rows and leaves rune list available while pending
  ---
  duration_ms: 18.319042
  type: 'test'
  ...
# Subtest: R173 optional failure and previous game response leave current equipment unchanged
ok 305 - R173 optional failure and previous game response leave current equipment unchanged
  ---
  duration_ms: 25.72175
  type: 'test'
  ...
# Subtest: R173 a refreshed pro list retains completed opening items without affecting source order
ok 306 - R173 a refreshed pro list retains completed opening items without affecting source order
  ---
  duration_ms: 4.451417
  type: 'test'
  ...
# Subtest: R174 equipment then spells are direct children and spells contain only two icons
ok 307 - R174 equipment then spells are direct children and spells contain only two icons
  ---
  duration_ms: 19.945916
  type: 'test'
  ...
# Subtest: R174 opening inventory and divider precede final inventory and rightmost spells
ok 308 - R174 opening inventory and divider precede final inventory and rightmost spells
  ---
  duration_ms: 27.572333
  type: 'test'
  ...
# Subtest: R174 invalid or absent spell pair retains byte-identical equipment markup
ok 309 - R174 invalid or absent spell pair retains byte-identical equipment markup
  ---
  duration_ms: 7.128417
  type: 'test'
  ...
# Subtest: R174 spells without final inventory render one right-aligned container without labels or empty group
ok 310 - R174 spells without final inventory render one right-aligned container without labels or empty group
  ---
  duration_ms: 12.210917
  type: 'test'
  ...
# Subtest: R174 full specialist and pro templates have no standalone spell row
ok 311 - R174 full specialist and pro templates have no standalone spell row
  ---
  duration_ms: 41.115333
  type: 'test'
  ...
# Subtest: R174 async opening inventory replacement preserves rightmost spell pair and selected rows
ok 312 - R174 async opening inventory replacement preserves rightmost spell pair and selected rows
  ---
  duration_ms: 30.889666
  type: 'test'
  ...
# Subtest: R174 standalone spell renderer remains byte-identical; R179 inventory keeps a fixed height
ok 313 - R174 standalone spell renderer remains byte-identical; R179 inventory keeps a fixed height
  ---
  duration_ms: 12.956042
  type: 'test'
  ...
# Subtest: R177 starter rate hint retries at eight seconds twice and keeps one flight
not ok 314 - R177 starter rate hint retries at eight seconds twice and keeps one flight
  ---
  duration_ms: 70.219375
  type: 'test'
  location: '/Users/ly/personal/personal-work/deep-legends/backend/web/gameplay.test.cjs:1243:1'
  failureType: 'testCodeFailure'
  error: "Unexpected token 'function'"
  code: 'ERR_TEST_FAILURE'
  name: 'SyntaxError'
  stack: |-
    Function (<anonymous>)
    compile (/Users/ly/personal/personal-work/deep-legends/backend/web/gameplay.test.cjs:144:10)
    r177StarterHarness (/Users/ly/personal/personal-work/deep-legends/backend/web/gameplay.test.cjs:1231:17)
    TestContext.<anonymous> (/Users/ly/personal/personal-work/deep-legends/backend/web/gameplay.test.cjs:1244:13)
    Test.runInAsyncScope (node:async_hooks:228:14)
    Test.run (node:internal/test_runner/test:1118:25)
    Test.processPendingSubtests (node:internal/test_runner/test:787:18)
    Test.postRun (node:internal/test_runner/test:1247:19)
    Test.run (node:internal/test_runner/test:1175:12)
    async Test.processPendingSubtests (node:internal/test_runner/test:787:7)
  ...
# Subtest: R177 starter waiting retry rejects a new generation source target or invisible page
not ok 315 - R177 starter waiting retry rejects a new generation source target or invisible page
  ---
  duration_ms: 49.176833
  type: 'test'
  location: '/Users/ly/personal/personal-work/deep-legends/backend/web/gameplay.test.cjs:1264:1'
  failureType: 'testCodeFailure'
  error: "Unexpected token 'function'"
  code: 'ERR_TEST_FAILURE'
  name: 'SyntaxError'
  stack: |-
    Function (<anonymous>)
    compile (/Users/ly/personal/personal-work/deep-legends/backend/web/gameplay.test.cjs:144:10)
    r177StarterHarness (/Users/ly/personal/personal-work/deep-legends/backend/web/gameplay.test.cjs:1231:17)
    TestContext.<anonymous> (/Users/ly/personal/personal-work/deep-legends/backend/web/gameplay.test.cjs:1272:15)
    Test.runInAsyncScope (node:async_hooks:228:14)
    Test.run (node:internal/test_runner/test:1118:25)
    Test.processPendingSubtests (node:internal/test_runner/test:787:18)
    Test.postRun (node:internal/test_runner/test:1247:19)
    Test.run (node:internal/test_runner/test:1175:12)
    async Test.processPendingSubtests (node:internal/test_runner/test:787:7)
  ...
# Subtest: R177 starter no quota hint or network failure never schedules a retry
not ok 316 - R177 starter no quota hint or network failure never schedules a retry
  ---
  duration_ms: 70.618875
  type: 'test'
  location: '/Users/ly/personal/personal-work/deep-legends/backend/web/gameplay.test.cjs:1293:1'
  failureType: 'testCodeFailure'
  error: "Unexpected token 'function'"
  code: 'ERR_TEST_FAILURE'
  name: 'SyntaxError'
  stack: |-
    Function (<anonymous>)
    compile (/Users/ly/personal/personal-work/deep-legends/backend/web/gameplay.test.cjs:144:10)
    r177StarterHarness (/Users/ly/personal/personal-work/deep-legends/backend/web/gameplay.test.cjs:1231:17)
    TestContext.<anonymous> (/Users/ly/personal/personal-work/deep-legends/backend/web/gameplay.test.cjs:1295:15)
    Test.runInAsyncScope (node:async_hooks:228:14)
    Test.run (node:internal/test_runner/test:1118:25)
    Test.processPendingSubtests (node:internal/test_runner/test:787:18)
    Test.postRun (node:internal/test_runner/test:1247:19)
    Test.run (node:internal/test_runner/test:1175:12)
    async Test.processPendingSubtests (node:internal/test_runner/test:787:7)
  ...
# Subtest: R177 starter retry success patches opening items and retains rightmost R174 spells
not ok 317 - R177 starter retry success patches opening items and retains rightmost R174 spells
  ---
  duration_ms: 38.497459
  type: 'test'
  location: '/Users/ly/personal/personal-work/deep-legends/backend/web/gameplay.test.cjs:1305:1'
  failureType: 'testCodeFailure'
  error: "Unexpected token 'function'"
  code: 'ERR_TEST_FAILURE'
  name: 'SyntaxError'
  stack: |-
    Function (<anonymous>)
    compile (/Users/ly/personal/personal-work/deep-legends/backend/web/gameplay.test.cjs:144:10)
    r177StarterHarness (/Users/ly/personal/personal-work/deep-legends/backend/web/gameplay.test.cjs:1231:17)
    TestContext.<anonymous> (/Users/ly/personal/personal-work/deep-legends/backend/web/gameplay.test.cjs:1306:13)
    Test.runInAsyncScope (node:async_hooks:228:14)
    Test.run (node:internal/test_runner/test:1118:25)
    Test.processPendingSubtests (node:internal/test_runner/test:787:18)
    Test.postRun (node:internal/test_runner/test:1247:19)
    Test.run (node:internal/test_runner/test:1175:12)
    async Test.processPendingSubtests (node:internal/test_runner/test:787:7)
  ...
# Subtest: R177 unique unknown enemy lane produces a card and caches champion tier shares
ok 318 - R177 unique unknown enemy lane produces a card and caches champion tier shares
  ---
  duration_ms: 35.495083
  type: 'test'
  ...
# Subtest: R177 competing lane shares require half and double advantage or remain ambiguous
ok 319 - R177 competing lane shares require half and double advantage or remain ambiguous
  ---
  duration_ms: 226.92475
  type: 'test'
  ...
# Subtest: R177 known enemy position wins over conflicting cached inference without lane requests
ok 320 - R177 known enemy position wins over conflicting cached inference without lane requests
  ---
  duration_ms: 59.907958
  type: 'test'
  ...
# Subtest: R177 missing competitor shares or failed provider cannot invent an enemy lane
ok 321 - R177 missing competitor shares or failed provider cannot invent an enemy lane
  ---
  duration_ms: 215.673166
  type: 'test'
  ...
# Subtest: R177 unavailable diagnostics follow shape changes and cap at twenty per game
ok 322 - R177 unavailable diagnostics follow shape changes and cap at twenty per game
  ---
  duration_ms: 62.8025
  type: 'test'
  ...
# Subtest: R177 a pending timed retry stays single flight and a source switch cancels it
not ok 323 - R177 a pending timed retry stays single flight and a source switch cancels it
  ---
  duration_ms: 58.491583
  type: 'test'
  location: '/Users/ly/personal/personal-work/deep-legends/backend/web/gameplay.test.cjs:1402:1'
  failureType: 'testCodeFailure'
  error: "Unexpected token 'function'"
  code: 'ERR_TEST_FAILURE'
  name: 'SyntaxError'
  stack: |-
    Function (<anonymous>)
    compile (/Users/ly/personal/personal-work/deep-legends/backend/web/gameplay.test.cjs:144:10)
    r177StarterHarness (/Users/ly/personal/personal-work/deep-legends/backend/web/gameplay.test.cjs:1231:17)
    TestContext.<anonymous> (/Users/ly/personal/personal-work/deep-legends/backend/web/gameplay.test.cjs:1405:13)
    Test.runInAsyncScope (node:async_hooks:228:14)
    Test.run (node:internal/test_runner/test:1118:25)
    Test.processPendingSubtests (node:internal/test_runner/test:787:18)
    Test.postRun (node:internal/test_runner/test:1247:19)
    Test.run (node:internal/test_runner/test:1175:12)
    async Test.processPendingSubtests (node:internal/test_runner/test:787:7)
  ...
# Subtest: R177 partial starter patches do not create a fresh retry budget for remaining rows
not ok 324 - R177 partial starter patches do not create a fresh retry budget for remaining rows
  ---
  duration_ms: 45.289708
  type: 'test'
  location: '/Users/ly/personal/personal-work/deep-legends/backend/web/gameplay.test.cjs:1427:1'
  failureType: 'testCodeFailure'
  error: "Unexpected token 'function'"
  code: 'ERR_TEST_FAILURE'
  name: 'SyntaxError'
  stack: |-
    Function (<anonymous>)
    compile (/Users/ly/personal/personal-work/deep-legends/backend/web/gameplay.test.cjs:144:10)
    r177StarterHarness (/Users/ly/personal/personal-work/deep-legends/backend/web/gameplay.test.cjs:1231:17)
    TestContext.<anonymous> (/Users/ly/personal/personal-work/deep-legends/backend/web/gameplay.test.cjs:1428:13)
    Test.runInAsyncScope (node:async_hooks:228:14)
    Test.run (node:internal/test_runner/test:1118:25)
    Test.processPendingSubtests (node:internal/test_runner/test:787:18)
    Test.postRun (node:internal/test_runner/test:1247:19)
    Test.run (node:internal/test_runner/test:1175:12)
    async Test.processPendingSubtests (node:internal/test_runner/test:787:7)
  ...
# Subtest: R202 current mode ten games render the true count and ten history blocks
ok 325 - R202 current mode ten games render the true count and ten history blocks
  ---
  duration_ms: 108.535542
  type: 'test'
  ...
# Subtest: 总览未连接态只提供客户端入口且不提供密码输入
ok 326 - 总览未连接态只提供客户端入口且不提供密码输入
  ---
  duration_ms: 0.88525
  type: 'test'
  ...
# Subtest: 国服纯净入口动作只提交固定 tcls id 并进入等待登录状态
ok 327 - 国服纯净入口动作只提交固定 tcls id 并进入等待登录状态
  ---
  duration_ms: 1.35075
  type: 'test'
  ...
# Subtest: 所有客户端入口共享启动锁并在失败后立即解锁
ok 328 - 所有客户端入口共享启动锁并在失败后立即解锁
  ---
  duration_ms: 1.68225
  type: 'test'
  ...
# Subtest: Riot 入口成功后进入对应等待状态并只安排状态刷新
ok 329 - Riot 入口成功后进入对应等待状态并只安排状态刷新
  ---
  duration_ms: 0.668
  type: 'test'
  ...
# Subtest: 启动成功后隐藏入口并按客户端显示等待登录状态
ok 330 - 启动成功后隐藏入口并按客户端显示等待登录状态
  ---
  duration_ms: 109.745833
  type: 'test'
  ...
# Subtest: 启动入口只渲染可用的 TCLS 与 Riot 客户端并使用统一卡片
ok 331 - 启动入口只渲染可用的 TCLS 与 Riot 客户端并使用统一卡片
  ---
  duration_ms: 0.721667
  type: 'test'
  ...
# Subtest: 安装扫描失败与未安装状态分开显示并允许重试
ok 332 - 安装扫描失败与未安装状态分开显示并允许重试
  ---
  duration_ms: 0.363333
  type: 'test'
  ...
# Subtest: filter deadline aborts fetch and records a retryable timeout
ok 333 - filter deadline aborts fetch and records a retryable timeout
  ---
  duration_ms: 2.033459
  type: 'test'
  ...
# Subtest: all five modal lane values match the real backend ranking whitelist
ok 334 - all five modal lane values match the real backend ranking whitelist
  ---
  duration_ms: 1.81775
  type: 'test'
  ...
# Subtest: stale success cannot overwrite all, newer lane, or a reopened dialog
ok 335 - stale success cannot overwrite all, newer lane, or a reopened dialog
  ---
  duration_ms: 2.962917
  type: 'test'
  ...
# Subtest: stale failure is quiet, current failure resets and is retryable
ok 336 - stale failure is quiet, current failure resets and is retryable
  ---
  duration_ms: 0.709
  type: 'test'
  ...
# Subtest: malformed rows are not cached as a successful empty list
ok 337 - malformed rows are not cached as a successful empty list
  ---
  duration_ms: 0.355958
  type: 'test'
  ...
# Subtest: closing the dialog prevents old response application
ok 338 - closing the dialog prevents old response application
  ---
  duration_ms: 0.313375
  type: 'test'
  ...
# Subtest: R87 P9 disposal aborts filtering and late success cannot update the dialog
ok 339 - R87 P9 disposal aborts filtering and late success cannot update the dialog
  ---
  duration_ms: 0.330875
  type: 'test'
  ...
# Subtest: R100 progress updates ready profile fields but null and empty never wipe career
ok 340 - R100 progress updates ready profile fields but null and empty never wipe career
  ---
  duration_ms: 142.050625
  type: 'test'
  ...
# Subtest: R100 historical enrichment defers while foreground overview is in flight
ok 341 - R100 historical enrichment defers while foreground overview is in flight
  ---
  duration_ms: 0.798083
  type: 'test'
  ...
# Subtest: R100 image admission covers lazy DOM images and detached prefetch without same-URL retries
ok 342 - R100 image admission covers lazy DOM images and detached prefetch without same-URL retries
  ---
  duration_ms: 47.630708
  type: 'test'
  ...
# Subtest: R101 lock wait stays visible and disabled in all strategies
ok 343 - R101 lock wait stays visible and disabled in all strategies
  ---
  duration_ms: 214.273375
  type: 'test'
  ...
# Subtest: R101 strategy switch never saves a zero lock wait, even synthetic disabled change
ok 344 - R101 strategy switch never saves a zero lock wait, even synthetic disabled change
  ---
  duration_ms: 146.505958
  type: 'test'
  ...
# Subtest: R101 facade moves cards left and removes only obsolete explanation and accent
ok 345 - R101 facade moves cards left and removes only obsolete explanation and accent
  ---
  duration_ms: 57.656167
  type: 'test'
  ...
# Subtest: R104 image cancellation during repeated rerender is not URL failure poisoning
ok 346 - R104 image cancellation during repeated rerender is not URL failure poisoning
  ---
  duration_ms: 143.153083
  type: 'test'
  ...
# Subtest: R104 real image error retries automatically after cooldown
ok 347 - R104 real image error retries automatically after cooldown
  ---
  duration_ms: 17.247166
  type: 'test'
  ...
# Subtest: R105 all 53 reviewed accounts remain available after expanding unranked groups
ok 348 - R105 all 53 reviewed accounts remain available after expanding unranked groups
  ---
  duration_ms: 1929.448292
  type: 'test'
  ...
# Subtest: R106 game icons without src remain visible and enter the real lazy queue
ok 349 - R106 game icons without src remain visible and enter the real lazy queue
  ---
  duration_ms: 174.886083
  type: 'test'
  ...
# Subtest: R106 champion icons without src remain visible and enter the real lazy queue
ok 350 - R106 champion icons without src remain visible and enter the real lazy queue
  ---
  duration_ms: 18.31975
  type: 'test'
  ...
# Subtest: R106 reopening a successfully loaded icon stays behind cold queue slots
ok 351 - R106 reopening a successfully loaded icon stays behind cold queue slots
  ---
  duration_ms: 36.838167
  type: 'test'
  ...
# Subtest: R106 an unset career background does not invent an applied or pending background
ok 352 - R106 an unset career background does not invent an applied or pending background
  ---
  duration_ms: 1.048708
  type: 'test'
  ...
# Subtest: R106 only ranked accounts start expanded and timestamps show only last match start
ok 353 - R106 only ranked accounts start expanded and timestamps show only last match start
  ---
  duration_ms: 186.088833
  type: 'test'
  ...
# Subtest: R108 quota recovery resumes the correct incomplete first page
ok 354 - R108 quota recovery resumes the correct incomplete first page
  ---
  duration_ms: 1.561709
  type: 'test'
  ...
# Subtest: R108 quota recovery resumes the correct next page
ok 355 - R108 quota recovery resumes the correct next page
  ---
  duration_ms: 0.795708
  type: 'test'
  ...
# Subtest: R108 active quota avoids useless manual calls and loading state never offers another load button
ok 356 - R108 active quota avoids useless manual calls and loading state never offers another load button
  ---
  duration_ms: 3.905583
  type: 'test'
  ...
# Subtest: R108 changing modes never merges another queue and returning restores its cached cursor
ok 357 - R108 changing modes never merges another queue and returning restores its cached cursor
  ---
  duration_ms: 1.901125
  type: 'test'
  ...
# Subtest: R108 special-mode fallback pauses after a bounded number of pages
ok 358 - R108 special-mode fallback pauses after a bounded number of pages
  ---
  duration_ms: 0.904875
  type: 'test'
  ...
# Subtest: R109 changing filter accepts complete profile without replacing the existing career samples
ok 359 - R109 changing filter accepts complete profile without replacing the existing career samples
  ---
  duration_ms: 1.51925
  type: 'test'
  ...
# Subtest: R109 failed complete profile preserves verified header while authoritative empty clears rank
ok 360 - R109 failed complete profile preserves verified header while authoritative empty clears rank
  ---
  duration_ms: 0.950875
  type: 'test'
  ...
# Subtest: R109 independent tabs keep background and rank from their own streamed and complete data
ok 361 - R109 independent tabs keep background and rank from their own streamed and complete data
  ---
  duration_ms: 0.455541
  type: 'test'
  ...
# Subtest: R109 retained artwork is observed again and loaded class follows the new parent
ok 362 - R109 retained artwork is observed again and loaded class follows the new parent
  ---
  duration_ms: 178.456083
  type: 'test'
  ...
# Subtest: R109 missing rank distinguishes loading, unavailable and verified unranked
ok 363 - R109 missing rank distinguishes loading, unavailable and verified unranked
  ---
  duration_ms: 0.411042
  type: 'test'
  ...
# Subtest: R110 tab selection, progress and unrelated scroll preserve all existing avatar nodes
ok 364 - R110 tab selection, progress and unrelated scroll preserve all existing avatar nodes
  ---
  duration_ms: 194.613583
  type: 'test'
  ...
# Subtest: R110 a newly streamed root card expands on the first click without replacing summary images
ok 365 - R110 a newly streamed root card expands on the first click without replacing summary images
  ---
  duration_ms: 35.400917
  type: 'test'
  ...
# Subtest: R111 admitted lazy thumbnails start eagerly and all visible images drain the queue
ok 366 - R111 admitted lazy thumbnails start eagerly and all visible images drain the queue
  ---
  duration_ms: 154.313167
  type: 'test'
  ...
# Subtest: R111 switching an in-flight image to its fallback does not strand the new URL
ok 367 - R111 switching an in-flight image to its fallback does not strand the new URL
  ---
  duration_ms: 34.117375
  type: 'test'
  ...
# Subtest: R111 picker chunks and unrelated UI changes do not rescan the whole document
ok 368 - R111 picker chunks and unrelated UI changes do not rescan the whole document
  ---
  duration_ms: 19.74475
  type: 'test'
  ...
# Subtest: R111 automatic pagination needs downward user intent and stops when its tab is inactive
ok 369 - R111 automatic pagination needs downward user intent and stops when its tab is inactive
  ---
  duration_ms: 19.62425
  type: 'test'
  ...
# Subtest: R111 read-only detection preserves committed state, hero selection and loaded DOM
ok 370 - R111 read-only detection preserves committed state, hero selection and loaded DOM
  ---
  duration_ms: 1.469
  type: 'test'
  ...
# Subtest: R111 failed background refresh retains the existing career DOM and draft
ok 371 - R111 failed background refresh retains the existing career DOM and draft
  ---
  duration_ms: 15.220667
  type: 'test'
  ...
# Subtest: R113 transient history errors remain retryable while unavailable and empty results are terminal
ok 372 - R113 transient history errors remain retryable while unavailable and empty results are terminal
  ---
  duration_ms: 12.204875
  type: 'test'
  ...
# Subtest: R113 selecting an exhausted dirty tab immediately replaces the old player content
ok 373 - R113 selecting an exhausted dirty tab immediately replaces the old player content
  ---
  duration_ms: 112.628209
  type: 'test'
  ...
# Subtest: R113 local settlement leaves unrelated Korean tabs and their caches alone
ok 374 - R113 local settlement leaves unrelated Korean tabs and their caches alone
  ---
  duration_ms: 9.856292
  type: 'test'
  ...
# Subtest: R113 a match phase preloads while another page or a hidden window is active
ok 375 - R113 a match phase preloads while another page or a hidden window is active
  ---
  duration_ms: 29.273542
  type: 'test'
  ...
# Subtest: R113 background retries stop after the budget or a complete snapshot
ok 376 - R113 background retries stop after the budget or a complete snapshot
  ---
  duration_ms: 12.728917
  type: 'test'
  ...
# Subtest: R113 non-leader matchmaking is an inline condition, never a repeated failure toast
ok 377 - R113 non-leader matchmaking is an inline condition, never a repeated failure toast
  ---
  duration_ms: 1.319834
  type: 'test'
  ...
# Subtest: R113 ARAM live cards omit ranks and keep their three verified metrics
ok 378 - R113 ARAM live cards omit ranks and keep their three verified metrics
  ---
  duration_ms: 40.462041
  type: 'test'
  ...
# Subtest: R113 silver source rows survive nine earlier gold rows in both recommendation views
ok 379 - R113 silver source rows survive nine earlier gold rows in both recommendation views
  ---
  duration_ms: 4.538875
  type: 'test'
  ...
# Subtest: R114 rank card popover presents only the supported Mayhem estimate
ok 380 - R114 rank card popover presents only the supported Mayhem estimate
  ---
  duration_ms: 1.061084
  type: 'test'
  ...
# Subtest: R114 overview automatically queries once with an opaque reference
ok 381 - R114 overview automatically queries once with an opaque reference
  ---
  duration_ms: 3.992791
  type: 'test'
  ...
# Subtest: R114 Korean overview never calls the CN-only ARAMKit endpoint
ok 382 - R114 Korean overview never calls the CN-only ARAMKit endpoint
  ---
  duration_ms: 0.330791
  type: 'test'
  ...
# Subtest: score v2 is unchanged by participant ordering, including ties and badges
ok 383 - score v2 is unchanged by participant ordering, including ties and badges
  ---
  duration_ms: 2.022792
  type: 'test'
  ...
# Subtest: missing, null, invalid and all-zero dimensions are omitted for everyone
ok 384 - missing, null, invalid and all-zero dimensions are omitted for everyone
  ---
  duration_ms: 1.982292
  type: 'test'
  ...
# Subtest: equal relative performances in different roles receive equal scores
ok 385 - equal relative performances in different roles receive equal scores
  ---
  duration_ms: 2.34725
  type: 'test'
  ...
# Subtest: global median prevents one damage outlier suppressing unrelated players
ok 386 - global median prevents one damage outlier suppressing unrelated players
  ---
  duration_ms: 0.167917
  type: 'test'
  ...
# Subtest: assists have full KDA credit, zeros stay finite, victory adds no score
ok 387 - assists have full KDA credit, zeros stay finite, victory adds no score
  ---
  duration_ms: 0.189875
  type: 'test'
  ...
# Subtest: score tooltip exposes contributions that sum to the unrounded score
ok 388 - score tooltip exposes contributions that sum to the unrounded score
  ---
  duration_ms: 0.491917
  type: 'test'
  ...
# Subtest: incomplete radar preserves valid points without inventing a closed polygon
ok 389 - incomplete radar preserves valid points without inventing a closed polygon
  ---
  duration_ms: 2.060667
  type: 'test'
  ...
# Subtest: R115 initial resources retain friends and shared CSS, defer optional modules, and keep demo opt-in
ok 390 - R115 initial resources retain friends and shared CSS, defer optional modules, and keep demo opt-in
  ---
  duration_ms: 4.196792
  type: 'test'
  ...
# Subtest: R115 module requests are singleflight and repeat entry does not add script nodes
ok 391 - R115 module requests are singleflight and repeat entry does not add script nodes
  ---
  duration_ms: 169.25375
  type: 'test'
  ...
# Subtest: R115 failed loading is visible, retryable and does not leave duplicate nodes
ok 392 - R115 failed loading is visible, retryable and does not leave duplicate nodes
  ---
  duration_ms: 42.432709
  type: 'test'
  ...
# Subtest: R115 stale module completion never navigates or loads a page after leaving
ok 393 - R115 stale module completion never navigates or loads a page after leaving
  ---
  duration_ms: 11.904625
  type: 'test'
  ...
# Subtest: R115 Suite loads helpers first, retains navigation tab and replays only the latest state to the new subscriber
ok 394 - R115 Suite loads helpers first, retains navigation tab and replays only the latest state to the new subscriber
  ---
  duration_ms: 19.566875
  type: 'test'
  ...
# Subtest: R139 broadcast controls hide options for self and show one suite-switch for team
ok 395 - R139 broadcast controls hide options for self and show one suite-switch for team
  ---
  duration_ms: 63.042542
  type: 'test'
  ...
# Subtest: R115 shared blocks keep critical geometry while optional CSS waits for its section
ok 396 - R115 shared blocks keep critical geometry while optional CSS waits for its section
  ---
  duration_ms: 0.620792
  type: 'test'
  ...
# Subtest: R128 §2.3 index.html 不再引入 shared.js，其余静态加载顺序不变
ok 397 - R128 §2.3 index.html 不再引入 shared.js，其余静态加载顺序不变
  ---
  duration_ms: 1.07325
  type: 'test'
  ...
# Subtest: R128 §2.3 口径说明的实现、调用点与样式在前端全部消失
ok 398 - R128 §2.3 口径说明的实现、调用点与样式在前端全部消失
  ---
  duration_ms: 2.66125
  type: 'test'
  ...
# Subtest: R116-B 详情页三 tab 只渲染当前页内容，隐藏 tab 不占任何布局高度
ok 399 - R116-B 详情页三 tab 只渲染当前页内容，隐藏 tab 不占任何布局高度
  ---
  duration_ms: 579.190583
  type: 'test'
  ...
# Subtest: R128 §2.3 详情页没有口径页脚，切页签时工具条节点不被重新挂载
ok 400 - R128 §2.3 详情页没有口径页脚，切页签时工具条节点不被重新挂载
  ---
  duration_ms: 378.234625
  type: 'test'
  ...
# Subtest: R116-B 表现 tab 只在后端下发指标时出现，缺数据不留空页签
ok 401 - R116-B 表现 tab 只在后端下发指标时出现，缺数据不留空页签
  ---
  duration_ms: 160.340625
  type: 'test'
  ...
# Subtest: R116-B 图鉴入口按钮在详情面板顶部，复用既有视图状态机而不是新路由
ok 402 - R116-B 图鉴入口按钮在详情面板顶部，复用既有视图状态机而不是新路由
  ---
  duration_ms: 0.702792
  type: 'test'
  ...
# Subtest: R116-B P0-1 装备排行同一行给出胜率、较基准、不出时胜率三个互不相同的数字
ok 403 - R116-B P0-1 装备排行同一行给出胜率、较基准、不出时胜率三个互不相同的数字
  ---
  duration_ms: 99.290959
  type: 'test'
  ...
# Subtest: R116-B P0-1 收益率为 0 或字段缺失时不显示「较基准」标签
ok 404 - R116-B P0-1 收益率为 0 或字段缺失时不显示「较基准」标签
  ---
  duration_ms: 0.459125
  type: 'test'
  ...
# Subtest: R116-B P0-1 海克斯卡带较基准与官方档位，字段缺失时整块隐藏
ok 405 - R116-B P0-1 海克斯卡带较基准与官方档位，字段缺失时整块隐藏
  ---
  duration_ms: 0.957917
  type: 'test'
  ...
# Subtest: R116-B P0-2 低样本行带「样本极少」徽记，且排不到高样本行前面
ok 406 - R116-B P0-2 低样本行带「样本极少」徽记，且排不到高样本行前面
  ---
  duration_ms: 155.389916
  type: 'test'
  ...
# Subtest: R116-B P0-2 海斗路径不再有任何前端重排（对抗变异必须打红这条）
ok 407 - R116-B P0-2 海斗路径不再有任何前端重排（对抗变异必须打红这条）
  ---
  duration_ms: 0.418917
  type: 'test'
  ...
# Subtest: R116-B P0-2 sampleTier / wilsonLowerWinRate 缺失时对应元素不渲染
ok 408 - R116-B P0-2 sampleTier / wilsonLowerWinRate 缺失时对应元素不渲染
  ---
  duration_ms: 0.391542
  type: 'test'
  ...
# Subtest: R116-B P0-4 召唤师技能同时显示胜率与选用率，出门装与鞋子行为不变
ok 409 - R116-B P0-4 召唤师技能同时显示胜率与选用率，出门装与鞋子行为不变
  ---
  duration_ms: 124.358291
  type: 'test'
  ...
# Subtest: R116-B P0-4 只有召唤师技能那一组打开了胜率开关
ok 410 - R116-B P0-4 只有召唤师技能那一组打开了胜率开关
  ---
  duration_ms: 0.280834
  type: 'test'
  ...
# Subtest: R116-B P0-4 上游回退到 pickRate-only 数据时只显示选用率，不整块报错
ok 411 - R116-B P0-4 上游回退到 pickRate-only 数据时只显示选用率，不整块报错
  ---
  duration_ms: 0.686583
  type: 'test'
  ...
# Subtest: R116-B P0-5 官方档位展示中文 hexLabel，绝不展示内部枚举名 hexTier
ok 412 - R116-B P0-5 官方档位展示中文 hexLabel，绝不展示内部枚举名 hexTier
  ---
  duration_ms: 134.593167
  type: 'test'
  ...
# Subtest: R116-B P0-5 stats.tier 为 nil 时梯度徽章整块隐藏，不用行级档位冒充
ok 413 - R116-B P0-5 stats.tier 为 nil 时梯度徽章整块隐藏，不用行级档位冒充
  ---
  duration_ms: 123.736916
  type: 'test'
  ...
# Subtest: R116-B P0-5 榜单行 tierLocallyCalculated 时显示「本地估算」小字
ok 414 - R116-B P0-5 榜单行 tierLocallyCalculated 时显示「本地估算」小字
  ---
  duration_ms: 0.319583
  type: 'test'
  ...
# Subtest: R116-B P0-6 切阶段只改数字不发请求，切回汇总恢复原值
ok 415 - R116-B P0-6 切阶段只改数字不发请求，切回汇总恢复原值
  ---
  duration_ms: 169.293292
  type: 'test'
  ...
# Subtest: R116-B P0-6 缺某个阶段的 augment 在该阶段视图下整条不渲染，绝不填 0
ok 416 - R116-B P0-6 缺某个阶段的 augment 在该阶段视图下整条不渲染，绝不填 0
  ---
  duration_ms: 228.945
  type: 'test'
  ...
# Subtest: R116-B P0-6 没有阶段数据时 chips 整块不渲染（斗魂路径）
ok 417 - R116-B P0-6 没有阶段数据时 chips 整块不渲染（斗魂路径）
  ---
  duration_ms: 0.473916
  type: 'test'
  ...
# Subtest: R128 §2.2 表现面板逐行排版：数值与「较平均」分开，多杀合并一行，说明只在底部一次
ok 418 - R128 §2.2 表现面板逐行排版：数值与「较平均」分开，多杀合并一行，说明只在底部一次
  ---
  duration_ms: 113.982917
  type: 'test'
  ...
# Subtest: R116-B P1-6 某组指标全缺时该组整体隐藏，不留空态
ok 419 - R116-B P1-6 某组指标全缺时该组整体隐藏，不留空态
  ---
  duration_ms: 0.974708
  type: 'test'
  ...
# Subtest: R116-B P1-6 后端把 22 项里的四项累计计数标成 Cumulative，均值不在前端算
ok 420 - R116-B P1-6 后端把 22 项里的四项累计计数标成 Cumulative，均值不在前端算
  ---
  duration_ms: 1.394125
  type: 'test'
  ...
# Subtest: R116-B 对抗变异：augmentDescription 为空字符串时不渲染空描述
ok 421 - R116-B 对抗变异：augmentDescription 为空字符串时不渲染空描述
  ---
  duration_ms: 84.151
  type: 'test'
  ...
# Subtest: R128 §2.3 推荐区没有常驻口径页脚，且 hasAugments 分支行为不变
ok 422 - R128 §2.3 推荐区没有常驻口径页脚，且 hasAugments 分支行为不变
  ---
  duration_ms: 0.599375
  type: 'test'
  ...
# Subtest: R116-B P0-3 海斗局 hasAugments=true 时写入按钮为空，经典局仍显示按钮
ok 423 - R116-B P0-3 海斗局 hasAugments=true 时写入按钮为空，经典局仍显示按钮
  ---
  duration_ms: 1.081333
  type: 'test'
  ...
# Subtest: R116-B P0-6 后端下发 stages 且单位与父行一致
ok 424 - R116-B P0-6 后端下发 stages 且单位与父行一致
  ---
  duration_ms: 1.841458
  type: 'test'
  ...
# Subtest: R116-B 前端阶段助手按 stage 号取行，缺失返回 null 而不是 0 值
ok 425 - R116-B 前端阶段助手按 stage 号取行，缺失返回 null 而不是 0 值
  ---
  duration_ms: 0.465042
  type: 'test'
  ...
# Subtest: R116-B 评审整改 A1 记住的阶段号在新英雄上没有阶段行时退回汇总，不锁死成空态
ok 426 - R116-B 评审整改 A1 记住的阶段号在新英雄上没有阶段行时退回汇总，不锁死成空态
  ---
  duration_ms: 0.428292
  type: 'test'
  ...
# Subtest: R116-B 评审整改 A1 换英雄后阶段筛选回到汇总（真实点击链路）
ok 427 - R116-B 评审整改 A1 换英雄后阶段筛选回到汇总（真实点击链路）
  ---
  duration_ms: 263.907417
  type: 'test'
  ...
# Subtest: R116-B 评审整改 A3 阶段行缺 deltaWinRate 时不渲染「较基准」，也不拿英雄级的值顶
ok 428 - R116-B 评审整改 A3 阶段行缺 deltaWinRate 时不渲染「较基准」，也不拿英雄级的值顶
  ---
  duration_ms: 130.813291
  type: 'test'
  ...
# Subtest: R150 阶段视图的六角徽章与阶段等级同口径，综合评分标明英雄级
ok 429 - R150 阶段视图的六角徽章与阶段等级同口径，综合评分标明英雄级
  ---
  duration_ms: 151.904583
  type: 'test'
  ...
# Subtest: R116-B 评审整改 B4 阶段行没有官方档位时字母徽章整块隐藏
ok 430 - R116-B 评审整改 B4 阶段行没有官方档位时字母徽章整块隐藏
  ---
  duration_ms: 8.095
  type: 'test'
  ...
# Subtest: R116-B 评审整改 B6 阶段基准是一格可见数字，装备排行的较基准带口径 tooltip
ok 431 - R116-B 评审整改 B6 阶段基准是一格可见数字，装备排行的较基准带口径 tooltip
  ---
  duration_ms: 139.520375
  type: 'test'
  ...
# Subtest: R116-B 评审整改 A2 表现面板的「较平均」同样挡掉被舍入成 0 的小值
ok 432 - R116-B 评审整改 A2 表现面板的「较平均」同样挡掉被舍入成 0 的小值
  ---
  duration_ms: 0.261958
  type: 'test'
  ...
# Subtest: R116-B 评审整改 D-债 renderLiveInsights 的 helper 已提到模块作用域，typeof 护栏已删
ok 433 - R116-B 评审整改 D-债 renderLiveInsights 的 helper 已提到模块作用域，typeof 护栏已删
  ---
  duration_ms: 4.42975
  type: 'test'
  ...
# Subtest: R116-D roster sends both sides in game and only allies during champion select
ok 434 - R116-D roster sends both sides in game and only allies during champion select
  ---
  duration_ms: 2.106208
  type: 'test'
  ...
# Subtest: R116-D roster stays empty outside mayhem and for oversized sides
ok 435 - R116-D roster stays empty outside mayhem and for oversized sides
  ---
  duration_ms: 0.992459
  type: 'test'
  ...
# Subtest: R116-D sends champion ids only and never fetches per-champion hexdata
ok 436 - R116-D sends champion ids only and never fetches per-champion hexdata
  ---
  duration_ms: 4.852542
  type: 'test'
  ...
# Subtest: R116-D recommendation request carries the roster and refetches when it changes
ok 437 - R116-D recommendation request carries the roster and refetches when it changes
  ---
  duration_ms: 1.916
  type: 'test'
  ...
# Subtest: R116-D degrades to no roster params when the roster helper is unavailable
ok 438 - R116-D degrades to no roster params when the roster helper is unavailable
  ---
  duration_ms: 0.745459
  type: 'test'
  ...
# Subtest: R116-D renders inline bars for hits and nothing at all for misses
ok 439 - R116-D renders inline bars for hits and nothing at all for misses
  ---
  duration_ms: 5.830791
  type: 'test'
  ...
# Subtest: R116-D degrades notices whose evidence is not supported
ok 440 - R116-D degrades notices whose evidence is not supported
  ---
  duration_ms: 1.014541
  type: 'test'
  ...
# Subtest: R116-D renders team portrait tags in our own header only
ok 441 - R116-D renders team portrait tags in our own header only
  ---
  duration_ms: 10.267292
  type: 'test'
  ...
# Subtest: R116-D insight rendering is unchanged when no payload is passed
ok 442 - R116-D insight rendering is unchanged when no payload is passed
  ---
  duration_ms: 1.095959
  type: 'test'
  ...
# Subtest: R116-D placeholder mutation is detected by the empty-payload assertions
ok 443 - R116-D placeholder mutation is detected by the empty-payload assertions
  ---
  duration_ms: 13.936834
  type: 'test'
  ...
# Subtest: R116-D stage two stays out of the client until the probe verdict lands
ok 444 - R116-D stage two stays out of the client until the probe verdict lands
  ---
  duration_ms: 0.869833
  type: 'test'
  ...
# Subtest: R116-D styles reuse tokens and existing values only
ok 445 - R116-D styles reuse tokens and existing values only
  ---
  duration_ms: 2.420583
  type: 'test'
  ...
# Subtest: R116-E rankedQueueLabel is defined in production source and resolves every queue
ok 446 - R116-E rankedQueueLabel is defined in production source and resolves every queue
  ---
  duration_ms: 2.397958
  type: 'test'
  ...
# Subtest: R116-E the scattered 440 ternaries are gone from gameplay.js
ok 447 - R116-E the scattered 440 ternaries are gone from gameplay.js
  ---
  duration_ms: 2.751833
  type: 'test'
  ...
# Subtest: R116-E the queue switcher grows a third mayhem tab only where it is honest
ok 448 - R116-E the queue switcher grows a third mayhem tab only where it is honest
  ---
  duration_ms: 0.468041
  type: 'test'
  ...
# Subtest: R116-E the switcher click gate accepts the mayhem tab in the recent scope only
ok 449 - R116-E the switcher click gate accepts the mayhem tab in the recent scope only
  ---
  duration_ms: 0.347208
  type: 'test'
  ...
# Subtest: R116-E rankedQueueData labels the mayhem tab and marks lanes as not applicable
ok 450 - R116-E rankedQueueData labels the mayhem tab and marks lanes as not applicable
  ---
  duration_ms: 0.870375
  type: 'test'
  ...
# Subtest: R116-E card headings stay truthful once mayhem games are counted
ok 451 - R116-E card headings stay truthful once mayhem games are counted
  ---
  duration_ms: 0.646417
  type: 'test'
  ...
# Subtest: R116-E the season champion card no longer calls every game ranked
ok 452 - R116-E the season champion card no longer calls every game ranked
  ---
  duration_ms: 0.373042
  type: 'test'
  ...
# Subtest: R116-E the backend refuses to fall back to all-queue position stats
ok 453 - R116-E the backend refuses to fall back to all-queue position stats
  ---
  duration_ms: 0.43425
  type: 'test'
  ...
# Subtest: R116-E personal mayhem builds render only when the backend says they are available
ok 454 - R116-E personal mayhem builds render only when the backend says they are available
  ---
  duration_ms: 0.569334
  type: 'test'
  ...
# Subtest: R116-E the build tab keeps its three existing blocks and appends the personal query
ok 455 - R116-E the build tab keeps its three existing blocks and appends the personal query
  ---
  duration_ms: 0.3545
  type: 'test'
  ...
# Subtest: R116-E the personal build query is lazy-loaded and wired end to end
ok 456 - R116-E the personal build query is lazy-loaded and wired end to end
  ---
  duration_ms: 0.235542
  type: 'test'
  ...
# Subtest: R116-E adds no new CSS class of its own
ok 457 - R116-E adds no new CSS class of its own
  ---
  duration_ms: 4.709583
  type: 'test'
  ...
# Subtest: R116-F P1 概览 tab 渲染该英雄专属的四阶段品质概率，数值与真实分布一致
ok 458 - R116-F P1 概览 tab 渲染该英雄专属的四阶段品质概率，数值与真实分布一致
  ---
  duration_ms: 563.722917
  type: 'test'
  ...
# Subtest: R116-F P1 分布缺失/为空/非法时整块隐藏，不留空壳也不显示 0.00%
ok 459 - R116-F P1 分布缺失/为空/非法时整块隐藏，不留空壳也不显示 0.00%
  ---
  duration_ms: 1149.929833
  type: 'test'
  ...
# Subtest: R116-F P1 只渲染合法阶段，缺组的阶段不冒充 0
ok 460 - R116-F P1 只渲染合法阶段，缺组的阶段不冒充 0
  ---
  duration_ms: 138.435583
  type: 'test'
  ...
# Subtest: R116-F P1 保留全服口径面板：英雄面板不替换它、不复用它的类名、不多发请求
ok 461 - R116-F P1 保留全服口径面板：英雄面板不替换它、不复用它的类名、不多发请求
  ---
  duration_ms: 135.615833
  type: 'test'
  ...
# Subtest: R116-F P1 英雄面板随 tab 局部替换进出
ok 462 - R116-F P1 英雄面板随 tab 局部替换进出
  ---
  duration_ms: 160.833875
  type: 'test'
  ...
# Subtest: R128 §2.3-B 慎选陈述不再渲染，海克斯推荐卡下方没有方法论说明
ok 463 - R128 §2.3-B 慎选陈述不再渲染，海克斯推荐卡下方没有方法论说明
  ---
  duration_ms: 108.228541
  type: 'test'
  ...
# Subtest: R128 §2.4 海克斯推荐标题行右侧不再有「N 个」计数
ok 464 - R128 §2.4 海克斯推荐标题行右侧不再有「N 个」计数
  ---
  duration_ms: 85.279709
  type: 'test'
  ...
# Subtest: R128 §2.4 概览顺序为海克斯推荐 → 开局配置 → 该英雄专属品质概率
ok 465 - R128 §2.4 概览顺序为海克斯推荐 → 开局配置 → 该英雄专属品质概率
  ---
  duration_ms: 128.924916
  type: 'test'
  ...
# Subtest: R116-F P2 判据仍在后端：caution 与中位数由后端下发（前端不再渲染陈述）
ok 466 - R116-F P2 判据仍在后端：caution 与中位数由后端下发（前端不再渲染陈述）
  ---
  duration_ms: 0.617792
  type: 'test'
  ...
# Subtest: R128 详情页样式走既有变量，不引入 hex 字面值，废弃样式已清除
ok 467 - R128 详情页样式走既有变量，不引入 hex 字面值，废弃样式已清除
  ---
  duration_ms: 0.525375
  type: 'test'
  ...
# Subtest: R117 CSS variables resolve, including fallback references
ok 468 - R117 CSS variables resolve, including fallback references
  ---
  duration_ms: 2.912917
  type: 'test'
  ...
# Subtest: R117 token colors have one source definition and no bypass drift
ok 469 - R117 token colors have one source definition and no bypass drift
  ---
  duration_ms: 11.790208
  type: 'test'
  ...
# Subtest: R117 confirmed dead classes are absent while dynamic loot-table stays guarded
ok 470 - R117 confirmed dead classes are absent while dynamic loot-table stays guarded
  ---
  duration_ms: 0.140458
  type: 'test'
  ...
# Subtest: R117 CSS budgets do not exceed the audited baseline
ok 471 - R117 CSS budgets do not exceed the audited baseline
  ---
  duration_ms: 1.301833
  type: 'test'
  ...
# Subtest: R117 repeated token hexes and unreferenced class names stay within the audited baseline
ok 472 - R117 repeated token hexes and unreferenced class names stay within the audited baseline
  ---
  duration_ms: 33.244667
  type: 'test'
  ...
# Subtest: R117 duplicate declaration groups stay within the audited baseline
ok 473 - R117 duplicate declaration groups stay within the audited baseline
  ---
  duration_ms: 7.071375
  type: 'test'
  ...
# Subtest: R117 image queue exports a five-slot cap and keeps successful URL remounts behind admission
ok 474 - R117 image queue exports a five-slot cap and keeps successful URL remounts behind admission
  ---
  duration_ms: 192.145334
  type: 'test'
  ...
# Subtest: R117 browser guard reads the production image limit and keeps the twelve-image starvation fixture
ok 475 - R117 browser guard reads the production image limit and keeps the twelve-image starvation fixture
  ---
  duration_ms: 0.650709
  type: 'test'
  ...
# Subtest: R117 core frontend contracts remain wired to visible degradation and diagnostics
ok 476 - R117 core frontend contracts remain wired to visible degradation and diagnostics
  ---
  duration_ms: 11.190417
  type: 'test'
  ...
# Subtest: R117 item set skip diagnostics execute in both rejected branches
ok 477 - R117 item set skip diagnostics execute in both rejected branches
  ---
  duration_ms: 2.079917
  type: 'test'
  ...
# Subtest: R117 real Chromium guards are wired into CI and cannot silently skip
ok 478 - R117 real Chromium guards are wired into CI and cannot silently skip
  ---
  duration_ms: 16.351416
  type: 'test'
  ...
# Subtest: R117 section loader waits for page styles before module execution
ok 479 - R117 section loader waits for page styles before module execution
  ---
  duration_ms: 0.193083
  type: 'test'
  ...
# Subtest: R117 app installation lookup is singleflight and hidden SSE slices flush once on resume
ok 480 - R117 app installation lookup is singleflight and hidden SSE slices flush once on resume
  ---
  duration_ms: 7.844333
  type: 'test'
  ...
# Subtest: R119 补位标签只认后端下发的布尔 true，证据缺失时一个都不渲染
ok 481 - R119 补位标签只认后端下发的布尔 true，证据缺失时一个都不渲染
  ---
  duration_ms: 5.94625
  type: 'test'
  ...
# Subtest: R119 详情概览的队友/对手行按参与者逐个决定是否带补位标签
ok 482 - R119 详情概览的队友/对手行按参与者逐个决定是否带补位标签
  ---
  duration_ms: 6.775208
  type: 'test'
  ...
# Subtest: 总览战绩详情只突出当前玩家名称
ok 483 - 总览战绩详情只突出当前玩家名称
  ---
  duration_ms: 5.399708
  type: 'test'
  ...
# Subtest: R119 补位标签复用现有 chip 尺寸与主题令牌，不写死颜色
ok 484 - R119 补位标签复用现有 chip 尺寸与主题令牌，不写死颜色
  ---
  duration_ms: 41.785584
  type: 'test'
  ...
# Subtest: R123 retired write surfaces are gone from the suite page
ok 485 - R123 retired write surfaces are gone from the suite page
  ---
  duration_ms: 1.423417
  type: 'test'
  ...
# Subtest: R123 favorites page exposes the facade collection subpage
ok 486 - R123 favorites page exposes the facade collection subpage
  ---
  duration_ms: 0.353708
  type: 'test'
  ...
# Subtest: R123 owned counts are derived from catalog data, not hardcoded
ok 487 - R123 owned counts are derived from catalog data, not hardcoded
  ---
  duration_ms: 0.282417
  type: 'test'
  ...
# Subtest: R123 unowned entries hide when the toggle is off (R130: icons default to owned-only)
ok 488 - R123 unowned entries hide when the toggle is off (R130: icons default to owned-only)
  ---
  duration_ms: 1.110333
  type: 'test'
  ...
# Subtest: R123 ownership-unavailable payloads downgrade state badges and locks
ok 489 - R123 ownership-unavailable payloads downgrade state badges and locks
  ---
  duration_ms: 20.657375
  type: 'test'
  ...
# Subtest: R123 filters and sorts follow the worklist dimensions
ok 490 - R123 filters and sorts follow the worklist dimensions
  ---
  duration_ms: 1.913125
  type: 'test'
  ...
# Subtest: R124 ownership-unavailable catalog survives a previously closed unowned toggle
ok 491 - R124 ownership-unavailable catalog survives a previously closed unowned toggle
  ---
  duration_ms: 0.335625
  type: 'test'
  ...
# Subtest: R125 icon tiles render at native square size
ok 492 - R125 icon tiles render at native square size
  ---
  duration_ms: 0.854042
  type: 'test'
  ...
# Subtest: R126 career draft uses explicit backdrop champion before skin-id inference
ok 493 - R126 career draft uses explicit backdrop champion before skin-id inference
  ---
  duration_ms: 0.891334
  type: 'test'
  ...
# Subtest: R126 career draft stays empty when no background champion evidence exists
ok 494 - R126 career draft stays empty when no background champion evidence exists
  ---
  duration_ms: 0.298875
  type: 'test'
  ...
# Subtest: R126 facade refresh signature includes the resolved background champion
ok 495 - R126 facade refresh signature includes the resolved background champion
  ---
  duration_ms: 0.852667
  type: 'test'
  ...
# Subtest: R127 永不返回的远程符文图标不会饿死本机英雄/技能/装备图标
ok 496 - R127 永不返回的远程符文图标不会饿死本机英雄/技能/装备图标
  ---
  duration_ms: 182.893333
  type: 'test'
  ...
# Subtest: R127 对抗变异：去掉分道后同一场景必须饿死本地图
ok 497 - R127 对抗变异：去掉分道后同一场景必须饿死本地图
  ---
  duration_ms: 39.858417
  type: 'test'
  ...
# Subtest: R127 图片失败上报排队时长、加载时长、慢图数量与来源
ok 498 - R127 图片失败上报排队时长、加载时长、慢图数量与来源
  ---
  duration_ms: 12.134375
  type: 'test'
  ...
# Subtest: R127 本机图超时上报 timeout，来源记为 lcu
ok 499 - R127 本机图超时上报 timeout，来源记为 lcu
  ---
  duration_ms: 15.618417
  type: 'test'
  ...
# Subtest: R127 图片诊断字段能穿过 runtime.js 传输白名单
ok 500 - R127 图片诊断字段能穿过 runtime.js 传输白名单
  ---
  duration_ms: 9.548583
  type: 'test'
  ...
# Subtest: R127 国服平均段位两批并行发出，第一批返回就回填对应场次
ok 501 - R127 国服平均段位两批并行发出，第一批返回就回填对应场次
  ---
  duration_ms: 6.926334
  type: 'test'
  ...
# Subtest: R127 对抗变异：把并行批次改回串行后第二批不再同时在途
ok 502 - R127 对抗变异：把并行批次改回串行后第二批不再同时在途
  ---
  duration_ms: 8.909209
  type: 'test'
  ...
# Subtest: R127 韩服同屏对局合并成一次请求，并区分「来源暂未收录」
ok 503 - R127 韩服同屏对局合并成一次请求，并区分「来源暂未收录」
  ---
  duration_ms: 187.105375
  type: 'test'
  ...
# Subtest: R127 一批失败不连累另一批：成功批照常回填，失败批留白等重试
ok 504 - R127 一批失败不连累另一批：成功批照常回填，失败批留白等重试
  ---
  duration_ms: 3.824
  type: 'test'
  ...
# Subtest: R128 §2.6 生产 JS 里不再出现口径/因果/关联类说明文案
ok 505 - R128 §2.6 生产 JS 里不再出现口径/因果/关联类说明文案
  ---
  duration_ms: 0.877458
  type: 'test'
  ...
# Subtest: R128 §2.6 对抗变异：把禁用短语塞回 champions.js，扫描必须抓到
ok 506 - R128 §2.6 对抗变异：把禁用短语塞回 champions.js，扫描必须抓到
  ---
  duration_ms: 1.090917
  type: 'test'
  ...
# Subtest: R128 §2.3-A 口径说明的实现、调用点、样式与 shared.js 全部删除
ok 507 - R128 §2.3-A 口径说明的实现、调用点、样式与 shared.js 全部删除
  ---
  duration_ms: 1.990584
  type: 'test'
  ...
# Subtest: R128 §2.3-B 方法论与免责说明逐条消失
ok 508 - R128 §2.3-B 方法论与免责说明逐条消失
  ---
  duration_ms: 0.852083
  type: 'test'
  ...
# Subtest: R128 §2.2 表现 tab 底部只保留用户指定的那一句累计说明
ok 509 - R128 §2.2 表现 tab 底部只保留用户指定的那一句累计说明
  ---
  duration_ms: 0.217041
  type: 'test'
  ...
# Subtest: R128 §2.3-C 状态/错误/数据回退提示保留不动
ok 510 - R128 §2.3-C 状态/错误/数据回退提示保留不动
  ---
  duration_ms: 0.900458
  type: 'test'
  ...
# Subtest: R128 §2.1 概览/构筑/表现 tab 改成等分的一级切换
ok 511 - R128 §2.1 概览/构筑/表现 tab 改成等分的一级切换
  ---
  duration_ms: 0.803916
  type: 'test'
  ...
# Subtest: R128 §2.2 表现指标改成逐行列表，多杀四项合并成一行
ok 512 - R128 §2.2 表现指标改成逐行列表，多杀四项合并成一行
  ---
  duration_ms: 1.01325
  type: 'test'
  ...
# Subtest: R128 §2.4 概览顺序与推荐卡标题行
ok 513 - R128 §2.4 概览顺序与推荐卡标题行
  ---
  duration_ms: 0.966917
  type: 'test'
  ...
# Subtest: R128 §2.5 规则写进 AGENTS.md 与 CLAUDE.md，旧工单要求标注撤销
ok 514 - R128 §2.5 规则写进 AGENTS.md 与 CLAUDE.md，旧工单要求标注撤销
  ---
  duration_ms: 1.3325
  type: 'test'
  ...
# Subtest: R129 P1 海斗英雄选择：liveLoading 翻转不重绘，图标与详情节点保持同一对象
ok 515 - R129 P1 海斗英雄选择：liveLoading 翻转不重绘，图标与详情节点保持同一对象
  ---
  duration_ms: 178.763208
  type: 'test'
  ...
# Subtest: R129 P1 historyState 为 empty / failed / unavailable 时同样不重建
ok 516 - R129 P1 historyState 为 empty / failed / unavailable 时同样不重建
  ---
  duration_ms: 100.974166
  type: 'test'
  ...
# Subtest: R129 P1 词表与后端一致，源码里不再残留 ready/liveLoading 判据
ok 517 - R129 P1 词表与后端一致，源码里不再残留 ready/liveLoading 判据
  ---
  duration_ms: 13.510666
  type: 'test'
  ...
# Subtest: R129 P1 renderLive 上方写明 markup 的取值纪律
ok 518 - R129 P1 renderLive 上方写明 markup 的取值纪律
  ---
  duration_ms: 1.053584
  type: 'test'
  ...
# Subtest: R129 P1 对抗变异：把骨架判据改回依赖 liveLoading，节点身份钉子必须失败
ok 519 - R129 P1 对抗变异：把骨架判据改回依赖 liveLoading，节点身份钉子必须失败
  ---
  duration_ms: 43.954125
  type: 'test'
  ...
# Subtest: R129 P2 只有详情数据变化时，build 面板图标不动、滚动位置恢复、面板重新绑定
ok 520 - R129 P2 只有详情数据变化时，build 面板图标不动、滚动位置恢复、面板重新绑定
  ---
  duration_ms: 31.134125
  type: 'test'
  ...
# Subtest: R129 P2 外壳变化（提示条/页签行）时回退整块重建
ok 521 - R129 P2 外壳变化（提示条/页签行）时回退整块重建
  ---
  duration_ms: 36.841458
  type: 'test'
  ...
# Subtest: R129 P2 markup 完全没变时连面板都不碰
ok 522 - R129 P2 markup 完全没变时连面板都不碰
  ---
  duration_ms: 30.572542
  type: 'test'
  ...
# Subtest: R129 P3 触发来源词表：interval / sse / manual / catalog，其余归为 direct
ok 523 - R129 P3 触发来源词表：interval / sse / manual / catalog，其余归为 direct
  ---
  duration_ms: 15.076209
  type: 'test'
  ...
# Subtest: R129 P3 live_render_rebuild 每 60 秒聚合一次，记录面板与来源
ok 524 - R129 P3 live_render_rebuild 每 60 秒聚合一次，记录面板与来源
  ---
  duration_ms: 26.837666
  type: 'test'
  ...
# Subtest: R129 P3 sse 与 manual 触发按来源归类，dispose 前会 flush
ok 525 - R129 P3 sse 与 manual 触发按来源归类，dispose 前会 flush
  ---
  duration_ms: 0.360916
  type: 'test'
  ...
# Subtest: R130 P1 前提：移除 src 不触发任何 load/error 事件
ok 526 - R130 P1 前提：移除 src 不触发任何 load/error 事件
  ---
  duration_ms: 117.121708
  type: 'test'
  ...
# Subtest: R130 P1-A 8 张永不返回的图放弃后名额归零，后续正常图全部加载
ok 527 - R130 P1-A 8 张永不返回的图放弃后名额归零，后续正常图全部加载
  ---
  duration_ms: 218.390875
  type: 'test'
  ...
# Subtest: R130 P1-A 挂起的第一个候选放弃后必须继续试下一个候选地址
ok 528 - R130 P1-A 挂起的第一个候选放弃后必须继续试下一个候选地址
  ---
  duration_ms: 162.277792
  type: 'test'
  ...
# Subtest: R130 P1-A 变异：两道防线都关掉时名额永久泄漏（场景必须能测到修复）
ok 529 - R130 P1-A 变异：两道防线都关掉时名额永久泄漏（场景必须能测到修复）
  ---
  duration_ms: 212.134208
  type: 'test'
  ...
# Subtest: R130 P1-A 变异：只留看门狗（第二层不补发 error）仍然不泄漏
ok 530 - R130 P1-A 变异：只留看门狗（第二层不补发 error）仍然不泄漏
  ---
  duration_ms: 194.343167
  type: 'test'
  ...
# Subtest: R130 P1-A 变异：只留合成 error（关掉看门狗）仍然不泄漏
ok 531 - R130 P1-A 变异：只留合成 error（关掉看门狗）仍然不泄漏
  ---
  duration_ms: 118.252125
  type: 'test'
  ...
# Subtest: R130 P1-B 跳到列表底部后屏幕上的卡片必须在 2 秒内开始加载
ok 532 - R130 P1-B 跳到列表底部后屏幕上的卡片必须在 2 秒内开始加载
  ---
  duration_ms: 96.880667
  type: 'test'
  ...
# Subtest: R130 P1-B 变异：去掉 eager 设置后屏幕上的卡片永远排不到
ok 533 - R130 P1-B 变异：去掉 eager 设置后屏幕上的卡片永远排不到
  ---
  duration_ms: 681.133417
  type: 'test'
  ...
# Subtest: R130 P1-B 已排队但未拿到名额的任务离开预取范围会被撤回
ok 534 - R130 P1-B 已排队但未拿到名额的任务离开预取范围会被撤回
  ---
  duration_ms: 72.522417
  type: 'test'
  ...
# Subtest: R130 P1-C pointerleave 之后视频 src 被移除，且全局只有 1 个视频在播放
ok 535 - R130 P1-C pointerleave 之后视频 src 被移除，且全局只有 1 个视频在播放
  ---
  duration_ms: 55.341959
  type: 'test'
  ...
# Subtest: R130 P1-C 生产源码绑定了 pointerleave/blur，且开始下一个前先停上一个
ok 536 - R130 P1-C 生产源码绑定了 pointerleave/blur，且开始下一个前先停上一个
  ---
  duration_ms: 0.964542
  type: 'test'
  ...
# Subtest: R130 P1-D 取消奖池网格后 activeCardImages 只统计皮肤列表的任务
ok 537 - R130 P1-D 取消奖池网格后 activeCardImages 只统计皮肤列表的任务
  ---
  duration_ms: 20.48625
  type: 'test'
  ...
# Subtest: R130 P1-D 切换收藏子页与一级页签时都取消奖池网格
ok 538 - R130 P1-D 切换收藏子页与一级页签时都取消奖池网格
  ---
  duration_ms: 0.501958
  type: 'test'
  ...
# Subtest: R130 P1-6 看门狗上报 card_image_stalled，每 10 秒最多一条且不带路径
ok 539 - R130 P1-6 看门狗上报 card_image_stalled，每 10 秒最多一条且不带路径
  ---
  duration_ms: 570.25275
  type: 'test'
  ...
# Subtest: R130 P1-6 card_image_stalled 打通前端白名单与后端白名单
ok 540 - R130 P1-6 card_image_stalled 打通前端白名单与后端白名单
  ---
  duration_ms: 1.007083
  type: 'test'
  ...
# Subtest: R141 旗帜列宽明显放大且保持两种窗口下 3–4 列，名称在图片下方
ok 541 - R141 旗帜列宽明显放大且保持两种窗口下 3–4 列，名称在图片下方
  ---
  duration_ms: 3.304333
  type: 'test'
  ...
# Subtest: R130 P2 旗帜比例取自第一张图片的真实尺寸，铺满格子后上下留白 ≤ 5%
ok 542 - R130 P2 旗帜比例取自第一张图片的真实尺寸，铺满格子后上下留白 ≤ 5%
  ---
  duration_ms: 20.843125
  type: 'test'
  ...
# Subtest: R130 P3 头像/旗帜/炫彩去掉右上角状态标签，皮肤卡的奖池标签保留
ok 543 - R130 P3 头像/旗帜/炫彩去掉右上角状态标签，皮肤卡的奖池标签保留
  ---
  duration_ms: 0.389708
  type: 'test'
  ...
# Subtest: R130 P4 头像/旗帜页去掉三格统计条，只留摘要行
ok 544 - R130 P4 头像/旗帜页去掉三格统计条，只留摘要行
  ---
  duration_ms: 0.509417
  type: 'test'
  ...
# Subtest: R130 P5 摘要行去掉「已显示」，数字走主题色且不经过 innerHTML
ok 545 - R130 P5 摘要行去掉「已显示」，数字走主题色且不经过 innerHTML
  ---
  duration_ms: 45.266958
  type: 'test'
  ...
# Subtest: R130 P5-4 拥有状态从不可用恢复后，头像开关回到用户原来的设置
ok 546 - R130 P5-4 拥有状态从不可用恢复后，头像开关回到用户原来的设置
  ---
  duration_ms: 19.314917
  type: 'test'
  ...
# Subtest: R138/R140 头像与旗帜详情都按原图 2 倍显示并分别封顶
ok 547 - R138/R140 头像与旗帜详情都按原图 2 倍显示并分别封顶
  ---
  duration_ms: 21.824125
  type: 'test'
  ...
# Subtest: R130 P6 弹窗改紧凑布局、加载前 128×128 占位，皮肤/炫彩弹窗不动
ok 548 - R130 P6 弹窗改紧凑布局、加载前 128×128 占位，皮肤/炫彩弹窗不动
  ---
  duration_ms: 0.512458
  type: 'test'
  ...
# Subtest: R130 P1-A 取消/重建之后看门狗不得复活已取消的卡片
ok 549 - R130 P1-A 取消/重建之后看门狗不得复活已取消的卡片
  ---
  duration_ms: 25.017334
  type: 'test'
  ...
# Subtest: R130 P1-A 看门狗只统计卡片任务，详情弹窗不得污染 stall 上报
ok 550 - R130 P1-A 看门狗只统计卡片任务，详情弹窗不得污染 stall 上报
  ---
  duration_ms: 0.392625
  type: 'test'
  ...
# Subtest: R130 P1-A 变异：看门狗先推进时，第二层迟到的合成 error 不得再推进一次
ok 551 - R130 P1-A 变异：看门狗先推进时，第二层迟到的合成 error 不得再推进一次
  ---
  duration_ms: 233.458167
  type: 'test'
  ...
# Subtest: R130 P1-A 看门狗必须晚于第二层的最坏放弃时间
ok 552 - R130 P1-A 看门狗必须晚于第二层的最坏放弃时间
  ---
  duration_ms: 0.275916
  type: 'test'
  ...
# Subtest: R130 评审补漏：弹窗、悬停视频、来源分类与旗帜取样的边界
ok 553 - R130 评审补漏：弹窗、悬停视频、来源分类与旗帜取样的边界
  ---
  duration_ms: 13.001917
  type: 'test'
  ...
# Subtest: R136 live status belongs to toolbar and leaves content without a fixed placeholder
ok 554 - R136 live status belongs to toolbar and leaves content without a fixed placeholder
  ---
  duration_ms: 1.228459
  type: 'test'
  ...
# Subtest: R136 Mayhem performance font sizes and mutation guard
ok 555 - R136 Mayhem performance font sizes and mutation guard
  ---
  duration_ms: 23.736083
  type: 'test'
  ...
# Subtest: R136 account background refresh retains identical image nodes and never reinserts skeleton
ok 556 - R136 account background refresh retains identical image nodes and never reinserts skeleton
  ---
  duration_ms: 161.563584
  type: 'test'
  ...
# Subtest: R136 account request sequence discards an older response that finishes last
ok 557 - R136 account request sequence discards an older response that finishes last
  ---
  duration_ms: 50.374583
  type: 'test'
  ...
# Subtest: R136 account skeleton and markup guards kill their original mutations
ok 558 - R136 account skeleton and markup guards kill their original mutations
  ---
  duration_ms: 30.590417
  type: 'test'
  ...
# Subtest: R136 pools background refresh preserves rows and picker options
ok 559 - R136 pools background refresh preserves rows and picker options
  ---
  duration_ms: 25.451416
  type: 'test'
  ...
# Subtest: R146 blue essence keeps its size and other icons match its visual size
ok 560 - R146 blue essence keeps its size and other icons match its visual size
  ---
  duration_ms: 2.922542
  type: 'test'
  ...
# Subtest: R146 fit centres the visible box and leaves opaque or empty images alone
ok 561 - R146 fit centres the visible box and leaves opaque or empty images alone
  ---
  duration_ms: 1.2395
  type: 'test'
  ...
# Subtest: R146 css no longer carries per-item icon scale hacks and the loader normalizes on load
ok 562 - R146 css no longer carries per-item icon scale hacks and the loader normalizes on load
  ---
  duration_ms: 0.352208
  type: 'test'
  ...
# Subtest: R150 Arena hero header uses the selected YOUR.GG list row, including OP versus S
ok 563 - R150 Arena hero header uses the selected YOUR.GG list row, including OP versus S
  ---
  duration_ms: 2.382667
  type: 'test'
  ...
# Subtest: R150 one shared letter scale renders seven hexagons and no numeric badges
ok 564 - R150 one shared letter scale renders seven hexagons and no numeric badges
  ---
  duration_ms: 1.367541
  type: 'test'
  ...
# Subtest: R150 local augment score stays hidden; official item score and hexagon remain
ok 565 - R150 local augment score stays hidden; official item score and hexagon remain
  ---
  duration_ms: 1.1605
  type: 'test'
  ...
# Subtest: R150 grade sorting uses letter then official score then samples
ok 566 - R150 grade sorting uses letter then official score then samples
  ---
  duration_ms: 0.666542
  type: 'test'
  ...
# Subtest: R150 sidebar stays at most 214px with aligned logo and collapsed width
ok 567 - R150 sidebar stays at most 214px with aligned logo and collapsed width
  ---
  duration_ms: 3.333416
  type: 'test'
  ...
# Subtest: R154 switching to an unloaded view clears the old cards before fetch resolves
ok 568 - R154 switching to an unloaded view clears the old cards before fetch resolves
  ---
  duration_ms: 343.868625
  type: 'test'
  ...
# Subtest: R154 filters and sorting preserve already loaded card and image nodes
ok 569 - R154 filters and sorting preserve already loaded card and image nodes
  ---
  duration_ms: 130.474875
  type: 'test'
  ...
# Subtest: R154 open circuit and ordinary timeout show different detail errors
ok 570 - R154 open circuit and ordinary timeout show different detail errors
  ---
  duration_ms: 0.358459
  type: 'test'
  ...
# Subtest: R156 Hextech ARAM invitation switch saves 2300, 2400 and 3270 together
ok 571 - R156 Hextech ARAM invitation switch saves 2300, 2400 and 3270 together
  ---
  duration_ms: 3.118875
  type: 'test'
  ...
# Subtest: R158 same player and A-B-A overview renders keep loaded image nodes
ok 572 - R158 same player and A-B-A overview renders keep loaded image nodes
  ---
  duration_ms: 158.531291
  type: 'test'
  ...
# Subtest: R158 real image queue does not admit loaded A images after B-A switch
ok 573 - R158 real image queue does not admit loaded A images after B-A switch
  ---
  duration_ms: 25.712542
  type: 'test'
  ...
# Subtest: R158 changed player data replaces stale art, career and match images
ok 574 - R158 changed player data replaces stale art, career and match images
  ---
  duration_ms: 38.108042
  type: 'test'
  ...
# Subtest: R158 inactive overview DOM cache has a four-player limit
ok 575 - R158 inactive overview DOM cache has a four-player limit
  ---
  duration_ms: 23.39375
  type: 'test'
  ...
# Subtest: R158 closing an inactive player releases its retained DOM
ok 576 - R158 closing an inactive player releases its retained DOM
  ---
  duration_ms: 27.835542
  type: 'test'
  ...
# Subtest: R160 bundled art uses local image queue capacity beside stalled remote art
ok 577 - R160 bundled art uses local image queue capacity beside stalled remote art
  ---
  duration_ms: 142.705333
  type: 'test'
  ...
# Subtest: R160 gameplay icon proxy accepts only the explicit bundled scheme
ok 578 - R160 gameplay icon proxy accepts only the explicit bundled scheme
  ---
  duration_ms: 1.496625
  type: 'test'
  ...
# Subtest: R160 overview augments paint from the fast catalog before perks arrive
ok 579 - R160 overview augments paint from the fast catalog before perks arrive
  ---
  duration_ms: 0.62675
  type: 'test'
  ...
# Subtest: R161 ranked live roster remains retryable until both teams have five players
ok 580 - R161 ranked live roster remains retryable until both teams have five players
  ---
  duration_ms: 1.184833
  type: 'test'
  ...
# Subtest: R161 partial ranked roster retries quickly and position chip has no reserved gap
ok 581 - R161 partial ranked roster retries quickly and position chip has no reserved gap
  ---
  duration_ms: 1.276375
  type: 'test'
  ...
# Subtest: R163 Hextech ARAM 5+4 roster remains retryable until both teams have five players
ok 582 - R163 Hextech ARAM 5+4 roster remains retryable until both teams have five players
  ---
  duration_ms: 0.957791
  type: 'test'
  ...
# Subtest: R163 partial Hextech ARAM roster retries at five seconds
ok 583 - R163 partial Hextech ARAM roster retries at five seconds
  ---
  duration_ms: 0.813083
  type: 'test'
  ...
# Subtest: R164 non-Rift teammates stay adjacent by verified premade group while Rift keeps lane order
ok 584 - R164 non-Rift teammates stay adjacent by verified premade group while Rift keeps lane order
  ---
  duration_ms: 6.20225
  type: 'test'
  ...
# Subtest: R165 live chips distinguish private history, hidden identity, and direct autofill
ok 585 - R165 live chips distinguish private history, hidden identity, and direct autofill
  ---
  duration_ms: 1.504042
  type: 'test'
  ...
# Subtest: R168 live identity copy separates unresolved champ select names from explicit privacy
ok 586 - R168 live identity copy separates unresolved champ select names from explicit privacy
  ---
  duration_ms: 1.365792
  type: 'test'
  ...
# Subtest: R166 DPM 780/840 renders the gray outline above the yellow fill with smaller dots
ok 587 - R166 DPM 780/840 renders the gray outline above the yellow fill with smaller dots
  ---
  duration_ms: 1.166417
  type: 'test'
  ...
# Subtest: R166 mayhem hover waits 150 ms and rapid travel starts at most one RSC prefetch
ok 588 - R166 mayhem hover waits 150 ms and rapid travel starts at most one RSC prefetch
  ---
  duration_ms: 0.907083
  type: 'test'
  ...
# Subtest: R175 real anonymous recovery response renders five allied cards with the existing hidden identity style
ok 589 - R175 real anonymous recovery response renders five allied cards with the existing hidden identity style
  ---
  duration_ms: 105.332208
  type: 'test'
  ...
# Subtest: R179 enemy placeholder is champ-select only and keeps R193 live hidden identity display
ok 590 - R179 enemy placeholder is champ-select only and keeps R193 live hidden identity display
  ---
  duration_ms: 510.414917
  type: 'test'
  ...
# Subtest: R179 specialist key survives four skill changes and phase; concurrent entries send one request
ok 591 - R179 specialist key survives four skill changes and phase; concurrent entries send one request
  ---
  duration_ms: 2.07975
  type: 'test'
  ...
# Subtest: R179 specialist refresh retains starter items and cached response renders equipment immediately
ok 592 - R179 specialist refresh retains starter items and cached response renders equipment immediately
  ---
  duration_ms: 15.376667
  type: 'test'
  ...
# Subtest: R179 three minute roster polling preserves nine rows/images and skill changes retain rune DOM
ok 593 - R179 three minute roster polling preserves nine rows/images and skill changes retain rune DOM
  ---
  duration_ms: 445.73175
  type: 'test'
  ...
# Subtest: R179 refresh button changes only for manual loads
ok 594 - R179 refresh button changes only for manual loads
  ---
  duration_ms: 18.185333
  type: 'test'
  ...
# Subtest: R179 runtime transport admits bounded rebuild counts and lane fields, dropping private fields
ok 595 - R179 runtime transport admits bounded rebuild counts and lane fields, dropping private fields
  ---
  duration_ms: 14.028417
  type: 'test'
  ...
# Subtest: R179 lane diagnostic direct sender preserves nonzero availability fields
ok 596 - R179 lane diagnostic direct sender preserves nonzero availability fields
  ---
  duration_ms: 4.313584
  type: 'test'
  ...
# Subtest: R179 repeated partial panel bindings dispatch each action exactly once
ok 597 - R179 repeated partial panel bindings dispatch each action exactly once
  ---
  duration_ms: 41.280458
  type: 'test'
  ...
# Subtest: R179 changing roster structure replaces rows and reports same-source recreated images honestly
ok 598 - R179 changing roster structure replaces rows and reports same-source recreated images honestly
  ---
  duration_ms: 20.5585
  type: 'test'
  ...
# Subtest: R179 actual specialist equipment DOM stays identical through skills and entering the game
ok 599 - R179 actual specialist equipment DOM stays identical through skills and entering the game
  ---
  duration_ms: 16.097875
  type: 'test'
  ...
# Subtest: R180 latest merged same-queue game updates one player row, reports actual count and keeps other nodes
ok 600 - R180 latest merged same-queue game updates one player row, reports actual count and keeps other nodes
  ---
  duration_ms: 346.341209
  type: 'test'
  ...
# Subtest: R181 full pair shows locked A when enemy is absent from both top-five lists
ok 601 - R181 full pair shows locked A when enemy is absent from both top-five lists
  ---
  duration_ms: 4.339167
  type: 'test'
  ...
# Subtest: R181 missing full pair hides A and diagnoses pair-no-data; failure/pending are distinct
ok 602 - R181 missing full pair hides A and diagnoses pair-no-data; failure/pending are distinct
  ---
  duration_ms: 11.380833
  type: 'test'
  ...
# Subtest: R181 intent and hover show A+B under one enemy heading, locking keeps A and hides B
ok 603 - R181 intent and hover show A+B under one enemy heading, locking keeps A and hides B
  ---
  duration_ms: 6.414083
  type: 'test'
  ...
# Subtest: R181 sixty-one polls send one pair request and new own/enemy/tier keys each send once
ok 604 - R181 sixty-one polls send one pair request and new own/enemy/tier keys each send once
  ---
  duration_ms: 2.242875
  type: 'test'
  ...
# Subtest: R181 lane pending, failed, below-threshold and ambiguous diagnoses remain distinguishable
ok 605 - R181 lane pending, failed, below-threshold and ambiguous diagnoses remain distinguishable
  ---
  duration_ms: 10.078042
  type: 'test'
  ...
# Subtest: R181 direct sender and actual runtime carry card booleans/tier and omit identity
ok 606 - R181 direct sender and actual runtime carry card booleans/tier and omit identity
  ---
  duration_ms: 117.566625
  type: 'test'
  ...
# Subtest: R183 ranked backend response renders an anonymous enemy in middle and stops incomplete retries
ok 607 - R183 ranked backend response renders an anonymous enemy in middle and stops incomplete retries
  ---
  duration_ms: 202.343333
  type: 'test'
  ...
# Subtest: R185 SSE omits skins, preserves 2125 entries and does not redraw or renew catalog age
ok 608 - R185 SSE omits skins, preserves 2125 entries and does not redraw or renew catalog age
  ---
  duration_ms: 16.173833
  type: 'test'
  ...
# Subtest: R185 skin signature is cached by list identity and explicit empty lists replace old lists
ok 609 - R185 skin signature is cached by list identity and explicit empty lists replace old lists
  ---
  duration_ms: 0.858125
  type: 'test'
  ...
# Subtest: R185 longtasks are grouped by current section and tab with minute aggregation
ok 610 - R185 longtasks are grouped by current section and tab with minute aggregation
  ---
  duration_ms: 2.9005
  type: 'test'
  ...
# Subtest: R185 idle heartbeat is once per five minutes and retains a 1.5 second timer lag
ok 611 - R185 idle heartbeat is once per five minutes and retains a 1.5 second timer lag
  ---
  duration_ms: 0.53575
  type: 'test'
  ...
# Subtest: R185 measured requests cover all main page categories and count real UTF8 and stream bytes
ok 612 - R185 measured requests cover all main page categories and count real UTF8 and stream bytes
  ---
  duration_ms: 23.980792
  type: 'test'
  ...
# Subtest: R185 metrics whitelist survives renderer transport and strips identity fields
ok 613 - R185 metrics whitelist survives renderer transport and strips identity fields
  ---
  duration_ms: 8.402542
  type: 'test'
  ...
# Subtest: R188 direct premade tooltip uses champion icons before names without hero text
ok 614 - R188 direct premade tooltip uses champion icons before names without hero text
  ---
  duration_ms: 149.057542
  type: 'test'
  ...
# Subtest: R188 inferred title is a count with no methodology body, both/lobby stay direct
ok 615 - R188 inferred title is a count with no methodology body, both/lobby stay direct
  ---
  duration_ms: 73.846167
  type: 'test'
  ...
# Subtest: R188 zero and negative champion IDs retain an empty icon slot even with intent/name
ok 616 - R188 zero and negative champion IDs retain an empty icon slot even with intent/name
  ---
  duration_ms: 51.337083
  type: 'test'
  ...
# Subtest: R188 mask names uses the existing maskedPlayerName policy
ok 617 - R188 mask names uses the existing maskedPlayerName policy
  ---
  duration_ms: 14.650667
  type: 'test'
  ...
# Subtest: R188 matchup is after tabs outside insight and visible on runes/build/insight
ok 618 - R188 matchup is after tabs outside insight and visible on runes/build/insight
  ---
  duration_ms: 56.051
  type: 'test'
  ...
# Subtest: R188 preselection caps four candidates at three, narrow rule hides the third
ok 619 - R188 preselection caps four candidates at three, narrow rule hides the third
  ---
  duration_ms: 144.115041
  type: 'test'
  ...
# Subtest: R188 notice follows matchup slot without entering panels
ok 620 - R188 notice follows matchup slot without entering panels
  ---
  duration_ms: 35.875917
  type: 'test'
  ...
# Subtest: R188 pending to success and hidden preserve tab buttons, focused tab, and fixed slot
ok 621 - R188 pending to success and hidden preserve tab buttons, focused tab, and fixed slot
  ---
  duration_ms: 40.551541
  type: 'test'
  ...
# Subtest: R188 InProgress and unlocked enemy hide matchup
ok 622 - R188 InProgress and unlocked enemy hide matchup
  ---
  duration_ms: 2.611167
  type: 'test'
  ...
# Subtest: R188 placement passes both actual diagnostic senders
ok 623 - R188 placement passes both actual diagnostic senders
  ---
  duration_ms: 38.627958
  type: 'test'
  ...
# Subtest: R189 directory emote name and icon render without a pending hint
ok 624 - R189 directory emote name and icon render without a pending hint
  ---
  duration_ms: 135.186792
  type: 'test'
  ...
# Subtest: R189 fallback emote with dataPending false never implies an unsynced name
ok 625 - R189 fallback emote with dataPending false never implies an unsynced name
  ---
  duration_ms: 26.364833
  type: 'test'
  ...
# Subtest: R189 blank loot retains its pending hint only during bounded retries
ok 626 - R189 blank loot retains its pending hint only during bounded retries
  ---
  duration_ms: 22.84075
  type: 'test'
  ...
# Subtest: R189 emote ward and icon show known ownership, unknown stays absent
ok 627 - R189 emote ward and icon show known ownership, unknown stays absent
  ---
  duration_ms: 132.265083
  type: 'test'
  ...
# Subtest: R189 skin ownership and upgrade wording remain unchanged
ok 628 - R189 skin ownership and upgrade wording remain unchanged
  ---
  duration_ms: 24.282292
  type: 'test'
  ...
# Subtest: R190 1–4 roster marks only subject, including Arena and masking
ok 629 - R190 1–4 roster marks only subject, including Arena and masking
  ---
  duration_ms: 207.089917
  type: 'test'
  ...
# Subtest: R190 5–9 effect parser handles zero, labels, time, invalid templates and overrides
ok 630 - R190 5–9 effect parser handles zero, labels, time, invalid templates and overrides
  ---
  duration_ms: 10.853458
  type: 'test'
  ...
# Subtest: R190 10–11 slot order, max-per-perk totals and missing stats use descriptions
ok 631 - R190 10–11 slot order, max-per-perk totals and missing stats use descriptions
  ---
  duration_ms: 56.44025
  type: 'test'
  ...
# Subtest: R190 12 shared board matches pre-R190 snapshot after removing data attribute
ok 632 - R190 12 shared board matches pre-R190 snapshot after removing data attribute
  ---
  duration_ms: 8.619583
  type: 'test'
  ...
# Subtest: R190 13 real delegated pointer/focus links selected icons only without rerender
ok 633 - R190 13 real delegated pointer/focus links selected icons only without rerender
  ---
  duration_ms: 74.231708
  type: 'test'
  ...
# Subtest: R190 20–21 augment order, rarity, skeleton, bare and escaped full tooltip
ok 634 - R190 20–21 augment order, rarity, skeleton, bare and escaped full tooltip
  ---
  duration_ms: 43.81175
  type: 'test'
  ...
# Subtest: R190 22 description IDs reused, failures settled, no repeated request
ok 635 - R190 22 description IDs reused, failures settled, no repeated request
  ---
  duration_ms: 13.517875
  type: 'test'
  ...
# Subtest: R190 old match requests exactly one refresh across views, preserves participant metadata
ok 636 - R190 old match requests exactly one refresh across views, preserves participant metadata
  ---
  duration_ms: 37.944167
  type: 'test'
  ...
# Subtest: R190 build controls request augment copy only after build opens
ok 637 - R190 build controls request augment copy only after build opens
  ---
  duration_ms: 35.299292
  type: 'test'
  ...
# Subtest: R191 09 only intersecting open build detail changes among twenty retained cards
ok 638 - R191 09 only intersecting open build detail changes among twenty retained cards
  ---
  duration_ms: 156.619375
  type: 'test'
  ...
# Subtest: R191 10 shared IDs update active and cached tabs plus overlay and external views
ok 639 - R191 10 shared IDs update active and cached tabs plus overlay and external views
  ---
  duration_ms: 48.306
  type: 'test'
  ...
# Subtest: R191 14 effect icons and value gaps use corrected dimensions, wide tree is centered
ok 640 - R191 14 effect icons and value gaps use corrected dimensions, wide tree is centered
  ---
  duration_ms: 0.614833
  type: 'test'
  ...
# Subtest: R191 15–16 R195 removes effect shards while preserving the shared tree icons
ok 641 - R191 15–16 R195 removes effect shards while preserving the shared tree icons
  ---
  duration_ms: 55.518709
  type: 'test'
  ...
# live recommendation diagnostic failed {
#   reason: 'has-payload',
#   key: '164:top:CLASSIC:11:emerald_plus:none',
#   error: 'Failed to parse URL from /api/diagnostics/client'
# }
# Subtest: R192 1 hydrate updates roster and subject highlight while other two cards stay retained
ok 642 - R192 1 hydrate updates roster and subject highlight while other two cards stay retained
  ---
  duration_ms: 1904.615208
  type: 'test'
  ...
# live recommendation diagnostic failed {
#   reason: 'has-payload',
#   key: '164:top:CLASSIC:11:emerald_plus:none',
#   error: 'Failed to parse URL from /api/diagnostics/client'
# }
# Subtest: R192 2 rejected details expose a working retry and reopen after successful second request
ok 643 - R192 2 rejected details expose a working retry and reopen after successful second request
  ---
  duration_ms: 2018.527417
  type: 'test'
  ...
# live recommendation diagnostic failed {
#   reason: 'has-payload',
#   key: '164:top:CLASSIC:11:emerald_plus:none',
#   error: 'Failed to parse URL from /api/diagnostics/client'
# }
# Subtest: R192 3 two retry clicks during loading share one additional request
ok 644 - R192 3 two retry clicks during loading share one additional request
  ---
  duration_ms: 2074.228917
  type: 'test'
  ...
# live recommendation diagnostic failed {
#   reason: 'has-payload',
#   key: '164:top:CLASSIC:11:emerald_plus:none',
#   error: 'Failed to parse URL from /api/diagnostics/client'
# }
# Subtest: R192 4 loader-free expand and collapse keep summary and unrelated card identities
ok 645 - R192 4 loader-free expand and collapse keep summary and unrelated card identities
  ---
  duration_ms: 1633.574834
  type: 'test'
  ...
# live recommendation diagnostic failed {
#   reason: 'has-payload',
#   key: '164:top:CLASSIC:11:emerald_plus:none',
#   error: 'Failed to parse URL from /api/diagnostics/client'
# }
# Subtest: R192 5 hydrated Arena summary replaces damage and taken placeholders with true fixture values
ok 646 - R192 5 hydrated Arena summary replaces damage and taken placeholders with true fixture values
  ---
  duration_ms: 1470.06625
  type: 'test'
  ...
# Subtest: R193 1 hidden identity subtitle contains only position and disappears without position
ok 647 - R193 1 hidden identity subtitle contains only position and disappears without position
  ---
  duration_ms: 166.856791
  type: 'test'
  ...
# Subtest: R193 2 hidden combined card contains one client-unavailable message and no history row
ok 648 - R193 2 hidden combined card contains one client-unavailable message and no history row
  ---
  duration_ms: 0.18525
  type: 'test'
  ...
# Subtest: R193 3 hidden card omits empty win-rate and KDA columns without em dashes
ok 649 - R193 3 hidden card omits empty win-rate and KDA columns without em dashes
  ---
  duration_ms: 22.694
  type: 'test'
  ...
# Subtest: R193 4 unresolved identity, private history and ordinary no-sample cards match baseline
ok 650 - R193 4 unresolved identity, private history and ordinary no-sample cards match baseline
  ---
  duration_ms: 0.188125
  type: 'test'
  ...
# Subtest: R193 5 ordinary unranked player retains rank subtitle
ok 651 - R193 5 ordinary unranked player retains rank subtitle
  ---
  duration_ms: 0.100458
  type: 'test'
  ...
# Subtest: R194 actual backend quickplay response renders our anonymous TOP among five cards
ok 652 - R194 actual backend quickplay response renders our anonymous TOP among five cards
  ---
  duration_ms: 139.054625
  type: 'test'
  ...
# Subtest: R194 quickplay nine-player snapshots keep five-second retries until recovered
ok 653 - R194 quickplay nine-player snapshots keep five-second retries until recovered
  ---
  duration_ms: 3.81525
  type: 'test'
  ...
# Subtest: R194 browser roster gate mirrors backend registered 5v5 PvP queue groups
ok 654 - R194 browser roster gate mirrors backend registered 5v5 PvP queue groups
  ---
  duration_ms: 2.909625
  type: 'test'
  ...
# Subtest: R195 1 effect list removes shards and preserves shared board
ok 655 - R195 1 effect list removes shards and preserves shared board
  ---
  duration_ms: 108.209834
  type: 'test'
  ...
# Subtest: R195 2 lethal tempo keeps confirmed var2 damage and suppresses malformed time
ok 656 - R195 2 lethal tempo keeps confirmed var2 damage and suppresses malformed time
  ---
  duration_ms: 6.349417
  type: 'test'
  ...
# Subtest: R195 3 magical footwear uses the client label and minute/tens/units template
ok 657 - R195 3 magical footwear uses the client label and minute/tens/units template
  ---
  duration_ms: 2.501292
  type: 'test'
  ...
# Subtest: R195 4 invalid footwear digits and minutes do not render
ok 658 - R195 4 invalid footwear digits and minutes do not render
  ---
  duration_ms: 2.859958
  type: 'test'
  ...
# Subtest: R195 5 keystone with values shows only tree subtitle; missing values retain description
ok 659 - R195 5 keystone with values shows only tree subtitle; missing values retain description
  ---
  duration_ms: 29.086917
  type: 'test'
  ...
# Subtest: R195 6 header damage includes the confirmed lethal tempo value
ok 660 - R195 6 header damage includes the confirmed lethal tempo value
  ---
  duration_ms: 10.805125
  type: 'test'
  ...
# Subtest: R195 7 picked premade heroes render two queued icons before names without hero text
ok 661 - R195 7 picked premade heroes render two queued icons before names without hero text
  ---
  duration_ms: 42.177416
  type: 'test'
  ...
# Subtest: R195 8 no champion or pending pick retains empty icon slot and aligned name
ok 662 - R195 8 no champion or pending pick retains empty icon slot and aligned name
  ---
  duration_ms: 59.459875
  type: 'test'
  ...
# Subtest: R195 9 premade icon rows preserve name masking
ok 663 - R195 9 premade icon rows preserve name masking
  ---
  duration_ms: 20.531041
  type: 'test'
  ...
# Subtest: R196 8 ETA formats seconds minutes hours and source selection
ok 664 - R196 8 ETA formats seconds minutes hours and source selection
  ---
  duration_ms: 503.221709
  type: 'test'
  ...
# Subtest: R196 9 background button keeps download busy and reopen progress
ok 665 - R196 9 background button keeps download busy and reopen progress
  ---
  duration_ms: 200.482417
  type: 'test'
  ...
# Subtest: R196 10 ready completion card only while dialog closed and startup recovery
ok 666 - R196 10 ready completion card only while dialog closed and startup recovery
  ---
  duration_ms: 559.676625
  type: 'test'
  ...
# Subtest: R196 11 later makes no API and top button opens ready without download
ok 667 - R196 11 later makes no API and top button opens ready without download
  ---
  duration_ms: 236.835209
  type: 'test'
  ...
# Subtest: R196 12 completion apply checks live phase before upgrading
ok 668 - R196 12 completion apply checks live phase before upgrading
  ---
  duration_ms: 619.246875
  type: 'test'
  ...
# Subtest: R196 13 repeated ready never reannounces same version
ok 669 - R196 13 repeated ready never reannounces same version
  ---
  duration_ms: 197.499083
  type: 'test'
  ...
# Subtest: R196 14 thin icon and outlined ready retain red dot
ok 670 - R196 14 thin icon and outlined ready retain red dot
  ---
  duration_ms: 191.839875
  type: 'test'
  ...
# Subtest: R197 8 actual post-game payload replaces hidden card with name/rank and clickable overview reference
ok 671 - R197 8 actual post-game payload replaces hidden card with name/rank and clickable overview reference
  ---
  duration_ms: 122.916209
  type: 'test'
  ...
# Subtest: R197 9 participant still hidden retains R193 card exactly
ok 672 - R197 9 participant still hidden retains R193 card exactly
  ---
  duration_ms: 27.21
  type: 'test'
  ...
# Subtest: R197 post-game SSE bridge refreshes retained live snapshot only outside active phases
ok 673 - R197 post-game SSE bridge refreshes retained live snapshot only outside active phases
  ---
  duration_ms: 1.255375
  type: 'test'
  ...
# Subtest: R197 reveal event during an active roster request leaves a trailing refresh queued
ok 674 - R197 reveal event during an active roster request leaves a trailing refresh queued
  ---
  duration_ms: 0.412042
  type: 'test'
  ...
# Subtest: R198 maintenance camera options default none, save immediately and survive refresh
ok 675 - R198 maintenance camera options default none, save immediately and survive refresh
  ---
  duration_ms: 244.847792
  type: 'test'
  ...
# Subtest: R198 failed preference save rolls back without changing previous choice
ok 676 - R198 failed preference save rolls back without changing previous choice
  ---
  duration_ms: 26.7915
  type: 'test'
  ...
# Subtest: R203 1183 cards survive lastSync changes every eight seconds without global blocking
ok 677 - R203 1183 cards survive lastSync changes every eight seconds without global blocking
  ---
  duration_ms: 193.806708
  type: 'test'
  ...
# Subtest: R203 first empty collection shows only a grid placeholder and no indefinite loading flag
ok 678 - R203 first empty collection shows only a grid placeholder and no indefinite loading flag
  ---
  duration_ms: 22.273875
  type: 'test'
  ...
# Subtest: R203 missing identity escapes at fifteen seconds across repeated shows and retries
ok 679 - R203 missing identity escapes at fifteen seconds across repeated shows and retries
  ---
  duration_ms: 23.210875
  type: 'test'
  ...
# Subtest: R203 overlay retry is identity-only, single-flight and one-second debounced
ok 680 - R203 overlay retry is identity-only, single-flight and one-second debounced
  ---
  duration_ms: 12.231
  type: 'test'
  ...
# Subtest: R203 sustained dirty statuses yield one automatic scan per sixty seconds, foreground favorites only
ok 681 - R203 sustained dirty statuses yield one automatic scan per sixty seconds, foreground favorites only
  ---
  duration_ms: 41.783042
  type: 'test'
  ...
# Subtest: R203 native dialogs log show and user close with category, never raw IDs
ok 682 - R203 native dialogs log show and user close with category, never raw IDs
  ---
  duration_ms: 8.948917
  type: 'test'
  ...
# Subtest: R203 collection render telemetry preserves visibility and card count
ok 683 - R203 collection render telemetry preserves visibility and card count
  ---
  duration_ms: 5.313917
  type: 'test'
  ...
# Subtest: R203 native confirmation preserves cancellation and logs no message text
ok 684 - R203 native confirmation preserves cancellation and logs no message text
  ---
  duration_ms: 0.912625
  type: 'test'
  ...
# Subtest: R204 Key input is masked and save/clear immediately update status without echo
ok 685 - R204 Key input is masked and save/clear immediately update status without echo
  ---
  duration_ms: 232.091125
  type: 'test'
  ...
# Subtest: R204 dialog-restored pointer focus hides tooltip while keyboard and hover show it
ok 686 - R204 dialog-restored pointer focus hides tooltip while keyboard and hover show it
  ---
  duration_ms: 26.125959
  type: 'test'
  ...
# Subtest: R204 update icon and close controls use shared sizes
ok 687 - R204 update icon and close controls use shared sizes
  ---
  duration_ms: 88.596666
  type: 'test'
  ...
# Subtest: R204 incremental roster rejects old requests/games/phases and shows a ready player before others
ok 688 - R204 incremental roster rejects old requests/games/phases and shows a ready player before others
  ---
  duration_ms: 8.658292
  type: 'test'
  ...
# Subtest: R204 missing/invalid Key renders only its title and working settings navigation
ok 689 - R204 missing/invalid Key renders only its title and working settings navigation
  ---
  duration_ms: 418.181667
  type: 'test'
  ...
# Subtest: R204 same-game pending incremental rows retain known history during background refresh
ok 690 - R204 same-game pending incremental rows retain known history during background refresh
  ---
  duration_ms: 2.980375
  type: 'test'
  ...
# Subtest: R204 pending progress does not reuse history across unknown games or changed identity scope
ok 691 - R204 pending progress does not reuse history across unknown games or changed identity scope
  ---
  duration_ms: 18.704958
  type: 'test'
  ...
# Subtest: R206 partial arena keeps successful sections and retries only the requested block
ok 692 - R206 partial arena keeps successful sections and retries only the requested block
  ---
  duration_ms: 1.680291
  type: 'test'
  ...
# Subtest: R206 first collection scan skeleton, failure after fifteen seconds and collection-only retry
ok 693 - R206 first collection scan skeleton, failure after fifteen seconds and collection-only retry
  ---
  duration_ms: 201.740208
  type: 'test'
  ...
# Subtest: R206 twenty local images start within 100ms while five remote candidates are bounded to two
ok 694 - R206 twenty local images start within 100ms while five remote candidates are bounded to two
  ---
  duration_ms: 60.910125
  type: 'test'
  ...
# Subtest: R206 local timeout is 4s and first error immediately queues a token-free remote candidate
ok 695 - R206 local timeout is 4s and first error immediately queues a token-free remote candidate
  ---
  duration_ms: 17.854875
  type: 'test'
  ...
# Subtest: R206 all single-letter tier icons share font size 13
ok 696 - R206 all single-letter tier icons share font size 13
  ---
  duration_ms: 1.152459
  type: 'test'
  ...
# Subtest: R206 relay settings and unavailable rune service show built-in state and retry
ok 697 - R206 relay settings and unavailable rune service show built-in state and retry
  ---
  duration_ms: 152.619625
  type: 'test'
  ...
# Subtest: R207 log replay ChampSelect → GameStart → gameflow → named live-client spells keeps real build and augments
ok 698 - R207 log replay ChampSelect → GameStart → gameflow → named live-client spells keeps real build and augments
  ---
  duration_ms: 239.120666
  type: 'test'
  ...
# Subtest: R207 drift fallback renders same-game successful cache and starts only one exact none request
ok 699 - R207 drift fallback renders same-game successful cache and starts only one exact none request
  ---
  duration_ms: 67.763167
  type: 'test'
  ...
# Subtest: R207 cache cleared during unchanged polling recovers from render with single flight and failure backoff
ok 700 - R207 cache cleared during unchanged polling recovers from render with single flight and failure backoff
  ---
  duration_ms: 94.241042
  type: 'test'
  ...
# Subtest: R207 gameId 0 wobble preserves cache; restored known different game resets
ok 701 - R207 gameId 0 wobble preserves cache; restored known different game resets
  ---
  duration_ms: 36.920792
  type: 'test'
  ...
# Subtest: R207 Classic spell changes retain original exact request and query; special modes freeze only after select
ok 702 - R207 Classic spell changes retain original exact request and query; special modes freeze only after select
  ---
  duration_ms: 90.738583
  type: 'test'
  ...
# Subtest: R207 empty diagnostics have complete fields and same-game same-key maximum five
ok 703 - R207 empty diagnostics have complete fields and same-game same-key maximum five
  ---
  duration_ms: 26.65175
  type: 'test'
  ...
# Subtest: backend/web/r87-p2p3-verify.test.cjs
ok 68 - backend/web/r87-p2p3-verify.test.cjs
  ---
  duration_ms: 41.1845
  type: 'test'
  ...
# Subtest: backend/web/r87-p5-independent-verify.test.cjs
ok 69 - backend/web/r87-p5-independent-verify.test.cjs
  ---
  duration_ms: 46.400541
  type: 'test'
  ...
# Subtest: backend/web/r87-p8-independent-verify.test.cjs
ok 70 - backend/web/r87-p8-independent-verify.test.cjs
  ---
  duration_ms: 37.873209
  type: 'test'
  ...
# Subtest: R87 hidden SSE phase is loaded when visibility resumes with overview resync pending
ok 707 - R87 hidden SSE phase is loaded when visibility resumes with overview resync pending
  ---
  duration_ms: 12.064792
  type: 'test'
  ...
# Subtest: R87 phase poll independently loads once and repeated unchanged phase causes no roster polling
ok 708 - R87 phase poll independently loads once and repeated unchanged phase causes no roster polling
  ---
  duration_ms: 9.30675
  type: 'test'
  ...
# Subtest: R87 participants become dirty, inactive players stay off network, retry is bounded and delayed
ok 709 - R87 participants become dirty, inactive players stay off network, retry is bounded and delayed
  ---
  duration_ms: 4.543125
  type: 'test'
  ...
# Subtest: R87 suite fetch and stalled response bodies time out at 15 seconds
ok 710 - R87 suite fetch and stalled response bodies time out at 15 seconds
  ---
  duration_ms: 5.456833
  type: 'test'
  ...
# Subtest: R87 claim timeout advances progress, continues remaining claims and clears watchdog
ok 711 - R87 claim timeout advances progress, continues remaining claims and clears watchdog
  ---
  duration_ms: 2.358291
  type: 'test'
  ...
# Subtest: R87 pending loot is distinguished from pool matching, and all end phases share settlement display
ok 712 - R87 pending loot is distinguished from pool matching, and all end phases share settlement display
  ---
  duration_ms: 4.892625
  type: 'test'
  ...
# Subtest: R88 thirteen ChampSelect events per second cause at most two actual diagnostic POSTs
ok 713 - R88 thirteen ChampSelect events per second cause at most two actual diagnostic POSTs
  ---
  duration_ms: 25.376833
  type: 'test'
  ...
# Subtest: R88 slow sampled diagnostics hold one slot and never retry
ok 714 - R88 slow sampled diagnostics hold one slot and never retry
  ---
  duration_ms: 6.554083
  type: 'test'
  ...
# Subtest: R88 local request timing is sampled globally and strips paths and identifiers
ok 715 - R88 local request timing is sampled globally and strips paths and identifiers
  ---
  duration_ms: 11.082875
  type: 'test'
  ...
# Subtest: R100 status timeouts remain recoverable and success resets failures
ok 716 - R100 status timeouts remain recoverable and success resets failures
  ---
  duration_ms: 30.634333
  type: 'test'
  ...
# Subtest: R88 replaced status requests and explicit abort do not count toward fatal threshold
ok 717 - R88 replaced status requests and explicit abort do not count toward fatal threshold
  ---
  duration_ms: 4.319375
  type: 'test'
  ...
# Subtest: R88 helper failure label does not blame the League client
ok 718 - R88 helper failure label does not blame the League client
  ---
  duration_ms: 1.062083
  type: 'test'
  ...
# Subtest: R88 arena names omit tags but preserve full tooltips, normal tags and masking
ok 719 - R88 arena names omit tags but preserve full tooltips, normal tags and masking
  ---
  duration_ms: 7.308958
  type: 'test'
  ...
# Subtest: R150 OP and S use distinct shared hexagon badges
ok 720 - R150 OP and S use distinct shared hexagon badges
  ---
  duration_ms: 0.361125
  type: 'test'
  ...
# Subtest: R88 protected active match-main and match-stats rules remain byte-identical
ok 721 - R88 protected active match-main and match-stats rules remain byte-identical
  ---
  duration_ms: 2.623042
  type: 'test'
  ...
# Subtest: R89 parallel supplements start before first overview resolves and survive ref adoption without duplicates
ok 722 - R89 parallel supplements start before first overview resolves and survive ref adoption without duplicates
  ---
  duration_ms: 5.593833
  type: 'test'
  ...
# Subtest: R89 catalog failure retries once after backoff and missing IDs report once within a bound
ok 723 - R89 catalog failure retries once after backoff and missing IDs report once within a bound
  ---
  duration_ms: 1.627583
  type: 'test'
  ...
# Subtest: R89 catalog arrival invalidates retained match DOM in all open tabs
ok 724 - R89 catalog arrival invalidates retained match DOM in all open tabs
  ---
  duration_ms: 0.42325
  type: 'test'
  ...
# Subtest: R89 completion failure preserves first five and exposes a retry that completes the recent match list
ok 725 - R89 completion failure preserves first five and exposes a retry that completes the recent match list
  ---
  duration_ms: 1.664917
  type: 'test'
  ...
# Subtest: R89 closing an overlay marks it closed and aborts its overview request
ok 726 - R89 closing an overlay marks it closed and aborts its overview request
  ---
  duration_ms: 1.056958
  type: 'test'
  ...
# Subtest: R90 complete snapshots never schedule another in-game timer
ok 727 - R90 complete snapshots never schedule another in-game timer
  ---
  duration_ms: 7.1255
  type: 'test'
  ...
# Subtest: R90 completeness requires availability, roster, settled history and arena verdict
ok 728 - R90 completeness requires availability, roster, settled history and arena verdict
  ---
  duration_ms: 1.260291
  type: 'test'
  ...
# Subtest: R90 incomplete snapshots stop after eight retries with a visible refresh exit
ok 729 - R90 incomplete snapshots stop after eight retries with a visible refresh exit
  ---
  duration_ms: 1.1595
  type: 'test'
  ...
# Subtest: R90 inactive tabs and repeated in-game SSE do not reload the roster; phase transitions do
ok 730 - R90 inactive tabs and repeated in-game SSE do not reload the roster; phase transitions do
  ---
  duration_ms: 0.629083
  type: 'test'
  ...
# Subtest: R90 stopped UI has an operable manual refresh and foreground wake checks phase
ok 731 - R90 stopped UI has an operable manual refresh and foreground wake checks phase
  ---
  duration_ms: 0.846666
  type: 'test'
  ...
# Subtest: R90 actual loader bypasses cache for manual refresh; R91 supersedes the former manual queue
ok 732 - R90 actual loader bypasses cache for manual refresh; R91 supersedes the former manual queue
  ---
  duration_ms: 3.36075
  type: 'test'
  ...
# Subtest: R178 pending positions retry at ten seconds at most six times, including reconnect
ok 733 - R178 pending positions retry at ten seconds at most six times, including reconnect
  ---
  duration_ms: 0.581416
  type: 'test'
  ...
# Subtest: R178 ready positions restore silence, game/phase/generation changes cancel old jobs
ok 734 - R178 ready positions restore silence, game/phase/generation changes cancel old jobs
  ---
  duration_ms: 4.884709
  type: 'test'
  ...
# Subtest: R91 addendum first partial 429 stays silent and retries after Retry-After
ok 735 - R91 addendum first partial 429 stays silent and retries after Retry-After
  ---
  duration_ms: 125.2515
  type: 'test'
  ...
# Subtest: R91 addendum first partial 500 remains visible
ok 736 - R91 addendum first partial 500 remains visible
  ---
  duration_ms: 24.569917
  type: 'test'
  ...
# Subtest: R91 addendum first partial 503 remains visible
ok 737 - R91 addendum first partial 503 remains visible
  ---
  duration_ms: 20.725458
  type: 'test'
  ...
# Subtest: R91 addendum append 429 stays silent and retries after Retry-After
ok 738 - R91 addendum append 429 stays silent and retries after Retry-After
  ---
  duration_ms: 31.890375
  type: 'test'
  ...
# Subtest: R91 addendum append 500 remains visible
ok 739 - R91 addendum append 500 remains visible
  ---
  duration_ms: 22.025041
  type: 'test'
  ...
# Subtest: R91 addendum append 503 remains visible
ok 740 - R91 addendum append 503 remains visible
  ---
  duration_ms: 7.852375
  type: 'test'
  ...
# Subtest: R91 addendum header-only 429 and JSON fallback parse while 503 stays HTTP
ok 741 - R91 addendum header-only 429 and JSON fallback parse while 503 stays HTTP
  ---
  duration_ms: 7.585958
  type: 'test'
  ...
# Subtest: R91 addendum stream displays five before completion with exactly one count-10 cold request
ok 742 - R91 addendum stream displays five before completion with exactly one count-10 cold request
  ---
  duration_ms: 15.268375
  type: 'test'
  ...
# Subtest: R91 addendum streaming append preserves cursor until completion without stalling
ok 743 - R91 addendum streaming append preserves cursor until completion without stalling
  ---
  duration_ms: 12.192167
  type: 'test'
  ...
# Subtest: R91 addendum stream quota after partial data is silent; a truncated stream is visible
ok 744 - R91 addendum stream quota after partial data is silent; a truncated stream is visible
  ---
  duration_ms: 31.921292
  type: 'test'
  ...
# Subtest: R91 addendum closed, replaced, reset and changed-filter retries cannot issue stale reads
ok 745 - R91 addendum closed, replaced, reset and changed-filter retries cannot issue stale reads
  ---
  duration_ms: 74.237625
  type: 'test'
  ...
# Subtest: R91 addendum existing history remains readable during polling; new history still skeletons; arena hides rank
ok 746 - R91 addendum existing history remains readable during polling; new history still skeletons; arena hides rank
  ---
  duration_ms: 6.538667
  type: 'test'
  ...
# Subtest: R91 addendum facade defaults and missing rank fields agree with controls
ok 747 - R91 addendum facade defaults and missing rank fields agree with controls
  ---
  duration_ms: 1.492708
  type: 'test'
  ...
# Subtest: R91 addendum unchanged polling preserves roster DOM nodes
ok 748 - R91 addendum unchanged polling preserves roster DOM nodes
  ---
  duration_ms: 15.559583
  type: 'test'
  ...
# Subtest: R91 addendum Loading and early incomplete arena poll every five seconds then converge
ok 749 - R91 addendum Loading and early incomplete arena poll every five seconds then converge
  ---
  duration_ms: 2.124584
  type: 'test'
  ...
# Subtest: R91 new game removes old recommendations and summary before the deferred response
ok 750 - R91 new game removes old recommendations and summary before the deferred response
  ---
  duration_ms: 271.81375
  type: 'test'
  ...
# Subtest: R91 same game refresh and active phase progression preserve the current content
ok 751 - R91 same game refresh and active phase progression preserve the current content
  ---
  duration_ms: 115.642083
  type: 'test'
  ...
# Subtest: R91 repeated manual refresh immediately aborts and replaces only the live request with visible feedback
ok 752 - R91 repeated manual refresh immediately aborts and replaces only the live request with visible feedback
  ---
  duration_ms: 41.105833
  type: 'test'
  ...
# Subtest: R91 boundary cancels the old request and its late settlement cannot own the new state
ok 753 - R91 boundary cancels the old request and its late settlement cannot own the new state
  ---
  duration_ms: 80.162791
  type: 'test'
  ...
# Subtest: R91 failed, timed out and cancelled new-game requests have an explicit working retry
ok 754 - R91 failed, timed out and cancelled new-game requests have an explicit working retry
  ---
  duration_ms: 74.131459
  type: 'test'
  ...
# Subtest: R91 empty new-game snapshots stay explicit and bounded instead of showing an empty recommendation panel
ok 755 - R91 empty new-game snapshots stay explicit and bounded instead of showing an empty recommendation panel
  ---
  duration_ms: 15.358541
  type: 'test'
  ...
# Subtest: R91 soft reset invalidates the aborted loader before a replacement starts
ok 756 - R91 soft reset invalidates the aborted loader before a replacement starts
  ---
  duration_ms: 27.329167
  type: 'test'
  ...
# Subtest: R91 direct loader detects a boundary already observed by the beacon
ok 757 - R91 direct loader detects a boundary already observed by the beacon
  ---
  duration_ms: 18.653208
  type: 'test'
  ...
# Subtest: R91 hidden phase transitions invalidate immediately and preload before foregrounding
ok 758 - R91 hidden phase transitions invalidate immediately and preload before foregrounding
  ---
  duration_ms: 48.237
  type: 'test'
  ...
# Subtest: R91 event-stream disconnection cancels stale work and offers recovery
ok 759 - R91 event-stream disconnection cancels stale work and offers recovery
  ---
  duration_ms: 21.806666
  type: 'test'
  ...
# Subtest: R91 lagging inactive responses cannot erase a new-game signal; leaving the game settles the transition
ok 760 - R91 lagging inactive responses cannot erase a new-game signal; leaving the game settles the transition
  ---
  duration_ms: 23.276334
  type: 'test'
  ...
# Subtest: R91 an empty available roster stays pending; unsupported mode and known gameId changes settle safely
ok 761 - R91 an empty available roster stays pending; unsupported mode and known gameId changes settle safely
  ---
  duration_ms: 20.901375
  type: 'test'
  ...
# Subtest: R91 cancellation without a replacement cannot leave the first load blank
ok 762 - R91 cancellation without a replacement cannot leave the first load blank
  ---
  duration_ms: 17.119458
  type: 'test'
  ...
# Subtest: R94 same-phase live responses with changed gameId invoke the transition before replacement
ok 763 - R94 same-phase live responses with changed gameId invoke the transition before replacement
  ---
  duration_ms: 177.396459
  type: 'test'
  ...
# Subtest: R94 unchanged phase and gameId preserve content and recommendation generation
ok 764 - R94 unchanged phase and gameId preserve content and recommendation generation
  ---
  duration_ms: 29.132291
  type: 'test'
  ...
# Subtest: R94 identity polling catches a game jump even when all intermediate phases were missed
ok 765 - R94 identity polling catches a game jump even when all intermediate phases were missed
  ---
  duration_ms: 49.309709
  type: 'test'
  ...
# Subtest: R94 SSE game identity aborts a pending old game; stale replacement data cannot undo it
ok 766 - R94 SSE game identity aborts a pending old game; stale replacement data cannot undo it
  ---
  duration_ms: 31.327625
  type: 'test'
  ...
# Subtest: R94 unknown IDs do not clear a known game and diagnostics distinguish first observations
ok 767 - R94 unknown IDs do not clear a known game and diagnostics distinguish first observations
  ---
  duration_ms: 19.436791
  type: 'test'
  ...
# Subtest: R94 same-game phase advance labels the retained snapshot and rejects a late selection response
ok 768 - R94 same-game phase advance labels the retained snapshot and rejects a late selection response
  ---
  duration_ms: 27.993125
  type: 'test'
  ...
# Subtest: R94 a delayed poll cannot reverse a newer SSE identity or phase
ok 769 - R94 a delayed poll cannot reverse a newer SSE identity or phase
  ---
  duration_ms: 56.708875
  type: 'test'
  ...
# Subtest: R94 a changed identity in a new selection snapshot is not mistaken for a late same-game response
ok 770 - R94 a changed identity in a new selection snapshot is not mistaken for a late same-game response
  ---
  duration_ms: 33.900208
  type: 'test'
  ...
# Subtest: R94 SSE decoder retains legacy phase events and game identity payloads
ok 771 - R94 SSE decoder retains legacy phase events and game identity payloads
  ---
  duration_ms: 1.593708
  type: 'test'
  ...
# Subtest: R94 diagnostics preserve every repeated phase and identity comparison in bounded batches
ok 772 - R94 diagnostics preserve every repeated phase and identity comparison in bounded batches
  ---
  duration_ms: 2.962209
  type: 'test'
  ...
# Subtest: R94 diagnostics use one request during a stall and expose queue overflow while retaining transitions
ok 773 - R94 diagnostics use one request during a stall and expose queue overflow while retaining transitions
  ---
  duration_ms: 4.96325
  type: 'test'
  ...
# Subtest: R94 largest diagnostic batch fits backend limit and strips unrelated data; export sends queued observations
ok 774 - R94 largest diagnostic batch fits backend limit and strips unrelated data; export sends queued observations
  ---
  duration_ms: 2.107042
  type: 'test'
  ...
# Subtest: R94 hidden same-phase SSE identity jump resumes one forced refresh when visible
ok 775 - R94 hidden same-phase SSE identity jump resumes one forced refresh when visible
  ---
  duration_ms: 21.009875
  type: 'test'
  ...
# Subtest: R94 failed diagnostic batches release their slot without retries and recover on the next batch
ok 776 - R94 failed diagnostic batches release their slot without retries and recover on the next batch
  ---
  duration_ms: 8.724083
  type: 'test'
  ...
# Subtest: R95 P1 progress preserves career, append=true, noise=null
ok 777 - R95 P1 progress preserves career, append=true, noise=null
  ---
  duration_ms: 130.434292
  type: 'test'
  ...
# Subtest: R95 P1 progress preserves career, append=true, noise=[]
ok 778 - R95 P1 progress preserves career, append=true, noise=[]
  ---
  duration_ms: 44.5275
  type: 'test'
  ...
# Subtest: R95 P1 progress preserves career, append=true, noise=undefined
ok 779 - R95 P1 progress preserves career, append=true, noise=undefined
  ---
  duration_ms: 16.366125
  type: 'test'
  ...
# Subtest: R95 P1 progress preserves career, append=false, noise=null
ok 780 - R95 P1 progress preserves career, append=false, noise=null
  ---
  duration_ms: 26.3985
  type: 'test'
  ...
# Subtest: R95 P1 progress preserves career, append=false, noise=[]
ok 781 - R95 P1 progress preserves career, append=false, noise=[]
  ---
  duration_ms: 25.306584
  type: 'test'
  ...
# Subtest: R95 P1 progress preserves career, append=false, noise=undefined
ok 782 - R95 P1 progress preserves career, append=false, noise=undefined
  ---
  duration_ms: 32.890375
  type: 'test'
  ...
# Subtest: R95 P1 first five and complete explicit empty arrays are authoritative
ok 783 - R95 P1 first five and complete explicit empty arrays are authoritative
  ---
  duration_ms: 47.000875
  type: 'test'
  ...
# Subtest: R95 P2 slow interval/false loading eligibility
ok 784 - R95 P2 slow interval/false loading eligibility
  ---
  duration_ms: 53.051417
  type: 'test'
  ...
# Subtest: R95 P2 slow sse/false loading eligibility
ok 785 - R95 P2 slow sse/false loading eligibility
  ---
  duration_ms: 30.611292
  type: 'test'
  ...
# Subtest: R95 P2 slow event/false loading eligibility
ok 786 - R95 P2 slow event/false loading eligibility
  ---
  duration_ms: 36.590625
  type: 'test'
  ...
# Subtest: R95 P2 slow manual/true loading eligibility
ok 787 - R95 P2 slow manual/true loading eligibility
  ---
  duration_ms: 25.990541
  type: 'test'
  ...
# Subtest: R95 P2 slow direct/true loading eligibility
ok 788 - R95 P2 slow direct/true loading eligibility
  ---
  duration_ms: 11.139541
  type: 'test'
  ...
# Subtest: R95 P2 slow manual/false loading eligibility
ok 789 - R95 P2 slow manual/false loading eligibility
  ---
  duration_ms: 25.833958
  type: 'test'
  ...
# Subtest: R95 P2 fast 10ms manual response never shows status, including zero-delay timers
ok 790 - R95 P2 fast 10ms manual response never shows status, including zero-delay timers
  ---
  duration_ms: 35.338875
  type: 'test'
  ...
# Subtest: R95 P3 / R101 both sides keep lock wait visible with strategy-dependent editing
ok 791 - R95 P3 / R101 both sides keep lock wait visible with strategy-dependent editing
  ---
  duration_ms: 73.685833
  type: 'test'
  ...
# Subtest: R95 P4 badge respects mask, secondary and professional click context
ok 792 - R95 P4 badge respects mask, secondary and professional click context
  ---
  duration_ms: 39.445125
  type: 'test'
  ...
# Subtest: R95 P5 exact Chinese titles, unknown fallback, relative time and champselect fired count
ok 793 - R95 P5 exact Chinese titles, unknown fallback, relative time and champselect fired count
  ---
  duration_ms: 1.931375
  type: 'test'
  ...
# Subtest: R95 P3 typed lock wait targets its own side
ok 794 - R95 P3 typed lock wait targets its own side
  ---
  duration_ms: 41.7375
  type: 'test'
  ...
# Subtest: R95 P4 match player clicks enter professional context even without directory source
ok 795 - R95 P4 match player clicks enter professional context even without directory source
  ---
  duration_ms: 16.708709
  type: 'test'
  ...
# Subtest: 青年瑞兹与海克斯科技安妮在奖池中归入限定
ok 796 - 青年瑞兹与海克斯科技安妮在奖池中归入限定
  ---
  duration_ms: 0.858875
  type: 'test'
  ...
# Subtest: 奖池限定排在传说之前，其余按奖池品质顺序比较
ok 797 - 奖池限定排在传说之前，其余按奖池品质顺序比较
  ---
  duration_ms: 0.140167
  type: 'test'
  ...
# Subtest: 自动主题严格按本地时间在 06:00 和 18:00 切换
ok 798 - 自动主题严格按本地时间在 06:00 和 18:00 切换
  ---
  duration_ms: 5.395584
  type: 'test'
  ...
# Subtest: 品质与数量排序默认从高到低
ok 799 - 品质与数量排序默认从高到低
  ---
  duration_ms: 0.403
  type: 'test'
  ...
# Subtest: 普通炫彩始终平铺且不再提示悬停展开
ok 800 - 普通炫彩始终平铺且不再提示悬停展开
  ---
  duration_ms: 0.755834
  type: 'test'
  ...
# Subtest: 炫彩横栏保留页面纵向滚动，仅在 Shift 滚轮时横移
ok 801 - 炫彩横栏保留页面纵向滚动，仅在 Shift 滚轮时横移
  ---
  duration_ms: 0.464458
  type: 'test'
  ...
# Subtest: 炫彩横栏包含臻彩并只显示去掉所属皮肤后的短名称
ok 802 - 炫彩横栏包含臻彩并只显示去掉所属皮肤后的短名称
  ---
  duration_ms: 0.372708
  type: 'test'
  ...
# Subtest: 臻彩详情可在普通炫彩图与独立原画之间切换
ok 803 - 臻彩详情可在普通炫彩图与独立原画之间切换
  ---
  duration_ms: 0.326333
  type: 'test'
  ...
# Subtest: 卡片等待图片时显示加载中，失败后才显示暂无预览
ok 804 - 卡片等待图片时显示加载中，失败后才显示暂无预览
  ---
  duration_ms: 0.2895
  type: 'test'
  ...
# Subtest: 详情与炫彩导航共用全局图标尺寸令牌
ok 805 - 详情与炫彩导航共用全局图标尺寸令牌
  ---
  duration_ms: 2.826417
  type: 'test'
  ...
# Subtest: 奖池不再使用三合一优先层级并在切换拥有状态时重置品质
ok 806 - 奖池不再使用三合一优先层级并在切换拥有状态时重置品质
  ---
  duration_ms: 1.300916
  type: 'test'
  ...
# Subtest: 主滚动区域从顶部栏下方开始且不显示滚动条箭头
ok 807 - 主滚动区域从顶部栏下方开始且不显示滚动条箭头
  ---
  duration_ms: 1.164083
  type: 'test'
  ...
# Subtest: 收藏临时筛选会恢复默认值，奖池详情按实际展示顺序导航
ok 808 - 收藏临时筛选会恢复默认值，奖池详情按实际展示顺序导航
  ---
  duration_ms: 0.274542
  type: 'test'
  ...
# Subtest: 皮肤详情只在英雄分组时按英雄切换，其余视图按当前展示顺序
ok 809 - 皮肤详情只在英雄分组时按英雄切换，其余视图按当前展示顺序
  ---
  duration_ms: 0.19925
  type: 'test'
  ...
# Subtest: 最小窗口使用应用内排序菜单并在工具栏内换行
ok 810 - 最小窗口使用应用内排序菜单并在工具栏内换行
  ---
  duration_ms: 1.119792
  type: 'test'
  ...
# Subtest: 炫彩显隐不再扫描整棵 DOM 或触发布局测量
ok 811 - 炫彩显隐不再扫描整棵 DOM 或触发布局测量
  ---
  duration_ms: 1.037042
  type: 'test'
  ...
# Subtest: 大量炫彩的显隐统计保持线性且远低于一帧交互预算
ok 812 - 大量炫彩的显隐统计保持线性且远低于一帧交互预算
  ---
  duration_ms: 11.319083
  type: 'test'
  ...
# Subtest: 卡片资源采用可视区延迟加载且远程臻彩受独立并发限制
ok 813 - 卡片资源采用可视区延迟加载且远程臻彩受独立并发限制
  ---
  duration_ms: 0.370666
  type: 'test'
  ...
# Subtest: diagnostic timeouts stop after one retry and remain visible to export
ok 814 - diagnostic timeouts stop after one retry and remain visible to export
  ---
  duration_ms: 7.617667
  type: 'test'
  ...
# Subtest: export flush records latest delivery counters even when no later game event arrives
ok 815 - export flush records latest delivery counters even when no later game event arrives
  ---
  duration_ms: 4.371625
  type: 'test'
  ...
# Subtest: diagnostic delivery observes HTTP failure, retries once and reports recovery counters
ok 816 - diagnostic delivery observes HTTP failure, retries once and reports recovery counters
  ---
  duration_ms: 1.984042
  type: 'test'
  ...
# Subtest: failed transport does not poison duplicate suppression and strips new arbitrary text
ok 817 - failed transport does not poison duplicate suppression and strips new arbitrary text
  ---
  duration_ms: 2.782458
  type: 'test'
  ...
# Subtest: diagnostic in-flight limit is bounded and exposes dropped events
ok 818 - diagnostic in-flight limit is bounded and exposes dropped events
  ---
  duration_ms: 4.787833
  type: 'test'
  ...
# Subtest: flow diagnostics whitelist fields, deduplicate repeats and tolerate offline transport
ok 819 - flow diagnostics whitelist fields, deduplicate repeats and tolerate offline transport
  ---
  duration_ms: 1.952167
  type: 'test'
  ...
# Subtest: R70 response cache is access-ordered and bounded over 100000 inserts
ok 820 - R70 response cache is access-ordered and bounded over 100000 inserts
  ---
  duration_ms: 66.824041
  type: 'test'
  ...
# Subtest: current game diagnostics retain KR fields but drop retired CN source and failure fields
ok 821 - current game diagnostics retain KR fields but drop retired CN source and failure fields
  ---
  duration_ms: 0.7715
  type: 'test'
  ...
# Subtest: R70 cache reads never extend freshness; idle expiry is pruned on access
ok 822 - R70 cache reads never extend freshness; idle expiry is pruned on access
  ---
  duration_ms: 0.865875
  type: 'test'
  ...
# Subtest: R70 cache timer disposal runs once on eviction, not on same-object update
ok 823 - R70 cache timer disposal runs once on eviction, not on same-object update
  ---
  duration_ms: 1.168958
  type: 'test'
  ...
# Subtest: shared escapeHTML is document-free and escapes all HTML delimiters
ok 824 - shared escapeHTML is document-free and escapes all HTML delimiters
  ---
  duration_ms: 2.188458
  type: 'test'
  ...
# Subtest: business modules do not retain local escapeHTML implementations
ok 825 - business modules do not retain local escapeHTML implementations
  ---
  duration_ms: 6.328083
  type: 'test'
  ...
# Subtest: R168 gameflow invalidates champ select while away and returning fetches current runtime
ok 826 - R168 gameflow invalidates champ select while away and returning fetches current runtime
  ---
  duration_ms: 4.310709
  type: 'test'
  ...
# Subtest: R168 active champ select refreshes once for one gameflow change
ok 827 - R168 active champ select refreshes once for one gameflow change
  ---
  duration_ms: 8.62075
  type: 'test'
  ...
# Subtest: career manual reread resets stale preview even when server payload is unchanged
ok 828 - career manual reread resets stale preview even when server payload is unchanged
  ---
  duration_ms: 1.305208
  type: 'test'
  ...
# Subtest: global reread joins the active career refresh and does not refresh hidden tools
ok 829 - global reread joins the active career refresh and does not refresh hidden tools
  ---
  duration_ms: 0.301041
  type: 'test'
  ...
# Subtest: career SSE updates a clean background while preserving edited chat fields
ok 830 - career SSE updates a clean background while preserving edited chat fields
  ---
  duration_ms: 0.888917
  type: 'test'
  ...
# Subtest: career filtering never silently selects another background
ok 831 - career filtering never silently selects another background
  ---
  duration_ms: 0.36275
  type: 'test'
  ...
# Subtest: career apply invalidates an older GET and reports unconfirmed writes honestly
ok 832 - career apply invalidates an older GET and reports unconfirmed writes honestly
  ---
  duration_ms: 1.176625
  type: 'test'
  ...
# Subtest: career missing catalog never substitutes another champion and new undated MF skin stays first
ok 833 - career missing catalog never substitutes another champion and new undated MF skin stays first
  ---
  duration_ms: 43.026208
  type: 'test'
  ...
# Subtest: 1405 rail drag swaps exactly two champions and persists the active pool
ok 834 - 1405 rail drag swaps exactly two champions and persists the active pool
  ---
  duration_ms: 816.068875
  type: 'test'
  ...
# Subtest: 1405 invalid, canceled and stale rail drags never change or save settings
ok 835 - 1405 invalid, canceled and stale rail drags never change or save settings
  ---
  duration_ms: 268.44025
  type: 'test'
  ...
# Subtest: 1405 time unit is inside the field and immutable while seconds remain editable
ok 836 - 1405 time unit is inside the field and immutable while seconds remain editable
  ---
  duration_ms: 31.322167
  type: 'test'
  ...
# Subtest: manual takeover stays visible beneath the relinquished champion
ok 837 - manual takeover stays visible beneath the relinquished champion
  ---
  duration_ms: 42.5245
  type: 'test'
  ...
# Subtest: pick show-then-lock edits a separate default ten-second lock wait
ok 838 - pick show-then-lock edits a separate default ten-second lock wait
  ---
  duration_ms: 82.070041
  type: 'test'
  ...
# Subtest: 1505 timeline resolves champion names without changing delays, attempts or diagnostic IDs
ok 839 - 1505 timeline resolves champion names without changing delays, attempts or diagnostic IDs
  ---
  duration_ms: 1.228
  type: 'test'
  ...
# Subtest: R200 card timeline uses the existing champion token formatter
ok 840 - R200 card timeline uses the existing champion token formatter
  ---
  duration_ms: 8.93925
  type: 'test'
  ...
# Subtest: 1505 timeline escapes catalog names and preserves reverse chronological order
ok 841 - 1505 timeline escapes catalog names and preserves reverse chronological order
  ---
  duration_ms: 0.628083
  type: 'test'
  ...
# Subtest: 1129 ranked ban has five shared slots while picks keep lane-specific pools
ok 842 - 1129 ranked ban has five shared slots while picks keep lane-specific pools
  ---
  duration_ms: 28.69
  type: 'test'
  ...
# Subtest: 1129 ban dialog saves and clears only shared pool without dropping migration backup
ok 843 - 1129 ban dialog saves and clears only shared pool without dropping migration backup
  ---
  duration_ms: 15.029
  type: 'test'
  ...
# Subtest: 0911 preselection follows auto-pick without an extra toggle and distinguishes planning
ok 844 - 0911 preselection follows auto-pick without an extra toggle and distinguishes planning
  ---
  duration_ms: 0.661041
  type: 'test'
  ...
# Subtest: 2351 custom pause retains enabled highlighting and never reports master off
ok 845 - 2351 custom pause retains enabled highlighting and never reports master off
  ---
  duration_ms: 0.362209
  type: 'test'
  ...
# Subtest: 2351 teammate picks and empty client ban list have distinct explanations
ok 846 - 2351 teammate picks and empty client ban list have distinct explanations
  ---
  duration_ms: 0.129916
  type: 'test'
  ...
# Subtest: 1412 settings saves serialize and stale GET never undoes a ban toggle
ok 847 - 1412 settings saves serialize and stale GET never undoes a ban toggle
  ---
  duration_ms: 0.958584
  type: 'test'
  ...
# Subtest: 1412 enabled master keeps cards bright without hover
ok 848 - 1412 enabled master keeps cards bright without hover
  ---
  duration_ms: 0.281041
  type: 'test'
  ...
# Subtest: 2143 capabilities only show supported highlighted tags and avoidance is unified
ok 849 - 2143 capabilities only show supported highlighted tags and avoidance is unified
  ---
  duration_ms: 0.435792
  type: 'test'
  ...
# Subtest: R74 missing skin catalog preserves the actual background ID, not an unset claim
ok 850 - R74 missing skin catalog preserves the actual background ID, not an unset claim
  ---
  duration_ms: 0.207625
  type: 'test'
  ...
# Subtest: R74 missing career catalog renders a retry state across the grid
ok 851 - R74 missing career catalog renders a retry state across the grid
  ---
  duration_ms: 0.174417
  type: 'test'
  ...
# Subtest: R74 successful career mutations render their response, including a missing catalog
ok 852 - R74 successful career mutations render their response, including a missing catalog
  ---
  duration_ms: 0.551083
  type: 'test'
  ...
# Subtest: fixed play-again delay shows only the wait time without a progress meter
ok 853 - fixed play-again delay shows only the wait time without a progress meter
  ---
  duration_ms: 0.300167
  type: 'test'
  ...
# Subtest: R68 matchmaking conflict note appears only when both rules are enabled
ok 854 - R68 matchmaking conflict note appears only when both rules are enabled
  ---
  duration_ms: 0.087792
  type: 'test'
  ...
# Subtest: claim scan artifacts and failures stay out of the default reward list
ok 855 - claim scan artifacts and failures stay out of the default reward list
  ---
  duration_ms: 0.744792
  type: 'test'
  ...
# Subtest: independent grants stay independent even when their item type and display group match
ok 856 - independent grants stay independent even when their item type and display group match
  ---
  duration_ms: 0.431667
  type: 'test'
  ...
# Subtest: R68 canceled watch event clears the armed countdown state
ok 857 - R68 canceled watch event clears the armed countdown state
  ---
  duration_ms: 0.286334
  type: 'test'
  ...
# Subtest: R68 suite mutation probes execute the real helper logic
ok 858 - R68 suite mutation probes execute the real helper logic
  ---
  duration_ms: 2.796833
  type: 'test'
  ...
# Subtest: R69 facade load diagnostics distinguish poll, SSE, and manual retries
ok 859 - R69 facade load diagnostics distinguish poll, SSE, and manual retries
  ---
  duration_ms: 0.181209
  type: 'test'
  ...
# Subtest: career skins retain dates and quest tiers without sinking new undated skins
ok 860 - career skins retain dates and quest tiers without sinking new undated skins
  ---
  duration_ms: 0.325959
  type: 'test'
  ...
# Subtest: Ashe verified 2026 release precedes Spirit Blossom and base skin
ok 861 - Ashe verified 2026 release precedes Spirit Blossom and base skin
  ---
  duration_ms: 0.534208
  type: 'test'
  ...
# Subtest: suite champselect tab after maintenance activates the real panel
ok 862 - suite champselect tab after maintenance activates the real panel
  ---
  duration_ms: 0.256834
  type: 'test'
  ...
# Subtest: R78 conveyor renders one fixed ghost slot when four of five are configured
ok 863 - R78 conveyor renders one fixed ghost slot when four of five are configured
  ---
  duration_ms: 0.445042
  type: 'test'
  ...
# Subtest: R78 watch persistence includes champSelect without dropping existing settings
ok 864 - R78 watch persistence includes champSelect without dropping existing settings
  ---
  duration_ms: 0.105333
  type: 'test'
  ...
# Subtest: R78 UI keeps CSP-safe markup and container responsiveness
ok 865 - R78 UI keeps CSP-safe markup and container responsiveness
  ---
  duration_ms: 0.283042
  type: 'test'
  ...
# Subtest: R78 exchange checkbox is independent from bench controls in every mode
ok 866 - R78 exchange checkbox is independent from bench controls in every mode
  ---
  duration_ms: 119.201708
  type: 'test'
  ...
# Subtest: R78 exchange control regression probe rejects the old bench capability gate
ok 867 - R78 exchange control regression probe rejects the old bench capability gate
  ---
  duration_ms: 15.108833
  type: 'test'
  ...
# Subtest: R78 ranked pick renders an editable sixth unassigned-position pool
ok 868 - R78 ranked pick renders an editable sixth unassigned-position pool
  ---
  duration_ms: 20.763125
  type: 'test'
  ...
# Subtest: R117 facade write reentry is reported instead of silently dropped
ok 869 - R117 facade write reentry is reported instead of silently dropped
  ---
  duration_ms: 0.886792
  type: 'test'
  ...
# Subtest: real app bootstrap registers every updater element and renders every state
ok 870 - real app bootstrap registers every updater element and renders every state
  ---
  duration_ms: 627.52
  type: 'test'
  ...
# Subtest: existing SSE drives progress and persists it across close/reopen without polling
ok 871 - existing SSE drives progress and persists it across close/reopen without polling
  ---
  duration_ms: 299.76225
  type: 'test'
  ...
# Subtest: portable, minimum supported, offline, game warning and no-update behavior
ok 872 - portable, minimum supported, offline, game warning and no-update behavior
  ---
  duration_ms: 244.691291
  type: 'test'
  ...
# Subtest: notes allow only escaped whitelist Markdown
ok 873 - notes allow only escaped whitelist Markdown
  ---
  duration_ms: 162.736125
  type: 'test'
  ...
# Subtest: all updater registry ids are killed by the real renderer
ok 874 - all updater registry ids are killed by the real renderer
  ---
  duration_ms: 6736.66775
  type: 'test'
  ...
# Subtest: escaping, https whitelist and unsupported-button mutants fail the same checks
ok 875 - escaping, https whitelist and unsupported-button mutants fail the same checks
  ---
  duration_ms: 1195.26375
  type: 'test'
  ...
# Subtest: manual update check posts through api and opens the existing notification dialog
ok 876 - manual update check posts through api and opens the existing notification dialog
  ---
  duration_ms: 1061.0575
  type: 'test'
  ...
# Subtest: manual check waits beyond the HTTP acknowledgement for SSE completion
ok 877 - manual check waits beyond the HTTP acknowledgement for SSE completion
  ---
  duration_ms: 432.244083
  type: 'test'
  ...
# Subtest: late checking acknowledgement cannot overwrite an earlier SSE result
ok 878 - late checking acknowledgement cannot overwrite an earlier SSE result
  ---
  duration_ms: 176.512375
  type: 'test'
  ...
# Subtest: no-update feedback expires and a new check clears the previous timer
ok 879 - no-update feedback expires and a new check clears the previous timer
  ---
  duration_ms: 113.545417
  type: 'test'
  ...
# Subtest: HTTP, network and asynchronous check failures show errors instead of latest-version success
ok 880 - HTTP, network and asynchronous check failures show errors instead of latest-version success
  ---
  duration_ms: 599.525
  type: 'test'
  ...
# Subtest: unsupported, updater busy and manual in-flight checks cannot issue duplicate requests
ok 881 - unsupported, updater busy and manual in-flight checks cannot issue duplicate requests
  ---
  duration_ms: 113.632625
  type: 'test'
  ...
# Subtest: manual-check request, shared-dialog, support and busy mutations are all detected
ok 882 - manual-check request, shared-dialog, support and busy mutations are all detected
  ---
  duration_ms: 739.728666
  type: 'test'
  ...
# Subtest: confirmed child close traverses main IPC + preload + renderer, offers a real app restart
ok 883 - confirmed child close traverses main IPC + preload + renderer, offers a real app restart
  ---
  duration_ms: 226.42575
  type: 'test'
  ...
# Subtest: process exit before renderer subscription is recovered from retained snapshot
ok 884 - process exit before renderer subscription is recovered from retained snapshot
  ---
  duration_ms: 33.56975
  type: 'test'
  ...
# Subtest: late successful status and old running snapshot cannot erase a confirmed exit
ok 885 - late successful status and old running snapshot cannot erase a confirmed exit
  ---
  duration_ms: 23.257542
  type: 'test'
  ...
# Subtest: unknown, absent or rejected bridge and repeated HTTP errors never prove death
ok 886 - unknown, absent or rejected bridge and repeated HTTP errors never prove death
  ---
  duration_ms: 53.225333
  type: 'test'
  ...
# Subtest: lifecycle bridge cleans listeners and ignores async results after disposal
ok 887 - lifecycle bridge cleans listeners and ignores async results after disposal
  ---
  duration_ms: 20.291
  type: 'test'
  ...
# Subtest: graceful update/user shutdown does not publish fatal; foreign renderers cannot query or restart
ok 888 - graceful update/user shutdown does not publish fatal; foreign renderers cannot query or restart
  ---
  duration_ms: 7.14575
  type: 'test'
  ...
# Subtest: renderer bootstrap actually installs lifecycle subscription
ok 889 - renderer bootstrap actually installs lifecycle subscription
  ---
  duration_ms: 0.679375
  type: 'test'
  ...
# Subtest: restart IPC failure tells the user to reopen manually instead of reloading a dead service
ok 890 - restart IPC failure tells the user to reopen manually instead of reloading a dead service
  ---
  duration_ms: 23.606792
  type: 'test'
  ...
# Subtest: R201 installer ready hides every window before flushed shutdown quits
ok 891 - R201 installer ready hides every window before flushed shutdown quits
  ---
  duration_ms: 2.309375
  type: 'test'
  ...
# Subtest: built backend must contain the exact source fingerprint
ok 892 - built backend must contain the exact source fingerprint
  ---
  duration_ms: 2.042041
  type: 'test'
  ...
# Subtest: R70 fingerprint tracks embedded assets/build inputs but excludes tests and generated binaries
ok 893 - R70 fingerprint tracks embedded assets/build inputs but excludes tests and generated binaries
  ---
  duration_ms: 1360.892292
  type: 'test'
  ...
# Subtest: R86 ADD2 fingerprint fixture prunes large caches without changing the fingerprint
ok 894 - R86 ADD2 fingerprint fixture prunes large caches without changing the fingerprint
  ---
  duration_ms: 1348.25625
  type: 'test'
  ...
# {"unfiltered":{"milliseconds":311.7331670000003,"files":989,"bytes":20285872},"filtered":{"milliseconds":225.10287500000004,"files":471,"bytes":20148656},"fingerprint":"9971aada74dc"}
# Subtest: R86 desktop logs stay within five two-MiB generations and export only reviewed fields
ok 895 - R86 desktop logs stay within five two-MiB generations and export only reviewed fields
  ---
  duration_ms: 959.889667
  type: 'test'
  ...
# Subtest: R86 desktop rotation rejects untrusted archive paths without deleting evidence
ok 896 - R86 desktop rotation rejects untrusted archive paths without deleting evidence
  ---
  duration_ms: 2.582958
  type: 'test'
  ...
# Subtest: R86 desktop log byte guard rejects an independent unbounded append path
ok 897 - R86 desktop log byte guard rejects an independent unbounded append path
  ---
  duration_ms: 25.109667
  type: 'test'
  ...
# Subtest: one event card preserves separate choice owners, partial selection, failures and POST keys
ok 898 - one event card preserves separate choice owners, partial selection, failures and POST keys
  ---
  duration_ms: 333.9645
  type: 'test'
  ...
# Subtest: offline national group remains reachable from a pro tab
ok 899 - offline national group remains reachable from a pro tab
  ---
  duration_ms: 2.120042
  type: 'test'
  ...
# Subtest: ordinary and centered artwork use different face coordinates, including load failure
ok 900 - ordinary and centered artwork use different face coordinates, including load failure
  ---
  duration_ms: 144.250791
  type: 'test'
  ...
# Subtest: unknown reward quantities are not manufactured as one
ok 901 - unknown reward quantities are not manufactured as one
  ---
  duration_ms: 0.890334
  type: 'test'
  ...
# Subtest: 2024 real mode buttons isolate champion and search memories across all modes and reload
ok 902 - 2024 real mode buttons isolate champion and search memories across all modes and reload
  ---
  duration_ms: 172.177875
  type: 'test'
  ...
# Subtest: 2024 legacy memory migrates only to its saved mode, once
ok 903 - 2024 legacy memory migrates only to its saved mode, once
  ---
  duration_ms: 13.9435
  type: 'test'
  ...
# Subtest: 2024 fast ranked filters supersede requests without stuck loading or cross-mode writes
ok 904 - 2024 fast ranked filters supersede requests without stuck loading or cross-mode writes
  ---
  duration_ms: 21.347166
  type: 'test'
  ...
# Subtest: 2024 neutral glyph coloring preserves alpha and never recolors colored/opaque/unknown art
ok 905 - 2024 neutral glyph coloring preserves alpha and never recolors colored/opaque/unknown art
  ---
  duration_ms: 26.587
  type: 'test'
  ...
# Subtest: 2024 rarity UI says selection distribution, retains all stages, hides failed empty data
ok 906 - 2024 rarity UI says selection distribution, retains all stages, hides failed empty data
  ---
  duration_ms: 7.698458
  type: 'test'
  ...
# Subtest: R86 search keeps the input and exposes all-position request failures
ok 907 - R86 search keeps the input and exposes all-position request failures
  ---
  duration_ms: 19.455541
  type: 'test'
  ...
# Subtest: 2135 actual search buttons clear submitted fields, keep invalid input, and retain new typing
ok 908 - 2135 actual search buttons clear submitted fields, keep invalid input, and retain new typing
  ---
  duration_ms: 636.04975
  type: 'test'
  ...
# Subtest: 2135 glyph tone map preserves dark rim, raises highlights, and retains original colored artwork
ok 909 - 2135 glyph tone map preserves dark rim, raises highlights, and retains original colored artwork
  ---
  duration_ms: 17.879791
  type: 'test'
  ...
# Subtest: 2244 skill summary uses real main/sub priorities after R, without repeated labels
ok 910 - 2244 skill summary uses real main/sub priorities after R, without repeated labels
  ---
  duration_ms: 118.008958
  type: 'test'
  ...
# Subtest: 2244 banner exact animation, no video for unknown skin or reduced motion
ok 911 - 2244 banner exact animation, no video for unknown skin or reduced motion
  ---
  duration_ms: 41.935417
  type: 'test'
  ...
# Subtest: event cards group presentation but retain all entitlement rows; unknown events stay separate
ok 912 - event cards group presentation but retain all entitlement rows; unknown events stay separate
  ---
  duration_ms: 24.212167
  type: 'test'
  ...
# Subtest: 2244 installer uses the actual STM_SETIMAGE constant and distribution is automatic
ok 913 - 2244 installer uses the actual STM_SETIMAGE constant and distribution is automatic
  ---
  duration_ms: 10.681917
  type: 'test'
  ...
# Subtest: R87 diagnostics support an optional independent export directory with bounded collision-free names
ok 914 - R87 diagnostics support an optional independent export directory with bounded collision-free names
  ---
  duration_ms: 2.970709
  type: 'test'
  ...
# Subtest: R71 diagnostics do not redirect foreign downloads, redirects, or missing directory selections
ok 915 - R71 diagnostics do not redirect foreign downloads, redirects, or missing directory selections
  ---
  duration_ms: 0.3115
  type: 'test'
  ...
# Subtest: R71 interrupted downloads release reservations and the hook is packaged and disposed
ok 916 - R71 interrupted downloads release reservations and the hook is packaged and disposed
  ---
  duration_ms: 2.515583
  type: 'test'
  ...
# Subtest: only completed diagnostics downloads enable opening the exported file folder
ok 917 - only completed diagnostics downloads enable opening the exported file folder
  ---
  duration_ms: 1.700917
  type: 'test'
  ...
# Subtest: R87 P8 first export and unusable directories still report the actual Save dialog path
ok 918 - R87 P8 first export and unusable directories still report the actual Save dialog path
  ---
  duration_ms: 2.537917
  type: 'test'
  ...
# Subtest: R87 P8 cancellation, invalid save paths and disposed windows never emit completion
ok 919 - R87 P8 cancellation, invalid save paths and disposed windows never emit completion
  ---
  duration_ms: 0.268292
  type: 'test'
  ...
# Subtest: R112 correlated exports preserve IDs and still reject foreign/redirected query URLs
ok 920 - R112 correlated exports preserve IDs and still reject foreign/redirected query URLs
  ---
  duration_ms: 0.316458
  type: 'test'
  ...
# Subtest: R205 upgrade command preserves NSIS shortcut retention and uses the same registry identity
ok 921 - R205 upgrade command preserves NSIS shortcut retention and uses the same registry identity
  ---
  duration_ms: 20.954583
  type: 'test'
  ...
# Subtest: N-1 every visible custom text control receives font
ok 922 - N-1 every visible custom text control receives font
  ---
  duration_ms: 0.646875
  type: 'test'
  ...
# Subtest: N-2 MUI branding stays hidden
ok 923 - N-2 MUI branding stays hidden
  ---
  duration_ms: 0.662042
  type: 'test'
  ...
# Subtest: N-3 instfiles hook scoped to preceding custom page
ok 924 - N-3 instfiles hook scoped to preceding custom page
  ---
  duration_ms: 0.331375
  type: 'test'
  ...
# Subtest: N-4 stock headers never reappear
ok 925 - N-4 stock headers never reappear
  ---
  duration_ms: 0.239042
  type: 'test'
  ...
# Subtest: N-5 gold progress uses BGR
ok 926 - N-5 gold progress uses BGR
  ---
  duration_ms: 0.1015
  type: 'test'
  ...
# Subtest: N-6 buttons stay stock and sit on a light footer instead of unreadable dark
ok 927 - N-6 buttons stay stock and sit on a light footer instead of unreadable dark
  ---
  duration_ms: 0.176583
  type: 'test'
  ...
# Subtest: N-7 progress track colour has visible contrast against the page background
ok 928 - N-7 progress track colour has visible contrast against the page background
  ---
  duration_ms: 0.071542
  type: 'test'
  ...
# Subtest: N-8 Core fallback keeps stock system styling
ok 929 - N-8 Core fallback keeps stock system styling
  ---
  duration_ms: 0.142709
  type: 'test'
  ...
# Subtest: N-9 finish page hides the wizard before the blocking launch call
ok 930 - N-9 finish page hides the wizard before the blocking launch call
  ---
  duration_ms: 0.164916
  type: 'test'
  ...
# Subtest: R74 installer opts out of bitmap DPI virtualization and has a visible progress track
ok 931 - R74 installer opts out of bitmap DPI virtualization and has a visible progress track
  ---
  duration_ms: 0.113708
  type: 'test'
  ...
# Subtest: R80 customInstall swaps the executable without changing registry or removal logic
ok 932 - R80 customInstall swaps the executable without changing registry or removal logic
  ---
  duration_ms: 0.120417
  type: 'test'
  ...
# Subtest: R74 Browse appends Deep Legends once without creating directories prematurely
ok 933 - R74 Browse appends Deep Legends once without creating directories prematurely
  ---
  duration_ms: 0.087292
  type: 'test'
  ...
# Subtest: N-1..5 mutation guards reject each broken contract
ok 934 - N-1..5 mutation guards reject each broken contract
  ---
  duration_ms: 5.821042
  type: 'test'
  ...
# Subtest: 2135 white setup and larger native text/icons without bitmap scaling
ok 935 - 2135 white setup and larger native text/icons without bitmap scaling
  ---
  duration_ms: 0.517083
  type: 'test'
  ...
# Subtest: installer build embeds the actual NSIS artifact and publishes only a verified GUI shell
ok 936 - installer build embeds the actual NSIS artifact and publishes only a verified GUI shell
  ---
  duration_ms: 7.860625
  type: 'test'
  ...
# Subtest: installer build cleans payload and rejects compiler
ok 937 - installer build cleans payload and rejects compiler
  ---
  duration_ms: 4.341583
  type: 'test'
  ...
# Subtest: installer build cleans payload and rejects missing-payload
ok 938 - installer build cleans payload and rejects missing-payload
  ---
  duration_ms: 3.835333
  type: 'test'
  ...
# Subtest: installer build cleans payload and rejects wrong-format
ok 939 - installer build cleans payload and rejects wrong-format
  ---
  duration_ms: 8.666292
  type: 'test'
  ...
# Subtest: public installer shell uses the public NSIS artifact
ok 940 - public installer shell uses the public NSIS artifact
  ---
  duration_ms: 3.826708
  type: 'test'
  ...
# Subtest: both release entry points wrap NSIS before hashes and before deleting win-unpacked
ok 941 - both release entry points wrap NSIS before hashes and before deleting win-unpacked
  ---
  duration_ms: 0.325375
  type: 'test'
  ...
# Subtest: small uninstaller builds independently before NSIS without embedding payload
ok 942 - small uninstaller builds independently before NSIS without embedding payload
  ---
  duration_ms: 4.591583
  type: 'test'
  ...
# Subtest: uninstaller build removes partial artifact after compiler
ok 943 - uninstaller build removes partial artifact after compiler
  ---
  duration_ms: 5.633583
  type: 'test'
  ...
# Subtest: uninstaller build removes partial artifact after payload
ok 944 - uninstaller build removes partial artifact after payload
  ---
  duration_ms: 6.774833
  type: 'test'
  ...
# Subtest: uninstaller build removes partial artifact after invalid PE
ok 945 - uninstaller build removes partial artifact after invalid PE
  ---
  duration_ms: 12.698375
  type: 'test'
  ...
# Subtest: uninstaller design supports retain/delete data, every bridge request and all progress states
ok 946 - uninstaller design supports retain/delete data, every bridge request and all progress states
  ---
  duration_ms: 368.397834
  type: 'test'
  ...
# Subtest: installer design executes all bridge interactions, terms, progress and failure without changing layout
ok 947 - installer design executes all bridge interactions, terms, progress and failure without changing layout
  ---
  duration_ms: 541.22325
  type: 'test'
  ...
# Subtest: installer reports ready only after real template initialization with inline state
ok 948 - installer reports ready only after real template initialization with inline state
  ---
  duration_ms: 362.905458
  type: 'test'
  ...
# Subtest: installer reports script failure instead of readiness after broken application bootstrap
ok 949 - installer reports script failure instead of readiness after broken application bootstrap
  ---
  duration_ms: 90.337541
  type: 'test'
  ...
# Subtest: uninstaller reports ready only after real template initialization with inline state
ok 950 - uninstaller reports ready only after real template initialization with inline state
  ---
  duration_ms: 123.70925
  type: 'test'
  ...
# Subtest: uninstaller reports script failure instead of readiness after broken application bootstrap
ok 951 - uninstaller reports script failure instead of readiness after broken application bootstrap
  ---
  duration_ms: 82.869334
  type: 'test'
  ...
# Subtest: collapsed sidebar hides the label but keeps the live beacon rendered
ok 952 - collapsed sidebar hides the label but keeps the live beacon rendered
  ---
  duration_ms: 1409.390583
  type: 'test'
  ...
# Subtest: R86 DOM teardown disconnects pending observers without disabling live callbacks
ok 953 - R86 DOM teardown disconnects pending observers without disabling live callbacks
  ---
  duration_ms: 2137.661125
  type: 'test'
  ...
# live recommendation diagnostic failed {
#   reason: 'has-payload',
#   key: '164:top:CLASSIC:11:emerald_plus:none',
#   error: 'Failed to parse URL from /api/diagnostics/client'
# }
# Subtest: 1110 征召默认值、时间输入、模式能力和总开关真实保存链
ok 954 - 1110 征召默认值、时间输入、模式能力和总开关真实保存链
  ---
  duration_ms: 6102.668709
  type: 'test'
  ...
# Subtest: 平均段位只查询视口内卡片，并在分页加载期间停用
ok 955 - 平均段位只查询视口内卡片，并在分页加载期间停用
  ---
  duration_ms: 16.19125
  type: 'test'
  ...
# Subtest: match-tier failures back off instead of retrying on the next render
ok 956 - match-tier failures back off instead of retrying on the next render
  ---
  duration_ms: 9.199083
  type: 'test'
  ...
# Subtest: match-tier overview diagnostics contain aggregate counts only
ok 957 - match-tier overview diagnostics contain aggregate counts only
  ---
  duration_ms: 1.4785
  type: 'test'
  ...
# Subtest: non-match overview rerenders preserve the match-list node
ok 958 - non-match overview rerenders preserve the match-list node
  ---
  duration_ms: 17.507541
  type: 'test'
  ...
# live recommendation diagnostic failed {
#   reason: 'has-payload',
#   key: '164:top:CLASSIC:11:emerald_plus:none',
#   error: 'Failed to parse URL from /api/diagnostics/client'
# }
# live recommendation diagnostic failed {
#   reason: 'has-payload',
#   key: '164:top:CLASSIC:11:emerald_plus:none',
#   error: 'Failed to parse URL from /api/diagnostics/client'
# }
# live recommendation diagnostic failed {
#   reason: 'has-payload',
#   key: '164:top:CLASSIC:11:emerald_plus:none',
#   error: 'Failed to parse URL from /api/diagnostics/client'
# }
# Subtest: 总览战绩卡：点击展开按钮只替换目标卡片并可收起
ok 959 - 总览战绩卡：点击展开按钮只替换目标卡片并可收起
  ---
  duration_ms: 13890.891708
  type: 'test'
  ...
# live recommendation diagnostic failed {
#   reason: 'has-payload',
#   key: '164:top:CLASSIC:11:emerald_plus:none',
#   error: 'Failed to parse URL from /api/diagnostics/client'
# }
# Subtest: 玩家覆盖层里的战绩详情也能展开
ok 960 - 玩家覆盖层里的战绩详情也能展开
  ---
  duration_ms: 4683.646875
  type: 'test'
  ...
# live recommendation diagnostic failed {
#   reason: 'has-payload',
#   key: '164:top:CLASSIC:11:emerald_plus:none',
#   error: 'Failed to parse URL from /api/diagnostics/client'
# }
# Subtest: 演示数据下总览页渲染出真实内容，且渲染期没有异常
ok 961 - 演示数据下总览页渲染出真实内容，且渲染期没有异常
  ---
  duration_ms: 1629.364459
  type: 'test'
  ...
# live recommendation diagnostic failed {
#   reason: 'has-payload',
#   key: '164:top:CLASSIC:11:emerald_plus:none',
#   error: 'Failed to parse URL from /api/diagnostics/client'
# }
# Subtest: 好友真实数据恢复横条模式与计时，SSE 更新不重建战绩或串到其他玩家
ok 962 - 好友真实数据恢复横条模式与计时，SSE 更新不重建战绩或串到其他玩家
  ---
  duration_ms: 3999.55775
  type: 'test'
  ...
# live recommendation diagnostic failed {
#   reason: 'has-payload',
#   key: '164:top:CLASSIC:11:emerald_plus:none',
#   error: 'Failed to parse URL from /api/diagnostics/client'
# }
# Subtest: 演示数据下工具五个页签都渲染完成
ok 963 - 演示数据下工具五个页签都渲染完成
  ---
  duration_ms: 5150.026875
  type: 'test'
  ...
# live recommendation diagnostic failed {
#   reason: 'has-payload',
#   key: '164:top:CLASSIC:11:emerald_plus:none',
#   error: 'Failed to parse URL from /api/diagnostics/client'
# }
# Subtest: 2351 自定义暂停事件保留真实总开关和卡片高亮
ok 964 - 2351 自定义暂停事件保留真实总开关和卡片高亮
  ---
  duration_ms: 3195.732583
  type: 'test'
  ...
# live recommendation diagnostic failed {
#   reason: 'has-payload',
#   key: '164:top:CLASSIC:11:emerald_plus:none',
#   error: 'Failed to parse URL from /api/diagnostics/client'
# }
# Subtest: R149 收藏页仍可独立进入头像与旗帜视图
ok 965 - R149 收藏页仍可独立进入头像与旗帜视图
  ---
  duration_ms: 4843.144042
  type: 'test'
  ...
# live recommendation diagnostic failed {
#   reason: 'has-payload',
#   key: '164:top:CLASSIC:11:emerald_plus:none',
#   error: 'Failed to parse URL from /api/diagnostics/client'
# }
# Subtest: R56 工具页状态、确认、下拉与领奖契约完整
ok 966 - R56 工具页状态、确认、下拉与领奖契约完整
  ---
  duration_ms: 5450.039334
  type: 'test'
  ...
# live recommendation diagnostic failed {
#   reason: 'has-payload',
#   key: '164:top:CLASSIC:11:emerald_plus:none',
#   error: 'Failed to parse URL from /api/diagnostics/client'
# }
# Subtest: 全部原生下拉都增强为可键盘操作的应用菜单，包含动态英雄段位
ok 967 - 全部原生下拉都增强为可键盘操作的应用菜单，包含动态英雄段位
  ---
  duration_ms: 3194.396167
  type: 'test'
  ...
# Subtest: R59 生涯头衔读取对象名称且绝不显示原始 UUID
ok 968 - R59 生涯头衔读取对象名称且绝不显示原始 UUID
  ---
  duration_ms: 16.048
  type: 'test'
  ...
# live recommendation diagnostic failed {
#   reason: 'has-payload',
#   key: '164:top:CLASSIC:11:emerald_plus:none',
#   error: 'Failed to parse URL from /api/diagnostics/client'
# }
# Subtest: R59 生涯预览完整渲染时不泄漏 playerTitleSelected UUID
ok 969 - R59 生涯预览完整渲染时不泄漏 playerTitleSelected UUID
  ---
  duration_ms: 3173.610084
  type: 'test'
  ...
# live recommendation diagnostic failed {
#   reason: 'has-payload',
#   key: '164:top:CLASSIC:11:emerald_plus:none',
#   error: 'Failed to parse URL from /api/diagnostics/client'
# }
# Subtest: R60 生涯事件刷新头衔、保护脏草稿且不在其它页签后台请求
ok 970 - R60 生涯事件刷新头衔、保护脏草稿且不在其它页签后台请求
  ---
  duration_ms: 5973.081917
  type: 'test'
  ...
# live recommendation diagnostic failed {
#   reason: 'has-payload',
#   key: '164:top:CLASSIC:11:emerald_plus:none',
#   error: 'Failed to parse URL from /api/diagnostics/client'
# }
# Subtest: R65 生涯事件 20 连发只请求一次、仅时间戳变化不重建且按压期间不丢点击
ok 971 - R65 生涯事件 20 连发只请求一次、仅时间戳变化不重建且按压期间不丢点击
  ---
  duration_ms: 5122.507417
  type: 'test'
  ...
# live recommendation diagnostic failed {
#   reason: 'has-payload',
#   key: '164:top:CLASSIC:11:emerald_plus:none',
#   error: 'Failed to parse URL from /api/diagnostics/client'
# }
# Subtest: R64 生涯皮肤与身份控件局部更新，皮肤图片延迟解码
ok 972 - R64 生涯皮肤与身份控件局部更新，皮肤图片延迟解码
  ---
  duration_ms: 3282.687291
  type: 'test'
  ...
# live recommendation diagnostic failed {
#   reason: 'has-payload',
#   key: '164:top:CLASSIC:11:emerald_plus:none',
#   error: 'Failed to parse URL from /api/diagnostics/client'
# }
# Subtest: R64 生涯头衔和勋章仅在真实值上使用强调色
ok 973 - R64 生涯头衔和勋章仅在真实值上使用强调色
  ---
  duration_ms: 3202.136917
  type: 'test'
  ...
# Subtest: R60 生涯勋章缺失槽位稳定回退为未设置
ok 974 - R60 生涯勋章缺失槽位稳定回退为未设置
  ---
  duration_ms: 7.773125
  type: 'test'
  ...
# live recommendation diagnostic failed {
#   reason: 'has-payload',
#   key: '164:top:CLASSIC:11:emerald_plus:none',
#   error: 'Failed to parse URL from /api/diagnostics/client'
# }
# Subtest: R58 生涯英雄长下拉支持别名搜索，短下拉不显示搜索框
ok 975 - R58 生涯英雄长下拉支持别名搜索，短下拉不显示搜索框
  ---
  duration_ms: 3296.575875
  type: 'test'
  ...
# live recommendation diagnostic failed {
#   reason: 'has-payload',
#   key: '164:top:CLASSIC:11:emerald_plus:none',
#   error: 'Failed to parse URL from /api/diagnostics/client'
# }
# Subtest: R58 生涯空皮肤刷新保留草稿并在数据补齐后恢复
ok 976 - R58 生涯空皮肤刷新保留草稿并在数据补齐后恢复
  ---
  duration_ms: 5373.3695
  type: 'test'
  ...
# live recommendation diagnostic failed {
#   reason: 'has-payload',
#   key: '164:top:CLASSIC:11:emerald_plus:none',
#   error: 'Failed to parse URL from /api/diagnostics/client'
# }
# live recommendation diagnostic failed {
#   reason: 'has-payload',
#   key: '164:top:CLASSIC:11:emerald_plus:none',
#   error: 'Failed to parse URL from /api/diagnostics/client'
# }
# Subtest: 顶部重新读取实际刷新生涯并丢弃未应用预览
ok 977 - 顶部重新读取实际刷新生涯并丢弃未应用预览
  ---
  duration_ms: 3235.181541
  type: 'test'
  ...
# live recommendation diagnostic failed {
#   reason: 'has-payload',
#   key: '164:top:CLASSIC:11:emerald_plus:none',
#   error: 'Failed to parse URL from /api/diagnostics/client'
# }
# Subtest: 收藏账户条复用主页背景和圆头像，并只保留两项事实
ok 978 - 收藏账户条复用主页背景和圆头像，并只保留两项事实
  ---
  duration_ms: 3121.549542
  type: 'test'
  ...
# live recommendation diagnostic failed {
#   reason: 'has-payload',
#   key: '164:top:CLASSIC:11:emerald_plus:none',
#   error: 'Failed to parse URL from /api/diagnostics/client'
# }
# Subtest: 游戏时间分布下方提供等栏宽分享按钮，并在选定路径后生成桌面双列长图
ok 979 - 游戏时间分布下方提供等栏宽分享按钮，并在选定路径后生成桌面双列长图
  ---
  duration_ms: 1844.569708
  type: 'test'
  ...
# live recommendation diagnostic failed {
#   reason: 'has-payload',
#   key: '164:top:CLASSIC:11:emerald_plus:none',
#   error: 'Failed to parse URL from /api/diagnostics/client'
# }
# Subtest: 分享图按 50 场设置截断当前已加载战绩
ok 980 - 分享图按 50 场设置截断当前已加载战绩
  ---
  duration_ms: 1981.196041
  type: 'test'
  ...
# live recommendation diagnostic failed {
#   reason: 'has-payload',
#   key: '164:top:CLASSIC:11:emerald_plus:none',
#   error: 'Failed to parse URL from /api/diagnostics/client'
# }
# Subtest: 排位分区在负场缺失时也能渲染出胜率提示
ok 981 - 排位分区在负场缺失时也能渲染出胜率提示
  ---
  duration_ms: 1601.417667
  type: 'test'
  ...
# live recommendation diagnostic failed {
#   reason: 'has-payload',
#   key: '164:top:CLASSIC:11:emerald_plus:none',
#   error: 'Failed to parse URL from /api/diagnostics/client'
# }
# Subtest: 渲染异常会切到可重试的错误态，而不是永远停在骨架屏
ok 982 - 渲染异常会切到可重试的错误态，而不是永远停在骨架屏
  ---
  duration_ms: 3191.379166
  type: 'test'
  ...
# live recommendation diagnostic failed {
#   reason: 'has-payload',
#   key: '164:top:CLASSIC:11:emerald_plus:none',
#   error: 'Failed to parse URL from /api/diagnostics/client'
# }
# Subtest: 已有总览刷新时保留当前内容，不退回整页骨架
ok 983 - 已有总览刷新时保留当前内容，不退回整页骨架
  ---
  duration_ms: 3248.318542
  type: 'test'
  ...
# live recommendation diagnostic failed {
#   reason: 'has-payload',
#   key: '164:top:CLASSIC:11:emerald_plus:none',
#   error: 'Failed to parse URL from /api/diagnostics/client'
# }
# Subtest: 客户端退出后总览显示可重试提示，不退回空白页
ok 984 - 客户端退出后总览显示可重试提示，不退回空白页
  ---
  duration_ms: 3132.345334
  type: 'test'
  ...
# live recommendation diagnostic failed {
#   reason: 'has-payload',
#   key: '164:top:CLASSIC:11:emerald_plus:none',
#   error: 'Failed to parse URL from /api/diagnostics/client'
# }
# live recommendation diagnostic failed {
#   reason: 'cached',
#   key: '164:top:CLASSIC:11:emerald_plus:none',
#   error: 'Failed to parse URL from /api/diagnostics/client'
# }
# Subtest: 推荐请求期间遮罩只覆盖 tab 下方面板，并按内容提示
ok 985 - 推荐请求期间遮罩只覆盖 tab 下方面板，并按内容提示
  ---
  duration_ms: 3396.539542
  type: 'test'
  ...
# live recommendation diagnostic failed {
#   reason: 'has-payload',
#   key: '164:top:CLASSIC:11:emerald_plus:none',
#   error: 'Failed to parse URL from /api/diagnostics/client'
# }
# Subtest: 对局页出装推荐渲染，且不再出现「后期备选」
ok 986 - 对局页出装推荐渲染，且不再出现「后期备选」
  ---
  duration_ms: 3324.3665
  type: 'test'
  ...
# live recommendation diagnostic failed {
#   reason: 'has-payload',
#   key: '164:top:CLASSIC:11:emerald_plus:none',
#   error: 'Failed to parse URL from /api/diagnostics/client'
# }
# Subtest: 核心装只展示胜率与场次，不再展示选取率
ok 987 - 核心装只展示胜率与场次，不再展示选取率
  ---
  duration_ms: 3267.111417
  type: 'test'
  ...
# live recommendation diagnostic failed {
#   reason: 'has-payload',
#   key: '164:top:CLASSIC:11:emerald_plus:none',
#   error: 'Failed to parse URL from /api/diagnostics/client'
# }
# Subtest: 技能加点的选取率/胜率/场次与技能图标同一行
ok 988 - 技能加点的选取率/胜率/场次与技能图标同一行
  ---
  duration_ms: 3279.587041
  type: 'test'
  ...
# live recommendation diagnostic failed {
#   reason: 'has-payload',
#   key: '164:top:CLASSIC:11:emerald_plus:none',
#   error: 'Failed to parse URL from /api/diagnostics/client'
# }
# Subtest: 对抗样本为空时给出说明文案，而不是一个「—」
ok 989 - 对抗样本为空时给出说明文案，而不是一个「—」
  ---
  duration_ms: 3267.587375
  type: 'test'
  ...
# live recommendation diagnostic failed {
#   reason: 'has-payload',
#   key: '164:top:CLASSIC:11:emerald_plus:none',
#   error: 'Failed to parse URL from /api/diagnostics/client'
# }
# Subtest: 英雄位置统计为空时显示明确说明，而不是三项破折号
ok 990 - 英雄位置统计为空时显示明确说明，而不是三项破折号
  ---
  duration_ms: 3287.290791
  type: 'test'
  ...
# Subtest: failed build timelines retry on reopening, successful timelines remain cached
ok 991 - failed build timelines retry on reopening, successful timelines remain cached
  ---
  duration_ms: 0.849042
  type: 'test'
  ...
# live recommendation diagnostic failed {
#   reason: 'has-payload',
#   key: '164:top:CLASSIC:11:emerald_plus:none',
#   error: 'Failed to parse URL from /api/diagnostics/client'
# }
# live recommendation diagnostic failed {
#   reason: 'has-payload',
#   key: '164:top:CLASSIC:11:emerald_plus:none',
#   error: 'Failed to parse URL from /api/diagnostics/client'
# }
# live recommendation diagnostic failed {
#   reason: 'has-payload',
#   key: '164:top:CLASSIC:11:emerald_plus:none',
#   error: 'Failed to parse URL from /api/diagnostics/client'
# }
# live recommendation diagnostic failed {
#   reason: 'has-payload',
#   key: '164:top:CLASSIC:11:emerald_plus:none',
#   error: 'Failed to parse URL from /api/diagnostics/client'
# }
# live recommendation diagnostic failed {
#   reason: 'has-payload',
#   key: '164:top:CLASSIC:11:emerald_plus:none',
#   error: 'Failed to parse URL from /api/diagnostics/client'
# }
# live recommendation diagnostic failed {
#   reason: 'has-payload',
#   key: '164:top:CLASSIC:11:emerald_plus:none',
#   error: 'Failed to parse URL from /api/diagnostics/client'
# }
# Subtest: R86 ADD-1 card detail, metric, legacy damage controls and timeline stay local at 200 matches
ok 992 - R86 ADD-1 card detail, metric, legacy damage controls and timeline stay local at 200 matches
  ---
  duration_ms: 56229.427667
  type: 'test'
  ...
# Subtest: R86 ADD optional cs-dialog computed zoom stays one inside the zoomed app frame
ok 993 - R86 ADD optional cs-dialog computed zoom stays one inside the zoomed app frame
  ---
  duration_ms: 134.33375
  type: 'test'
  ...
# live recommendation diagnostic failed {
#   reason: 'has-payload',
#   key: '164:top:CLASSIC:11:emerald_plus:none',
#   error: 'Failed to parse URL from /api/diagnostics/client'
# }
# live recommendation diagnostic failed {
#   reason: 'has-payload',
#   key: '164:top:CLASSIC:11:emerald_plus:none',
#   error: 'Failed to parse URL from /api/diagnostics/client'
# }
# Subtest: R86 ADD-1 failed timelines wait for explicit retry and keep unrelated cards
ok 994 - R86 ADD-1 failed timelines wait for explicit retry and keep unrelated cards
  ---
  duration_ms: 3573.514042
  type: 'test'
  ...
# live recommendation diagnostic failed {
#   reason: 'has-payload',
#   key: '164:top:CLASSIC:11:emerald_plus:none',
#   error: 'Failed to parse URL from /api/diagnostics/client'
# }
# live recommendation diagnostic failed {
#   reason: 'has-payload',
#   key: '164:top:CLASSIC:11:emerald_plus:none',
#   error: 'Failed to parse URL from /api/diagnostics/client'
# }
# Subtest: R86 ADD-1 late timeline cannot reveal a filtered-out card
ok 995 - R86 ADD-1 late timeline cannot reveal a filtered-out card
  ---
  duration_ms: 9372.658167
  type: 'test'
  ...
# live recommendation diagnostic failed {
#   reason: 'has-payload',
#   key: '164:top:CLASSIC:11:emerald_plus:none',
#   error: 'Failed to parse URL from /api/diagnostics/client'
# }
# live recommendation diagnostic failed {
#   reason: 'has-payload',
#   key: '164:top:CLASSIC:11:emerald_plus:none',
#   error: 'Failed to parse URL from /api/diagnostics/client'
# }
# Subtest: R86 hero search preserves input and coalesces five keystrokes (including bypass mutation)
ok 996 - R86 hero search preserves input and coalesces five keystrokes (including bypass mutation)
  ---
  duration_ms: 6654.63675
  type: 'test'
  ...
# live recommendation diagnostic failed {
#   reason: 'has-payload',
#   key: '164:top:CLASSIC:11:emerald_plus:none',
#   error: 'Failed to parse URL from /api/diagnostics/client'
# }
# live recommendation diagnostic failed {
#   reason: 'has-payload',
#   key: '164:top:CLASSIC:11:emerald_plus:none',
#   error: 'Failed to parse URL from /api/diagnostics/client'
# }
# Subtest: R86 tools fetch only active tab plus rig, then load claims on demand
ok 997 - R86 tools fetch only active tab plus rig, then load claims on demand
  ---
  duration_ms: 4021.920375
  type: 'test'
  ...
# live recommendation diagnostic failed {
#   reason: 'has-payload',
#   key: '164:top:CLASSIC:11:emerald_plus:none',
#   error: 'Failed to parse URL from /api/diagnostics/client'
# }
# live recommendation diagnostic failed {
#   reason: 'has-payload',
#   key: '164:top:CLASSIC:11:emerald_plus:none',
#   error: 'Failed to parse URL from /api/diagnostics/client'
# }
# Subtest: R86 healthy SSE reduces phase polling while closed SSE retains one-second fallback
ok 998 - R86 healthy SSE reduces phase polling while closed SSE retains one-second fallback
  ---
  duration_ms: 3295.697917
  type: 'test'
  ...
# live recommendation diagnostic failed {
#   reason: 'has-payload',
#   key: '164:top:CLASSIC:11:emerald_plus:none',
#   error: 'Failed to parse URL from /api/diagnostics/client'
# }
# live recommendation diagnostic failed {
#   reason: 'has-payload',
#   key: '164:top:CLASSIC:11:emerald_plus:none',
#   error: 'Failed to parse URL from /api/diagnostics/client'
# }
# Subtest: R86 external match expansion preserves unrelated cards
ok 999 - R86 external match expansion preserves unrelated cards
  ---
  duration_ms: 3766.466125
  type: 'test'
  ...
# Subtest: R86 filtering 200 loaded matches hides entries without rebuilding or refetching
ok 1000 - R86 filtering 200 loaded matches hides entries without rebuilding or refetching
  ---
  duration_ms: 11163.595584
  type: 'test'
  ...
# live recommendation diagnostic failed {
#   reason: 'has-payload',
#   key: '164:top:CLASSIC:11:emerald_plus:none',
#   error: 'Failed to parse URL from /api/diagnostics/client'
# }
# Subtest: R86 image listeners and tab scroll remain bounded including independent image-listener bypass
ok 1001 - R86 image listeners and tab scroll remain bounded including independent image-listener bypass
  ---
  duration_ms: 8222.589083
  type: 'test'
  ...
# Subtest: R86 scroll restoration is resize-driven, restores clamped position and yields to user input
ok 1002 - R86 scroll restoration is resize-driven, restores clamped position and yields to user input
  ---
  duration_ms: 10.468791
  type: 'test'
  ...
# live recommendation diagnostic failed {
#   reason: 'has-payload',
#   key: '164:top:CLASSIC:11:emerald_plus:none',
#   error: 'Failed to parse URL from /api/diagnostics/client'
# }
# live recommendation diagnostic failed {
#   reason: 'has-payload',
#   key: '164:top:CLASSIC:11:emerald_plus:none',
#   error: 'Failed to parse URL from /api/diagnostics/client'
# }
# live recommendation diagnostic failed {
#   reason: 'has-payload',
#   key: '164:top:CLASSIC:11:emerald_plus:none',
#   error: 'Failed to parse URL from /api/diagnostics/client'
# }
# Subtest: R87 P9 external champselect events preserve modal scroll, input and composition
ok 1003 - R87 P9 external champselect events preserve modal scroll, input and composition
  ---
  duration_ms: 6547.773208
  type: 'test'
  ...
# Subtest: R104 quota recovery keeps the first-load skeleton and existing matches visible
ok 1004 - R104 quota recovery keeps the first-load skeleton and existing matches visible
  ---
  duration_ms: 10.560083
  type: 'test'
  ...
# Subtest: R112 KR average-tier errors retry only visible active cards, then cache real values
ok 1005 - R112 KR average-tier errors retry only visible active cards, then cache real values
  ---
  duration_ms: 9.829583
  type: 'test'
  ...
# Subtest: R117 career column is rebuilt only when its own inputs change
ok 1006 - R117 career column is rebuilt only when its own inputs change
  ---
  duration_ms: 12.311333
  type: 'test'
  ...
# Subtest: 定制便携版模板存在且保留缓存秒开的关键行为
ok 1007 - 定制便携版模板存在且保留缓存秒开的关键行为
  ---
  duration_ms: 0.781792
  type: 'test'
  ...
# Subtest: 打包配置与模板配套：asarUnpack 后端、不再使用解压期启动图
ok 1008 - 打包配置与模板配套：asarUnpack 后端、不再使用解压期启动图
  ---
  duration_ms: 0.688167
  type: 'test'
  ...
# Subtest: 所有桌面运行时本地模块都进入 app.asar 和源码指纹
ok 1009 - 所有桌面运行时本地模块都进入 app.asar 和源码指纹
  ---
  duration_ms: 1.817334
  type: 'test'
  ...
# Subtest: Shell 只构建 setup 并复用 Electron 下载缓存
ok 1010 - Shell 只构建 setup 并复用 Electron 下载缓存
  ---
  duration_ms: 0.486542
  type: 'test'
  ...
# Subtest: 历史 portable 模板工具替换指纹占位符并拒绝过期模板
ok 1011 - 历史 portable 模板工具替换指纹占位符并拒绝过期模板
  ---
  duration_ms: 5.462
  type: 'test'
  ...
# Subtest: 模板前置校验拒绝未替换占位符，后端内容变化会改变指纹
ok 1012 - 模板前置校验拒绝未替换占位符，后端内容变化会改变指纹
  ---
  duration_ms: 3.893209
  type: 'test'
  ...
# Subtest: 模板指纹仅读取指定工作目录的四个输入
ok 1013 - 模板指纹仅读取指定工作目录的四个输入
  ---
  duration_ms: 5.3495
  type: 'test'
  ...
# Subtest: 交错执行破坏性模板测试不会污染另一个构建的后端和模板
ok 1014 - 交错执行破坏性模板测试不会污染另一个构建的后端和模板
  ---
  duration_ms: 14.619667
  type: 'test'
  ...
# Subtest: 默认只有 setup 目标，安装选项和外观资源保持完整
ok 1015 - 默认只有 setup 目标，安装选项和外观资源保持完整
  ---
  duration_ms: 1.831375
  type: 'test'
  ...
# Subtest: R71 executable resource editing stays enabled and branded setup has exactly two choices
ok 1016 - R71 executable resource editing stays enabled and branded setup has exactly two choices
  ---
  duration_ms: 1.896875
  type: 'test'
  ...
# Subtest: NSIS page functions wait until standard builder plugins are available
ok 1017 - NSIS page functions wait until standard builder plugins are available
  ---
  duration_ms: 0.837875
  type: 'test'
  ...
# Subtest: 职业页懒加载、所有分组/账号、缺失状态、筛选缓存与安全转义
ok 1018 - 职业页懒加载、所有分组/账号、缺失状态、筛选缓存与安全转义
  ---
  duration_ms: 648.878958
  type: 'test'
  ...
# Subtest: 加载互斥、失败保留旧表、恢复与来源不可用名单
ok 1019 - 加载互斥、失败保留旧表、恢复与来源不可用名单
  ---
  duration_ms: 334.355125
  type: 'test'
  ...
# Subtest: 国服每次打开折叠；韩服下方入口可键盘聚焦且不修改大区
ok 1020 - 国服每次打开折叠；韩服下方入口可键盘聚焦且不修改大区
  ---
  duration_ms: 1911.7105
  type: 'test'
  ...
# Subtest: 统一总览按国服、韩服、职业分组，同一账号跨组隔离且保留滚动和目录焦点
ok 1021 - 统一总览按国服、韩服、职业分组，同一账号跨组隔离且保留滚动和目录焦点
  ---
  duration_ms: 6145.857958
  type: 'test'
  ...
# Subtest: 补充来源未更新保留提示，重新进入不重复阻塞整页，手动刷新可重试
ok 1022 - 补充来源未更新保留提示，重新进入不重复阻塞整页，手动刷新可重试
  ---
  duration_ms: 231.4635
  type: 'test'
  ...
# Subtest: 职业列表后台补充自动更新，离开页面停止轮询
ok 1023 - 职业列表后台补充自动更新，离开页面停止轮询
  ---
  duration_ms: 5124.1045
  type: 'test'
  ...
# Subtest: R73 最近账号、历史折叠、只看最新账号及会话核验
ok 1024 - R73 最近账号、历史折叠、只看最新账号及会话核验
  ---
  duration_ms: 139.899083
  type: 'test'
  ...
# Subtest: R73 真正点击后才核验：差异与404标记，502不误判
    # Subtest: {"proMismatch":true}
    ok 1 - {"proMismatch":true}
      ---
      duration_ms: 827.706542
      type: 'test'
      ...
    # Subtest: {"overviewStatus":404}
    ok 2 - {"overviewStatus":404}
      ---
      duration_ms: 735.484625
      type: 'test'
      ...
    # Subtest: {"overviewStatus":502}
    ok 3 - {"overviewStatus":502}
      ---
      duration_ms: 755.740292
      type: 'test'
      ...
    1..3
ok 1025 - R73 真正点击后才核验：差异与404标记，502不误判
  ---
  duration_ms: 2319.516834
  type: 'test'
  ...
# Subtest: 职业目录仅保留返回总览，返回后保留全部已打开页签
ok 1026 - 职业目录仅保留返回总览，返回后保留全部已打开页签
  ---
  duration_ms: 1421.167292
  type: 'test'
  ...
# Subtest: 未知更新时间的补充账号保持展示，不出现120天未玩的断言
ok 1027 - 未知更新时间的补充账号保持展示，不出现120天未玩的断言
  ---
  duration_ms: 87.679875
  type: 'test'
  ...
# Subtest: 玩家页签各自保留纵向位置，跨页面返回也不串位
ok 1028 - 玩家页签各自保留纵向位置，跨页面返回也不串位
  ---
  duration_ms: 1342.569833
  type: 'test'
  ...
# Subtest: R112 导出状态只属于当前诊断页；离开、迟到和乱序完成均不污染新页面
ok 1029 - R112 导出状态只属于当前诊断页；离开、迟到和乱序完成均不污染新页面
  ---
  duration_ms: 1213.693709
  type: 'test'
  ...
# Subtest: OPGG season summary actually replaces recent sample in both overview workspaces without a history reload
ok 1030 - OPGG season summary actually replaces recent sample in both overview workspaces without a history reload
  ---
  duration_ms: 1154.089375
  type: 'test'
  ...
# Subtest: 当前对局独立置顶、两队十人、无评分和多余标记，分组后不会污染玩家战绩
ok 1031 - 当前对局独立置顶、两队十人、无评分和多余标记，分组后不会污染玩家战绩
  ---
  duration_ms: 814.671167
  type: 'test'
  ...
# Subtest: R74 零战绩当前对局也加载技能目录，未加载时不伪造技能名称
ok 1032 - R74 零战绩当前对局也加载技能目录，未加载时不伪造技能名称
  ---
  duration_ms: 767.859833
  type: 'test'
  ...
# Subtest: R100 菜单键盘可达空组、异步重绘保焦、离开总览关闭菜单
ok 1033 - R100 菜单键盘可达空组、异步重绘保焦、离开总览关闭菜单
  ---
  duration_ms: 800.16
  type: 'test'
  ...
# Subtest: 国服总览保留战绩但不渲染或请求当前对局和观战
ok 1034 - 国服总览保留战绩但不渲染或请求当前对局和观战
  ---
  duration_ms: 447.440667
  type: 'test'
  ...
# Subtest: R97 management filters and rows exclude expanded and academy teams
ok 1035 - R97 management filters and rows exclude expanded and academy teams
  ---
  duration_ms: 93.580708
  type: 'test'
  ...
# Subtest: R100 empty national/KR/pro groups stay selectable and preserve distinct empty states
ok 1036 - R100 empty national/KR/pro groups stay selectable and preserve distinct empty states
  ---
  duration_ms: 827.852291
  type: 'test'
  ...
# Subtest: TestR102NoPrimaryBadgeRendered
ok 1037 - TestR102NoPrimaryBadgeRendered
  ---
  duration_ms: 86.431792
  type: 'test'
  ...
# Subtest: TestR102LatestOnlyTogglesShowsFirstAccountOnly
ok 1038 - TestR102LatestOnlyTogglesShowsFirstAccountOnly
  ---
  duration_ms: 107.596792
  type: 'test'
  ...
# Subtest: TestR102ButtonLabelSaysLatestNotPrimary
ok 1039 - TestR102ButtonLabelSaysLatestNotPrimary
  ---
  duration_ms: 18.476416
  type: 'test'
  ...
# Subtest: TestR102HighlightUsesOriginalAccountIndex
ok 1040 - TestR102HighlightUsesOriginalAccountIndex
  ---
  duration_ms: 107.016708
  type: 'test'
  ...
# live recommendation diagnostic failed {
#   reason: 'has-payload',
#   key: '69:mid:CLASSIC:11:emerald_plus:none',
#   error: 'Failed to parse URL from /api/diagnostics/client'
# }
# Subtest: R75/R76 actual page: pro rows, degradation capture, incomplete and offline
ok 1041 - R75/R76 actual page: pro rows, degradation capture, incomplete and offline
  ---
  duration_ms: 5640.815583
  type: 'test'
  ...
# live recommendation diagnostic failed {
#   reason: 'has-payload',
#   key: '69:mid:CLASSIC:11:emerald_plus:none',
#   error: 'Failed to parse URL from /api/diagnostics/client'
# }
# Subtest: R75/R76 actual page: pro rows, degradation 1/99, incomplete and offline
ok 1042 - R75/R76 actual page: pro rows, degradation 1/99, incomplete and offline
  ---
  duration_ms: 6014.14925
  type: 'test'
  ...
# live recommendation diagnostic failed {
#   reason: 'has-payload',
#   key: '69:mid:CLASSIC:11:emerald_plus:none',
#   error: 'Failed to parse URL from /api/diagnostics/client'
# }
# Subtest: R75/R76 actual page: pro rows, degradation 10/30, incomplete and offline
ok 1043 - R75/R76 actual page: pro rows, degradation 10/30, incomplete and offline
  ---
  duration_ms: 4610.5805
  type: 'test'
  ...
# Subtest: parses Chromium proxy resolution without accepting credentials
ok 1044 - parses Chromium proxy resolution without accepting credentials
  ---
  duration_ms: 1.165833
  type: 'test'
  ...
# Subtest: system proxy resolution times out or falls back to direct safely
ok 1045 - system proxy resolution times out or falls back to direct safely
  ---
  duration_ms: 6.401792
  type: 'test'
  ...
# Subtest: R100 P7 first native save persists independently; second and restart save without prompt; no overwrite
ok 1046 - R100 P7 first native save persists independently; second and restart save without prompt; no overwrite
  ---
  duration_ms: 29.055875
  type: 'test'
  ...
# Subtest: R100 P7 deleted/replaced directory re-prompts at actual write; cancel cleans staging
ok 1047 - R100 P7 deleted/replaced directory re-prompts at actual write; cancel cleans staging
  ---
  duration_ms: 9.334625
  type: 'test'
  ...
# Subtest: R100 P7 rejects foreign renderer and symbolic link files; packaged controller
ok 1048 - R100 P7 rejects foreign renderer and symbolic link files; packaged controller
  ---
  duration_ms: 6.143958
  type: 'test'
  ...
# Subtest: R100 P7 failed SavePath access and window disposal remove private staged downloads
ok 1049 - R100 P7 failed SavePath access and window disposal remove private staged downloads
  ---
  duration_ms: 25.2595
  type: 'test'
  ...
# Subtest: R110 either export chooses the same remembered folder and updates settings immediately
ok 1050 - R110 either export chooses the same remembered folder and updates settings immediately
  ---
  duration_ms: 8.258292
  type: 'test'
  ...
# Subtest: R110 first share export updates diagnostic destination without another picker
ok 1051 - R110 first share export updates diagnostic destination without another picker
  ---
  duration_ms: 2.959542
  type: 'test'
  ...
# Subtest: R110 migrates most recent valid old choice once and does not resurrect cleared settings
ok 1052 - R110 migrates most recent valid old choice once and does not resurrect cleared settings
  ---
  duration_ms: 6.094458
  type: 'test'
  ...
# Subtest: R110 settings exposes a single export directory
ok 1053 - R110 settings exposes a single export directory
  ---
  duration_ms: 0.902917
  type: 'test'
  ...
# Subtest: R110 shared PNG destination revalidates replaced folders and preserves PNG names
ok 1054 - R110 shared PNG destination revalidates replaced folders and preserves PNG names
  ---
  duration_ms: 8.458042
  type: 'test'
  ...
# Subtest: R175 actual backend close and restart IPC export only safe panic/relaunch evidence
ok 1055 - R175 actual backend close and restart IPC export only safe panic/relaunch evidence
  ---
  duration_ms: 25.275542
  type: 'test'
  ...
# Subtest: R175 relaunch marker computes elapsed time, deletes once, tolerates missing/corrupt files
ok 1056 - R175 relaunch marker computes elapsed time, deletes once, tolerates missing/corrupt files
  ---
  duration_ms: 3.589542
  type: 'test'
  ...
# Subtest: R175 stderr is limited to 64 KiB; frame arguments and unreviewed fields cannot pass export
ok 1057 - R175 stderr is limited to 64 KiB; frame arguments and unreviewed fields cannot pass export
  ---
  duration_ms: 1.284292
  type: 'test'
  ...
# Subtest: R185 desktop metrics sample once per minute by process type and export only safe fields
ok 1058 - R185 desktop metrics sample once per minute by process type and export only safe fields
  ---
  duration_ms: 5.122542
  type: 'test'
  ...
# Subtest: R185 unknown backend memory is omitted and disposing a pending sample prevents late export
ok 1059 - R185 unknown backend memory is omitted and disposing a pending sample prevents late export
  ---
  duration_ms: 1.062083
  type: 'test'
  ...
# Subtest: R196 taskbar reminder crosses trusted IPC and stops on focus
ok 1060 - R196 taskbar reminder crosses trusted IPC and stops on focus
  ---
  duration_ms: 2.212875
  type: 'test'
  ...
# Subtest: R201 patches both real extraction paths and the successful copy boundary, idempotently
ok 1061 - R201 patches both real extraction paths and the successful copy boundary, idempotently
  ---
  duration_ms: 2.163667
  type: 'test'
  ...
# Subtest: R204 old-uninstaller timing wraps both scopes and preserves manual flow
ok 1062 - R204 old-uninstaller timing wraps both scopes and preserves manual flow
  ---
  duration_ms: 1.976958
  type: 'test'
  ...
# Subtest: R206 upgrade extracts directly only after successful uninstall; manual uses unchanged 7z-out
ok 1063 - R206 upgrade extracts directly only after successful uninstall; manual uses unchanged 7z-out
  ---
  duration_ms: 1.166416
  type: 'test'
  ...
# Subtest: R206 parent-exited fast path still checks manual and portable installs
ok 1064 - R206 parent-exited fast path still checks manual and portable installs
  ---
  duration_ms: 1.175125
  type: 'test'
  ...
# Subtest: R206 app-running macro expands once to avoid duplicate NSIS labels
ok 1065 - R206 app-running macro expands once to avoid duplicate NSIS labels
  ---
  duration_ms: 0.262917
  type: 'test'
  ...
# Subtest: desktop/r87-p8-independent-verify.test.cjs
ok 108 - desktop/r87-p8-independent-verify.test.cjs
  ---
  duration_ms: 37.240583
  type: 'test'
  ...
# Subtest: R88 crash hooks write synchronous reviewed records without swallowing fatal exceptions
ok 1067 - R88 crash hooks write synchronous reviewed records without swallowing fatal exceptions
  ---
  duration_ms: 46.006083
  type: 'test'
  ...
# Subtest: R88 seven-day desktop export excludes old records in every generation and keeps crash fields private
ok 1068 - R88 seven-day desktop export excludes old records in every generation and keeps crash fields private
  ---
  duration_ms: 7.855125
  type: 'test'
  ...
# Subtest: manual reread recovers a stuck overview and refreshes overview plus live without forcing the overlay
ok 1069 - manual reread recovers a stuck overview and refreshes overview plus live without forcing the overlay
  ---
  duration_ms: 3596.02425
  type: 'test'
  ...
# Subtest: gameplay soft reset clears stalled pagination and recommendation failures while preserving touched tabs
ok 1070 - gameplay soft reset clears stalled pagination and recommendation failures while preserving touched tabs
  ---
  duration_ms: 2.752292
  type: 'test'
  ...
# Subtest: collection-dirty is accepted by the SSE whitelist and refreshes status
ok 1071 - collection-dirty is accepted by the SSE whitelist and refreshes status
  ---
  duration_ms: 2214.250625
  type: 'test'
  ...
# Subtest: dirty collection rescans on entry and view changes without duplicate refresh requests
ok 1072 - dirty collection rescans on entry and view changes without duplicate refresh requests
  ---
  duration_ms: 2293.201417
  type: 'test'
  ...
# Subtest: accepted dirty rescan stays gated until clean status or timeout
ok 1073 - accepted dirty rescan stays gated until clean status or timeout
  ---
  duration_ms: 0.995666
  type: 'test'
  ...
# Subtest: identical forced collection refresh keeps rendered cards mounted
ok 1074 - identical forced collection refresh keeps rendered cards mounted
  ---
  duration_ms: 0.518167
  type: 'test'
  ...
# Subtest: R70 app and gameplay retain cancellation ownership until body parsing completes
ok 1075 - R70 app and gameplay retain cancellation ownership until body parsing completes
  ---
  duration_ms: 0.729792
  type: 'test'
  ...
# Subtest: R70 cached collection reentry avoids a request and never uses outgoing DOM snapshots
ok 1076 - R70 cached collection reentry avoids a request and never uses outgoing DOM snapshots
  ---
  duration_ms: 1540.317917
  type: 'test'
  ...
# Subtest: R70 SSE overflow and reconnect resync refresh visible collection even with unchanged status
ok 1077 - R70 SSE overflow and reconnect resync refresh visible collection even with unchanged status
  ---
  duration_ms: 1201.272417
  type: 'test'
  ...
# Subtest: R70 gameflow burst uses one fixed window and one non-aborting trailing request
ok 1078 - R70 gameflow burst uses one fixed window and one non-aborting trailing request
  ---
  duration_ms: 1.29875
  type: 'test'
  ...
# Subtest: R70 hidden gameplay pages do not construct DOM, and destroyed pages remain inert
ok 1079 - R70 hidden gameplay pages do not construct DOM, and destroyed pages remain inert
  ---
  duration_ms: 1.227875
  type: 'test'
  ...
# Subtest: R70 superseded status completion cannot overwrite current state or reschedule polling
ok 1080 - R70 superseded status completion cannot overwrite current state or reschedule polling
  ---
  duration_ms: 1.063542
  type: 'test'
  ...
# Subtest: R71 collection startup issues one ensure across accepted requests, status events and scan start
ok 1081 - R71 collection startup issues one ensure across accepted requests, status events and scan start
  ---
  duration_ms: 0.573541
  type: 'test'
  ...
# Subtest: R71 a failed or lost collection acceptance can retry without a permanent gate
ok 1082 - R71 a failed or lost collection acceptance can retry without a permanent gate
  ---
  duration_ms: 0.285625
  type: 'test'
  ...
# Subtest: public policy rejects encrypted and plaintext keys; private requires a valid key
ok 1083 - public policy rejects encrypted and plaintext keys; private requires a valid key
  ---
  duration_ms: 7.113334
  type: 'test'
  ...
# Subtest: build receipt rejects a stale packaged backend and clears obsolete approval
ok 1084 - build receipt rejects a stale packaged backend and clears obsolete approval
  ---
  duration_ms: 15.983458
  type: 'test'
  ...
# Subtest: R136 public outputs have distinct names and private outputs keep release names
ok 1085 - R136 public outputs have distinct names and private outputs keep release names
  ---
  duration_ms: 0.726709
  type: 'test'
  ...
# Subtest: R86 bash release stops on a real failing Go test, including an independent early-build mutation
ok 1086 - R86 bash release stops on a real failing Go test, including an independent early-build mutation
  ---
  duration_ms: 3534.575334
  type: 'test'
  ...
# Subtest: R86 CI uses the package version, installs test dependencies and needs no private Riot key
ok 1087 - R86 CI uses the package version, installs test dependencies and needs no private Riot key
  ---
  duration_ms: 0.505583
  type: 'test'
  ...
# Subtest: R86 Windows release stops on a real failing Go test and rejects an independent early build
ok 1088 - R86 Windows release stops on a real failing Go test and rejects an independent early build # SKIP requires Windows and PowerShell
  ---
  duration_ms: 0.065042
  type: 'test'
  ...
# Subtest: format gates exclude local toolchains and GOPATH modules while retaining untracked project source
ok 1089 - format gates exclude local toolchains and GOPATH modules while retaining untracked project source
  ---
  duration_ms: 145.925667
  type: 'test'
  ...
# Subtest: 分享图文件名会清理路径字符并固定为 PNG
ok 1090 - 分享图文件名会清理路径字符并固定为 PNG
  ---
  duration_ms: 5.369041
  type: 'test'
  ...
# Subtest: 分享图载荷限制令牌、根节点、大小和主题
ok 1091 - 分享图载荷限制令牌、根节点、大小和主题
  ---
  duration_ms: 2.049834
  type: 'test'
  ...
# Subtest: 导出样式固定标准桌面双列并强制恢复生涯栏和水印
ok 1092 - 导出样式固定标准桌面双列并强制恢复生涯栏和水印
  ---
  duration_ms: 1.037333
  type: 'test'
  ...
# Subtest: 常规总览保持 2x，超长总览按像素预算安全降采样
ok 1093 - 常规总览保持 2x，超长总览按像素预算安全降采样
  ---
  duration_ms: 0.147958
  type: 'test'
  ...
# Subtest: 首次选择目录后持久化，后续自动保存且不覆盖同名 PNG
ok 1094 - 首次选择目录后持久化，后续自动保存且不覆盖同名 PNG
  ---
  duration_ms: 3.422375
  type: 'test'
  ...
# Subtest: 取消保存不会创建截图窗口或写文件
ok 1095 - 取消保存不会创建截图窗口或写文件
  ---
  duration_ms: 0.172667
  type: 'test'
  ...
# Subtest: 保存令牌只能使用一次，写入失败会记录脱敏错误
ok 1096 - 保存令牌只能使用一次，写入失败会记录脱敏错误
  ---
  duration_ms: 0.526375
  type: 'test'
  ...
# Subtest: 不受信任的 renderer 不能选择路径或提交截图
ok 1097 - 不受信任的 renderer 不能选择路径或提交截图
  ---
  duration_ms: 0.242292
  type: 'test'
  ...
# Subtest: 设置接口读取并更改主进程保存目录
ok 1098 - 设置接口读取并更改主进程保存目录
  ---
  duration_ms: 3.984958
  type: 'test'
  ...
# Subtest: preload 只暴露受校验的分享接口，不暴露 ipcRenderer
ok 1099 - preload 只暴露受校验的分享接口，不暴露 ipcRenderer
  ---
  duration_ms: 2.126917
  type: 'test'
  ...
# Subtest: 分享图独立窗口不携带主窗口 zoom，且使用独立内存会话
ok 1100 - 分享图独立窗口不携带主窗口 zoom，且使用独立内存会话
  ---
  duration_ms: 2.810333
  type: 'test'
  ...
# Subtest: R110 share capture writes through the common validated staging controller
ok 1101 - R110 share capture writes through the common validated staging controller
  ---
  duration_ms: 0.715917
  type: 'test'
  ...
# Subtest: live specialist right overview button opens exact KR overview while rune selection and return remain independent
ok 1102 - live specialist right overview button opens exact KR overview while rune selection and return remain independent
  ---
  duration_ms: 4989.798542
  type: 'test'
  ...
# Subtest: R86 initial CSS and JS gzip budget excludes dynamic demo data
ok 1103 - R86 initial CSS and JS gzip budget excludes dynamic demo data
  ---
  duration_ms: 405.306875
  type: 'test'
  ...
# Subtest: R86 demo loads only on demand, queues calls, shows badge, and preserves native fallback
ok 1104 - R86 demo loads only on demand, queues calls, shows badge, and preserves native fallback
  ---
  duration_ms: 505.606958
  type: 'test'
  ...
# Subtest: R86 demo-only loading rejects an independent production script route
ok 1105 - R86 demo-only loading rejects an independent production script route
  ---
  duration_ms: 322.08225
  type: 'test'
  ...
# Subtest: R77 backend spawn waits for the splash to paint
ok 1106 - R77 backend spawn waits for the splash to paint
  ---
  duration_ms: 5.527833
  type: 'test'
  ...
# Subtest: R77 splash keeps the cheap single-frame logo
ok 1107 - R77 splash keeps the cheap single-frame logo
  ---
  duration_ms: 18.104292
  type: 'test'
  ...
# Subtest: R77 the instance lock still gates the backend
ok 1108 - R77 the instance lock still gates the backend
  ---
  duration_ms: 19.618833
  type: 'test'
  ...
# Subtest: R77 mutation guards reject each broken boot order
ok 1109 - R77 mutation guards reject each broken boot order
  ---
  duration_ms: 5.361417
  type: 'test'
  ...
# Subtest: R82 splash appears only when painted and reports its actual show time
ok 1110 - R82 splash appears only when painted and reports its actual show time
  ---
  duration_ms: 11.6595
  type: 'test'
  ...
# Subtest: R82 closed splash cannot be resurrected by late readiness
ok 1111 - R82 closed splash cannot be resurrected by late readiness
  ---
  duration_ms: 0.750083
  type: 'test'
  ...
# Subtest: R82 fallback boots a stalled splash; quitting cancels all startup triggers
ok 1112 - R82 fallback boots a stalled splash; quitting cancels all startup triggers
  ---
  duration_ms: 6.477625
  type: 'test'
  ...
# Subtest: R82 all four requested splash mutations fail real event-driven checks
ok 1113 - R82 all four requested splash mutations fail real event-driven checks
  ---
  duration_ms: 13.00175
  type: 'test'
  ...
# Subtest: summoner-updated is whitelisted for status and overview-player
ok 1114 - summoner-updated is whitelisted for status and overview-player
  ---
  duration_ms: 0.993958
  type: 'test'
  ...
# Subtest: live-update debounce accumulates both events and updates the current overview in place
ok 1115 - live-update debounce accumulates both events and updates the current overview in place
  ---
  duration_ms: 87.385333
  type: 'test'
  ...
# Subtest: updateStatus refreshes a connected current-tab header without resetting catalogs
ok 1116 - updateStatus refreshes a connected current-tab header without resetting catalogs
  ---
  duration_ms: 0.545875
  type: 'test'
  ...
# Subtest: forced overview aborts a loading request and starts a newer request
ok 1117 - forced overview aborts a loading request and starts a newer request
  ---
  duration_ms: 3.143542
  type: 'test'
  ...
# Subtest: overview-player changes only five identity fields on the current tab
ok 1118 - overview-player changes only five identity fields on the current tab
  ---
  duration_ms: 0.436209
  type: 'test'
  ...
# Subtest: overview-player identity slice also updates background fields in place
ok 1119 - overview-player identity slice also updates background fields in place
  ---
  duration_ms: 0.176083
  type: 'test'
  ...
# Subtest: identity-ready status removes the global startup lock while snapshot loads
ok 1120 - identity-ready status removes the global startup lock while snapshot loads
  ---
  duration_ms: 21.065542
  type: 'test'
  ...
# Subtest: overview refresh button exposes a stable disabled loading state
ok 1121 - overview refresh button exposes a stable disabled loading state
  ---
  duration_ms: 12.255333
  type: 'test'
  ...
# Subtest: manual reread awaits the backend identity refresh before hard-refresh dispatch
ok 1122 - manual reread awaits the backend identity refresh before hard-refresh dispatch
  ---
  duration_ms: 0.178875
  type: 'test'
  ...
# Subtest: identity status with unresolved backdrop preserves the first overview art
ok 1123 - identity status with unresolved backdrop preserves the first overview art
  ---
  duration_ms: 0.269167
  type: 'test'
  ...
# Subtest: appearance scale options exactly match the desktop steps and precede density
ok 1124 - appearance scale options exactly match the desktop steps and precede density
  ---
  duration_ms: 336.061959
  type: 'test'
  ...
# Subtest: scaling applies without the desktop bridge and follows the window size
ok 1125 - scaling applies without the desktop bridge and follows the window size
  ---
  duration_ms: 1182.253333
  type: 'test'
  ...
# Subtest: desktop preference wins on startup; changes persist and auto labels update the visible custom select
ok 1126 - desktop preference wins on startup; changes persist and auto labels update the visible custom select
  ---
  duration_ms: 272.078875
  type: 'test'
  ...
# Subtest: a delayed get cannot undo a user selection made during startup
ok 1127 - a delayed get cannot undo a user selection made during startup
  ---
  duration_ms: 285.483417
  type: 'test'
  ...
# Subtest: auto 1366x768 = 1
ok 1128 - auto 1366x768 = 1
  ---
  duration_ms: 1.965708
  type: 'test'
  ...
# Subtest: auto 1600x900 = 1
ok 1129 - auto 1600x900 = 1
  ---
  duration_ms: 0.203166
  type: 'test'
  ...
# Subtest: auto 1920x1080 = 1
ok 1130 - auto 1920x1080 = 1
  ---
  duration_ms: 0.235375
  type: 'test'
  ...
# Subtest: auto 2304x1318 = 1.2
ok 1131 - auto 2304x1318 = 1.2
  ---
  duration_ms: 0.1945
  type: 'test'
  ...
# Subtest: auto 2560x1440 = 1.33
ok 1132 - auto 2560x1440 = 1.33
  ---
  duration_ms: 0.241583
  type: 'test'
  ...
# Subtest: auto 2560x1600 = 1.33
ok 1133 - auto 2560x1600 = 1.33
  ---
  duration_ms: 0.189792
  type: 'test'
  ...
# Subtest: auto 3440x1440 = 1.6
ok 1134 - auto 3440x1440 = 1.6
  ---
  duration_ms: 0.177167
  type: 'test'
  ...
# Subtest: auto 3840x2160 = 2
ok 1135 - auto 3840x2160 = 2
  ---
  duration_ms: 0.122709
  type: 'test'
  ...
# Subtest: auto 3840x1600 = 1.78
ok 1136 - auto 3840x1600 = 1.78
  ---
  duration_ms: 0.158834
  type: 'test'
  ...
# Subtest: auto 5120x2880 = 2.5
ok 1137 - auto 5120x2880 = 2.5
  ---
  duration_ms: 0.305584
  type: 'test'
  ...
# Subtest: auto 7680x4320 = 2.5
ok 1138 - auto 7680x4320 = 2.5
  ---
  duration_ms: 0.090875
  type: 'test'
  ...
# Subtest: auto 1024x600 = 1
ok 1139 - auto 1024x600 = 1
  ---
  duration_ms: 0.075208
  type: 'test'
  ...
# Subtest: continuous scale, quantization, clamps and manual-step normalization
ok 1140 - continuous scale, quantization, clamps and manual-step normalization
  ---
  duration_ms: 1.488583
  type: 'test'
  ...
# Subtest: scale mutants turn the corresponding geometry guards red
ok 1141 - scale mutants turn the corresponding geometry guards red
  ---
  duration_ms: 7.647333
  type: 'test'
  ...
# Subtest: titlebar, minimum size, reload, resize and display events run through the real main module
ok 1142 - titlebar, minimum size, reload, resize and display events run through the real main module
  ---
  duration_ms: 6.782917
  type: 'test'
  ...
# Subtest: IPC restores independent preferences, normalizes fixed values and rejects untrusted senders
ok 1143 - IPC restores independent preferences, normalizes fixed values and rejects untrusted senders
  ---
  duration_ms: 5.405166
  type: 'test'
  ...
# Subtest: main behavior guards reject titlebar, minimum size, trust, reload, debounce and export mutants
ok 1144 - main behavior guards reject titlebar, minimum size, trust, reload, debounce and export mutants
  ---
  duration_ms: 28.091583
  type: 'test'
  ...
# Subtest: preload exposes scale IPC without leaking the Electron event
ok 1145 - preload exposes scale IPC without leaking the Electron event
  ---
  duration_ms: 0.92625
  type: 'test'
  ...
# Subtest: packaged runtime includes the scaling module
ok 1146 - packaged runtime includes the scaling module
  ---
  duration_ms: 0.273
  type: 'test'
  ...
# Subtest: upgrade stdout may arrive after exit but before close without a false startup error
ok 1147 - upgrade stdout may arrive after exit but before close without a false startup error
  ---
  duration_ms: 4.648333
  type: 'test'
  ...
# Subtest: user quit shares the graceful path; unexpected backend death still reports
ok 1148 - user quit shares the graceful path; unexpected backend death still reports
  ---
  duration_ms: 1.785417
  type: 'test'
  ...
# Subtest: window bounds store writes and restores visible bounds
ok 1149 - window bounds store writes and restores visible bounds
  ---
  duration_ms: 2.562333
  type: 'test'
  ...
# Subtest: window bounds store rejects bounds that no longer intersect a display
ok 1150 - window bounds store rejects bounds that no longer intersect a display
  ---
  duration_ms: 0.843
  type: 'test'
  ...
# Subtest: window bounds store silently falls back on corrupt or unwritable data
ok 1151 - window bounds store silently falls back on corrupt or unwritable data
  ---
  duration_ms: 0.776042
  type: 'test'
  ...
# Subtest: desktop window opens at 72/80 percent of the work area on roomy screens
ok 1152 - desktop window opens at 72/80 percent of the work area on roomy screens
  ---
  duration_ms: 0.815792
  type: 'test'
  ...
# Subtest: small screens fall back to the design-width floor instead of 72 percent
ok 1153 - small screens fall back to the design-width floor instead of 72 percent
  ---
  duration_ms: 0.08725
  type: 'test'
  ...
# Subtest: desktop window clamps each dimension independently
ok 1154 - desktop window clamps each dimension independently
  ---
  duration_ms: 0.078
  type: 'test'
  ...
# Subtest: desktop main and topbar keep the shared sizing and drag-region callers
ok 1155 - desktop main and topbar keep the shared sizing and drag-region callers
  ---
  duration_ms: 0.291458
  type: 'test'
  ...
# Subtest: R47 desktop caller and high-resolution mutation probes fail
ok 1156 - R47 desktop caller and high-resolution mutation probes fail
  ---
  duration_ms: 5.23675
  type: 'test'
  ...
1..1156
# tests 1159
# suites 0
# pass 1152
# fail 6
# cancelled 0
# skipped 1
# todo 0
# duration_ms 253455.019375
