windows-build	UNKNOWN STEP	﻿2026-10-07T15:18:22.7315320Z Current runner version: '2.337.0'
windows-build	UNKNOWN STEP	2026-10-07T15:18:22.7339911Z ##[group]Runner Image Provisioner
windows-build	UNKNOWN STEP	2026-10-07T15:18:22.7340768Z Hosted Compute Agent
windows-build	UNKNOWN STEP	2026-10-07T15:18:22.7341232Z Version: 20260901.588
windows-build	UNKNOWN STEP	2026-10-07T15:18:22.7341724Z Commit: f88ec8081b781fac6c440065ac7ff9e710ce3d0b
windows-build	UNKNOWN STEP	2026-10-07T15:18:22.7342299Z Build Date: 2026-09-01T19:56:44Z
windows-build	UNKNOWN STEP	2026-10-07T15:18:22.7342836Z Worker ID: {ae5acc1f-f0d9-49b1-995f-c4016f65d5fb}
windows-build	UNKNOWN STEP	2026-10-07T15:18:22.7343384Z Azure Region: westus3
windows-build	UNKNOWN STEP	2026-10-07T15:18:22.7343808Z ##[endgroup]
windows-build	UNKNOWN STEP	2026-10-07T15:18:22.7344960Z ##[group]Operating System
windows-build	UNKNOWN STEP	2026-10-07T15:18:22.7345438Z Microsoft Windows Server 2025
windows-build	UNKNOWN STEP	2026-10-07T15:18:22.7345916Z 10.0.26100
windows-build	UNKNOWN STEP	2026-10-07T15:18:22.7346311Z Datacenter
windows-build	UNKNOWN STEP	2026-10-07T15:18:22.7346694Z ##[endgroup]
windows-build	UNKNOWN STEP	2026-10-07T15:18:22.7347123Z ##[group]Runner Image
windows-build	UNKNOWN STEP	2026-10-07T15:18:22.7347610Z Image: windows-2025-vs2026
windows-build	UNKNOWN STEP	2026-10-07T15:18:22.7348071Z Version: 20260925.250.1
windows-build	UNKNOWN STEP	2026-10-07T15:18:22.7349306Z Included Software: https://github.com/actions/runner-images/blob/win25-vs2026/20260925.250/images/windows/Windows2025-VS2026-Readme.md
windows-build	UNKNOWN STEP	2026-10-07T15:18:22.7350632Z Image Release: https://github.com/actions/runner-images/releases/tag/win25-vs2026%2F20260925.250
windows-build	UNKNOWN STEP	2026-10-07T15:18:22.7351377Z ##[endgroup]
windows-build	UNKNOWN STEP	2026-10-07T15:18:22.7352230Z ##[group]GITHUB_TOKEN Permissions
windows-build	UNKNOWN STEP	2026-10-07T15:18:22.7353772Z Contents: read
windows-build	UNKNOWN STEP	2026-10-07T15:18:22.7354236Z Metadata: read
windows-build	UNKNOWN STEP	2026-10-07T15:18:22.7354645Z ##[endgroup]
windows-build	UNKNOWN STEP	2026-10-07T15:18:22.7356370Z Secret source: Actions
windows-build	UNKNOWN STEP	2026-10-07T15:18:22.7357091Z Cache mode: write
windows-build	UNKNOWN STEP	2026-10-07T15:18:22.7357608Z Prepare workflow directory
windows-build	UNKNOWN STEP	2026-10-07T15:18:22.7653518Z Prepare all required actions
windows-build	UNKNOWN STEP	2026-10-07T15:18:22.7711337Z Getting action download info
windows-build	UNKNOWN STEP	2026-10-07T15:18:23.2763692Z Download action repository 'actions/checkout@v4' (SHA:11d5960a326750d5838078e36cf38b85af677262)
windows-build	UNKNOWN STEP	2026-10-07T15:18:23.3823827Z Download action repository 'actions/setup-go@v5' (SHA:40f1582b2485089dde7abd97c1529aa768e1baff)
windows-build	UNKNOWN STEP	2026-10-07T15:18:24.0012233Z Download action repository 'actions/setup-node@v4' (SHA:49933ea5288caeca8642d1e84afbd3f7d6820020)
windows-build	UNKNOWN STEP	2026-10-07T15:18:24.1419984Z Download action repository 'actions/upload-artifact@v4' (SHA:ea165f8d65b6e75b540449e92b4886f43607fa02)
windows-build	UNKNOWN STEP	2026-10-07T15:18:24.6004406Z Complete job name: windows-build
windows-build	UNKNOWN STEP	2026-10-07T15:18:24.7458087Z ##[group]Run actions/checkout@v4
windows-build	UNKNOWN STEP	2026-10-07T15:18:24.7459268Z with:
windows-build	UNKNOWN STEP	2026-10-07T15:18:24.7459884Z   repository: LLYY0418/Deep-Legends
windows-build	UNKNOWN STEP	2026-10-07T15:18:24.7465263Z   token: ***
windows-build	UNKNOWN STEP	2026-10-07T15:18:24.7465846Z   ssh-strict: true
windows-build	UNKNOWN STEP	2026-10-07T15:18:24.7466634Z   ssh-user: git
windows-build	UNKNOWN STEP	2026-10-07T15:18:24.7467314Z   persist-credentials: true
windows-build	UNKNOWN STEP	2026-10-07T15:18:24.7468077Z   clean: true
windows-build	UNKNOWN STEP	2026-10-07T15:18:24.7468684Z   sparse-checkout-cone-mode: true
windows-build	UNKNOWN STEP	2026-10-07T15:18:24.7469383Z   fetch-depth: 1
windows-build	UNKNOWN STEP	2026-10-07T15:18:24.7469992Z   fetch-tags: false
windows-build	UNKNOWN STEP	2026-10-07T15:18:24.7470594Z   show-progress: true
windows-build	UNKNOWN STEP	2026-10-07T15:18:24.7471202Z   lfs: false
windows-build	UNKNOWN STEP	2026-10-07T15:18:24.7471761Z   submodules: false
windows-build	UNKNOWN STEP	2026-10-07T15:18:24.7472372Z   set-safe-directory: true
windows-build	UNKNOWN STEP	2026-10-07T15:18:24.7473110Z   allow-unsafe-pr-checkout: false
windows-build	UNKNOWN STEP	2026-10-07T15:18:24.7474015Z ##[endgroup]
windows-build	UNKNOWN STEP	2026-10-07T15:18:24.8681464Z Syncing repository: LLYY0418/Deep-Legends
windows-build	UNKNOWN STEP	2026-10-07T15:18:24.8683468Z ##[group]Getting Git version info
windows-build	UNKNOWN STEP	2026-10-07T15:18:24.8684447Z Working directory is 'D:\a\Deep-Legends\Deep-Legends'
windows-build	UNKNOWN STEP	2026-10-07T15:18:24.9335310Z [command]"C:\Program Files\Git\bin\git.exe" version
windows-build	UNKNOWN STEP	2026-10-07T15:18:25.2855164Z git version 2.55.0.windows.5
windows-build	UNKNOWN STEP	2026-10-07T15:18:25.2893850Z ##[endgroup]
windows-build	UNKNOWN STEP	2026-10-07T15:18:25.2910808Z Temporarily overriding HOME='D:\a\_temp\bc68c231-2a9a-41c2-b9bc-7ba3aeb18a37' before making global git config changes
windows-build	UNKNOWN STEP	2026-10-07T15:18:25.2912519Z Adding repository directory to the temporary git global config as a safe directory
windows-build	UNKNOWN STEP	2026-10-07T15:18:25.2919328Z [command]"C:\Program Files\Git\bin\git.exe" config --global --add safe.directory D:\a\Deep-Legends\Deep-Legends
windows-build	UNKNOWN STEP	2026-10-07T15:18:25.3526472Z Deleting the contents of 'D:\a\Deep-Legends\Deep-Legends'
windows-build	UNKNOWN STEP	2026-10-07T15:18:25.3532484Z ##[group]Initializing the repository
windows-build	UNKNOWN STEP	2026-10-07T15:18:25.3539493Z [command]"C:\Program Files\Git\bin\git.exe" init D:\a\Deep-Legends\Deep-Legends
windows-build	UNKNOWN STEP	2026-10-07T15:18:25.4402886Z Initialized empty Git repository in D:/a/Deep-Legends/Deep-Legends/.git/
windows-build	UNKNOWN STEP	2026-10-07T15:18:25.4443536Z [command]"C:\Program Files\Git\bin\git.exe" remote add origin https://github.com/LLYY0418/Deep-Legends
windows-build	UNKNOWN STEP	2026-10-07T15:18:25.5032415Z ##[endgroup]
windows-build	UNKNOWN STEP	2026-10-07T15:18:25.5033565Z ##[group]Disabling automatic garbage collection
windows-build	UNKNOWN STEP	2026-10-07T15:18:25.5040085Z [command]"C:\Program Files\Git\bin\git.exe" config --local gc.auto 0
windows-build	UNKNOWN STEP	2026-10-07T15:18:25.5305263Z ##[endgroup]
windows-build	UNKNOWN STEP	2026-10-07T15:18:25.5306830Z ##[group]Setting up auth
windows-build	UNKNOWN STEP	2026-10-07T15:18:25.5316044Z [command]"C:\Program Files\Git\bin\git.exe" config --local --name-only --get-regexp core\.sshCommand
windows-build	UNKNOWN STEP	2026-10-07T15:18:25.5590505Z [command]"C:\Program Files\Git\bin\git.exe" submodule foreach --recursive "sh -c \"git config --local --name-only --get-regexp 'core\.sshCommand' && git config --local --unset-all 'core.sshCommand' || :\""
windows-build	UNKNOWN STEP	2026-10-07T15:18:27.2450555Z [command]"C:\Program Files\Git\bin\git.exe" config --local --name-only --get-regexp http\.https\:\/\/github\.com\/\.extraheader
windows-build	UNKNOWN STEP	2026-10-07T15:18:27.2734588Z [command]"C:\Program Files\Git\bin\git.exe" submodule foreach --recursive "sh -c \"git config --local --name-only --get-regexp 'http\.https\:\/\/github\.com\/\.extraheader' && git config --local --unset-all 'http.https://github.com/.extraheader' || :\""
windows-build	UNKNOWN STEP	2026-10-07T15:18:27.7552617Z [command]"C:\Program Files\Git\bin\git.exe" config --local --name-only --get-regexp ^includeIf\.gitdir:
windows-build	UNKNOWN STEP	2026-10-07T15:18:27.7816437Z [command]"C:\Program Files\Git\bin\git.exe" submodule foreach --recursive "git config --local --show-origin --name-only --get-regexp remote.origin.url"
windows-build	UNKNOWN STEP	2026-10-07T15:18:28.2307141Z [command]"C:\Program Files\Git\bin\git.exe" config --local http.https://github.com/.extraheader "AUTHORIZATION: basic ***"
windows-build	UNKNOWN STEP	2026-10-07T15:18:28.2569906Z ##[endgroup]
windows-build	UNKNOWN STEP	2026-10-07T15:18:28.2570640Z ##[group]Fetching the repository
windows-build	UNKNOWN STEP	2026-10-07T15:18:28.2583680Z [command]"C:\Program Files\Git\bin\git.exe" -c protocol.version=2 fetch --no-tags --prune --no-recurse-submodules --depth=1 origin +29d57bb2b47f105a7fb99174254987a8e4f1d26b:refs/tags/v0.12.77
windows-build	UNKNOWN STEP	2026-10-07T15:18:34.4331771Z From https://github.com/LLYY0418/Deep-Legends
windows-build	UNKNOWN STEP	2026-10-07T15:18:34.4369409Z  * [new ref]         29d57bb2b47f105a7fb99174254987a8e4f1d26b -> v0.12.77
windows-build	UNKNOWN STEP	2026-10-07T15:18:34.4371076Z ##[endgroup]
windows-build	UNKNOWN STEP	2026-10-07T15:18:34.4372615Z ##[group]Determining the checkout info
windows-build	UNKNOWN STEP	2026-10-07T15:18:34.4373175Z ##[endgroup]
windows-build	UNKNOWN STEP	2026-10-07T15:18:34.4382076Z [command]"C:\Program Files\Git\bin\git.exe" sparse-checkout disable
windows-build	UNKNOWN STEP	2026-10-07T15:18:34.4816671Z [command]"C:\Program Files\Git\bin\git.exe" config --local --unset-all extensions.worktreeConfig
windows-build	UNKNOWN STEP	2026-10-07T15:18:34.5069394Z ##[group]Checking out the ref
windows-build	UNKNOWN STEP	2026-10-07T15:18:34.5077783Z [command]"C:\Program Files\Git\bin\git.exe" checkout --progress --force refs/tags/v0.12.77
windows-build	UNKNOWN STEP	2026-10-07T15:18:35.6563785Z Updating files:  46% (2254/4805)
windows-build	UNKNOWN STEP	2026-10-07T15:18:35.9255826Z Updating files:  47% (2259/4805)
windows-build	UNKNOWN STEP	2026-10-07T15:18:35.9375901Z Updating files:  48% (2307/4805)
windows-build	UNKNOWN STEP	2026-10-07T15:18:35.9482015Z Updating files:  49% (2355/4805)
windows-build	UNKNOWN STEP	2026-10-07T15:18:35.9704477Z Updating files:  50% (2403/4805)
windows-build	UNKNOWN STEP	2026-10-07T15:18:35.9837555Z Updating files:  51% (2451/4805)
windows-build	UNKNOWN STEP	2026-10-07T15:18:35.9995585Z Updating files:  52% (2499/4805)
windows-build	UNKNOWN STEP	2026-10-07T15:18:36.0287068Z Updating files:  53% (2547/4805)
windows-build	UNKNOWN STEP	2026-10-07T15:18:36.0635070Z Updating files:  54% (2595/4805)
windows-build	UNKNOWN STEP	2026-10-07T15:18:36.0912583Z Updating files:  55% (2643/4805)
windows-build	UNKNOWN STEP	2026-10-07T15:18:36.1022777Z Updating files:  56% (2691/4805)
windows-build	UNKNOWN STEP	2026-10-07T15:18:36.1301541Z Updating files:  57% (2739/4805)
windows-build	UNKNOWN STEP	2026-10-07T15:18:36.1433339Z Updating files:  58% (2787/4805)
windows-build	UNKNOWN STEP	2026-10-07T15:18:36.1725840Z Updating files:  59% (2835/4805)
windows-build	UNKNOWN STEP	2026-10-07T15:18:36.1994846Z Updating files:  60% (2883/4805)
windows-build	UNKNOWN STEP	2026-10-07T15:18:36.2255446Z Updating files:  61% (2932/4805)
windows-build	UNKNOWN STEP	2026-10-07T15:18:36.2398431Z Updating files:  62% (2980/4805)
windows-build	UNKNOWN STEP	2026-10-07T15:18:36.2557490Z Updating files:  63% (3028/4805)
windows-build	UNKNOWN STEP	2026-10-07T15:18:36.2696837Z Updating files:  64% (3076/4805)
windows-build	UNKNOWN STEP	2026-10-07T15:18:36.2845925Z Updating files:  65% (3124/4805)
windows-build	UNKNOWN STEP	2026-10-07T15:18:36.2958827Z Updating files:  66% (3172/4805)
windows-build	UNKNOWN STEP	2026-10-07T15:18:36.3046018Z Updating files:  67% (3220/4805)
windows-build	UNKNOWN STEP	2026-10-07T15:18:36.3165484Z Updating files:  68% (3268/4805)
windows-build	UNKNOWN STEP	2026-10-07T15:18:36.3279702Z Updating files:  69% (3316/4805)
windows-build	UNKNOWN STEP	2026-10-07T15:18:36.3400948Z Updating files:  70% (3364/4805)
windows-build	UNKNOWN STEP	2026-10-07T15:18:36.3511916Z Updating files:  71% (3412/4805)
windows-build	UNKNOWN STEP	2026-10-07T15:18:36.3615309Z Updating files:  72% (3460/4805)
windows-build	UNKNOWN STEP	2026-10-07T15:18:36.3713663Z Updating files:  73% (3508/4805)
windows-build	UNKNOWN STEP	2026-10-07T15:18:36.3850003Z Updating files:  74% (3556/4805)
windows-build	UNKNOWN STEP	2026-10-07T15:18:36.3955628Z Updating files:  75% (3604/4805)
windows-build	UNKNOWN STEP	2026-10-07T15:18:36.4055248Z Updating files:  76% (3652/4805)
windows-build	UNKNOWN STEP	2026-10-07T15:18:36.4217255Z Updating files:  77% (3700/4805)
windows-build	UNKNOWN STEP	2026-10-07T15:18:36.4338197Z Updating files:  78% (3748/4805)
windows-build	UNKNOWN STEP	2026-10-07T15:18:36.4481506Z Updating files:  79% (3796/4805)
windows-build	UNKNOWN STEP	2026-10-07T15:18:36.4618204Z Updating files:  80% (3844/4805)
windows-build	UNKNOWN STEP	2026-10-07T15:18:36.4899549Z Updating files:  81% (3893/4805)
windows-build	UNKNOWN STEP	2026-10-07T15:18:36.4985444Z Updating files:  82% (3941/4805)
windows-build	UNKNOWN STEP	2026-10-07T15:18:36.5137048Z Updating files:  83% (3989/4805)
windows-build	UNKNOWN STEP	2026-10-07T15:18:36.5374518Z Updating files:  84% (4037/4805)
windows-build	UNKNOWN STEP	2026-10-07T15:18:36.5747647Z Updating files:  85% (4085/4805)
windows-build	UNKNOWN STEP	2026-10-07T15:18:36.5924225Z Updating files:  85% (4111/4805)
windows-build	UNKNOWN STEP	2026-10-07T15:18:36.6054583Z Updating files:  86% (4133/4805)
windows-build	UNKNOWN STEP	2026-10-07T15:18:36.6374023Z Updating files:  87% (4181/4805)
windows-build	UNKNOWN STEP	2026-10-07T15:18:36.6489905Z Updating files:  88% (4229/4805)
windows-build	UNKNOWN STEP	2026-10-07T15:18:36.6585381Z Updating files:  89% (4277/4805)
windows-build	UNKNOWN STEP	2026-10-07T15:18:36.6727242Z Updating files:  90% (4325/4805)
windows-build	UNKNOWN STEP	2026-10-07T15:18:36.6827738Z Updating files:  91% (4373/4805)
windows-build	UNKNOWN STEP	2026-10-07T15:18:36.6937408Z Updating files:  92% (4421/4805)
windows-build	UNKNOWN STEP	2026-10-07T15:18:36.7079769Z Updating files:  93% (4469/4805)
windows-build	UNKNOWN STEP	2026-10-07T15:18:36.7152396Z Updating files:  94% (4517/4805)
windows-build	UNKNOWN STEP	2026-10-07T15:18:36.7242343Z Updating files:  95% (4565/4805)
windows-build	UNKNOWN STEP	2026-10-07T15:18:36.7351447Z Updating files:  96% (4613/4805)
windows-build	UNKNOWN STEP	2026-10-07T15:18:36.7449144Z Updating files:  97% (4661/4805)
windows-build	UNKNOWN STEP	2026-10-07T15:18:36.7546305Z Updating files:  98% (4709/4805)
windows-build	UNKNOWN STEP	2026-10-07T15:18:36.7643547Z Updating files:  99% (4757/4805)
windows-build	UNKNOWN STEP	2026-10-07T15:18:36.7643898Z Updating files: 100% (4805/4805)
windows-build	UNKNOWN STEP	2026-10-07T15:18:36.7644190Z Updating files: 100% (4805/4805), done.
windows-build	UNKNOWN STEP	2026-10-07T15:18:36.8141498Z Note: switching to 'refs/tags/v0.12.77'.
windows-build	UNKNOWN STEP	2026-10-07T15:18:36.8141821Z 
windows-build	UNKNOWN STEP	2026-10-07T15:18:36.8142049Z You are in 'detached HEAD' state. You can look around, make experimental
windows-build	UNKNOWN STEP	2026-10-07T15:18:36.8142624Z changes and commit them, and you can discard any commits you make in this
windows-build	UNKNOWN STEP	2026-10-07T15:18:36.8143089Z state without impacting any branches by switching back to a branch.
windows-build	UNKNOWN STEP	2026-10-07T15:18:36.8143290Z 
windows-build	UNKNOWN STEP	2026-10-07T15:18:36.8143429Z If you want to create a new branch to retain commits you create, you may
windows-build	UNKNOWN STEP	2026-10-07T15:18:36.8143794Z do so (now or later) by using -c with the switch command. Example:
windows-build	UNKNOWN STEP	2026-10-07T15:18:36.8143985Z 
windows-build	UNKNOWN STEP	2026-10-07T15:18:36.8144148Z   git switch -c <new-branch-name>
windows-build	UNKNOWN STEP	2026-10-07T15:18:36.8144351Z 
windows-build	UNKNOWN STEP	2026-10-07T15:18:36.8144487Z Or undo this operation with:
windows-build	UNKNOWN STEP	2026-10-07T15:18:36.8144613Z 
windows-build	UNKNOWN STEP	2026-10-07T15:18:36.8144677Z   git switch -
windows-build	UNKNOWN STEP	2026-10-07T15:18:36.8144773Z 
windows-build	UNKNOWN STEP	2026-10-07T15:18:36.8144934Z Turn off this advice by setting config variable advice.detachedHead to false
windows-build	UNKNOWN STEP	2026-10-07T15:18:36.8145155Z 
windows-build	UNKNOWN STEP	2026-10-07T15:18:36.9685984Z HEAD is now at 29d57bb R238: audit fresh Electron source runtime with complete navigation diagnostics
windows-build	UNKNOWN STEP	2026-10-07T15:18:37.0088107Z ##[endgroup]
windows-build	UNKNOWN STEP	2026-10-07T15:18:37.0720589Z [command]"C:\Program Files\Git\bin\git.exe" log -1 --format=%H
windows-build	UNKNOWN STEP	2026-10-07T15:18:37.1058803Z 29d57bb2b47f105a7fb99174254987a8e4f1d26b
windows-build	UNKNOWN STEP	2026-10-07T15:18:37.1523175Z ##[group]Run actions/setup-go@v5
windows-build	UNKNOWN STEP	2026-10-07T15:18:37.1523477Z with:
windows-build	UNKNOWN STEP	2026-10-07T15:18:37.1523645Z   go-version-file: go.mod
windows-build	UNKNOWN STEP	2026-10-07T15:18:37.1524025Z   cache: true
windows-build	UNKNOWN STEP	2026-10-07T15:18:37.1524185Z   check-latest: false
windows-build	UNKNOWN STEP	2026-10-07T15:18:37.1526046Z   token: ***
windows-build	UNKNOWN STEP	2026-10-07T15:18:37.1526208Z ##[endgroup]
windows-build	UNKNOWN STEP	2026-10-07T15:18:37.3090724Z Setup go version spec 1.24
windows-build	UNKNOWN STEP	2026-10-07T15:18:37.3760611Z Found in cache @ C:\hostedtoolcache\windows\go\1.24.13\x64
windows-build	UNKNOWN STEP	2026-10-07T15:18:37.3763470Z (node:852) [DEP0040] DeprecationWarning: The `punycode` module is deprecated. Please use a userland alternative instead.
windows-build	UNKNOWN STEP	2026-10-07T15:18:37.3764209Z (Use `node --trace-deprecation ...` to show where the warning was created)
windows-build	UNKNOWN STEP	2026-10-07T15:18:37.3770703Z Added go to the path
windows-build	UNKNOWN STEP	2026-10-07T15:18:37.3773905Z Successfully set up Go version 1.24
windows-build	UNKNOWN STEP	2026-10-07T15:18:49.7901993Z [command]C:\hostedtoolcache\windows\go\1.24.13\x64\bin\go.exe env GOCACHE
windows-build	UNKNOWN STEP	2026-10-07T15:18:49.7944381Z [command]C:\hostedtoolcache\windows\go\1.24.13\x64\bin\go.exe env GOMODCACHE
windows-build	UNKNOWN STEP	2026-10-07T15:18:49.8241517Z C:\Users\runneradmin\AppData\Local\go-build
windows-build	UNKNOWN STEP	2026-10-07T15:18:49.8254626Z C:\Users\runneradmin\go\pkg\mod
windows-build	UNKNOWN STEP	2026-10-07T15:18:50.5566360Z Cache hit for: setup-go-Windows-x64-go-1.24.13-a9fc12c66c581ebd975c04924614d911b843067079247990d4be659063ce44db
windows-build	UNKNOWN STEP	2026-10-07T15:18:50.5661394Z (node:852) [DEP0169] DeprecationWarning: `url.parse()` behavior is not standardized and prone to errors that have security implications. Use the WHATWG URL API instead. CVEs are not issued for `url.parse()` vulnerabilities.
windows-build	UNKNOWN STEP	2026-10-07T15:18:51.7635453Z Received 100663296 of 183118592 (55.0%), 95.6 MBs/sec
windows-build	UNKNOWN STEP	2026-10-07T15:18:52.8056962Z Received 183118592 of 183118592 (100.0%), 85.4 MBs/sec
windows-build	UNKNOWN STEP	2026-10-07T15:18:52.8060336Z Cache Size: ~175 MB (183118592 B)
windows-build	UNKNOWN STEP	2026-10-07T15:18:53.0129825Z [command]"C:\Program Files\Git\usr\bin\tar.exe" -xf D:/a/_temp/3ac6bb8f-fd2d-42fd-981d-a4c74a7b9ef0/cache.tzst -P -C D:/a/Deep-Legends/Deep-Legends --force-local --use-compress-program "zstd -d"
windows-build	UNKNOWN STEP	2026-10-07T15:19:13.8557913Z Cache restored successfully
windows-build	UNKNOWN STEP	2026-10-07T15:19:13.8653451Z Cache restored from key: setup-go-Windows-x64-go-1.24.13-a9fc12c66c581ebd975c04924614d911b843067079247990d4be659063ce44db
windows-build	UNKNOWN STEP	2026-10-07T15:19:13.8678235Z go version go1.24.13 windows/amd64
windows-build	UNKNOWN STEP	2026-10-07T15:19:13.8678509Z 
windows-build	UNKNOWN STEP	2026-10-07T15:19:13.8678929Z ##[group]go env
windows-build	UNKNOWN STEP	2026-10-07T15:19:14.8840312Z set AR=ar
windows-build	UNKNOWN STEP	2026-10-07T15:19:14.8840607Z set CC=gcc
windows-build	UNKNOWN STEP	2026-10-07T15:19:14.8841084Z set CGO_CFLAGS=-O2 -g
windows-build	UNKNOWN STEP	2026-10-07T15:19:14.8841551Z set CGO_CPPFLAGS=
windows-build	UNKNOWN STEP	2026-10-07T15:19:14.8841822Z set CGO_CXXFLAGS=-O2 -g
windows-build	UNKNOWN STEP	2026-10-07T15:19:14.8842005Z set CGO_ENABLED=1
windows-build	UNKNOWN STEP	2026-10-07T15:19:14.8842179Z set CGO_FFLAGS=-O2 -g
windows-build	UNKNOWN STEP	2026-10-07T15:19:14.8842356Z set CGO_LDFLAGS=-O2 -g
windows-build	UNKNOWN STEP	2026-10-07T15:19:14.8842525Z set CXX=g++
windows-build	UNKNOWN STEP	2026-10-07T15:19:14.8842675Z set GCCGO=gccgo
windows-build	UNKNOWN STEP	2026-10-07T15:19:14.8842870Z set GO111MODULE=
windows-build	UNKNOWN STEP	2026-10-07T15:19:14.8843027Z set GOAMD64=v1
windows-build	UNKNOWN STEP	2026-10-07T15:19:14.8843182Z set GOARCH=amd64
windows-build	UNKNOWN STEP	2026-10-07T15:19:14.8843331Z set GOAUTH=netrc
windows-build	UNKNOWN STEP	2026-10-07T15:19:14.8843528Z set GOBIN=
windows-build	UNKNOWN STEP	2026-10-07T15:19:14.8843743Z set GOCACHE=C:\Users\runneradmin\AppData\Local\go-build
windows-build	UNKNOWN STEP	2026-10-07T15:19:14.8844012Z set GOCACHEPROG=
windows-build	UNKNOWN STEP	2026-10-07T15:19:14.8844171Z set GODEBUG=
windows-build	UNKNOWN STEP	2026-10-07T15:19:14.8844474Z set GOENV=C:\Users\runneradmin\AppData\Roaming\go\env
windows-build	UNKNOWN STEP	2026-10-07T15:19:14.8844738Z set GOEXE=.exe
windows-build	UNKNOWN STEP	2026-10-07T15:19:14.8844894Z set GOEXPERIMENT=
windows-build	UNKNOWN STEP	2026-10-07T15:19:14.8845053Z set GOFIPS140=off
windows-build	UNKNOWN STEP	2026-10-07T15:19:14.8845198Z set GOFLAGS=
windows-build	UNKNOWN STEP	2026-10-07T15:19:14.8845775Z set GOGCCFLAGS=-m64 -mthreads -Wl,--no-gc-sections -fmessage-length=0 -ffile-prefix-map=C:\Users\RUNNER~1\AppData\Local\Temp\go-build2514747294=/tmp/go-build -gno-record-gcc-switches
windows-build	UNKNOWN STEP	2026-10-07T15:19:14.8846340Z set GOHOSTARCH=amd64
windows-build	UNKNOWN STEP	2026-10-07T15:19:14.8846664Z set GOHOSTOS=windows
windows-build	UNKNOWN STEP	2026-10-07T15:19:14.8846910Z set GOINSECURE=
windows-build	UNKNOWN STEP	2026-10-07T15:19:14.8847214Z set GOMOD=D:\a\Deep-Legends\Deep-Legends\go.mod
windows-build	UNKNOWN STEP	2026-10-07T15:19:14.8847632Z set GOMODCACHE=C:\Users\runneradmin\go\pkg\mod
windows-build	UNKNOWN STEP	2026-10-07T15:19:14.8850204Z set GONOPROXY=
windows-build	UNKNOWN STEP	2026-10-07T15:19:14.8850506Z set GONOSUMDB=
windows-build	UNKNOWN STEP	2026-10-07T15:19:14.8850683Z set GOOS=windows
windows-build	UNKNOWN STEP	2026-10-07T15:19:14.8851048Z set GOPATH=C:\Users\runneradmin\go
windows-build	UNKNOWN STEP	2026-10-07T15:19:14.8851596Z set GOPRIVATE=
windows-build	UNKNOWN STEP	2026-10-07T15:19:14.8851847Z set GOPROXY=https://proxy.golang.org,direct
windows-build	UNKNOWN STEP	2026-10-07T15:19:14.8852137Z set GOROOT=C:\hostedtoolcache\windows\go\1.24.13\x64
windows-build	UNKNOWN STEP	2026-10-07T15:19:14.8852382Z set GOSUMDB=sum.golang.org
windows-build	UNKNOWN STEP	2026-10-07T15:19:14.8852566Z set GOTELEMETRY=local
windows-build	UNKNOWN STEP	2026-10-07T15:19:14.8852819Z set GOTELEMETRYDIR=C:\Users\runneradmin\AppData\Roaming\go\telemetry
windows-build	UNKNOWN STEP	2026-10-07T15:19:14.8853101Z set GOTMPDIR=
windows-build	UNKNOWN STEP	2026-10-07T15:19:14.8853254Z set GOTOOLCHAIN=auto
windows-build	UNKNOWN STEP	2026-10-07T15:19:14.8853527Z set GOTOOLDIR=C:\hostedtoolcache\windows\go\1.24.13\x64\pkg\tool\windows_amd64
windows-build	UNKNOWN STEP	2026-10-07T15:19:14.8853816Z set GOVCS=
windows-build	UNKNOWN STEP	2026-10-07T15:19:14.8853975Z set GOVERSION=go1.24.13
windows-build	UNKNOWN STEP	2026-10-07T15:19:14.8854141Z set GOWORK=
windows-build	UNKNOWN STEP	2026-10-07T15:19:14.8854302Z set PKG_CONFIG=pkg-config
windows-build	UNKNOWN STEP	2026-10-07T15:19:14.8854421Z 
windows-build	UNKNOWN STEP	2026-10-07T15:19:14.8854769Z ##[endgroup]
windows-build	UNKNOWN STEP	2026-10-07T15:19:14.9140094Z ##[group]Run actions/setup-node@v4
windows-build	UNKNOWN STEP	2026-10-07T15:19:14.9140427Z with:
windows-build	UNKNOWN STEP	2026-10-07T15:19:14.9140586Z   node-version: 22
windows-build	UNKNOWN STEP	2026-10-07T15:19:14.9140750Z   cache: npm
windows-build	UNKNOWN STEP	2026-10-07T15:19:14.9140945Z   cache-dependency-path: desktop/package-lock.json
windows-build	UNKNOWN STEP	2026-10-07T15:19:14.9141188Z   always-auth: false
windows-build	UNKNOWN STEP	2026-10-07T15:19:14.9141358Z   check-latest: false
windows-build	UNKNOWN STEP	2026-10-07T15:19:14.9143214Z   token: ***
windows-build	UNKNOWN STEP	2026-10-07T15:19:14.9143388Z ##[endgroup]
windows-build	UNKNOWN STEP	2026-10-07T15:19:15.0765141Z Found in cache @ C:\hostedtoolcache\windows\node\22.23.3\x64
windows-build	UNKNOWN STEP	2026-10-07T15:19:15.0771780Z (node:3804) [DEP0040] DeprecationWarning: The `punycode` module is deprecated. Please use a userland alternative instead.
windows-build	UNKNOWN STEP	2026-10-07T15:19:15.0772338Z (Use `node --trace-deprecation ...` to show where the warning was created)
windows-build	UNKNOWN STEP	2026-10-07T15:19:15.0774493Z ##[group]Environment details
windows-build	UNKNOWN STEP	2026-10-07T15:19:20.7774859Z node: v22.23.3
windows-build	UNKNOWN STEP	2026-10-07T15:19:20.7775182Z npm: 10.9.9
windows-build	UNKNOWN STEP	2026-10-07T15:19:20.7775577Z yarn: 1.22.22
windows-build	UNKNOWN STEP	2026-10-07T15:19:20.7776413Z ##[endgroup]
windows-build	UNKNOWN STEP	2026-10-07T15:19:20.8233104Z [command]C:\Windows\system32\cmd.exe /D /S /C "C:\hostedtoolcache\windows\node\22.23.3\x64\npm.cmd config get cache"
windows-build	UNKNOWN STEP	2026-10-07T15:19:21.3833263Z C:\npm\cache
windows-build	UNKNOWN STEP	2026-10-07T15:19:21.7463607Z npm cache is not found
windows-build	UNKNOWN STEP	2026-10-07T15:19:21.7767205Z ##[group]Run node scripts/prepare-r238-update-fixture.cjs
windows-build	UNKNOWN STEP	2026-10-07T15:19:21.7767683Z ^[[36;1mnode scripts/prepare-r238-update-fixture.cjs^[[0m
windows-build	UNKNOWN STEP	2026-10-07T15:19:21.9092486Z shell: C:\Program Files\PowerShell\7\pwsh.EXE -command ". '{0}'"
windows-build	UNKNOWN STEP	2026-10-07T15:19:21.9092802Z ##[endgroup]
windows-build	UNKNOWN STEP	2026-10-07T15:19:23.8695484Z {"version":"0.12.76","public":true,"size":111854592,"sha256":"01014312b60e591a05bfc87f86e098adf6c5fc5e59520db5aedac5b5dba02ff3","directory":"D:\\a\\Deep-Legends\\Deep-Legends\\docs\\history\\reports\\release-0.12.76\\anonymous-assets"}
windows-build	UNKNOWN STEP	2026-10-07T15:19:24.0471937Z ##[group]Run npm ci --prefix desktop
windows-build	UNKNOWN STEP	2026-10-07T15:19:24.0472271Z ^[[36;1mnpm ci --prefix desktop^[[0m
windows-build	UNKNOWN STEP	2026-10-07T15:19:24.0530067Z shell: C:\Program Files\PowerShell\7\pwsh.EXE -command ". '{0}'"
windows-build	UNKNOWN STEP	2026-10-07T15:19:24.0530363Z ##[endgroup]
windows-build	UNKNOWN STEP	2026-10-07T15:19:32.7109201Z npm warn deprecated rimraf@2.6.3: Rimraf versions prior to v4 are no longer supported
windows-build	UNKNOWN STEP	2026-10-07T15:19:33.8268374Z npm warn deprecated inflight@1.0.6: This module is not supported, and leaks memory. Do not use it. Check out lru-cache if you want a good and tested way to coalesce async requests by a key value, which is much more comprehensive and powerful.
windows-build	UNKNOWN STEP	2026-10-07T15:19:34.4075638Z npm warn deprecated glob@7.2.3: Glob versions prior to v9 are no longer supported
windows-build	UNKNOWN STEP	2026-10-07T15:19:35.9914266Z npm warn deprecated boolean@3.2.0: Package no longer supported. Contact Support at https://www.npmjs.com/support for more info.
windows-build	UNKNOWN STEP	2026-10-07T15:19:40.0192026Z 
windows-build	UNKNOWN STEP	2026-10-07T15:19:40.0193044Z added 323 packages, and audited 324 packages in 15s
windows-build	UNKNOWN STEP	2026-10-07T15:19:40.0193414Z 
windows-build	UNKNOWN STEP	2026-10-07T15:19:40.0193551Z 56 packages are looking for funding
windows-build	UNKNOWN STEP	2026-10-07T15:19:40.0193816Z   run `npm fund` for details
windows-build	UNKNOWN STEP	2026-10-07T15:19:40.0702531Z 
windows-build	UNKNOWN STEP	2026-10-07T15:19:40.0703342Z 16 vulnerabilities (8 moderate, 8 high)
windows-build	UNKNOWN STEP	2026-10-07T15:19:40.0705078Z 
windows-build	UNKNOWN STEP	2026-10-07T15:19:40.0705298Z To address issues that do not require attention, run:
windows-build	UNKNOWN STEP	2026-10-07T15:19:40.0705819Z   npm audit fix
windows-build	UNKNOWN STEP	2026-10-07T15:19:40.0705957Z 
windows-build	UNKNOWN STEP	2026-10-07T15:19:40.0706197Z To address all issues (including breaking changes), run:
windows-build	UNKNOWN STEP	2026-10-07T15:19:40.0706595Z   npm audit fix --force
windows-build	UNKNOWN STEP	2026-10-07T15:19:40.0706759Z 
windows-build	UNKNOWN STEP	2026-10-07T15:19:40.0706886Z Run `npm audit` for details.
windows-build	UNKNOWN STEP	2026-10-07T15:19:43.6852462Z ##[group]Run node -e "require('./scripts/r248-electron.cjs').probe({phase:'after',state:'DISABLED',storedBounds:{x:40,y:40,width:1050,height:750,maximized:false}}).then(r=>console.log(JSON.stringify(r.shows))).catch(e=>{console.error(e);process.exitCode=1})"
windows-build	UNKNOWN STEP	2026-10-07T15:19:43.6853885Z ^[[36;1mnode -e "require('./scripts/r248-electron.cjs').probe({phase:'after',state:'DISABLED',storedBounds:{x:40,y:40,width:1050,height:750,maximized:false}}).then(r=>console.log(JSON.stringify(r.shows))).catch(e=>{console.error(e);process.exitCode=1})"^[[0m
windows-build	UNKNOWN STEP	2026-10-07T15:19:43.6854716Z ^[[36;1mif ($LASTEXITCODE -ne 0) { throw "Default first-frame audit failed" }^[[0m
windows-build	UNKNOWN STEP	2026-10-07T15:19:43.6914673Z shell: C:\Program Files\PowerShell\7\pwsh.EXE -command ". '{0}'"
windows-build	UNKNOWN STEP	2026-10-07T15:19:43.6914954Z env:
windows-build	UNKNOWN STEP	2026-10-07T15:19:43.6915201Z   R248_ELECTRON_OUTPUT: D:\a\_temp/deep-legends-r238-default-electron
windows-build	UNKNOWN STEP	2026-10-07T15:19:43.6915484Z ##[endgroup]
windows-build	UNKNOWN STEP	2026-10-07T15:19:44.4488538Z Downloading Electron binary...
windows-build	UNKNOWN STEP	2026-10-07T15:19:51.8215275Z [{"number":1,"bounds":{"x":40,"y":40,"width":1024,"height":720},"content":{"state":"disabled","overlayHidden":true,"frameHidden":false,"frameInert":true,"formVisible":false,"expiryVisible":false},"resizable":true,"maximizable":true,"opacity":1,"captureInvokedAtShow":true}]
windows-build	UNKNOWN STEP	2026-10-07T15:19:51.9298866Z ##[group]Run actions/upload-artifact@v4
windows-build	UNKNOWN STEP	2026-10-07T15:19:51.9299178Z with:
windows-build	UNKNOWN STEP	2026-10-07T15:19:51.9299378Z   name: r238-default-electron-windows
windows-build	UNKNOWN STEP	2026-10-07T15:19:51.9299655Z   path: D:\a\_temp/deep-legends-r238-default-electron/**
windows-build	UNKNOWN STEP	2026-10-07T15:19:51.9299917Z   if-no-files-found: warn
windows-build	UNKNOWN STEP	2026-10-07T15:19:51.9300129Z   compression-level: 6
windows-build	UNKNOWN STEP	2026-10-07T15:19:51.9300305Z   overwrite: false
windows-build	UNKNOWN STEP	2026-10-07T15:19:51.9300478Z   include-hidden-files: false
windows-build	UNKNOWN STEP	2026-10-07T15:19:51.9300672Z ##[endgroup]
windows-build	UNKNOWN STEP	2026-10-07T15:19:52.1025266Z (node:6028) [DEP0040] DeprecationWarning: The `punycode` module is deprecated. Please use a userland alternative instead.
windows-build	UNKNOWN STEP	2026-10-07T15:19:52.1025920Z (Use `node --trace-deprecation ...` to show where the warning was created)
windows-build	UNKNOWN STEP	2026-10-07T15:19:52.1091800Z With the provided path, there will be 5 files uploaded
windows-build	UNKNOWN STEP	2026-10-07T15:19:52.1096106Z Artifact name is valid!
windows-build	UNKNOWN STEP	2026-10-07T15:19:52.1097510Z Root directory input is valid!
windows-build	UNKNOWN STEP	2026-10-07T15:19:52.5159138Z Beginning upload of artifact content to blob storage
windows-build	UNKNOWN STEP	2026-10-07T15:19:52.5450045Z (node:6028) [DEP0169] DeprecationWarning: `url.parse()` behavior is not standardized and prone to errors that have security implications. Use the WHATWG URL API instead. CVEs are not issued for `url.parse()` vulnerabilities.
windows-build	UNKNOWN STEP	2026-10-07T15:19:52.9177260Z Uploaded bytes 107401
windows-build	UNKNOWN STEP	2026-10-07T15:19:52.9814667Z Finished uploading artifact content to blob storage!
windows-build	UNKNOWN STEP	2026-10-07T15:19:52.9815629Z SHA256 digest of uploaded artifact zip is 664cf238f1275bcb13350d1bffbad09ded8125538b08fea6beef7da6b8eaaa05
windows-build	UNKNOWN STEP	2026-10-07T15:19:52.9817650Z Finalizing artifact upload
windows-build	UNKNOWN STEP	2026-10-07T15:19:53.2475454Z Artifact r238-default-electron-windows.zip successfully finalized. Artifact ID 11492168768
windows-build	UNKNOWN STEP	2026-10-07T15:19:53.2476724Z Artifact r238-default-electron-windows has been successfully uploaded! Final size is 107401 bytes. Artifact ID is 11492168768
windows-build	UNKNOWN STEP	2026-10-07T15:19:53.2485835Z Artifact download URL: https://github.com/LLYY0418/Deep-Legends/actions/runs/37642767328/artifacts/11492168768
windows-build	UNKNOWN STEP	2026-10-07T15:19:53.2764106Z ##[group]Run node scripts/run-ci-tests.cjs go backend
windows-build	UNKNOWN STEP	2026-10-07T15:19:53.2764683Z ^[[36;1mnode scripts/run-ci-tests.cjs go backend^[[0m
windows-build	UNKNOWN STEP	2026-10-07T15:19:53.2765281Z ^[[36;1mif ($LASTEXITCODE -ne 0) { throw "Windows backend tests or pass inventory failed" }^[[0m
windows-build	UNKNOWN STEP	2026-10-07T15:19:53.2766131Z ^[[36;1mnode scripts/run-ci-tests.cjs go installer^[[0m
windows-build	UNKNOWN STEP	2026-10-07T15:19:53.2766579Z ^[[36;1mif ($LASTEXITCODE -ne 0) { throw "Windows installer tests or pass inventory failed" }^[[0m
windows-build	UNKNOWN STEP	2026-10-07T15:19:53.2825618Z shell: C:\Program Files\PowerShell\7\pwsh.EXE -command ". '{0}'"
windows-build	UNKNOWN STEP	2026-10-07T15:19:53.2826066Z ##[endgroup]
windows-build	UNKNOWN STEP	2026-10-07T15:20:48.2280581Z === RUN   TestAcceptFocusPreferencesNeverLogTokensOrStrings
windows-build	UNKNOWN STEP	2026-10-07T15:20:48.2284061Z --- PASS: TestAcceptFocusPreferencesNeverLogTokensOrStrings (0.00s)
windows-build	UNKNOWN STEP	2026-10-07T15:20:48.2284785Z === RUN   TestAcceptFocusHelpOnlyCandidateSymbols
windows-build	UNKNOWN STEP	2026-10-07T15:20:48.2285352Z --- PASS: TestAcceptFocusHelpOnlyCandidateSymbols (0.00s)
windows-build	UNKNOWN STEP	2026-10-07T15:20:48.2286030Z === RUN   TestAcceptFocusHistoryBoundedAndRedacted
windows-build	UNKNOWN STEP	2026-10-07T15:20:48.2351967Z --- PASS: TestAcceptFocusHistoryBoundedAndRedacted (0.01s)
windows-build	UNKNOWN STEP	2026-10-07T15:20:48.2355155Z === RUN   TestAcceptFocusExportRetainsRotationAndRejectsSymlink
windows-build	UNKNOWN STEP	2026-10-07T15:20:48.2389564Z --- PASS: TestAcceptFocusExportRetainsRotationAndRejectsSymlink (0.00s)
windows-build	UNKNOWN STEP	2026-10-07T15:20:48.2392143Z === RUN   TestAcceptFocusHelpContractHasOnlySafeMetadata
windows-build	UNKNOWN STEP	2026-10-07T15:20:48.2393812Z --- PASS: TestAcceptFocusHelpContractHasOnlySafeMetadata (0.00s)
windows-build	UNKNOWN STEP	2026-10-07T15:20:48.2394466Z === RUN   TestAcceptFocusCanceledJobHasTerminalRecord
windows-build	UNKNOWN STEP	2026-10-07T15:20:48.2396760Z --- PASS: TestAcceptFocusCanceledJobHasTerminalRecord (0.00s)
windows-build	UNKNOWN STEP	2026-10-07T15:20:48.2397205Z === RUN   TestAcceptFocusRequestHasExactStatusAndSharedTrace
windows-build	UNKNOWN STEP	2026-10-07T15:20:48.2418368Z --- PASS: TestAcceptFocusRequestHasExactStatusAndSharedTrace (0.00s)
windows-build	UNKNOWN STEP	2026-10-07T15:20:48.2419181Z === RUN   TestAcceptFocusSamplerStopsOnCancellationAndSingleFlight
windows-build	UNKNOWN STEP	2026-10-07T15:20:48.2436454Z --- PASS: TestAcceptFocusSamplerStopsOnCancellationAndSingleFlight (0.00s)
windows-build	UNKNOWN STEP	2026-10-07T15:20:48.2437741Z === RUN   TestAcceptFocusExportInspectionReadOnlyAndRedacted
windows-build	UNKNOWN STEP	2026-10-07T15:20:48.2766758Z --- PASS: TestAcceptFocusExportInspectionReadOnlyAndRedacted (0.03s)
windows-build	UNKNOWN STEP	2026-10-07T15:20:48.2767304Z === RUN   TestAramkitRatingSuccessUsesExactIdentityAndOmitsRoster
windows-build	UNKNOWN STEP	2026-10-07T15:20:48.2770949Z --- PASS: TestAramkitRatingSuccessUsesExactIdentityAndOmitsRoster (0.00s)
windows-build	UNKNOWN STEP	2026-10-07T15:20:48.2771876Z === RUN   TestAramkitRatingBodyCodeAndTransportFailuresDegrade
windows-build	UNKNOWN STEP	2026-10-07T15:20:48.2772639Z === RUN   TestAramkitRatingBodyCodeAndTransportFailuresDegrade/not_recorded
windows-build	UNKNOWN STEP	2026-10-07T15:20:48.2773700Z --- PASS: TestAramkitRatingBodyCodeAndTransportFailuresDegrade/not_recorded (0.00s)
windows-build	UNKNOWN STEP	2026-10-07T15:20:48.2774908Z === RUN   TestAramkitRatingBodyCodeAndTransportFailuresDegrade/nil_data
windows-build	UNKNOWN STEP	2026-10-07T15:20:48.2775690Z --- PASS: TestAramkitRatingBodyCodeAndTransportFailuresDegrade/nil_data (0.00s)
windows-build	UNKNOWN STEP	2026-10-07T15:20:48.2776566Z === RUN   TestAramkitRatingBodyCodeAndTransportFailuresDegrade/invalid_rating
windows-build	UNKNOWN STEP	2026-10-07T15:20:48.2777410Z --- PASS: TestAramkitRatingBodyCodeAndTransportFailuresDegrade/invalid_rating (0.00s)
windows-build	UNKNOWN STEP	2026-10-07T15:20:48.2778188Z === RUN   TestAramkitRatingBodyCodeAndTransportFailuresDegrade/upstream_status
windows-build	UNKNOWN STEP	2026-10-07T15:20:48.2779053Z --- PASS: TestAramkitRatingBodyCodeAndTransportFailuresDegrade/upstream_status (0.00s)
windows-build	UNKNOWN STEP	2026-10-07T15:20:48.2779635Z === RUN   TestAramkitRatingBodyCodeAndTransportFailuresDegrade/invalid_json
windows-build	UNKNOWN STEP	2026-10-07T15:20:48.2780152Z --- PASS: TestAramkitRatingBodyCodeAndTransportFailuresDegrade/invalid_json (0.00s)
windows-build	UNKNOWN STEP	2026-10-07T15:20:48.2780636Z --- PASS: TestAramkitRatingBodyCodeAndTransportFailuresDegrade (0.00s)
windows-build	UNKNOWN STEP	2026-10-07T15:20:48.2781083Z === RUN   TestAramkitRatingTimeoutFeatureGateSingleFlightAndPacing
windows-build	UNKNOWN STEP	2026-10-07T15:20:48.2781545Z === RUN   TestAramkitRatingTimeoutFeatureGateSingleFlightAndPacing/timeout
windows-build	UNKNOWN STEP	2026-10-07T15:20:48.2877036Z --- PASS: TestAramkitRatingTimeoutFeatureGateSingleFlightAndPacing/timeout (0.01s)
windows-build	UNKNOWN STEP	2026-10-07T15:20:48.2878076Z === RUN   TestAramkitRatingTimeoutFeatureGateSingleFlightAndPacing/feature_gate
windows-build	UNKNOWN STEP	2026-10-07T15:20:48.2878955Z --- PASS: TestAramkitRatingTimeoutFeatureGateSingleFlightAndPacing/feature_gate (0.00s)
windows-build	UNKNOWN STEP	2026-10-07T15:20:48.2879836Z === RUN   TestAramkitRatingTimeoutFeatureGateSingleFlightAndPacing/single_flight
windows-build	UNKNOWN STEP	2026-10-07T15:20:48.2881126Z --- PASS: TestAramkitRatingTimeoutFeatureGateSingleFlightAndPacing/single_flight (0.00s)
windows-build	UNKNOWN STEP	2026-10-07T15:20:48.2882028Z === RUN   TestAramkitRatingTimeoutFeatureGateSingleFlightAndPacing/global_pacing
windows-build	UNKNOWN STEP	2026-10-07T15:20:48.2882977Z --- PASS: TestAramkitRatingTimeoutFeatureGateSingleFlightAndPacing/global_pacing (0.00s)
windows-build	UNKNOWN STEP	2026-10-07T15:20:48.2883915Z --- PASS: TestAramkitRatingTimeoutFeatureGateSingleFlightAndPacing (0.01s)
windows-build	UNKNOWN STEP	2026-10-07T15:20:48.2884741Z === RUN   TestAramkitRatingHandlerUsesOpaqueReferenceAndRejectsKR
windows-build	UNKNOWN STEP	2026-10-07T15:20:48.2885478Z --- PASS: TestAramkitRatingHandlerUsesOpaqueReferenceAndRejectsKR (0.00s)
windows-build	UNKNOWN STEP	2026-10-07T15:20:48.2886165Z === RUN   TestAramkitDiagnosticsContainOnlyHashedIdentity
windows-build	UNKNOWN STEP	2026-10-07T15:20:48.2886763Z --- PASS: TestAramkitDiagnosticsContainOnlyHashedIdentity (0.00s)
windows-build	UNKNOWN STEP	2026-10-07T15:20:48.2887377Z === RUN   TestArenaCapturedItemsSurviveStructuredDetail
windows-build	UNKNOWN STEP	2026-10-07T15:20:48.3066214Z === RUN   TestArenaCapturedItemsSurviveStructuredDetail/core
windows-build	UNKNOWN STEP	2026-10-07T15:20:48.3067211Z --- PASS: TestArenaCapturedItemsSurviveStructuredDetail/core (0.00s)
windows-build	UNKNOWN STEP	2026-10-07T15:20:48.3067989Z === RUN   TestArenaCapturedItemsSurviveStructuredDetail/prismatic
windows-build	UNKNOWN STEP	2026-10-07T15:20:48.3068550Z --- PASS: TestArenaCapturedItemsSurviveStructuredDetail/prismatic (0.00s)
windows-build	UNKNOWN STEP	2026-10-07T15:20:48.3069009Z --- PASS: TestArenaCapturedItemsSurviveStructuredDetail (0.02s)
windows-build	UNKNOWN STEP	2026-10-07T15:20:48.3069351Z === RUN   TestValidArenaRiotMatchID
windows-build	UNKNOWN STEP	2026-10-07T15:20:48.3069621Z --- PASS: TestValidArenaRiotMatchID (0.00s)
windows-build	UNKNOWN STEP	2026-10-07T15:20:48.3070051Z === RUN   TestArenaMatchDetailIsMemoryCachedAndPublicizesPlayerReferences
windows-build	UNKNOWN STEP	2026-10-07T15:20:48.3083120Z --- PASS: TestArenaMatchDetailIsMemoryCachedAndPublicizesPlayerReferences (0.00s)
windows-build	UNKNOWN STEP	2026-10-07T15:20:48.3083879Z === RUN   TestArenaMatchDetailRejectsInvalidIDBeforeRiotRequest
windows-build	UNKNOWN STEP	2026-10-07T15:20:48.3084570Z --- PASS: TestArenaMatchDetailRejectsInvalidIDBeforeRiotRequest (0.00s)
windows-build	UNKNOWN STEP	2026-10-07T15:20:48.3085223Z === RUN   TestArenaMatchDetailWithoutAPIKeyFailsClosed
windows-build	UNKNOWN STEP	2026-10-07T15:20:48.3100600Z --- PASS: TestArenaMatchDetailWithoutAPIKeyFailsClosed (0.00s)
windows-build	UNKNOWN STEP	2026-10-07T15:20:48.3101111Z === RUN   TestLoadAssetDeduplicatesConcurrentFetches
windows-build	UNKNOWN STEP	2026-10-07T15:20:48.3206592Z --- PASS: TestLoadAssetDeduplicatesConcurrentFetches (0.01s)
windows-build	UNKNOWN STEP	2026-10-07T15:20:48.3207200Z === RUN   TestLoadAssetNegativeCacheAvoidsImmediateRetry
windows-build	UNKNOWN STEP	2026-10-07T15:20:48.3207797Z --- PASS: TestLoadAssetNegativeCacheAvoidsImmediateRetry (0.00s)
windows-build	UNKNOWN STEP	2026-10-07T15:20:48.3208295Z === RUN   TestAssetCacheEvictsIncrementally
windows-build	UNKNOWN STEP	2026-10-07T15:20:48.3208796Z --- PASS: TestAssetCacheEvictsIncrementally (0.00s)
windows-build	UNKNOWN STEP	2026-10-07T15:20:48.3210014Z === RUN   TestEmbeddedPoolHas554UniqueEntries
windows-build	UNKNOWN STEP	2026-10-07T15:20:48.3213393Z --- PASS: TestEmbeddedPoolHas554UniqueEntries (0.00s)
windows-build	UNKNOWN STEP	2026-10-07T15:20:48.3213760Z === RUN   TestEmbeddedPoolHas554UniqueStableIDs
windows-build	UNKNOWN STEP	2026-10-07T15:20:48.3222459Z --- PASS: TestEmbeddedPoolHas554UniqueStableIDs (0.00s)
windows-build	UNKNOWN STEP	2026-10-07T15:20:48.3222961Z === RUN   TestLoadSnapshotIndependentRefreshesOverlap
windows-build	UNKNOWN STEP	2026-10-07T15:20:48.4556528Z --- PASS: TestLoadSnapshotIndependentRefreshesOverlap (0.13s)
windows-build	UNKNOWN STEP	2026-10-07T15:20:48.4557291Z === RUN   TestR87LoadCollectionSnapshotReusesOwnershipPayloads
windows-build	UNKNOWN STEP	2026-10-07T15:20:48.7775080Z --- PASS: TestR87LoadCollectionSnapshotReusesOwnershipPayloads (0.32s)
windows-build	UNKNOWN STEP	2026-10-07T15:20:48.7775869Z === RUN   TestEmbeddedPoolMapsOneToOneWithoutOmissions
windows-build	UNKNOWN STEP	2026-10-07T15:20:48.7782242Z --- PASS: TestEmbeddedPoolMapsOneToOneWithoutOmissions (0.00s)
windows-build	UNKNOWN STEP	2026-10-07T15:20:48.7782816Z === RUN   TestNormalizeName
windows-build	UNKNOWN STEP	2026-10-07T15:20:48.7783898Z --- PASS: TestNormalizeName (0.00s)
windows-build	UNKNOWN STEP	2026-10-07T15:20:48.7784488Z === RUN   TestTencentRegionRarityHierarchyAndMythicSubgroups
windows-build	UNKNOWN STEP	2026-10-07T15:20:48.7786544Z --- PASS: TestTencentRegionRarityHierarchyAndMythicSubgroups (0.00s)
windows-build	UNKNOWN STEP	2026-10-07T15:20:48.7787164Z === RUN   TestParsePoolNamesDeduplicates
windows-build	UNKNOWN STEP	2026-10-07T15:20:48.7787616Z --- PASS: TestParsePoolNamesDeduplicates (0.00s)
windows-build	UNKNOWN STEP	2026-10-07T15:20:48.7788296Z === RUN   TestExtractOwnedIDs
windows-build	UNKNOWN STEP	2026-10-07T15:20:48.7788932Z --- PASS: TestExtractOwnedIDs (0.00s)
windows-build	UNKNOWN STEP	2026-10-07T15:20:48.7789754Z === RUN   TestPresenceInventoryRequiresPermanentChampionSkin
windows-build	UNKNOWN STEP	2026-10-07T15:20:48.7790557Z --- PASS: TestPresenceInventoryRequiresPermanentChampionSkin (0.00s)
windows-build	UNKNOWN STEP	2026-10-07T15:20:48.7791106Z === RUN   TestPresenceInventoryReadsTencentItemKeyContainers
windows-build	UNKNOWN STEP	2026-10-07T15:20:48.7791655Z --- PASS: TestPresenceInventoryReadsTencentItemKeyContainers (0.00s)
windows-build	UNKNOWN STEP	2026-10-07T15:20:48.7792073Z === RUN   TestQuestSkinVariantKeepsIndependentDynamicArtwork
windows-build	UNKNOWN STEP	2026-10-07T15:20:48.7792494Z --- PASS: TestQuestSkinVariantKeepsIndependentDynamicArtwork (0.00s)
windows-build	UNKNOWN STEP	2026-10-07T15:20:48.7792940Z === RUN   TestOwnedCollectionKeepsQuestVariantsOutOfOrdinarySkinCount
windows-build	UNKNOWN STEP	2026-10-07T15:20:48.7793421Z --- PASS: TestOwnedCollectionKeepsQuestVariantsOutOfOrdinarySkinCount (0.00s)
windows-build	UNKNOWN STEP	2026-10-07T15:20:48.7793841Z === RUN   TestQuestVariantDoesNotInheritParentOwnership
windows-build	UNKNOWN STEP	2026-10-07T15:20:48.7794652Z --- PASS: TestQuestVariantDoesNotInheritParentOwnership (0.00s)
windows-build	UNKNOWN STEP	2026-10-07T15:20:48.7795112Z === RUN   TestChromaPresenceExtractionRequiresOwnedPositiveInventory
windows-build	UNKNOWN STEP	2026-10-07T15:20:48.7795578Z --- PASS: TestChromaPresenceExtractionRequiresOwnedPositiveInventory (0.00s)
windows-build	UNKNOWN STEP	2026-10-07T15:20:48.7795993Z === RUN   TestTencentClassicArtworkIsNotCountedAsChroma
windows-build	UNKNOWN STEP	2026-10-07T15:20:48.7819501Z --- PASS: TestTencentClassicArtworkIsNotCountedAsChroma (0.00s)
windows-build	UNKNOWN STEP	2026-10-07T15:20:48.7820709Z === RUN   TestIndependentArtworkChromaRequiresBothParentEvidenceAndSplash
windows-build	UNKNOWN STEP	2026-10-07T15:20:48.7821631Z --- PASS: TestIndependentArtworkChromaRequiresBothParentEvidenceAndSplash (0.00s)
windows-build	UNKNOWN STEP	2026-10-07T15:20:48.7822427Z === RUN   TestOfficialPrestigeCatalogEnrichesKnownChineseChromas
windows-build	UNKNOWN STEP	2026-10-07T15:20:48.7823191Z --- PASS: TestOfficialPrestigeCatalogEnrichesKnownChineseChromas (0.00s)
windows-build	UNKNOWN STEP	2026-10-07T15:20:48.7823852Z === RUN   TestChampionSkinsContainerIsTraversed
windows-build	UNKNOWN STEP	2026-10-07T15:20:48.7824596Z --- PASS: TestChampionSkinsContainerIsTraversed (0.00s)
windows-build	UNKNOWN STEP	2026-10-07T15:20:48.7825204Z === RUN   TestConflictingOwnershipEvidenceIsRejected
windows-build	UNKNOWN STEP	2026-10-07T15:20:48.7825800Z --- PASS: TestConflictingOwnershipEvidenceIsRejected (0.00s)
windows-build	UNKNOWN STEP	2026-10-07T15:20:48.7826356Z === RUN   TestOwnedSourcesMustAgree
windows-build	UNKNOWN STEP	2026-10-07T15:20:48.7831418Z --- PASS: TestOwnedSourcesMustAgree (0.00s)
windows-build	UNKNOWN STEP	2026-10-07T15:20:48.7831954Z === RUN   TestPartialOwnedSourceStopsCalculation
windows-build	UNKNOWN STEP	2026-10-07T15:20:48.7841263Z --- PASS: TestPartialOwnedSourceStopsCalculation (0.00s)
windows-build	UNKNOWN STEP	2026-10-07T15:20:48.7841881Z === RUN   TestAuthoritativeOwnedSourcesStillMustAgree
windows-build	UNKNOWN STEP	2026-10-07T15:20:48.7853581Z --- PASS: TestAuthoritativeOwnedSourcesStillMustAgree (0.00s)
windows-build	UNKNOWN STEP	2026-10-07T15:20:48.7854196Z === RUN   TestStalePresenceSubsetRetainsAuthoritativeNewIDs
windows-build	UNKNOWN STEP	2026-10-07T15:20:48.7864455Z --- PASS: TestStalePresenceSubsetRetainsAuthoritativeNewIDs (0.00s)
windows-build	UNKNOWN STEP	2026-10-07T15:20:48.7865248Z === RUN   TestPresenceExtraIDsDoNotCorroborateConflictingAuthorities
windows-build	UNKNOWN STEP	2026-10-07T15:20:48.7875536Z --- PASS: TestPresenceExtraIDsDoNotCorroborateConflictingAuthorities (0.00s)
windows-build	UNKNOWN STEP	2026-10-07T15:20:48.7876107Z === RUN   TestCatalogIntersectionIgnoresBaseChromaAndAttachmentIDs
windows-build	UNKNOWN STEP	2026-10-07T15:20:48.7884189Z --- PASS: TestCatalogIntersectionIgnoresBaseChromaAndAttachmentIDs (0.00s)
windows-build	UNKNOWN STEP	2026-10-07T15:20:48.7885319Z === RUN   TestOwnershipDiagnosticsExposeOnlyPublicInventoryIDs
windows-build	UNKNOWN STEP	2026-10-07T15:20:48.7886442Z --- PASS: TestOwnershipDiagnosticsExposeOnlyPublicInventoryIDs (0.00s)
windows-build	UNKNOWN STEP	2026-10-07T15:20:48.7887188Z === RUN   TestCorroboratedExplicitSourceSurvivesSecondarySchemaDifference
windows-build	UNKNOWN STEP	2026-10-07T15:20:48.7895788Z --- PASS: TestCorroboratedExplicitSourceSurvivesSecondarySchemaDifference (0.00s)
windows-build	UNKNOWN STEP	2026-10-07T15:20:48.7896974Z === RUN   TestVerifiedInventorySupersetCompletesTencentOwnedCollection
windows-build	UNKNOWN STEP	2026-10-07T15:20:48.7906312Z --- PASS: TestVerifiedInventorySupersetCompletesTencentOwnedCollection (0.00s)
windows-build	UNKNOWN STEP	2026-10-07T15:20:48.7906837Z === RUN   TestTencentInventoryEvidencePatternFromDiagnosticLog
windows-build	UNKNOWN STEP	2026-10-07T15:20:48.8047947Z --- PASS: TestTencentInventoryEvidencePatternFromDiagnosticLog (0.01s)
windows-build	UNKNOWN STEP	2026-10-07T15:20:48.8049764Z === RUN   TestMatchPoolFailsClosed
windows-build	UNKNOWN STEP	2026-10-07T15:20:48.8050162Z --- PASS: TestMatchPoolFailsClosed (0.00s)
windows-build	UNKNOWN STEP	2026-10-07T15:20:48.8050736Z === RUN   TestStablePoolMatchesByIDWhenClientNameChanges
windows-build	UNKNOWN STEP	2026-10-07T15:20:48.8051354Z --- PASS: TestStablePoolMatchesByIDWhenClientNameChanges (0.00s)
windows-build	UNKNOWN STEP	2026-10-07T15:20:48.8051965Z === RUN   TestPoolMembershipIsAnnotatedOnAllCatalogSkins
windows-build	UNKNOWN STEP	2026-10-07T15:20:48.8053289Z --- PASS: TestPoolMembershipIsAnnotatedOnAllCatalogSkins (0.00s)
windows-build	UNKNOWN STEP	2026-10-07T15:20:48.8053984Z === RUN   TestMatchPoolDoesNotApplyUnverifiedCorrection
windows-build	UNKNOWN STEP	2026-10-07T15:20:48.8054646Z --- PASS: TestMatchPoolDoesNotApplyUnverifiedCorrection (0.00s)
windows-build	UNKNOWN STEP	2026-10-07T15:20:48.8055268Z === RUN   TestMatchPoolRejectsCrossChampionCorrection
windows-build	UNKNOWN STEP	2026-10-07T15:20:48.8055881Z --- PASS: TestMatchPoolRejectsCrossChampionCorrection (0.00s)
windows-build	UNKNOWN STEP	2026-10-07T15:20:48.8056479Z === RUN   TestMatchPoolRejectsNormalizedNameCollision
windows-build	UNKNOWN STEP	2026-10-07T15:20:48.8057158Z --- PASS: TestMatchPoolRejectsNormalizedNameCollision (0.00s)
windows-build	UNKNOWN STEP	2026-10-07T15:20:48.8057725Z === RUN   TestCatalogObjectsIgnoreNestedChromas
windows-build	UNKNOWN STEP	2026-10-07T15:20:48.8058245Z --- PASS: TestCatalogObjectsIgnoreNestedChromas (0.00s)
windows-build	UNKNOWN STEP	2026-10-07T15:20:48.8058737Z === RUN   TestChromaCatalogRecordsAreRejected
windows-build	UNKNOWN STEP	2026-10-07T15:20:48.8059227Z --- PASS: TestChromaCatalogRecordsAreRejected (0.00s)
windows-build	UNKNOWN STEP	2026-10-07T15:20:48.8059690Z === RUN   TestBaseSkinRequiresChampionIdentity
windows-build	UNKNOWN STEP	2026-10-07T15:20:48.8060158Z --- PASS: TestBaseSkinRequiresChampionIdentity (0.00s)
windows-build	UNKNOWN STEP	2026-10-07T15:20:48.8060669Z === RUN   TestLegacyChampionCatalogEntriesAreRejected
windows-build	UNKNOWN STEP	2026-10-07T15:20:48.8061218Z --- PASS: TestLegacyChampionCatalogEntriesAreRejected (0.00s)
windows-build	UNKNOWN STEP	2026-10-07T15:20:48.8061713Z === RUN   TestCatalogJSONNumbersRemainSupported
windows-build	UNKNOWN STEP	2026-10-07T15:20:48.8062208Z --- PASS: TestCatalogJSONNumbersRemainSupported (0.00s)
windows-build	UNKNOWN STEP	2026-10-07T15:20:48.8062783Z === RUN   TestMatchPoolDoesNotAutoAcceptFuzzyOnly
windows-build	UNKNOWN STEP	2026-10-07T15:20:48.8063348Z --- PASS: TestMatchPoolDoesNotAutoAcceptFuzzyOnly (0.00s)
windows-build	UNKNOWN STEP	2026-10-07T15:20:48.8063822Z === RUN   TestLevenshtein
windows-build	UNKNOWN STEP	2026-10-07T15:20:48.8064182Z --- PASS: TestLevenshtein (0.00s)
windows-build	UNKNOWN STEP	2026-10-07T15:20:48.8064873Z === RUN   TestPruneStaleHexdataBuildsRemovesExpiredBuildsOnly
windows-build	UNKNOWN STEP	2026-10-07T15:20:48.8684179Z --- PASS: TestPruneStaleHexdataBuildsRemovesExpiredBuildsOnly (0.06s)
windows-build	UNKNOWN STEP	2026-10-07T15:20:48.8684660Z === RUN   TestPruneStaleHexdataBuildsHonorsGracePeriod
windows-build	UNKNOWN STEP	2026-10-07T15:20:48.8772318Z --- PASS: TestPruneStaleHexdataBuildsHonorsGracePeriod (0.01s)
windows-build	UNKNOWN STEP	2026-10-07T15:20:48.8773031Z === RUN   TestPruneStaleHexdataBuildsBoundsDiskAcrossPatchHistory
windows-build	UNKNOWN STEP	2026-10-07T15:20:48.8773824Z === PAUSE TestPruneStaleHexdataBuildsBoundsDiskAcrossPatchHistory
windows-build	UNKNOWN STEP	2026-10-07T15:20:48.8774275Z === RUN   TestPruneStaleHexdataBuildsIgnoresUnreadableFiles
windows-build	UNKNOWN STEP	2026-10-07T15:20:48.8916852Z --- PASS: TestPruneStaleHexdataBuildsIgnoresUnreadableFiles (0.01s)
windows-build	UNKNOWN STEP	2026-10-07T15:20:48.8917620Z === RUN   TestPruneStaleHexdataBuildsRequiresValidBuildID
windows-build	UNKNOWN STEP	2026-10-07T15:20:48.9169307Z --- PASS: TestPruneStaleHexdataBuildsRequiresValidBuildID (0.03s)
windows-build	UNKNOWN STEP	2026-10-07T15:20:48.9170196Z === RUN   TestAdoptingNewBuildIDPrunesStaleHexdataFilesAsynchronously
windows-build	UNKNOWN STEP	2026-10-07T15:20:48.9936626Z --- PASS: TestAdoptingNewBuildIDPrunesStaleHexdataFilesAsynchronously (0.08s)
windows-build	UNKNOWN STEP	2026-10-07T15:20:48.9937784Z === RUN   TestPruneDiskStillProtectsHexdataFilesFromGenericLRU
windows-build	UNKNOWN STEP	2026-10-07T15:20:49.0147396Z --- PASS: TestPruneDiskStillProtectsHexdataFilesFromGenericLRU (0.02s)
windows-build	UNKNOWN STEP	2026-10-07T15:20:49.0148410Z === RUN   TestPruneStaleHexdataBuildsReportsMigrationFailure
windows-build	UNKNOWN STEP	2026-10-07T15:20:49.0237236Z --- PASS: TestPruneStaleHexdataBuildsReportsMigrationFailure (0.01s)
windows-build	UNKNOWN STEP	2026-10-07T15:20:49.0237977Z === RUN   TestPruneStaleHexdataBuildsMakesNoRequests
windows-build	UNKNOWN STEP	2026-10-07T15:20:49.0434829Z --- PASS: TestPruneStaleHexdataBuildsMakesNoRequests (0.02s)
windows-build	UNKNOWN STEP	2026-10-07T15:20:49.0435670Z === RUN   TestHandleChampionAssetCommunityDragonFallsBackFromLargeToSmall
windows-build	UNKNOWN STEP	2026-10-07T15:20:49.0457400Z --- PASS: TestHandleChampionAssetCommunityDragonFallsBackFromLargeToSmall (0.00s)
windows-build	UNKNOWN STEP	2026-10-07T15:20:49.0458356Z === RUN   TestHandleChampionAssetCommunityDragonReportsFinalAugmentFailure
windows-build	UNKNOWN STEP	2026-10-07T15:20:49.0459471Z --- PASS: TestHandleChampionAssetCommunityDragonReportsFinalAugmentFailure (0.00s)
windows-build	UNKNOWN STEP	2026-10-07T15:20:49.0460309Z === RUN   TestR154CommunityDragonChampionIconFallsBackToDataDragon
windows-build	UNKNOWN STEP	2026-10-07T15:20:49.0461063Z === RUN   TestR154CommunityDragonChampionIconFallsBackToDataDragon/blocked=false
windows-build	UNKNOWN STEP	2026-10-07T15:20:49.0461944Z --- PASS: TestR154CommunityDragonChampionIconFallsBackToDataDragon/blocked=false (0.00s)
windows-build	UNKNOWN STEP	2026-10-07T15:20:49.0462866Z === RUN   TestR154CommunityDragonChampionIconFallsBackToDataDragon/blocked=true
windows-build	UNKNOWN STEP	2026-10-07T15:20:49.0463776Z --- PASS: TestR154CommunityDragonChampionIconFallsBackToDataDragon/blocked=true (0.00s)
windows-build	UNKNOWN STEP	2026-10-07T15:20:49.0464668Z --- PASS: TestR154CommunityDragonChampionIconFallsBackToDataDragon (0.00s)
windows-build	UNKNOWN STEP	2026-10-07T15:20:49.0465545Z === RUN   TestR154OfflineProfileIconFallsBackAfterCommunityDragonNegativeCache
windows-build	UNKNOWN STEP	2026-10-07T15:20:49.0466386Z --- PASS: TestR154OfflineProfileIconFallsBackAfterCommunityDragonNegativeCache (0.00s)
windows-build	UNKNOWN STEP	2026-10-07T15:20:49.0467197Z === RUN   TestR154CommunityDragonItemFallbackUsesExactDataDragonID
windows-build	UNKNOWN STEP	2026-10-07T15:20:49.0467774Z --- PASS: TestR154CommunityDragonItemFallbackUsesExactDataDragonID (0.00s)
windows-build	UNKNOWN STEP	2026-10-07T15:20:49.0468168Z === RUN   TestChampionNetworkSettingsValidation
windows-build	UNKNOWN STEP	2026-10-07T15:20:49.0468490Z --- PASS: TestChampionNetworkSettingsValidation (0.00s)
windows-build	UNKNOWN STEP	2026-10-07T15:20:49.0468817Z === RUN   TestChampionAutoProxyUsesDesktopResolution
windows-build	UNKNOWN STEP	2026-10-07T15:20:49.0469169Z --- PASS: TestChampionAutoProxyUsesDesktopResolution (0.00s)
windows-build	UNKNOWN STEP	2026-10-07T15:20:49.0469471Z === RUN   TestSystemProxyEndpoint
windows-build	UNKNOWN STEP	2026-10-07T15:20:49.0469856Z --- PASS: TestSystemProxyEndpoint (0.00s)
windows-build	UNKNOWN STEP	2026-10-07T15:20:49.0470181Z === RUN   TestChampionDataCacheSingleflightAndStaleFallback
windows-build	UNKNOWN STEP	2026-10-07T15:20:49.0623156Z --- PASS: TestChampionDataCacheSingleflightAndStaleFallback (0.02s)
windows-build	UNKNOWN STEP	2026-10-07T15:20:49.0623579Z === RUN   TestChampionDataCacheReportsLoadState
windows-build	UNKNOWN STEP	2026-10-07T15:20:49.1040496Z --- PASS: TestChampionDataCacheReportsLoadState (0.04s)
windows-build	UNKNOWN STEP	2026-10-07T15:20:49.1040950Z === RUN   TestStructuredDetailPreservesStaleCacheFetchedAt
windows-build	UNKNOWN STEP	2026-10-07T15:20:49.3551234Z --- PASS: TestStructuredDetailPreservesStaleCacheFetchedAt (0.25s)
windows-build	UNKNOWN STEP	2026-10-07T15:20:49.3552314Z === RUN   TestOPGGModeSpecURLMatrix
windows-build	UNKNOWN STEP	2026-10-07T15:20:49.3552914Z === RUN   TestOPGGModeSpecURLMatrix/ranked
windows-build	UNKNOWN STEP	2026-10-07T15:20:49.3553440Z --- PASS: TestOPGGModeSpecURLMatrix/ranked (0.00s)
windows-build	UNKNOWN STEP	2026-10-07T15:20:49.3553937Z === RUN   TestOPGGModeSpecURLMatrix/aram
windows-build	UNKNOWN STEP	2026-10-07T15:20:49.3554369Z --- PASS: TestOPGGModeSpecURLMatrix/aram (0.00s)
windows-build	UNKNOWN STEP	2026-10-07T15:20:49.3554777Z === RUN   TestOPGGModeSpecURLMatrix/arena
windows-build	UNKNOWN STEP	2026-10-07T15:20:49.3555285Z --- PASS: TestOPGGModeSpecURLMatrix/arena (0.00s)
windows-build	UNKNOWN STEP	2026-10-07T15:20:49.3555762Z === RUN   TestOPGGModeSpecURLMatrix/urf
windows-build	UNKNOWN STEP	2026-10-07T15:20:49.3556226Z --- PASS: TestOPGGModeSpecURLMatrix/urf (0.00s)
windows-build	UNKNOWN STEP	2026-10-07T15:20:49.3556707Z === RUN   TestOPGGModeSpecURLMatrix/nexus-blitz
windows-build	UNKNOWN STEP	2026-10-07T15:20:49.3557241Z --- PASS: TestOPGGModeSpecURLMatrix/nexus-blitz (0.00s)
windows-build	UNKNOWN STEP	2026-10-07T15:20:49.3557761Z --- PASS: TestOPGGModeSpecURLMatrix (0.00s)
windows-build	UNKNOWN STEP	2026-10-07T15:20:49.3558258Z === RUN   TestOPGGPatchFreshnessUsesNumericSegments
windows-build	UNKNOWN STEP	2026-10-07T15:20:49.3558840Z --- PASS: TestOPGGPatchFreshnessUsesNumericSegments (0.00s)
windows-build	UNKNOWN STEP	2026-10-07T15:20:49.3559467Z === RUN   TestOPGGDetailCacheIdentityIncludesModeAndRegion
windows-build	UNKNOWN STEP	2026-10-07T15:20:49.3560257Z --- PASS: TestOPGGDetailCacheIdentityIncludesModeAndRegion (0.00s)
windows-build	UNKNOWN STEP	2026-10-07T15:20:49.3560955Z === RUN   TestStructuredMetricsRejectsTinyAndRelativeLongTailSamples
windows-build	UNKNOWN STEP	2026-10-07T15:20:49.3561774Z --- PASS: TestStructuredMetricsRejectsTinyAndRelativeLongTailSamples (0.00s)
windows-build	UNKNOWN STEP	2026-10-07T15:20:49.3563752Z === RUN   TestStructuredMetricsFallbackKeepsHighestSamplesAndReportsGate
windows-build	UNKNOWN STEP	2026-10-07T15:20:49.3564680Z --- PASS: TestStructuredMetricsFallbackKeepsHighestSamplesAndReportsGate (0.00s)
windows-build	UNKNOWN STEP	2026-10-07T15:20:49.3565251Z === RUN   TestStructuredRecommendationMetricsPrioritizeLargeSamplesBeforeWinRate
windows-build	UNKNOWN STEP	2026-10-07T15:20:49.3565996Z --- PASS: TestStructuredRecommendationMetricsPrioritizeLargeSamplesBeforeWinRate (0.00s)
windows-build	UNKNOWN STEP	2026-10-07T15:20:49.3567264Z === RUN   TestStructuredRecommendationMetricsFollowPickRateAcrossEveryOPGGRecommendationKind
windows-build	UNKNOWN STEP	2026-10-07T15:20:49.3568399Z === RUN   TestStructuredRecommendationMetricsFollowPickRateAcrossEveryOPGGRecommendationKind/spell
windows-build	UNKNOWN STEP	2026-10-07T15:20:49.3569659Z --- PASS: TestStructuredRecommendationMetricsFollowPickRateAcrossEveryOPGGRecommendationKind/spell (0.00s)
windows-build	UNKNOWN STEP	2026-10-07T15:20:49.3570899Z === RUN   TestStructuredRecommendationMetricsFollowPickRateAcrossEveryOPGGRecommendationKind/starter
windows-build	UNKNOWN STEP	2026-10-07T15:20:49.3572152Z --- PASS: TestStructuredRecommendationMetricsFollowPickRateAcrossEveryOPGGRecommendationKind/starter (0.00s)
windows-build	UNKNOWN STEP	2026-10-07T15:20:49.3573383Z === RUN   TestStructuredRecommendationMetricsFollowPickRateAcrossEveryOPGGRecommendationKind/boots
windows-build	UNKNOWN STEP	2026-10-07T15:20:49.3574647Z --- PASS: TestStructuredRecommendationMetricsFollowPickRateAcrossEveryOPGGRecommendationKind/boots (0.00s)
windows-build	UNKNOWN STEP	2026-10-07T15:20:49.3575875Z === RUN   TestStructuredRecommendationMetricsFollowPickRateAcrossEveryOPGGRecommendationKind/core
windows-build	UNKNOWN STEP	2026-10-07T15:20:49.3577113Z --- PASS: TestStructuredRecommendationMetricsFollowPickRateAcrossEveryOPGGRecommendationKind/core (0.00s)
windows-build	UNKNOWN STEP	2026-10-07T15:20:49.3578375Z --- PASS: TestStructuredRecommendationMetricsFollowPickRateAcrossEveryOPGGRecommendationKind (0.00s)
windows-build	UNKNOWN STEP	2026-10-07T15:20:49.3579385Z === RUN   TestRankedDepthCacheSharesDetailSnapshotAndUsesOlderFetchedAt
windows-build	UNKNOWN STEP	2026-10-07T15:20:49.3580222Z --- PASS: TestRankedDepthCacheSharesDetailSnapshotAndUsesOlderFetchedAt (0.00s)
windows-build	UNKNOWN STEP	2026-10-07T15:20:49.3581106Z === RUN   TestStructuredRecommendationMetricsKeepUnknownSamplesInUpstreamOrder
windows-build	UNKNOWN STEP	2026-10-07T15:20:49.3582070Z --- PASS: TestStructuredRecommendationMetricsKeepUnknownSamplesInUpstreamOrder (0.00s)
windows-build	UNKNOWN STEP	2026-10-07T15:20:49.3582959Z === RUN   TestStructuredSampleAllowedRequiresAbsoluteAndRelativeMinimums
windows-build	UNKNOWN STEP	2026-10-07T15:20:49.3584103Z === RUN   TestStructuredSampleAllowedRequiresAbsoluteAndRelativeMinimums/both_boundaries
windows-build	UNKNOWN STEP	2026-10-07T15:20:49.3585180Z --- PASS: TestStructuredSampleAllowedRequiresAbsoluteAndRelativeMinimums/both_boundaries (0.00s)
windows-build	UNKNOWN STEP	2026-10-07T15:20:49.3586275Z === RUN   TestStructuredSampleAllowedRequiresAbsoluteAndRelativeMinimums/below_absolute_minimum
windows-build	UNKNOWN STEP	2026-10-07T15:20:49.3587394Z --- PASS: TestStructuredSampleAllowedRequiresAbsoluteAndRelativeMinimums/below_absolute_minimum (0.00s)
windows-build	UNKNOWN STEP	2026-10-07T15:20:49.3588473Z === RUN   TestStructuredSampleAllowedRequiresAbsoluteAndRelativeMinimums/below_head_ratio
windows-build	UNKNOWN STEP	2026-10-07T15:20:49.3589547Z --- PASS: TestStructuredSampleAllowedRequiresAbsoluteAndRelativeMinimums/below_head_ratio (0.00s)
windows-build	UNKNOWN STEP	2026-10-07T15:20:49.3590733Z === RUN   TestStructuredSampleAllowedRequiresAbsoluteAndRelativeMinimums/larger_sample_below_head_ratio
windows-build	UNKNOWN STEP	2026-10-07T15:20:49.3591960Z --- PASS: TestStructuredSampleAllowedRequiresAbsoluteAndRelativeMinimums/larger_sample_below_head_ratio (0.00s)
windows-build	UNKNOWN STEP	2026-10-07T15:20:49.3593127Z === RUN   TestStructuredSampleAllowedRequiresAbsoluteAndRelativeMinimums/representative_sample
windows-build	UNKNOWN STEP	2026-10-07T15:20:49.3594239Z --- PASS: TestStructuredSampleAllowedRequiresAbsoluteAndRelativeMinimums/representative_sample (0.00s)
windows-build	UNKNOWN STEP	2026-10-07T15:20:49.3595323Z === RUN   TestStructuredSampleAllowedRequiresAbsoluteAndRelativeMinimums/zero_leading_sample
windows-build	UNKNOWN STEP	2026-10-07T15:20:49.3596434Z --- PASS: TestStructuredSampleAllowedRequiresAbsoluteAndRelativeMinimums/zero_leading_sample (0.00s)
windows-build	UNKNOWN STEP	2026-10-07T15:20:49.3597481Z === RUN   TestStructuredSampleAllowedRequiresAbsoluteAndRelativeMinimums/negative_leading_sample
windows-build	UNKNOWN STEP	2026-10-07T15:20:49.3598558Z --- PASS: TestStructuredSampleAllowedRequiresAbsoluteAndRelativeMinimums/negative_leading_sample (0.00s)
windows-build	UNKNOWN STEP	2026-10-07T15:20:49.3599747Z --- PASS: TestStructuredSampleAllowedRequiresAbsoluteAndRelativeMinimums (0.00s)
windows-build	UNKNOWN STEP	2026-10-07T15:20:49.3600510Z === RUN   TestStructuredSpellSampleGateIsRelaxedOnlyForSpells
windows-build	UNKNOWN STEP	2026-10-07T15:20:49.3601439Z --- PASS: TestStructuredSpellSampleGateIsRelaxedOnlyForSpells (0.00s)
windows-build	UNKNOWN STEP	2026-10-07T15:20:49.3602050Z === RUN   TestChampionUpstreamDiagnosticUsesSafeFields
windows-build	UNKNOWN STEP	2026-10-07T15:20:49.3602772Z --- PASS: TestChampionUpstreamDiagnosticUsesSafeFields (0.00s)
windows-build	UNKNOWN STEP	2026-10-07T15:20:49.3603346Z === RUN   TestChampionDataCachePersistsAcrossInstances
windows-build	UNKNOWN STEP	2026-10-07T15:20:49.3669323Z --- PASS: TestChampionDataCachePersistsAcrossInstances (0.01s)
windows-build	UNKNOWN STEP	2026-10-07T15:20:49.3670342Z === RUN   TestChampionCachePersistentPoliciesUseDiskWhitelistedKeys
windows-build	UNKNOWN STEP	2026-10-07T15:20:49.3671207Z === RUN   TestChampionCachePersistentPoliciesUseDiskWhitelistedKeys/Data_Dragon
windows-build	UNKNOWN STEP	2026-10-07T15:20:49.3672413Z --- PASS: TestChampionCachePersistentPoliciesUseDiskWhitelistedKeys/Data_Dragon (0.00s)
windows-build	UNKNOWN STEP	2026-10-07T15:20:49.3673394Z === RUN   TestChampionCachePersistentPoliciesUseDiskWhitelistedKeys/Community_Dragon
windows-build	UNKNOWN STEP	2026-10-07T15:20:49.3674401Z --- PASS: TestChampionCachePersistentPoliciesUseDiskWhitelistedKeys/Community_Dragon (0.00s)
windows-build	UNKNOWN STEP	2026-10-07T15:20:49.3675357Z === RUN   TestChampionCachePersistentPoliciesUseDiskWhitelistedKeys/OP.GG_page
windows-build	UNKNOWN STEP	2026-10-07T15:20:49.3676268Z --- PASS: TestChampionCachePersistentPoliciesUseDiskWhitelistedKeys/OP.GG_page (0.00s)
windows-build	UNKNOWN STEP	2026-10-07T15:20:49.3677208Z === RUN   TestChampionCachePersistentPoliciesUseDiskWhitelistedKeys/OP.GG_champion
windows-build	UNKNOWN STEP	2026-10-07T15:20:49.3678184Z --- PASS: TestChampionCachePersistentPoliciesUseDiskWhitelistedKeys/OP.GG_champion (0.00s)
windows-build	UNKNOWN STEP	2026-10-07T15:20:49.3679144Z === RUN   TestChampionCachePersistentPoliciesUseDiskWhitelistedKeys/OP.GG_detail
windows-build	UNKNOWN STEP	2026-10-07T15:20:49.3680086Z --- PASS: TestChampionCachePersistentPoliciesUseDiskWhitelistedKeys/OP.GG_detail (0.00s)
windows-build	UNKNOWN STEP	2026-10-07T15:20:49.3681015Z --- PASS: TestChampionCachePersistentPoliciesUseDiskWhitelistedKeys (0.00s)
windows-build	UNKNOWN STEP	2026-10-07T15:20:49.3681736Z === RUN   TestChampionDataCacheKeepsYourGGMemoryOnly
windows-build	UNKNOWN STEP	2026-10-07T15:20:49.3687011Z --- PASS: TestChampionDataCacheKeepsYourGGMemoryOnly (0.00s)
windows-build	UNKNOWN STEP	2026-10-07T15:20:49.3687810Z === RUN   TestChampionDataCachePurgesLegacyYourGGDiskEntry
windows-build	UNKNOWN STEP	2026-10-07T15:20:49.3706804Z --- PASS: TestChampionDataCachePurgesLegacyYourGGDiskEntry (0.00s)
windows-build	UNKNOWN STEP	2026-10-07T15:20:49.3707454Z === RUN   TestStructuredOPGGDetailSchema
windows-build	UNKNOWN STEP	2026-10-07T15:20:49.6218615Z --- PASS: TestStructuredOPGGDetailSchema (0.25s)
windows-build	UNKNOWN STEP	2026-10-07T15:20:49.6219427Z === RUN   TestStructuredDetailOmitsPositionsOutsideRanked
windows-build	UNKNOWN STEP	2026-10-07T15:20:49.6220005Z === RUN   TestStructuredDetailOmitsPositionsOutsideRanked/arena
windows-build	UNKNOWN STEP	2026-10-07T15:20:49.6220734Z --- PASS: TestStructuredDetailOmitsPositionsOutsideRanked/arena (0.00s)
windows-build	UNKNOWN STEP	2026-10-07T15:20:49.6221434Z === RUN   TestStructuredDetailOmitsPositionsOutsideRanked/aram
windows-build	UNKNOWN STEP	2026-10-07T15:20:49.6222317Z --- PASS: TestStructuredDetailOmitsPositionsOutsideRanked/aram (0.00s)
windows-build	UNKNOWN STEP	2026-10-07T15:20:49.6228127Z === RUN   TestStructuredDetailOmitsPositionsOutsideRanked/urf
windows-build	UNKNOWN STEP	2026-10-07T15:20:49.6229242Z --- PASS: TestStructuredDetailOmitsPositionsOutsideRanked/urf (0.00s)
windows-build	UNKNOWN STEP	2026-10-07T15:20:49.6231026Z === RUN   TestStructuredDetailOmitsPositionsOutsideRanked/nexus-blitz
windows-build	UNKNOWN STEP	2026-10-07T15:20:49.6231935Z --- PASS: TestStructuredDetailOmitsPositionsOutsideRanked/nexus-blitz (0.00s)
windows-build	UNKNOWN STEP	2026-10-07T15:20:49.6232723Z --- PASS: TestStructuredDetailOmitsPositionsOutsideRanked (0.00s)
windows-build	UNKNOWN STEP	2026-10-07T15:20:49.6233408Z === RUN   TestStructuredDetailFallbackKeepsFallbackPositions
windows-build	UNKNOWN STEP	2026-10-07T15:20:49.6234081Z --- PASS: TestStructuredDetailFallbackKeepsFallbackPositions (0.00s)
windows-build	UNKNOWN STEP	2026-10-07T15:20:49.6234751Z === RUN   TestArenaAugmentRowsUseCommunityDragonMetadata
windows-build	UNKNOWN STEP	2026-10-07T15:20:49.6235382Z --- PASS: TestArenaAugmentRowsUseCommunityDragonMetadata (0.00s)
windows-build	UNKNOWN STEP	2026-10-07T15:20:49.6236081Z === RUN   TestArenaAugmentMetadataSupplementOnlyFillsMissingFields
windows-build	UNKNOWN STEP	2026-10-07T15:20:49.6236848Z --- PASS: TestArenaAugmentMetadataSupplementOnlyFillsMissingFields (0.00s)
windows-build	UNKNOWN STEP	2026-10-07T15:20:49.6238018Z === RUN   TestLoadCommunityDragonAugmentsSupplementsArenaMetadata
windows-build	UNKNOWN STEP	2026-10-07T15:20:49.6238779Z --- PASS: TestLoadCommunityDragonAugmentsSupplementsArenaMetadata (0.00s)
windows-build	UNKNOWN STEP	2026-10-07T15:20:49.6239584Z === RUN   TestArenaAugmentDescriptionRendersDataValuesAndRemovesTemplates
windows-build	UNKNOWN STEP	2026-10-07T15:20:49.6240436Z --- PASS: TestArenaAugmentDescriptionRendersDataValuesAndRemovesTemplates (0.00s)
windows-build	UNKNOWN STEP	2026-10-07T15:20:49.6241436Z === RUN   TestArenaAugmentDescriptionDropsRuntimeCounterLines
windows-build	UNKNOWN STEP	2026-10-07T15:20:49.6242413Z --- PASS: TestArenaAugmentDescriptionDropsRuntimeCounterLines (0.00s)
windows-build	UNKNOWN STEP	2026-10-07T15:20:49.6243064Z === RUN   TestArenaAugmentDescriptionRendersCalculations
windows-build	UNKNOWN STEP	2026-10-07T15:20:49.6243696Z --- PASS: TestArenaAugmentDescriptionRendersCalculations (0.00s)
windows-build	UNKNOWN STEP	2026-10-07T15:20:49.6244385Z === RUN   TestArenaAugmentCalculationTrimsZeroScalingAndBareRatios
windows-build	UNKNOWN STEP	2026-10-07T15:20:49.6245178Z --- PASS: TestArenaAugmentCalculationTrimsZeroScalingAndBareRatios (0.00s)
windows-build	UNKNOWN STEP	2026-10-07T15:20:49.6245979Z === RUN   TestArenaAugmentDescriptionDropsOnlyTheUnresolvableSentence
windows-build	UNKNOWN STEP	2026-10-07T15:20:49.6246820Z --- PASS: TestArenaAugmentDescriptionDropsOnlyTheUnresolvableSentence (0.00s)
windows-build	UNKNOWN STEP	2026-10-07T15:20:49.6247573Z === RUN   TestArenaAugmentCalculationWalksLevelBreakpoints
windows-build	UNKNOWN STEP	2026-10-07T15:20:49.6248272Z --- PASS: TestArenaAugmentCalculationWalksLevelBreakpoints (0.00s)
windows-build	UNKNOWN STEP	2026-10-07T15:20:49.6249072Z === RUN   TestCommunityDragonMayhemCatalogShapeReportsBelowKiwiMinimum
windows-build	UNKNOWN STEP	2026-10-07T15:20:49.6249912Z --- PASS: TestCommunityDragonMayhemCatalogShapeReportsBelowKiwiMinimum (0.00s)
windows-build	UNKNOWN STEP	2026-10-07T15:20:49.6251169Z === RUN   TestCommunityDragonAugmentIndexIgnoresIconDirectory
windows-build	UNKNOWN STEP	2026-10-07T15:20:49.6251900Z --- PASS: TestCommunityDragonAugmentIndexIgnoresIconDirectory (0.00s)
windows-build	UNKNOWN STEP	2026-10-07T15:20:49.6252660Z === RUN   TestArenaAugmentRowsSurviveMissingCommunityDragonMetadata
windows-build	UNKNOWN STEP	2026-10-07T15:20:49.6253480Z --- PASS: TestArenaAugmentRowsSurviveMissingCommunityDragonMetadata (0.00s)
windows-build	UNKNOWN STEP	2026-10-07T15:20:49.6254182Z === RUN   TestArenaAugmentRowsPreserveAllQualityRows
windows-build	UNKNOWN STEP	2026-10-07T15:20:49.6254801Z --- PASS: TestArenaAugmentRowsPreserveAllQualityRows (0.00s)
windows-build	UNKNOWN STEP	2026-10-07T15:20:49.6255431Z === RUN   TestStructuredArenaDetailPreservesAllAugmentRows
windows-build	UNKNOWN STEP	2026-10-07T15:20:49.6256134Z --- PASS: TestStructuredArenaDetailPreservesAllAugmentRows (0.00s)
windows-build	UNKNOWN STEP	2026-10-07T15:20:49.6256755Z === RUN   TestArenaAugmentDiagnosticsUseSafeFields
windows-build	UNKNOWN STEP	2026-10-07T15:20:49.6257332Z --- PASS: TestArenaAugmentDiagnosticsUseSafeFields (0.00s)
windows-build	UNKNOWN STEP	2026-10-07T15:20:49.6257869Z === RUN   TestDDragonItemCatalogParsesGoldTotal
windows-build	UNKNOWN STEP	2026-10-07T15:20:49.6258642Z --- PASS: TestDDragonItemCatalogParsesGoldTotal (0.00s)
windows-build	UNKNOWN STEP	2026-10-07T15:20:49.6259324Z === RUN   TestLoadStaticDescriptionsReportsDDragonPurchasabilityFields
windows-build	UNKNOWN STEP	2026-10-07T15:20:49.6260131Z --- PASS: TestLoadStaticDescriptionsReportsDDragonPurchasabilityFields (0.00s)
windows-build	UNKNOWN STEP	2026-10-07T15:20:49.6260758Z === RUN   TestValidateChampionAssetPath
windows-build	UNKNOWN STEP	2026-10-07T15:20:49.6261210Z --- PASS: TestValidateChampionAssetPath (0.00s)
windows-build	UNKNOWN STEP	2026-10-07T15:20:49.6261717Z === RUN   TestRuneShardSlotsUsePositionalMatching
windows-build	UNKNOWN STEP	2026-10-07T15:20:49.6262516Z --- PASS: TestRuneShardSlotsUsePositionalMatching (0.00s)
windows-build	UNKNOWN STEP	2026-10-07T15:20:49.6263078Z === RUN   TestLoadTopPlayersParsesLeaderboardFlight
windows-build	UNKNOWN STEP	2026-10-07T15:20:49.6263665Z --- PASS: TestLoadTopPlayersParsesLeaderboardFlight (0.00s)
windows-build	UNKNOWN STEP	2026-10-07T15:20:49.6264312Z === RUN   TestLoadTopPlayersUsesLeaderboardTableAndCapsFive
windows-build	UNKNOWN STEP	2026-10-07T15:20:49.6264967Z --- PASS: TestLoadTopPlayersUsesLeaderboardTableAndCapsFive (0.00s)
windows-build	UNKNOWN STEP	2026-10-07T15:20:49.6265650Z === RUN   TestValidateChampionAssetPathAllowsOPGGProfileIcons
windows-build	UNKNOWN STEP	2026-10-07T15:20:49.6266391Z --- PASS: TestValidateChampionAssetPathAllowsOPGGProfileIcons (0.00s)
windows-build	UNKNOWN STEP	2026-10-07T15:20:49.6267049Z === RUN   TestCommunityDragonAugmentAssetPathsStayScoped
windows-build	UNKNOWN STEP	2026-10-07T15:20:49.6267677Z --- PASS: TestCommunityDragonAugmentAssetPathsStayScoped (0.00s)
windows-build	UNKNOWN STEP	2026-10-07T15:20:49.6268436Z === RUN   TestAugmentMetadataMergeUsesRealIDsAndPreservesLCUDescriptions
windows-build	UNKNOWN STEP	2026-10-07T15:20:49.6269304Z --- PASS: TestAugmentMetadataMergeUsesRealIDsAndPreservesLCUDescriptions (0.00s)
windows-build	UNKNOWN STEP	2026-10-07T15:20:49.6270338Z === RUN   TestAugmentOfflineGuidanceOnlyFillsMissingMayhemDescriptions
windows-build	UNKNOWN STEP	2026-10-07T15:20:49.6271176Z --- PASS: TestAugmentOfflineGuidanceOnlyFillsMissingMayhemDescriptions (0.00s)
windows-build	UNKNOWN STEP	2026-10-07T15:20:49.6271938Z === RUN   TestChampionAssetFallbackMapsGtimgOntoDataDragon
windows-build	UNKNOWN STEP	2026-10-07T15:20:49.6272688Z --- PASS: TestChampionAssetFallbackMapsGtimgOntoDataDragon (0.00s)
windows-build	UNKNOWN STEP	2026-10-07T15:20:49.6273600Z === RUN   TestChampionAssetLCUPathUsesGameDataRoutes
windows-build	UNKNOWN STEP	2026-10-07T15:20:49.6274241Z --- PASS: TestChampionAssetLCUPathUsesGameDataRoutes (0.00s)
windows-build	UNKNOWN STEP	2026-10-07T15:20:49.6275442Z === RUN   TestLoadRankedFiltersUnknownPositionsBeforeChoosingDefaults
windows-build	UNKNOWN STEP	2026-10-07T15:20:49.6276363Z --- PASS: TestLoadRankedFiltersUnknownPositionsBeforeChoosingDefaults (0.00s)
windows-build	UNKNOWN STEP	2026-10-07T15:20:49.6277362Z === RUN   TestDecodeNextFlightAndExtractBestArray
windows-build	UNKNOWN STEP	2026-10-07T15:20:49.6278054Z --- PASS: TestDecodeNextFlightAndExtractBestArray (0.00s)
windows-build	UNKNOWN STEP	2026-10-07T15:20:49.6278669Z === RUN   TestParseArenaTeamCompositionsAndStats
windows-build	UNKNOWN STEP	2026-10-07T15:20:49.6279263Z --- PASS: TestParseArenaTeamCompositionsAndStats (0.00s)
windows-build	UNKNOWN STEP	2026-10-07T15:20:49.6279942Z === RUN   TestParseArenaAugmentsKeepsMetricsAndTooltip
windows-build	UNKNOWN STEP	2026-10-07T15:20:49.6280331Z --- PASS: TestParseArenaAugmentsKeepsMetricsAndTooltip (0.00s)
windows-build	UNKNOWN STEP	2026-10-07T15:20:49.6280799Z === RUN   TestBalancedJSONArrayHandlesQuotedBrackets
windows-build	UNKNOWN STEP	2026-10-07T15:20:49.6281547Z --- PASS: TestBalancedJSONArrayHandlesQuotedBrackets (0.00s)
windows-build	UNKNOWN STEP	2026-10-07T15:20:49.6282319Z === RUN   TestNormalizeArenaBuildSeparatesBootsAndRemovesPlaceholder
windows-build	UNKNOWN STEP	2026-10-07T15:20:49.6283516Z --- PASS: TestNormalizeArenaBuildSeparatesBootsAndRemovesPlaceholder (0.00s)
windows-build	UNKNOWN STEP	2026-10-07T15:20:49.6284185Z === RUN   TestChampionSearchTermsAndAliases
windows-build	UNKNOWN STEP	2026-10-07T15:20:49.6284710Z --- PASS: TestChampionSearchTermsAndAliases (0.00s)
windows-build	UNKNOWN STEP	2026-10-07T15:20:49.6285552Z === RUN   TestParseChampionAbilityDescriptionsIncludesConcreteValues
windows-build	UNKNOWN STEP	2026-10-07T15:20:49.6286393Z --- PASS: TestParseChampionAbilityDescriptionsIncludesConcreteValues (0.00s)
windows-build	UNKNOWN STEP	2026-10-07T15:20:49.6287048Z === RUN   TestCleanMarkupAndRarity
windows-build	UNKNOWN STEP	2026-10-07T15:20:49.6287495Z --- PASS: TestCleanMarkupAndRarity (0.00s)
windows-build	UNKNOWN STEP	2026-10-07T15:20:49.6287942Z === RUN   TestParseChampionCounters
windows-build	UNKNOWN STEP	2026-10-07T15:20:49.6288382Z --- PASS: TestParseChampionCounters (0.00s)
windows-build	UNKNOWN STEP	2026-10-07T15:20:49.6288970Z === RUN   TestParseChampionCountersAcceptsNonDivSectionHeadings
windows-build	UNKNOWN STEP	2026-10-07T15:20:49.6289742Z --- PASS: TestParseChampionCountersAcceptsNonDivSectionHeadings (0.00s)
windows-build	UNKNOWN STEP	2026-10-07T15:20:49.6290431Z === RUN   TestParseChampionRunesKeepsFullTreeAndShards
windows-build	UNKNOWN STEP	2026-10-07T15:20:49.6291062Z --- PASS: TestParseChampionRunesKeepsFullTreeAndShards (0.00s)
windows-build	UNKNOWN STEP	2026-10-07T15:20:49.6291690Z === RUN   TestDecorateChampionAssetAddsTooltipMetadata
windows-build	UNKNOWN STEP	2026-10-07T15:20:49.6292309Z --- PASS: TestDecorateChampionAssetAddsTooltipMetadata (0.00s)
windows-build	UNKNOWN STEP	2026-10-07T15:20:49.6293040Z === RUN   TestFilterChampionItemComponentsKeepsFinalAndUnknownItems
windows-build	UNKNOWN STEP	2026-10-07T15:20:49.6293841Z --- PASS: TestFilterChampionItemComponentsKeepsFinalAndUnknownItems (0.00s)
windows-build	UNKNOWN STEP	2026-10-07T15:20:49.6294632Z === RUN   TestFillMissingChampionCountersPreservesAvailableSide
windows-build	UNKNOWN STEP	2026-10-07T15:20:49.6295316Z --- PASS: TestFillMissingChampionCountersPreservesAvailableSide (0.00s)
windows-build	UNKNOWN STEP	2026-10-07T15:20:49.6295901Z === RUN   TestLoadStructuredCountersUsesOnlyOPGGDetailPayload
windows-build	UNKNOWN STEP	2026-10-07T15:20:49.6296494Z --- PASS: TestLoadStructuredCountersUsesOnlyOPGGDetailPayload (0.00s)
windows-build	UNKNOWN STEP	2026-10-07T15:20:49.6297118Z === RUN   TestStructuredCountersDropsSubjectAndDuplicateRows
windows-build	UNKNOWN STEP	2026-10-07T15:20:49.6297725Z --- PASS: TestStructuredCountersDropsSubjectAndDuplicateRows (0.00s)
windows-build	UNKNOWN STEP	2026-10-07T15:20:49.6298485Z === RUN   TestLoadStructuredCountersUsesCompletePositionFilteredTopLevelCounters
windows-build	UNKNOWN STEP	2026-10-07T15:20:49.6299446Z --- PASS: TestLoadStructuredCountersUsesCompletePositionFilteredTopLevelCounters (0.00s)
windows-build	UNKNOWN STEP	2026-10-07T15:20:49.6300662Z === RUN   TestLoadStructuredDetailUsesCompletePositionFilteredTopLevelCounters
windows-build	UNKNOWN STEP	2026-10-07T15:20:49.6301585Z --- PASS: TestLoadStructuredDetailUsesCompletePositionFilteredTopLevelCounters (0.00s)
windows-build	UNKNOWN STEP	2026-10-07T15:20:49.6303395Z === RUN   TestStructuredCountersNeverCallLosingMatchupsStrong
windows-build	UNKNOWN STEP	2026-10-07T15:20:49.6304129Z --- PASS: TestStructuredCountersNeverCallLosingMatchupsStrong (0.00s)
windows-build	UNKNOWN STEP	2026-10-07T15:20:49.6304809Z === RUN   TestStructuredCountersNeverCallWinningMatchupsWeak
windows-build	UNKNOWN STEP	2026-10-07T15:20:49.6305684Z --- PASS: TestStructuredCountersNeverCallWinningMatchupsWeak (0.00s)
windows-build	UNKNOWN STEP	2026-10-07T15:20:49.6306388Z === RUN   TestParseOPGGItemDepthsExpandsDelayedFifthItemGames
windows-build	UNKNOWN STEP	2026-10-07T15:20:49.6307083Z --- PASS: TestParseOPGGItemDepthsExpandsDelayedFifthItemGames (0.00s)
windows-build	UNKNOWN STEP	2026-10-07T15:20:49.6307878Z === RUN   TestOPGGItemDepthDiagnosticsSeparateNetworkFailureFromParsedZero
windows-build	UNKNOWN STEP	2026-10-07T15:20:49.6308807Z --- PASS: TestOPGGItemDepthDiagnosticsSeparateNetworkFailureFromParsedZero (0.00s)
windows-build	UNKNOWN STEP	2026-10-07T15:20:49.6309726Z === RUN   TestParseOPGGItemDepthsDeduplicatesExpandedRowsBeforeApplyingLimit
windows-build	UNKNOWN STEP	2026-10-07T15:20:49.6310541Z --- PASS: TestParseOPGGItemDepthsDeduplicatesExpandedRowsBeforeApplyingLimit (0.00s)
windows-build	UNKNOWN STEP	2026-10-07T15:20:49.6311315Z === RUN   TestRankedCoreRecommendationsKeepCompleteOPGGOrderBelowLocalSampleGate
windows-build	UNKNOWN STEP	2026-10-07T15:20:49.6312011Z --- PASS: TestRankedCoreRecommendationsKeepCompleteOPGGOrderBelowLocalSampleGate (0.00s)
windows-build	UNKNOWN STEP	2026-10-07T15:20:49.6312537Z === RUN   TestParseOPGGItemDepthsAcceptsCurrentNumericRSCPercentages
windows-build	UNKNOWN STEP	2026-10-07T15:20:49.6313029Z --- PASS: TestParseOPGGItemDepthsAcceptsCurrentNumericRSCPercentages (0.00s)
windows-build	UNKNOWN STEP	2026-10-07T15:20:49.6313472Z === RUN   TestParseOPGGItemDepthsKeepsZeroWinRateWithRealGames
windows-build	UNKNOWN STEP	2026-10-07T15:20:49.6313894Z --- PASS: TestParseOPGGItemDepthsKeepsZeroWinRateWithRealGames (0.00s)
windows-build	UNKNOWN STEP	2026-10-07T15:20:49.6314265Z === RUN   TestParseOPGGItemDepthsIncludesSixthItem
windows-build	UNKNOWN STEP	2026-10-07T15:20:49.6314608Z --- PASS: TestParseOPGGItemDepthsIncludesSixthItem (0.00s)
windows-build	UNKNOWN STEP	2026-10-07T15:20:49.6314962Z === RUN   TestLoadOPGGDepthRowsAllowsMissingSixthItemDepth
windows-build	UNKNOWN STEP	2026-10-07T15:20:49.6315349Z --- PASS: TestLoadOPGGDepthRowsAllowsMissingSixthItemDepth (0.00s)
windows-build	UNKNOWN STEP	2026-10-07T15:20:49.6315926Z === RUN   TestLoadOPGGDepthRowsKeepsOtherStagesWhenFifthIsAbsent
windows-build	UNKNOWN STEP	2026-10-07T15:20:49.6316652Z --- PASS: TestLoadOPGGDepthRowsKeepsOtherStagesWhenFifthIsAbsent (0.00s)
windows-build	UNKNOWN STEP	2026-10-07T15:20:49.6317411Z === RUN   TestParseOPGGItemDepthsKeepsThreeRowsForFiveChampionFixtures
windows-build	UNKNOWN STEP	2026-10-07T15:20:49.6317903Z --- PASS: TestParseOPGGItemDepthsKeepsThreeRowsForFiveChampionFixtures (0.00s)
windows-build	UNKNOWN STEP	2026-10-07T15:20:49.6318358Z === RUN   TestOPGGDepthRowsAreNotDeduplicatedAgainstCoreItems
windows-build	UNKNOWN STEP	2026-10-07T15:20:49.6318768Z --- PASS: TestOPGGDepthRowsAreNotDeduplicatedAgainstCoreItems (0.00s)
windows-build	UNKNOWN STEP	2026-10-07T15:20:49.6319116Z === RUN   TestFractionToPercentContracts
windows-build	UNKNOWN STEP	2026-10-07T15:20:49.6319400Z --- PASS: TestFractionToPercentContracts (0.00s)
windows-build	UNKNOWN STEP	2026-10-07T15:20:49.6320045Z === RUN   TestExecutionPlanningNeverBansAndAutomaticallyIntentsWithoutToggle
windows-build	UNKNOWN STEP	2026-10-07T15:20:49.6336246Z --- PASS: TestExecutionPlanningNeverBansAndAutomaticallyIntentsWithoutToggle (0.00s)
windows-build	UNKNOWN STEP	2026-10-07T15:20:49.6337200Z === RUN   TestExecutionReplay1030IntentThenSentinelBanHoverConfirmationAndLock
windows-build	UNKNOWN STEP	2026-10-07T15:20:49.6406959Z --- PASS: TestExecutionReplay1030IntentThenSentinelBanHoverConfirmationAndLock (0.01s)
windows-build	UNKNOWN STEP	2026-10-07T15:20:49.6407885Z === RUN   TestChampSelectRuntimeRecordChampionIDRoundTripAndLimit
windows-build	UNKNOWN STEP	2026-10-07T15:20:49.6409147Z --- PASS: TestChampSelectRuntimeRecordChampionIDRoundTripAndLimit (0.00s)
windows-build	UNKNOWN STEP	2026-10-07T15:20:49.6410182Z === RUN   TestExecutionCustomCompatibilityAlwaysConfirmsHoverEvenLockNow
windows-build	UNKNOWN STEP	2026-10-07T15:20:49.6446095Z --- PASS: TestExecutionCustomCompatibilityAlwaysConfirmsHoverEvenLockNow (0.00s)
windows-build	UNKNOWN STEP	2026-10-07T15:20:49.6447141Z === RUN   TestExecutionCompatibilityIsNotAWildcard
windows-build	UNKNOWN STEP	2026-10-07T15:20:49.6447723Z === RUN   TestExecutionCompatibilityIsNotAWildcard/empty
windows-build	UNKNOWN STEP	2026-10-07T15:20:49.6449085Z --- PASS: TestExecutionCompatibilityIsNotAWildcard/empty (0.00s)
windows-build	UNKNOWN STEP	2026-10-07T15:20:49.6449828Z === RUN   TestExecutionCompatibilityIsNotAWildcard/read-failed
windows-build	UNKNOWN STEP	2026-10-07T15:20:49.6452138Z --- PASS: TestExecutionCompatibilityIsNotAWildcard/read-failed (0.00s)
windows-build	UNKNOWN STEP	2026-10-07T15:20:49.6453103Z === RUN   TestExecutionCompatibilityIsNotAWildcard/no-action
windows-build	UNKNOWN STEP	2026-10-07T15:20:49.6455045Z --- PASS: TestExecutionCompatibilityIsNotAWildcard/no-action (0.00s)
windows-build	UNKNOWN STEP	2026-10-07T15:20:49.6455911Z === RUN   TestExecutionCompatibilityIsNotAWildcard/planning
windows-build	UNKNOWN STEP	2026-10-07T15:20:49.6458604Z --- PASS: TestExecutionCompatibilityIsNotAWildcard/planning (0.00s)
windows-build	UNKNOWN STEP	2026-10-07T15:20:49.6459593Z === RUN   TestExecutionCompatibilityIsNotAWildcard/unknown-phase
windows-build	UNKNOWN STEP	2026-10-07T15:20:49.6461466Z --- PASS: TestExecutionCompatibilityIsNotAWildcard/unknown-phase (0.00s)
windows-build	UNKNOWN STEP	2026-10-07T15:20:49.6461876Z === RUN   TestExecutionCompatibilityIsNotAWildcard/banned
windows-build	UNKNOWN STEP	2026-10-07T15:20:49.6465326Z --- PASS: TestExecutionCompatibilityIsNotAWildcard/banned (0.00s)
windows-build	UNKNOWN STEP	2026-10-07T15:20:49.6466109Z === RUN   TestExecutionCompatibilityIsNotAWildcard/own-intent
windows-build	UNKNOWN STEP	2026-10-07T15:20:49.6469042Z --- PASS: TestExecutionCompatibilityIsNotAWildcard/own-intent (0.00s)
windows-build	UNKNOWN STEP	2026-10-07T15:20:49.6469709Z === RUN   TestExecutionCompatibilityIsNotAWildcard/ally-selected
windows-build	UNKNOWN STEP	2026-10-07T15:20:49.6472706Z --- PASS: TestExecutionCompatibilityIsNotAWildcard/ally-selected (0.00s)
windows-build	UNKNOWN STEP	2026-10-07T15:20:49.6473466Z === RUN   TestExecutionCompatibilityIsNotAWildcard/unknown-hero
windows-build	UNKNOWN STEP	2026-10-07T15:20:49.6476236Z --- PASS: TestExecutionCompatibilityIsNotAWildcard/unknown-hero (0.00s)
windows-build	UNKNOWN STEP	2026-10-07T15:20:49.6476844Z --- PASS: TestExecutionCompatibilityIsNotAWildcard (0.00s)
windows-build	UNKNOWN STEP	2026-10-07T15:20:49.6477229Z === RUN   TestExecutionIntentConflictSwitchAndManualTakeover
windows-build	UNKNOWN STEP	2026-10-07T15:20:49.6477630Z === RUN   TestExecutionIntentConflictSwitchAndManualTakeover/avoid
windows-build	UNKNOWN STEP	2026-10-07T15:20:49.6492027Z --- PASS: TestExecutionIntentConflictSwitchAndManualTakeover/avoid (0.00s)
windows-build	UNKNOWN STEP	2026-10-07T15:20:49.6492879Z === RUN   TestExecutionIntentConflictSwitchAndManualTakeover/ignore-intent
windows-build	UNKNOWN STEP	2026-10-07T15:20:49.6507914Z --- PASS: TestExecutionIntentConflictSwitchAndManualTakeover/ignore-intent (0.00s)
windows-build	UNKNOWN STEP	2026-10-07T15:20:49.6509114Z === RUN   TestExecutionIntentConflictSwitchAndManualTakeover/locked-always-excluded
windows-build	UNKNOWN STEP	2026-10-07T15:20:49.6524080Z --- PASS: TestExecutionIntentConflictSwitchAndManualTakeover/locked-always-excluded (0.00s)
windows-build	UNKNOWN STEP	2026-10-07T15:20:49.6524735Z === RUN   TestExecutionIntentConflictSwitchAndManualTakeover/manual-protected
windows-build	UNKNOWN STEP	2026-10-07T15:20:49.6527092Z --- PASS: TestExecutionIntentConflictSwitchAndManualTakeover/manual-protected (0.00s)
windows-build	UNKNOWN STEP	2026-10-07T15:20:49.6528238Z --- PASS: TestExecutionIntentConflictSwitchAndManualTakeover (0.01s)
windows-build	UNKNOWN STEP	2026-10-07T15:20:49.6528728Z === RUN   TestExecutionRechecksAllyIntentAfterOwnIntent
windows-build	UNKNOWN STEP	2026-10-07T15:20:49.6561564Z --- PASS: TestExecutionRechecksAllyIntentAfterOwnIntent (0.00s)
windows-build	UNKNOWN STEP	2026-10-07T15:20:49.6562143Z === RUN   TestExecutionHTTPAckWithoutApplicationRetriesOnceAndNeverReportsSuccess
windows-build	UNKNOWN STEP	2026-10-07T15:20:49.6600290Z --- PASS: TestExecutionHTTPAckWithoutApplicationRetriesOnceAndNeverReportsSuccess (0.00s)
windows-build	UNKNOWN STEP	2026-10-07T15:20:49.6601125Z === RUN   TestExecutionTransportFailureAppliedByClientDoesNotDuplicate
windows-build	UNKNOWN STEP	2026-10-07T15:20:49.6622904Z --- PASS: TestExecutionTransportFailureAppliedByClientDoesNotDuplicate (0.00s)
windows-build	UNKNOWN STEP	2026-10-07T15:20:49.6623760Z === RUN   TestExecutionPreflightRechecksPhaseIntentAndOwnHover
windows-build	UNKNOWN STEP	2026-10-07T15:20:49.6626519Z --- PASS: TestExecutionPreflightRechecksPhaseIntentAndOwnHover (0.00s)
windows-build	UNKNOWN STEP	2026-10-07T15:20:49.6627750Z === RUN   TestExecutionOldBanEvidenceDoesNotLeakBetweenSessions
windows-build	UNKNOWN STEP	2026-10-07T15:20:49.6628755Z --- PASS: TestExecutionOldBanEvidenceDoesNotLeakBetweenSessions (0.00s)
windows-build	UNKNOWN STEP	2026-10-07T15:20:49.6629348Z === RUN   TestExecutionLateAcknowledgementCannotReviveCanceledAction
windows-build	UNKNOWN STEP	2026-10-07T15:20:49.6629849Z === RUN   TestExecutionLateAcknowledgementCannotReviveCanceledAction/master-off
windows-build	UNKNOWN STEP	2026-10-07T15:20:49.6633016Z --- PASS: TestExecutionLateAcknowledgementCannotReviveCanceledAction/master-off (0.00s)
windows-build	UNKNOWN STEP	2026-10-07T15:20:49.6633976Z === RUN   TestExecutionLateAcknowledgementCannotReviveCanceledAction/side-off
windows-build	UNKNOWN STEP	2026-10-07T15:20:49.6638686Z --- PASS: TestExecutionLateAcknowledgementCannotReviveCanceledAction/side-off (0.00s)
windows-build	UNKNOWN STEP	2026-10-07T15:20:49.6639828Z === RUN   TestExecutionLateAcknowledgementCannotReviveCanceledAction/manual-takeover
windows-build	UNKNOWN STEP	2026-10-07T15:20:49.6643978Z --- PASS: TestExecutionLateAcknowledgementCannotReviveCanceledAction/manual-takeover (0.00s)
windows-build	UNKNOWN STEP	2026-10-07T15:20:49.6644961Z === RUN   TestExecutionLateAcknowledgementCannotReviveCanceledAction/new-session
windows-build	UNKNOWN STEP	2026-10-07T15:20:49.6648902Z --- PASS: TestExecutionLateAcknowledgementCannotReviveCanceledAction/new-session (0.00s)
windows-build	UNKNOWN STEP	2026-10-07T15:20:49.6649862Z --- PASS: TestExecutionLateAcknowledgementCannotReviveCanceledAction (0.00s)
windows-build	UNKNOWN STEP	2026-10-07T15:20:49.6650577Z === RUN   Test1129RankedBanMigrationPreservesLegacyAndPickPools
windows-build	UNKNOWN STEP	2026-10-07T15:20:49.6975856Z --- PASS: Test1129RankedBanMigrationPreservesLegacyAndPickPools (0.03s)
windows-build	UNKNOWN STEP	2026-10-07T15:20:49.6976641Z === RUN   Test1129RankedSharedBanAcrossAllPositionsAndQueues
windows-build	UNKNOWN STEP	2026-10-07T15:20:49.6977339Z === RUN   Test1129RankedSharedBanAcrossAllPositionsAndQueues/420/top
windows-build	UNKNOWN STEP	2026-10-07T15:20:49.6995604Z --- PASS: Test1129RankedSharedBanAcrossAllPositionsAndQueues/420/top (0.00s)
windows-build	UNKNOWN STEP	2026-10-07T15:20:49.6996488Z === RUN   Test1129RankedSharedBanAcrossAllPositionsAndQueues/420/jungle
windows-build	UNKNOWN STEP	2026-10-07T15:20:49.7006095Z --- PASS: Test1129RankedSharedBanAcrossAllPositionsAndQueues/420/jungle (0.00s)
windows-build	UNKNOWN STEP	2026-10-07T15:20:49.7006939Z === RUN   Test1129RankedSharedBanAcrossAllPositionsAndQueues/420/middle
windows-build	UNKNOWN STEP	2026-10-07T15:20:49.7022015Z --- PASS: Test1129RankedSharedBanAcrossAllPositionsAndQueues/420/middle (0.00s)
windows-build	UNKNOWN STEP	2026-10-07T15:20:49.7022857Z === RUN   Test1129RankedSharedBanAcrossAllPositionsAndQueues/420/bottom
windows-build	UNKNOWN STEP	2026-10-07T15:20:49.7038091Z --- PASS: Test1129RankedSharedBanAcrossAllPositionsAndQueues/420/bottom (0.00s)
windows-build	UNKNOWN STEP	2026-10-07T15:20:49.7039115Z === RUN   Test1129RankedSharedBanAcrossAllPositionsAndQueues/420/utility
windows-build	UNKNOWN STEP	2026-10-07T15:20:49.7054170Z --- PASS: Test1129RankedSharedBanAcrossAllPositionsAndQueues/420/utility (0.00s)
windows-build	UNKNOWN STEP	2026-10-07T15:20:49.7055111Z === RUN   Test1129RankedSharedBanAcrossAllPositionsAndQueues/420/
windows-build	UNKNOWN STEP	2026-10-07T15:20:49.7067954Z --- PASS: Test1129RankedSharedBanAcrossAllPositionsAndQueues/420/ (0.00s)
windows-build	UNKNOWN STEP	2026-10-07T15:20:49.7068941Z === RUN   Test1129RankedSharedBanAcrossAllPositionsAndQueues/420/unknown
windows-build	UNKNOWN STEP	2026-10-07T15:20:49.7087430Z --- PASS: Test1129RankedSharedBanAcrossAllPositionsAndQueues/420/unknown (0.00s)
windows-build	UNKNOWN STEP	2026-10-07T15:20:49.7095056Z === RUN   Test1129RankedSharedBanAcrossAllPositionsAndQueues/440/top
windows-build	UNKNOWN STEP	2026-10-07T15:20:49.7103254Z --- PASS: Test1129RankedSharedBanAcrossAllPositionsAndQueues/440/top (0.00s)
windows-build	UNKNOWN STEP	2026-10-07T15:20:49.7104112Z === RUN   Test1129RankedSharedBanAcrossAllPositionsAndQueues/440/jungle
windows-build	UNKNOWN STEP	2026-10-07T15:20:49.7119050Z --- PASS: Test1129RankedSharedBanAcrossAllPositionsAndQueues/440/jungle (0.00s)
windows-build	UNKNOWN STEP	2026-10-07T15:20:49.7120235Z === RUN   Test1129RankedSharedBanAcrossAllPositionsAndQueues/440/middle
windows-build	UNKNOWN STEP	2026-10-07T15:20:49.7135395Z --- PASS: Test1129RankedSharedBanAcrossAllPositionsAndQueues/440/middle (0.00s)
windows-build	UNKNOWN STEP	2026-10-07T15:20:49.7136261Z === RUN   Test1129RankedSharedBanAcrossAllPositionsAndQueues/440/bottom
windows-build	UNKNOWN STEP	2026-10-07T15:20:49.7151108Z --- PASS: Test1129RankedSharedBanAcrossAllPositionsAndQueues/440/bottom (0.00s)
windows-build	UNKNOWN STEP	2026-10-07T15:20:49.7152123Z === RUN   Test1129RankedSharedBanAcrossAllPositionsAndQueues/440/utility
windows-build	UNKNOWN STEP	2026-10-07T15:20:49.7167356Z --- PASS: Test1129RankedSharedBanAcrossAllPositionsAndQueues/440/utility (0.00s)
windows-build	UNKNOWN STEP	2026-10-07T15:20:49.7168468Z === RUN   Test1129RankedSharedBanAcrossAllPositionsAndQueues/440/
windows-build	UNKNOWN STEP	2026-10-07T15:20:49.7183160Z --- PASS: Test1129RankedSharedBanAcrossAllPositionsAndQueues/440/ (0.00s)
windows-build	UNKNOWN STEP	2026-10-07T15:20:49.7183989Z === RUN   Test1129RankedSharedBanAcrossAllPositionsAndQueues/440/unknown
windows-build	UNKNOWN STEP	2026-10-07T15:20:49.7198865Z --- PASS: Test1129RankedSharedBanAcrossAllPositionsAndQueues/440/unknown (0.00s)
windows-build	UNKNOWN STEP	2026-10-07T15:20:49.7200205Z --- PASS: Test1129RankedSharedBanAcrossAllPositionsAndQueues (0.02s)
windows-build	UNKNOWN STEP	2026-10-07T15:20:49.7200923Z === RUN   Test1129RankedDiagnosticsReportSeparatePoolPositions
windows-build	UNKNOWN STEP	2026-10-07T15:20:49.7201659Z --- PASS: Test1129RankedDiagnosticsReportSeparatePoolPositions (0.00s)
windows-build	UNKNOWN STEP	2026-10-07T15:20:49.7203237Z === RUN   Test1129SkipLogsDeduplicateWithoutHidingChangedReasons
windows-build	UNKNOWN STEP	2026-10-07T15:20:49.7204091Z --- PASS: Test1129SkipLogsDeduplicateWithoutHidingChangedReasons (0.00s)
windows-build	UNKNOWN STEP	2026-10-07T15:20:49.7205653Z === RUN   Test1129SourceLogIgnoresOnlyRawOrderChanges
windows-build	UNKNOWN STEP	2026-10-07T15:20:49.7206293Z --- PASS: Test1129SourceLogIgnoresOnlyRawOrderChanges (0.00s)
windows-build	UNKNOWN STEP	2026-10-07T15:20:49.7207137Z === RUN   Test1129WriteLogNamesSeparateIntentHoverAndLock
windows-build	UNKNOWN STEP	2026-10-07T15:20:49.7207548Z --- PASS: Test1129WriteLogNamesSeparateIntentHoverAndLock (0.00s)
windows-build	UNKNOWN STEP	2026-10-07T15:20:49.7207968Z === RUN   TestTakeoverBenchManualSwapStopsOnceAndNextGameResets
windows-build	UNKNOWN STEP	2026-10-07T15:20:49.7237909Z --- PASS: TestTakeoverBenchManualSwapStopsOnceAndNextGameResets (0.00s)
windows-build	UNKNOWN STEP	2026-10-07T15:20:49.7238947Z === RUN   TestTakeoverBenchPendingSwapRechecksManualChoiceAndSession
windows-build	UNKNOWN STEP	2026-10-07T15:20:49.7239564Z === RUN   TestTakeoverBenchPendingSwapRechecksManualChoiceAndSession/manual
windows-build	UNKNOWN STEP	2026-10-07T15:20:49.8769273Z --- PASS: TestTakeoverBenchPendingSwapRechecksManualChoiceAndSession/manual (0.15s)
windows-build	UNKNOWN STEP	2026-10-07T15:20:49.8769932Z === RUN   TestTakeoverBenchPendingSwapRechecksManualChoiceAndSession/new-game
windows-build	UNKNOWN STEP	2026-10-07T15:20:50.0285700Z --- PASS: TestTakeoverBenchPendingSwapRechecksManualChoiceAndSession/new-game (0.15s)
windows-build	UNKNOWN STEP	2026-10-07T15:20:50.0286447Z === RUN   TestTakeoverBenchPendingSwapRechecksManualChoiceAndSession/target-gone
windows-build	UNKNOWN STEP	2026-10-07T15:20:50.1799151Z --- PASS: TestTakeoverBenchPendingSwapRechecksManualChoiceAndSession/target-gone (0.15s)
windows-build	UNKNOWN STEP	2026-10-07T15:20:50.1799798Z --- PASS: TestTakeoverBenchPendingSwapRechecksManualChoiceAndSession (0.46s)
windows-build	UNKNOWN STEP	2026-10-07T15:20:50.1800425Z === RUN   TestTakeoverBenchUnappliedSwapDoesNotBlockNewTargets
windows-build	UNKNOWN STEP	2026-10-07T15:20:50.1828964Z --- PASS: TestTakeoverBenchUnappliedSwapDoesNotBlockNewTargets (0.00s)
windows-build	UNKNOWN STEP	2026-10-07T15:20:50.1830083Z === RUN   TestTakeoverClearingNonWildcardHoverYieldsButUnavailableHeroCanRecover
windows-build	UNKNOWN STEP	2026-10-07T15:20:50.1830918Z === RUN   TestTakeoverClearingNonWildcardHoverYieldsButUnavailableHeroCanRecover/normal/manual
windows-build	UNKNOWN STEP	2026-10-07T15:20:50.1853802Z --- PASS: TestTakeoverClearingNonWildcardHoverYieldsButUnavailableHeroCanRecover/normal/manual (0.00s)
windows-build	UNKNOWN STEP	2026-10-07T15:20:50.1854724Z === RUN   TestTakeoverClearingNonWildcardHoverYieldsButUnavailableHeroCanRecover/normal/teammate-picked
windows-build	UNKNOWN STEP	2026-10-07T15:20:50.1886545Z --- PASS: TestTakeoverClearingNonWildcardHoverYieldsButUnavailableHeroCanRecover/normal/teammate-picked (0.00s)
windows-build	UNKNOWN STEP	2026-10-07T15:20:50.1887715Z === RUN   TestTakeoverClearingNonWildcardHoverYieldsButUnavailableHeroCanRecover/normal/banned
windows-build	UNKNOWN STEP	2026-10-07T15:20:50.1918270Z --- PASS: TestTakeoverClearingNonWildcardHoverYieldsButUnavailableHeroCanRecover/normal/banned (0.00s)
windows-build	UNKNOWN STEP	2026-10-07T15:20:50.1919476Z === RUN   TestTakeoverClearingNonWildcardHoverYieldsButUnavailableHeroCanRecover/arena/manual
windows-build	UNKNOWN STEP	2026-10-07T15:20:50.1938326Z --- PASS: TestTakeoverClearingNonWildcardHoverYieldsButUnavailableHeroCanRecover/arena/manual (0.00s)
windows-build	UNKNOWN STEP	2026-10-07T15:20:50.1939158Z === RUN   TestTakeoverClearingNonWildcardHoverYieldsButUnavailableHeroCanRecover/arena/teammate-picked
windows-build	UNKNOWN STEP	2026-10-07T15:20:50.1972993Z --- PASS: TestTakeoverClearingNonWildcardHoverYieldsButUnavailableHeroCanRecover/arena/teammate-picked (0.00s)
windows-build	UNKNOWN STEP	2026-10-07T15:20:50.1973944Z === RUN   TestTakeoverClearingNonWildcardHoverYieldsButUnavailableHeroCanRecover/arena/banned
windows-build	UNKNOWN STEP	2026-10-07T15:20:50.2005012Z --- PASS: TestTakeoverClearingNonWildcardHoverYieldsButUnavailableHeroCanRecover/arena/banned (0.00s)
windows-build	UNKNOWN STEP	2026-10-07T15:20:50.2006205Z === RUN   TestTakeoverClearingNonWildcardHoverYieldsButUnavailableHeroCanRecover/ranked/manual
windows-build	UNKNOWN STEP	2026-10-07T15:20:50.2023140Z --- PASS: TestTakeoverClearingNonWildcardHoverYieldsButUnavailableHeroCanRecover/ranked/manual (0.00s)
windows-build	UNKNOWN STEP	2026-10-07T15:20:50.2024391Z === RUN   TestTakeoverClearingNonWildcardHoverYieldsButUnavailableHeroCanRecover/ranked/teammate-picked
windows-build	UNKNOWN STEP	2026-10-07T15:20:50.2054781Z --- PASS: TestTakeoverClearingNonWildcardHoverYieldsButUnavailableHeroCanRecover/ranked/teammate-picked (0.00s)
windows-build	UNKNOWN STEP	2026-10-07T15:20:50.2056357Z === RUN   TestTakeoverClearingNonWildcardHoverYieldsButUnavailableHeroCanRecover/ranked/banned
windows-build	UNKNOWN STEP	2026-10-07T15:20:50.2087430Z --- PASS: TestTakeoverClearingNonWildcardHoverYieldsButUnavailableHeroCanRecover/ranked/banned (0.00s)
windows-build	UNKNOWN STEP	2026-10-07T15:20:50.2088584Z --- PASS: TestTakeoverClearingNonWildcardHoverYieldsButUnavailableHeroCanRecover (0.03s)
windows-build	UNKNOWN STEP	2026-10-07T15:20:50.2089577Z === RUN   TestTakeoverBenchOwnEchoBeforeLateAckAndAutomaticUpgrade
windows-build	UNKNOWN STEP	2026-10-07T15:20:50.2120837Z --- PASS: TestTakeoverBenchOwnEchoBeforeLateAckAndAutomaticUpgrade (0.00s)
windows-build	UNKNOWN STEP	2026-10-07T15:20:50.2121697Z === RUN   TestTakeoverPickTenSecondsAfterHoverAndManualChangeYields
windows-build	UNKNOWN STEP	2026-10-07T15:20:50.2122445Z === RUN   TestTakeoverPickTenSecondsAfterHoverAndManualChangeYields/ranked
windows-build	UNKNOWN STEP	2026-10-07T15:20:50.2147960Z --- PASS: TestTakeoverPickTenSecondsAfterHoverAndManualChangeYields/ranked (0.00s)
windows-build	UNKNOWN STEP	2026-10-07T15:20:50.2149399Z === RUN   TestTakeoverPickTenSecondsAfterHoverAndManualChangeYields/normal
windows-build	UNKNOWN STEP	2026-10-07T15:20:50.2174845Z --- PASS: TestTakeoverPickTenSecondsAfterHoverAndManualChangeYields/normal (0.00s)
windows-build	UNKNOWN STEP	2026-10-07T15:20:50.2175754Z === RUN   TestTakeoverPickTenSecondsAfterHoverAndManualChangeYields/arena
windows-build	UNKNOWN STEP	2026-10-07T15:20:50.2200664Z --- PASS: TestTakeoverPickTenSecondsAfterHoverAndManualChangeYields/arena (0.00s)
windows-build	UNKNOWN STEP	2026-10-07T15:20:50.2202411Z --- PASS: TestTakeoverPickTenSecondsAfterHoverAndManualChangeYields (0.01s)
windows-build	UNKNOWN STEP	2026-10-07T15:20:50.2202940Z === RUN   TestTakeoverPickLockTimerActuallyWaitsAndPreflightLatches
windows-build	UNKNOWN STEP	2026-10-07T15:20:50.2203419Z === RUN   TestTakeoverPickLockTimerActuallyWaitsAndPreflightLatches/lock
windows-build	UNKNOWN STEP	2026-10-07T15:20:50.3442627Z --- PASS: TestTakeoverPickLockTimerActuallyWaitsAndPreflightLatches/lock (0.12s)
windows-build	UNKNOWN STEP	2026-10-07T15:20:50.3443368Z === RUN   TestTakeoverPickLockTimerActuallyWaitsAndPreflightLatches/manual-before-lock
windows-build	UNKNOWN STEP	2026-10-07T15:20:50.4669511Z --- PASS: TestTakeoverPickLockTimerActuallyWaitsAndPreflightLatches/manual-before-lock (0.12s)
windows-build	UNKNOWN STEP	2026-10-07T15:20:50.4670740Z --- PASS: TestTakeoverPickLockTimerActuallyWaitsAndPreflightLatches (0.25s)
windows-build	UNKNOWN STEP	2026-10-07T15:20:50.4671247Z === RUN   TestTakeoverLockDelayMigrationAndTimeAnchor
windows-build	UNKNOWN STEP	2026-10-07T15:20:50.4671662Z --- PASS: TestTakeoverLockDelayMigrationAndTimeAnchor (0.00s)
windows-build	UNKNOWN STEP	2026-10-07T15:20:50.4672074Z === RUN   TestTakeoverDefaultPickWaitIsClampedToRemainingTurn
windows-build	UNKNOWN STEP	2026-10-07T15:20:51.4792346Z --- PASS: TestTakeoverDefaultPickWaitIsClampedToRemainingTurn (1.01s)
windows-build	UNKNOWN STEP	2026-10-07T15:20:51.4793062Z === RUN   TestSplitRegistryPathSupportsNativeTencentKeys
windows-build	UNKNOWN STEP	2026-10-07T15:20:51.4793494Z --- PASS: TestSplitRegistryPathSupportsNativeTencentKeys (0.00s)
windows-build	UNKNOWN STEP	2026-10-07T15:20:51.4793937Z === RUN   TestR86ConnectionBackoffResetsAfterSuccessfulDiscovery
windows-build	UNKNOWN STEP	2026-10-07T15:20:51.4794391Z --- PASS: TestR86ConnectionBackoffResetsAfterSuccessfulDiscovery (0.00s)
windows-build	UNKNOWN STEP	2026-10-07T15:20:51.4794821Z === RUN   TestR86ManualDisconnectPausesDiscoveryUntilRefresh
windows-build	UNKNOWN STEP	2026-10-07T15:20:51.5097414Z --- PASS: TestR86ManualDisconnectPausesDiscoveryUntilRefresh (0.03s)
windows-build	UNKNOWN STEP	2026-10-07T15:20:51.5098173Z === RUN   TestR86WebsocketDropKeepsLiveLCUConnection
windows-build	UNKNOWN STEP	2026-10-07T15:20:51.5098780Z === PAUSE TestR86WebsocketDropKeepsLiveLCUConnection
windows-build	UNKNOWN STEP	2026-10-07T15:20:51.5099236Z === RUN   TestConvenienceSettingsPersist
windows-build	UNKNOWN STEP	2026-10-07T15:20:51.5186612Z --- PASS: TestConvenienceSettingsPersist (0.01s)
windows-build	UNKNOWN STEP	2026-10-07T15:20:51.5187224Z === RUN   TestHandleGameplayConvenienceRoundTrip
windows-build	UNKNOWN STEP	2026-10-07T15:20:51.5273223Z --- PASS: TestHandleGameplayConvenienceRoundTrip (0.01s)
windows-build	UNKNOWN STEP	2026-10-07T15:20:51.5273887Z === RUN   TestHandleGameplayConvenienceNilRunner
windows-build	UNKNOWN STEP	2026-10-07T15:20:51.5274407Z --- PASS: TestHandleGameplayConvenienceNilRunner (0.00s)
windows-build	UNKNOWN STEP	2026-10-07T15:20:51.5274942Z === RUN   TestConvenienceHandlePhaseIsNilSafe
windows-build	UNKNOWN STEP	2026-10-07T15:20:51.5275270Z --- PASS: TestConvenienceHandlePhaseIsNilSafe (0.00s)
windows-build	UNKNOWN STEP	2026-10-07T15:20:51.5275595Z === RUN   TestConvenienceReadyCheckPostsAcceptOnce
windows-build	UNKNOWN STEP	2026-10-07T15:20:51.7297737Z --- PASS: TestConvenienceReadyCheckPostsAcceptOnce (0.20s)
windows-build	UNKNOWN STEP	2026-10-07T15:20:51.7298194Z === RUN   TestConvenienceDisabledPhaseDoesNotCallClient
windows-build	UNKNOWN STEP	2026-10-07T15:20:51.8806482Z --- PASS: TestConvenienceDisabledPhaseDoesNotCallClient (0.15s)
windows-build	UNKNOWN STEP	2026-10-07T15:20:51.8807481Z === RUN   TestConvenienceReconnectPostsAndNotifies
windows-build	UNKNOWN STEP	2026-10-07T15:20:51.8819730Z --- PASS: TestConvenienceReconnectPostsAndNotifies (0.00s)
windows-build	UNKNOWN STEP	2026-10-07T15:20:51.8821008Z === RUN   TestResolveRankDataSourcesMatrix
windows-build	UNKNOWN STEP	2026-10-07T15:20:51.8821713Z === RUN   TestResolveRankDataSourcesMatrix/local_prefers_LCU
windows-build	UNKNOWN STEP	2026-10-07T15:20:51.8823008Z --- PASS: TestResolveRankDataSourcesMatrix/local_prefers_LCU (0.00s)
windows-build	UNKNOWN STEP	2026-10-07T15:20:51.8823748Z === RUN   TestResolveRankDataSourcesMatrix/remote_uses_SGP
windows-build	UNKNOWN STEP	2026-10-07T15:20:51.8824385Z --- PASS: TestResolveRankDataSourcesMatrix/remote_uses_SGP (0.00s)
windows-build	UNKNOWN STEP	2026-10-07T15:20:51.8825020Z === RUN   TestResolveRankDataSourcesMatrix/disconnected_uses_SGP
windows-build	UNKNOWN STEP	2026-10-07T15:20:51.8825755Z --- PASS: TestResolveRankDataSourcesMatrix/disconnected_uses_SGP (0.00s)
windows-build	UNKNOWN STEP	2026-10-07T15:20:51.8826422Z === RUN   TestResolveRankDataSourcesMatrix/invalid_reference
windows-build	UNKNOWN STEP	2026-10-07T15:20:51.8827071Z --- PASS: TestResolveRankDataSourcesMatrix/invalid_reference (0.00s)
windows-build	UNKNOWN STEP	2026-10-07T15:20:51.8827682Z --- PASS: TestResolveRankDataSourcesMatrix (0.00s)
windows-build	UNKNOWN STEP	2026-10-07T15:20:51.8828200Z === RUN   TestResolveMatchHistoryDataSourcesMatrix
windows-build	UNKNOWN STEP	2026-10-07T15:20:51.8829097Z === RUN   TestResolveMatchHistoryDataSourcesMatrix/local_prefers_complete_SGP_roster
windows-build	UNKNOWN STEP	2026-10-07T15:20:51.8829990Z --- PASS: TestResolveMatchHistoryDataSourcesMatrix/local_prefers_complete_SGP_roster (0.00s)
windows-build	UNKNOWN STEP	2026-10-07T15:20:51.8830921Z === RUN   TestResolveMatchHistoryDataSourcesMatrix/remote_never_reads_current_LCU
windows-build	UNKNOWN STEP	2026-10-07T15:20:51.8831869Z --- PASS: TestResolveMatchHistoryDataSourcesMatrix/remote_never_reads_current_LCU (0.00s)
windows-build	UNKNOWN STEP	2026-10-07T15:20:51.8832836Z === RUN   TestResolveMatchHistoryDataSourcesMatrix/local_falls_back_when_SGP_unavailable
windows-build	UNKNOWN STEP	2026-10-07T15:20:51.8833857Z --- PASS: TestResolveMatchHistoryDataSourcesMatrix/local_falls_back_when_SGP_unavailable (0.00s)
windows-build	UNKNOWN STEP	2026-10-07T15:20:51.8834731Z === RUN   TestResolveMatchHistoryDataSourcesMatrix/invalid_reference
windows-build	UNKNOWN STEP	2026-10-07T15:20:51.8835414Z --- PASS: TestResolveMatchHistoryDataSourcesMatrix/invalid_reference (0.00s)
windows-build	UNKNOWN STEP	2026-10-07T15:20:51.8836071Z --- PASS: TestResolveMatchHistoryDataSourcesMatrix (0.00s)
windows-build	UNKNOWN STEP	2026-10-07T15:20:51.8836691Z === RUN   TestResolveTimelineDataSourcesRejectsCrossServerLCU
windows-build	UNKNOWN STEP	2026-10-07T15:20:51.8837467Z --- PASS: TestResolveTimelineDataSourcesRejectsCrossServerLCU (0.00s)
windows-build	UNKNOWN STEP	2026-10-07T15:20:51.8838122Z === RUN   TestRankScoreCacheDoesNotCrossReadSources
windows-build	UNKNOWN STEP	2026-10-07T15:20:51.8838690Z --- PASS: TestRankScoreCacheDoesNotCrossReadSources (0.00s)
windows-build	UNKNOWN STEP	2026-10-07T15:20:51.8839247Z === RUN   TestTimelineCacheDoesNotCrossReadSources
windows-build	UNKNOWN STEP	2026-10-07T15:20:51.8839818Z --- PASS: TestTimelineCacheDoesNotCrossReadSources (0.00s)
windows-build	UNKNOWN STEP	2026-10-07T15:20:51.8840400Z === RUN   TestSummonerCacheDoesNotCrossReadSources
windows-build	UNKNOWN STEP	2026-10-07T15:20:51.8840936Z --- PASS: TestSummonerCacheDoesNotCrossReadSources (0.00s)
windows-build	UNKNOWN STEP	2026-10-07T15:20:51.8841320Z === RUN   TestDesktopStartupStageHTTPValidationAndDiskWrite
windows-build	UNKNOWN STEP	2026-10-07T15:20:51.8841711Z === RUN   TestDesktopStartupStageHTTPValidationAndDiskWrite/backend
windows-build	UNKNOWN STEP	2026-10-07T15:20:51.8855792Z --- PASS: TestDesktopStartupStageHTTPValidationAndDiskWrite/backend (0.00s)
windows-build	UNKNOWN STEP	2026-10-07T15:20:51.8856474Z === RUN   TestDesktopStartupStageHTTPValidationAndDiskWrite/created
windows-build	UNKNOWN STEP	2026-10-07T15:20:51.8883874Z --- PASS: TestDesktopStartupStageHTTPValidationAndDiskWrite/created (0.00s)
windows-build	UNKNOWN STEP	2026-10-07T15:20:51.8884689Z === RUN   TestDesktopStartupStageHTTPValidationAndDiskWrite/loaded
windows-build	UNKNOWN STEP	2026-10-07T15:20:51.8911288Z --- PASS: TestDesktopStartupStageHTTPValidationAndDiskWrite/loaded (0.00s)
windows-build	UNKNOWN STEP	2026-10-07T15:20:51.8912020Z === RUN   TestDesktopStartupStageHTTPValidationAndDiskWrite/shown
windows-build	UNKNOWN STEP	2026-10-07T15:20:51.8937674Z --- PASS: TestDesktopStartupStageHTTPValidationAndDiskWrite/shown (0.00s)
windows-build	UNKNOWN STEP	2026-10-07T15:20:51.8938166Z === RUN   TestDesktopStartupStageHTTPValidationAndDiskWrite/negative
windows-build	UNKNOWN STEP	2026-10-07T15:20:51.8966318Z --- PASS: TestDesktopStartupStageHTTPValidationAndDiskWrite/negative (0.00s)
windows-build	UNKNOWN STEP	2026-10-07T15:20:51.8967419Z === RUN   TestDesktopStartupStageHTTPValidationAndDiskWrite/oversized_time
windows-build	UNKNOWN STEP	2026-10-07T15:20:51.8996137Z --- PASS: TestDesktopStartupStageHTTPValidationAndDiskWrite/oversized_time (0.00s)
windows-build	UNKNOWN STEP	2026-10-07T15:20:51.8996743Z === RUN   TestDesktopStartupStageHTTPValidationAndDiskWrite/unknown_field
windows-build	UNKNOWN STEP	2026-10-07T15:20:51.9015805Z --- PASS: TestDesktopStartupStageHTTPValidationAndDiskWrite/unknown_field (0.00s)
windows-build	UNKNOWN STEP	2026-10-07T15:20:51.9016594Z === RUN   TestDesktopStartupStageHTTPValidationAndDiskWrite/unknown_stage
windows-build	UNKNOWN STEP	2026-10-07T15:20:51.9034206Z --- PASS: TestDesktopStartupStageHTTPValidationAndDiskWrite/unknown_stage (0.00s)
windows-build	UNKNOWN STEP	2026-10-07T15:20:51.9035087Z === RUN   TestDesktopStartupStageHTTPValidationAndDiskWrite/wrong_type
windows-build	UNKNOWN STEP	2026-10-07T15:20:51.9053086Z --- PASS: TestDesktopStartupStageHTTPValidationAndDiskWrite/wrong_type (0.00s)
windows-build	UNKNOWN STEP	2026-10-07T15:20:51.9053943Z === RUN   TestDesktopStartupStageHTTPValidationAndDiskWrite/trailing
windows-build	UNKNOWN STEP	2026-10-07T15:20:51.9071528Z --- PASS: TestDesktopStartupStageHTTPValidationAndDiskWrite/trailing (0.00s)
windows-build	UNKNOWN STEP	2026-10-07T15:20:51.9072040Z === RUN   TestDesktopStartupStageHTTPValidationAndDiskWrite/empty
windows-build	UNKNOWN STEP	2026-10-07T15:20:51.9091083Z --- PASS: TestDesktopStartupStageHTTPValidationAndDiskWrite/empty (0.00s)
windows-build	UNKNOWN STEP	2026-10-07T15:20:51.9091934Z === RUN   TestDesktopStartupStageHTTPValidationAndDiskWrite/oversized_body
windows-build	UNKNOWN STEP	2026-10-07T15:20:52.4112735Z --- PASS: TestDesktopStartupStageHTTPValidationAndDiskWrite/oversized_body (0.50s)
windows-build	UNKNOWN STEP	2026-10-07T15:20:52.4113988Z === RUN   TestDesktopStartupStageHTTPValidationAndDiskWrite/unauthorized
windows-build	UNKNOWN STEP	2026-10-07T15:20:52.4135640Z --- PASS: TestDesktopStartupStageHTTPValidationAndDiskWrite/unauthorized (0.00s)
windows-build	UNKNOWN STEP	2026-10-07T15:20:52.4136512Z --- PASS: TestDesktopStartupStageHTTPValidationAndDiskWrite (0.53s)
windows-build	UNKNOWN STEP	2026-10-07T15:20:52.4137038Z === RUN   TestDesktopStartupStageMissingLogDirectoryCannotAcknowledgeSuccess
windows-build	UNKNOWN STEP	2026-10-07T15:20:52.4153106Z --- PASS: TestDesktopStartupStageMissingLogDirectoryCannotAcknowledgeSuccess (0.00s)
windows-build	UNKNOWN STEP	2026-10-07T15:20:52.4153722Z === RUN   TestDesktopStartupStageShellAndExportEndToEnd
windows-build	UNKNOWN STEP	2026-10-07T15:20:52.4154140Z === RUN   TestDesktopStartupStageShellAndExportEndToEnd/normal
windows-build	UNKNOWN STEP	2026-10-07T15:20:52.5079574Z --- PASS: TestDesktopStartupStageShellAndExportEndToEnd/normal (0.09s)
windows-build	UNKNOWN STEP	2026-10-07T15:20:52.5080133Z === RUN   TestDesktopStartupStageShellAndExportEndToEnd/stuck-created
windows-build	UNKNOWN STEP	2026-10-07T15:20:52.5892746Z --- PASS: TestDesktopStartupStageShellAndExportEndToEnd/stuck-created (0.08s)
windows-build	UNKNOWN STEP	2026-10-07T15:20:52.5893741Z === RUN   TestDesktopStartupStageShellAndExportEndToEnd/stuck-loaded
windows-build	UNKNOWN STEP	2026-10-07T15:20:52.6738802Z --- PASS: TestDesktopStartupStageShellAndExportEndToEnd/stuck-loaded (0.08s)
windows-build	UNKNOWN STEP	2026-10-07T15:20:52.6739372Z --- PASS: TestDesktopStartupStageShellAndExportEndToEnd (0.26s)
windows-build	UNKNOWN STEP	2026-10-07T15:20:52.6739813Z === RUN   TestDesktopStartupStageShellMutationsFailRealExport
windows-build	UNKNOWN STEP	2026-10-07T15:20:52.6740304Z === RUN   TestDesktopStartupStageShellMutationsFailRealExport/delay_until_window_shows
windows-build	UNKNOWN STEP	2026-10-07T15:20:52.7512098Z --- PASS: TestDesktopStartupStageShellMutationsFailRealExport/delay_until_window_shows (0.08s)
windows-build	UNKNOWN STEP	2026-10-07T15:20:52.7513234Z === RUN   TestDesktopStartupStageShellMutationsFailRealExport/unknown_payload_field
windows-build	UNKNOWN STEP	2026-10-07T15:20:52.8296081Z --- PASS: TestDesktopStartupStageShellMutationsFailRealExport/unknown_payload_field (0.08s)
windows-build	UNKNOWN STEP	2026-10-07T15:20:52.8297091Z --- PASS: TestDesktopStartupStageShellMutationsFailRealExport (0.16s)
windows-build	UNKNOWN STEP	2026-10-07T15:20:52.8297941Z === RUN   TestDesktopStartupStageProductionRouteRemainsAuthenticated
windows-build	UNKNOWN STEP	2026-10-07T15:20:52.8298775Z --- PASS: TestDesktopStartupStageProductionRouteRemainsAuthenticated (0.00s)
windows-build	UNKNOWN STEP	2026-10-07T15:20:52.8299524Z === RUN   TestDesktopStartupPhasesReachTheDiagnosticLog
windows-build	UNKNOWN STEP	2026-10-07T15:20:52.8316015Z --- PASS: TestDesktopStartupPhasesReachTheDiagnosticLog (0.00s)
windows-build	UNKNOWN STEP	2026-10-07T15:20:52.8316691Z === RUN   TestDesktopStartupRejectsMalformedPayloads
windows-build	UNKNOWN STEP	2026-10-07T15:20:52.8317339Z === RUN   TestDesktopStartupRejectsMalformedPayloads/unknown_field
windows-build	UNKNOWN STEP	2026-10-07T15:20:52.8329937Z --- PASS: TestDesktopStartupRejectsMalformedPayloads/unknown_field (0.00s)
windows-build	UNKNOWN STEP	2026-10-07T15:20:52.8331050Z === RUN   TestDesktopStartupRejectsMalformedPayloads/trailing_json
windows-build	UNKNOWN STEP	2026-10-07T15:20:52.8342276Z --- PASS: TestDesktopStartupRejectsMalformedPayloads/trailing_json (0.00s)
windows-build	UNKNOWN STEP	2026-10-07T15:20:52.8343302Z === RUN   TestDesktopStartupRejectsMalformedPayloads/not_an_object
windows-build	UNKNOWN STEP	2026-10-07T15:20:52.8355120Z --- PASS: TestDesktopStartupRejectsMalformedPayloads/not_an_object (0.00s)
windows-build	UNKNOWN STEP	2026-10-07T15:20:52.8355959Z === RUN   TestDesktopStartupRejectsMalformedPayloads/wrong_type
windows-build	UNKNOWN STEP	2026-10-07T15:20:52.8368998Z --- PASS: TestDesktopStartupRejectsMalformedPayloads/wrong_type (0.00s)
windows-build	UNKNOWN STEP	2026-10-07T15:20:52.8369722Z === RUN   TestDesktopStartupRejectsMalformedPayloads/empty_body
windows-build	UNKNOWN STEP	2026-10-07T15:20:52.8384583Z --- PASS: TestDesktopStartupRejectsMalformedPayloads/empty_body (0.00s)
windows-build	UNKNOWN STEP	2026-10-07T15:20:52.8385382Z --- PASS: TestDesktopStartupRejectsMalformedPayloads (0.01s)
windows-build	UNKNOWN STEP	2026-10-07T15:20:52.8386000Z === RUN   TestDesktopStartupClampsOutOfRangePhases
windows-build	UNKNOWN STEP	2026-10-07T15:20:52.8404168Z --- PASS: TestDesktopStartupClampsOutOfRangePhases (0.00s)
windows-build	UNKNOWN STEP	2026-10-07T15:20:52.8404906Z === RUN   TestR86DiagnosticEmittersAreDiscoveredAcrossSourceFiles
windows-build	UNKNOWN STEP	2026-10-07T15:20:52.9526117Z --- PASS: TestR86DiagnosticEmittersAreDiscoveredAcrossSourceFiles (0.11s)
windows-build	UNKNOWN STEP	2026-10-07T15:20:52.9526691Z === RUN   Test1042ClaimSettlementSuppressesLagNotNewEntitlements
windows-build	UNKNOWN STEP	2026-10-07T15:20:52.9527190Z --- PASS: Test1042ClaimSettlementSuppressesLagNotNewEntitlements (0.00s)
windows-build	UNKNOWN STEP	2026-10-07T15:20:52.9527601Z === RUN   Test1042ObjectiveClearOnlyUnreadIDsAndReadback
windows-build	UNKNOWN STEP	2026-10-07T15:20:52.9527972Z === RUN   Test1042ObjectiveClearOnlyUnreadIDsAndReadback/success
windows-build	UNKNOWN STEP	2026-10-07T15:20:52.9567371Z --- PASS: Test1042ObjectiveClearOnlyUnreadIDsAndReadback/success (0.00s)
windows-build	UNKNOWN STEP	2026-10-07T15:20:52.9567880Z === RUN   Test1042ObjectiveClearOnlyUnreadIDsAndReadback/rejected
windows-build	UNKNOWN STEP	2026-10-07T15:20:52.9598523Z --- PASS: Test1042ObjectiveClearOnlyUnreadIDsAndReadback/rejected (0.00s)
windows-build	UNKNOWN STEP	2026-10-07T15:20:52.9599322Z --- PASS: Test1042ObjectiveClearOnlyUnreadIDsAndReadback (0.01s)
windows-build	UNKNOWN STEP	2026-10-07T15:20:52.9599770Z === RUN   Test1042ObjectiveUnreadRejectsMalformedAndUnknown
windows-build	UNKNOWN STEP	2026-10-07T15:20:52.9600198Z --- PASS: Test1042ObjectiveUnreadRejectsMalformedAndUnknown (0.00s)
windows-build	UNKNOWN STEP	2026-10-07T15:20:52.9600789Z === RUN   Test1110CustomDraftUsesPracticePoolAndBans
windows-build	UNKNOWN STEP	2026-10-07T15:20:52.9604135Z --- PASS: Test1110CustomDraftUsesPracticePoolAndBans (0.00s)
windows-build	UNKNOWN STEP	2026-10-07T15:20:52.9604682Z === RUN   Test1110CustomDraftNeverBorrowsNormalPool
windows-build	UNKNOWN STEP	2026-10-07T15:20:52.9909973Z --- PASS: Test1110CustomDraftNeverBorrowsNormalPool (0.03s)
windows-build	UNKNOWN STEP	2026-10-07T15:20:52.9910665Z === RUN   Test1110RankedPickUsesOnlyAssignedLaneNotTopFirst
windows-build	UNKNOWN STEP	2026-10-07T15:20:52.9913292Z --- PASS: Test1110RankedPickUsesOnlyAssignedLaneNotTopFirst (0.00s)
windows-build	UNKNOWN STEP	2026-10-07T15:20:52.9913946Z === RUN   Test1110ARAMDefaultsAndSavedPreferences
windows-build	UNKNOWN STEP	2026-10-07T15:20:52.9914685Z --- PASS: Test1110ARAMDefaultsAndSavedPreferences (0.00s)
windows-build	UNKNOWN STEP	2026-10-07T15:20:52.9915219Z === RUN   Test1110DiagnosticReportsAutomationGatesNotPlayerData
windows-build	UNKNOWN STEP	2026-10-07T15:20:52.9915852Z --- PASS: Test1110DiagnosticReportsAutomationGatesNotPlayerData (0.00s)
windows-build	UNKNOWN STEP	2026-10-07T15:20:52.9916441Z === RUN   Test1412SavedBanSwitchReachesRunnerAndLCU
windows-build	UNKNOWN STEP	2026-10-07T15:20:53.0672611Z --- PASS: Test1412SavedBanSwitchReachesRunnerAndLCU (0.08s)
windows-build	UNKNOWN STEP	2026-10-07T15:20:53.0673096Z === RUN   Test1412CustomQueueOverridesFalseFlagAndNeverSearches
windows-build	UNKNOWN STEP	2026-10-07T15:20:53.0673647Z === RUN   Test1412CustomQueueOverridesFalseFlagAndNeverSearches/3100
windows-build	UNKNOWN STEP	2026-10-07T15:20:53.0777419Z --- PASS: Test1412CustomQueueOverridesFalseFlagAndNeverSearches/3100 (0.01s)
windows-build	UNKNOWN STEP	2026-10-07T15:20:53.0777950Z === RUN   Test1412CustomQueueOverridesFalseFlagAndNeverSearches/3110
windows-build	UNKNOWN STEP	2026-10-07T15:20:53.0879109Z --- PASS: Test1412CustomQueueOverridesFalseFlagAndNeverSearches/3110 (0.01s)
windows-build	UNKNOWN STEP	2026-10-07T15:20:53.0879758Z === RUN   Test1412CustomQueueOverridesFalseFlagAndNeverSearches/3200
windows-build	UNKNOWN STEP	2026-10-07T15:20:53.0985214Z --- PASS: Test1412CustomQueueOverridesFalseFlagAndNeverSearches/3200 (0.01s)
windows-build	UNKNOWN STEP	2026-10-07T15:20:53.0986115Z --- PASS: Test1412CustomQueueOverridesFalseFlagAndNeverSearches (0.03s)
windows-build	UNKNOWN STEP	2026-10-07T15:20:53.0988102Z === RUN   Test1412DisabledBanPoolExplainsWhyThenEnabledBanSubmits
windows-build	UNKNOWN STEP	2026-10-07T15:20:53.0992874Z --- PASS: Test1412DisabledBanPoolExplainsWhyThenEnabledBanSubmits (0.00s)
windows-build	UNKNOWN STEP	2026-10-07T15:20:53.0993774Z === RUN   Test1412GridReadFailureIsVisibleAndDeduplicated
windows-build	UNKNOWN STEP	2026-10-07T15:20:53.0994932Z --- PASS: Test1412GridReadFailureIsVisibleAndDeduplicated (0.00s)
windows-build	UNKNOWN STEP	2026-10-07T15:20:53.0995840Z === RUN   Test1412ChampSelectDiagnosticPathsStayDistinct
windows-build	UNKNOWN STEP	2026-10-07T15:20:53.0996517Z --- PASS: Test1412ChampSelectDiagnosticPathsStayDistinct (0.00s)
windows-build	UNKNOWN STEP	2026-10-07T15:20:53.0997144Z === RUN   Test1555AniviaKeepsFourthItemsWithoutFifthSamples
windows-build	UNKNOWN STEP	2026-10-07T15:20:53.0997740Z --- PASS: Test1555AniviaKeepsFourthItemsWithoutFifthSamples (0.00s)
windows-build	UNKNOWN STEP	2026-10-07T15:20:53.0998355Z === RUN   Test1555MalformedFifthKeepsValidFourthButReportsFailure
windows-build	UNKNOWN STEP	2026-10-07T15:20:53.0999041Z --- PASS: Test1555MalformedFifthKeepsValidFourthButReportsFailure (0.00s)
windows-build	UNKNOWN STEP	2026-10-07T15:20:53.0999902Z === RUN   Test1945FacadeApplyUsesDisplayedCatalogAndCanonicalChampionIdentity
windows-build	UNKNOWN STEP	2026-10-07T15:20:53.1051908Z --- PASS: Test1945FacadeApplyUsesDisplayedCatalogAndCanonicalChampionIdentity (0.01s)
windows-build	UNKNOWN STEP	2026-10-07T15:20:53.1052447Z === RUN   Test1945YourGGArenaRankingsMatchRealPage
windows-build	UNKNOWN STEP	2026-10-07T15:20:53.1065564Z --- PASS: Test1945YourGGArenaRankingsMatchRealPage (0.00s)
windows-build	UNKNOWN STEP	2026-10-07T15:20:53.1066356Z === RUN   Test1945ProShardMultiplicityAndAmbiguity
windows-build	UNKNOWN STEP	2026-10-07T15:20:53.1067098Z --- PASS: Test1945ProShardMultiplicityAndAmbiguity (0.00s)
windows-build	UNKNOWN STEP	2026-10-07T15:20:53.1067755Z === RUN   Test1945DropBearArtworkAcrossClientAndWebCatalogs
windows-build	UNKNOWN STEP	2026-10-07T15:20:53.1068436Z --- PASS: Test1945DropBearArtworkAcrossClientAndWebCatalogs (0.00s)
windows-build	UNKNOWN STEP	2026-10-07T15:20:53.1069170Z === RUN   Test1945RecommendedSerializationMatchesUserAkariFileByteForByte
windows-build	UNKNOWN STEP	2026-10-07T15:20:53.1070002Z --- PASS: Test1945RecommendedSerializationMatchesUserAkariFileByteForByte (0.00s)
windows-build	UNKNOWN STEP	2026-10-07T15:20:53.1070860Z === RUN   Test1945ProSupplementRetriesNetworkNotIdentityAndPublishesIndependently
windows-build	UNKNOWN STEP	2026-10-07T15:20:53.4079068Z --- PASS: Test1945ProSupplementRetriesNetworkNotIdentityAndPublishesIndependently (0.30s)
windows-build	UNKNOWN STEP	2026-10-07T15:20:53.4079856Z === RUN   Test1945LivePublicSources
windows-build	UNKNOWN STEP	2026-10-07T15:20:53.4080508Z     diagnostics_1945_regression_test.go:234: opt-in network test
windows-build	UNKNOWN STEP	2026-10-07T15:20:53.4081074Z --- SKIP: Test1945LivePublicSources (0.00s)
windows-build	UNKNOWN STEP	2026-10-07T15:20:53.4081642Z === RUN   Test2024CurrentRarityDatasetDateAndDistribution
windows-build	UNKNOWN STEP	2026-10-07T15:20:53.4092277Z --- PASS: Test2024CurrentRarityDatasetDateAndDistribution (0.00s)
windows-build	UNKNOWN STEP	2026-10-07T15:20:53.4092936Z === RUN   Test2024RarityProviderAcceptsCurrentPage
windows-build	UNKNOWN STEP	2026-10-07T15:20:53.4102802Z --- PASS: Test2024RarityProviderAcceptsCurrentPage (0.00s)
windows-build	UNKNOWN STEP	2026-10-07T15:20:53.4103589Z === RUN   Test2024AugmentUnsuffixedArtworkBeforeSmall
windows-build	UNKNOWN STEP	2026-10-07T15:20:53.4104168Z === RUN   Test2024AugmentUnsuffixedArtworkBeforeSmall/kiwi
windows-build	UNKNOWN STEP	2026-10-07T15:20:53.4104825Z --- PASS: Test2024AugmentUnsuffixedArtworkBeforeSmall/kiwi (0.00s)
windows-build	UNKNOWN STEP	2026-10-07T15:20:53.4106476Z === RUN   Test2024AugmentUnsuffixedArtworkBeforeSmall/cherry
windows-build	UNKNOWN STEP	2026-10-07T15:20:53.4107496Z --- PASS: Test2024AugmentUnsuffixedArtworkBeforeSmall/cherry (0.00s)
windows-build	UNKNOWN STEP	2026-10-07T15:20:53.4108396Z --- PASS: Test2024AugmentUnsuffixedArtworkBeforeSmall (0.00s)
windows-build	UNKNOWN STEP	2026-10-07T15:20:53.4109083Z === RUN   Test2055CredentialIDsIsolateOwnerKindRotationAndBoundMemory
windows-build	UNKNOWN STEP	2026-10-07T15:20:53.4109885Z --- PASS: Test2055CredentialIDsIsolateOwnerKindRotationAndBoundMemory (0.00s)
windows-build	UNKNOWN STEP	2026-10-07T15:20:53.4110633Z === RUN   Test2055AuthUnknownFieldsAndCodesAreCountedNotExported
windows-build	UNKNOWN STEP	2026-10-07T15:20:53.4111343Z --- PASS: Test2055AuthUnknownFieldsAndCodesAreCountedNotExported (0.00s)
windows-build	UNKNOWN STEP	2026-10-07T15:20:53.4111912Z === RUN   Test2055TokenReadFailureStagesAreExplicit
windows-build	UNKNOWN STEP	2026-10-07T15:20:53.4112436Z === RUN   Test2055TokenReadFailureStagesAreExplicit/none"secret"
windows-build	UNKNOWN STEP	2026-10-07T15:20:53.4113074Z --- PASS: Test2055TokenReadFailureStagesAreExplicit/none"secret" (0.00s)
windows-build	UNKNOWN STEP	2026-10-07T15:20:53.4113759Z === RUN   Test2055TokenReadFailureStagesAreExplicit/decode{broken
windows-build	UNKNOWN STEP	2026-10-07T15:20:53.4114738Z --- PASS: Test2055TokenReadFailureStagesAreExplicit/decode{broken (0.00s)
windows-build	UNKNOWN STEP	2026-10-07T15:20:53.4115420Z === RUN   Test2055TokenReadFailureStagesAreExplicit/decode{}
windows-build	UNKNOWN STEP	2026-10-07T15:20:53.4116087Z --- PASS: Test2055TokenReadFailureStagesAreExplicit/decode{} (0.00s)
windows-build	UNKNOWN STEP	2026-10-07T15:20:53.4116768Z === RUN   Test2055TokenReadFailureStagesAreExplicit/http-401"secret"
windows-build	UNKNOWN STEP	2026-10-07T15:20:53.4117756Z --- PASS: Test2055TokenReadFailureStagesAreExplicit/http-401"secret" (0.00s)
windows-build	UNKNOWN STEP	2026-10-07T15:20:53.4118487Z === RUN   Test2055TokenReadFailureStagesAreExplicit/empty-token""
windows-build	UNKNOWN STEP	2026-10-07T15:20:53.4119197Z --- PASS: Test2055TokenReadFailureStagesAreExplicit/empty-token"" (0.00s)
windows-build	UNKNOWN STEP	2026-10-07T15:20:53.4119863Z --- PASS: Test2055TokenReadFailureStagesAreExplicit (0.00s)
windows-build	UNKNOWN STEP	2026-10-07T15:20:53.4120454Z === RUN   Test2055ClientDiagnosticNewFieldsAreAllowlisted
windows-build	UNKNOWN STEP	2026-10-07T15:20:53.4140425Z --- PASS: Test2055ClientDiagnosticNewFieldsAreAllowlisted (0.00s)
windows-build	UNKNOWN STEP	2026-10-07T15:20:53.4141152Z === RUN   Test2055DiagnosticWriteRecoveryAndReadLimit
windows-build	UNKNOWN STEP	2026-10-07T15:20:53.4179829Z --- PASS: Test2055DiagnosticWriteRecoveryAndReadLimit (0.00s)
windows-build	UNKNOWN STEP	2026-10-07T15:20:53.4180498Z === RUN   Test2055DiagnosticExportWriteFailureIsRecorded
windows-build	UNKNOWN STEP	2026-10-07T15:20:53.4200955Z --- PASS: Test2055DiagnosticExportWriteFailureIsRecorded (0.00s)
windows-build	UNKNOWN STEP	2026-10-07T15:20:53.4201850Z === RUN   Test2055RankingHandlerAcceptsCanonicalFivePositions
windows-build	UNKNOWN STEP	2026-10-07T15:20:53.4237201Z --- PASS: Test2055RankingHandlerAcceptsCanonicalFivePositions (0.00s)
windows-build	UNKNOWN STEP	2026-10-07T15:20:53.4237998Z === RUN   Test2135ObservedCurrentActionUndefinedEmptyIDPartialRoster
windows-build	UNKNOWN STEP	2026-10-07T15:20:53.4271478Z --- PASS: Test2135ObservedCurrentActionUndefinedEmptyIDPartialRoster (0.00s)
windows-build	UNKNOWN STEP	2026-10-07T15:20:53.4272271Z === RUN   Test2135CurrentActionReferencesAndOptionalFields
windows-build	UNKNOWN STEP	2026-10-07T15:20:53.4313534Z --- PASS: Test2135CurrentActionReferencesAndOptionalFields (0.00s)
windows-build	UNKNOWN STEP	2026-10-07T15:20:53.4314091Z === RUN   Test2135LivePublicCurrentGame
windows-build	UNKNOWN STEP	2026-10-07T15:20:53.4314686Z     diagnostics_2135_test.go:86: opt-in public read-only request
windows-build	UNKNOWN STEP	2026-10-07T15:20:53.4315276Z --- SKIP: Test2135LivePublicCurrentGame (0.00s)
windows-build	UNKNOWN STEP	2026-10-07T15:20:53.4315886Z === RUN   Test2143CustomBanAvailabilityUpdatesAndPickWithWatchOff
windows-build	UNKNOWN STEP	2026-10-07T15:20:53.4331551Z --- PASS: Test2143CustomBanAvailabilityUpdatesAndPickWithWatchOff (0.00s)
windows-build	UNKNOWN STEP	2026-10-07T15:20:53.4332122Z === RUN   Test2143TeammateChangingHoverReleasesPreviousCandidate
windows-build	UNKNOWN STEP	2026-10-07T15:20:53.4337705Z --- PASS: Test2143TeammateChangingHoverReleasesPreviousCandidate (0.00s)
windows-build	UNKNOWN STEP	2026-10-07T15:20:53.4338455Z === RUN   Test2143OwnHoverEventBeforeHTTPAckDoesNotYield
windows-build	UNKNOWN STEP	2026-10-07T15:20:53.4339797Z --- PASS: Test2143OwnHoverEventBeforeHTTPAckDoesNotYield (0.00s)
windows-build	UNKNOWN STEP	2026-10-07T15:20:53.4340500Z === RUN   Test2143EarlierUnfinishedInactiveBanDoesNotHideActivePick
windows-build	UNKNOWN STEP	2026-10-07T15:20:53.4344418Z --- PASS: Test2143EarlierUnfinishedInactiveBanDoesNotHideActivePick (0.00s)
windows-build	UNKNOWN STEP	2026-10-07T15:20:53.4345177Z === RUN   Test2244CustomLifecycleSuppressesAllRulesAndCancelsJobs
windows-build	UNKNOWN STEP	2026-10-07T15:20:53.5354681Z --- PASS: Test2244CustomLifecycleSuppressesAllRulesAndCancelsJobs (0.10s)
windows-build	UNKNOWN STEP	2026-10-07T15:20:53.5355238Z === RUN   Test2244OfficialOpponentTeamSpacing
windows-build	UNKNOWN STEP	2026-10-07T15:20:53.5355633Z --- PASS: Test2244OfficialOpponentTeamSpacing (0.00s)
windows-build	UNKNOWN STEP	2026-10-07T15:20:53.5356013Z === RUN   Test2244EventNameAndRewardGroupIdentityNotAmounts
windows-build	UNKNOWN STEP	2026-10-07T15:20:53.5356429Z --- PASS: Test2244EventNameAndRewardGroupIdentityNotAmounts (0.00s)
windows-build	UNKNOWN STEP	2026-10-07T15:20:53.5356982Z === RUN   Test2244AuthorizedExactOPGGArchiveOnce
windows-build	UNKNOWN STEP	2026-10-07T15:20:53.5485402Z --- PASS: Test2244AuthorizedExactOPGGArchiveOnce (0.01s)
windows-build	UNKNOWN STEP	2026-10-07T15:20:53.5486113Z === RUN   Test2244OverviewAnimationUsesExactSkinAndCenteredVariant
windows-build	UNKNOWN STEP	2026-10-07T15:20:53.5486842Z --- PASS: Test2244OverviewAnimationUsesExactSkinAndCenteredVariant (0.00s)
windows-build	UNKNOWN STEP	2026-10-07T15:20:53.5487489Z === RUN   Test2244CustomTransitionCancelsAdmittedHTTPWrites
windows-build	UNKNOWN STEP	2026-10-07T15:20:53.5495740Z --- PASS: Test2244CustomTransitionCancelsAdmittedHTTPWrites (0.00s)
windows-build	UNKNOWN STEP	2026-10-07T15:20:53.5497069Z === RUN   Test2244ScanOfficialEventOptionsAndDeduplicateEndpoints
windows-build	UNKNOWN STEP	2026-10-07T15:20:53.5507542Z --- PASS: Test2244ScanOfficialEventOptionsAndDeduplicateEndpoints (0.00s)
windows-build	UNKNOWN STEP	2026-10-07T15:20:53.5508174Z === RUN   Test2253SameServerAliasObjectResponse
windows-build	UNKNOWN STEP	2026-10-07T15:20:53.5508663Z --- PASS: Test2253SameServerAliasObjectResponse (0.00s)
windows-build	UNKNOWN STEP	2026-10-07T15:20:53.5508979Z === RUN   Test2253ActionZeroHoverThenLock
windows-build	UNKNOWN STEP	2026-10-07T15:20:53.5516818Z --- PASS: Test2253ActionZeroHoverThenLock (0.00s)
windows-build	UNKNOWN STEP	2026-10-07T15:20:53.5517478Z === RUN   Test2253AliasResponseSupportsOnlyObjectAndArray
windows-build	UNKNOWN STEP	2026-10-07T15:20:53.5518147Z --- PASS: Test2253AliasResponseSupportsOnlyObjectAndArray (0.00s)
windows-build	UNKNOWN STEP	2026-10-07T15:20:53.5518820Z === RUN   Test2253SameServerAliasRejectsMultiplePlayers
windows-build	UNKNOWN STEP	2026-10-07T15:20:53.5519364Z --- PASS: Test2253SameServerAliasRejectsMultiplePlayers (0.00s)
windows-build	UNKNOWN STEP	2026-10-07T15:20:53.5519762Z === RUN   Test2253PendingPickRechecksTurnBeforeWriting
windows-build	UNKNOWN STEP	2026-10-07T15:20:53.5533739Z --- PASS: Test2253PendingPickRechecksTurnBeforeWriting (0.00s)
windows-build	UNKNOWN STEP	2026-10-07T15:20:53.5534740Z === RUN   Test2253CustomLegacyBanAndPickUseSameVerifiedModule
windows-build	UNKNOWN STEP	2026-10-07T15:20:53.5566494Z --- PASS: Test2253CustomLegacyBanAndPickUseSameVerifiedModule (0.00s)
windows-build	UNKNOWN STEP	2026-10-07T15:20:53.5567517Z === RUN   Test2253LegacySessionRequiresExactGameAndPlayer
windows-build	UNKNOWN STEP	2026-10-07T15:20:53.5568658Z === RUN   Test2253LegacySessionRequiresExactGameAndPlayer/inactive
windows-build	UNKNOWN STEP	2026-10-07T15:20:53.5569499Z --- PASS: Test2253LegacySessionRequiresExactGameAndPlayer/inactive (0.00s)
windows-build	UNKNOWN STEP	2026-10-07T15:20:53.5570872Z === RUN   Test2253LegacySessionRequiresExactGameAndPlayer/other-game
windows-build	UNKNOWN STEP	2026-10-07T15:20:53.5571542Z --- PASS: Test2253LegacySessionRequiresExactGameAndPlayer/other-game (0.00s)
windows-build	UNKNOWN STEP	2026-10-07T15:20:53.5572023Z === RUN   Test2253LegacySessionRequiresExactGameAndPlayer/other-player
windows-build	UNKNOWN STEP	2026-10-07T15:20:53.5572494Z --- PASS: Test2253LegacySessionRequiresExactGameAndPlayer/other-player (0.00s)
windows-build	UNKNOWN STEP	2026-10-07T15:20:53.5573060Z === RUN   Test2253LegacySessionRequiresExactGameAndPlayer/same
windows-build	UNKNOWN STEP	2026-10-07T15:20:53.5573481Z --- PASS: Test2253LegacySessionRequiresExactGameAndPlayer/same (0.00s)
windows-build	UNKNOWN STEP	2026-10-07T15:20:53.5573916Z --- PASS: Test2253LegacySessionRequiresExactGameAndPlayer (0.00s)
windows-build	UNKNOWN STEP	2026-10-07T15:20:53.5574388Z === RUN   Test2253SubmitRechecksOriginalCellAndQueue
windows-build	UNKNOWN STEP	2026-10-07T15:20:53.5575275Z === RUN   Test2253SubmitRechecksOriginalCellAndQueue/cell
windows-build	UNKNOWN STEP	2026-10-07T15:20:53.5575662Z --- PASS: Test2253SubmitRechecksOriginalCellAndQueue/cell (0.00s)
windows-build	UNKNOWN STEP	2026-10-07T15:20:53.5576042Z === RUN   Test2253SubmitRechecksOriginalCellAndQueue/queue
windows-build	UNKNOWN STEP	2026-10-07T15:20:53.5576417Z --- PASS: Test2253SubmitRechecksOriginalCellAndQueue/queue (0.00s)
windows-build	UNKNOWN STEP	2026-10-07T15:20:53.5576912Z --- PASS: Test2253SubmitRechecksOriginalCellAndQueue (0.00s)
windows-build	UNKNOWN STEP	2026-10-07T15:20:53.5577308Z === RUN   Test2351PickSkipsTeammateChampionEvenWithoutIntentFlag
windows-build	UNKNOWN STEP	2026-10-07T15:20:53.5588876Z --- PASS: Test2351PickSkipsTeammateChampionEvenWithoutIntentFlag (0.00s)
windows-build	UNKNOWN STEP	2026-10-07T15:20:53.5589687Z === RUN   Test2351OwnHoverFallsThroughWhenTeammateTakesChampion
windows-build	UNKNOWN STEP	2026-10-07T15:20:53.5622907Z --- PASS: Test2351OwnHoverFallsThroughWhenTeammateTakesChampion (0.00s)
windows-build	UNKNOWN STEP	2026-10-07T15:20:53.5623738Z === RUN   Test2351PreflightRejectsTeammatePickArrivingDuringDelay
windows-build	UNKNOWN STEP	2026-10-07T15:20:53.5624586Z --- PASS: Test2351PreflightRejectsTeammatePickArrivingDuringDelay (0.00s)
windows-build	UNKNOWN STEP	2026-10-07T15:20:53.5625282Z === RUN   Test2351BanSentinelHoversOnceWithoutLocking
windows-build	UNKNOWN STEP	2026-10-07T15:20:53.5631520Z --- PASS: Test2351BanSentinelHoversOnceWithoutLocking (0.00s)
windows-build	UNKNOWN STEP	2026-10-07T15:20:53.5632150Z === RUN   Test2351AuthDiagnosticNeverExportsSecrets
windows-build	UNKNOWN STEP	2026-10-07T15:20:53.5632762Z --- PASS: Test2351AuthDiagnosticNeverExportsSecrets (0.00s)
windows-build	UNKNOWN STEP	2026-10-07T15:20:53.5633505Z === RUN   Test2351SourceDiagnosticIncludesRawBanIDsAndTeamWithoutIdentity
windows-build	UNKNOWN STEP	2026-10-07T15:20:53.5637014Z --- PASS: Test2351SourceDiagnosticIncludesRawBanIDsAndTeamWithoutIdentity (0.00s)
windows-build	UNKNOWN STEP	2026-10-07T15:20:53.5637864Z === RUN   Test2351DelayedPickCancelsThenAdvancesOnFreshSession
windows-build	UNKNOWN STEP	2026-10-07T15:20:53.5671716Z --- PASS: Test2351DelayedPickCancelsThenAdvancesOnFreshSession (0.00s)
windows-build	UNKNOWN STEP	2026-10-07T15:20:53.5672946Z === RUN   Test2351AuthRequestLogsRefreshWithoutChangingTokenContract
windows-build	UNKNOWN STEP	2026-10-07T15:20:53.5673783Z --- PASS: Test2351AuthRequestLogsRefreshWithoutChangingTokenContract (0.00s)
windows-build	UNKNOWN STEP	2026-10-07T15:20:53.5674420Z === RUN   TestR248DisabledHTTPAndPrivacy
windows-build	UNKNOWN STEP	2026-10-07T15:20:53.5674960Z --- PASS: TestR248DisabledHTTPAndPrivacy (0.00s)
windows-build	UNKNOWN STEP	2026-10-07T15:20:53.5675847Z === RUN   TestR248DisabledStartupNoAuthorizationNetwork
windows-build	UNKNOWN STEP	2026-10-07T15:20:53.5680384Z --- PASS: TestR248DisabledStartupNoAuthorizationNetwork (0.00s)
windows-build	UNKNOWN STEP	2026-10-07T15:20:53.5681104Z === RUN   TestR248Existing01276ReleaseAsset
windows-build	UNKNOWN STEP	2026-10-07T15:20:53.7510970Z --- PASS: TestR248Existing01276ReleaseAsset (0.18s)
windows-build	UNKNOWN STEP	2026-10-07T15:20:53.7511681Z === RUN   TestFeatureGatesUseDefaultsAndApplyKnownOverrides
windows-build	UNKNOWN STEP	2026-10-07T15:20:53.7512369Z --- PASS: TestFeatureGatesUseDefaultsAndApplyKnownOverrides (0.00s)
windows-build	UNKNOWN STEP	2026-10-07T15:20:53.7512982Z === RUN   TestFeatureGateRejectsNonHTTPSRemote
windows-build	UNKNOWN STEP	2026-10-07T15:20:53.7513519Z --- PASS: TestFeatureGateRejectsNonHTTPSRemote (0.00s)
windows-build	UNKNOWN STEP	2026-10-07T15:20:53.7514020Z === RUN   TestFeatureGateMapsQQ101Host
windows-build	UNKNOWN STEP	2026-10-07T15:20:53.7514499Z --- PASS: TestFeatureGateMapsQQ101Host (0.00s)
windows-build	UNKNOWN STEP	2026-10-07T15:20:53.7514946Z === RUN   TestFeatureGateMapsARAMKitHost
windows-build	UNKNOWN STEP	2026-10-07T15:20:53.7515414Z --- PASS: TestFeatureGateMapsARAMKitHost (0.00s)
windows-build	UNKNOWN STEP	2026-10-07T15:20:53.7515999Z === RUN   TestClientDiagnosticAcceptsMultipleEventWhitelists
windows-build	UNKNOWN STEP	2026-10-07T15:20:53.7522538Z --- PASS: TestClientDiagnosticAcceptsMultipleEventWhitelists (0.00s)
windows-build	UNKNOWN STEP	2026-10-07T15:20:53.7523233Z === RUN   TestClientDiagnosticRejectsAndLogsUnknownEvent
windows-build	UNKNOWN STEP	2026-10-07T15:20:53.7542810Z --- PASS: TestClientDiagnosticRejectsAndLogsUnknownEvent (0.00s)
windows-build	UNKNOWN STEP	2026-10-07T15:20:53.7543363Z === RUN   TestClientDiagnosticTruncatesKeyBeforeWriting
windows-build	UNKNOWN STEP	2026-10-07T15:20:53.7563774Z --- PASS: TestClientDiagnosticTruncatesKeyBeforeWriting (0.00s)
windows-build	UNKNOWN STEP	2026-10-07T15:20:53.7564340Z === RUN   TestClientDiagnosticWritesSanitizedEvent
windows-build	UNKNOWN STEP	2026-10-07T15:20:53.7583454Z --- PASS: TestClientDiagnosticWritesSanitizedEvent (0.00s)
windows-build	UNKNOWN STEP	2026-10-07T15:20:53.7584275Z === RUN   TestR165LiveRosterRenderedKeepsSeparateHiddenCountsOnly
windows-build	UNKNOWN STEP	2026-10-07T15:20:53.7604521Z --- PASS: TestR165LiveRosterRenderedKeepsSeparateHiddenCountsOnly (0.00s)
windows-build	UNKNOWN STEP	2026-10-07T15:20:53.7605208Z === RUN   TestMatchTierOverviewDiagnosticKeepsOnlyAggregateCounts
windows-build	UNKNOWN STEP	2026-10-07T15:20:53.7625557Z --- PASS: TestMatchTierOverviewDiagnosticKeepsOnlyAggregateCounts (0.00s)
windows-build	UNKNOWN STEP	2026-10-07T15:20:53.7626318Z === RUN   TestFlowDiagnosticsPreflightReasonsAndNoWrites
windows-build	UNKNOWN STEP	2026-10-07T15:20:53.7627303Z --- PASS: TestFlowDiagnosticsPreflightReasonsAndNoWrites (0.00s)
windows-build	UNKNOWN STEP	2026-10-07T15:20:53.7628409Z === RUN   TestFlowDiagnosticsPostflightDistinguishesAckFromApplied
windows-build	UNKNOWN STEP	2026-10-07T15:20:53.7629322Z --- PASS: TestFlowDiagnosticsPostflightDistinguishesAckFromApplied (0.00s)
windows-build	UNKNOWN STEP	2026-10-07T15:20:53.7630058Z === RUN   TestFlowDiagnosticsDedupHeartbeatAndExportCounts
windows-build	UNKNOWN STEP	2026-10-07T15:20:53.7631934Z --- PASS: TestFlowDiagnosticsDedupHeartbeatAndExportCounts (0.00s)
windows-build	UNKNOWN STEP	2026-10-07T15:20:53.7632930Z === RUN   TestFlowDiagnosticsRunAndSequenceAreOrderedUnderConcurrency
windows-build	UNKNOWN STEP	2026-10-07T15:20:53.7659482Z --- PASS: TestFlowDiagnosticsRunAndSequenceAreOrderedUnderConcurrency (0.00s)
windows-build	UNKNOWN STEP	2026-10-07T15:20:53.7660133Z === RUN   TestFlowDiagnosticsExportKeepsFiveOrderedGenerations
windows-build	UNKNOWN STEP	2026-10-07T15:20:53.7716633Z --- PASS: TestFlowDiagnosticsExportKeepsFiveOrderedGenerations (0.01s)
windows-build	UNKNOWN STEP	2026-10-07T15:20:53.7717476Z === RUN   TestFlowDiagnosticsClientAllowlistDiscardsIdentityText
windows-build	UNKNOWN STEP	2026-10-07T15:20:53.7736000Z --- PASS: TestFlowDiagnosticsClientAllowlistDiscardsIdentityText (0.00s)
windows-build	UNKNOWN STEP	2026-10-07T15:20:53.7736828Z === RUN   TestFlowDiagnosticsCanceledEventsRemainExportable
windows-build	UNKNOWN STEP	2026-10-07T15:20:53.7754820Z --- PASS: TestFlowDiagnosticsCanceledEventsRemainExportable (0.00s)
windows-build	UNKNOWN STEP	2026-10-07T15:20:53.7755983Z === RUN   TestFlowDiagnosticsRosterSummaryAndNestedAuthArePrivate
windows-build	UNKNOWN STEP	2026-10-07T15:20:53.7756790Z --- PASS: TestFlowDiagnosticsRosterSummaryAndNestedAuthArePrivate (0.00s)
windows-build	UNKNOWN STEP	2026-10-07T15:20:53.7757530Z === RUN   TestFlowDiagnosticsEarlyRequestFailuresKeepTrace
windows-build	UNKNOWN STEP	2026-10-07T15:20:53.7758466Z === RUN   TestFlowDiagnosticsEarlyRequestFailuresKeepTrace/invalid
windows-build	UNKNOWN STEP	2026-10-07T15:20:53.7776270Z --- PASS: TestFlowDiagnosticsEarlyRequestFailuresKeepTrace/invalid (0.00s)
windows-build	UNKNOWN STEP	2026-10-07T15:20:53.7777475Z === RUN   TestFlowDiagnosticsEarlyRequestFailuresKeepTrace/expired
windows-build	UNKNOWN STEP	2026-10-07T15:20:53.7796936Z --- PASS: TestFlowDiagnosticsEarlyRequestFailuresKeepTrace/expired (0.00s)
windows-build	UNKNOWN STEP	2026-10-07T15:20:53.7798201Z === RUN   TestFlowDiagnosticsEarlyRequestFailuresKeepTrace/private
windows-build	UNKNOWN STEP	2026-10-07T15:20:53.7818169Z --- PASS: TestFlowDiagnosticsEarlyRequestFailuresKeepTrace/private (0.00s)
windows-build	UNKNOWN STEP	2026-10-07T15:20:53.7818850Z --- PASS: TestFlowDiagnosticsEarlyRequestFailuresKeepTrace (0.01s)
windows-build	UNKNOWN STEP	2026-10-07T15:20:53.7819292Z === RUN   TestFlowDiagnosticsRotationMarkerSequence
windows-build	UNKNOWN STEP	2026-10-07T15:20:53.7878160Z --- PASS: TestFlowDiagnosticsRotationMarkerSequence (0.01s)
windows-build	UNKNOWN STEP	2026-10-07T15:20:53.7879211Z === RUN   TestFlowDiagnosticsRotationFailurePreservesEvidence
windows-build	UNKNOWN STEP	2026-10-07T15:20:53.7913551Z --- PASS: TestFlowDiagnosticsRotationFailurePreservesEvidence (0.00s)
windows-build	UNKNOWN STEP	2026-10-07T15:20:53.7914280Z === RUN   TestFlowDiagnosticsSamplingMemoryIsBounded
windows-build	UNKNOWN STEP	2026-10-07T15:20:53.7974457Z --- PASS: TestFlowDiagnosticsSamplingMemoryIsBounded (0.01s)
windows-build	UNKNOWN STEP	2026-10-07T15:20:53.7975074Z === RUN   TestSettingsLockRejectsUnverifiedResult
windows-build	UNKNOWN STEP	2026-10-07T15:20:53.7975666Z === RUN   TestSettingsLockRejectsUnverifiedResult/lock-reverted
windows-build	UNKNOWN STEP	2026-10-07T15:20:53.8034829Z --- PASS: TestSettingsLockRejectsUnverifiedResult/lock-reverted (0.01s)
windows-build	UNKNOWN STEP	2026-10-07T15:20:53.8035903Z === RUN   TestSettingsLockRejectsUnverifiedResult/unlock-reverted
windows-build	UNKNOWN STEP	2026-10-07T15:20:53.8091560Z --- PASS: TestSettingsLockRejectsUnverifiedResult/unlock-reverted (0.01s)
windows-build	UNKNOWN STEP	2026-10-07T15:20:53.8092592Z === RUN   TestSettingsLockRejectsUnverifiedResult/lock-file-missing
windows-build	UNKNOWN STEP	2026-10-07T15:20:53.8139081Z --- PASS: TestSettingsLockRejectsUnverifiedResult/lock-file-missing (0.00s)
windows-build	UNKNOWN STEP	2026-10-07T15:20:53.8139772Z === RUN   TestSettingsLockRejectsUnverifiedResult/unlock-file-missing
windows-build	UNKNOWN STEP	2026-10-07T15:20:53.8185494Z --- PASS: TestSettingsLockRejectsUnverifiedResult/unlock-file-missing (0.00s)
windows-build	UNKNOWN STEP	2026-10-07T15:20:53.8186275Z --- PASS: TestSettingsLockRejectsUnverifiedResult (0.02s)
windows-build	UNKNOWN STEP	2026-10-07T15:20:53.8186918Z === RUN   TestGameplayRecommendationBundleDropsAugmentStages
windows-build	UNKNOWN STEP	2026-10-07T15:20:54.0305735Z     gameplay_r116b_test.go:83: 海克斯段 JSON：详情页 13005 B → 局内 4583 B（省 8422 B，64.8%，夹具 10 条 augment）
windows-build	UNKNOWN STEP	2026-10-07T15:20:54.0323249Z --- PASS: TestGameplayRecommendationBundleDropsAugmentStages (0.21s)
windows-build	UNKNOWN STEP	2026-10-07T15:20:54.0323963Z === RUN   TestGameplayMatchupNoticesSingleHitProducesExactlyOneNotice
windows-build	UNKNOWN STEP	2026-10-07T15:20:54.0331741Z --- PASS: TestGameplayMatchupNoticesSingleHitProducesExactlyOneNotice (0.00s)
windows-build	UNKNOWN STEP	2026-10-07T15:20:54.0337444Z === RUN   TestGameplayMatchupNoticesMissProducesNothing
windows-build	UNKNOWN STEP	2026-10-07T15:20:54.0340947Z --- PASS: TestGameplayMatchupNoticesMissProducesNothing (0.00s)
windows-build	UNKNOWN STEP	2026-10-07T15:20:54.0341727Z === RUN   TestGameplaySynergyNoticesHitAndSelfExclusion
windows-build	UNKNOWN STEP	2026-10-07T15:20:54.0350128Z --- PASS: TestGameplaySynergyNoticesHitAndSelfExclusion (0.00s)
windows-build	UNKNOWN STEP	2026-10-07T15:20:54.0351106Z === RUN   TestGameplayRosterNoticesSortByAbsoluteDeltaAndCapAtFive
windows-build	UNKNOWN STEP	2026-10-07T15:20:54.0352551Z     gameplay_r116d_test.go:179: roster length 7 exceeds one side of a 5v5
windows-build	UNKNOWN STEP	2026-10-07T15:20:54.0353446Z --- PASS: TestGameplayRosterNoticesSortByAbsoluteDeltaAndCapAtFive (0.00s)
windows-build	UNKNOWN STEP	2026-10-07T15:20:54.0354274Z === RUN   TestGameplayRosterNoticeJSONTagsEmitBothConfidenceBounds
windows-build	UNKNOWN STEP	2026-10-07T15:20:54.0355093Z --- PASS: TestGameplayRosterNoticeJSONTagsEmitBothConfidenceBounds (0.00s)
windows-build	UNKNOWN STEP	2026-10-07T15:20:54.0355840Z === RUN   TestGameplayRosterNoticesPassThroughWeakEvidence
windows-build	UNKNOWN STEP	2026-10-07T15:20:54.0356558Z --- PASS: TestGameplayRosterNoticesPassThroughWeakEvidence (0.00s)
windows-build	UNKNOWN STEP	2026-10-07T15:20:54.0357218Z === RUN   TestGameplayRosterChampionIDsStrictParsing
windows-build	UNKNOWN STEP	2026-10-07T15:20:54.0357834Z --- PASS: TestGameplayRosterChampionIDsStrictParsing (0.00s)
windows-build	UNKNOWN STEP	2026-10-07T15:20:54.0358551Z === RUN   TestGameplayMatchupNoticesNeverMatchDegenerationIsDetected
windows-build	UNKNOWN STEP	2026-10-07T15:20:54.0363037Z --- PASS: TestGameplayMatchupNoticesNeverMatchDegenerationIsDetected (0.00s)
windows-build	UNKNOWN STEP	2026-10-07T15:20:54.0363530Z === RUN   TestGameplayRosterInsightsAddZeroHexdataRequests
windows-build	UNKNOWN STEP	2026-10-07T15:20:54.4345174Z --- PASS: TestGameplayRosterInsightsAddZeroHexdataRequests (0.40s)
windows-build	UNKNOWN STEP	2026-10-07T15:20:54.4346044Z === RUN   TestGameplayRosterInsightsSuppressEnemiesDuringChampSelect
windows-build	UNKNOWN STEP	2026-10-07T15:20:54.6538042Z --- PASS: TestGameplayRosterInsightsSuppressEnemiesDuringChampSelect (0.22s)
windows-build	UNKNOWN STEP	2026-10-07T15:20:54.6538574Z === RUN   TestGameplayRosterInsightsAllowEnemiesInProgress
windows-build	UNKNOWN STEP	2026-10-07T15:20:54.8564386Z --- PASS: TestGameplayRosterInsightsAllowEnemiesInProgress (0.20s)
windows-build	UNKNOWN STEP	2026-10-07T15:20:54.8565173Z === RUN   TestGameplayRosterMatchupPhaseWhitelist
windows-build	UNKNOWN STEP	2026-10-07T15:20:54.8565778Z --- PASS: TestGameplayRosterMatchupPhaseWhitelist (0.00s)
windows-build	UNKNOWN STEP	2026-10-07T15:20:54.8566439Z === RUN   TestGameplayRosterInsightsStaySilentOutsideMayhem
windows-build	UNKNOWN STEP	2026-10-07T15:20:54.8567137Z --- PASS: TestGameplayRosterInsightsStaySilentOutsideMayhem (0.00s)
windows-build	UNKNOWN STEP	2026-10-07T15:20:54.8567875Z === RUN   TestGameplayPeekCachedHexdataPageNeverHitsUpstream
windows-build	UNKNOWN STEP	2026-10-07T15:20:55.2852212Z --- PASS: TestGameplayPeekCachedHexdataPageNeverHitsUpstream (0.43s)
windows-build	UNKNOWN STEP	2026-10-07T15:20:55.2853416Z === RUN   TestParseLiveClientPlayerListReadsItems
windows-build	UNKNOWN STEP	2026-10-07T15:20:55.2854019Z --- PASS: TestParseLiveClientPlayerListReadsItems (0.00s)
windows-build	UNKNOWN STEP	2026-10-07T15:20:55.2854831Z === RUN   TestParseLiveClientItemsToleratesMalformedShapes
windows-build	UNKNOWN STEP	2026-10-07T15:20:55.2855859Z === RUN   TestParseLiveClientItemsToleratesMalformedShapes/no_items_key
windows-build	UNKNOWN STEP	2026-10-07T15:20:55.2856808Z --- PASS: TestParseLiveClientItemsToleratesMalformedShapes/no_items_key (0.00s)
windows-build	UNKNOWN STEP	2026-10-07T15:20:55.2857445Z === RUN   TestParseLiveClientItemsToleratesMalformedShapes/items_is_null
windows-build	UNKNOWN STEP	2026-10-07T15:20:55.2857930Z --- PASS: TestParseLiveClientItemsToleratesMalformedShapes/items_is_null (0.00s)
windows-build	UNKNOWN STEP	2026-10-07T15:20:55.2858569Z === RUN   TestParseLiveClientItemsToleratesMalformedShapes/items_is_an_object
windows-build	UNKNOWN STEP	2026-10-07T15:20:55.2859075Z --- PASS: TestParseLiveClientItemsToleratesMalformedShapes/items_is_an_object (0.00s)
windows-build	UNKNOWN STEP	2026-10-07T15:20:55.2859590Z === RUN   TestParseLiveClientItemsToleratesMalformedShapes/items_is_a_string
windows-build	UNKNOWN STEP	2026-10-07T15:20:55.2860089Z --- PASS: TestParseLiveClientItemsToleratesMalformedShapes/items_is_a_string (0.00s)
windows-build	UNKNOWN STEP	2026-10-07T15:20:55.2860601Z === RUN   TestParseLiveClientItemsToleratesMalformedShapes/element_is_not_an_object
windows-build	UNKNOWN STEP	2026-10-07T15:20:55.2861363Z --- PASS: TestParseLiveClientItemsToleratesMalformedShapes/element_is_not_an_object (0.00s)
windows-build	UNKNOWN STEP	2026-10-07T15:20:55.2861981Z === RUN   TestParseLiveClientItemsToleratesMalformedShapes/itemID_is_not_numeric
windows-build	UNKNOWN STEP	2026-10-07T15:20:55.2862505Z --- PASS: TestParseLiveClientItemsToleratesMalformedShapes/itemID_is_not_numeric (0.00s)
windows-build	UNKNOWN STEP	2026-10-07T15:20:55.2863015Z === RUN   TestParseLiveClientItemsToleratesMalformedShapes/itemID_missing
windows-build	UNKNOWN STEP	2026-10-07T15:20:55.2863488Z --- PASS: TestParseLiveClientItemsToleratesMalformedShapes/itemID_missing (0.00s)
windows-build	UNKNOWN STEP	2026-10-07T15:20:55.2863956Z === RUN   TestParseLiveClientItemsToleratesMalformedShapes/itemID_is_zero
windows-build	UNKNOWN STEP	2026-10-07T15:20:55.2864420Z --- PASS: TestParseLiveClientItemsToleratesMalformedShapes/itemID_is_zero (0.00s)
windows-build	UNKNOWN STEP	2026-10-07T15:20:55.2864908Z === RUN   TestParseLiveClientItemsToleratesMalformedShapes/itemID_is_fractional
windows-build	UNKNOWN STEP	2026-10-07T15:20:55.2865417Z --- PASS: TestParseLiveClientItemsToleratesMalformedShapes/itemID_is_fractional (0.00s)
windows-build	UNKNOWN STEP	2026-10-07T15:20:55.2865956Z === RUN   TestParseLiveClientItemsToleratesMalformedShapes/itemID_is_a_numeric_string
windows-build	UNKNOWN STEP	2026-10-07T15:20:55.2866642Z --- PASS: TestParseLiveClientItemsToleratesMalformedShapes/itemID_is_a_numeric_string (0.00s)
windows-build	UNKNOWN STEP	2026-10-07T15:20:55.2867280Z === RUN   TestParseLiveClientItemsToleratesMalformedShapes/lowercase_key_spelling
windows-build	UNKNOWN STEP	2026-10-07T15:20:55.2867809Z --- PASS: TestParseLiveClientItemsToleratesMalformedShapes/lowercase_key_spelling (0.00s)
windows-build	UNKNOWN STEP	2026-10-07T15:20:55.2868370Z === RUN   TestParseLiveClientItemsToleratesMalformedShapes/mixed_valid_and_invalid_elements
windows-build	UNKNOWN STEP	2026-10-07T15:20:55.2869176Z --- PASS: TestParseLiveClientItemsToleratesMalformedShapes/mixed_valid_and_invalid_elements (0.00s)
windows-build	UNKNOWN STEP	2026-10-07T15:20:55.2869720Z --- PASS: TestParseLiveClientItemsToleratesMalformedShapes (0.00s)
windows-build	UNKNOWN STEP	2026-10-07T15:20:55.2870110Z === RUN   TestCloneLiveClientSnapshotDeepCopiesItems
windows-build	UNKNOWN STEP	2026-10-07T15:20:55.2870516Z --- PASS: TestCloneLiveClientSnapshotDeepCopiesItems (0.00s)
windows-build	UNKNOWN STEP	2026-10-07T15:20:55.2871091Z === RUN   TestLiveClientItemsForIdentitiesDistinguishesEmptyFromMissing
windows-build	UNKNOWN STEP	2026-10-07T15:20:55.2871584Z --- PASS: TestLiveClientItemsForIdentitiesDistinguishesEmptyFromMissing (0.00s)
windows-build	UNKNOWN STEP	2026-10-07T15:20:55.2872273Z === RUN   TestRecordLiveClientItemsParsedEmitsBoundedDiagnostic
windows-build	UNKNOWN STEP	2026-10-07T15:20:55.2881328Z --- PASS: TestRecordLiveClientItemsParsedEmitsBoundedDiagnostic (0.00s)
windows-build	UNKNOWN STEP	2026-10-07T15:20:55.2882425Z === RUN   TestGameplayOwnedTerminalItemIDsFiltersConsumablesAndJunk
windows-build	UNKNOWN STEP	2026-10-07T15:20:55.2883298Z --- PASS: TestGameplayOwnedTerminalItemIDsFiltersConsumablesAndJunk (0.00s)
windows-build	UNKNOWN STEP	2026-10-07T15:20:55.2884019Z === RUN   TestGameplayNextItemSuggestionMatchesTrioPrefix
windows-build	UNKNOWN STEP	2026-10-07T15:20:55.2890599Z --- PASS: TestGameplayNextItemSuggestionMatchesTrioPrefix (0.00s)
windows-build	UNKNOWN STEP	2026-10-07T15:20:55.2891308Z === RUN   TestGameplayNextItemSuggestionDegradesToNothing
windows-build	UNKNOWN STEP	2026-10-07T15:20:55.2898263Z === RUN   TestGameplayNextItemSuggestionDegradesToNothing/no_items_at_all
windows-build	UNKNOWN STEP	2026-10-07T15:20:55.2900076Z --- PASS: TestGameplayNextItemSuggestionDegradesToNothing/no_items_at_all (0.00s)
windows-build	UNKNOWN STEP	2026-10-07T15:20:55.2901482Z === RUN   TestGameplayNextItemSuggestionDegradesToNothing/only_one_item
windows-build	UNKNOWN STEP	2026-10-07T15:20:55.2902057Z --- PASS: TestGameplayNextItemSuggestionDegradesToNothing/only_one_item (0.00s)
windows-build	UNKNOWN STEP	2026-10-07T15:20:55.2902580Z === RUN   TestGameplayNextItemSuggestionDegradesToNothing/two_items_but_no_trio
windows-build	UNKNOWN STEP	2026-10-07T15:20:55.2903098Z --- PASS: TestGameplayNextItemSuggestionDegradesToNothing/two_items_but_no_trio (0.00s)
windows-build	UNKNOWN STEP	2026-10-07T15:20:55.2903617Z === RUN   TestGameplayNextItemSuggestionDegradesToNothing/prefix_does_not_match
windows-build	UNKNOWN STEP	2026-10-07T15:20:55.2904137Z --- PASS: TestGameplayNextItemSuggestionDegradesToNothing/prefix_does_not_match (0.00s)
windows-build	UNKNOWN STEP	2026-10-07T15:20:55.2904907Z === RUN   TestGameplayNextItemSuggestionDegradesToNothing/already_owns_all_three
windows-build	UNKNOWN STEP	2026-10-07T15:20:55.2905425Z --- PASS: TestGameplayNextItemSuggestionDegradesToNothing/already_owns_all_three (0.00s)
windows-build	UNKNOWN STEP	2026-10-07T15:20:55.2905934Z === RUN   TestGameplayNextItemSuggestionDegradesToNothing/trio_has_wrong_length
windows-build	UNKNOWN STEP	2026-10-07T15:20:55.2906434Z --- PASS: TestGameplayNextItemSuggestionDegradesToNothing/trio_has_wrong_length (0.00s)
windows-build	UNKNOWN STEP	2026-10-07T15:20:55.2906935Z === RUN   TestGameplayNextItemSuggestionDegradesToNothing/trio_has_a_zero_id
windows-build	UNKNOWN STEP	2026-10-07T15:20:55.2907420Z --- PASS: TestGameplayNextItemSuggestionDegradesToNothing/trio_has_a_zero_id (0.00s)
windows-build	UNKNOWN STEP	2026-10-07T15:20:55.2907915Z === RUN   TestGameplayNextItemSuggestionDegradesToNothing/owned_ids_are_all_junk
windows-build	UNKNOWN STEP	2026-10-07T15:20:55.2908439Z --- PASS: TestGameplayNextItemSuggestionDegradesToNothing/owned_ids_are_all_junk (0.00s)
windows-build	UNKNOWN STEP	2026-10-07T15:20:55.2908910Z --- PASS: TestGameplayNextItemSuggestionDegradesToNothing (0.00s)
windows-build	UNKNOWN STEP	2026-10-07T15:20:55.2909255Z === RUN   TestR116DStageTwoStaysUnwired
windows-build	UNKNOWN STEP	2026-10-07T15:20:55.2914411Z --- PASS: TestR116DStageTwoStaysUnwired (0.00s)
windows-build	UNKNOWN STEP	2026-10-07T15:20:55.2915460Z === RUN   TestGameplayTeamPortraitFlagsGlassCannonComp
windows-build	UNKNOWN STEP	2026-10-07T15:20:55.2951724Z --- PASS: TestGameplayTeamPortraitFlagsGlassCannonComp (0.00s)
windows-build	UNKNOWN STEP	2026-10-07T15:20:55.2952729Z === RUN   TestGameplayTeamPortraitBalancedCompProducesNoLabels
windows-build	UNKNOWN STEP	2026-10-07T15:20:55.2990054Z --- PASS: TestGameplayTeamPortraitBalancedCompProducesNoLabels (0.00s)
windows-build	UNKNOWN STEP	2026-10-07T15:20:55.2990857Z === RUN   TestGameplayTeamPortraitEmptyLabelDegenerationIsDetected
windows-build	UNKNOWN STEP	2026-10-07T15:20:55.3036368Z --- PASS: TestGameplayTeamPortraitEmptyLabelDegenerationIsDetected (0.00s)
windows-build	UNKNOWN STEP	2026-10-07T15:20:55.3037134Z === RUN   TestGameplayTeamPortraitAveragesMatchDocumentedMeans
windows-build	UNKNOWN STEP	2026-10-07T15:20:55.3077536Z --- PASS: TestGameplayTeamPortraitAveragesMatchDocumentedMeans (0.00s)
windows-build	UNKNOWN STEP	2026-10-07T15:20:55.3078944Z === RUN   TestGameplayTeamPortraitLabelsRequireUsableAverages
windows-build	UNKNOWN STEP	2026-10-07T15:20:55.3117349Z --- PASS: TestGameplayTeamPortraitLabelsRequireUsableAverages (0.00s)
windows-build	UNKNOWN STEP	2026-10-07T15:20:55.3118561Z === RUN   TestGameplayTeamPortraitFromRequiresEnoughResolvedHeroes
windows-build	UNKNOWN STEP	2026-10-07T15:20:55.3153765Z --- PASS: TestGameplayTeamPortraitFromRequiresEnoughResolvedHeroes (0.00s)
windows-build	UNKNOWN STEP	2026-10-07T15:20:55.3154719Z === RUN   TestGameplayTeamPortraitEndToEnd
windows-build	UNKNOWN STEP	2026-10-07T15:20:55.7683300Z --- PASS: TestGameplayTeamPortraitEndToEnd (0.45s)
windows-build	UNKNOWN STEP	2026-10-07T15:20:55.7684221Z === RUN   TestR116EMayhemTabOnlyContainsMayhemGames
windows-build	UNKNOWN STEP	2026-10-07T15:20:55.7684851Z --- PASS: TestR116EMayhemTabOnlyContainsMayhemGames (0.00s)
windows-build	UNKNOWN STEP	2026-10-07T15:20:55.7685964Z === RUN   TestR116EMayhemTabRendersNoPositionsAndNoAbilityRadar
windows-build	UNKNOWN STEP	2026-10-07T15:20:55.7686736Z --- PASS: TestR116EMayhemTabRendersNoPositionsAndNoAbilityRadar (0.00s)
windows-build	UNKNOWN STEP	2026-10-07T15:20:55.7687688Z === RUN   TestR116EClassicTabsAreUnaffectedByMayhemSamples
windows-build	UNKNOWN STEP	2026-10-07T15:20:55.7688395Z --- PASS: TestR116EClassicTabsAreUnaffectedByMayhemSamples (0.00s)
windows-build	UNKNOWN STEP	2026-10-07T15:20:55.7689105Z === RUN   TestR116EKoreanPathStillProducesExactlyTwoQueues
windows-build	UNKNOWN STEP	2026-10-07T15:20:55.7689752Z --- PASS: TestR116EKoreanPathStillProducesExactlyTwoQueues (0.00s)
windows-build	UNKNOWN STEP	2026-10-07T15:20:55.7690350Z === RUN   TestR116EMayhemTabOnlyAppearsWhenSamplesExist
windows-build	UNKNOWN STEP	2026-10-07T15:20:55.7690924Z --- PASS: TestR116EMayhemTabOnlyAppearsWhenSamplesExist (0.00s)
windows-build	UNKNOWN STEP	2026-10-07T15:20:55.7691577Z === RUN   TestR116ERecentRankedSummaryForQueueNeverMixesQueues
windows-build	UNKNOWN STEP	2026-10-07T15:20:55.7692269Z --- PASS: TestR116ERecentRankedSummaryForQueueNeverMixesQueues (0.00s)
windows-build	UNKNOWN STEP	2026-10-07T15:20:55.7693013Z === RUN   TestR116ERankedQueueLabelCoversMayhemAndRefusesUnknownQueues
windows-build	UNKNOWN STEP	2026-10-07T15:20:55.7693618Z --- PASS: TestR116ERankedQueueLabelCoversMayhemAndRefusesUnknownQueues (0.00s)
windows-build	UNKNOWN STEP	2026-10-07T15:20:55.7694018Z === RUN   TestR116EChampionStatsStaysRankedOnly
windows-build	UNKNOWN STEP	2026-10-07T15:20:55.7694332Z --- PASS: TestR116EChampionStatsStaysRankedOnly (0.00s)
windows-build	UNKNOWN STEP	2026-10-07T15:20:55.7694724Z === RUN   TestR116ESeasonMayhemBuildsEndpointAggregatesPersonalSamples
windows-build	UNKNOWN STEP	2026-10-07T15:20:55.7810874Z --- PASS: TestR116ESeasonMayhemBuildsEndpointAggregatesPersonalSamples (0.01s)
windows-build	UNKNOWN STEP	2026-10-07T15:20:55.7811444Z === RUN   TestR116ESeasonMayhemBuildsEndpointHidesInsufficientSamples
windows-build	UNKNOWN STEP	2026-10-07T15:20:55.7910504Z --- PASS: TestR116ESeasonMayhemBuildsEndpointHidesInsufficientSamples (0.01s)
windows-build	UNKNOWN STEP	2026-10-07T15:20:55.7911174Z === RUN   TestR116ESeasonMayhemBuildsEndpointRejectsBadInputAndReportsMissingData
windows-build	UNKNOWN STEP	2026-10-07T15:20:55.8002321Z --- PASS: TestR116ESeasonMayhemBuildsEndpointRejectsBadInputAndReportsMissingData (0.01s)
windows-build	UNKNOWN STEP	2026-10-07T15:20:55.8003260Z === RUN   TestGameplayReferenceDoesNotExposeStablePlayerID
windows-build	UNKNOWN STEP	2026-10-07T15:20:55.8003994Z --- PASS: TestGameplayReferenceDoesNotExposeStablePlayerID (0.00s)
windows-build	UNKNOWN STEP	2026-10-07T15:20:55.8004720Z === RUN   TestGameplayReferenceCacheEvictsBothTablesTogether
windows-build	UNKNOWN STEP	2026-10-07T15:20:55.8151556Z --- PASS: TestGameplayReferenceCacheEvictsBothTablesTogether (0.01s)
windows-build	UNKNOWN STEP	2026-10-07T15:20:55.8152328Z === RUN   TestGameplayReferenceCacheUpdatesWithoutGrowing
windows-build	UNKNOWN STEP	2026-10-07T15:20:55.8152834Z --- PASS: TestGameplayReferenceCacheUpdatesWithoutGrowing (0.00s)
windows-build	UNKNOWN STEP	2026-10-07T15:20:55.8153257Z === RUN   TestGameplayOverviewRejectsUnregisteredStablePlayerID
windows-build	UNKNOWN STEP	2026-10-07T15:20:55.8176984Z --- PASS: TestGameplayOverviewRejectsUnregisteredStablePlayerID (0.00s)
windows-build	UNKNOWN STEP	2026-10-07T15:20:55.8177545Z === RUN   TestGameplayOverviewTencentLookupHTTPErrorIsExplainedAndRecorded
windows-build	UNKNOWN STEP	2026-10-07T15:20:55.8200292Z --- PASS: TestGameplayOverviewTencentLookupHTTPErrorIsExplainedAndRecorded (0.00s)
windows-build	UNKNOWN STEP	2026-10-07T15:20:55.8201193Z === RUN   TestTencentLookupRetriesOneTransportFailure
windows-build	UNKNOWN STEP	2026-10-07T15:20:56.3208317Z --- PASS: TestTencentLookupRetriesOneTransportFailure (0.50s)
windows-build	UNKNOWN STEP	2026-10-07T15:20:56.3219253Z === RUN   TestGameplayOverviewRecordsCompletePhaseTiming
windows-build	UNKNOWN STEP	2026-10-07T15:20:56.3839208Z --- PASS: TestGameplayOverviewRecordsCompletePhaseTiming (0.06s)
windows-build	UNKNOWN STEP	2026-10-07T15:20:56.3839997Z === RUN   TestGameplayOverviewOverlapsIndependentUpstreams
windows-build	UNKNOWN STEP	2026-10-07T15:20:56.5595828Z --- PASS: TestGameplayOverviewOverlapsIndependentUpstreams (0.18s)
windows-build	UNKNOWN STEP	2026-10-07T15:20:56.5596879Z === RUN   TestGameplayOverviewReturnsPartialBeforeTwentySeconds
windows-build	UNKNOWN STEP	2026-10-07T15:20:56.6903618Z --- PASS: TestGameplayOverviewReturnsPartialBeforeTwentySeconds (0.13s)
windows-build	UNKNOWN STEP	2026-10-07T15:20:56.6904192Z === RUN   TestGameplayOverviewHistoryWindowUsesCacheAcrossRequests
windows-build	UNKNOWN STEP	2026-10-07T15:20:56.7123816Z --- PASS: TestGameplayOverviewHistoryWindowUsesCacheAcrossRequests (0.02s)
windows-build	UNKNOWN STEP	2026-10-07T15:20:56.7124678Z === RUN   TestGameplayOverviewSkipsHistoryWindowWhenFirstPageHasMatches
windows-build	UNKNOWN STEP	2026-10-07T15:20:56.7337593Z --- PASS: TestGameplayOverviewSkipsHistoryWindowWhenFirstPageHasMatches (0.02s)
windows-build	UNKNOWN STEP	2026-10-07T15:20:56.7338537Z === RUN   TestGameplayOverviewSearchOtherPlayerLoadsBothRankedSamples
windows-build	UNKNOWN STEP	2026-10-07T15:20:56.7549830Z --- PASS: TestGameplayOverviewSearchOtherPlayerLoadsBothRankedSamples (0.02s)
windows-build	UNKNOWN STEP	2026-10-07T15:20:56.7550638Z === RUN   TestOverviewHistoryOnlyLoadsWhenTheFirstScreenHasNoMatches
windows-build	UNKNOWN STEP	2026-10-07T15:20:56.7551388Z --- PASS: TestOverviewHistoryOnlyLoadsWhenTheFirstScreenHasNoMatches (0.00s)
windows-build	UNKNOWN STEP	2026-10-07T15:20:56.7552171Z === RUN   TestGameplayCoreOptionsPreserveTheFullUpstreamLimit
windows-build	UNKNOWN STEP	2026-10-07T15:20:56.7552821Z --- PASS: TestGameplayCoreOptionsPreserveTheFullUpstreamLimit (0.00s)
windows-build	UNKNOWN STEP	2026-10-07T15:20:56.7553427Z === RUN   TestGameplayHistoryUsesRequestedPageWindow
windows-build	UNKNOWN STEP	2026-10-07T15:20:56.7566500Z --- PASS: TestGameplayHistoryUsesRequestedPageWindow (0.00s)
windows-build	UNKNOWN STEP	2026-10-07T15:20:56.7566996Z === RUN   TestGameplayPerkStylesAcceptClientWrapperAndBareArray
windows-build	UNKNOWN STEP	2026-10-07T15:20:56.7567465Z === RUN   TestGameplayPerkStylesAcceptClientWrapperAndBareArray/wrapped
windows-build	UNKNOWN STEP	2026-10-07T15:20:56.7585420Z --- PASS: TestGameplayPerkStylesAcceptClientWrapperAndBareArray/wrapped (0.00s)
windows-build	UNKNOWN STEP	2026-10-07T15:20:56.7586302Z === RUN   TestGameplayPerkStylesAcceptClientWrapperAndBareArray/array
windows-build	UNKNOWN STEP	2026-10-07T15:20:56.7601508Z --- PASS: TestGameplayPerkStylesAcceptClientWrapperAndBareArray/array (0.00s)
windows-build	UNKNOWN STEP	2026-10-07T15:20:56.7602364Z === RUN   TestGameplayPerkStylesAcceptClientWrapperAndBareArray/objects
windows-build	UNKNOWN STEP	2026-10-07T15:20:56.7617563Z --- PASS: TestGameplayPerkStylesAcceptClientWrapperAndBareArray/objects (0.00s)
windows-build	UNKNOWN STEP	2026-10-07T15:20:56.7618309Z --- PASS: TestGameplayPerkStylesAcceptClientWrapperAndBareArray (0.01s)
windows-build	UNKNOWN STEP	2026-10-07T15:20:56.7618717Z === RUN   TestGameplayPerkCatalogCachesLCUFiles
windows-build	UNKNOWN STEP	2026-10-07T15:20:56.7631643Z --- PASS: TestGameplayPerkCatalogCachesLCUFiles (0.00s)
windows-build	UNKNOWN STEP	2026-10-07T15:20:56.7632424Z === RUN   TestSanitizeAssetPathKeepsDataDragonFallback
windows-build	UNKNOWN STEP	2026-10-07T15:20:56.7632911Z --- PASS: TestSanitizeAssetPathKeepsDataDragonFallback (0.00s)
windows-build	UNKNOWN STEP	2026-10-07T15:20:56.7633592Z === RUN   TestNormalizeGameplayPerkCatalogReportsEnrichmentAndMissingIcons
windows-build	UNKNOWN STEP	2026-10-07T15:20:56.7634562Z --- PASS: TestNormalizeGameplayPerkCatalogReportsEnrichmentAndMissingIcons (0.00s)
windows-build	UNKNOWN STEP	2026-10-07T15:20:56.7635265Z === RUN   TestLCUFullHistoryPageKeepsPaginationOpen
windows-build	UNKNOWN STEP	2026-10-07T15:20:56.7650823Z --- PASS: TestLCUFullHistoryPageKeepsPaginationOpen (0.00s)
windows-build	UNKNOWN STEP	2026-10-07T15:20:56.7651622Z === RUN   TestLCUSingleParticipantSummaryFetchesFullGameDetail
windows-build	UNKNOWN STEP	2026-10-07T15:20:56.7668588Z --- PASS: TestLCUSingleParticipantSummaryFetchesFullGameDetail (0.00s)
windows-build	UNKNOWN STEP	2026-10-07T15:20:56.7669401Z === RUN   TestLCUSingleParticipantDetailRemainsExplicitlyIncomplete
windows-build	UNKNOWN STEP	2026-10-07T15:20:56.7681084Z --- PASS: TestLCUSingleParticipantDetailRemainsExplicitlyIncomplete (0.00s)
windows-build	UNKNOWN STEP	2026-10-07T15:20:56.7681796Z === RUN   TestCustomGamesAreRecognizedAcrossModes
windows-build	UNKNOWN STEP	2026-10-07T15:20:56.7682375Z --- PASS: TestCustomGamesAreRecognizedAcrossModes (0.00s)
windows-build	UNKNOWN STEP	2026-10-07T15:20:56.7683037Z === RUN   TestGameplayFilterDiagnosticsSplitEmptyAndCustomMatches
windows-build	UNKNOWN STEP	2026-10-07T15:20:56.7683838Z --- PASS: TestGameplayFilterDiagnosticsSplitEmptyAndCustomMatches (0.00s)
windows-build	UNKNOWN STEP	2026-10-07T15:20:56.7684619Z === RUN   TestSummarizeRiotParticipantsDetectsShortNonArenaRosters
windows-build	UNKNOWN STEP	2026-10-07T15:20:56.7685395Z --- PASS: TestSummarizeRiotParticipantsDetectsShortNonArenaRosters (0.00s)
windows-build	UNKNOWN STEP	2026-10-07T15:20:56.7686125Z === RUN   TestSummarizeRiotParticipantsIgnoresCustomRosters
windows-build	UNKNOWN STEP	2026-10-07T15:20:56.7686829Z --- PASS: TestSummarizeRiotParticipantsIgnoresCustomRosters (0.00s)
windows-build	UNKNOWN STEP	2026-10-07T15:20:56.7687908Z === RUN   TestVerifiedRankWinRateRejectsMissingLosses
windows-build	UNKNOWN STEP	2026-10-07T15:20:56.7688525Z --- PASS: TestVerifiedRankWinRateRejectsMissingLosses (0.00s)
windows-build	UNKNOWN STEP	2026-10-07T15:20:56.7689176Z === RUN   TestRiotParticipantAcceptsBothSummonerSpellFieldNames
windows-build	UNKNOWN STEP	2026-10-07T15:20:56.7690116Z === RUN   TestRiotParticipantAcceptsBothSummonerSpellFieldNames/match-v5
windows-build	UNKNOWN STEP	2026-10-07T15:20:56.7690936Z --- PASS: TestRiotParticipantAcceptsBothSummonerSpellFieldNames/match-v5 (0.00s)
windows-build	UNKNOWN STEP	2026-10-07T15:20:56.7692323Z === RUN   TestRiotParticipantAcceptsBothSummonerSpellFieldNames/sgp-legacy
windows-build	UNKNOWN STEP	2026-10-07T15:20:56.7693703Z --- PASS: TestRiotParticipantAcceptsBothSummonerSpellFieldNames/sgp-legacy (0.00s)
windows-build	UNKNOWN STEP	2026-10-07T15:20:56.7694565Z --- PASS: TestRiotParticipantAcceptsBothSummonerSpellFieldNames (0.00s)
windows-build	UNKNOWN STEP	2026-10-07T15:20:56.7695195Z === RUN   TestRemakeFallbackIsConservative
windows-build	UNKNOWN STEP	2026-10-07T15:20:56.7695767Z === RUN   TestRemakeFallbackIsConservative/riot_explicit_signal_wins
windows-build	UNKNOWN STEP	2026-10-07T15:20:56.7696514Z --- PASS: TestRemakeFallbackIsConservative/riot_explicit_signal_wins (0.00s)
windows-build	UNKNOWN STEP	2026-10-07T15:20:56.7697210Z === RUN   TestRemakeFallbackIsConservative/short_match_without_winner
windows-build	UNKNOWN STEP	2026-10-07T15:20:56.7698004Z --- PASS: TestRemakeFallbackIsConservative/short_match_without_winner (0.00s)
windows-build	UNKNOWN STEP	2026-10-07T15:20:56.7698753Z === RUN   TestRemakeFallbackIsConservative/short_match_with_winner
windows-build	UNKNOWN STEP	2026-10-07T15:20:56.7699469Z --- PASS: TestRemakeFallbackIsConservative/short_match_with_winner (0.00s)
windows-build	UNKNOWN STEP	2026-10-07T15:20:56.7700133Z === RUN   TestRemakeFallbackIsConservative/ordinary_surrender
windows-build	UNKNOWN STEP	2026-10-07T15:20:56.7700800Z --- PASS: TestRemakeFallbackIsConservative/ordinary_surrender (0.00s)
windows-build	UNKNOWN STEP	2026-10-07T15:20:56.7701927Z === RUN   TestRemakeFallbackIsConservative/long_match
windows-build	UNKNOWN STEP	2026-10-07T15:20:56.7702568Z --- PASS: TestRemakeFallbackIsConservative/long_match (0.00s)
windows-build	UNKNOWN STEP	2026-10-07T15:20:56.7703121Z === RUN   TestRemakeFallbackIsConservative/arena
windows-build	UNKNOWN STEP	2026-10-07T15:20:56.7704118Z --- PASS: TestRemakeFallbackIsConservative/arena (0.00s)
windows-build	UNKNOWN STEP	2026-10-07T15:20:56.7704916Z === RUN   TestRemakeFallbackIsConservative/bot_game
windows-build	UNKNOWN STEP	2026-10-07T15:20:56.7705678Z --- PASS: TestRemakeFallbackIsConservative/bot_game (0.00s)
windows-build	UNKNOWN STEP	2026-10-07T15:20:56.7706508Z === RUN   TestRemakeFallbackIsConservative/custom_game
windows-build	UNKNOWN STEP	2026-10-07T15:20:56.7707323Z --- PASS: TestRemakeFallbackIsConservative/custom_game (0.00s)
windows-build	UNKNOWN STEP	2026-10-07T15:20:56.7708364Z === RUN   TestRemakeFallbackIsConservative/unknown_queue
windows-build	UNKNOWN STEP	2026-10-07T15:20:56.7709005Z --- PASS: TestRemakeFallbackIsConservative/unknown_queue (0.00s)
windows-build	UNKNOWN STEP	2026-10-07T15:20:56.7709598Z --- PASS: TestRemakeFallbackIsConservative (0.00s)
windows-build	UNKNOWN STEP	2026-10-07T15:20:56.7710237Z === RUN   TestGameplayNormalizersDoNotMarkOrdinarySurrenderAsRemake
windows-build	UNKNOWN STEP	2026-10-07T15:20:56.7711106Z === RUN   TestGameplayNormalizersDoNotMarkOrdinarySurrenderAsRemake/lcu_participant_field
windows-build	UNKNOWN STEP	2026-10-07T15:20:56.7712172Z --- PASS: TestGameplayNormalizersDoNotMarkOrdinarySurrenderAsRemake/lcu_participant_field (0.00s)
windows-build	UNKNOWN STEP	2026-10-07T15:20:56.7713241Z === RUN   TestGameplayNormalizersDoNotMarkOrdinarySurrenderAsRemake/riot_participant_field
windows-build	UNKNOWN STEP	2026-10-07T15:20:56.7714191Z --- PASS: TestGameplayNormalizersDoNotMarkOrdinarySurrenderAsRemake/riot_participant_field (0.00s)
windows-build	UNKNOWN STEP	2026-10-07T15:20:56.7715163Z --- PASS: TestGameplayNormalizersDoNotMarkOrdinarySurrenderAsRemake (0.00s)
windows-build	UNKNOWN STEP	2026-10-07T15:20:56.7716172Z === RUN   TestGameplayNormalizersMarkEarlySurrenderAsRemake
windows-build	UNKNOWN STEP	2026-10-07T15:20:56.7717269Z === RUN   TestGameplayNormalizersMarkEarlySurrenderAsRemake/lcu_participant_field
windows-build	UNKNOWN STEP	2026-10-07T15:20:56.7718134Z --- PASS: TestGameplayNormalizersMarkEarlySurrenderAsRemake/lcu_participant_field (0.00s)
windows-build	UNKNOWN STEP	2026-10-07T15:20:56.7718932Z === RUN   TestGameplayNormalizersMarkEarlySurrenderAsRemake/riot_participant_field
windows-build	UNKNOWN STEP	2026-10-07T15:20:56.7719789Z --- PASS: TestGameplayNormalizersMarkEarlySurrenderAsRemake/riot_participant_field (0.00s)
windows-build	UNKNOWN STEP	2026-10-07T15:20:56.7720559Z --- PASS: TestGameplayNormalizersMarkEarlySurrenderAsRemake (0.00s)
windows-build	UNKNOWN STEP	2026-10-07T15:20:56.7721529Z === RUN   TestRemakesAreExcludedFromWinRateAggregates
windows-build	UNKNOWN STEP	2026-10-07T15:20:56.7722534Z --- PASS: TestRemakesAreExcludedFromWinRateAggregates (0.00s)
windows-build	UNKNOWN STEP	2026-10-07T15:20:56.7723480Z === RUN   TestRecentRankedSummaryUsesLatestTwentyRankedGames
windows-build	UNKNOWN STEP	2026-10-07T15:20:56.7724572Z --- PASS: TestRecentRankedSummaryUsesLatestTwentyRankedGames (0.00s)
windows-build	UNKNOWN STEP	2026-10-07T15:20:56.7726305Z === RUN   TestRecentRankedSummaryDoesNotInventTeamKills
windows-build	UNKNOWN STEP	2026-10-07T15:20:56.7727049Z --- PASS: TestRecentRankedSummaryDoesNotInventTeamKills (0.00s)
windows-build	UNKNOWN STEP	2026-10-07T15:20:56.7727709Z === RUN   TestRecentRankedSummaryUsesSoloThenFallsBackToFlex
windows-build	UNKNOWN STEP	2026-10-07T15:20:56.7728384Z --- PASS: TestRecentRankedSummaryUsesSoloThenFallsBackToFlex (0.00s)
windows-build	UNKNOWN STEP	2026-10-07T15:20:56.7729120Z === RUN   TestPositionStatsExcludeOtherAndNormalizeKnownPositions
windows-build	UNKNOWN STEP	2026-10-07T15:20:56.7729880Z --- PASS: TestPositionStatsExcludeOtherAndNormalizeKnownPositions (0.00s)
windows-build	UNKNOWN STEP	2026-10-07T15:20:56.7731024Z === RUN   TestRankedQueueStatsKeepQueuesSeparateWhenSoloHasNoSample
windows-build	UNKNOWN STEP	2026-10-07T15:20:56.7731922Z --- PASS: TestRankedQueueStatsKeepQueuesSeparateWhenSoloHasNoSample (0.00s)
windows-build	UNKNOWN STEP	2026-10-07T15:20:56.7732723Z === RUN   TestRankedQueueAbilityUsesTheSameRecentMatchesAsTheSummary
windows-build	UNKNOWN STEP	2026-10-07T15:20:56.7733518Z --- PASS: TestRankedQueueAbilityUsesTheSameRecentMatchesAsTheSummary (0.00s)
windows-build	UNKNOWN STEP	2026-10-07T15:20:56.7734309Z === RUN   TestRecentRankedSamplesStayIndependentFromRightSideFilter
windows-build	UNKNOWN STEP	2026-10-07T15:20:56.7735149Z --- PASS: TestRecentRankedSamplesStayIndependentFromRightSideFilter (0.00s)
windows-build	UNKNOWN STEP	2026-10-07T15:20:56.7735929Z === RUN   TestLoadSGPMatchHistoryPageFlexUsesOneQueueTagRequest
windows-build	UNKNOWN STEP	2026-10-07T15:20:56.7736696Z --- PASS: TestLoadSGPMatchHistoryPageFlexUsesOneQueueTagRequest (0.00s)
windows-build	UNKNOWN STEP	2026-10-07T15:20:56.7737394Z === RUN   TestRecentRankedSamplesCacheEachQueueSeparately
windows-build	UNKNOWN STEP	2026-10-07T15:20:56.7738048Z --- PASS: TestRecentRankedSamplesCacheEachQueueSeparately (0.00s)
windows-build	UNKNOWN STEP	2026-10-07T15:20:56.7738731Z === RUN   TestCurrentProfileBackgroundUsesClientProfile
windows-build	UNKNOWN STEP	2026-10-07T15:20:56.7739183Z --- PASS: TestCurrentProfileBackgroundUsesClientProfile (0.00s)
windows-build	UNKNOWN STEP	2026-10-07T15:20:56.7739552Z === RUN   TestApplyMasteryBackgroundFallback
windows-build	UNKNOWN STEP	2026-10-07T15:20:56.7739894Z --- PASS: TestApplyMasteryBackgroundFallback (0.00s)
windows-build	UNKNOWN STEP	2026-10-07T15:20:56.7740282Z === RUN   TestDiagnosticRankedQueueSamplesCompareQueuesAndQueueMap
windows-build	UNKNOWN STEP	2026-10-07T15:20:56.7740982Z --- PASS: TestDiagnosticRankedQueueSamplesCompareQueuesAndQueueMap (0.00s)
windows-build	UNKNOWN STEP	2026-10-07T15:20:56.7741726Z === RUN   TestGameplayRankMilestonesNormalizeAndSuppressMissingValues
windows-build	UNKNOWN STEP	2026-10-07T15:20:56.7742350Z --- PASS: TestGameplayRankMilestonesNormalizeAndSuppressMissingValues (0.00s)
windows-build	UNKNOWN STEP	2026-10-07T15:20:56.7742848Z === RUN   TestRankMilestonesOnlySerializeForTencentResponses
windows-build	UNKNOWN STEP	2026-10-07T15:20:56.7743329Z --- PASS: TestRankMilestonesOnlySerializeForTencentResponses (0.00s)
windows-build	UNKNOWN STEP	2026-10-07T15:20:56.7743731Z === RUN   TestRankedQueueEntriesCoversBothPayloadShapes
windows-build	UNKNOWN STEP	2026-10-07T15:20:56.7744261Z --- PASS: TestRankedQueueEntriesCoversBothPayloadShapes (0.00s)
windows-build	UNKNOWN STEP	2026-10-07T15:20:56.7744658Z === RUN   TestLCURankedEntryParsesAllHistoricalFields
windows-build	UNKNOWN STEP	2026-10-07T15:20:56.7745030Z --- PASS: TestLCURankedEntryParsesAllHistoricalFields (0.00s)
windows-build	UNKNOWN STEP	2026-10-07T15:20:56.7745383Z === RUN   TestLCURankedShapeDiagnosticIsProcessScoped
windows-build	UNKNOWN STEP	2026-10-07T15:20:56.7754731Z --- PASS: TestLCURankedShapeDiagnosticIsProcessScoped (0.00s)
windows-build	UNKNOWN STEP	2026-10-07T15:20:56.7755401Z === RUN   TestRankedStatsPreferCompleteLCUWithoutCallingSGP
windows-build	UNKNOWN STEP	2026-10-07T15:20:56.7762798Z --- PASS: TestRankedStatsPreferCompleteLCUWithoutCallingSGP (0.00s)
windows-build	UNKNOWN STEP	2026-10-07T15:20:56.7763715Z === RUN   TestRankedStatsFallBackToSGPWhenLCUFails
windows-build	UNKNOWN STEP	2026-10-07T15:20:56.7775577Z --- PASS: TestRankedStatsFallBackToSGPWhenLCUFails (0.00s)
windows-build	UNKNOWN STEP	2026-10-07T15:20:56.7776184Z === RUN   TestRankedStatsCompletionGateStopsOnlyUnproductiveLCUFallbacks
windows-build	UNKNOWN STEP	2026-10-07T15:20:56.7835077Z --- PASS: TestRankedStatsCompletionGateStopsOnlyUnproductiveLCUFallbacks (0.01s)
windows-build	UNKNOWN STEP	2026-10-07T15:20:56.7835808Z === RUN   TestPlayerRankScoreCachesSGPFallbackUnderPreferredLCUKey
windows-build	UNKNOWN STEP	2026-10-07T15:20:56.7848131Z --- PASS: TestPlayerRankScoreCachesSGPFallbackUnderPreferredLCUKey (0.00s)
windows-build	UNKNOWN STEP	2026-10-07T15:20:56.7849584Z === RUN   TestLoadQueueLabelsCachesPerLCUClientInstance
windows-build	UNKNOWN STEP	2026-10-07T15:20:56.7875367Z --- PASS: TestLoadQueueLabelsCachesPerLCUClientInstance (0.00s)
windows-build	UNKNOWN STEP	2026-10-07T15:20:56.7876064Z === RUN   TestRecentRankedSampleCacheEvictsOldestLargeEntries
windows-build	UNKNOWN STEP	2026-10-07T15:20:56.7876533Z --- PASS: TestRecentRankedSampleCacheEvictsOldestLargeEntries (0.00s)
windows-build	UNKNOWN STEP	2026-10-07T15:20:56.7877502Z === RUN   TestPlayerRankScoreUsesRiotForKROpponentAndCachesMetadata
windows-build	UNKNOWN STEP	2026-10-07T15:20:56.7879686Z --- PASS: TestPlayerRankScoreUsesRiotForKROpponentAndCachesMetadata (0.00s)
windows-build	UNKNOWN STEP	2026-10-07T15:20:56.7880339Z === RUN   TestCanceledRankedRequestIsSilent
windows-build	UNKNOWN STEP	2026-10-07T15:20:56.7900393Z --- PASS: TestCanceledRankedRequestIsSilent (0.00s)
windows-build	UNKNOWN STEP	2026-10-07T15:20:56.7900963Z === RUN   TestCanceledPartialSGPHistoryIsSilent
windows-build	UNKNOWN STEP	2026-10-07T15:20:56.7926590Z --- PASS: TestCanceledPartialSGPHistoryIsSilent (0.00s)
windows-build	UNKNOWN STEP	2026-10-07T15:20:56.7927248Z === RUN   TestRankedWinRateDiagnosticsRecordSGPAndLCUSources
windows-build	UNKNOWN STEP	2026-10-07T15:20:56.7927958Z === RUN   TestRankedWinRateDiagnosticsRecordSGPAndLCUSources/lcu
windows-build	UNKNOWN STEP	2026-10-07T15:20:56.7954721Z --- PASS: TestRankedWinRateDiagnosticsRecordSGPAndLCUSources/lcu (0.00s)
windows-build	UNKNOWN STEP	2026-10-07T15:20:56.7955511Z === RUN   TestRankedWinRateDiagnosticsRecordSGPAndLCUSources/sgp
windows-build	UNKNOWN STEP	2026-10-07T15:20:56.7982654Z --- PASS: TestRankedWinRateDiagnosticsRecordSGPAndLCUSources/sgp (0.00s)
windows-build	UNKNOWN STEP	2026-10-07T15:20:56.7983506Z --- PASS: TestRankedWinRateDiagnosticsRecordSGPAndLCUSources (0.01s)
windows-build	UNKNOWN STEP	2026-10-07T15:20:56.7984252Z === RUN   TestRankedWinRateDiagnosticPlayerHashIsStableAndDistinct
windows-build	UNKNOWN STEP	2026-10-07T15:20:56.7985032Z --- PASS: TestRankedWinRateDiagnosticPlayerHashIsStableAndDistinct (0.00s)
windows-build	UNKNOWN STEP	2026-10-07T15:20:56.7985825Z === RUN   TestSeasonRankWinRateFallbackFillsOnlyIncompleteSGPRanks
windows-build	UNKNOWN STEP	2026-10-07T15:20:56.7986639Z --- PASS: TestSeasonRankWinRateFallbackFillsOnlyIncompleteSGPRanks (0.00s)
windows-build	UNKNOWN STEP	2026-10-07T15:20:56.7987387Z === RUN   TestSeasonRankWinRateFallbackDoesNotFillIncompleteScan
windows-build	UNKNOWN STEP	2026-10-07T15:20:56.7988149Z --- PASS: TestSeasonRankWinRateFallbackDoesNotFillIncompleteScan (0.00s)
windows-build	UNKNOWN STEP	2026-10-07T15:20:56.7988930Z === RUN   TestSeasonRankFallbackAppearsAfterRefreshSnapshotCompletes
windows-build	UNKNOWN STEP	2026-10-07T15:20:56.8111545Z --- PASS: TestSeasonRankFallbackAppearsAfterRefreshSnapshotCompletes (0.01s)
windows-build	UNKNOWN STEP	2026-10-07T15:20:56.8112463Z === RUN   TestGameplayOverviewAppliesSeasonFallbackToIncompleteSGPRanks
windows-build	UNKNOWN STEP	2026-10-07T15:20:56.9264916Z --- PASS: TestGameplayOverviewAppliesSeasonFallbackToIncompleteSGPRanks (0.12s)
windows-build	UNKNOWN STEP	2026-10-07T15:20:56.9265469Z === RUN   TestGameplayOverviewReturnsCoreBeforeSlowSeasonScan
windows-build	UNKNOWN STEP	2026-10-07T15:20:57.0135872Z --- PASS: TestGameplayOverviewReturnsCoreBeforeSlowSeasonScan (0.09s)
windows-build	UNKNOWN STEP	2026-10-07T15:20:57.0136675Z === RUN   TestNormalizeGameplayMatchIncludesStatPerks
windows-build	UNKNOWN STEP	2026-10-07T15:20:57.0137243Z --- PASS: TestNormalizeGameplayMatchIncludesStatPerks (0.00s)
windows-build	UNKNOWN STEP	2026-10-07T15:20:57.0137893Z === RUN   TestRecentPlayersAggregatesNamedParticipantsWithoutPUUID
windows-build	UNKNOWN STEP	2026-10-07T15:20:57.0138658Z --- PASS: TestRecentPlayersAggregatesNamedParticipantsWithoutPUUID (0.00s)
windows-build	UNKNOWN STEP	2026-10-07T15:20:57.0139452Z === RUN   TestHiddenPlayerUsesTheSameRankAndMatchHistoryLoaders
windows-build	UNKNOWN STEP	2026-10-07T15:20:57.0163259Z --- PASS: TestHiddenPlayerUsesTheSameRankAndMatchHistoryLoaders (0.00s)
windows-build	UNKNOWN STEP	2026-10-07T15:20:57.0164287Z === RUN   TestChampSelectKeepsObfuscatedIdentityQueryable
windows-build	UNKNOWN STEP	2026-10-07T15:20:57.0164956Z --- PASS: TestChampSelectKeepsObfuscatedIdentityQueryable (0.00s)
windows-build	UNKNOWN STEP	2026-10-07T15:20:57.0165913Z === RUN   TestChampSelectMergesObfuscatedIdentityWithGameflowPUUID
windows-build	UNKNOWN STEP	2026-10-07T15:20:57.0166706Z --- PASS: TestChampSelectMergesObfuscatedIdentityWithGameflowPUUID (0.00s)
windows-build	UNKNOWN STEP	2026-10-07T15:20:57.0167607Z === RUN   TestArenaChampSelectModeAndIdentityFilter
windows-build	UNKNOWN STEP	2026-10-07T15:20:57.0168195Z --- PASS: TestArenaChampSelectModeAndIdentityFilter (0.00s)
windows-build	UNKNOWN STEP	2026-10-07T15:20:57.0168773Z === RUN   TestChampSelectCellIdentityMarksCurrentPlayer
windows-build	UNKNOWN STEP	2026-10-07T15:20:57.0169392Z --- PASS: TestChampSelectCellIdentityMarksCurrentPlayer (0.00s)
windows-build	UNKNOWN STEP	2026-10-07T15:20:57.0170051Z === RUN   TestCurrentChampionFallbackDrivesRecommendationTarget
windows-build	UNKNOWN STEP	2026-10-07T15:20:57.0178934Z --- PASS: TestCurrentChampionFallbackDrivesRecommendationTarget (0.00s)
windows-build	UNKNOWN STEP	2026-10-07T15:20:57.0179799Z === RUN   TestChampSelectActionsAreLastRecommendationChampionFallback
windows-build	UNKNOWN STEP	2026-10-07T15:20:57.0180660Z --- PASS: TestChampSelectActionsAreLastRecommendationChampionFallback (0.00s)
windows-build	UNKNOWN STEP	2026-10-07T15:20:57.0181703Z === RUN   TestRecommendationPayloadSanitizesNegativePickIntent
windows-build	UNKNOWN STEP	2026-10-07T15:20:57.0182441Z --- PASS: TestRecommendationPayloadSanitizesNegativePickIntent (0.00s)
windows-build	UNKNOWN STEP	2026-10-07T15:20:57.0183200Z === RUN   TestGameplayLiveResolvesRandomChampSelectActionWithout400
windows-build	UNKNOWN STEP	2026-10-07T15:20:57.0183982Z === RUN   TestGameplayLiveResolvesRandomChampSelectActionWithout400/resolved_pick
windows-build	UNKNOWN STEP	2026-10-07T15:20:57.1449448Z --- PASS: TestGameplayLiveResolvesRandomChampSelectActionWithout400/resolved_pick (0.13s)
windows-build	UNKNOWN STEP	2026-10-07T15:20:57.1450494Z === RUN   TestGameplayLiveResolvesRandomChampSelectActionWithout400/still_pending
windows-build	UNKNOWN STEP	2026-10-07T15:20:57.1464349Z --- PASS: TestGameplayLiveResolvesRandomChampSelectActionWithout400/still_pending (0.00s)
windows-build	UNKNOWN STEP	2026-10-07T15:20:57.1465194Z --- PASS: TestGameplayLiveResolvesRandomChampSelectActionWithout400 (0.13s)
windows-build	UNKNOWN STEP	2026-10-07T15:20:57.1465672Z === RUN   TestGameplayLiveSecondRefreshReusesRankedStatsCache
windows-build	UNKNOWN STEP	2026-10-07T15:20:57.1856644Z --- PASS: TestGameplayLiveSecondRefreshReusesRankedStatsCache (0.04s)
windows-build	UNKNOWN STEP	2026-10-07T15:20:57.1857295Z === RUN   TestR58ChampSelectDropsStaleGameflowRoster
windows-build	UNKNOWN STEP	2026-10-07T15:20:57.2173185Z --- PASS: TestR58ChampSelectDropsStaleGameflowRoster (0.03s)
windows-build	UNKNOWN STEP	2026-10-07T15:20:57.2173901Z === RUN   TestR58InProgressKeepsGameflowRoster
windows-build	UNKNOWN STEP	2026-10-07T15:20:57.2195355Z --- PASS: TestR58InProgressKeepsGameflowRoster (0.00s)
windows-build	UNKNOWN STEP	2026-10-07T15:20:57.2196030Z === RUN   TestR58LiveClientPlayerListGroupsSixArenaTeamsAndRedactsDiagnostics
windows-build	UNKNOWN STEP	2026-10-07T15:20:57.2248015Z --- PASS: TestR58LiveClientPlayerListGroupsSixArenaTeamsAndRedactsDiagnostics (0.01s)
windows-build	UNKNOWN STEP	2026-10-07T15:20:57.2249089Z === RUN   TestR68LiveClientPlayerListPositionsOverrideGameflowForAllTenPlayers
windows-build	UNKNOWN STEP	2026-10-07T15:20:57.2291855Z --- PASS: TestR68LiveClientPlayerListPositionsOverrideGameflowForAllTenPlayers (0.00s)
windows-build	UNKNOWN STEP	2026-10-07T15:20:57.2292761Z === RUN   TestR68LiveClientPositionMatchedCountIsNotPlayerCount
windows-build	UNKNOWN STEP	2026-10-07T15:20:57.2313125Z --- PASS: TestR68LiveClientPositionMatchedCountIsNotPlayerCount (0.00s)
windows-build	UNKNOWN STEP	2026-10-07T15:20:57.2313969Z === RUN   TestR58LiveClientPlayerListUnavailableFallsBackWithoutError
windows-build	UNKNOWN STEP	2026-10-07T15:20:57.2348866Z --- PASS: TestR58LiveClientPlayerListUnavailableFallsBackWithoutError (0.00s)
windows-build	UNKNOWN STEP	2026-10-07T15:20:57.2349823Z === RUN   TestArena1750UsesCorroboratedGameflowRosterOrderWhenPlayerListHasNoSubteams
windows-build	UNKNOWN STEP	2026-10-07T15:20:57.2425201Z --- PASS: TestArena1750UsesCorroboratedGameflowRosterOrderWhenPlayerListHasNoSubteams (0.01s)
windows-build	UNKNOWN STEP	2026-10-07T15:20:57.2426406Z === RUN   TestR62ArenaPlayerListRetriesAndGroupsSeventeenPlayers
windows-build	UNKNOWN STEP	2026-10-07T15:20:57.2540660Z --- PASS: TestR62ArenaPlayerListRetriesAndGroupsSeventeenPlayers (0.01s)
windows-build	UNKNOWN STEP	2026-10-07T15:20:57.2541578Z === RUN   TestR62ArenaPlayerListProbesReconnectAndInvalidatesGameCache
windows-build	UNKNOWN STEP	2026-10-07T15:20:57.2646850Z --- PASS: TestR62ArenaPlayerListProbesReconnectAndInvalidatesGameCache (0.01s)
windows-build	UNKNOWN STEP	2026-10-07T15:20:57.2647521Z === RUN   TestR62ArenaGroupValidationRejectsOversizedGroups
windows-build	UNKNOWN STEP	2026-10-07T15:20:57.2647957Z --- PASS: TestR62ArenaGroupValidationRejectsOversizedGroups (0.00s)
windows-build	UNKNOWN STEP	2026-10-07T15:20:57.2648433Z === RUN   TestLiveRecommendationRejectionRecordsOnlyInputShape
windows-build	UNKNOWN STEP	2026-10-07T15:20:57.2671122Z --- PASS: TestLiveRecommendationRejectionRecordsOnlyInputShape (0.00s)
windows-build	UNKNOWN STEP	2026-10-07T15:20:57.2671945Z === RUN   TestGameplayLiveUsesCurrentChampionWhenRosterIsUnavailable
windows-build	UNKNOWN STEP	2026-10-07T15:20:57.2705910Z --- PASS: TestGameplayLiveUsesCurrentChampionWhenRosterIsUnavailable (0.00s)
windows-build	UNKNOWN STEP	2026-10-07T15:20:57.2706815Z === RUN   TestGameplayLiveMarksCurrentPlayerFromChampSelectCellIdentity
windows-build	UNKNOWN STEP	2026-10-07T15:20:57.3008488Z --- PASS: TestGameplayLiveMarksCurrentPlayerFromChampSelectCellIdentity (0.03s)
windows-build	UNKNOWN STEP	2026-10-07T15:20:57.3009042Z === RUN   TestGameplayLiveArenaChampSelectFiltersAnonymousCells
windows-build	UNKNOWN STEP	2026-10-07T15:20:57.3309041Z --- PASS: TestGameplayLiveArenaChampSelectFiltersAnonymousCells (0.03s)
windows-build	UNKNOWN STEP	2026-10-07T15:20:57.3309566Z === RUN   TestGameplayLiveChampSelectDropsStaleGameflowRoster
windows-build	UNKNOWN STEP	2026-10-07T15:20:57.3349575Z --- PASS: TestGameplayLiveChampSelectDropsStaleGameflowRoster (0.00s)
windows-build	UNKNOWN STEP	2026-10-07T15:20:57.3350973Z === RUN   TestGameplayLiveInProgressPreservesGameflowRoster
windows-build	UNKNOWN STEP	2026-10-07T15:20:57.3365656Z --- PASS: TestGameplayLiveInProgressPreservesGameflowRoster (0.00s)
windows-build	UNKNOWN STEP	2026-10-07T15:20:57.3366391Z === RUN   TestArenaLiveClientPlayerListGroupingAndFallback
windows-build	UNKNOWN STEP	2026-10-07T15:20:57.3369492Z --- PASS: TestArenaLiveClientPlayerListGroupingAndFallback (0.00s)
windows-build	UNKNOWN STEP	2026-10-07T15:20:57.3370346Z === RUN   TestArenaPlayerListDoesNotCachePositionOnlySnapshotAsFinalGrouping
windows-build	UNKNOWN STEP	2026-10-07T15:20:57.3372559Z --- PASS: TestArenaPlayerListDoesNotCachePositionOnlySnapshotAsFinalGrouping (0.00s)
windows-build	UNKNOWN STEP	2026-10-07T15:20:57.3373430Z === RUN   TestArenaSessionOrderGroupingIgnoresPremadePartyBoundaries
windows-build	UNKNOWN STEP	2026-10-07T15:20:57.3374283Z --- PASS: TestArenaSessionOrderGroupingIgnoresPremadePartyBoundaries (0.00s)
windows-build	UNKNOWN STEP	2026-10-07T15:20:57.3375378Z === RUN   TestLiveClientPlayerListDiagnosticIsStructuralAndDeduplicated
windows-build	UNKNOWN STEP	2026-10-07T15:20:57.3395900Z --- PASS: TestLiveClientPlayerListDiagnosticIsStructuralAndDeduplicated (0.00s)
windows-build	UNKNOWN STEP	2026-10-07T15:20:57.3396944Z === RUN   TestChampSelectWithoutGameflowRosterKeepsEveryCell
windows-build	UNKNOWN STEP	2026-10-07T15:20:57.3397667Z --- PASS: TestChampSelectWithoutGameflowRosterKeepsEveryCell (0.00s)
windows-build	UNKNOWN STEP	2026-10-07T15:20:57.3398471Z === RUN   TestChampSelectWithGameflowRosterDoesNotAppendPastTeamSizeLimit
windows-build	UNKNOWN STEP	2026-10-07T15:20:57.3399555Z --- PASS: TestChampSelectWithGameflowRosterDoesNotAppendPastTeamSizeLimit (0.00s)
windows-build	UNKNOWN STEP	2026-10-07T15:20:57.3400349Z === RUN   TestGameplayReferencePreservesPrivacy
windows-build	UNKNOWN STEP	2026-10-07T15:20:57.3400938Z --- PASS: TestGameplayReferencePreservesPrivacy (0.00s)
windows-build	UNKNOWN STEP	2026-10-07T15:20:57.3401655Z === RUN   TestChampSelectKeepsLockedChampionAndPickIntentSeparate
windows-build	UNKNOWN STEP	2026-10-07T15:20:57.3402368Z --- PASS: TestChampSelectKeepsLockedChampionAndPickIntentSeparate (0.00s)
windows-build	UNKNOWN STEP	2026-10-07T15:20:57.3402854Z === RUN   TestHiddenPlayerFallsBackToSummonerIDBeforeLoadingStats
windows-build	UNKNOWN STEP	2026-10-07T15:20:57.3405907Z --- PASS: TestHiddenPlayerFallsBackToSummonerIDBeforeLoadingStats (0.00s)
windows-build	UNKNOWN STEP	2026-10-07T15:20:57.3406703Z === RUN   TestChampionAbilitiesUseClientDescriptionsAndSafeAssetPaths
windows-build	UNKNOWN STEP	2026-10-07T15:20:57.3407536Z --- PASS: TestChampionAbilitiesUseClientDescriptionsAndSafeAssetPaths (0.00s)
windows-build	UNKNOWN STEP	2026-10-07T15:20:57.3408332Z === RUN   TestChampionAbilitiesFallBackToDataDragonWhenClientFails
windows-build	UNKNOWN STEP	2026-10-07T15:20:57.3409129Z --- PASS: TestChampionAbilitiesFallBackToDataDragonWhenClientFails (0.00s)
windows-build	UNKNOWN STEP	2026-10-07T15:20:57.3409981Z === RUN   TestGameplaySummonerSpellsExposeDescriptionsWithoutExternalAssetPaths
windows-build	UNKNOWN STEP	2026-10-07T15:20:57.3410929Z --- PASS: TestGameplaySummonerSpellsExposeDescriptionsWithoutExternalAssetPaths (0.00s)
windows-build	UNKNOWN STEP	2026-10-07T15:20:57.3412171Z === RUN   TestGameplayItemsExposeDescriptionsWithoutExternalAssetPaths
windows-build	UNKNOWN STEP	2026-10-07T15:20:57.3413109Z --- PASS: TestGameplayItemsExposeDescriptionsWithoutExternalAssetPaths (0.00s)
windows-build	UNKNOWN STEP	2026-10-07T15:20:57.3413740Z === RUN   TestFallbackGameplayItemsExposePricesInStableIDOrder
windows-build	UNKNOWN STEP	2026-10-07T15:20:57.3414365Z --- PASS: TestFallbackGameplayItemsExposePricesInStableIDOrder (0.00s)
windows-build	UNKNOWN STEP	2026-10-07T15:20:57.3415327Z === RUN   TestNormalizeGameplayAugmentsUsesChineseNamesAndSafeAssets
windows-build	UNKNOWN STEP	2026-10-07T15:20:57.3416468Z --- PASS: TestNormalizeGameplayAugmentsUsesChineseNamesAndSafeAssets (0.00s)
windows-build	UNKNOWN STEP	2026-10-07T15:20:57.3417249Z === RUN   TestFallbackGameplayAugmentsRetainsKiwiAndCherryIcons
windows-build	UNKNOWN STEP	2026-10-07T15:20:57.3417996Z --- PASS: TestFallbackGameplayAugmentsRetainsKiwiAndCherryIcons (0.00s)
windows-build	UNKNOWN STEP	2026-10-07T15:20:57.3418718Z === RUN   TestRequestJSONAuthenticatesAndRejectsUnsafePaths
windows-build	UNKNOWN STEP	2026-10-07T15:20:57.3419774Z --- PASS: TestRequestJSONAuthenticatesAndRejectsUnsafePaths (0.00s)
windows-build	UNKNOWN STEP	2026-10-07T15:20:57.3420457Z === RUN   TestApplyRunePageCreatesNewPageAndMakesItCurrent
windows-build	UNKNOWN STEP	2026-10-07T15:20:57.3427627Z --- PASS: TestApplyRunePageCreatesNewPageAndMakesItCurrent (0.00s)
windows-build	UNKNOWN STEP	2026-10-07T15:20:57.3428611Z === RUN   TestApplyRunePageFullWithOnlyUserPagesNeverDeletes
windows-build	UNKNOWN STEP	2026-10-07T15:20:57.3435003Z --- PASS: TestApplyRunePageFullWithOnlyUserPagesNeverDeletes (0.00s)
windows-build	UNKNOWN STEP	2026-10-07T15:20:57.3435721Z === RUN   TestApplyRunePageFullDeletesOnlyOldestOwnedPageThenCreates
windows-build	UNKNOWN STEP	2026-10-07T15:20:57.3446380Z --- PASS: TestApplyRunePageFullDeletesOnlyOldestOwnedPageThenCreates (0.00s)
windows-build	UNKNOWN STEP	2026-10-07T15:20:57.3447000Z === RUN   TestApplyRunePageSortsMissingLastModifiedByID
windows-build	UNKNOWN STEP	2026-10-07T15:20:57.3457713Z --- PASS: TestApplyRunePageSortsMissingLastModifiedByID (0.00s)
windows-build	UNKNOWN STEP	2026-10-07T15:20:57.3458325Z === RUN   TestApplyRunePagePrefixMatchMustBeExact
windows-build	UNKNOWN STEP	2026-10-07T15:20:57.3465456Z --- PASS: TestApplyRunePagePrefixMatchMustBeExact (0.00s)
windows-build	UNKNOWN STEP	2026-10-07T15:20:57.3466632Z === RUN   TestApplyRunePageSkipsExplicitlyNonDeletableOwnedPage
windows-build	UNKNOWN STEP	2026-10-07T15:20:57.3473108Z --- PASS: TestApplyRunePageSkipsExplicitlyNonDeletableOwnedPage (0.00s)
windows-build	UNKNOWN STEP	2026-10-07T15:20:57.3473849Z === RUN   TestApplyRunePageRecycleLoopStopsAfterFiveDeletes
windows-build	UNKNOWN STEP	2026-10-07T15:20:57.3490716Z --- PASS: TestApplyRunePageRecycleLoopStopsAfterFiveDeletes (0.00s)
windows-build	UNKNOWN STEP	2026-10-07T15:20:57.3491447Z === RUN   TestRuneApplyValidationAndReplayActionValidation
windows-build	UNKNOWN STEP	2026-10-07T15:20:57.3492123Z --- PASS: TestRuneApplyValidationAndReplayActionValidation (0.00s)
windows-build	UNKNOWN STEP	2026-10-07T15:20:57.3492841Z === RUN   TestRuneApplyHandlerNeverWritesOutsideChampionSelect
windows-build	UNKNOWN STEP	2026-10-07T15:20:57.3498931Z --- PASS: TestRuneApplyHandlerNeverWritesOutsideChampionSelect (0.00s)
windows-build	UNKNOWN STEP	2026-10-07T15:20:57.3499664Z === RUN   TestRuneApplyHandlerExplainsClientPageLimit
windows-build	UNKNOWN STEP	2026-10-07T15:20:57.3506748Z --- PASS: TestRuneApplyHandlerExplainsClientPageLimit (0.00s)
windows-build	UNKNOWN STEP	2026-10-07T15:20:57.3507394Z === RUN   TestRuneApplyHandlerReturnsAndRecordsAppliedPerks
windows-build	UNKNOWN STEP	2026-10-07T15:20:57.3538885Z --- PASS: TestRuneApplyHandlerReturnsAndRecordsAppliedPerks (0.00s)
windows-build	UNKNOWN STEP	2026-10-07T15:20:57.3539618Z === RUN   TestRuneApplySummonerSpellPatchAndPartialSuccess
windows-build	UNKNOWN STEP	2026-10-07T15:20:57.3540338Z === RUN   TestRuneApplySummonerSpellPatchAndPartialSuccess/both_applied
windows-build	UNKNOWN STEP	2026-10-07T15:20:57.3570889Z --- PASS: TestRuneApplySummonerSpellPatchAndPartialSuccess/both_applied (0.00s)
windows-build	UNKNOWN STEP	2026-10-07T15:20:57.3571869Z === RUN   TestRuneApplySummonerSpellPatchAndPartialSuccess/spell_rejected_after_runes
windows-build	UNKNOWN STEP	2026-10-07T15:20:57.3604211Z --- PASS: TestRuneApplySummonerSpellPatchAndPartialSuccess/spell_rejected_after_runes (0.00s)
windows-build	UNKNOWN STEP	2026-10-07T15:20:57.3604867Z === RUN   TestRuneApplySummonerSpellPatchAndPartialSuccess/legacy_runes_only
windows-build	UNKNOWN STEP	2026-10-07T15:20:57.3633877Z --- PASS: TestRuneApplySummonerSpellPatchAndPartialSuccess/legacy_runes_only (0.00s)
windows-build	UNKNOWN STEP	2026-10-07T15:20:57.3635006Z --- PASS: TestRuneApplySummonerSpellPatchAndPartialSuccess (0.01s)
windows-build	UNKNOWN STEP	2026-10-07T15:20:57.3635430Z === RUN   TestGameplayItemSetValidation
windows-build	UNKNOWN STEP	2026-10-07T15:20:57.3636151Z --- PASS: TestGameplayItemSetValidation (0.00s)
windows-build	UNKNOWN STEP	2026-10-07T15:20:57.3637030Z === RUN   TestGameplayItemSetContextAcceptsLocalChampSelectCellIdentity
windows-build	UNKNOWN STEP	2026-10-07T15:20:57.3643894Z --- PASS: TestGameplayItemSetContextAcceptsLocalChampSelectCellIdentity (0.00s)
windows-build	UNKNOWN STEP	2026-10-07T15:20:57.3644816Z === RUN   TestGameplayRecommendationsAdaptCompleteOPGGData
windows-build	UNKNOWN STEP	2026-10-07T15:20:57.3645467Z --- PASS: TestGameplayRecommendationsAdaptCompleteOPGGData (0.00s)
windows-build	UNKNOWN STEP	2026-10-07T15:20:57.3646084Z === RUN   TestGameplayRecommendationsExplainMissingPositionSample
windows-build	UNKNOWN STEP	2026-10-07T15:20:57.3646749Z --- PASS: TestGameplayRecommendationsExplainMissingPositionSample (0.00s)
windows-build	UNKNOWN STEP	2026-10-07T15:20:57.3647328Z === RUN   TestGameplayRecommendationsPreserveAllArenaAugments
windows-build	UNKNOWN STEP	2026-10-07T15:20:57.3648037Z --- PASS: TestGameplayRecommendationsPreserveAllArenaAugments (0.00s)
windows-build	UNKNOWN STEP	2026-10-07T15:20:57.3649099Z === RUN   TestGameplayRecommendationsHandlerResolvesPositionThroughHTTP
windows-build	UNKNOWN STEP	2026-10-07T15:20:57.3650270Z === RUN   TestGameplayRecommendationsHandlerResolvesPositionThroughHTTP/R220_practice_NONE_and_Smite_use_the_hero_primary_lane
windows-build	UNKNOWN STEP	2026-10-07T15:20:57.3651965Z --- PASS: TestGameplayRecommendationsHandlerResolvesPositionThroughHTTP/R220_practice_NONE_and_Smite_use_the_hero_primary_lane (0.00s)
windows-build	UNKNOWN STEP	2026-10-07T15:20:57.3653665Z === RUN   TestGameplayRecommendationsHandlerResolvesPositionThroughHTTP/missing_live_position_uses_the_OP.GG_primary_lane
windows-build	UNKNOWN STEP	2026-10-07T15:20:57.3655123Z --- PASS: TestGameplayRecommendationsHandlerResolvesPositionThroughHTTP/missing_live_position_uses_the_OP.GG_primary_lane (0.00s)
windows-build	UNKNOWN STEP	2026-10-07T15:20:57.3656851Z === RUN   TestGameplayRecommendationsHandlerResolvesPositionThroughHTTP/smite_lane_outside_the_candidates_uses_the_OP.GG_primary_lane
windows-build	UNKNOWN STEP	2026-10-07T15:20:57.3658690Z --- PASS: TestGameplayRecommendationsHandlerResolvesPositionThroughHTTP/smite_lane_outside_the_candidates_uses_the_OP.GG_primary_lane (0.00s)
windows-build	UNKNOWN STEP	2026-10-07T15:20:57.3660209Z === RUN   TestGameplayRecommendationsHandlerResolvesPositionThroughHTTP/Ryze_top_request_resolves_to_the_OP.GG_primary_mid_lane
windows-build	UNKNOWN STEP	2026-10-07T15:20:57.3662005Z --- PASS: TestGameplayRecommendationsHandlerResolvesPositionThroughHTTP/Ryze_top_request_resolves_to_the_OP.GG_primary_mid_lane (0.00s)
windows-build	UNKNOWN STEP	2026-10-07T15:20:57.3664534Z === RUN   TestGameplayRecommendationsHandlerResolvesPositionThroughHTTP/requested_lane_in_the_candidates_is_retained
windows-build	UNKNOWN STEP	2026-10-07T15:20:57.3666063Z --- PASS: TestGameplayRecommendationsHandlerResolvesPositionThroughHTTP/requested_lane_in_the_candidates_is_retained (0.00s)
windows-build	UNKNOWN STEP	2026-10-07T15:20:57.3667901Z === RUN   TestGameplayRecommendationsHandlerResolvesPositionThroughHTTP/a_secondary_candidate_remains_selectable
windows-build	UNKNOWN STEP	2026-10-07T15:20:57.3669218Z --- PASS: TestGameplayRecommendationsHandlerResolvesPositionThroughHTTP/a_secondary_candidate_remains_selectable (0.00s)
windows-build	UNKNOWN STEP	2026-10-07T15:20:57.3669917Z --- PASS: TestGameplayRecommendationsHandlerResolvesPositionThroughHTTP (0.00s)
windows-build	UNKNOWN STEP	2026-10-07T15:20:57.3670509Z === RUN   TestGameplayRecommendationsHandlerKeepsGameIDDiagnosticOnlyAndReturnsUsefulData
windows-build	UNKNOWN STEP	2026-10-07T15:20:57.3675284Z === RUN   TestGameplayRecommendationsHandlerKeepsGameIDDiagnosticOnlyAndReturnsUsefulData/real_ten_digit_game_id
windows-build	UNKNOWN STEP	2026-10-07T15:20:57.3683595Z --- PASS: TestGameplayRecommendationsHandlerKeepsGameIDDiagnosticOnlyAndReturnsUsefulData/real_ten_digit_game_id (0.00s)
windows-build	UNKNOWN STEP	2026-10-07T15:20:57.3685321Z === RUN   TestGameplayRecommendationsHandlerKeepsGameIDDiagnosticOnlyAndReturnsUsefulData/malformed_diagnostic_game_id
windows-build	UNKNOWN STEP	2026-10-07T15:20:57.3689106Z --- PASS: TestGameplayRecommendationsHandlerKeepsGameIDDiagnosticOnlyAndReturnsUsefulData/malformed_diagnostic_game_id (0.00s)
windows-build	UNKNOWN STEP	2026-10-07T15:20:57.3701709Z --- PASS: TestGameplayRecommendationsHandlerKeepsGameIDDiagnosticOnlyAndReturnsUsefulData (0.00s)
windows-build	UNKNOWN STEP	2026-10-07T15:20:57.3703165Z === RUN   TestGameplayRecommendationModeResolutionMatrix
windows-build	UNKNOWN STEP	2026-10-07T15:20:57.3704014Z === RUN   TestGameplayRecommendationModeResolutionMatrix/solo_queue_wins_over_payload
windows-build	UNKNOWN STEP	2026-10-07T15:20:57.3705824Z --- PASS: TestGameplayRecommendationModeResolutionMatrix/solo_queue_wins_over_payload (0.00s)
windows-build	UNKNOWN STEP	2026-10-07T15:20:57.3706966Z === RUN   TestGameplayRecommendationModeResolutionMatrix/flex_queue
windows-build	UNKNOWN STEP	2026-10-07T15:20:57.3708099Z --- PASS: TestGameplayRecommendationModeResolutionMatrix/flex_queue (0.00s)
windows-build	UNKNOWN STEP	2026-10-07T15:20:57.3708870Z === RUN   TestGameplayRecommendationModeResolutionMatrix/normal_queue
windows-build	UNKNOWN STEP	2026-10-07T15:20:57.3709637Z --- PASS: TestGameplayRecommendationModeResolutionMatrix/normal_queue (0.00s)
windows-build	UNKNOWN STEP	2026-10-07T15:20:57.3710570Z === RUN   TestGameplayRecommendationModeResolutionMatrix/classic_by_shape_before_queue_resolves
windows-build	UNKNOWN STEP	2026-10-07T15:20:57.3711708Z --- PASS: TestGameplayRecommendationModeResolutionMatrix/classic_by_shape_before_queue_resolves (0.00s)
windows-build	UNKNOWN STEP	2026-10-07T15:20:57.3712668Z === RUN   TestGameplayRecommendationModeResolutionMatrix/custom_classic_queue
windows-build	UNKNOWN STEP	2026-10-07T15:20:57.3713556Z --- PASS: TestGameplayRecommendationModeResolutionMatrix/custom_classic_queue (0.00s)
windows-build	UNKNOWN STEP	2026-10-07T15:20:57.3714409Z === RUN   TestGameplayRecommendationModeResolutionMatrix/custom_queue_3100
windows-build	UNKNOWN STEP	2026-10-07T15:20:57.3715203Z --- PASS: TestGameplayRecommendationModeResolutionMatrix/custom_queue_3100 (0.00s)
windows-build	UNKNOWN STEP	2026-10-07T15:20:57.3716041Z === RUN   TestGameplayRecommendationModeResolutionMatrix/aram_queue_has_no_top_players
windows-build	UNKNOWN STEP	2026-10-07T15:20:57.3717976Z --- PASS: TestGameplayRecommendationModeResolutionMatrix/aram_queue_has_no_top_players (0.00s)
windows-build	UNKNOWN STEP	2026-10-07T15:20:57.3718879Z === RUN   TestGameplayRecommendationModeResolutionMatrix/Tencent_ARAM_variant
windows-build	UNKNOWN STEP	2026-10-07T15:20:57.3719736Z --- PASS: TestGameplayRecommendationModeResolutionMatrix/Tencent_ARAM_variant (0.00s)
windows-build	UNKNOWN STEP	2026-10-07T15:20:57.3720893Z === RUN   TestGameplayRecommendationModeResolutionMatrix/arena_queue_has_no_top_players
windows-build	UNKNOWN STEP	2026-10-07T15:20:57.3721736Z --- PASS: TestGameplayRecommendationModeResolutionMatrix/arena_queue_has_no_top_players (0.00s)
windows-build	UNKNOWN STEP	2026-10-07T15:20:57.3722463Z === RUN   TestGameplayRecommendationModeResolutionMatrix/hextech_queue
windows-build	UNKNOWN STEP	2026-10-07T15:20:57.3723115Z --- PASS: TestGameplayRecommendationModeResolutionMatrix/hextech_queue (0.00s)
windows-build	UNKNOWN STEP	2026-10-07T15:20:57.3724243Z === RUN   TestGameplayRecommendationModeResolutionMatrix/queue_2400_is_ordinary_hextech
windows-build	UNKNOWN STEP	2026-10-07T15:20:57.3724940Z --- PASS: TestGameplayRecommendationModeResolutionMatrix/queue_2400_is_ordinary_hextech (0.00s)
windows-build	UNKNOWN STEP	2026-10-07T15:20:57.3725839Z === RUN   TestGameplayRecommendationModeResolutionMatrix/queue_3270_is_ordinary_hextech
windows-build	UNKNOWN STEP	2026-10-07T15:20:57.3726808Z --- PASS: TestGameplayRecommendationModeResolutionMatrix/queue_3270_is_ordinary_hextech (0.00s)
windows-build	UNKNOWN STEP	2026-10-07T15:20:57.3727761Z === RUN   TestGameplayRecommendationModeResolutionMatrix/classic_semantics_win_over_queue_2400
windows-build	UNKNOWN STEP	2026-10-07T15:20:57.3728709Z --- PASS: TestGameplayRecommendationModeResolutionMatrix/classic_semantics_win_over_queue_2400 (0.00s)
windows-build	UNKNOWN STEP	2026-10-07T15:20:57.3729479Z === RUN   TestGameplayRecommendationModeResolutionMatrix/classic_semantics_on_a_new_queue
windows-build	UNKNOWN STEP	2026-10-07T15:20:57.3730287Z --- PASS: TestGameplayRecommendationModeResolutionMatrix/classic_semantics_on_a_new_queue (0.00s)
windows-build	UNKNOWN STEP	2026-10-07T15:20:57.3731170Z === RUN   TestGameplayRecommendationModeResolutionMatrix/arena_by_shape
windows-build	UNKNOWN STEP	2026-10-07T15:20:57.3731875Z --- PASS: TestGameplayRecommendationModeResolutionMatrix/arena_by_shape (0.00s)
windows-build	UNKNOWN STEP	2026-10-07T15:20:57.3732661Z === RUN   TestGameplayRecommendationModeResolutionMatrix/aram_by_shape
windows-build	UNKNOWN STEP	2026-10-07T15:20:57.3733478Z --- PASS: TestGameplayRecommendationModeResolutionMatrix/aram_by_shape (0.00s)
windows-build	UNKNOWN STEP	2026-10-07T15:20:57.3734178Z === RUN   TestGameplayRecommendationModeResolutionMatrix/urf_queue
windows-build	UNKNOWN STEP	2026-10-07T15:20:57.3734915Z --- PASS: TestGameplayRecommendationModeResolutionMatrix/urf_queue (0.00s)
windows-build	UNKNOWN STEP	2026-10-07T15:20:57.3735671Z === RUN   TestGameplayRecommendationModeResolutionMatrix/urf_by_shape
windows-build	UNKNOWN STEP	2026-10-07T15:20:57.3736353Z --- PASS: TestGameplayRecommendationModeResolutionMatrix/urf_by_shape (0.00s)
windows-build	UNKNOWN STEP	2026-10-07T15:20:57.3737015Z === RUN   TestGameplayRecommendationModeResolutionMatrix/nexus_by_shape
windows-build	UNKNOWN STEP	2026-10-07T15:20:57.3737836Z --- PASS: TestGameplayRecommendationModeResolutionMatrix/nexus_by_shape (0.00s)
windows-build	UNKNOWN STEP	2026-10-07T15:20:57.3738415Z === RUN   TestGameplayRecommendationModeResolutionMatrix/unknown_fallback
windows-build	UNKNOWN STEP	2026-10-07T15:20:57.3739148Z --- PASS: TestGameplayRecommendationModeResolutionMatrix/unknown_fallback (0.00s)
windows-build	UNKNOWN STEP	2026-10-07T15:20:57.3739919Z --- PASS: TestGameplayRecommendationModeResolutionMatrix (0.00s)
windows-build	UNKNOWN STEP	2026-10-07T15:20:57.3740447Z === RUN   TestR66LivePremadeAssignmentsUseSharedGameIDsAndUnionFind
windows-build	UNKNOWN STEP	2026-10-07T15:20:57.3741161Z --- PASS: TestR66LivePremadeAssignmentsUseSharedGameIDsAndUnionFind (0.00s)
windows-build	UNKNOWN STEP	2026-10-07T15:20:57.3741971Z === RUN   TestR66LivePremadeAssignmentsFailClosedWhenHistoryCoverageIsLow
windows-build	UNKNOWN STEP	2026-10-07T15:20:57.3742551Z --- PASS: TestR66LivePremadeAssignmentsFailClosedWhenHistoryCoverageIsLow (0.00s)
windows-build	UNKNOWN STEP	2026-10-07T15:20:57.3743091Z === RUN   TestR68ArenaNeverAppliesSessionPremadeGroups
windows-build	UNKNOWN STEP	2026-10-07T15:20:57.3743489Z --- PASS: TestR68ArenaNeverAppliesSessionPremadeGroups (0.00s)
windows-build	UNKNOWN STEP	2026-10-07T15:20:57.3744081Z === RUN   TestR69SessionPremadesSurviveEmptyHistoryCoverage
windows-build	UNKNOWN STEP	2026-10-07T15:20:57.3744494Z --- PASS: TestR69SessionPremadesSurviveEmptyHistoryCoverage (0.00s)
windows-build	UNKNOWN STEP	2026-10-07T15:20:57.3744857Z === RUN   TestR69HistoryOnlyPremadeIsMarkedInferred
windows-build	UNKNOWN STEP	2026-10-07T15:20:57.3745197Z --- PASS: TestR69HistoryOnlyPremadeIsMarkedInferred (0.00s)
windows-build	UNKNOWN STEP	2026-10-07T15:20:57.3745710Z === RUN   TestR69SessionPremadesNeverCrossTeams
windows-build	UNKNOWN STEP	2026-10-07T15:20:57.3746034Z --- PASS: TestR69SessionPremadesNeverCrossTeams (0.00s)
windows-build	UNKNOWN STEP	2026-10-07T15:20:57.3746435Z === RUN   TestR69LiveHistoryStatesDistinguishUnavailableEmptyAndFailed
windows-build	UNKNOWN STEP	2026-10-07T15:20:57.3746905Z === RUN   TestR69LiveHistoryStatesDistinguishUnavailableEmptyAndFailed/empty
windows-build	UNKNOWN STEP	2026-10-07T15:20:57.3747741Z --- PASS: TestR69LiveHistoryStatesDistinguishUnavailableEmptyAndFailed/empty (0.00s)
windows-build	UNKNOWN STEP	2026-10-07T15:20:57.3748257Z === RUN   TestR69LiveHistoryStatesDistinguishUnavailableEmptyAndFailed/failed
windows-build	UNKNOWN STEP	2026-10-07T15:20:57.3748778Z --- PASS: TestR69LiveHistoryStatesDistinguishUnavailableEmptyAndFailed/failed (0.00s)
windows-build	UNKNOWN STEP	2026-10-07T15:20:57.3749410Z === RUN   TestR69LiveHistoryStatesDistinguishUnavailableEmptyAndFailed/failed_SGP_fallback_is_not_cached_as_empty
windows-build	UNKNOWN STEP	2026-10-07T15:20:57.3750163Z --- PASS: TestR69LiveHistoryStatesDistinguishUnavailableEmptyAndFailed/failed_SGP_fallback_is_not_cached_as_empty (0.00s)
windows-build	UNKNOWN STEP	2026-10-07T15:20:57.3751004Z --- PASS: TestR69LiveHistoryStatesDistinguishUnavailableEmptyAndFailed (0.00s)
windows-build	UNKNOWN STEP	2026-10-07T15:20:57.3751469Z === RUN   TestR69LivePositionSnapshotDiagnosticsExposeHitAndMiss
windows-build	UNKNOWN STEP	2026-10-07T15:20:57.3751994Z --- PASS: TestR69LivePositionSnapshotDiagnosticsExposeHitAndMiss (0.00s)
windows-build	UNKNOWN STEP	2026-10-07T15:20:57.3752616Z === RUN   TestR69GameflowShapeCountsOnlyNonzeroFields
windows-build	UNKNOWN STEP	2026-10-07T15:20:57.3753207Z --- PASS: TestR69GameflowShapeCountsOnlyNonzeroFields (0.00s)
windows-build	UNKNOWN STEP	2026-10-07T15:20:57.3753647Z === RUN   TestR69LiveClientPositionsUseEnrichedRiotIDs
windows-build	UNKNOWN STEP	2026-10-07T15:20:57.3808549Z --- PASS: TestR69LiveClientPositionsUseEnrichedRiotIDs (0.01s)
windows-build	UNKNOWN STEP	2026-10-07T15:20:57.3809181Z === RUN   TestR69MeasureLiveRosterConcurrency
windows-build	UNKNOWN STEP	2026-10-07T15:20:57.6265056Z     gameplay_test.go:4869: live concurrency=4 cold_ms=244 cold_lcu_requests=30 cold_req_per_s=122.5 warm_ms=0 warm_lcu_requests=0 warm_req_per_s=0.0
windows-build	UNKNOWN STEP	2026-10-07T15:20:57.7914876Z     gameplay_test.go:4869: live concurrency=6 cold_ms=164 cold_lcu_requests=30 cold_req_per_s=182.5 warm_ms=0 warm_lcu_requests=0 warm_req_per_s=0.0
windows-build	UNKNOWN STEP	2026-10-07T15:20:57.9571447Z     gameplay_test.go:4869: live concurrency=8 cold_ms=165 cold_lcu_requests=30 cold_req_per_s=181.6 warm_ms=0 warm_lcu_requests=0 warm_req_per_s=0.0
windows-build	UNKNOWN STEP	2026-10-07T15:20:57.9572401Z --- PASS: TestR69MeasureLiveRosterConcurrency (0.58s)
windows-build	UNKNOWN STEP	2026-10-07T15:20:57.9573070Z === RUN   TestR66LivePlayerMatchesCachePreventsRepeatedLCUReads
windows-build	UNKNOWN STEP	2026-10-07T15:20:57.9584735Z --- PASS: TestR66LivePlayerMatchesCachePreventsRepeatedLCUReads (0.00s)
windows-build	UNKNOWN STEP	2026-10-07T15:20:57.9585510Z === RUN   TestR168LiveIdentityDistinguishesPrivacyFromUnresolvedNames
windows-build	UNKNOWN STEP	2026-10-07T15:20:57.9586242Z --- PASS: TestR168LiveIdentityDistinguishesPrivacyFromUnresolvedNames (0.00s)
windows-build	UNKNOWN STEP	2026-10-07T15:20:57.9587007Z === RUN   TestR168LaneMatchupDiagnosticIsAcceptedAndKeepsOnlySafeFields
windows-build	UNKNOWN STEP	2026-10-07T15:20:57.9609909Z --- PASS: TestR168LaneMatchupDiagnosticIsAcceptedAndKeepsOnlySafeFields (0.00s)
windows-build	UNKNOWN STEP	2026-10-07T15:20:57.9610738Z === RUN   TestR168LiveHistoryWindowFindsOlderSameQueueGames
windows-build	UNKNOWN STEP	2026-10-07T15:20:57.9611368Z === RUN   TestR168LiveHistoryWindowFindsOlderSameQueueGames/mixed_queues
windows-build	UNKNOWN STEP	2026-10-07T15:20:57.9661064Z --- PASS: TestR168LiveHistoryWindowFindsOlderSameQueueGames/mixed_queues (0.01s)
windows-build	UNKNOWN STEP	2026-10-07T15:20:57.9661944Z === RUN   TestR168LiveHistoryWindowFindsOlderSameQueueGames/genuinely_sparse
windows-build	UNKNOWN STEP	2026-10-07T15:20:57.9712214Z --- PASS: TestR168LiveHistoryWindowFindsOlderSameQueueGames/genuinely_sparse (0.01s)
windows-build	UNKNOWN STEP	2026-10-07T15:20:57.9713140Z --- PASS: TestR168LiveHistoryWindowFindsOlderSameQueueGames (0.01s)
windows-build	UNKNOWN STEP	2026-10-07T15:20:57.9713809Z === RUN   TestLiveRecentGamesKeepNewestTenInCurrentQueue
windows-build	UNKNOWN STEP	2026-10-07T15:20:57.9714494Z --- PASS: TestLiveRecentGamesKeepNewestTenInCurrentQueue (0.00s)
windows-build	UNKNOWN STEP	2026-10-07T15:20:57.9715106Z === RUN   TestR170LiveModeStatsUseTheSameRecentQueueGames
windows-build	UNKNOWN STEP	2026-10-07T15:20:57.9715741Z === RUN   TestR170LiveModeStatsUseTheSameRecentQueueGames/fifteen_current-queue_games
windows-build	UNKNOWN STEP	2026-10-07T15:20:57.9716703Z --- PASS: TestR170LiveModeStatsUseTheSameRecentQueueGames/fifteen_current-queue_games (0.00s)
windows-build	UNKNOWN STEP	2026-10-07T15:20:57.9717675Z === RUN   TestR170LiveModeStatsUseTheSameRecentQueueGames/three_current-queue_games
windows-build	UNKNOWN STEP	2026-10-07T15:20:57.9718639Z --- PASS: TestR170LiveModeStatsUseTheSameRecentQueueGames/three_current-queue_games (0.00s)
windows-build	UNKNOWN STEP	2026-10-07T15:20:57.9719445Z --- PASS: TestR170LiveModeStatsUseTheSameRecentQueueGames (0.00s)
windows-build	UNKNOWN STEP	2026-10-07T15:20:57.9720337Z === RUN   TestGameplayLiveUnsupportedModeUsesSemanticTFTField
windows-build	UNKNOWN STEP	2026-10-07T15:20:57.9721043Z --- PASS: TestGameplayLiveUnsupportedModeUsesSemanticTFTField (0.00s)
windows-build	UNKNOWN STEP	2026-10-07T15:20:57.9721526Z === RUN   TestGameplayLiveReturnsExplicitTFTUnsupportedState
windows-build	UNKNOWN STEP	2026-10-07T15:20:57.9723445Z --- PASS: TestGameplayLiveReturnsExplicitTFTUnsupportedState (0.00s)
windows-build	UNKNOWN STEP	2026-10-07T15:20:57.9724391Z === RUN   TestGameplayRecommendationBundleEncodesEmptyAugmentsAsArray
windows-build	UNKNOWN STEP	2026-10-07T15:20:57.9725207Z --- PASS: TestGameplayRecommendationBundleEncodesEmptyAugmentsAsArray (0.00s)
windows-build	UNKNOWN STEP	2026-10-07T15:20:57.9725985Z === RUN   TestRecommendationModeDiagnosticIsRecordedOncePerGame
windows-build	UNKNOWN STEP	2026-10-07T15:20:57.9745114Z --- PASS: TestRecommendationModeDiagnosticIsRecordedOncePerGame (0.00s)
windows-build	UNKNOWN STEP	2026-10-07T15:20:57.9745889Z === RUN   TestUnknownQueueDiagnosticIsRecordedOncePerQueueID
windows-build	UNKNOWN STEP	2026-10-07T15:20:57.9766793Z --- PASS: TestUnknownQueueDiagnosticIsRecordedOncePerQueueID (0.00s)
windows-build	UNKNOWN STEP	2026-10-07T15:20:57.9767437Z === RUN   TestRecommendationRequestDiagnosticRecordsInvalidArrival
windows-build	UNKNOWN STEP	2026-10-07T15:20:57.9789480Z --- PASS: TestRecommendationRequestDiagnosticRecordsInvalidArrival (0.00s)
windows-build	UNKNOWN STEP	2026-10-07T15:20:57.9790207Z === RUN   TestDiagnosticDeduplicationResetsAfterLogRotation
windows-build	UNKNOWN STEP	2026-10-07T15:20:57.9831837Z --- PASS: TestDiagnosticDeduplicationResetsAfterLogRotation (0.00s)
windows-build	UNKNOWN STEP	2026-10-07T15:20:57.9832433Z === RUN   TestDiagnosticRotationCallbackRunsOutsideGeneralStorageMutex
windows-build	UNKNOWN STEP	2026-10-07T15:20:57.9878698Z --- PASS: TestDiagnosticRotationCallbackRunsOutsideGeneralStorageMutex (0.00s)
windows-build	UNKNOWN STEP	2026-10-07T15:20:57.9879559Z === RUN   TestRankedWinrateDiagnosticsAggregateByMinuteAndSource
windows-build	UNKNOWN STEP	2026-10-07T15:20:57.9903079Z --- PASS: TestRankedWinrateDiagnosticsAggregateByMinuteAndSource (0.00s)
windows-build	UNKNOWN STEP	2026-10-07T15:20:57.9903936Z === RUN   TestRankedWinrateDiagnosticAggregationKeepsSourceDimensionBounded
windows-build	UNKNOWN STEP	2026-10-07T15:20:57.9918423Z --- PASS: TestRankedWinrateDiagnosticAggregationKeepsSourceDimensionBounded (0.00s)
windows-build	UNKNOWN STEP	2026-10-07T15:20:57.9919030Z === RUN   TestDiagnosticEventShareStaysBelowThirtyPercent
windows-build	UNKNOWN STEP	2026-10-07T15:20:57.9938254Z --- PASS: TestDiagnosticEventShareStaysBelowThirtyPercent (0.00s)
windows-build	UNKNOWN STEP	2026-10-07T15:20:57.9939205Z === RUN   TestDiagnosticEventShareAggregatesDistinctRankedPayloadsBelowThirtyPercent
windows-build	UNKNOWN STEP	2026-10-07T15:20:57.9959472Z --- PASS: TestDiagnosticEventShareAggregatesDistinctRankedPayloadsBelowThirtyPercent (0.00s)
windows-build	UNKNOWN STEP	2026-10-07T15:20:57.9960047Z === RUN   TestNoisyDiagnosticDeduplicationResetsAfterLogRotation
windows-build	UNKNOWN STEP	2026-10-07T15:20:58.0007974Z --- PASS: TestNoisyDiagnosticDeduplicationResetsAfterLogRotation (0.00s)
windows-build	UNKNOWN STEP	2026-10-07T15:20:58.0008933Z === RUN   TestLiveRosterShapeDiagnosticDeduplicatesByFingerprint
windows-build	UNKNOWN STEP	2026-10-07T15:20:58.0029564Z --- PASS: TestLiveRosterShapeDiagnosticDeduplicatesByFingerprint (0.00s)
windows-build	UNKNOWN STEP	2026-10-07T15:20:58.0030602Z === RUN   TestR68LiveRosterShapeRecordsStatsProgressFiveSevenTen
windows-build	UNKNOWN STEP	2026-10-07T15:20:58.0050738Z --- PASS: TestR68LiveRosterShapeRecordsStatsProgressFiveSevenTen (0.00s)
windows-build	UNKNOWN STEP	2026-10-07T15:20:58.0051586Z === RUN   TestLCUSessionShapePayloadsContainOnlyStructuralStatistics
windows-build	UNKNOWN STEP	2026-10-07T15:20:58.0055373Z --- PASS: TestLCUSessionShapePayloadsContainOnlyStructuralStatistics (0.00s)
windows-build	UNKNOWN STEP	2026-10-07T15:20:58.0056561Z === RUN   TestLCUSessionShapeDiagnosticsDeduplicateByModeAndRotate
windows-build	UNKNOWN STEP	2026-10-07T15:20:58.0077830Z --- PASS: TestLCUSessionShapeDiagnosticsDeduplicateByModeAndRotate (0.00s)
windows-build	UNKNOWN STEP	2026-10-07T15:20:58.0078604Z === RUN   TestGameplayQueueModeClassificationMatrix
windows-build	UNKNOWN STEP	2026-10-07T15:20:58.0079870Z === RUN   TestGameplayQueueModeClassificationMatrix/ordinary_hextech_2300
windows-build	UNKNOWN STEP	2026-10-07T15:20:58.0081303Z --- PASS: TestGameplayQueueModeClassificationMatrix/ordinary_hextech_2300 (0.00s)
windows-build	UNKNOWN STEP	2026-10-07T15:20:58.0089212Z === RUN   TestGameplayQueueModeClassificationMatrix/ordinary_hextech_2400
windows-build	UNKNOWN STEP	2026-10-07T15:20:58.0091257Z --- PASS: TestGameplayQueueModeClassificationMatrix/ordinary_hextech_2400 (0.00s)
windows-build	UNKNOWN STEP	2026-10-07T15:20:58.0092939Z === RUN   TestGameplayQueueModeClassificationMatrix/qualifier_by_Chinese_label
windows-build	UNKNOWN STEP	2026-10-07T15:20:58.0093763Z --- PASS: TestGameplayQueueModeClassificationMatrix/qualifier_by_Chinese_label (0.00s)
windows-build	UNKNOWN STEP	2026-10-07T15:20:58.0094281Z === RUN   TestGameplayQueueModeClassificationMatrix/classic_by_game_mode
windows-build	UNKNOWN STEP	2026-10-07T15:20:58.0094885Z --- PASS: TestGameplayQueueModeClassificationMatrix/classic_by_game_mode (0.00s)
windows-build	UNKNOWN STEP	2026-10-07T15:20:58.0095446Z === RUN   TestGameplayQueueModeClassificationMatrix/classic_by_label
windows-build	UNKNOWN STEP	2026-10-07T15:20:58.0095909Z --- PASS: TestGameplayQueueModeClassificationMatrix/classic_by_label (0.00s)
windows-build	UNKNOWN STEP	2026-10-07T15:20:58.0096345Z === RUN   TestGameplayQueueModeClassificationMatrix/arena_1700
windows-build	UNKNOWN STEP	2026-10-07T15:20:58.0096771Z --- PASS: TestGameplayQueueModeClassificationMatrix/arena_1700 (0.00s)
windows-build	UNKNOWN STEP	2026-10-07T15:20:58.0097225Z === RUN   TestGameplayQueueModeClassificationMatrix/arena_1710
windows-build	UNKNOWN STEP	2026-10-07T15:20:58.0097856Z --- PASS: TestGameplayQueueModeClassificationMatrix/arena_1710 (0.00s)
windows-build	UNKNOWN STEP	2026-10-07T15:20:58.0098265Z === RUN   TestGameplayQueueModeClassificationMatrix/aram_450
windows-build	UNKNOWN STEP	2026-10-07T15:20:58.0098666Z --- PASS: TestGameplayQueueModeClassificationMatrix/aram_450 (0.00s)
windows-build	UNKNOWN STEP	2026-10-07T15:20:58.0099081Z === RUN   TestGameplayQueueModeClassificationMatrix/swiftplay_480
windows-build	UNKNOWN STEP	2026-10-07T15:20:58.0099622Z --- PASS: TestGameplayQueueModeClassificationMatrix/swiftplay_480 (0.00s)
windows-build	UNKNOWN STEP	2026-10-07T15:20:58.0100142Z === RUN   TestGameplayQueueModeClassificationMatrix/aram_930
windows-build	UNKNOWN STEP	2026-10-07T15:20:58.0100717Z --- PASS: TestGameplayQueueModeClassificationMatrix/aram_930 (0.00s)
windows-build	UNKNOWN STEP	2026-10-07T15:20:58.0101338Z === RUN   TestGameplayQueueModeClassificationMatrix/match_400
windows-build	UNKNOWN STEP	2026-10-07T15:20:58.0101956Z --- PASS: TestGameplayQueueModeClassificationMatrix/match_400 (0.00s)
windows-build	UNKNOWN STEP	2026-10-07T15:20:58.0102717Z === RUN   TestGameplayQueueModeClassificationMatrix/match_430
windows-build	UNKNOWN STEP	2026-10-07T15:20:58.0103401Z --- PASS: TestGameplayQueueModeClassificationMatrix/match_430 (0.00s)
windows-build	UNKNOWN STEP	2026-10-07T15:20:58.0104312Z === RUN   TestGameplayQueueModeClassificationMatrix/match_490
windows-build	UNKNOWN STEP	2026-10-07T15:20:58.0104972Z --- PASS: TestGameplayQueueModeClassificationMatrix/match_490 (0.00s)
windows-build	UNKNOWN STEP	2026-10-07T15:20:58.0105671Z === RUN   TestGameplayQueueModeClassificationMatrix/urf_1900
windows-build	UNKNOWN STEP	2026-10-07T15:20:58.0106211Z --- PASS: TestGameplayQueueModeClassificationMatrix/urf_1900 (0.00s)
windows-build	UNKNOWN STEP	2026-10-07T15:20:58.0106878Z === RUN   TestGameplayQueueModeClassificationMatrix/nexus_blitz
windows-build	UNKNOWN STEP	2026-10-07T15:20:58.0107602Z --- PASS: TestGameplayQueueModeClassificationMatrix/nexus_blitz (0.00s)
windows-build	UNKNOWN STEP	2026-10-07T15:20:58.0108194Z === RUN   TestGameplayQueueModeClassificationMatrix/bots
windows-build	UNKNOWN STEP	2026-10-07T15:20:58.0108882Z --- PASS: TestGameplayQueueModeClassificationMatrix/bots (0.00s)
windows-build	UNKNOWN STEP	2026-10-07T15:20:58.0109486Z === RUN   TestGameplayQueueModeClassificationMatrix/clash
windows-build	UNKNOWN STEP	2026-10-07T15:20:58.0110152Z --- PASS: TestGameplayQueueModeClassificationMatrix/clash (0.00s)
windows-build	UNKNOWN STEP	2026-10-07T15:20:58.0110760Z === RUN   TestGameplayQueueModeClassificationMatrix/doombots
windows-build	UNKNOWN STEP	2026-10-07T15:20:58.0111173Z --- PASS: TestGameplayQueueModeClassificationMatrix/doombots (0.00s)
windows-build	UNKNOWN STEP	2026-10-07T15:20:58.0111720Z === RUN   TestGameplayQueueModeClassificationMatrix/unknown_special
windows-build	UNKNOWN STEP	2026-10-07T15:20:58.0112481Z --- PASS: TestGameplayQueueModeClassificationMatrix/unknown_special (0.00s)
windows-build	UNKNOWN STEP	2026-10-07T15:20:58.0113143Z --- PASS: TestGameplayQueueModeClassificationMatrix (0.00s)
windows-build	UNKNOWN STEP	2026-10-07T15:20:58.0113810Z === RUN   TestGameplayRecommendationStatsDistinguishZeroFromMissing
windows-build	UNKNOWN STEP	2026-10-07T15:20:58.0114540Z --- PASS: TestGameplayRecommendationStatsDistinguishZeroFromMissing (0.00s)
windows-build	UNKNOWN STEP	2026-10-07T15:20:58.0115172Z === RUN   TestRecentRankedRecordDoesNotOverwriteSeasonRank
windows-build	UNKNOWN STEP	2026-10-07T15:20:58.0115804Z --- PASS: TestRecentRankedRecordDoesNotOverwriteSeasonRank (0.00s)
windows-build	UNKNOWN STEP	2026-10-07T15:20:58.0116499Z === RUN   TestItemSetApplyPreservesUserSetsAndStoresIdempotently
windows-build	UNKNOWN STEP	2026-10-07T15:20:58.0148770Z --- PASS: TestItemSetApplyPreservesUserSetsAndStoresIdempotently (0.01s)
windows-build	UNKNOWN STEP	2026-10-07T15:20:58.0149693Z === RUN   TestNewLCUItemSetNormalizesExplicitUnpurchasableIDsAndDeduplicates
windows-build	UNKNOWN STEP	2026-10-07T15:20:58.0150550Z --- PASS: TestNewLCUItemSetNormalizesExplicitUnpurchasableIDsAndDeduplicates (0.00s)
windows-build	UNKNOWN STEP	2026-10-07T15:20:58.0151433Z === RUN   TestItemSetNameUsesCompactPositionLabel
windows-build	UNKNOWN STEP	2026-10-07T15:20:58.0151801Z --- PASS: TestItemSetNameUsesCompactPositionLabel (0.00s)
windows-build	UNKNOWN STEP	2026-10-07T15:20:58.0152347Z === RUN   TestR58ItemSetUsesNonZeroSortRankAndRuneSafeTitleLimit
windows-build	UNKNOWN STEP	2026-10-07T15:20:58.0152794Z --- PASS: TestR58ItemSetUsesNonZeroSortRankAndRuneSafeTitleLimit (0.00s)
windows-build	UNKNOWN STEP	2026-10-07T15:20:58.0153185Z === RUN   TestItemSetApplyDecodeFailuresRecordStage
windows-build	UNKNOWN STEP	2026-10-07T15:20:58.0153578Z === RUN   TestItemSetApplyDecodeFailuresRecordStage/malformed
windows-build	UNKNOWN STEP	2026-10-07T15:20:58.0171573Z --- PASS: TestItemSetApplyDecodeFailuresRecordStage/malformed (0.00s)
windows-build	UNKNOWN STEP	2026-10-07T15:20:58.0172070Z === RUN   TestItemSetApplyDecodeFailuresRecordStage/unknown-field
windows-build	UNKNOWN STEP	2026-10-07T15:20:58.0191837Z --- PASS: TestItemSetApplyDecodeFailuresRecordStage/unknown-field (0.00s)
windows-build	UNKNOWN STEP	2026-10-07T15:20:58.0192632Z === RUN   TestItemSetApplyDecodeFailuresRecordStage/trailing-value
windows-build	UNKNOWN STEP	2026-10-07T15:20:58.0212615Z --- PASS: TestItemSetApplyDecodeFailuresRecordStage/trailing-value (0.00s)
windows-build	UNKNOWN STEP	2026-10-07T15:20:58.0213728Z === RUN   TestItemSetApplyDecodeFailuresRecordStage/oversized
windows-build	UNKNOWN STEP	2026-10-07T15:20:58.0233898Z --- PASS: TestItemSetApplyDecodeFailuresRecordStage/oversized (0.00s)
windows-build	UNKNOWN STEP	2026-10-07T15:20:58.0234799Z --- PASS: TestItemSetApplyDecodeFailuresRecordStage (0.01s)
windows-build	UNKNOWN STEP	2026-10-07T15:20:58.0235434Z === RUN   TestItemSetNormalizationRecordsSortedReplacementAndDropOrder
windows-build	UNKNOWN STEP	2026-10-07T15:20:58.0235959Z --- PASS: TestItemSetNormalizationRecordsSortedReplacementAndDropOrder (0.00s)
windows-build	UNKNOWN STEP	2026-10-07T15:20:58.0236470Z === RUN   TestItemSetNormalizationReportsWrittenCountsAfterUpgradeCollapse
windows-build	UNKNOWN STEP	2026-10-07T15:20:58.0237018Z --- PASS: TestItemSetNormalizationReportsWrittenCountsAfterUpgradeCollapse (0.00s)
windows-build	UNKNOWN STEP	2026-10-07T15:20:58.0237527Z === RUN   TestItemSetApplyHandlerReportsWrittenCountsAfterUpgradeCollapse
windows-build	UNKNOWN STEP	2026-10-07T15:20:58.0273125Z --- PASS: TestItemSetApplyHandlerReportsWrittenCountsAfterUpgradeCollapse (0.00s)
windows-build	UNKNOWN STEP	2026-10-07T15:20:58.0274488Z === RUN   TestUpsertLCUItemSetRemovesOnlyStaleDeepLegendsSets
windows-build	UNKNOWN STEP	2026-10-07T15:20:58.0275111Z --- PASS: TestUpsertLCUItemSetRemovesOnlyStaleDeepLegendsSets (0.00s)
windows-build	UNKNOWN STEP	2026-10-07T15:20:58.0275629Z === RUN   TestSortGameplayItemSetBlocksByPriceKeepsUnknownSlotsAndStableTies
windows-build	UNKNOWN STEP	2026-10-07T15:20:58.0276367Z --- PASS: TestSortGameplayItemSetBlocksByPriceKeepsUnknownSlotsAndStableTies (0.00s)
windows-build	UNKNOWN STEP	2026-10-07T15:20:58.0277124Z === RUN   TestItemSetApplyNeverReadsOrWritesSetsOutsideChampionSelect
windows-build	UNKNOWN STEP	2026-10-07T15:20:58.0282440Z --- PASS: TestItemSetApplyNeverReadsOrWritesSetsOutsideChampionSelect (0.00s)
windows-build	UNKNOWN STEP	2026-10-07T15:20:58.0283568Z === RUN   TestSecurityHeadersRemainStrictForGameplayPages
windows-build	UNKNOWN STEP	2026-10-07T15:20:58.0284353Z --- PASS: TestSecurityHeadersRemainStrictForGameplayPages (0.00s)
windows-build	UNKNOWN STEP	2026-10-07T15:20:58.0285056Z === RUN   TestHexdataRequestCarriesRefererAndUpstreamAccepts
windows-build	UNKNOWN STEP	2026-10-07T15:20:58.0913410Z --- PASS: TestHexdataRequestCarriesRefererAndUpstreamAccepts (0.06s)
windows-build	UNKNOWN STEP	2026-10-07T15:20:58.0913875Z === RUN   TestHexdataLoadFailsWhenRefererIsMissing
windows-build	UNKNOWN STEP	2026-10-07T15:20:58.1008267Z --- PASS: TestHexdataLoadFailsWhenRefererIsMissing (0.01s)
windows-build	UNKNOWN STEP	2026-10-07T15:20:58.1009264Z === RUN   TestHexdataAllowedPathCoversJSONAPIAndRejectsHeroList
windows-build	UNKNOWN STEP	2026-10-07T15:20:58.1009985Z --- PASS: TestHexdataAllowedPathCoversJSONAPIAndRejectsHeroList (0.00s)
windows-build	UNKNOWN STEP	2026-10-07T15:20:58.1010691Z === RUN   TestInspectHexdataPayloadValidatesMetaSnapshot
windows-build	UNKNOWN STEP	2026-10-07T15:20:58.1012259Z --- PASS: TestInspectHexdataPayloadValidatesMetaSnapshot (0.00s)
windows-build	UNKNOWN STEP	2026-10-07T15:20:58.1013045Z === RUN   TestInspectHexdataPayloadRejectsHeroJSONWithoutAugments
windows-build	UNKNOWN STEP	2026-10-07T15:20:58.1013874Z --- PASS: TestInspectHexdataPayloadRejectsHeroJSONWithoutAugments (0.00s)
windows-build	UNKNOWN STEP	2026-10-07T15:20:58.1014892Z === RUN   TestInspectHexdataPayloadAcceptsRealHeroJSONFixture
windows-build	UNKNOWN STEP	2026-10-07T15:20:58.1022342Z --- PASS: TestInspectHexdataPayloadAcceptsRealHeroJSONFixture (0.00s)
windows-build	UNKNOWN STEP	2026-10-07T15:20:58.1023209Z === RUN   TestInspectHexdataPayloadValidatesPostmatch
windows-build	UNKNOWN STEP	2026-10-07T15:20:58.1132082Z --- PASS: TestInspectHexdataPayloadValidatesPostmatch (0.01s)
windows-build	UNKNOWN STEP	2026-10-07T15:20:58.1133470Z === RUN   TestInspectHexdataPayloadValidatesHextechInsights
windows-build	UNKNOWN STEP	2026-10-07T15:20:58.1376273Z --- PASS: TestInspectHexdataPayloadValidatesHextechInsights (0.02s)
windows-build	UNKNOWN STEP	2026-10-07T15:20:58.1377208Z === RUN   TestHexdataJSONCitationComesFromMetaSnapshotAndPointsAtHTMLPage
windows-build	UNKNOWN STEP	2026-10-07T15:20:58.1378175Z --- PASS: TestHexdataJSONCitationComesFromMetaSnapshotAndPointsAtHTMLPage (0.00s)
windows-build	UNKNOWN STEP	2026-10-07T15:20:58.1379008Z === RUN   TestParseHexdataHeroJSONMatchesRealUpstreamFixture
windows-build	UNKNOWN STEP	2026-10-07T15:20:58.1386758Z --- PASS: TestParseHexdataHeroJSONMatchesRealUpstreamFixture (0.00s)
windows-build	UNKNOWN STEP	2026-10-07T15:20:58.1387746Z === RUN   TestParseHexdataHeroJSONDropsRowsWithUnparseableIDs
windows-build	UNKNOWN STEP	2026-10-07T15:20:58.1388240Z --- PASS: TestParseHexdataHeroJSONDropsRowsWithUnparseableIDs (0.00s)
windows-build	UNKNOWN STEP	2026-10-07T15:20:58.1388679Z === RUN   TestParseHexdataHeroJSONTrimsTriosToTopFiftyByGames
windows-build	UNKNOWN STEP	2026-10-07T15:20:58.1499418Z --- PASS: TestParseHexdataHeroJSONTrimsTriosToTopFiftyByGames (0.01s)
windows-build	UNKNOWN STEP	2026-10-07T15:20:58.1499979Z === RUN   TestR148MayhemDetailRunsHeroAndAggregatesConcurrently
windows-build	UNKNOWN STEP	2026-10-07T15:20:58.5540055Z --- PASS: TestR148MayhemDetailRunsHeroAndAggregatesConcurrently (0.40s)
windows-build	UNKNOWN STEP	2026-10-07T15:20:58.5540878Z === RUN   TestR148MayhemHeroFailureStillAttemptsOPGGRSC
windows-build	UNKNOWN STEP	2026-10-07T15:20:58.5541535Z === RUN   TestR148MayhemHeroFailureStillAttemptsOPGGRSC/http_504
windows-build	UNKNOWN STEP	2026-10-07T15:20:58.7423903Z --- PASS: TestR148MayhemHeroFailureStillAttemptsOPGGRSC/http_504 (0.19s)
windows-build	UNKNOWN STEP	2026-10-07T15:20:58.7424413Z === RUN   TestR148MayhemHeroFailureStillAttemptsOPGGRSC/timeout
windows-build	UNKNOWN STEP	2026-10-07T15:20:58.9183051Z --- PASS: TestR148MayhemHeroFailureStillAttemptsOPGGRSC/timeout (0.18s)
windows-build	UNKNOWN STEP	2026-10-07T15:20:58.9183885Z --- PASS: TestR148MayhemHeroFailureStillAttemptsOPGGRSC (0.36s)
windows-build	UNKNOWN STEP	2026-10-07T15:20:58.9184600Z === RUN   TestLoadMayhemDetailRequestsHeroJSONMetaAndTokenPage
windows-build	UNKNOWN STEP	2026-10-07T15:20:59.1263960Z --- PASS: TestLoadMayhemDetailRequestsHeroJSONMetaAndTokenPage (0.21s)
windows-build	UNKNOWN STEP	2026-10-07T15:20:59.1264976Z === RUN   TestLoadMayhemDetailColdHeroCostsFiveHexdataRequestsWithWarmSiteMetadata
windows-build	UNKNOWN STEP	2026-10-07T15:20:59.6070328Z --- PASS: TestLoadMayhemDetailColdHeroCostsFiveHexdataRequestsWithWarmSiteMetadata (0.48s)
windows-build	UNKNOWN STEP	2026-10-07T15:20:59.6070952Z === RUN   TestLoadMayhemDetailHeroTierStaysNilWithoutInsights
windows-build	UNKNOWN STEP	2026-10-07T15:20:59.7801269Z --- PASS: TestLoadMayhemDetailHeroTierStaysNilWithoutInsights (0.17s)
windows-build	UNKNOWN STEP	2026-10-07T15:20:59.7802225Z === RUN   TestLoadMayhemDetailItemIDsSurviveDuplicateAndSpecialCharacterNames
windows-build	UNKNOWN STEP	2026-10-07T15:21:00.0041276Z --- PASS: TestLoadMayhemDetailItemIDsSurviveDuplicateAndSpecialCharacterNames (0.22s)
windows-build	UNKNOWN STEP	2026-10-07T15:21:00.0042192Z === RUN   TestEmptyAugmentDescriptionDegradesToOfflinePlaceholder
windows-build	UNKNOWN STEP	2026-10-07T15:21:00.2219180Z --- PASS: TestEmptyAugmentDescriptionDegradesToOfflinePlaceholder (0.22s)
windows-build	UNKNOWN STEP	2026-10-07T15:21:00.2220069Z === RUN   TestHexdataJSONKindsSurviveSoftTTLBecauseTheyArePromoted
windows-build	UNKNOWN STEP	2026-10-07T15:21:01.0085635Z --- PASS: TestHexdataJSONKindsSurviveSoftTTLBecauseTheyArePromoted (0.79s)
windows-build	UNKNOWN STEP	2026-10-07T15:21:01.0086174Z === RUN   TestLoadHexdataPostmatchFetchesOnceAcrossTwoCalls
windows-build	UNKNOWN STEP	2026-10-07T15:21:01.3143230Z --- PASS: TestLoadHexdataPostmatchFetchesOnceAcrossTwoCalls (0.31s)
windows-build	UNKNOWN STEP	2026-10-07T15:21:01.3144054Z === RUN   TestLoadHexdataHextechInsightsFetchesOnceAndParsesIDs
windows-build	UNKNOWN STEP	2026-10-07T15:21:01.4622534Z --- PASS: TestLoadHexdataHextechInsightsFetchesOnceAndParsesIDs (0.15s)
windows-build	UNKNOWN STEP	2026-10-07T15:21:01.4623337Z === RUN   TestParseHexdataAggregatesDropUnparseableIDs
windows-build	UNKNOWN STEP	2026-10-07T15:21:01.4627199Z --- PASS: TestParseHexdataAggregatesDropUnparseableIDs (0.00s)
windows-build	UNKNOWN STEP	2026-10-07T15:21:01.4627883Z === RUN   TestHexdataDeadHTMLChainIsGone
windows-build	UNKNOWN STEP	2026-10-07T15:21:01.4639539Z --- PASS: TestHexdataDeadHTMLChainIsGone (0.00s)
windows-build	UNKNOWN STEP	2026-10-07T15:21:01.4640188Z === RUN   TestLoadMayhemDetailEmitsAugmentStagesInParentUnits
windows-build	UNKNOWN STEP	2026-10-07T15:21:02.0145718Z --- PASS: TestLoadMayhemDetailEmitsAugmentStagesInParentUnits (0.55s)
windows-build	UNKNOWN STEP	2026-10-07T15:21:02.0146257Z === RUN   TestLoadMayhemDetailKeepsMissingAugmentStagesAbsent
windows-build	UNKNOWN STEP	2026-10-07T15:21:02.4062682Z --- PASS: TestLoadMayhemDetailKeepsMissingAugmentStagesAbsent (0.39s)
windows-build	UNKNOWN STEP	2026-10-07T15:21:02.4063485Z === RUN   TestLoadMayhemDetailWithoutAnyStageRowsOmitsStagesKey
windows-build	UNKNOWN STEP	2026-10-07T15:21:02.9047264Z --- PASS: TestLoadMayhemDetailWithoutAnyStageRowsOmitsStagesKey (0.50s)
windows-build	UNKNOWN STEP	2026-10-07T15:21:02.9047819Z === RUN   TestMayhemDetailResponseSerializesAugmentStagesForFrontend
windows-build	UNKNOWN STEP	2026-10-07T15:21:03.1338733Z --- PASS: TestMayhemDetailResponseSerializesAugmentStagesForFrontend (0.23s)
windows-build	UNKNOWN STEP	2026-10-07T15:21:03.1339641Z === RUN   TestMayhemHeroStageRaritySumsToOnePerStageOnRealHero157
windows-build	UNKNOWN STEP	2026-10-07T15:21:03.1347187Z --- PASS: TestMayhemHeroStageRaritySumsToOnePerStageOnRealHero157 (0.00s)
windows-build	UNKNOWN STEP	2026-10-07T15:21:03.1348127Z === RUN   TestMayhemHeroStageRaritySkipsMissingStageRowsInsteadOfZeroFilling
windows-build	UNKNOWN STEP	2026-10-07T15:21:03.1357083Z --- PASS: TestMayhemHeroStageRaritySkipsMissingStageRowsInsteadOfZeroFilling (0.00s)
windows-build	UNKNOWN STEP	2026-10-07T15:21:03.1357963Z === RUN   TestMayhemHeroStageRarityMustNotUseTopLevelPickRate
windows-build	UNKNOWN STEP	2026-10-07T15:21:03.1366663Z --- PASS: TestMayhemHeroStageRarityMustNotUseTopLevelPickRate (0.00s)
windows-build	UNKNOWN STEP	2026-10-07T15:21:03.1367478Z === RUN   TestMayhemHeroStageRarityDegradesOnUnknownRarityAndIllegalStage
windows-build	UNKNOWN STEP	2026-10-07T15:21:03.1368378Z --- PASS: TestMayhemHeroStageRarityDegradesOnUnknownRarityAndIllegalStage (0.00s)
windows-build	UNKNOWN STEP	2026-10-07T15:21:03.1369210Z === RUN   TestMayhemNegativeRecommendationRequiresAllThreeCriteria
windows-build	UNKNOWN STEP	2026-10-07T15:21:03.1370213Z --- PASS: TestMayhemNegativeRecommendationRequiresAllThreeCriteria (0.00s)
windows-build	UNKNOWN STEP	2026-10-07T15:21:03.1371019Z === RUN   TestMayhemNegativeRecommendationMedianIsGroupedByRarity
windows-build	UNKNOWN STEP	2026-10-07T15:21:03.1371819Z --- PASS: TestMayhemNegativeRecommendationMedianIsGroupedByRarity (0.00s)
windows-build	UNKNOWN STEP	2026-10-07T15:21:03.1372561Z === RUN   TestMayhemNegativeRecommendationOnRealHero157Augments
windows-build	UNKNOWN STEP	2026-10-07T15:21:03.1382821Z --- PASS: TestMayhemNegativeRecommendationOnRealHero157Augments (0.00s)
windows-build	UNKNOWN STEP	2026-10-07T15:21:03.1383598Z === RUN   TestLoadMayhemDetailCarriesHeroStageRarityAndCautionFlags
windows-build	UNKNOWN STEP	2026-10-07T15:21:03.3690958Z --- PASS: TestLoadMayhemDetailCarriesHeroStageRarityAndCautionFlags (0.23s)
windows-build	UNKNOWN STEP	2026-10-07T15:21:03.3691689Z === RUN   TestLoadMayhemDetailSkipsCautionFlagsWhenSamplePolicyIsUnavailable
windows-build	UNKNOWN STEP	2026-10-07T15:21:03.3692259Z --- PASS: TestLoadMayhemDetailSkipsCautionFlagsWhenSamplePolicyIsUnavailable (0.00s)
windows-build	UNKNOWN STEP	2026-10-07T15:21:03.3692714Z === RUN   TestR149AnswerAndTokenPageStartTogether
windows-build	UNKNOWN STEP	2026-10-07T15:21:03.5341247Z --- PASS: TestR149AnswerAndTokenPageStartTogether (0.16s)
windows-build	UNKNOWN STEP	2026-10-07T15:21:03.5341764Z === RUN   TestR149MayhemCatalogsWarmConcurrentlyAndRestartFromDisk
windows-build	UNKNOWN STEP	2026-10-07T15:21:03.5763901Z --- PASS: TestR149MayhemCatalogsWarmConcurrentlyAndRestartFromDisk (0.04s)
windows-build	UNKNOWN STEP	2026-10-07T15:21:03.5764768Z === RUN   TestR149PrimaryDecorationStartsBeforeRSCFinishes
windows-build	UNKNOWN STEP	2026-10-07T15:21:03.7779176Z --- PASS: TestR149PrimaryDecorationStartsBeforeRSCFinishes (0.20s)
windows-build	UNKNOWN STEP	2026-10-07T15:21:03.7779731Z === RUN   TestHexdataUpstreamRejectionIsDiagnosedWithErrorCodeOnly
windows-build	UNKNOWN STEP	2026-10-07T15:21:03.7873265Z --- PASS: TestHexdataUpstreamRejectionIsDiagnosedWithErrorCodeOnly (0.01s)
windows-build	UNKNOWN STEP	2026-10-07T15:21:03.7874183Z === RUN   TestParseHexdataAugmentsAcceptsMetricSeparatorsAndURLShapes
windows-build	UNKNOWN STEP	2026-10-07T15:21:03.7875416Z === RUN   TestParseHexdataAugmentsAcceptsMetricSeparatorsAndURLShapes/·
windows-build	UNKNOWN STEP	2026-10-07T15:21:03.7881503Z --- PASS: TestParseHexdataAugmentsAcceptsMetricSeparatorsAndURLShapes/· (0.00s)
windows-build	UNKNOWN STEP	2026-10-07T15:21:03.7882462Z === RUN   TestParseHexdataAugmentsAcceptsMetricSeparatorsAndURLShapes/，
windows-build	UNKNOWN STEP	2026-10-07T15:21:03.7889023Z --- PASS: TestParseHexdataAugmentsAcceptsMetricSeparatorsAndURLShapes/， (0.00s)
windows-build	UNKNOWN STEP	2026-10-07T15:21:03.7889949Z === RUN   TestParseHexdataAugmentsAcceptsMetricSeparatorsAndURLShapes/,
windows-build	UNKNOWN STEP	2026-10-07T15:21:03.7896511Z --- PASS: TestParseHexdataAugmentsAcceptsMetricSeparatorsAndURLShapes/, (0.00s)
windows-build	UNKNOWN STEP	2026-10-07T15:21:03.7897742Z --- PASS: TestParseHexdataAugmentsAcceptsMetricSeparatorsAndURLShapes (0.00s)
windows-build	UNKNOWN STEP	2026-10-07T15:21:03.7898599Z === RUN   TestParseHexdataAugmentsAcceptsThreeColumnIconAndNameShape
windows-build	UNKNOWN STEP	2026-10-07T15:21:03.7907677Z --- PASS: TestParseHexdataAugmentsAcceptsThreeColumnIconAndNameShape (0.00s)
windows-build	UNKNOWN STEP	2026-10-07T15:21:03.7909146Z === RUN   TestHexdataHeroShapeReportsActualRecommendationAndItemCounts
windows-build	UNKNOWN STEP	2026-10-07T15:21:03.7909927Z --- PASS: TestHexdataHeroShapeReportsActualRecommendationAndItemCounts (0.00s)
windows-build	UNKNOWN STEP	2026-10-07T15:21:03.7910773Z === RUN   TestParseHexdataAugmentDetailAndRarityRequireExactRows
windows-build	UNKNOWN STEP	2026-10-07T15:21:03.7911599Z --- PASS: TestParseHexdataAugmentDetailAndRarityRequireExactRows (0.00s)
windows-build	UNKNOWN STEP	2026-10-07T15:21:03.7912366Z === RUN   TestHexdataShapeFailureDistinguishesParseFromEmptyPayload
windows-build	UNKNOWN STEP	2026-10-07T15:21:03.7912857Z --- PASS: TestHexdataShapeFailureDistinguishesParseFromEmptyPayload (0.00s)
windows-build	UNKNOWN STEP	2026-10-07T15:21:03.7913342Z === RUN   TestInspectHexdataPayloadReportsRawFieldsWhenRowsAreRejected
windows-build	UNKNOWN STEP	2026-10-07T15:21:03.7927937Z --- PASS: TestInspectHexdataPayloadReportsRawFieldsWhenRowsAreRejected (0.00s)
windows-build	UNKNOWN STEP	2026-10-07T15:21:03.7928839Z === RUN   TestParseHexdataAugmentDetailUsesGuideParagraphNotSEOBlurb
windows-build	UNKNOWN STEP	2026-10-07T15:21:03.7929679Z --- PASS: TestParseHexdataAugmentDetailUsesGuideParagraphNotSEOBlurb (0.00s)
windows-build	UNKNOWN STEP	2026-10-07T15:21:03.7930501Z === RUN   TestParseHexdataAugmentDetailRejectsUnanchoredGuideProse
windows-build	UNKNOWN STEP	2026-10-07T15:21:03.7931311Z --- PASS: TestParseHexdataAugmentDetailRejectsUnanchoredGuideProse (0.00s)
windows-build	UNKNOWN STEP	2026-10-07T15:21:03.7931997Z === RUN   TestParseMayhemRSCResolvesDelayedRows
windows-build	UNKNOWN STEP	2026-10-07T15:21:03.7932560Z --- PASS: TestParseMayhemRSCResolvesDelayedRows (0.00s)
windows-build	UNKNOWN STEP	2026-10-07T15:21:03.7933100Z === RUN   TestParseMayhemRSCRejectsNonItemCoreAssets
windows-build	UNKNOWN STEP	2026-10-07T15:21:03.7933700Z --- PASS: TestParseMayhemRSCRejectsNonItemCoreAssets (0.00s)
windows-build	UNKNOWN STEP	2026-10-07T15:21:03.7934285Z === RUN   TestReportRSCRejectedItemsEmitsActualIDAndReason
windows-build	UNKNOWN STEP	2026-10-07T15:21:03.7934950Z --- PASS: TestReportRSCRejectedItemsEmitsActualIDAndReason (0.00s)
windows-build	UNKNOWN STEP	2026-10-07T15:21:03.7935937Z === RUN   TestRSCSpellRowsIgnoreExpandedAugmentMetadata
windows-build	UNKNOWN STEP	2026-10-07T15:21:03.7936596Z --- PASS: TestRSCSpellRowsIgnoreExpandedAugmentMetadata (0.00s)
windows-build	UNKNOWN STEP	2026-10-07T15:21:03.7937270Z === RUN   TestMergeMayhemAugmentRowsPreservesPrimaryAndFillsNine
windows-build	UNKNOWN STEP	2026-10-07T15:21:03.7938023Z --- PASS: TestMergeMayhemAugmentRowsPreservesPrimaryAndFillsNine (0.00s)
windows-build	UNKNOWN STEP	2026-10-07T15:21:03.7938745Z === RUN   TestLocalAugmentGradesAndMeasurementAreExplicit
windows-build	UNKNOWN STEP	2026-10-07T15:21:03.7939378Z --- PASS: TestLocalAugmentGradesAndMeasurementAreExplicit (0.00s)
windows-build	UNKNOWN STEP	2026-10-07T15:21:03.7939960Z === RUN   TestParseMayhemRSCRealFixture
windows-build	UNKNOWN STEP	2026-10-07T15:21:03.7940611Z     hexdata_test.go:397: set MAYHEM_RSC_FIXTURE to an OP.GG aram-mayhem RSC payload
windows-build	UNKNOWN STEP	2026-10-07T15:21:03.7941241Z --- SKIP: TestParseMayhemRSCRealFixture (0.00s)
windows-build	UNKNOWN STEP	2026-10-07T15:21:03.7941755Z === RUN   TestHexdataColdRankingBudgetAndDiskRestart
windows-build	UNKNOWN STEP	2026-10-07T15:21:04.1998809Z --- PASS: TestHexdataColdRankingBudgetAndDiskRestart (0.41s)
windows-build	UNKNOWN STEP	2026-10-07T15:21:04.1999593Z === RUN   TestHexdataRankingRowsUseOfficialInsightsMetricsAndPageOrder
windows-build	UNKNOWN STEP	2026-10-07T15:21:04.2000133Z --- PASS: TestHexdataRankingRowsUseOfficialInsightsMetricsAndPageOrder (0.00s)
windows-build	UNKNOWN STEP	2026-10-07T15:21:04.2000675Z === RUN   TestHexdataSameHeroTenConcurrentLoadsUseOneRequestAndRestartUsesNone
windows-build	UNKNOWN STEP	2026-10-07T15:21:04.2308585Z --- PASS: TestHexdataSameHeroTenConcurrentLoadsUseOneRequestAndRestartUsesNone (0.03s)
windows-build	UNKNOWN STEP	2026-10-07T15:21:04.2309216Z === RUN   TestHexdataBuildSoftTTLRefreshesThroughUserRequestedPage
windows-build	UNKNOWN STEP	2026-10-07T15:21:04.2577422Z --- PASS: TestHexdataBuildSoftTTLRefreshesThroughUserRequestedPage (0.03s)
windows-build	UNKNOWN STEP	2026-10-07T15:21:04.2577935Z === RUN   TestHexdataCircuitStatePersistsAcrossRestart
windows-build	UNKNOWN STEP	2026-10-07T15:21:04.3121502Z --- PASS: TestHexdataCircuitStatePersistsAcrossRestart (0.05s)
windows-build	UNKNOWN STEP	2026-10-07T15:21:04.3122388Z === RUN   TestR154HeroJSONCircuitAppliesAcrossChampionIDs
windows-build	UNKNOWN STEP	2026-10-07T15:21:04.3123080Z --- PASS: TestR154HeroJSONCircuitAppliesAcrossChampionIDs (0.00s)
windows-build	UNKNOWN STEP	2026-10-07T15:21:04.3124020Z === RUN   TestHexdataRestartClearsLongLivedPersistedCircuit
windows-build	UNKNOWN STEP	2026-10-07T15:21:04.3244447Z --- PASS: TestHexdataRestartClearsLongLivedPersistedCircuit (0.01s)
windows-build	UNKNOWN STEP	2026-10-07T15:21:04.3246465Z === RUN   TestHexdataShapeCircuitBacksOffAndSuccessResetsIt
windows-build	UNKNOWN STEP	2026-10-07T15:21:04.4009179Z --- PASS: TestHexdataShapeCircuitBacksOffAndSuccessResetsIt (0.08s)
windows-build	UNKNOWN STEP	2026-10-07T15:21:04.4010958Z === RUN   TestHexdataCircuitStateWorksWithoutPersistentStore
windows-build	UNKNOWN STEP	2026-10-07T15:21:04.4011737Z --- PASS: TestHexdataCircuitStateWorksWithoutPersistentStore (0.00s)
windows-build	UNKNOWN STEP	2026-10-07T15:21:04.4012531Z === RUN   TestHexdataHTTP429OpensPersistentCircuitBeforeNextRequest
windows-build	UNKNOWN STEP	2026-10-07T15:21:04.4431304Z --- PASS: TestHexdataHTTP429OpensPersistentCircuitBeforeNextRequest (0.04s)
windows-build	UNKNOWN STEP	2026-10-07T15:21:04.4432425Z === RUN   TestHexdataEmptyPayloadKeepsLastSuccessfulCacheAndTripsOnlyAfterThreeFailures
windows-build	UNKNOWN STEP	2026-10-07T15:21:04.4947280Z --- PASS: TestHexdataEmptyPayloadKeepsLastSuccessfulCacheAndTripsOnlyAfterThreeFailures (0.05s)
windows-build	UNKNOWN STEP	2026-10-07T15:21:04.4947939Z === RUN   TestHexdataCircuitProbesLazilyOnNextLoadAndClosesOnSuccess
windows-build	UNKNOWN STEP	2026-10-07T15:21:04.5270818Z --- PASS: TestHexdataCircuitProbesLazilyOnNextLoadAndClosesOnSuccess (0.03s)
windows-build	UNKNOWN STEP	2026-10-07T15:21:04.5272648Z === RUN   TestNormalizeAugmentRarityIsShared
windows-build	UNKNOWN STEP	2026-10-07T15:21:04.5273180Z --- PASS: TestNormalizeAugmentRarityIsShared (0.00s)
windows-build	UNKNOWN STEP	2026-10-07T15:21:04.5274011Z === RUN   TestHexdataMethodologyValuesComeFromAnswerCards
windows-build	UNKNOWN STEP	2026-10-07T15:21:04.5274821Z --- PASS: TestHexdataMethodologyValuesComeFromAnswerCards (0.00s)
windows-build	UNKNOWN STEP	2026-10-07T15:21:04.5275448Z === RUN   TestHexdataRequestUsesHonestUserAgent
windows-build	UNKNOWN STEP	2026-10-07T15:21:04.5276796Z --- PASS: TestHexdataRequestUsesHonestUserAgent (0.00s)
windows-build	UNKNOWN STEP	2026-10-07T15:21:04.5277441Z === RUN   TestHexdataPaceAllowsFourIdleBurstRequestsThenJitters
windows-build	UNKNOWN STEP	2026-10-07T15:21:04.5278275Z --- PASS: TestHexdataPaceAllowsFourIdleBurstRequestsThenJitters (0.00s)
windows-build	UNKNOWN STEP	2026-10-07T15:21:04.5278724Z === RUN   TestHexdataPaceWaitDoesNotHoldGlobalMutex
windows-build	UNKNOWN STEP	2026-10-07T15:21:04.5279083Z --- PASS: TestHexdataPaceWaitDoesNotHoldGlobalMutex (0.00s)
windows-build	UNKNOWN STEP	2026-10-07T15:21:04.5279599Z === RUN   TestDecorateHexdataAugmentsKeepsOfflineDescriptionWhenAugmentsAreUnavailable
windows-build	UNKNOWN STEP	2026-10-07T15:21:04.5280261Z --- PASS: TestDecorateHexdataAugmentsKeepsOfflineDescriptionWhenAugmentsAreUnavailable (0.00s)
windows-build	UNKNOWN STEP	2026-10-07T15:21:04.5281006Z === RUN   TestDecorateHexdataAugmentsPersistsMissingMetadataDiagnostic
windows-build	UNKNOWN STEP	2026-10-07T15:21:04.5311442Z --- PASS: TestDecorateHexdataAugmentsPersistsMissingMetadataDiagnostic (0.00s)
windows-build	UNKNOWN STEP	2026-10-07T15:21:04.5312330Z === RUN   TestHexdataPageTokenAcquiredBeforeJSONAndRefreshedBeforeExpiry
windows-build	UNKNOWN STEP	2026-10-07T15:21:04.5501298Z --- PASS: TestHexdataPageTokenAcquiredBeforeJSONAndRefreshedBeforeExpiry (0.02s)
windows-build	UNKNOWN STEP	2026-10-07T15:21:04.5502352Z === RUN   TestHexdataPageTokenRefreshesOnceAndFinalFailureCountsOnce
windows-build	UNKNOWN STEP	2026-10-07T15:21:04.5596412Z --- PASS: TestHexdataPageTokenRefreshesOnceAndFinalFailureCountsOnce (0.01s)
windows-build	UNKNOWN STEP	2026-10-07T15:21:04.5597358Z === RUN   TestHexdataPageTokenRecoveredRequestDoesNotCountCircuitFailure
windows-build	UNKNOWN STEP	2026-10-07T15:21:04.5698313Z --- PASS: TestHexdataPageTokenRecoveredRequestDoesNotCountCircuitFailure (0.01s)
windows-build	UNKNOWN STEP	2026-10-07T15:21:04.5698822Z === RUN   TestHexdataTokenJarIsHostLimited
windows-build	UNKNOWN STEP	2026-10-07T15:21:04.5712533Z --- PASS: TestHexdataTokenJarIsHostLimited (0.00s)
windows-build	UNKNOWN STEP	2026-10-07T15:21:04.5713070Z === RUN   TestHexdataPageTokenTenConcurrentRequestsUseOnePage
windows-build	UNKNOWN STEP	2026-10-07T15:21:04.6696085Z --- PASS: TestHexdataPageTokenTenConcurrentRequestsUseOnePage (0.10s)
windows-build	UNKNOWN STEP	2026-10-07T15:21:04.6696618Z === RUN   TestHexdataPageTokenNeverAppearsInDiagnosticsOrDisk
windows-build	UNKNOWN STEP	2026-10-07T15:21:04.6778693Z --- PASS: TestHexdataPageTokenNeverAppearsInDiagnosticsOrDisk (0.01s)
windows-build	UNKNOWN STEP	2026-10-07T15:21:04.6779503Z === RUN   TestRankedItemDepthPresenceMatrix
windows-build	UNKNOWN STEP	2026-10-07T15:21:04.6780045Z === RUN   TestRankedItemDepthPresenceMatrix/rsc/stages_001
windows-build	UNKNOWN STEP	2026-10-07T15:21:04.6780687Z --- PASS: TestRankedItemDepthPresenceMatrix/rsc/stages_001 (0.00s)
windows-build	UNKNOWN STEP	2026-10-07T15:21:04.6781351Z === RUN   TestRankedItemDepthPresenceMatrix/rsc/stages_010
windows-build	UNKNOWN STEP	2026-10-07T15:21:04.6782015Z --- PASS: TestRankedItemDepthPresenceMatrix/rsc/stages_010 (0.00s)
windows-build	UNKNOWN STEP	2026-10-07T15:21:04.6782929Z === RUN   TestRankedItemDepthPresenceMatrix/rsc/stages_011
windows-build	UNKNOWN STEP	2026-10-07T15:21:04.6783603Z --- PASS: TestRankedItemDepthPresenceMatrix/rsc/stages_011 (0.00s)
windows-build	UNKNOWN STEP	2026-10-07T15:21:04.6784221Z === RUN   TestRankedItemDepthPresenceMatrix/rsc/stages_100
windows-build	UNKNOWN STEP	2026-10-07T15:21:04.6785391Z --- PASS: TestRankedItemDepthPresenceMatrix/rsc/stages_100 (0.00s)
windows-build	UNKNOWN STEP	2026-10-07T15:21:04.6786279Z === RUN   TestRankedItemDepthPresenceMatrix/rsc/stages_101
windows-build	UNKNOWN STEP	2026-10-07T15:21:04.6786963Z --- PASS: TestRankedItemDepthPresenceMatrix/rsc/stages_101 (0.00s)
windows-build	UNKNOWN STEP	2026-10-07T15:21:04.6787537Z === RUN   TestRankedItemDepthPresenceMatrix/rsc/stages_110
windows-build	UNKNOWN STEP	2026-10-07T15:21:04.6792253Z --- PASS: TestRankedItemDepthPresenceMatrix/rsc/stages_110 (0.00s)
windows-build	UNKNOWN STEP	2026-10-07T15:21:04.6798669Z === RUN   TestRankedItemDepthPresenceMatrix/rsc/stages_111
windows-build	UNKNOWN STEP	2026-10-07T15:21:04.6800327Z --- PASS: TestRankedItemDepthPresenceMatrix/rsc/stages_111 (0.00s)
windows-build	UNKNOWN STEP	2026-10-07T15:21:04.6801012Z === RUN   TestRankedItemDepthPresenceMatrix/html/stages_001
windows-build	UNKNOWN STEP	2026-10-07T15:21:04.6801522Z --- PASS: TestRankedItemDepthPresenceMatrix/html/stages_001 (0.00s)
windows-build	UNKNOWN STEP	2026-10-07T15:21:04.6802048Z === RUN   TestRankedItemDepthPresenceMatrix/html/stages_010
windows-build	UNKNOWN STEP	2026-10-07T15:21:04.6807492Z --- PASS: TestRankedItemDepthPresenceMatrix/html/stages_010 (0.00s)
windows-build	UNKNOWN STEP	2026-10-07T15:21:04.6808581Z === RUN   TestRankedItemDepthPresenceMatrix/html/stages_011
windows-build	UNKNOWN STEP	2026-10-07T15:21:04.6809261Z --- PASS: TestRankedItemDepthPresenceMatrix/html/stages_011 (0.00s)
windows-build	UNKNOWN STEP	2026-10-07T15:21:04.6809951Z === RUN   TestRankedItemDepthPresenceMatrix/html/stages_100
windows-build	UNKNOWN STEP	2026-10-07T15:21:04.6810625Z --- PASS: TestRankedItemDepthPresenceMatrix/html/stages_100 (0.00s)
windows-build	UNKNOWN STEP	2026-10-07T15:21:04.6811301Z === RUN   TestRankedItemDepthPresenceMatrix/html/stages_101
windows-build	UNKNOWN STEP	2026-10-07T15:21:04.6813532Z --- PASS: TestRankedItemDepthPresenceMatrix/html/stages_101 (0.00s)
windows-build	UNKNOWN STEP	2026-10-07T15:21:04.6814215Z === RUN   TestRankedItemDepthPresenceMatrix/html/stages_110
windows-build	UNKNOWN STEP	2026-10-07T15:21:04.6815675Z --- PASS: TestRankedItemDepthPresenceMatrix/html/stages_110 (0.00s)
windows-build	UNKNOWN STEP	2026-10-07T15:21:04.6816429Z === RUN   TestRankedItemDepthPresenceMatrix/html/stages_111
windows-build	UNKNOWN STEP	2026-10-07T15:21:04.6818983Z --- PASS: TestRankedItemDepthPresenceMatrix/html/stages_111 (0.00s)
windows-build	UNKNOWN STEP	2026-10-07T15:21:04.6819592Z --- PASS: TestRankedItemDepthPresenceMatrix (0.00s)
windows-build	UNKNOWN STEP	2026-10-07T15:21:04.6820229Z === RUN   TestRankedItemDepthFallbackPreservesAvailableStages
windows-build	UNKNOWN STEP	2026-10-07T15:21:04.6821080Z === RUN   TestRankedItemDepthFallbackPreservesAvailableStages/fourth_plus_fallback_fifth
windows-build	UNKNOWN STEP	2026-10-07T15:21:04.6822140Z --- PASS: TestRankedItemDepthFallbackPreservesAvailableStages/fourth_plus_fallback_fifth (0.00s)
windows-build	UNKNOWN STEP	2026-10-07T15:21:04.6823175Z === RUN   TestRankedItemDepthFallbackPreservesAvailableStages/fifth_plus_fallback_fourth
windows-build	UNKNOWN STEP	2026-10-07T15:21:04.6824223Z --- PASS: TestRankedItemDepthFallbackPreservesAvailableStages/fifth_plus_fallback_fourth (0.00s)
windows-build	UNKNOWN STEP	2026-10-07T15:21:04.6825287Z === RUN   TestRankedItemDepthFallbackPreservesAvailableStages/sixth_survives_incomplete_fallback
windows-build	UNKNOWN STEP	2026-10-07T15:21:04.6826654Z --- PASS: TestRankedItemDepthFallbackPreservesAvailableStages/sixth_survives_incomplete_fallback (0.00s)
windows-build	UNKNOWN STEP	2026-10-07T15:21:04.6827876Z === RUN   TestRankedItemDepthFallbackPreservesAvailableStages/overlapping_fallback_cannot_replace_primary
windows-build	UNKNOWN STEP	2026-10-07T15:21:04.6829136Z --- PASS: TestRankedItemDepthFallbackPreservesAvailableStages/overlapping_fallback_cannot_replace_primary (0.00s)
windows-build	UNKNOWN STEP	2026-10-07T15:21:04.6830294Z === RUN   TestRankedItemDepthFallbackPreservesAvailableStages/empty_fallback_keeps_primary
windows-build	UNKNOWN STEP	2026-10-07T15:21:04.6831382Z --- PASS: TestRankedItemDepthFallbackPreservesAvailableStages/empty_fallback_keeps_primary (0.00s)
windows-build	UNKNOWN STEP	2026-10-07T15:21:04.6832335Z === RUN   TestRankedItemDepthFallbackPreservesAvailableStages/all_primary_rows_failed
windows-build	UNKNOWN STEP	2026-10-07T15:21:04.6833366Z --- PASS: TestRankedItemDepthFallbackPreservesAvailableStages/all_primary_rows_failed (0.00s)
windows-build	UNKNOWN STEP	2026-10-07T15:21:04.6834425Z === RUN   TestRankedItemDepthFallbackPreservesAvailableStages/broken_sixth_remains_an_error
windows-build	UNKNOWN STEP	2026-10-07T15:21:04.6835791Z --- PASS: TestRankedItemDepthFallbackPreservesAvailableStages/broken_sixth_remains_an_error (0.00s)
windows-build	UNKNOWN STEP	2026-10-07T15:21:04.6836797Z === RUN   TestRankedItemDepthFallbackPreservesAvailableStages/fallback_repairs_sixth
windows-build	UNKNOWN STEP	2026-10-07T15:21:04.6837764Z --- PASS: TestRankedItemDepthFallbackPreservesAvailableStages/fallback_repairs_sixth (0.00s)
windows-build	UNKNOWN STEP	2026-10-07T15:21:04.6840059Z === RUN   TestRankedItemDepthFallbackPreservesAvailableStages/absent_fifth_does_not_replace_valid_source
windows-build	UNKNOWN STEP	2026-10-07T15:21:04.6841182Z --- PASS: TestRankedItemDepthFallbackPreservesAvailableStages/absent_fifth_does_not_replace_valid_source (0.00s)
windows-build	UNKNOWN STEP	2026-10-07T15:21:04.6842147Z --- PASS: TestRankedItemDepthFallbackPreservesAvailableStages (0.00s)
windows-build	UNKNOWN STEP	2026-10-07T15:21:04.6842831Z === RUN   TestRankedItemDepthDelayedStatisticsAndEmptySlots
windows-build	UNKNOWN STEP	2026-10-07T15:21:04.6843513Z --- PASS: TestRankedItemDepthDelayedStatisticsAndEmptySlots (0.00s)
windows-build	UNKNOWN STEP	2026-10-07T15:21:04.6844198Z === RUN   TestRankedItemDepthEmptyAndErrorPagesStayUnavailable
windows-build	UNKNOWN STEP	2026-10-07T15:21:04.6844935Z --- PASS: TestRankedItemDepthEmptyAndErrorPagesStayUnavailable (0.00s)
windows-build	UNKNOWN STEP	2026-10-07T15:21:04.6845638Z === RUN   TestRankedItemDepthPartialCacheKeepsOlderTimestamp
windows-build	UNKNOWN STEP	2026-10-07T15:21:04.6846328Z --- PASS: TestRankedItemDepthPartialCacheKeepsOlderTimestamp (0.00s)
windows-build	UNKNOWN STEP	2026-10-07T15:21:04.6847222Z === RUN   TestCapturedChampionItemDepthPages
windows-build	UNKNOWN STEP	2026-10-07T15:21:04.6848132Z     item_depth_completeness_test.go:188: set DEEP_LEGENDS_ITEM_DEPTH_MANIFESTS to captured-page manifests
windows-build	UNKNOWN STEP	2026-10-07T15:21:04.6848902Z --- SKIP: TestCapturedChampionItemDepthPages (0.00s)
windows-build	UNKNOWN STEP	2026-10-07T15:21:04.6849602Z === RUN   TestLegacyDiskMigrationPreservesForeignAndArchivesExactUIDs
windows-build	UNKNOWN STEP	2026-10-07T15:21:04.7103842Z --- PASS: TestLegacyDiskMigrationPreservesForeignAndArchivesExactUIDs (0.03s)
windows-build	UNKNOWN STEP	2026-10-07T15:21:04.7104761Z === RUN   TestLegacyDiskMigrationRejectsBackupSymlinkAndSessionChange
windows-build	UNKNOWN STEP	2026-10-07T15:21:04.7105600Z === RUN   TestLegacyDiskMigrationRejectsBackupSymlinkAndSessionChange/symlink
windows-build	UNKNOWN STEP	2026-10-07T15:21:04.7160620Z --- PASS: TestLegacyDiskMigrationRejectsBackupSymlinkAndSessionChange/symlink (0.01s)
windows-build	UNKNOWN STEP	2026-10-07T15:21:04.7161679Z === RUN   TestLegacyDiskMigrationRejectsBackupSymlinkAndSessionChange/session
windows-build	UNKNOWN STEP	2026-10-07T15:21:04.7207339Z --- PASS: TestLegacyDiskMigrationRejectsBackupSymlinkAndSessionChange/session (0.00s)
windows-build	UNKNOWN STEP	2026-10-07T15:21:04.7208374Z === RUN   TestLegacyDiskMigrationRejectsBackupSymlinkAndSessionChange/edit
windows-build	UNKNOWN STEP	2026-10-07T15:21:04.7272831Z --- PASS: TestLegacyDiskMigrationRejectsBackupSymlinkAndSessionChange/edit (0.01s)
windows-build	UNKNOWN STEP	2026-10-07T15:21:04.7273802Z --- PASS: TestLegacyDiskMigrationRejectsBackupSymlinkAndSessionChange (0.02s)
windows-build	UNKNOWN STEP	2026-10-07T15:21:04.7274690Z === RUN   TestLegacyDiskMigrationDoesNotFollowChampionSymlinkOrAlterSettings
windows-build	UNKNOWN STEP	2026-10-07T15:21:04.7377597Z --- PASS: TestLegacyDiskMigrationDoesNotFollowChampionSymlinkOrAlterSettings (0.01s)
windows-build	UNKNOWN STEP	2026-10-07T15:21:04.7378375Z === RUN   TestOptionalReadOnlyAPIsAndCapabilityDegradation
windows-build	UNKNOWN STEP	2026-10-07T15:21:04.7392194Z --- PASS: TestOptionalReadOnlyAPIsAndCapabilityDegradation (0.00s)
windows-build	UNKNOWN STEP	2026-10-07T15:21:04.7393087Z === RUN   TestOptionalCapability404DoesNotBecomeHardFailure
windows-build	UNKNOWN STEP	2026-10-07T15:21:04.7399438Z --- PASS: TestOptionalCapability404DoesNotBecomeHardFailure (0.00s)
windows-build	UNKNOWN STEP	2026-10-07T15:21:04.7400165Z === RUN   TestLCUClientCloseErasesCredential
windows-build	UNKNOWN STEP	2026-10-07T15:21:04.7400936Z --- PASS: TestLCUClientCloseErasesCredential (0.00s)
windows-build	UNKNOWN STEP	2026-10-07T15:21:04.7401501Z === RUN   TestRelevantLCUEventClassification
windows-build	UNKNOWN STEP	2026-10-07T15:21:04.7402003Z --- PASS: TestRelevantLCUEventClassification (0.00s)
windows-build	UNKNOWN STEP	2026-10-07T15:21:04.7402572Z === RUN   TestAccountEndpointDoesNotExposeStableIdentifiersOrToken
windows-build	UNKNOWN STEP	2026-10-07T15:21:04.7404154Z --- PASS: TestAccountEndpointDoesNotExposeStableIdentifiersOrToken (0.00s)
windows-build	UNKNOWN STEP	2026-10-07T15:21:04.7410010Z === RUN   TestChampionMasteryDecoderSupportsBothLCUShapes
windows-build	UNKNOWN STEP	2026-10-07T15:21:04.7411119Z --- PASS: TestChampionMasteryDecoderSupportsBothLCUShapes (0.00s)
windows-build	UNKNOWN STEP	2026-10-07T15:21:04.7411735Z === RUN   TestSkinAcquisitionDatesRequireOwnedPurchaseDate
windows-build	UNKNOWN STEP	2026-10-07T15:21:04.7412416Z --- PASS: TestSkinAcquisitionDatesRequireOwnedPurchaseDate (0.00s)
windows-build	UNKNOWN STEP	2026-10-07T15:21:04.7413154Z === RUN   TestSkinAcquisitionDatesUseVerifiedOwnershipAcrossTencentShapes
windows-build	UNKNOWN STEP	2026-10-07T15:21:04.7413690Z --- PASS: TestSkinAcquisitionDatesUseVerifiedOwnershipAcrossTencentShapes (0.00s)
windows-build	UNKNOWN STEP	2026-10-07T15:21:04.7414139Z === RUN   TestSkinAcquisitionDatesReadNestedTencentItemKey
windows-build	UNKNOWN STEP	2026-10-07T15:21:04.7414696Z --- PASS: TestSkinAcquisitionDatesReadNestedTencentItemKey (0.00s)
windows-build	UNKNOWN STEP	2026-10-07T15:21:04.7415148Z === RUN   TestSkinLootClassificationUsesClientTypeInsteadOfDisplayName
windows-build	UNKNOWN STEP	2026-10-07T15:21:04.7415638Z --- PASS: TestSkinLootClassificationUsesClientTypeInsteadOfDisplayName (0.00s)
windows-build	UNKNOWN STEP	2026-10-07T15:21:04.7416085Z === RUN   TestEnrichLootItemsUsesChineseNamesAndCatalogSkinNames
windows-build	UNKNOWN STEP	2026-10-07T15:21:04.7416518Z --- PASS: TestEnrichLootItemsUsesChineseNamesAndCatalogSkinNames (0.00s)
windows-build	UNKNOWN STEP	2026-10-07T15:21:04.7416955Z === RUN   TestEnrichLootItemsRetainsTheLCUPendingShell
windows-build	UNKNOWN STEP	2026-10-07T15:21:04.7417562Z --- PASS: TestEnrichLootItemsRetainsTheLCUPendingShell (0.00s)
windows-build	UNKNOWN STEP	2026-10-07T15:21:04.7418428Z === RUN   TestPromotionChestUsesRequestedChineseName
windows-build	UNKNOWN STEP	2026-10-07T15:21:04.7419016Z --- PASS: TestPromotionChestUsesRequestedChineseName (0.00s)
windows-build	UNKNOWN STEP	2026-10-07T15:21:04.7419681Z === RUN   TestGenericAndPromotionChestsStayDistinctAndUseCurrentClientArtwork
windows-build	UNKNOWN STEP	2026-10-07T15:21:04.7420248Z --- PASS: TestGenericAndPromotionChestsStayDistinctAndUseCurrentClientArtwork (0.00s)
windows-build	UNKNOWN STEP	2026-10-07T15:21:04.7420838Z === RUN   TestCommunityDragonLootMetadataNamesMasterworkChestAndKeepsPromotionFallback
windows-build	UNKNOWN STEP	2026-10-07T15:21:04.7421455Z --- PASS: TestCommunityDragonLootMetadataNamesMasterworkChestAndKeepsPromotionFallback (0.00s)
windows-build	UNKNOWN STEP	2026-10-07T15:21:04.7421946Z === RUN   TestLootDiagnosticsAllPersistWithReviewedFields
windows-build	UNKNOWN STEP	2026-10-07T15:21:04.7439209Z --- PASS: TestLootDiagnosticsAllPersistWithReviewedFields (0.00s)
windows-build	UNKNOWN STEP	2026-10-07T15:21:04.7440303Z === RUN   TestLootEmptyShellFilteringStillReportsItsShape
windows-build	UNKNOWN STEP	2026-10-07T15:21:04.7467471Z --- PASS: TestLootEmptyShellFilteringStillReportsItsShape (0.00s)
windows-build	UNKNOWN STEP	2026-10-07T15:21:04.7468531Z === RUN   TestLootIDPrefixCoversKnownLCUTypes
windows-build	UNKNOWN STEP	2026-10-07T15:21:04.7469097Z --- PASS: TestLootIDPrefixCoversKnownLCUTypes (0.00s)
windows-build	UNKNOWN STEP	2026-10-07T15:21:04.7469710Z === RUN   TestLCURequestDiagnosticsCaptureRealTLSAndConnectionReuse
windows-build	UNKNOWN STEP	2026-10-07T15:21:04.7500857Z --- PASS: TestLCURequestDiagnosticsCaptureRealTLSAndConnectionReuse (0.00s)
windows-build	UNKNOWN STEP	2026-10-07T15:21:04.7501569Z === RUN   TestRewardTitleFiltersClientPlaceholders
windows-build	UNKNOWN STEP	2026-10-07T15:21:04.7502154Z --- PASS: TestRewardTitleFiltersClientPlaceholders (0.00s)
windows-build	UNKNOWN STEP	2026-10-07T15:21:04.7502753Z === RUN   TestPendingGrantPlaceholderDoesNotInventPassSource
windows-build	UNKNOWN STEP	2026-10-07T15:21:04.7508693Z --- PASS: TestPendingGrantPlaceholderDoesNotInventPassSource (0.00s)
windows-build	UNKNOWN STEP	2026-10-07T15:21:04.7509360Z === RUN   TestOptionalCapabilityCancellationIsNotFailure
windows-build	UNKNOWN STEP	2026-10-07T15:21:04.7509999Z --- PASS: TestOptionalCapabilityCancellationIsNotFailure (0.00s)
windows-build	UNKNOWN STEP	2026-10-07T15:21:04.7510645Z === RUN   TestSanctumSparkWalletSupportsTencentWalletShapes
windows-build	UNKNOWN STEP	2026-10-07T15:21:04.7544570Z --- PASS: TestSanctumSparkWalletSupportsTencentWalletShapes (0.00s)
windows-build	UNKNOWN STEP	2026-10-07T15:21:04.7545529Z === RUN   TestOwnedChampionIDsDoNotConfuseNestedSkins
windows-build	UNKNOWN STEP	2026-10-07T15:21:04.7546306Z --- PASS: TestOwnedChampionIDsDoNotConfuseNestedSkins (0.00s)
windows-build	UNKNOWN STEP	2026-10-07T15:21:04.7547064Z === RUN   TestRPPriceRequiresExplicitRPCurrency
windows-build	UNKNOWN STEP	2026-10-07T15:21:04.7547986Z --- PASS: TestRPPriceRequiresExplicitRPCurrency (0.00s)
windows-build	UNKNOWN STEP	2026-10-07T15:21:04.7548608Z === RUN   TestSkinBorderRequiresMatchingSkinAugment
windows-build	UNKNOWN STEP	2026-10-07T15:21:04.7549182Z --- PASS: TestSkinBorderRequiresMatchingSkinAugment (0.00s)
windows-build	UNKNOWN STEP	2026-10-07T15:21:04.7549656Z === RUN   TestLCUEventRefreshScopes
windows-build	UNKNOWN STEP	2026-10-07T15:21:04.7550217Z === RUN   TestLCUEventRefreshScopes//lol-champions/v1/inventories/123
windows-build	UNKNOWN STEP	2026-10-07T15:21:04.7550961Z --- PASS: TestLCUEventRefreshScopes//lol-champions/v1/inventories/123 (0.00s)
windows-build	UNKNOWN STEP	2026-10-07T15:21:04.7551711Z === RUN   TestLCUEventRefreshScopes//lol-champion-mastery/v1/player/123
windows-build	UNKNOWN STEP	2026-10-07T15:21:04.7552620Z --- PASS: TestLCUEventRefreshScopes//lol-champion-mastery/v1/player/123 (0.00s)
windows-build	UNKNOWN STEP	2026-10-07T15:21:04.7553086Z === RUN   TestLCUEventRefreshScopes//lol-inventory/v2/inventory/CHAMPION_SKIN
windows-build	UNKNOWN STEP	2026-10-07T15:21:04.7553573Z --- PASS: TestLCUEventRefreshScopes//lol-inventory/v2/inventory/CHAMPION_SKIN (0.00s)
windows-build	UNKNOWN STEP	2026-10-07T15:21:04.7554289Z === RUN   TestLCUEventRefreshScopes//lol-summoner/v1/current-summoner
windows-build	UNKNOWN STEP	2026-10-07T15:21:04.7555239Z --- PASS: TestLCUEventRefreshScopes//lol-summoner/v1/current-summoner (0.00s)
windows-build	UNKNOWN STEP	2026-10-07T15:21:04.7556084Z === RUN   TestLCUEventRefreshScopes//lol-summoner/v1/current-summoner/summoner-profile
windows-build	UNKNOWN STEP	2026-10-07T15:21:04.7557078Z --- PASS: TestLCUEventRefreshScopes//lol-summoner/v1/current-summoner/summoner-profile (0.00s)
windows-build	UNKNOWN STEP	2026-10-07T15:21:04.7557824Z === RUN   TestLCUEventRefreshScopes//lol-chat/v1/me
windows-build	UNKNOWN STEP	2026-10-07T15:21:04.7558435Z --- PASS: TestLCUEventRefreshScopes//lol-chat/v1/me (0.00s)
windows-build	UNKNOWN STEP	2026-10-07T15:21:04.7559121Z === RUN   TestLCUEventRefreshScopes//lol-loot/v1/player-loot-map/item
windows-build	UNKNOWN STEP	2026-10-07T15:21:04.7560144Z --- PASS: TestLCUEventRefreshScopes//lol-loot/v1/player-loot-map/item (0.00s)
windows-build	UNKNOWN STEP	2026-10-07T15:21:04.7560899Z === RUN   TestLCUEventRefreshScopes//lol-rewards/v1/grants/1
windows-build	UNKNOWN STEP	2026-10-07T15:21:04.7561595Z --- PASS: TestLCUEventRefreshScopes//lol-rewards/v1/grants/1 (0.00s)
windows-build	UNKNOWN STEP	2026-10-07T15:21:04.7562202Z --- PASS: TestLCUEventRefreshScopes (0.00s)
windows-build	UNKNOWN STEP	2026-10-07T15:21:04.7562778Z === RUN   TestLCUEventStreamAcceptsMessageAboveOneMiB
windows-build	UNKNOWN STEP	2026-10-07T15:21:04.7850704Z --- PASS: TestLCUEventStreamAcceptsMessageAboveOneMiB (0.03s)
windows-build	UNKNOWN STEP	2026-10-07T15:21:04.7851398Z === RUN   TestLCUEventStreamReadLimitReportsRecentTopURIs
windows-build	UNKNOWN STEP	2026-10-07T15:21:04.8187485Z --- PASS: TestLCUEventStreamReadLimitReportsRecentTopURIs (0.03s)
windows-build	UNKNOWN STEP	2026-10-07T15:21:04.8188162Z === RUN   TestCollectionDebounceOnlyMarksDirty
windows-build	UNKNOWN STEP	2026-10-07T15:21:04.8188632Z --- PASS: TestCollectionDebounceOnlyMarksDirty (0.00s)
windows-build	UNKNOWN STEP	2026-10-07T15:21:04.8189230Z === RUN   TestDebouncedAccountAndCollectionScopesPreserveBothActions
windows-build	UNKNOWN STEP	2026-10-07T15:21:04.8190048Z --- PASS: TestDebouncedAccountAndCollectionScopesPreserveBothActions (0.00s)
windows-build	UNKNOWN STEP	2026-10-07T15:21:04.8191088Z === RUN   TestSuccessfulSnapshotCommitClearsOnlyExistingCollectionDirtyState
windows-build	UNKNOWN STEP	2026-10-07T15:21:04.8191972Z --- PASS: TestSuccessfulSnapshotCommitClearsOnlyExistingCollectionDirtyState (0.00s)
windows-build	UNKNOWN STEP	2026-10-07T15:21:04.8192683Z === RUN   TestRefreshWithClientSuccessClearsCollectionDirty
windows-build	UNKNOWN STEP	2026-10-07T15:21:04.8279716Z --- PASS: TestRefreshWithClientSuccessClearsCollectionDirty (0.01s)
windows-build	UNKNOWN STEP	2026-10-07T15:21:04.8280375Z === RUN   TestStatusReportsCollectionDirty
windows-build	UNKNOWN STEP	2026-10-07T15:21:04.8282718Z --- PASS: TestStatusReportsCollectionDirty (0.00s)
windows-build	UNKNOWN STEP	2026-10-07T15:21:04.8283539Z === RUN   TestSettleBlankLootEndsPendingStateWithoutMutatingTheSharedSlice
windows-build	UNKNOWN STEP	2026-10-07T15:21:04.8284097Z --- PASS: TestSettleBlankLootEndsPendingStateWithoutMutatingTheSharedSlice (0.00s)
windows-build	UNKNOWN STEP	2026-10-07T15:21:04.8284651Z === RUN   TestRetryExhaustionStopsPresentingTheBlankRecordAsNotSyncedYet
windows-build	UNKNOWN STEP	2026-10-07T15:21:04.8330356Z --- PASS: TestRetryExhaustionStopsPresentingTheBlankRecordAsNotSyncedYet (0.00s)
windows-build	UNKNOWN STEP	2026-10-07T15:21:04.8331111Z === RUN   TestRetryBudgetNotSpentYetDoesNotSettle
windows-build	UNKNOWN STEP	2026-10-07T15:21:04.8331475Z --- PASS: TestRetryBudgetNotSpentYetDoesNotSettle (0.00s)
windows-build	UNKNOWN STEP	2026-10-07T15:21:04.8331905Z === RUN   TestPlayerLootKeepsTheBlankRecordLastAndLogsOnlyItsFieldNames
windows-build	UNKNOWN STEP	2026-10-07T15:21:04.8360772Z --- PASS: TestPlayerLootKeepsTheBlankRecordLastAndLogsOnlyItsFieldNames (0.00s)
windows-build	UNKNOWN STEP	2026-10-07T15:21:04.8361806Z === RUN   TestBlankLootDropsImagePathsButKeepsDiagnosticAsset
windows-build	UNKNOWN STEP	2026-10-07T15:21:04.8362265Z --- PASS: TestBlankLootDropsImagePathsButKeepsDiagnosticAsset (0.00s)
windows-build	UNKNOWN STEP	2026-10-07T15:21:04.8362699Z === RUN   TestStripSolidPNGBackgroundRemovesOnlyTheBackground
windows-build	UNKNOWN STEP	2026-10-07T15:21:04.8375220Z --- PASS: TestStripSolidPNGBackgroundRemovesOnlyTheBackground (0.00s)
windows-build	UNKNOWN STEP	2026-10-07T15:21:04.8375977Z === RUN   TestStripSolidPNGBackgroundLeavesOtherImagesAlone
windows-build	UNKNOWN STEP	2026-10-07T15:21:04.8388462Z --- PASS: TestStripSolidPNGBackgroundLeavesOtherImagesAlone (0.00s)
windows-build	UNKNOWN STEP	2026-10-07T15:21:04.8389589Z === RUN   TestCommunityDragonImagePathsCoverFrontendLootIcons
windows-build	UNKNOWN STEP	2026-10-07T15:21:04.8390282Z --- PASS: TestCommunityDragonImagePathsCoverFrontendLootIcons (0.00s)
windows-build	UNKNOWN STEP	2026-10-07T15:21:04.8391399Z === RUN   TestHandleImageReturns404ForMissingLegacyLootIcons
windows-build	UNKNOWN STEP	2026-10-07T15:21:04.8391879Z --- PASS: TestHandleImageReturns404ForMissingLegacyLootIcons (0.00s)
windows-build	UNKNOWN STEP	2026-10-07T15:21:04.8392565Z === RUN   TestLootNamingAccountRefreshUsesClientCatalogs
windows-build	UNKNOWN STEP	2026-10-07T15:21:04.8415536Z --- PASS: TestLootNamingAccountRefreshUsesClientCatalogs (0.00s)
windows-build	UNKNOWN STEP	2026-10-07T15:21:04.8416309Z === RUN   TestLootNamingPublicCatalogFallbackIsCachedAndPrivate
windows-build	UNKNOWN STEP	2026-10-07T15:21:04.8437332Z --- PASS: TestLootNamingPublicCatalogFallbackIsCachedAndPrivate (0.00s)
windows-build	UNKNOWN STEP	2026-10-07T15:21:04.8437846Z === RUN   TestLootNamingSharedDeadlineAndOfflineFallback
windows-build	UNKNOWN STEP	2026-10-07T15:21:04.9948143Z --- PASS: TestLootNamingSharedDeadlineAndOfflineFallback (0.15s)
windows-build	UNKNOWN STEP	2026-10-07T15:21:04.9949379Z === RUN   TestLootNamingPreservesLocalNamesAndReportsUnresolvedCategories
windows-build	UNKNOWN STEP	2026-10-07T15:21:04.9950295Z --- PASS: TestLootNamingPreservesLocalNamesAndReportsUnresolvedCategories (0.00s)
windows-build	UNKNOWN STEP	2026-10-07T15:21:04.9950934Z === RUN   TestRankAbsoluteScore
windows-build	UNKNOWN STEP	2026-10-07T15:21:04.9951331Z --- PASS: TestRankAbsoluteScore (0.00s)
windows-build	UNKNOWN STEP	2026-10-07T15:21:04.9951795Z === RUN   TestRankFromScoreRoundTrip
windows-build	UNKNOWN STEP	2026-10-07T15:21:04.9952239Z --- PASS: TestRankFromScoreRoundTrip (0.00s)
windows-build	UNKNOWN STEP	2026-10-07T15:21:04.9952706Z === RUN   TestLPSnapshotTrustworthy
windows-build	UNKNOWN STEP	2026-10-07T15:21:04.9953134Z === RUN   TestLPSnapshotTrustworthy/complete
windows-build	UNKNOWN STEP	2026-10-07T15:21:04.9953584Z --- PASS: TestLPSnapshotTrustworthy/complete (0.00s)
windows-build	UNKNOWN STEP	2026-10-07T15:21:04.9954071Z === RUN   TestLPSnapshotTrustworthy/missing_losses
windows-build	UNKNOWN STEP	2026-10-07T15:21:04.9954583Z --- PASS: TestLPSnapshotTrustworthy/missing_losses (0.00s)
windows-build	UNKNOWN STEP	2026-10-07T15:21:04.9955096Z === RUN   TestLPSnapshotTrustworthy/unplayed
windows-build	UNKNOWN STEP	2026-10-07T15:21:04.9955587Z --- PASS: TestLPSnapshotTrustworthy/unplayed (0.00s)
windows-build	UNKNOWN STEP	2026-10-07T15:21:04.9956070Z === RUN   TestLPSnapshotTrustworthy/losses_only
windows-build	UNKNOWN STEP	2026-10-07T15:21:04.9956554Z --- PASS: TestLPSnapshotTrustworthy/losses_only (0.00s)
windows-build	UNKNOWN STEP	2026-10-07T15:21:04.9957057Z --- PASS: TestLPSnapshotTrustworthy (0.00s)
windows-build	UNKNOWN STEP	2026-10-07T15:21:04.9957560Z === RUN   TestLPTrackerObserveRejectsIncompleteSnapshot
windows-build	UNKNOWN STEP	2026-10-07T15:21:04.9961836Z --- PASS: TestLPTrackerObserveRejectsIncompleteSnapshot (0.00s)
windows-build	UNKNOWN STEP	2026-10-07T15:21:04.9962763Z === RUN   TestLPTrackerCaptureRecordsDiagnostics
windows-build	UNKNOWN STEP	2026-10-07T15:21:05.0091280Z --- PASS: TestLPTrackerCaptureRecordsDiagnostics (0.01s)
windows-build	UNKNOWN STEP	2026-10-07T15:21:05.0091946Z === RUN   TestLPTrackerCaptureTimeoutDiagnostics
windows-build	UNKNOWN STEP	2026-10-07T15:21:05.0197182Z --- PASS: TestLPTrackerCaptureTimeoutDiagnostics (0.01s)
windows-build	UNKNOWN STEP	2026-10-07T15:21:05.0197604Z === RUN   TestLPTrackerCaptureRejectsIncompleteSnapshot
windows-build	UNKNOWN STEP	2026-10-07T15:21:05.0746368Z --- PASS: TestLPTrackerCaptureRejectsIncompleteSnapshot (0.05s)
windows-build	UNKNOWN STEP	2026-10-07T15:21:05.0747040Z === RUN   TestLPTrackerCaptureReportsSkippedReasons
windows-build	UNKNOWN STEP	2026-10-07T15:21:05.0748479Z === RUN   TestLPTrackerCaptureReportsSkippedReasons/no_baseline
windows-build	UNKNOWN STEP	2026-10-07T15:21:05.1044331Z --- PASS: TestLPTrackerCaptureReportsSkippedReasons/no_baseline (0.03s)
windows-build	UNKNOWN STEP	2026-10-07T15:21:05.1045076Z === RUN   TestLPTrackerCaptureReportsSkippedReasons/games_jumped
windows-build	UNKNOWN STEP	2026-10-07T15:21:05.1158737Z --- PASS: TestLPTrackerCaptureReportsSkippedReasons/games_jumped (0.01s)
windows-build	UNKNOWN STEP	2026-10-07T15:21:05.1159283Z === RUN   TestLPTrackerCaptureReportsSkippedReasons/score_unresolved
windows-build	UNKNOWN STEP	2026-10-07T15:21:05.1249255Z --- PASS: TestLPTrackerCaptureReportsSkippedReasons/score_unresolved (0.01s)
windows-build	UNKNOWN STEP	2026-10-07T15:21:05.1250103Z --- PASS: TestLPTrackerCaptureReportsSkippedReasons (0.05s)
windows-build	UNKNOWN STEP	2026-10-07T15:21:05.1250729Z === RUN   TestLPTrackerCaptureReportsEarlyExitReasons
windows-build	UNKNOWN STEP	2026-10-07T15:21:05.1265177Z --- PASS: TestLPTrackerCaptureReportsEarlyExitReasons (0.00s)
windows-build	UNKNOWN STEP	2026-10-07T15:21:05.1265642Z === RUN   TestLPTrackerObserveAnnotatePersist
windows-build	UNKNOWN STEP	2026-10-07T15:21:05.1426952Z --- PASS: TestLPTrackerObserveAnnotatePersist (0.02s)
windows-build	UNKNOWN STEP	2026-10-07T15:21:05.1427576Z === RUN   TestLPTrackerInvalidatesLegacyPlaintextHistory
windows-build	UNKNOWN STEP	2026-10-07T15:21:05.1545281Z --- PASS: TestLPTrackerInvalidatesLegacyPlaintextHistory (0.01s)
windows-build	UNKNOWN STEP	2026-10-07T15:21:05.1545983Z === RUN   TestLPHistoryRejectsMoreThanTheRetentionLimit
windows-build	UNKNOWN STEP	2026-10-07T15:21:05.1546623Z --- PASS: TestLPHistoryRejectsMoreThanTheRetentionLimit (0.00s)
windows-build	UNKNOWN STEP	2026-10-07T15:21:05.1547172Z === RUN   TestItemSlotsKeepPositions
windows-build	UNKNOWN STEP	2026-10-07T15:21:05.1547872Z --- PASS: TestItemSlotsKeepPositions (0.00s)
windows-build	UNKNOWN STEP	2026-10-07T15:21:05.1548354Z === RUN   TestR182LossGapTwoUsesGameStartScore
windows-build	UNKNOWN STEP	2026-10-07T15:21:05.1711039Z --- PASS: TestR182LossGapTwoUsesGameStartScore (0.02s)
windows-build	UNKNOWN STEP	2026-10-07T15:21:05.1711467Z === RUN   TestR182ProjectedLossWinWithUnchangedGames
windows-build	UNKNOWN STEP	2026-10-07T15:21:05.1883216Z --- PASS: TestR182ProjectedLossWinWithUnchangedGames (0.02s)
windows-build	UNKNOWN STEP	2026-10-07T15:21:05.1883668Z === RUN   TestR182ScoreSettlesBeforeDelayedGameCount
windows-build	UNKNOWN STEP	2026-10-07T15:21:05.1884065Z === RUN   TestR182ScoreSettlesBeforeDelayedGameCount/score-first
windows-build	UNKNOWN STEP	2026-10-07T15:21:05.2073465Z --- PASS: TestR182ScoreSettlesBeforeDelayedGameCount/score-first (0.02s)
windows-build	UNKNOWN STEP	2026-10-07T15:21:05.2074322Z === RUN   TestR182ScoreSettlesBeforeDelayedGameCount/changes-twice
windows-build	UNKNOWN STEP	2026-10-07T15:21:05.2250588Z --- PASS: TestR182ScoreSettlesBeforeDelayedGameCount/changes-twice (0.02s)
windows-build	UNKNOWN STEP	2026-10-07T15:21:05.2251412Z === RUN   TestR182ScoreSettlesBeforeDelayedGameCount/never-stable
windows-build	UNKNOWN STEP	2026-10-07T15:21:05.2422797Z --- PASS: TestR182ScoreSettlesBeforeDelayedGameCount/never-stable (0.02s)
windows-build	UNKNOWN STEP	2026-10-07T15:21:05.2423428Z --- PASS: TestR182ScoreSettlesBeforeDelayedGameCount (0.05s)
windows-build	UNKNOWN STEP	2026-10-07T15:21:05.2423822Z === RUN   TestR182ProtectionTimeoutAndSourceMismatch
windows-build	UNKNOWN STEP	2026-10-07T15:21:05.2424180Z === RUN   TestR182ProtectionTimeoutAndSourceMismatch/unchanged
windows-build	UNKNOWN STEP	2026-10-07T15:21:05.2611307Z --- PASS: TestR182ProtectionTimeoutAndSourceMismatch/unchanged (0.02s)
windows-build	UNKNOWN STEP	2026-10-07T15:21:05.2611932Z === RUN   TestR182ProtectionTimeoutAndSourceMismatch/same-source-unchanged-after-fallback
windows-build	UNKNOWN STEP	2026-10-07T15:21:05.2768305Z --- PASS: TestR182ProtectionTimeoutAndSourceMismatch/same-source-unchanged-after-fallback (0.02s)
windows-build	UNKNOWN STEP	2026-10-07T15:21:05.2768916Z === RUN   TestR182ProtectionTimeoutAndSourceMismatch/false
windows-build	UNKNOWN STEP	2026-10-07T15:21:05.2938909Z --- PASS: TestR182ProtectionTimeoutAndSourceMismatch/false (0.02s)
windows-build	UNKNOWN STEP	2026-10-07T15:21:05.2939637Z === RUN   TestR182ProtectionTimeoutAndSourceMismatch/true
windows-build	UNKNOWN STEP	2026-10-07T15:21:05.3127965Z --- PASS: TestR182ProtectionTimeoutAndSourceMismatch/true (0.02s)
windows-build	UNKNOWN STEP	2026-10-07T15:21:05.3129053Z --- PASS: TestR182ProtectionTimeoutAndSourceMismatch (0.07s)
windows-build	UNKNOWN STEP	2026-10-07T15:21:05.3129607Z === RUN   TestR182ObserveCannotReplaceGameStart
windows-build	UNKNOWN STEP	2026-10-07T15:21:05.3359948Z --- PASS: TestR182ObserveCannotReplaceGameStart (0.02s)
windows-build	UNKNOWN STEP	2026-10-07T15:21:05.3360687Z === RUN   TestR182SeasonFallbackSkippedAndDiagnosticsDedup
windows-build	UNKNOWN STEP	2026-10-07T15:21:05.3690270Z --- PASS: TestR182SeasonFallbackSkippedAndDiagnosticsDedup (0.03s)
windows-build	UNKNOWN STEP	2026-10-07T15:21:05.3691067Z === RUN   TestR182HistorySchemaOneCompatibilityAndStartRoundTrip
windows-build	UNKNOWN STEP	2026-10-07T15:21:05.3957382Z --- PASS: TestR182HistorySchemaOneCompatibilityAndStartRoundTrip (0.03s)
windows-build	UNKNOWN STEP	2026-10-07T15:21:05.3958135Z === RUN   TestR182StartRetryBudgetAndPhaseDedup
windows-build	UNKNOWN STEP	2026-10-07T15:21:05.4178353Z --- PASS: TestR182StartRetryBudgetAndPhaseDedup (0.02s)
windows-build	UNKNOWN STEP	2026-10-07T15:21:05.4179098Z === RUN   TestR182DiagnosticPrivacyAndBaselineAge
windows-build	UNKNOWN STEP	2026-10-07T15:21:05.5650822Z --- PASS: TestR182DiagnosticPrivacyAndBaselineAge (0.15s)
windows-build	UNKNOWN STEP	2026-10-07T15:21:05.5651442Z === RUN   TestR182GameflowEventsStartThenSettlement
windows-build	UNKNOWN STEP	2026-10-07T15:21:05.5885937Z --- PASS: TestR182GameflowEventsStartThenSettlement (0.02s)
windows-build	UNKNOWN STEP	2026-10-07T15:21:05.5886554Z === RUN   TestR182NoStartKeepsFirstEligibleDecision
windows-build	UNKNOWN STEP	2026-10-07T15:21:05.6094278Z --- PASS: TestR182NoStartKeepsFirstEligibleDecision (0.02s)
windows-build	UNKNOWN STEP	2026-10-07T15:21:05.6094739Z === RUN   TestBootstrapSetsHttpOnlyCookieAndRedirects
windows-build	UNKNOWN STEP	2026-10-07T15:21:05.6095149Z --- PASS: TestBootstrapSetsHttpOnlyCookieAndRedirects (0.00s)
windows-build	UNKNOWN STEP	2026-10-07T15:21:05.6095499Z === RUN   TestLootIconPNGsUseRGBAColorType
windows-build	UNKNOWN STEP	2026-10-07T15:21:05.6119576Z --- PASS: TestLootIconPNGsUseRGBAColorType (0.00s)
windows-build	UNKNOWN STEP	2026-10-07T15:21:05.6120274Z === RUN   TestR117EmbeddedRasterBudgetsStayDownsampled
windows-build	UNKNOWN STEP	2026-10-07T15:21:05.6134748Z --- PASS: TestR117EmbeddedRasterBudgetsStayDownsampled (0.00s)
windows-build	UNKNOWN STEP	2026-10-07T15:21:05.6135392Z === RUN   TestBootstrapReissuesCookieForTrustedNavigation
windows-build	UNKNOWN STEP	2026-10-07T15:21:05.6135862Z --- PASS: TestBootstrapReissuesCookieForTrustedNavigation (0.00s)
windows-build	UNKNOWN STEP	2026-10-07T15:21:05.6136813Z === RUN   TestStatusIncludesBuildFingerprint
windows-build	UNKNOWN STEP	2026-10-07T15:21:05.6137456Z --- PASS: TestStatusIncludesBuildFingerprint (0.00s)
windows-build	UNKNOWN STEP	2026-10-07T15:21:05.6138035Z === RUN   TestEmbeddedFilesystemExcludesDevOnlyFiles
windows-build	UNKNOWN STEP	2026-10-07T15:21:05.6143164Z --- PASS: TestEmbeddedFilesystemExcludesDevOnlyFiles (0.00s)
windows-build	UNKNOWN STEP	2026-10-07T15:21:05.6143749Z === RUN   TestWoff2ContentTypeIsRegistered
windows-build	UNKNOWN STEP	2026-10-07T15:21:05.6449126Z --- PASS: TestWoff2ContentTypeIsRegistered (0.03s)
windows-build	UNKNOWN STEP	2026-10-07T15:21:05.6449554Z === RUN   TestFontAssetsServeWithCorrectContentType
windows-build	UNKNOWN STEP	2026-10-07T15:21:05.6460475Z --- PASS: TestFontAssetsServeWithCorrectContentType (0.00s)
windows-build	UNKNOWN STEP	2026-10-07T15:21:05.6461302Z === RUN   TestBootstrapIgnoresCrossSiteAndNonNavigationRequests
windows-build	UNKNOWN STEP	2026-10-07T15:21:05.6462183Z --- PASS: TestBootstrapIgnoresCrossSiteAndNonNavigationRequests (0.00s)
windows-build	UNKNOWN STEP	2026-10-07T15:21:05.6462792Z === RUN   TestSessionTokenPersistsAcrossRestarts
windows-build	UNKNOWN STEP	2026-10-07T15:21:05.6578267Z --- PASS: TestSessionTokenPersistsAcrossRestarts (0.01s)
windows-build	UNKNOWN STEP	2026-10-07T15:21:05.6579759Z === RUN   TestAuthorizedAcceptsCookieAndRejectsMissingToken
windows-build	UNKNOWN STEP	2026-10-07T15:21:05.6581261Z --- PASS: TestAuthorizedAcceptsCookieAndRejectsMissingToken (0.00s)
windows-build	UNKNOWN STEP	2026-10-07T15:21:05.6581847Z === RUN   TestImagePathTraversalRejected
windows-build	UNKNOWN STEP	2026-10-07T15:21:05.6582289Z --- PASS: TestImagePathTraversalRejected (0.00s)
windows-build	UNKNOWN STEP	2026-10-07T15:21:05.6582890Z === RUN   TestCommunityDragonImagePathsCoverPluginAndGameAssets
windows-build	UNKNOWN STEP	2026-10-07T15:21:05.6584330Z --- PASS: TestCommunityDragonImagePathsCoverPluginAndGameAssets (0.00s)
windows-build	UNKNOWN STEP	2026-10-07T15:21:05.6585052Z === RUN   TestPrestigeArtworkURLIsFixedToTencentImageHost
windows-build	UNKNOWN STEP	2026-10-07T15:21:05.6585725Z --- PASS: TestPrestigeArtworkURLIsFixedToTencentImageHost (0.00s)
windows-build	UNKNOWN STEP	2026-10-07T15:21:05.6586453Z === RUN   TestPrestigeImageRejectsUnknownCatalogIDWithoutNetwork
windows-build	UNKNOWN STEP	2026-10-07T15:21:05.6587210Z --- PASS: TestPrestigeImageRejectsUnknownCatalogIDWithoutNetwork (0.00s)
windows-build	UNKNOWN STEP	2026-10-07T15:21:05.6587945Z === RUN   TestSkinArtworkURLIsFixedToTencentImageHost
windows-build	UNKNOWN STEP	2026-10-07T15:21:05.6588551Z --- PASS: TestSkinArtworkURLIsFixedToTencentImageHost (0.00s)
windows-build	UNKNOWN STEP	2026-10-07T15:21:05.6589162Z === RUN   TestSkinArtRejectsInvalidIDWithoutNetwork
windows-build	UNKNOWN STEP	2026-10-07T15:21:05.6589753Z --- PASS: TestSkinArtRejectsInvalidIDWithoutNetwork (0.00s)
windows-build	UNKNOWN STEP	2026-10-07T15:21:05.6590325Z === RUN   TestSkinArtServesValidatedCachedArtwork
windows-build	UNKNOWN STEP	2026-10-07T15:21:05.6590887Z --- PASS: TestSkinArtServesValidatedCachedArtwork (0.00s)
windows-build	UNKNOWN STEP	2026-10-07T15:21:05.6591494Z === RUN   TestPrestigeImageServesOnlyValidatedCachedArtwork
windows-build	UNKNOWN STEP	2026-10-07T15:21:05.6592155Z --- PASS: TestPrestigeImageServesOnlyValidatedCachedArtwork (0.00s)
windows-build	UNKNOWN STEP	2026-10-07T15:21:05.6592805Z === RUN   TestDesktopReadyUsesSingleMachineReadableLine
windows-build	UNKNOWN STEP	2026-10-07T15:21:05.6593456Z --- PASS: TestDesktopReadyUsesSingleMachineReadableLine (0.00s)
windows-build	UNKNOWN STEP	2026-10-07T15:21:05.6594056Z === RUN   TestClientLaunchRejectsUnknownInstallation
windows-build	UNKNOWN STEP	2026-10-07T15:21:05.6625474Z --- PASS: TestClientLaunchRejectsUnknownInstallation (0.00s)
windows-build	UNKNOWN STEP	2026-10-07T15:21:05.6626222Z === RUN   TestMergeClientLaunchCandidatePreservesOrderAndDeduplicates
windows-build	UNKNOWN STEP	2026-10-07T15:21:05.6627072Z --- PASS: TestMergeClientLaunchCandidatePreservesOrderAndDeduplicates (0.00s)
windows-build	UNKNOWN STEP	2026-10-07T15:21:05.6627883Z === RUN   TestWindowsClientDetectionUsesOrderedProductionBuilder
windows-build	UNKNOWN STEP	2026-10-07T15:21:05.6628668Z --- PASS: TestWindowsClientDetectionUsesOrderedProductionBuilder (0.00s)
windows-build	UNKNOWN STEP	2026-10-07T15:21:05.6629440Z === RUN   TestBuildDetectedClientInstallationsPutsShortcutsLast
windows-build	UNKNOWN STEP	2026-10-07T15:21:05.6815600Z --- PASS: TestBuildDetectedClientInstallationsPutsShortcutsLast (0.02s)
windows-build	UNKNOWN STEP	2026-10-07T15:21:05.6816466Z === RUN   TestLaunchClientCandidatesFallsBackInOrderAndStopsOnSuccess
windows-build	UNKNOWN STEP	2026-10-07T15:21:05.6817322Z --- PASS: TestLaunchClientCandidatesFallsBackInOrderAndStopsOnSuccess (0.00s)
windows-build	UNKNOWN STEP	2026-10-07T15:21:05.6819101Z === RUN   TestLaunchClientCandidatesReturnsSanitizedFailures
windows-build	UNKNOWN STEP	2026-10-07T15:21:05.6819946Z --- PASS: TestLaunchClientCandidatesReturnsSanitizedFailures (0.00s)
windows-build	UNKNOWN STEP	2026-10-07T15:21:05.6820722Z === RUN   TestOfficialLoginLaunchUsesOnlyDetectedTCLSAndRecordsSafeDiagnostics
windows-build	UNKNOWN STEP	2026-10-07T15:21:05.6837157Z --- PASS: TestOfficialLoginLaunchUsesOnlyDetectedTCLSAndRecordsSafeDiagnostics (0.00s)
windows-build	UNKNOWN STEP	2026-10-07T15:21:05.6838139Z === RUN   TestOfficialLoginLaunchRejectsCredentialFieldsBeforeLaunching
windows-build	UNKNOWN STEP	2026-10-07T15:21:05.6839011Z --- PASS: TestOfficialLoginLaunchRejectsCredentialFieldsBeforeLaunching (0.00s)
windows-build	UNKNOWN STEP	2026-10-07T15:21:05.6839816Z === RUN   TestOfficialLoginLaunchRejectsTrailingJSONBeforeLaunching
windows-build	UNKNOWN STEP	2026-10-07T15:21:05.6840601Z --- PASS: TestOfficialLoginLaunchRejectsTrailingJSONBeforeLaunching (0.00s)
windows-build	UNKNOWN STEP	2026-10-07T15:21:05.6841402Z === RUN   TestOfficialLoginLaunchRejectsOversizedBodyBeforeLaunching
windows-build	UNKNOWN STEP	2026-10-07T15:21:05.6842211Z --- PASS: TestOfficialLoginLaunchRejectsOversizedBodyBeforeLaunching (0.00s)
windows-build	UNKNOWN STEP	2026-10-07T15:21:05.6843035Z === RUN   TestClientLaunchSerializesRequestsAndAppliesSuccessCooldown
windows-build	UNKNOWN STEP	2026-10-07T15:21:05.6843874Z --- PASS: TestClientLaunchSerializesRequestsAndAppliesSuccessCooldown (0.00s)
windows-build	UNKNOWN STEP	2026-10-07T15:21:05.6844573Z === RUN   TestClientLaunchFailureReleasesServerLock
windows-build	UNKNOWN STEP	2026-10-07T15:21:05.6845183Z --- PASS: TestClientLaunchFailureReleasesServerLock (0.00s)
windows-build	UNKNOWN STEP	2026-10-07T15:21:05.6846101Z === RUN   TestOfficialLoginLaunchFailureDoesNotLogUnderlyingError
windows-build	UNKNOWN STEP	2026-10-07T15:21:05.6860700Z --- PASS: TestOfficialLoginLaunchFailureDoesNotLogUnderlyingError (0.00s)
windows-build	UNKNOWN STEP	2026-10-07T15:21:05.6861685Z === RUN   TestClientInstallationsDoNotExposeExecutableField
windows-build	UNKNOWN STEP	2026-10-07T15:21:05.6862413Z --- PASS: TestClientInstallationsDoNotExposeExecutableField (0.00s)
windows-build	UNKNOWN STEP	2026-10-07T15:21:05.6863157Z === RUN   TestClientInstallationScanDiagnosticDoesNotExposePaths
windows-build	UNKNOWN STEP	2026-10-07T15:21:05.6881065Z --- PASS: TestClientInstallationScanDiagnosticDoesNotExposePaths (0.00s)
windows-build	UNKNOWN STEP	2026-10-07T15:21:05.6881653Z === RUN   TestClassifyClientShortcut
windows-build	UNKNOWN STEP	2026-10-07T15:21:05.6882132Z --- PASS: TestClassifyClientShortcut (0.00s)
windows-build	UNKNOWN STEP	2026-10-07T15:21:05.6882686Z === RUN   TestPoolSkinsReturnsOnlySelectedPoolCatalog
windows-build	UNKNOWN STEP	2026-10-07T15:21:05.6883342Z --- PASS: TestPoolSkinsReturnsOnlySelectedPoolCatalog (0.00s)
windows-build	UNKNOWN STEP	2026-10-07T15:21:05.6884055Z === RUN   TestSnapshotPhaseOnlyReportsConnectedAfterSnapshotIsReady
windows-build	UNKNOWN STEP	2026-10-07T15:21:05.6884907Z --- PASS: TestSnapshotPhaseOnlyReportsConnectedAfterSnapshotIsReady (0.00s)
windows-build	UNKNOWN STEP	2026-10-07T15:21:05.6885913Z === RUN   TestOverviewColdBackgroundBeforeCollectionAndStatus
windows-build	UNKNOWN STEP	2026-10-07T15:21:05.7134686Z --- PASS: TestOverviewColdBackgroundBeforeCollectionAndStatus (0.03s)
windows-build	UNKNOWN STEP	2026-10-07T15:21:05.7135463Z === RUN   TestOverviewDirectBackdropSurvivesUnavailableCatalog
windows-build	UNKNOWN STEP	2026-10-07T15:21:05.7156240Z --- PASS: TestOverviewDirectBackdropSurvivesUnavailableCatalog (0.00s)
windows-build	UNKNOWN STEP	2026-10-07T15:21:05.7156976Z === RUN   TestOverviewUnavailableArtKeepsVerifiedFallback
windows-build	UNKNOWN STEP	2026-10-07T15:21:05.7157650Z --- PASS: TestOverviewUnavailableArtKeepsVerifiedFallback (0.00s)
windows-build	UNKNOWN STEP	2026-10-07T15:21:05.7158385Z === RUN   TestOverviewSlowCatalogDoesNotSkipBackdropOrBlockStatus
windows-build	UNKNOWN STEP	2026-10-07T15:21:05.8688425Z --- PASS: TestOverviewSlowCatalogDoesNotSkipBackdropOrBlockStatus (0.15s)
windows-build	UNKNOWN STEP	2026-10-07T15:21:05.8689354Z === RUN   TestParseTimelineFramesAcceptsKnownWrappers
windows-build	UNKNOWN STEP	2026-10-07T15:21:05.8690039Z === RUN   TestParseTimelineFramesAcceptsKnownWrappers/top-level
windows-build	UNKNOWN STEP	2026-10-07T15:21:05.8690862Z --- PASS: TestParseTimelineFramesAcceptsKnownWrappers/top-level (0.00s)
windows-build	UNKNOWN STEP	2026-10-07T15:21:05.8691530Z === RUN   TestParseTimelineFramesAcceptsKnownWrappers/info
windows-build	UNKNOWN STEP	2026-10-07T15:21:05.8692167Z --- PASS: TestParseTimelineFramesAcceptsKnownWrappers/info (0.00s)
windows-build	UNKNOWN STEP	2026-10-07T15:21:05.8693001Z === RUN   TestParseTimelineFramesAcceptsKnownWrappers/json
windows-build	UNKNOWN STEP	2026-10-07T15:21:05.8693580Z --- PASS: TestParseTimelineFramesAcceptsKnownWrappers/json (0.00s)
windows-build	UNKNOWN STEP	2026-10-07T15:21:05.8694186Z === RUN   TestParseTimelineFramesAcceptsKnownWrappers/bare
windows-build	UNKNOWN STEP	2026-10-07T15:21:05.8695701Z --- PASS: TestParseTimelineFramesAcceptsKnownWrappers/bare (0.00s)
windows-build	UNKNOWN STEP	2026-10-07T15:21:05.8696683Z --- PASS: TestParseTimelineFramesAcceptsKnownWrappers (0.00s)
windows-build	UNKNOWN STEP	2026-10-07T15:21:05.8697314Z === RUN   TestTimelineWrapperSourceKeepsExplicitEmptyLayer
windows-build	UNKNOWN STEP	2026-10-07T15:21:05.8697961Z --- PASS: TestTimelineWrapperSourceKeepsExplicitEmptyLayer (0.00s)
windows-build	UNKNOWN STEP	2026-10-07T15:21:05.8699194Z === RUN   TestTimelineEventDiagnosticsCaptureKeysWithoutValues
windows-build	UNKNOWN STEP	2026-10-07T15:21:05.8699763Z --- PASS: TestTimelineEventDiagnosticsCaptureKeysWithoutValues (0.00s)
windows-build	UNKNOWN STEP	2026-10-07T15:21:05.8700629Z === RUN   TestTimelineEventDiagnosticsScanAcrossFramesAndPreferUsefulEvents
windows-build	UNKNOWN STEP	2026-10-07T15:21:05.8701455Z --- PASS: TestTimelineEventDiagnosticsScanAcrossFramesAndPreferUsefulEvents (0.00s)
windows-build	UNKNOWN STEP	2026-10-07T15:21:05.8702557Z === RUN   TestTimelineEventDiagnosticsFallbackUsesMostInformativeEvent
windows-build	UNKNOWN STEP	2026-10-07T15:21:05.8703420Z --- PASS: TestTimelineEventDiagnosticsFallbackUsesMostInformativeEvent (0.00s)
windows-build	UNKNOWN STEP	2026-10-07T15:21:05.8704144Z === RUN   TestTimelineParticipantEventValidity
windows-build	UNKNOWN STEP	2026-10-07T15:21:05.8704905Z --- PASS: TestTimelineParticipantEventValidity (0.00s)
windows-build	UNKNOWN STEP	2026-10-07T15:21:05.8705625Z === RUN   TestTimelineDecisionReturnsStructuredAttempts
windows-build	UNKNOWN STEP	2026-10-07T15:21:05.8706108Z --- PASS: TestTimelineDecisionReturnsStructuredAttempts (0.00s)
windows-build	UNKNOWN STEP	2026-10-07T15:21:05.8706566Z === RUN   TestExtractParticipantTimelineGroupsPurchasesByMinute
windows-build	UNKNOWN STEP	2026-10-07T15:21:05.8707033Z --- PASS: TestExtractParticipantTimelineGroupsPurchasesByMinute (0.00s)
windows-build	UNKNOWN STEP	2026-10-07T15:21:05.8707520Z === RUN   TestExtractParticipantTimelineAcceptsEventTypeAlias
windows-build	UNKNOWN STEP	2026-10-07T15:21:05.8707946Z --- PASS: TestExtractParticipantTimelineAcceptsEventTypeAlias (0.00s)
windows-build	UNKNOWN STEP	2026-10-07T15:21:05.8708367Z === RUN   TestExtractParticipantTimelineUndoCancelsPurchase
windows-build	UNKNOWN STEP	2026-10-07T15:21:05.8708798Z --- PASS: TestExtractParticipantTimelineUndoCancelsPurchase (0.00s)
windows-build	UNKNOWN STEP	2026-10-07T15:21:05.8709196Z === RUN   TestExtractParticipantTimelineSkipsEvolveSkillUps
windows-build	UNKNOWN STEP	2026-10-07T15:21:05.8709579Z --- PASS: TestExtractParticipantTimelineSkipsEvolveSkillUps (0.00s)
windows-build	UNKNOWN STEP	2026-10-07T15:21:05.8710006Z === RUN   TestMatchTimelineCacheEvictsOldestEntries
windows-build	UNKNOWN STEP	2026-10-07T15:21:05.8710406Z --- PASS: TestMatchTimelineCacheEvictsOldestEntries (0.00s)
windows-build	UNKNOWN STEP	2026-10-07T15:21:05.8710948Z === RUN   TestR136MayhemSamplerRetriesUntilBothShapesSucceed
windows-build	UNKNOWN STEP	2026-10-07T15:21:05.8732539Z --- PASS: TestR136MayhemSamplerRetriesUntilBothShapesSucceed (0.00s)
windows-build	UNKNOWN STEP	2026-10-07T15:21:05.8733587Z === RUN   TestR136MayhemSamplerStopsAtFiveMinutes
windows-build	UNKNOWN STEP	2026-10-07T15:21:05.8762301Z --- PASS: TestR136MayhemSamplerStopsAtFiveMinutes (0.00s)
windows-build	UNKNOWN STEP	2026-10-07T15:21:05.8762938Z === RUN   TestR136MayhemSamplerStopsWhenGameflowLeaves
windows-build	UNKNOWN STEP	2026-10-07T15:21:05.8827642Z --- PASS: TestR136MayhemSamplerStopsWhenGameflowLeaves (0.01s)
windows-build	UNKNOWN STEP	2026-10-07T15:21:05.8828153Z === RUN   TestR136MayhemSamplerIsSingletonPerGame
windows-build	UNKNOWN STEP	2026-10-07T15:21:05.8898200Z --- PASS: TestR136MayhemSamplerIsSingletonPerGame (0.01s)
windows-build	UNKNOWN STEP	2026-10-07T15:21:05.8898769Z === RUN   TestR136MayhemSamplerErrorKinds
windows-build	UNKNOWN STEP	2026-10-07T15:21:05.8899251Z --- PASS: TestR136MayhemSamplerErrorKinds (0.00s)
windows-build	UNKNOWN STEP	2026-10-07T15:21:05.8899940Z === RUN   TestObjectiveDiagnosticsReadonlyContractAndStateTransition
windows-build	UNKNOWN STEP	2026-10-07T15:21:05.8950039Z --- PASS: TestObjectiveDiagnosticsReadonlyContractAndStateTransition (0.01s)
windows-build	UNKNOWN STEP	2026-10-07T15:21:05.8950828Z === RUN   TestObjectiveDiagnosticsShapesBoundedAndOpaquePaths
windows-build	UNKNOWN STEP	2026-10-07T15:21:05.8951606Z --- PASS: TestObjectiveDiagnosticsShapesBoundedAndOpaquePaths (0.00s)
windows-build	UNKNOWN STEP	2026-10-07T15:21:05.8952449Z === RUN   TestOverviewCatalogPreservesBothCompositions
windows-build	UNKNOWN STEP	2026-10-07T15:21:05.8984612Z --- PASS: TestOverviewCatalogPreservesBothCompositions (0.00s)
windows-build	UNKNOWN STEP	2026-10-07T15:21:05.8985511Z === RUN   TestAcceptWindowDiagnosticsDoNotSerializeHandles
windows-build	UNKNOWN STEP	2026-10-07T15:21:05.8986370Z --- PASS: TestAcceptWindowDiagnosticsDoNotSerializeHandles (0.00s)
windows-build	UNKNOWN STEP	2026-10-07T15:21:05.8987181Z === RUN   TestObjectiveEventRecorderDoesNotBlockSocketOnDiagnosticLock
windows-build	UNKNOWN STEP	2026-10-07T15:21:05.8987979Z --- PASS: TestObjectiveEventRecorderDoesNotBlockSocketOnDiagnosticLock (0.00s)
windows-build	UNKNOWN STEP	2026-10-07T15:21:05.8989145Z === RUN   TestOverviewDoesNotMixCenteredPosterWithCollectionAnimation
windows-build	UNKNOWN STEP	2026-10-07T15:21:05.8989695Z --- PASS: TestOverviewDoesNotMixCenteredPosterWithCollectionAnimation (0.00s)
windows-build	UNKNOWN STEP	2026-10-07T15:21:05.8990142Z === RUN   TestMatchOPGGAverageTierUsesClosestValidGame
windows-build	UNKNOWN STEP	2026-10-07T15:21:05.8990531Z --- PASS: TestMatchOPGGAverageTierUsesClosestValidGame (0.00s)
windows-build	UNKNOWN STEP	2026-10-07T15:21:05.8991131Z === RUN   TestParseOPGGHistoricalRanksKeeps2023AndNewerRankedSeasons
windows-build	UNKNOWN STEP	2026-10-07T15:21:05.8991619Z --- PASS: TestParseOPGGHistoricalRanksKeeps2023AndNewerRankedSeasons (0.00s)
windows-build	UNKNOWN STEP	2026-10-07T15:21:05.8992058Z === RUN   TestParseOPGGHistoricalRanksPreservesMissingLP
windows-build	UNKNOWN STEP	2026-10-07T15:21:05.8992449Z --- PASS: TestParseOPGGHistoricalRanksPreservesMissingLP (0.00s)
windows-build	UNKNOWN STEP	2026-10-07T15:21:05.8992805Z === RUN   TestOPGGHistoricalRanksSkipsPrivatePlayer
windows-build	UNKNOWN STEP	2026-10-07T15:21:05.8993164Z --- PASS: TestOPGGHistoricalRanksSkipsPrivatePlayer (0.00s)
windows-build	UNKNOWN STEP	2026-10-07T15:21:05.8993525Z === RUN   TestOPGGHistoricalRanksStartDoesNotBlockCaller
windows-build	UNKNOWN STEP	2026-10-07T15:21:05.9087377Z --- PASS: TestOPGGHistoricalRanksStartDoesNotBlockCaller (0.01s)
windows-build	UNKNOWN STEP	2026-10-07T15:21:05.9087946Z === RUN   TestGameplayMatchTiersKeepsCNContract
windows-build	UNKNOWN STEP	2026-10-07T15:21:05.9124493Z --- PASS: TestGameplayMatchTiersKeepsCNContract (0.00s)
windows-build	UNKNOWN STEP	2026-10-07T15:21:05.9125168Z === RUN   TestPlayerRankScoreCoalescesConcurrentLookup
windows-build	UNKNOWN STEP	2026-10-07T15:21:05.9138196Z --- PASS: TestPlayerRankScoreCoalescesConcurrentLookup (0.00s)
windows-build	UNKNOWN STEP	2026-10-07T15:21:05.9139521Z === RUN   TestPlayerRankScoreAllConcurrentFollowersReceiveLeaderResult
windows-build	UNKNOWN STEP	2026-10-07T15:21:05.9157079Z --- PASS: TestPlayerRankScoreAllConcurrentFollowersReceiveLeaderResult (0.00s)
windows-build	UNKNOWN STEP	2026-10-07T15:21:05.9159228Z === RUN   TestPlayerRankScoreNegativeCacheStopsImmediateLCURetry
windows-build	UNKNOWN STEP	2026-10-07T15:21:05.9184344Z --- PASS: TestPlayerRankScoreNegativeCacheStopsImmediateLCURetry (0.00s)
windows-build	UNKNOWN STEP	2026-10-07T15:21:05.9185299Z === RUN   TestGameplayMatchTiersUsesOneGlobalLCUConcurrencyGate
windows-build	UNKNOWN STEP	2026-10-07T15:21:06.0023027Z --- PASS: TestGameplayMatchTiersUsesOneGlobalLCUConcurrencyGate (0.08s)
windows-build	UNKNOWN STEP	2026-10-07T15:21:06.0023905Z === RUN   TestGameplayMatchTiersPropagatesReferencePrivacy
windows-build	UNKNOWN STEP	2026-10-07T15:21:06.0029731Z --- PASS: TestGameplayMatchTiersPropagatesReferencePrivacy (0.00s)
windows-build	UNKNOWN STEP	2026-10-07T15:21:06.0030374Z === RUN   TestGameplayMatchTiersBatchesKRWithoutLCU
windows-build	UNKNOWN STEP	2026-10-07T15:21:06.0032890Z --- PASS: TestGameplayMatchTiersBatchesKRWithoutLCU (0.00s)
windows-build	UNKNOWN STEP	2026-10-07T15:21:06.0033713Z === RUN   TestGameplayMatchTiersKRFailureAndCancellationDegrade
windows-build	UNKNOWN STEP	2026-10-07T15:21:06.0034438Z --- PASS: TestGameplayMatchTiersKRFailureAndCancellationDegrade (0.00s)
windows-build	UNKNOWN STEP	2026-10-07T15:21:06.0035191Z === RUN   TestGameplayMatchTiersKRHTTPFailureAndExpiredReference
windows-build	UNKNOWN STEP	2026-10-07T15:21:06.0035949Z --- PASS: TestGameplayMatchTiersKRHTTPFailureAndExpiredReference (0.00s)
windows-build	UNKNOWN STEP	2026-10-07T15:21:06.0036636Z === RUN   TestOPGGGameTiersCacheExpandsForOlderPages
windows-build	UNKNOWN STEP	2026-10-07T15:21:06.0040924Z --- PASS: TestOPGGGameTiersCacheExpandsForOlderPages (0.00s)
windows-build	UNKNOWN STEP	2026-10-07T15:21:06.0041436Z === RUN   TestOPGGGameTiersCoalescesConcurrentRequests
windows-build	UNKNOWN STEP	2026-10-07T15:21:06.0248956Z --- PASS: TestOPGGGameTiersCoalescesConcurrentRequests (0.02s)
windows-build	UNKNOWN STEP	2026-10-07T15:21:06.0249717Z === RUN   TestLoadRiotOverviewLoadsOPGGHistoryWithoutMatchTierRequests
windows-build	UNKNOWN STEP	2026-10-07T15:21:06.0256872Z --- PASS: TestLoadRiotOverviewLoadsOPGGHistoryWithoutMatchTierRequests (0.00s)
windows-build	UNKNOWN STEP	2026-10-07T15:21:06.0257716Z === RUN   TestRiotRateLimitRecordsDiagnosticAndRequestScopedCount
windows-build	UNKNOWN STEP	2026-10-07T15:21:06.0258973Z --- PASS: TestRiotRateLimitRecordsDiagnosticAndRequestScopedCount (0.00s)
windows-build	UNKNOWN STEP	2026-10-07T15:21:06.0260129Z === RUN   TestR117OPGGHistoricalRanksCachesConfirmedEmptyButNotFailure
windows-build	UNKNOWN STEP	2026-10-07T15:21:06.0261049Z === RUN   TestR117OPGGHistoricalRanksCachesConfirmedEmptyButNotFailure/confirmed-empty
windows-build	UNKNOWN STEP	2026-10-07T15:21:06.0262048Z --- PASS: TestR117OPGGHistoricalRanksCachesConfirmedEmptyButNotFailure/confirmed-empty (0.00s)
windows-build	UNKNOWN STEP	2026-10-07T15:21:06.0263052Z === RUN   TestR117OPGGHistoricalRanksCachesConfirmedEmptyButNotFailure/failure-not-cached
windows-build	UNKNOWN STEP	2026-10-07T15:21:06.0265388Z --- PASS: TestR117OPGGHistoricalRanksCachesConfirmedEmptyButNotFailure/failure-not-cached (0.00s)
windows-build	UNKNOWN STEP	2026-10-07T15:21:06.0279199Z --- PASS: TestR117OPGGHistoricalRanksCachesConfirmedEmptyButNotFailure (0.00s)
windows-build	UNKNOWN STEP	2026-10-07T15:21:06.0280002Z === RUN   TestOPGGProfileSeparatesProviderIDs
windows-build	UNKNOWN STEP	2026-10-07T15:21:06.0280595Z --- PASS: TestOPGGProfileSeparatesProviderIDs (0.00s)
windows-build	UNKNOWN STEP	2026-10-07T15:21:06.0281563Z === RUN   TestOPGGCurrentPageFreshnessAndReferences
windows-build	UNKNOWN STEP	2026-10-07T15:21:06.0311146Z --- PASS: TestOPGGCurrentPageFreshnessAndReferences (0.00s)
windows-build	UNKNOWN STEP	2026-10-07T15:21:06.0311748Z === RUN   TestOPGGSeasonRejectsConflictingMetadata
windows-build	UNKNOWN STEP	2026-10-07T15:21:06.0312508Z --- PASS: TestOPGGSeasonRejectsConflictingMetadata (0.00s)
windows-build	UNKNOWN STEP	2026-10-07T15:21:06.0313096Z === RUN   TestOPGGUserReportCapture
windows-build	UNKNOWN STEP	2026-10-07T15:21:06.0313648Z     opgg_player_page_test.go:92: local user-report capture
windows-build	UNKNOWN STEP	2026-10-07T15:21:06.0314158Z --- SKIP: TestOPGGUserReportCapture (0.00s)
windows-build	UNKNOWN STEP	2026-10-07T15:21:06.0314536Z === RUN   TestOPGGSeasonSummaryUsesExplicitAllRowAndPerGameAverages
windows-build	UNKNOWN STEP	2026-10-07T15:21:06.0315032Z --- PASS: TestOPGGSeasonSummaryUsesExplicitAllRowAndPerGameAverages (0.00s)
windows-build	UNKNOWN STEP	2026-10-07T15:21:06.0315469Z === RUN   TestOPGGSeasonSummarySingleFlightCacheAndPrivacy
windows-build	UNKNOWN STEP	2026-10-07T15:21:06.0524150Z --- PASS: TestOPGGSeasonSummarySingleFlightCacheAndPrivacy (0.02s)
windows-build	UNKNOWN STEP	2026-10-07T15:21:06.0525051Z === RUN   TestOPGGSeasonSummaryHandlerRequiresOpaqueKRReference
windows-build	UNKNOWN STEP	2026-10-07T15:21:06.0737341Z --- PASS: TestOPGGSeasonSummaryHandlerRequiresOpaqueKRReference (0.02s)
windows-build	UNKNOWN STEP	2026-10-07T15:21:06.0738075Z === RUN   TestOPGGSeasonSummaryObservedResponse
windows-build	UNKNOWN STEP	2026-10-07T15:21:06.0738815Z     opgg_season_summary_test.go:141: explicit local fixture probe
windows-build	UNKNOWN STEP	2026-10-07T15:21:06.0739487Z --- SKIP: TestOPGGSeasonSummaryObservedResponse (0.00s)
windows-build	UNKNOWN STEP	2026-10-07T15:21:06.0740220Z === RUN   TestOverviewQuerySnapshotKeyIncludesAllRequestDimensions
windows-build	UNKNOWN STEP	2026-10-07T15:21:06.0741072Z --- PASS: TestOverviewQuerySnapshotKeyIncludesAllRequestDimensions (0.00s)
windows-build	UNKNOWN STEP	2026-10-07T15:21:06.0741863Z === RUN   TestOverviewQuerySnapshotReusesIdenticalResponse
windows-build	UNKNOWN STEP	2026-10-07T15:21:06.0742646Z --- PASS: TestOverviewQuerySnapshotReusesIdenticalResponse (0.00s)
windows-build	UNKNOWN STEP	2026-10-07T15:21:06.0743425Z === RUN   TestOverviewQueryCacheRemovesExpiredEntriesAndCapsCapacity
windows-build	UNKNOWN STEP	2026-10-07T15:21:06.0779621Z --- PASS: TestOverviewQueryCacheRemovesExpiredEntriesAndCapsCapacity (0.00s)
windows-build	UNKNOWN STEP	2026-10-07T15:21:06.0780838Z === RUN   TestOverviewQueryCacheRefreshesExistingEntryWithoutGrowing
windows-build	UNKNOWN STEP	2026-10-07T15:21:06.0781594Z --- PASS: TestOverviewQueryCacheRefreshesExistingEntryWithoutGrowing (0.00s)
windows-build	UNKNOWN STEP	2026-10-07T15:21:06.0782367Z === RUN   TestCanceledOverviewOwnerDoesNotPopulateSnapshot
windows-build	UNKNOWN STEP	2026-10-07T15:21:06.0783099Z --- PASS: TestCanceledOverviewOwnerDoesNotPopulateSnapshot (0.00s)
windows-build	UNKNOWN STEP	2026-10-07T15:21:06.0783828Z === RUN   TestSeasonQuerySnapshotKeyIncludesSourceAndQueueScope
windows-build	UNKNOWN STEP	2026-10-07T15:21:06.0784581Z --- PASS: TestSeasonQuerySnapshotKeyIncludesSourceAndQueueScope (0.00s)
windows-build	UNKNOWN STEP	2026-10-07T15:21:06.0785367Z === RUN   TestRiotOverviewQuerySnapshotKeyIncludesSourceAndPagination
windows-build	UNKNOWN STEP	2026-10-07T15:21:06.0786229Z --- PASS: TestRiotOverviewQuerySnapshotKeyIncludesSourceAndPagination (0.00s)
windows-build	UNKNOWN STEP	2026-10-07T15:21:06.0786926Z === RUN   TestOverviewCurrentGameObservedContract
windows-build	UNKNOWN STEP	2026-10-07T15:21:06.0870683Z --- PASS: TestOverviewCurrentGameObservedContract (0.01s)
windows-build	UNKNOWN STEP	2026-10-07T15:21:06.0871379Z === RUN   TestOverviewCurrentGameReadOnlyCacheAndPrivacy
windows-build	UNKNOWN STEP	2026-10-07T15:21:06.0900726Z --- PASS: TestOverviewCurrentGameReadOnlyCacheAndPrivacy (0.00s)
windows-build	UNKNOWN STEP	2026-10-07T15:21:06.0901544Z === RUN   TestOverviewCurrentGameRejectsCNWithoutRequests
windows-build	UNKNOWN STEP	2026-10-07T15:21:06.0914541Z --- PASS: TestOverviewCurrentGameRejectsCNWithoutRequests (0.00s)
windows-build	UNKNOWN STEP	2026-10-07T15:21:06.0915625Z === RUN   TestOverviewCurrentGamePublicProbe
windows-build	UNKNOWN STEP	2026-10-07T15:21:06.0916512Z     overview_current_game_test.go:162: opt-in public-network verification
windows-build	UNKNOWN STEP	2026-10-07T15:21:06.0917112Z --- SKIP: TestOverviewCurrentGamePublicProbe (0.00s)
windows-build	UNKNOWN STEP	2026-10-07T15:21:06.0917601Z === RUN   TestOPGGSupplementsRecoverColdChampionCatalog
windows-build	UNKNOWN STEP	2026-10-07T15:21:06.0918122Z === RUN   TestOPGGSupplementsRecoverColdChampionCatalog/season
windows-build	UNKNOWN STEP	2026-10-07T15:21:06.0939503Z --- PASS: TestOPGGSupplementsRecoverColdChampionCatalog/season (0.00s)
windows-build	UNKNOWN STEP	2026-10-07T15:21:06.0940078Z === RUN   TestOPGGSupplementsRecoverColdChampionCatalog/current
windows-build	UNKNOWN STEP	2026-10-07T15:21:06.0981083Z --- PASS: TestOPGGSupplementsRecoverColdChampionCatalog/current (0.00s)
windows-build	UNKNOWN STEP	2026-10-07T15:21:06.0983076Z === RUN   TestOPGGSupplementsRecoverColdChampionCatalog/none
windows-build	UNKNOWN STEP	2026-10-07T15:21:06.0994190Z --- PASS: TestOPGGSupplementsRecoverColdChampionCatalog/none (0.00s)
windows-build	UNKNOWN STEP	2026-10-07T15:21:06.0996894Z --- PASS: TestOPGGSupplementsRecoverColdChampionCatalog (0.01s)
windows-build	UNKNOWN STEP	2026-10-07T15:21:06.0998249Z === RUN   TestBuildGameplayAbilityProfileUsesSamePositionRankedBaseline
windows-build	UNKNOWN STEP	2026-10-07T15:21:06.0999152Z --- PASS: TestBuildGameplayAbilityProfileUsesSamePositionRankedBaseline (0.00s)
windows-build	UNKNOWN STEP	2026-10-07T15:21:06.1000059Z === RUN   TestBuildGameplayAbilityProfileRequiresThreeComparableGames
windows-build	UNKNOWN STEP	2026-10-07T15:21:06.1000756Z --- PASS: TestBuildGameplayAbilityProfileRequiresThreeComparableGames (0.00s)
windows-build	UNKNOWN STEP	2026-10-07T15:21:06.1001381Z === RUN   TestBuildGameplayAbilityProfileIgnoresNonRankedMatches
windows-build	UNKNOWN STEP	2026-10-07T15:21:06.1001851Z --- PASS: TestBuildGameplayAbilityProfileIgnoresNonRankedMatches (0.00s)
windows-build	UNKNOWN STEP	2026-10-07T15:21:06.1002461Z === RUN   TestBuildGameplayAbilityProfileFallsBackToFlexWhenSoloSamplesAreInsufficient
windows-build	UNKNOWN STEP	2026-10-07T15:21:06.1003229Z --- PASS: TestBuildGameplayAbilityProfileFallsBackToFlexWhenSoloSamplesAreInsufficient (0.00s)
windows-build	UNKNOWN STEP	2026-10-07T15:21:06.1003691Z === RUN   TestAbilityGradeRange
windows-build	UNKNOWN STEP	2026-10-07T15:21:06.1003935Z --- PASS: TestAbilityGradeRange (0.00s)
windows-build	UNKNOWN STEP	2026-10-07T15:21:06.1004832Z === RUN   TestAbilityProfileFallsBackToSeasonSnapshotWhenDetailWindowHasNoFlexGames
windows-build	UNKNOWN STEP	2026-10-07T15:21:06.1005429Z --- PASS: TestAbilityProfileFallsBackToSeasonSnapshotWhenDetailWindowHasNoFlexGames (0.00s)
windows-build	UNKNOWN STEP	2026-10-07T15:21:06.1005952Z === RUN   TestSeasonSnapshotAbilityIgnoresEntriesWithoutTheNewFields
windows-build	UNKNOWN STEP	2026-10-07T15:21:06.1006637Z --- PASS: TestSeasonSnapshotAbilityIgnoresEntriesWithoutTheNewFields (0.00s)
windows-build	UNKNOWN STEP	2026-10-07T15:21:06.1007120Z === RUN   TestSeasonRecordRankedMatchCapturesAbilitySample
windows-build	UNKNOWN STEP	2026-10-07T15:21:06.1007618Z --- PASS: TestSeasonRecordRankedMatchCapturesAbilitySample (0.00s)
windows-build	UNKNOWN STEP	2026-10-07T15:21:06.1008043Z === RUN   TestBuildGameplayRankedQueuesUsesOnlyTheSharedRecentSample
windows-build	UNKNOWN STEP	2026-10-07T15:21:06.1008577Z --- PASS: TestBuildGameplayRankedQueuesUsesOnlyTheSharedRecentSample (0.00s)
windows-build	UNKNOWN STEP	2026-10-07T15:21:06.1009201Z === RUN   TestBuildGameplayRankedQueuesCapsEveryRecentCardAtTwentyMatches
windows-build	UNKNOWN STEP	2026-10-07T15:21:06.1010118Z --- PASS: TestBuildGameplayRankedQueuesCapsEveryRecentCardAtTwentyMatches (0.00s)
windows-build	UNKNOWN STEP	2026-10-07T15:21:06.1010564Z === RUN   TestPrestigeArtworkDiskCacheSurvivesStoreRestart
windows-build	UNKNOWN STEP	2026-10-07T15:21:06.1256324Z --- PASS: TestPrestigeArtworkDiskCacheSurvivesStoreRestart (0.03s)
windows-build	UNKNOWN STEP	2026-10-07T15:21:06.1257144Z === RUN   TestPrestigeArtworkDiskCacheRejectsExpiredAndCorruptFiles
windows-build	UNKNOWN STEP	2026-10-07T15:21:06.1558604Z --- PASS: TestPrestigeArtworkDiskCacheRejectsExpiredAndCorruptFiles (0.03s)
windows-build	UNKNOWN STEP	2026-10-07T15:21:06.1559314Z === RUN   TestProSupplementIdentityAllKRAccountsAndRank
windows-build	UNKNOWN STEP	2026-10-07T15:21:06.1561035Z --- PASS: TestProSupplementIdentityAllKRAccountsAndRank (0.00s)
windows-build	UNKNOWN STEP	2026-10-07T15:21:06.1562579Z === RUN   TestProSupplementFailureDoesNotEraseOPGG
windows-build	UNKNOWN STEP	2026-10-07T15:21:06.1563407Z --- PASS: TestProSupplementFailureDoesNotEraseOPGG (0.00s)
windows-build	UNKNOWN STEP	2026-10-07T15:21:06.1564605Z === RUN   TestProCapturedSupplements
windows-build	UNKNOWN STEP	2026-10-07T15:21:06.1565656Z     pro_players_supplement_test.go:71: set PRO_PLAYERS_SUPPLEMENT_CAPTURE to directory containing locally captured identity HTML
windows-build	UNKNOWN STEP	2026-10-07T15:21:06.1566506Z --- SKIP: TestProCapturedSupplements (0.00s)
windows-build	UNKNOWN STEP	2026-10-07T15:21:06.1567220Z === RUN   TestProIdentityGraphDeduplicatesRenameChainsAndTransitiveConflicts
windows-build	UNKNOWN STEP	2026-10-07T15:21:06.1568126Z --- PASS: TestProIdentityGraphDeduplicatesRenameChainsAndTransitiveConflicts (0.00s)
windows-build	UNKNOWN STEP	2026-10-07T15:21:06.1569184Z === RUN   TestProSupplementRetainsOnlyBoundedIdentitySnapshot
windows-build	UNKNOWN STEP	2026-10-07T15:21:06.1569828Z --- PASS: TestProSupplementRetainsOnlyBoundedIdentitySnapshot (0.00s)
windows-build	UNKNOWN STEP	2026-10-07T15:21:06.1571265Z === RUN   TestProPublicFetchRejectsUnsafeRedirectsAndCookies
windows-build	UNKNOWN STEP	2026-10-07T15:21:06.1571908Z === RUN   TestProPublicFetchRejectsUnsafeRedirectsAndCookies/directoryhttps://op.gg:8443/
windows-build	UNKNOWN STEP	2026-10-07T15:21:06.1572582Z --- PASS: TestProPublicFetchRejectsUnsafeRedirectsAndCookies/directoryhttps://op.gg:8443/ (0.00s)
windows-build	UNKNOWN STEP	2026-10-07T15:21:06.1573846Z === RUN   TestProPublicFetchRejectsUnsafeRedirectsAndCookies/directoryhttps://example.com/
windows-build	UNKNOWN STEP	2026-10-07T15:21:06.1574936Z --- PASS: TestProPublicFetchRejectsUnsafeRedirectsAndCookies/directoryhttps://example.com/ (0.00s)
windows-build	UNKNOWN STEP	2026-10-07T15:21:06.1575819Z === RUN   TestProPublicFetchRejectsUnsafeRedirectsAndCookies/directoryhttp://op.gg/
windows-build	UNKNOWN STEP	2026-10-07T15:21:06.1576782Z --- PASS: TestProPublicFetchRejectsUnsafeRedirectsAndCookies/directoryhttp://op.gg/ (0.00s)
windows-build	UNKNOWN STEP	2026-10-07T15:21:06.1577739Z === RUN   TestProPublicFetchRejectsUnsafeRedirectsAndCookies/directoryhttps://op.gg/other
windows-build	UNKNOWN STEP	2026-10-07T15:21:06.1578809Z --- PASS: TestProPublicFetchRejectsUnsafeRedirectsAndCookies/directoryhttps://op.gg/other (0.00s)
windows-build	UNKNOWN STEP	2026-10-07T15:21:06.1580322Z === RUN   TestProPublicFetchRejectsUnsafeRedirectsAndCookies/directoryhttps://op.gg/zh-cn/lol/spectate/list/pro-gamer?region=na
windows-build	UNKNOWN STEP	2026-10-07T15:21:06.1581781Z --- PASS: TestProPublicFetchRejectsUnsafeRedirectsAndCookies/directoryhttps://op.gg/zh-cn/lol/spectate/list/pro-gamer?region=na (0.00s)
windows-build	UNKNOWN STEP	2026-10-07T15:21:06.1583151Z === RUN   TestProPublicFetchRejectsUnsafeRedirectsAndCookies/directoryhttps://www.trackingthepros.com/player/Other
windows-build	UNKNOWN STEP	2026-10-07T15:21:06.1584542Z --- PASS: TestProPublicFetchRejectsUnsafeRedirectsAndCookies/directoryhttps://www.trackingthepros.com/player/Other (0.00s)
windows-build	UNKNOWN STEP	2026-10-07T15:21:06.1585954Z === RUN   TestProPublicFetchRejectsUnsafeRedirectsAndCookies/directoryhttps://www.trackingthepros.com:8443/player/TheShy
windows-build	UNKNOWN STEP	2026-10-07T15:21:06.1587433Z --- PASS: TestProPublicFetchRejectsUnsafeRedirectsAndCookies/directoryhttps://www.trackingthepros.com:8443/player/TheShy (0.00s)
windows-build	UNKNOWN STEP	2026-10-07T15:21:06.1588651Z === RUN   TestProPublicFetchRejectsUnsafeRedirectsAndCookies/supplementhttps://op.gg:8443/
windows-build	UNKNOWN STEP	2026-10-07T15:21:06.1590000Z --- PASS: TestProPublicFetchRejectsUnsafeRedirectsAndCookies/supplementhttps://op.gg:8443/ (0.00s)
windows-build	UNKNOWN STEP	2026-10-07T15:21:06.1591254Z === RUN   TestProPublicFetchRejectsUnsafeRedirectsAndCookies/supplementhttps://example.com/
windows-build	UNKNOWN STEP	2026-10-07T15:21:06.1592232Z --- PASS: TestProPublicFetchRejectsUnsafeRedirectsAndCookies/supplementhttps://example.com/ (0.00s)
windows-build	UNKNOWN STEP	2026-10-07T15:21:06.1593240Z === RUN   TestProPublicFetchRejectsUnsafeRedirectsAndCookies/supplementhttp://op.gg/
windows-build	UNKNOWN STEP	2026-10-07T15:21:06.1594289Z --- PASS: TestProPublicFetchRejectsUnsafeRedirectsAndCookies/supplementhttp://op.gg/ (0.00s)
windows-build	UNKNOWN STEP	2026-10-07T15:21:06.1595268Z === RUN   TestProPublicFetchRejectsUnsafeRedirectsAndCookies/supplementhttps://op.gg/other
windows-build	UNKNOWN STEP	2026-10-07T15:21:06.1596290Z --- PASS: TestProPublicFetchRejectsUnsafeRedirectsAndCookies/supplementhttps://op.gg/other (0.00s)
windows-build	UNKNOWN STEP	2026-10-07T15:21:06.1597577Z === RUN   TestProPublicFetchRejectsUnsafeRedirectsAndCookies/supplementhttps://op.gg/zh-cn/lol/spectate/list/pro-gamer?region=na
windows-build	UNKNOWN STEP	2026-10-07T15:21:06.1599019Z --- PASS: TestProPublicFetchRejectsUnsafeRedirectsAndCookies/supplementhttps://op.gg/zh-cn/lol/spectate/list/pro-gamer?region=na (0.00s)
windows-build	UNKNOWN STEP	2026-10-07T15:21:06.1600392Z === RUN   TestProPublicFetchRejectsUnsafeRedirectsAndCookies/supplementhttps://www.trackingthepros.com/player/Other
windows-build	UNKNOWN STEP	2026-10-07T15:21:06.1601698Z --- PASS: TestProPublicFetchRejectsUnsafeRedirectsAndCookies/supplementhttps://www.trackingthepros.com/player/Other (0.00s)
windows-build	UNKNOWN STEP	2026-10-07T15:21:06.1602521Z === RUN   TestProPublicFetchRejectsUnsafeRedirectsAndCookies/supplementhttps://www.trackingthepros.com:8443/player/TheShy
windows-build	UNKNOWN STEP	2026-10-07T15:21:06.1603334Z --- PASS: TestProPublicFetchRejectsUnsafeRedirectsAndCookies/supplementhttps://www.trackingthepros.com:8443/player/TheShy (0.00s)
windows-build	UNKNOWN STEP	2026-10-07T15:21:06.1603957Z --- PASS: TestProPublicFetchRejectsUnsafeRedirectsAndCookies (0.00s)
windows-build	UNKNOWN STEP	2026-10-07T15:21:06.1604371Z === RUN   TestProDirectoryParsesAllFlightRecordsAndRequiresKR
windows-build	UNKNOWN STEP	2026-10-07T15:21:06.1605360Z --- PASS: TestProDirectoryParsesAllFlightRecordsAndRequiresKR (0.00s)
windows-build	UNKNOWN STEP	2026-10-07T15:21:06.1605933Z === RUN   TestProRosterIdentityMergeExcludesAcademyCoachesHistoricalAndCollisions
windows-build	UNKNOWN STEP	2026-10-07T15:21:06.1606502Z --- PASS: TestProRosterIdentityMergeExcludesAcademyCoachesHistoricalAndCollisions (0.00s)
windows-build	UNKNOWN STEP	2026-10-07T15:21:06.1607071Z === RUN   TestProAccountRankingAndMissingRank
windows-build	UNKNOWN STEP	2026-10-07T15:21:06.1607395Z --- PASS: TestProAccountRankingAndMissingRank (0.00s)
windows-build	UNKNOWN STEP	2026-10-07T15:21:06.1607750Z === RUN   TestParseOPGGLadderRankUsesRequestedHighlightedRow
windows-build	UNKNOWN STEP	2026-10-07T15:21:06.1608161Z --- PASS: TestParseOPGGLadderRankUsesRequestedHighlightedRow (0.00s)
windows-build	UNKNOWN STEP	2026-10-07T15:21:06.1608574Z === RUN   TestFetchAndEnrichProLadderRankUsesFixedKRLeaderboard
windows-build	UNKNOWN STEP	2026-10-07T15:21:06.1609008Z --- PASS: TestFetchAndEnrichProLadderRankUsesFixedKRLeaderboard (0.00s)
windows-build	UNKNOWN STEP	2026-10-07T15:21:06.1609398Z === RUN   TestProCacheSingleflightRefreshBackoffAndStale
windows-build	UNKNOWN STEP	2026-10-07T15:21:06.1803971Z --- PASS: TestProCacheSingleflightRefreshBackoffAndStale (0.02s)
windows-build	UNKNOWN STEP	2026-10-07T15:21:06.1804665Z === RUN   TestProDirectoryPublishesBeforeSlowSupplements
windows-build	UNKNOWN STEP	2026-10-07T15:21:06.1821519Z     pro_players_test.go:391: P2-2 精确计数：目录 1 次、补充源 0 次、后台补种子/阶梯 0 次
windows-build	UNKNOWN STEP	2026-10-07T15:21:06.1834899Z --- PASS: TestProDirectoryPublishesBeforeSlowSupplements (0.00s)
windows-build	UNKNOWN STEP	2026-10-07T15:21:06.1835608Z === RUN   TestProDirectoryFailureRetainsRosterAndAuth
windows-build	UNKNOWN STEP	2026-10-07T15:21:06.1836415Z --- PASS: TestProDirectoryFailureRetainsRosterAndAuth (0.00s)
windows-build	UNKNOWN STEP	2026-10-07T15:21:06.1837858Z === RUN   TestProCapturedDirectory
windows-build	UNKNOWN STEP	2026-10-07T15:21:06.1838806Z     pro_players_test.go:440: set PRO_PLAYERS_CAPTURE to a locally captured OP.GG KR HTML file
windows-build	UNKNOWN STEP	2026-10-07T15:21:06.1842654Z --- SKIP: TestProCapturedDirectory (0.00s)
windows-build	UNKNOWN STEP	2026-10-07T15:21:06.1848202Z === RUN   TestProCapturedLadder
windows-build	UNKNOWN STEP	2026-10-07T15:21:06.1850956Z     pro_players_test.go:470: set PRO_LADDER_CAPTURE, PRO_LADDER_GAME_NAME and PRO_LADDER_TAG_LINE to a local OP.GG leaderboard capture
windows-build	UNKNOWN STEP	2026-10-07T15:21:06.1852837Z --- SKIP: TestProCapturedLadder (0.00s)
windows-build	UNKNOWN STEP	2026-10-07T15:21:06.1853463Z === RUN   TestR97ProAccountOptionalRegionSurvivesKRDirectory
windows-build	UNKNOWN STEP	2026-10-07T15:21:06.1854173Z === RUN   TestR97ProAccountOptionalRegionSurvivesKRDirectory/null
windows-build	UNKNOWN STEP	2026-10-07T15:21:06.1854953Z --- PASS: TestR97ProAccountOptionalRegionSurvivesKRDirectory/null (0.00s)
windows-build	UNKNOWN STEP	2026-10-07T15:21:06.1855738Z === RUN   TestR97ProAccountOptionalRegionSurvivesKRDirectory/missing
windows-build	UNKNOWN STEP	2026-10-07T15:21:06.1856542Z --- PASS: TestR97ProAccountOptionalRegionSurvivesKRDirectory/missing (0.00s)
windows-build	UNKNOWN STEP	2026-10-07T15:21:06.1857299Z === RUN   TestR97ProAccountOptionalRegionSurvivesKRDirectory/empty
windows-build	UNKNOWN STEP	2026-10-07T15:21:06.1858084Z --- PASS: TestR97ProAccountOptionalRegionSurvivesKRDirectory/empty (0.00s)
windows-build	UNKNOWN STEP	2026-10-07T15:21:06.1858859Z === RUN   TestR97ProAccountOptionalRegionSurvivesKRDirectory/whitespace
windows-build	UNKNOWN STEP	2026-10-07T15:21:06.1859676Z --- PASS: TestR97ProAccountOptionalRegionSurvivesKRDirectory/whitespace (0.00s)
windows-build	UNKNOWN STEP	2026-10-07T15:21:06.1860457Z === RUN   TestR97ProAccountOptionalRegionSurvivesKRDirectory/KR
windows-build	UNKNOWN STEP	2026-10-07T15:21:06.1861163Z --- PASS: TestR97ProAccountOptionalRegionSurvivesKRDirectory/KR (0.00s)
windows-build	UNKNOWN STEP	2026-10-07T15:21:06.1861606Z === RUN   TestR97ProAccountOptionalRegionSurvivesKRDirectory/non-KR
windows-build	UNKNOWN STEP	2026-10-07T15:21:06.1862053Z --- PASS: TestR97ProAccountOptionalRegionSurvivesKRDirectory/non-KR (0.00s)
windows-build	UNKNOWN STEP	2026-10-07T15:21:06.1862572Z --- PASS: TestR97ProAccountOptionalRegionSurvivesKRDirectory (0.00s)
windows-build	UNKNOWN STEP	2026-10-07T15:21:06.1863078Z === RUN   TestR97ManagementAndBadgesShareReviewedSixTeams
windows-build	UNKNOWN STEP	2026-10-07T15:21:06.1877507Z --- PASS: TestR97ManagementAndBadgesShareReviewedSixTeams (0.00s)
windows-build	UNKNOWN STEP	2026-10-07T15:21:06.1878134Z === RUN   TestProRuneLiveCaptureReplay
windows-build	UNKNOWN STEP	2026-10-07T15:21:06.1878807Z     pro_runes_live_test.go:22: set R75_CAPTURE to the public capture directory
windows-build	UNKNOWN STEP	2026-10-07T15:21:06.1879431Z --- SKIP: TestProRuneLiveCaptureReplay (0.00s)
windows-build	UNKNOWN STEP	2026-10-07T15:21:06.1880080Z === RUN   TestProRuneLiveSupplementLatency
windows-build	UNKNOWN STEP	2026-10-07T15:21:06.1880870Z     pro_runes_live_test.go:126: set R75_LIVE=1 for public network requests
windows-build	UNKNOWN STEP	2026-10-07T15:21:06.1882267Z --- SKIP: TestProRuneLiveSupplementLatency (0.00s)
windows-build	UNKNOWN STEP	2026-10-07T15:21:06.1882595Z === RUN   TestProRuneLiveIndex
windows-build	UNKNOWN STEP	2026-10-07T15:21:06.1883047Z     pro_runes_live_test.go:193: set R75_LIVE=1 for public index validation
windows-build	UNKNOWN STEP	2026-10-07T15:21:06.1883393Z --- SKIP: TestProRuneLiveIndex (0.00s)
windows-build	UNKNOWN STEP	2026-10-07T15:21:06.1883820Z === RUN   TestProRuneWhiteLists
windows-build	UNKNOWN STEP	2026-10-07T15:21:06.1884840Z --- PASS: TestProRuneWhiteLists (0.00s)
windows-build	UNKNOWN STEP	2026-10-07T15:21:06.1885223Z === RUN   TestProRuneExactIdentityAndPersistentMapping
windows-build	UNKNOWN STEP	2026-10-07T15:21:06.2174980Z --- PASS: TestProRuneExactIdentityAndPersistentMapping (0.03s)
windows-build	UNKNOWN STEP	2026-10-07T15:21:06.2175410Z === RUN   TestProRuneNewestAndShards
windows-build	UNKNOWN STEP	2026-10-07T15:21:06.2175691Z --- PASS: TestProRuneNewestAndShards (0.00s)
windows-build	UNKNOWN STEP	2026-10-07T15:21:06.2175968Z === RUN   TestProRuneWinnerConstraints
windows-build	UNKNOWN STEP	2026-10-07T15:21:06.2176243Z --- PASS: TestProRuneWinnerConstraints (0.00s)
windows-build	UNKNOWN STEP	2026-10-07T15:21:06.2176574Z === RUN   TestProRunePublicTransportAndAlignedSupplement
windows-build	UNKNOWN STEP	2026-10-07T15:21:06.2802097Z --- PASS: TestProRunePublicTransportAndAlignedSupplement (0.06s)
windows-build	UNKNOWN STEP	2026-10-07T15:21:06.2802837Z === RUN   TestProRuneColdIndexNonblockingAndConcurrency
windows-build	UNKNOWN STEP	2026-10-07T15:21:06.2803730Z --- PASS: TestProRuneColdIndexNonblockingAndConcurrency (0.00s)
windows-build	UNKNOWN STEP	2026-10-07T15:21:06.2804405Z === RUN   TestProRuneRecommendationUnknownRecordAndOffline
windows-build	UNKNOWN STEP	2026-10-07T15:21:06.2805145Z --- PASS: TestProRuneRecommendationUnknownRecordAndOffline (0.00s)
windows-build	UNKNOWN STEP	2026-10-07T15:21:06.2805717Z === RUN   TestProRuneCapturedAllSeries
windows-build	UNKNOWN STEP	2026-10-07T15:21:06.2844783Z     pro_runes_test.go:335: R75 official capture: indexed=104 unknown=4 missing=1 rejected=0 unknown-rate=3.85%
windows-build	UNKNOWN STEP	2026-10-07T15:21:06.2845489Z --- PASS: TestProRuneCapturedAllSeries (0.00s)
windows-build	UNKNOWN STEP	2026-10-07T15:21:06.2845935Z === RUN   TestProRuneCapturedLivestatsSides
windows-build	UNKNOWN STEP	2026-10-07T15:21:06.2883093Z --- PASS: TestProRuneCapturedLivestatsSides (0.00s)
windows-build	UNKNOWN STEP	2026-10-07T15:21:06.2883986Z === RUN   TestProRuneHandlerValidation
windows-build	UNKNOWN STEP	2026-10-07T15:21:06.2884711Z --- PASS: TestProRuneHandlerValidation (0.00s)
windows-build	UNKNOWN STEP	2026-10-07T15:21:06.2885272Z === RUN   TestProRuneOpponentCatalogFailureIsBounded
windows-build	UNKNOWN STEP	2026-10-07T15:21:06.2885870Z --- PASS: TestProRuneOpponentCatalogFailureIsBounded (0.00s)
windows-build	UNKNOWN STEP	2026-10-07T15:21:06.2886468Z === RUN   TestProRuneCacheWriteFailureRemainsVisible
windows-build	UNKNOWN STEP	2026-10-07T15:21:06.2898000Z --- PASS: TestProRuneCacheWriteFailureRemainsVisible (0.00s)
windows-build	UNKNOWN STEP	2026-10-07T15:21:06.2898732Z === RUN   TestProRuneIndexGameRejectsLivestatsTeamMismatch
windows-build	UNKNOWN STEP	2026-10-07T15:21:06.2899412Z === RUN   TestProRuneIndexGameRejectsLivestatsTeamMismatch/valid
windows-build	UNKNOWN STEP	2026-10-07T15:21:06.2900184Z --- PASS: TestProRuneIndexGameRejectsLivestatsTeamMismatch/valid (0.00s)
windows-build	UNKNOWN STEP	2026-10-07T15:21:06.2901026Z === RUN   TestProRuneIndexGameRejectsLivestatsTeamMismatch/valid_reversed
windows-build	UNKNOWN STEP	2026-10-07T15:21:06.2901907Z --- PASS: TestProRuneIndexGameRejectsLivestatsTeamMismatch/valid_reversed (0.00s)
windows-build	UNKNOWN STEP	2026-10-07T15:21:06.2903075Z === RUN   TestProRuneIndexGameRejectsLivestatsTeamMismatch/unrelated_blue
windows-build	UNKNOWN STEP	2026-10-07T15:21:06.2904045Z --- PASS: TestProRuneIndexGameRejectsLivestatsTeamMismatch/unrelated_blue (0.00s)
windows-build	UNKNOWN STEP	2026-10-07T15:21:06.2905064Z === RUN   TestProRuneIndexGameRejectsLivestatsTeamMismatch/unrelated_red
windows-build	UNKNOWN STEP	2026-10-07T15:21:06.2905940Z --- PASS: TestProRuneIndexGameRejectsLivestatsTeamMismatch/unrelated_red (0.00s)
windows-build	UNKNOWN STEP	2026-10-07T15:21:06.2906738Z === RUN   TestProRuneIndexGameRejectsLivestatsTeamMismatch/same_A
windows-build	UNKNOWN STEP	2026-10-07T15:21:06.2907538Z --- PASS: TestProRuneIndexGameRejectsLivestatsTeamMismatch/same_A (0.00s)
windows-build	UNKNOWN STEP	2026-10-07T15:21:06.2908295Z === RUN   TestProRuneIndexGameRejectsLivestatsTeamMismatch/same_B
windows-build	UNKNOWN STEP	2026-10-07T15:21:06.2909077Z --- PASS: TestProRuneIndexGameRejectsLivestatsTeamMismatch/same_B (0.00s)
windows-build	UNKNOWN STEP	2026-10-07T15:21:06.2909852Z --- PASS: TestProRuneIndexGameRejectsLivestatsTeamMismatch (0.00s)
windows-build	UNKNOWN STEP	2026-10-07T15:21:06.2910452Z === RUN   TestProRunePartialFailureCounts
windows-build	UNKNOWN STEP	2026-10-07T15:21:06.2910947Z === RUN   TestProRunePartialFailureCounts/1-of-99
windows-build	UNKNOWN STEP	2026-10-07T15:21:06.2934403Z --- PASS: TestProRunePartialFailureCounts/1-of-99 (0.00s)
windows-build	UNKNOWN STEP	2026-10-07T15:21:06.2935672Z === RUN   TestProRunePartialFailureCounts/10-of-30
windows-build	UNKNOWN STEP	2026-10-07T15:21:06.2946157Z --- PASS: TestProRunePartialFailureCounts/10-of-30 (0.00s)
windows-build	UNKNOWN STEP	2026-10-07T15:21:06.2946786Z === RUN   TestProRunePartialFailureCounts/1-of-10
windows-build	UNKNOWN STEP	2026-10-07T15:21:06.2953660Z --- PASS: TestProRunePartialFailureCounts/1-of-10 (0.00s)
windows-build	UNKNOWN STEP	2026-10-07T15:21:06.2954632Z === RUN   TestProRunePartialFailureCounts/0-of-0
windows-build	UNKNOWN STEP	2026-10-07T15:21:06.2956526Z --- PASS: TestProRunePartialFailureCounts/0-of-0 (0.00s)
windows-build	UNKNOWN STEP	2026-10-07T15:21:06.2957116Z --- PASS: TestProRunePartialFailureCounts (0.01s)
windows-build	UNKNOWN STEP	2026-10-07T15:21:06.2957971Z === RUN   TestProRuneFailureCountsDeduplicateDetailAndTerminal
windows-build	UNKNOWN STEP	2026-10-07T15:21:06.2958898Z --- PASS: TestProRuneFailureCountsDeduplicateDetailAndTerminal (0.00s)
windows-build	UNKNOWN STEP	2026-10-07T15:21:06.2959547Z === RUN   TestProRuneFailureCountsAcrossIndexTerminalAndDetail
windows-build	UNKNOWN STEP	2026-10-07T15:21:06.2963952Z --- PASS: TestProRuneFailureCountsAcrossIndexTerminalAndDetail (0.00s)
windows-build	UNKNOWN STEP	2026-10-07T15:21:06.2964830Z === RUN   TestProRunePerPlayerLimitAndStrictPosition
windows-build	UNKNOWN STEP	2026-10-07T15:21:06.2965475Z --- PASS: TestProRunePerPlayerLimitAndStrictPosition (0.00s)
windows-build	UNKNOWN STEP	2026-10-07T15:21:06.2966146Z === RUN   TestProRuneMultiPlayerRecommendationKeepsFullRecord
windows-build	UNKNOWN STEP	2026-10-07T15:21:06.2969886Z --- PASS: TestProRuneMultiPlayerRecommendationKeepsFullRecord (0.00s)
windows-build	UNKNOWN STEP	2026-10-07T15:21:06.2970583Z === RUN   TestProHitParallelProcessesAllSelectedGames
windows-build	UNKNOWN STEP	2026-10-07T15:21:06.3077629Z --- PASS: TestProHitParallelProcessesAllSelectedGames (0.01s)
windows-build	UNKNOWN STEP	2026-10-07T15:21:06.3078261Z === RUN   TestProBackgroundWorkersLeaveForegroundSlot
windows-build	UNKNOWN STEP	2026-10-07T15:21:06.3280549Z --- PASS: TestProBackgroundWorkersLeaveForegroundSlot (0.02s)
windows-build	UNKNOWN STEP	2026-10-07T15:21:06.3281254Z === RUN   TestQQ101LatestPatchUsesVersionNameAndRejectsNumericID
windows-build	UNKNOWN STEP	2026-10-07T15:21:06.3282202Z --- PASS: TestQQ101LatestPatchUsesVersionNameAndRejectsNumericID (0.00s)
windows-build	UNKNOWN STEP	2026-10-07T15:21:06.3283442Z === RUN   TestQQ101TierMappingRejectsIncompatibleExactTiers
windows-build	UNKNOWN STEP	2026-10-07T15:21:06.3284157Z --- PASS: TestQQ101TierMappingRejectsIncompatibleExactTiers (0.00s)
windows-build	UNKNOWN STEP	2026-10-07T15:21:06.3284872Z === RUN   TestQQ101BuildRowsParseRatesAndItemCombinations
windows-build	UNKNOWN STEP	2026-10-07T15:21:06.3285436Z --- PASS: TestQQ101BuildRowsParseRatesAndItemCombinations (0.00s)
windows-build	UNKNOWN STEP	2026-10-07T15:21:06.3285878Z === RUN   TestQQ101BuildRowsPreserveExtremeRatesWithoutInventingGames
windows-build	UNKNOWN STEP	2026-10-07T15:21:06.3286370Z --- PASS: TestQQ101BuildRowsPreserveExtremeRatesWithoutInventingGames (0.00s)
windows-build	UNKNOWN STEP	2026-10-07T15:21:06.3286795Z === RUN   TestQQ101BuildRequestUsesPatchNameInVersionQuery
windows-build	UNKNOWN STEP	2026-10-07T15:21:06.3287200Z --- PASS: TestQQ101BuildRequestUsesPatchNameInVersionQuery (0.00s)
windows-build	UNKNOWN STEP	2026-10-07T15:21:06.3287609Z === RUN   TestOPGGVersionFailureUsesPatchScopedFallbackCacheKey
windows-build	UNKNOWN STEP	2026-10-07T15:21:06.3288038Z --- PASS: TestOPGGVersionFailureUsesPatchScopedFallbackCacheKey (0.00s)
windows-build	UNKNOWN STEP	2026-10-07T15:21:06.3288554Z === RUN   TestQQ101PositionsParseSingleAndDualLaneShares
windows-build	UNKNOWN STEP	2026-10-07T15:21:06.3289105Z --- PASS: TestQQ101PositionsParseSingleAndDualLaneShares (0.00s)
windows-build	UNKNOWN STEP	2026-10-07T15:21:06.3289496Z === RUN   TestMergeQQ101PositionSharesOnlyAppendsMissingLanes
windows-build	UNKNOWN STEP	2026-10-07T15:21:06.3289902Z --- PASS: TestMergeQQ101PositionSharesOnlyAppendsMissingLanes (0.00s)
windows-build	UNKNOWN STEP	2026-10-07T15:21:06.3290244Z === RUN   TestQQ101ProbeKeepsPartialResults
windows-build	UNKNOWN STEP	2026-10-07T15:21:06.6094451Z --- PASS: TestQQ101ProbeKeepsPartialResults (0.28s)
windows-build	UNKNOWN STEP	2026-10-07T15:21:06.6094896Z === RUN   TestQQ101ProbeCooldownIsScopedByPatch
windows-build	UNKNOWN STEP	2026-10-07T15:21:06.6595451Z --- PASS: TestQQ101ProbeCooldownIsScopedByPatch (0.05s)
windows-build	UNKNOWN STEP	2026-10-07T15:21:06.6596203Z === RUN   TestQQ101FeatureGateStopsUpstreamRequests
windows-build	UNKNOWN STEP	2026-10-07T15:21:06.6599414Z --- PASS: TestQQ101FeatureGateStopsUpstreamRequests (0.00s)
windows-build	UNKNOWN STEP	2026-10-07T15:21:06.6602619Z === RUN   TestStructuredDetailUsesQQ101SharesAndExplicitOPGGVersion
windows-build	UNKNOWN STEP	2026-10-07T15:21:06.6603498Z --- PASS: TestStructuredDetailUsesQQ101SharesAndExplicitOPGGVersion (0.00s)
windows-build	UNKNOWN STEP	2026-10-07T15:21:06.6606288Z === RUN   TestStructuredDetailFallsBackWhenQQ101PositionsAreEmpty
windows-build	UNKNOWN STEP	2026-10-07T15:21:06.6607269Z --- PASS: TestStructuredDetailFallsBackWhenQQ101PositionsAreEmpty (0.00s)
windows-build	UNKNOWN STEP	2026-10-07T15:21:06.6608790Z === RUN   TestStructuredDetailFallsBackWhenQQ101BuildTimesOut
windows-build	UNKNOWN STEP	2026-10-07T15:21:06.6710759Z --- PASS: TestStructuredDetailFallsBackWhenQQ101BuildTimesOut (0.01s)
windows-build	UNKNOWN STEP	2026-10-07T15:21:06.6711477Z === RUN   TestStructuredDetailReportsBothItemDepthFailures
windows-build	UNKNOWN STEP	2026-10-07T15:21:06.6712111Z --- PASS: TestStructuredDetailReportsBothItemDepthFailures (0.00s)
windows-build	UNKNOWN STEP	2026-10-07T15:21:06.6713134Z === RUN   TestStructuredDetailQQ101TimeoutDoesNotLeakGoroutines
windows-build	UNKNOWN STEP	2026-10-07T15:21:06.7830650Z     qq101_test.go:548: P2-1 无泄漏：baseline=14 now=14 qq101Hits=2
windows-build	UNKNOWN STEP	2026-10-07T15:21:06.7831179Z --- PASS: TestStructuredDetailQQ101TimeoutDoesNotLeakGoroutines (0.11s)
windows-build	UNKNOWN STEP	2026-10-07T15:21:06.7831834Z === RUN   TestEmptyOwnedInventoryIsValidWhenTwoSourcesAgree
windows-build	UNKNOWN STEP	2026-10-07T15:21:06.7842517Z --- PASS: TestEmptyOwnedInventoryIsValidWhenTwoSourcesAgree (0.00s)
windows-build	UNKNOWN STEP	2026-10-07T15:21:06.7843118Z === RUN   TestEmptyAndNonEmptyOwnedSourcesDisagree
windows-build	UNKNOWN STEP	2026-10-07T15:21:06.7851556Z --- PASS: TestEmptyAndNonEmptyOwnedSourcesDisagree (0.00s)
windows-build	UNKNOWN STEP	2026-10-07T15:21:06.7852330Z === RUN   TestOneExplicitFullCoverageSourceIsSufficient
windows-build	UNKNOWN STEP	2026-10-07T15:21:06.7861620Z --- PASS: TestOneExplicitFullCoverageSourceIsSufficient (0.00s)
windows-build	UNKNOWN STEP	2026-10-07T15:21:06.7862294Z === RUN   TestTransientOwnedSourceFailureStopsCalculation
windows-build	UNKNOWN STEP	2026-10-07T15:21:06.7872578Z --- PASS: TestTransientOwnedSourceFailureStopsCalculation (0.00s)
windows-build	UNKNOWN STEP	2026-10-07T15:21:06.7873629Z === RUN   TestExplicitOwnershipDoesNotWalkUnknownNestedObjects
windows-build	UNKNOWN STEP	2026-10-07T15:21:06.7874945Z --- PASS: TestExplicitOwnershipDoesNotWalkUnknownNestedObjects (0.00s)
windows-build	UNKNOWN STEP	2026-10-07T15:21:06.7876273Z === RUN   TestFailedRefreshStateCannotServeOldSnapshot
windows-build	UNKNOWN STEP	2026-10-07T15:21:06.7876920Z --- PASS: TestFailedRefreshStateCannotServeOldSnapshot (0.00s)
windows-build	UNKNOWN STEP	2026-10-07T15:21:06.7877512Z === RUN   TestChromaEndpointKeepsCatalogAndOwnershipSeparate
windows-build	UNKNOWN STEP	2026-10-07T15:21:06.7878210Z --- PASS: TestChromaEndpointKeepsCatalogAndOwnershipSeparate (0.00s)
windows-build	UNKNOWN STEP	2026-10-07T15:21:06.7878885Z === RUN   TestSnapshotValidationErrorRetainsHealthyClientButNotSnapshot
windows-build	UNKNOWN STEP	2026-10-07T15:21:06.7879686Z --- PASS: TestSnapshotValidationErrorRetainsHealthyClientButNotSnapshot (0.00s)
windows-build	UNKNOWN STEP	2026-10-07T15:21:06.7880290Z === RUN   TestReadLimitedRejectsOversizedBody
windows-build	UNKNOWN STEP	2026-10-07T15:21:06.7880785Z --- PASS: TestReadLimitedRejectsOversizedBody (0.00s)
windows-build	UNKNOWN STEP	2026-10-07T15:21:06.7881397Z === RUN   TestStatusResponseDoesNotExposeStableAccountIdentifiers
windows-build	UNKNOWN STEP	2026-10-07T15:21:06.7882169Z --- PASS: TestStatusResponseDoesNotExposeStableAccountIdentifiers (0.00s)
windows-build	UNKNOWN STEP	2026-10-07T15:21:06.7882901Z === RUN   TestPoolManifestValidationAndHashAreDeterministic
windows-build	UNKNOWN STEP	2026-10-07T15:21:06.7883580Z --- PASS: TestPoolManifestValidationAndHashAreDeterministic (0.00s)
windows-build	UNKNOWN STEP	2026-10-07T15:21:06.7884466Z === RUN   TestCSVFormulaInjectionIsNeutralized
windows-build	UNKNOWN STEP	2026-10-07T15:21:06.7885035Z --- PASS: TestCSVFormulaInjectionIsNeutralized (0.00s)
windows-build	UNKNOWN STEP	2026-10-07T15:21:06.7885619Z === RUN   TestSnapshotDiffRejectsDifferentAccountOrPool
windows-build	UNKNOWN STEP	2026-10-07T15:21:06.7886251Z --- PASS: TestSnapshotDiffRejectsDifferentAccountOrPool (0.00s)
windows-build	UNKNOWN STEP	2026-10-07T15:21:06.7886835Z === RUN   TestSnapshotPersistenceIsRedacted
windows-build	UNKNOWN STEP	2026-10-07T15:21:06.8015894Z --- PASS: TestSnapshotPersistenceIsRedacted (0.01s)
windows-build	UNKNOWN STEP	2026-10-07T15:21:06.8016490Z === RUN   TestLatestMatchingSnapshotRequiresAccountAndPoolIdentity
windows-build	UNKNOWN STEP	2026-10-07T15:21:06.8233476Z --- PASS: TestLatestMatchingSnapshotRequiresAccountAndPoolIdentity (0.02s)
windows-build	UNKNOWN STEP	2026-10-07T15:21:06.8233957Z === RUN   TestSnapshotExportUsesSelectedHistoryRecord
windows-build	UNKNOWN STEP	2026-10-07T15:21:06.8313228Z === RUN   TestSnapshotExportUsesSelectedHistoryRecord/json
windows-build	UNKNOWN STEP	2026-10-07T15:21:06.8315993Z --- PASS: TestSnapshotExportUsesSelectedHistoryRecord/json (0.00s)
windows-build	UNKNOWN STEP	2026-10-07T15:21:06.8316834Z === RUN   TestSnapshotExportUsesSelectedHistoryRecord/csv
windows-build	UNKNOWN STEP	2026-10-07T15:21:06.8317586Z --- PASS: TestSnapshotExportUsesSelectedHistoryRecord/csv (0.00s)
windows-build	UNKNOWN STEP	2026-10-07T15:21:06.8318246Z === RUN   TestSnapshotExportUsesSelectedHistoryRecord/html
windows-build	UNKNOWN STEP	2026-10-07T15:21:06.8323231Z --- PASS: TestSnapshotExportUsesSelectedHistoryRecord/html (0.00s)
windows-build	UNKNOWN STEP	2026-10-07T15:21:06.8335461Z --- PASS: TestSnapshotExportUsesSelectedHistoryRecord (0.01s)
windows-build	UNKNOWN STEP	2026-10-07T15:21:06.8335926Z === RUN   TestLockfileParsingValidatesProtocolAndClient
windows-build	UNKNOWN STEP	2026-10-07T15:21:06.8352677Z --- PASS: TestLockfileParsingValidatesProtocolAndClient (0.00s)
windows-build	UNKNOWN STEP	2026-10-07T15:21:06.8353616Z === RUN   TestTencentClientCommandLineParsing
windows-build	UNKNOWN STEP	2026-10-07T15:21:06.8355613Z --- PASS: TestTencentClientCommandLineParsing (0.00s)
windows-build	UNKNOWN STEP	2026-10-07T15:21:06.8356228Z === RUN   TestSnapshotRecordJSONContainsOnlyExpectedAccountHash
windows-build	UNKNOWN STEP	2026-10-07T15:21:06.8357772Z --- PASS: TestSnapshotRecordJSONContainsOnlyExpectedAccountHash (0.00s)
windows-build	UNKNOWN STEP	2026-10-07T15:21:06.8358195Z === RUN   TestPrivacyListsEveryClientWrite
windows-build	UNKNOWN STEP	2026-10-07T15:21:06.8358527Z --- PASS: TestPrivacyListsEveryClientWrite (0.00s)
windows-build	UNKNOWN STEP	2026-10-07T15:21:06.8358875Z === RUN   TestPrivacyStoresDeclareEveryLocalDirectory
windows-build	UNKNOWN STEP	2026-10-07T15:21:07.0660539Z     quality_test.go:618: 从源码枚举到 19 个本地存储目录：[champion-data champion-images client-history community-images logs match-tiers perk-catalog pools prestige-artwork pro-directory pro-profiles pro-runes-v1 profile-icons riot-identities riot-matches rune-starters season-stats snapshots updates]
windows-build	UNKNOWN STEP	2026-10-07T15:21:07.0662361Z --- PASS: TestPrivacyStoresDeclareEveryLocalDirectory (0.23s)
windows-build	UNKNOWN STEP	2026-10-07T15:21:07.0663052Z === RUN   TestPrivacyStoreDirectoryCreationCallSitesArePinned
windows-build	UNKNOWN STEP	2026-10-07T15:21:07.0767507Z --- PASS: TestPrivacyStoreDirectoryCreationCallSitesArePinned (0.01s)
windows-build	UNKNOWN STEP	2026-10-07T15:21:07.0768807Z === RUN   TestLootFallbackDiagnosticRuntimePayloadNeverStoresItemDetails
windows-build	UNKNOWN STEP	2026-10-07T15:21:07.0769702Z --- PASS: TestLootFallbackDiagnosticRuntimePayloadNeverStoresItemDetails (0.00s)
windows-build	UNKNOWN STEP	2026-10-07T15:21:07.0770820Z === RUN   TestFriendlyErrorDoesNotExposeLocalDetails
windows-build	UNKNOWN STEP	2026-10-07T15:21:07.0771286Z --- PASS: TestFriendlyErrorDoesNotExposeLocalDetails (0.00s)
windows-build	UNKNOWN STEP	2026-10-07T15:21:07.0771712Z === RUN   TestFriendlyDiscoveryErrorsAreActionableAndRedacted
windows-build	UNKNOWN STEP	2026-10-07T15:21:07.0772159Z --- PASS: TestFriendlyDiscoveryErrorsAreActionableAndRedacted (0.00s)
windows-build	UNKNOWN STEP	2026-10-07T15:21:07.0772583Z === RUN   TestDiagnosticsExposeOnlyDiscoveryCounts
windows-build	UNKNOWN STEP	2026-10-07T15:21:07.0772945Z --- PASS: TestDiagnosticsExposeOnlyDiscoveryCounts (0.00s)
windows-build	UNKNOWN STEP	2026-10-07T15:21:07.0773301Z === RUN   TestDiagnosticSourcesExcludeStableIdentifiers
windows-build	UNKNOWN STEP	2026-10-07T15:21:07.0805781Z --- PASS: TestDiagnosticSourcesExcludeStableIdentifiers (0.00s)
windows-build	UNKNOWN STEP	2026-10-07T15:21:07.0806594Z === RUN   TestConcurrentIdenticalSnapshotsAreDeduplicated
windows-build	UNKNOWN STEP	2026-10-07T15:21:07.1094063Z --- PASS: TestConcurrentIdenticalSnapshotsAreDeduplicated (0.03s)
windows-build	UNKNOWN STEP	2026-10-07T15:21:07.1094734Z === RUN   TestDiagnosticLogRotationRemainsBounded
windows-build	UNKNOWN STEP	2026-10-07T15:21:07.1166705Z --- PASS: TestDiagnosticLogRotationRemainsBounded (0.01s)
windows-build	UNKNOWN STEP	2026-10-07T15:21:07.1167161Z === RUN   TestDiagnosticRotationImmediatelyRestoresBuildSnapshot
windows-build	UNKNOWN STEP	2026-10-07T15:21:07.1229764Z --- PASS: TestDiagnosticRotationImmediatelyRestoresBuildSnapshot (0.01s)
windows-build	UNKNOWN STEP	2026-10-07T15:21:07.1230491Z === RUN   TestAppStartDiagnosticIdentifiesBuild
windows-build	UNKNOWN STEP	2026-10-07T15:21:07.1248597Z --- PASS: TestAppStartDiagnosticIdentifiesBuild (0.00s)
windows-build	UNKNOWN STEP	2026-10-07T15:21:07.1249278Z === RUN   TestDiagnosticLogDownloadUsesTrustedFixedFile
windows-build	UNKNOWN STEP	2026-10-07T15:21:07.1268960Z --- PASS: TestDiagnosticLogDownloadUsesTrustedFixedFile (0.00s)
windows-build	UNKNOWN STEP	2026-10-07T15:21:07.1269861Z === RUN   TestDiagnosticLogExportFilenameChangesWithExportTime
windows-build	UNKNOWN STEP	2026-10-07T15:21:07.1270635Z --- PASS: TestDiagnosticLogExportFilenameChangesWithExportTime (0.00s)
windows-build	UNKNOWN STEP	2026-10-07T15:21:07.1271106Z === RUN   TestDiagnosticsExposeCurrentLogSizeAndEventCount
windows-build	UNKNOWN STEP	2026-10-07T15:21:07.1290832Z --- PASS: TestDiagnosticsExposeCurrentLogSizeAndEventCount (0.00s)
windows-build	UNKNOWN STEP	2026-10-07T15:21:07.1291441Z === RUN   TestDiagnosticLogReaderRejectsSymlink
windows-build	UNKNOWN STEP	2026-10-07T15:21:07.1314205Z --- PASS: TestDiagnosticLogReaderRejectsSymlink (0.00s)
windows-build	UNKNOWN STEP	2026-10-07T15:21:07.1314940Z === RUN   TestDiagnosticLogWriterRejectsSymlink
windows-build	UNKNOWN STEP	2026-10-07T15:21:07.1335554Z --- PASS: TestDiagnosticLogWriterRejectsSymlink (0.00s)
windows-build	UNKNOWN STEP	2026-10-07T15:21:07.1336830Z === RUN   TestSupportedQueueDefinitionsMatchCanonicalGroups
windows-build	UNKNOWN STEP	2026-10-07T15:21:07.1338131Z --- PASS: TestSupportedQueueDefinitionsMatchCanonicalGroups (0.00s)
windows-build	UNKNOWN STEP	2026-10-07T15:21:07.1338735Z === RUN   TestQueueGroupsForClientExposeAugmentSources
windows-build	UNKNOWN STEP	2026-10-07T15:21:07.1339381Z --- PASS: TestQueueGroupsForClientExposeAugmentSources (0.00s)
windows-build	UNKNOWN STEP	2026-10-07T15:21:07.1339968Z === RUN   TestMatchHistoryFilterSpecsUseDocumentedSGPTags
windows-build	UNKNOWN STEP	2026-10-07T15:21:07.1341398Z --- PASS: TestMatchHistoryFilterSpecsUseDocumentedSGPTags (0.00s)
windows-build	UNKNOWN STEP	2026-10-07T15:21:07.1342104Z === RUN   TestArenaFilterTagsSurviveSGPNormalizationAndKeep3x6
windows-build	UNKNOWN STEP	2026-10-07T15:21:07.1342834Z --- PASS: TestArenaFilterTagsSurviveSGPNormalizationAndKeep3x6 (0.00s)
windows-build	UNKNOWN STEP	2026-10-07T15:21:07.1343542Z === RUN   TestR100OverviewLongRoundUsesFreshSingleWaitBudget
windows-build	UNKNOWN STEP	2026-10-07T15:21:13.5865767Z --- PASS: TestR100OverviewLongRoundUsesFreshSingleWaitBudget (6.45s)
windows-build	UNKNOWN STEP	2026-10-07T15:21:13.5866498Z === RUN   TestR100QueueCallersKeepDistinctSemantics
windows-build	UNKNOWN STEP	2026-10-07T15:21:13.5882364Z --- PASS: TestR100QueueCallersKeepDistinctSemantics (0.00s)
windows-build	UNKNOWN STEP	2026-10-07T15:21:13.5883054Z === RUN   TestR100SuccessfulDetailSurvivesCallerCancellation
windows-build	UNKNOWN STEP	2026-10-07T15:21:13.6006928Z --- PASS: TestR100SuccessfulDetailSurvivesCallerCancellation (0.01s)
windows-build	UNKNOWN STEP	2026-10-07T15:21:13.6007443Z === RUN   TestR100AssetHasWholeHandlerDeadline
windows-build	UNKNOWN STEP	2026-10-07T15:21:13.6007929Z === PAUSE TestR100AssetHasWholeHandlerDeadline
windows-build	UNKNOWN STEP	2026-10-07T15:21:13.6008315Z === RUN   TestR100PerksNeverWaitForOptionalAugmentsAndPersist
windows-build	UNKNOWN STEP	2026-10-07T15:21:13.6233635Z --- PASS: TestR100PerksNeverWaitForOptionalAugmentsAndPersist (0.02s)
windows-build	UNKNOWN STEP	2026-10-07T15:21:13.6234124Z === RUN   TestR100ProSnapshotAndLadderSurviveRestart
windows-build	UNKNOWN STEP	2026-10-07T15:21:13.6433921Z --- PASS: TestR100ProSnapshotAndLadderSurviveRestart (0.02s)
windows-build	UNKNOWN STEP	2026-10-07T15:21:13.6434546Z === RUN   TestR100QueueLabelsAndArenaRegistry
windows-build	UNKNOWN STEP	2026-10-07T15:21:13.6435071Z --- PASS: TestR100QueueLabelsAndArenaRegistry (0.00s)
windows-build	UNKNOWN STEP	2026-10-07T15:21:13.6440352Z === RUN   TestR100ProgressPublishesReadyMetadataAndQueueDiagnostic
windows-build	UNKNOWN STEP	2026-10-07T15:21:14.7656312Z --- PASS: TestR100ProgressPublishesReadyMetadataAndQueueDiagnostic (1.12s)
windows-build	UNKNOWN STEP	2026-10-07T15:21:14.7657155Z === RUN   TestR101IconOwnershipParsedFromInventory
windows-build	UNKNOWN STEP	2026-10-07T15:21:14.7862453Z --- PASS: TestR101IconOwnershipParsedFromInventory (0.02s)
windows-build	UNKNOWN STEP	2026-10-07T15:21:14.7862895Z === RUN   TestR101IconOwnershipStillFallsBackOpen
windows-build	UNKNOWN STEP	2026-10-07T15:21:14.8058894Z --- PASS: TestR101IconOwnershipStillFallsBackOpen (0.02s)
windows-build	UNKNOWN STEP	2026-10-07T15:21:14.8059632Z === RUN   TestR101BannerCatalogIs35AndIDsAreStrings
windows-build	UNKNOWN STEP	2026-10-07T15:21:14.8069811Z --- PASS: TestR101BannerCatalogIs35AndIDsAreStrings (0.00s)
windows-build	UNKNOWN STEP	2026-10-07T15:21:14.8070291Z === RUN   TestR101BannerOwnershipUsesRegaliaV3Only
windows-build	UNKNOWN STEP	2026-10-07T15:21:14.8080559Z --- PASS: TestR101BannerOwnershipUsesRegaliaV3Only (0.00s)
windows-build	UNKNOWN STEP	2026-10-07T15:21:14.8081151Z === RUN   TestR101PreviousBannerActionRemoved
windows-build	UNKNOWN STEP	2026-10-07T15:21:14.8083514Z --- PASS: TestR101PreviousBannerActionRemoved (0.00s)
windows-build	UNKNOWN STEP	2026-10-07T15:21:14.8084069Z === RUN   TestR101ClearChallengesStillPreservesTitle
windows-build	UNKNOWN STEP	2026-10-07T15:21:14.8093361Z --- PASS: TestR101ClearChallengesStillPreservesTitle (0.00s)
windows-build	UNKNOWN STEP	2026-10-07T15:21:14.8093870Z === RUN   TestR101ChampSelectDefaultsOn
windows-build	UNKNOWN STEP	2026-10-07T15:21:14.8094326Z --- PASS: TestR101ChampSelectDefaultsOn (0.00s)
windows-build	UNKNOWN STEP	2026-10-07T15:21:14.8094800Z === RUN   TestR101ExistingProfileKeepsItsOwnSetting
windows-build	UNKNOWN STEP	2026-10-07T15:21:14.8109994Z --- PASS: TestR101ExistingProfileKeepsItsOwnSetting (0.00s)
windows-build	UNKNOWN STEP	2026-10-07T15:21:14.8110610Z === RUN   TestR101EnabledWithEmptySequencesSendsNothing
windows-build	UNKNOWN STEP	2026-10-07T15:21:14.8111237Z === RUN   TestR101EnabledWithEmptySequencesSendsNothing/normalban
windows-build	UNKNOWN STEP	2026-10-07T15:21:14.8625790Z --- PASS: TestR101EnabledWithEmptySequencesSendsNothing/normalban (0.05s)
windows-build	UNKNOWN STEP	2026-10-07T15:21:14.8626437Z === RUN   TestR101EnabledWithEmptySequencesSendsNothing/normalpick
windows-build	UNKNOWN STEP	2026-10-07T15:21:14.9139884Z --- PASS: TestR101EnabledWithEmptySequencesSendsNothing/normalpick (0.05s)
windows-build	UNKNOWN STEP	2026-10-07T15:21:14.9140667Z === RUN   TestR101EnabledWithEmptySequencesSendsNothing/rankedban
windows-build	UNKNOWN STEP	2026-10-07T15:21:14.9658383Z --- PASS: TestR101EnabledWithEmptySequencesSendsNothing/rankedban (0.05s)
windows-build	UNKNOWN STEP	2026-10-07T15:21:14.9659584Z === RUN   TestR101EnabledWithEmptySequencesSendsNothing/rankedpick
windows-build	UNKNOWN STEP	2026-10-07T15:21:15.0174648Z --- PASS: TestR101EnabledWithEmptySequencesSendsNothing/rankedpick (0.05s)
windows-build	UNKNOWN STEP	2026-10-07T15:21:15.0175295Z === RUN   TestR101EnabledWithEmptySequencesSendsNothing/aramban
windows-build	UNKNOWN STEP	2026-10-07T15:21:15.0690128Z --- PASS: TestR101EnabledWithEmptySequencesSendsNothing/aramban (0.05s)
windows-build	UNKNOWN STEP	2026-10-07T15:21:15.0691842Z === RUN   TestR101EnabledWithEmptySequencesSendsNothing/arampick
windows-build	UNKNOWN STEP	2026-10-07T15:21:15.1200800Z --- PASS: TestR101EnabledWithEmptySequencesSendsNothing/arampick (0.05s)
windows-build	UNKNOWN STEP	2026-10-07T15:21:15.1201320Z === RUN   TestR101EnabledWithEmptySequencesSendsNothing/arenaban
windows-build	UNKNOWN STEP	2026-10-07T15:21:15.1714666Z --- PASS: TestR101EnabledWithEmptySequencesSendsNothing/arenaban (0.05s)
windows-build	UNKNOWN STEP	2026-10-07T15:21:15.1715234Z === RUN   TestR101EnabledWithEmptySequencesSendsNothing/arenapick
windows-build	UNKNOWN STEP	2026-10-07T15:21:15.2222603Z --- PASS: TestR101EnabledWithEmptySequencesSendsNothing/arenapick (0.05s)
windows-build	UNKNOWN STEP	2026-10-07T15:21:15.2223469Z --- PASS: TestR101EnabledWithEmptySequencesSendsNothing (0.41s)
windows-build	UNKNOWN STEP	2026-10-07T15:21:15.2224292Z === RUN   TestR101SeedResolvesSoloQueueRank
windows-build	UNKNOWN STEP	2026-10-07T15:21:15.3874416Z --- PASS: TestR101SeedResolvesSoloQueueRank (0.17s)
windows-build	UNKNOWN STEP	2026-10-07T15:21:15.3874988Z === RUN   TestR101SeedRecentActivityBeforeOlderUpstream
windows-build	UNKNOWN STEP	2026-10-07T15:21:15.4170573Z --- PASS: TestR101SeedRecentActivityBeforeOlderUpstream (0.03s)
windows-build	UNKNOWN STEP	2026-10-07T15:21:15.4171222Z === RUN   TestR101SeedRankMapsRomanDivision
windows-build	UNKNOWN STEP	2026-10-07T15:21:15.5295959Z --- PASS: TestR101SeedRankMapsRomanDivision (0.11s)
windows-build	UNKNOWN STEP	2026-10-07T15:21:15.5296400Z === RUN   TestR101SeedWithoutSoloQueueStaysUnavailable
windows-build	UNKNOWN STEP	2026-10-07T15:21:15.6021154Z --- PASS: TestR101SeedWithoutSoloQueueStaysUnavailable (0.07s)
windows-build	UNKNOWN STEP	2026-10-07T15:21:15.6021659Z === RUN   TestR104SeedRank24HourCacheSeparateFromOverview
windows-build	UNKNOWN STEP	2026-10-07T15:21:15.6329343Z --- PASS: TestR104SeedRank24HourCacheSeparateFromOverview (0.03s)
windows-build	UNKNOWN STEP	2026-10-07T15:21:15.6329803Z === RUN   TestR101SeedRankRespectsQuotaBudget
windows-build	UNKNOWN STEP	2026-10-07T15:21:15.6768465Z --- PASS: TestR101SeedRankRespectsQuotaBudget (0.04s)
windows-build	UNKNOWN STEP	2026-10-07T15:21:15.6768939Z === RUN   TestR101IconOwnershipCacheIsClientScoped
windows-build	UNKNOWN STEP	2026-10-07T15:21:15.6794902Z --- PASS: TestR101IconOwnershipCacheIsClientScoped (0.00s)
windows-build	UNKNOWN STEP	2026-10-07T15:21:15.6795679Z === RUN   TestR123FacadeIconAndBannerActionsRemoved
windows-build	UNKNOWN STEP	2026-10-07T15:21:15.6796249Z --- PASS: TestR123FacadeIconAndBannerActionsRemoved (0.00s)
windows-build	UNKNOWN STEP	2026-10-07T15:21:15.6796953Z === RUN   TestR102SeedAccountSupportsMultipleAccountsPerPlayer
windows-build	UNKNOWN STEP	2026-10-07T15:21:15.7396837Z --- PASS: TestR102SeedAccountSupportsMultipleAccountsPerPlayer (0.06s)
windows-build	UNKNOWN STEP	2026-10-07T15:21:15.7397723Z === RUN   TestR102SeedAnchorKeysAreUniquePerAccount
windows-build	UNKNOWN STEP	2026-10-07T15:21:15.7968583Z --- PASS: TestR102SeedAnchorKeysAreUniquePerAccount (0.06s)
windows-build	UNKNOWN STEP	2026-10-07T15:21:15.7969323Z === RUN   TestR102SeedRealNameAndPositionComeFromRoster
windows-build	UNKNOWN STEP	2026-10-07T15:21:15.7970145Z --- PASS: TestR102SeedRealNameAndPositionComeFromRoster (0.00s)
windows-build	UNKNOWN STEP	2026-10-07T15:21:15.7970781Z === RUN   TestR102AllThirtyThreePlayersHaveSeeds
windows-build	UNKNOWN STEP	2026-10-07T15:21:15.7971363Z --- PASS: TestR102AllThirtyThreePlayersHaveSeeds (0.00s)
windows-build	UNKNOWN STEP	2026-10-07T15:21:15.7972095Z === RUN   TestR102DyjkbysbBelongsToWei
windows-build	UNKNOWN STEP	2026-10-07T15:21:15.7972556Z --- PASS: TestR102DyjkbysbBelongsToWei (0.00s)
windows-build	UNKNOWN STEP	2026-10-07T15:21:15.7973064Z === RUN   TestR102SeedAccountsMatchVerificationDoc
windows-build	UNKNOWN STEP	2026-10-07T15:21:15.7973636Z --- PASS: TestR102SeedAccountsMatchVerificationDoc (0.00s)
windows-build	UNKNOWN STEP	2026-10-07T15:21:15.7974235Z === RUN   TestR102LastMatchStartParsesGameStartTimestamp
windows-build	UNKNOWN STEP	2026-10-07T15:21:15.8280007Z --- PASS: TestR102LastMatchStartParsesGameStartTimestamp (0.03s)
windows-build	UNKNOWN STEP	2026-10-07T15:21:15.8280705Z === RUN   TestR102LastMatchStartHandlesNoMatches
windows-build	UNKNOWN STEP	2026-10-07T15:21:15.8493960Z --- PASS: TestR102LastMatchStartHandlesNoMatches (0.02s)
windows-build	UNKNOWN STEP	2026-10-07T15:21:15.8494600Z === RUN   TestR102LastMatchStartCachedSevenDays
windows-build	UNKNOWN STEP	2026-10-07T15:21:15.9319487Z --- PASS: TestR102LastMatchStartCachedSevenDays (0.08s)
windows-build	UNKNOWN STEP	2026-10-07T15:21:15.9320136Z === RUN   TestR102LastMatchErrorsRemainUnknownAndRetry
windows-build	UNKNOWN STEP	2026-10-07T15:21:15.9320709Z === RUN   TestR102LastMatchErrorsRemainUnknownAndRetry/ids
windows-build	UNKNOWN STEP	2026-10-07T15:21:15.9339158Z --- PASS: TestR102LastMatchErrorsRemainUnknownAndRetry/ids (0.00s)
windows-build	UNKNOWN STEP	2026-10-07T15:21:15.9339913Z === RUN   TestR102LastMatchErrorsRemainUnknownAndRetry/detail
windows-build	UNKNOWN STEP	2026-10-07T15:21:15.9449322Z --- PASS: TestR102LastMatchErrorsRemainUnknownAndRetry/detail (0.01s)
windows-build	UNKNOWN STEP	2026-10-07T15:21:15.9451180Z === RUN   TestR102LastMatchErrorsRemainUnknownAndRetry/missing-start
windows-build	UNKNOWN STEP	2026-10-07T15:21:15.9970118Z --- PASS: TestR102LastMatchErrorsRemainUnknownAndRetry/missing-start (0.05s)
windows-build	UNKNOWN STEP	2026-10-07T15:21:15.9970971Z --- PASS: TestR102LastMatchErrorsRemainUnknownAndRetry (0.06s)
windows-build	UNKNOWN STEP	2026-10-07T15:21:15.9971666Z === RUN   TestR104SeedTotalBudgetIsBoundedRegardlessOfAccountCount
windows-build	UNKNOWN STEP	2026-10-07T15:21:15.9972138Z --- PASS: TestR104SeedTotalBudgetIsBoundedRegardlessOfAccountCount (0.00s)
windows-build	UNKNOWN STEP	2026-10-07T15:21:15.9972567Z === RUN   TestR102SeedOneAccountFailureDoesNotBlockOthers
windows-build	UNKNOWN STEP	2026-10-07T15:21:17.0168730Z --- PASS: TestR102SeedOneAccountFailureDoesNotBlockOthers (1.02s)
windows-build	UNKNOWN STEP	2026-10-07T15:21:17.0169274Z === RUN   TestR102SeedKeepsPerAccountLastSnapshotOnQuotaExhausted
windows-build	UNKNOWN STEP	2026-10-07T15:21:17.0187998Z --- PASS: TestR102SeedKeepsPerAccountLastSnapshotOnQuotaExhausted (0.00s)
windows-build	UNKNOWN STEP	2026-10-07T15:21:17.0188835Z === RUN   TestR102SortsByLastMatchTimeDescending
windows-build	UNKNOWN STEP	2026-10-07T15:21:17.0189504Z --- PASS: TestR102SortsByLastMatchTimeDescending (0.00s)
windows-build	UNKNOWN STEP	2026-10-07T15:21:17.0189888Z === RUN   TestR102KnownAlwaysBeforeUnknown
windows-build	UNKNOWN STEP	2026-10-07T15:21:17.0190196Z --- PASS: TestR102KnownAlwaysBeforeUnknown (0.00s)
windows-build	UNKNOWN STEP	2026-10-07T15:21:17.0190533Z === RUN   TestR102UnknownLastMatchFallsBackToRankOrder
windows-build	UNKNOWN STEP	2026-10-07T15:21:17.0190907Z --- PASS: TestR102UnknownLastMatchFallsBackToRankOrder (0.00s)
windows-build	UNKNOWN STEP	2026-10-07T15:21:17.0191226Z === RUN   TestR102PrimaryFieldRemoved
windows-build	UNKNOWN STEP	2026-10-07T15:21:17.0191492Z --- PASS: TestR102PrimaryFieldRemoved (0.00s)
windows-build	UNKNOWN STEP	2026-10-07T15:21:17.0191798Z === RUN   TestR102UnrankedAccountBacksOffRankQuery
windows-build	UNKNOWN STEP	2026-10-07T15:21:17.1882790Z --- PASS: TestR102UnrankedAccountBacksOffRankQuery (0.17s)
windows-build	UNKNOWN STEP	2026-10-07T15:21:17.1883420Z === RUN   TestR102FailedQueryDoesNotTriggerBackoff
windows-build	UNKNOWN STEP	2026-10-07T15:21:17.1900090Z --- PASS: TestR102FailedQueryDoesNotTriggerBackoff (0.00s)
windows-build	UNKNOWN STEP	2026-10-07T15:21:17.1900891Z === RUN   TestR102UnrankedBackoffDoesNotAffectLastMatchQuery
windows-build	UNKNOWN STEP	2026-10-07T15:21:17.6784683Z --- PASS: TestR102UnrankedBackoffDoesNotAffectLastMatchQuery (0.49s)
windows-build	UNKNOWN STEP	2026-10-07T15:21:17.6785279Z === RUN   TestR102NewlyRankedAccountResetsToNormalTTL
windows-build	UNKNOWN STEP	2026-10-07T15:21:19.2746368Z --- PASS: TestR102NewlyRankedAccountResetsToNormalTTL (1.60s)
windows-build	UNKNOWN STEP	2026-10-07T15:21:19.2747178Z === RUN   TestR102UpstreamActivityAndSnapshotRemainPrivate
windows-build	UNKNOWN STEP	2026-10-07T15:21:20.8010343Z --- PASS: TestR102UpstreamActivityAndSnapshotRemainPrivate (1.53s)
windows-build	UNKNOWN STEP	2026-10-07T15:21:20.8011338Z === RUN   TestR102ColdIdentityFailurePreservesReviewedAccounts
windows-build	UNKNOWN STEP	2026-10-07T15:21:20.8031148Z --- PASS: TestR102ColdIdentityFailurePreservesReviewedAccounts (0.00s)
windows-build	UNKNOWN STEP	2026-10-07T15:21:20.8032086Z === RUN   TestR103ProseedEntriesNeverSelectedForEviction
windows-build	UNKNOWN STEP	2026-10-07T15:21:21.1366649Z --- PASS: TestR103ProseedEntriesNeverSelectedForEviction (0.33s)
windows-build	UNKNOWN STEP	2026-10-07T15:21:21.1367155Z === RUN   TestR103AllCandidatesProtectedReturnsErrorNotEviction
windows-build	UNKNOWN STEP	2026-10-07T15:21:21.1381025Z --- PASS: TestR103AllCandidatesProtectedReturnsErrorNotEviction (0.00s)
windows-build	UNKNOWN STEP	2026-10-07T15:21:21.1381847Z === RUN   TestR104RealOPGGFixtureProvidesRevisionTimeAndZeroRiot
windows-build	UNKNOWN STEP	2026-10-07T15:21:21.6767180Z --- PASS: TestR104RealOPGGFixtureProvidesRevisionTimeAndZeroRiot (0.54s)
windows-build	UNKNOWN STEP	2026-10-07T15:21:21.6767941Z === RUN   TestR104ExactDirectoryMatchAvoidsRiotAndMissFallsBack
windows-build	UNKNOWN STEP	2026-10-07T15:21:22.8468583Z --- PASS: TestR104ExactDirectoryMatchAvoidsRiotAndMissFallsBack (1.17s)
windows-build	UNKNOWN STEP	2026-10-07T15:21:22.8469559Z === RUN   TestR104BackgroundAdmissionYieldsAtThirtyOrForegroundQueue
windows-build	UNKNOWN STEP	2026-10-07T15:21:22.8470423Z --- PASS: TestR104BackgroundAdmissionYieldsAtThirtyOrForegroundQueue (0.00s)
windows-build	UNKNOWN STEP	2026-10-07T15:21:22.8471194Z === RUN   TestR104OldSnapshotWithoutRevisionRemainsUnknown
windows-build	UNKNOWN STEP	2026-10-07T15:21:22.8471860Z --- PASS: TestR104OldSnapshotWithoutRevisionRemainsUnknown (0.00s)
windows-build	UNKNOWN STEP	2026-10-07T15:21:22.8472878Z === RUN   TestR104ColdStartupDripProtectsForegroundTwentyMatches
windows-build	UNKNOWN STEP	2026-10-07T15:21:39.4462409Z     r104_test.go:320: foreground search stuck
windows-build	UNKNOWN STEP	2026-10-07T15:21:43.6391044Z     testing.go:1267: TempDir RemoveAll cleanup: remove C:\Users\RUNNER~1\AppData\Local\Temp\TestR104ColdStartupDripProtectsForegroundTwentyMatches3108266059\001\riot-matches\.tmp-522622164: The process cannot access the file because it is being used by another process.
windows-build	UNKNOWN STEP	2026-10-07T15:21:43.6393202Z --- FAIL: TestR104ColdStartupDripProtectsForegroundTwentyMatches (20.79s)
windows-build	UNKNOWN STEP	2026-10-07T15:21:43.6394244Z === RUN   TestR104RefreshDiagnosticsCountRequestsAndBudgetSkips
windows-build	UNKNOWN STEP	2026-10-07T15:21:44.4694726Z --- PASS: TestR104RefreshDiagnosticsCountRequestsAndBudgetSkips (0.83s)
windows-build	UNKNOWN STEP	2026-10-07T15:21:44.4695676Z === RUN   TestR105_EmbeddedAccountCounts
windows-build	UNKNOWN STEP	2026-10-07T15:21:44.4696305Z --- PASS: TestR105_EmbeddedAccountCounts (0.00s)
windows-build	UNKNOWN STEP	2026-10-07T15:21:44.4696787Z === RUN   TestR105_PlayerAccountCounts
windows-build	UNKNOWN STEP	2026-10-07T15:21:44.4697288Z --- PASS: TestR105_PlayerAccountCounts (0.00s)
windows-build	UNKNOWN STEP	2026-10-07T15:21:44.4697738Z === RUN   TestR105_CriticalAccountFixes
windows-build	UNKNOWN STEP	2026-10-07T15:21:44.4698193Z --- PASS: TestR105_CriticalAccountFixes (0.00s)
windows-build	UNKNOWN STEP	2026-10-07T15:21:44.4698633Z === RUN   TestR105_SpecialCharacters
windows-build	UNKNOWN STEP	2026-10-07T15:21:44.4699063Z --- PASS: TestR105_SpecialCharacters (0.00s)
windows-build	UNKNOWN STEP	2026-10-07T15:21:44.4699656Z === RUN   TestR105_ReviewedPageSurvivesOldSnapshotAndWrongOwner
windows-build	UNKNOWN STEP	2026-10-07T15:21:44.9828316Z --- PASS: TestR105_ReviewedPageSurvivesOldSnapshotAndWrongOwner (0.51s)
windows-build	UNKNOWN STEP	2026-10-07T15:21:44.9829132Z === RUN   TestR105_AllPublicationsAndOfflineKeepReviewedAccounts
windows-build	UNKNOWN STEP	2026-10-07T15:21:44.9960674Z --- PASS: TestR105_AllPublicationsAndOfflineKeepReviewedAccounts (0.01s)
windows-build	UNKNOWN STEP	2026-10-07T15:21:44.9961414Z === RUN   TestR106ProProfileCapturedCurrentRanks
windows-build	UNKNOWN STEP	2026-10-07T15:21:44.9964645Z --- PASS: TestR106ProProfileCapturedCurrentRanks (0.00s)
windows-build	UNKNOWN STEP	2026-10-07T15:21:44.9965622Z === RUN   TestR106ProfileUnrankedIsExplicitAndHistoryIsExcluded
windows-build	UNKNOWN STEP	2026-10-07T15:21:44.9967671Z --- PASS: TestR106ProfileUnrankedIsExplicitAndHistoryIsExcluded (0.00s)
windows-build	UNKNOWN STEP	2026-10-07T15:21:44.9968226Z === RUN   TestR106RanksStartBeforeMatchIDsReturn
windows-build	UNKNOWN STEP	2026-10-07T15:21:46.4491724Z --- PASS: TestR106RanksStartBeforeMatchIDsReturn (1.45s)
windows-build	UNKNOWN STEP	2026-10-07T15:21:46.4492525Z === RUN   TestR106AllReviewedAccountsBatchAndPersistentCache
windows-build	UNKNOWN STEP	2026-10-07T15:21:50.9998384Z --- PASS: TestR106AllReviewedAccountsBatchAndPersistentCache (4.55s)
windows-build	UNKNOWN STEP	2026-10-07T15:21:50.9999749Z === RUN   TestR106CancelledFacadeReaderDoesNotCancelSharedRead
windows-build	UNKNOWN STEP	2026-10-07T15:21:51.0000529Z --- PASS: TestR106CancelledFacadeReaderDoesNotCancelSharedRead (0.00s)
windows-build	UNKNOWN STEP	2026-10-07T15:21:51.0001226Z === RUN   TestR106ProfileIconPersistsOnlySuccessfulImage
windows-build	UNKNOWN STEP	2026-10-07T15:21:51.0679716Z --- PASS: TestR106ProfileIconPersistsOnlySuccessfulImage (0.07s)
windows-build	UNKNOWN STEP	2026-10-07T15:21:51.0680699Z === RUN   TestR106MutationDetachesAnOlderFacadeRead
windows-build	UNKNOWN STEP	2026-10-07T15:21:51.0681332Z --- PASS: TestR106MutationDetachesAnOlderFacadeRead (0.00s)
windows-build	UNKNOWN STEP	2026-10-07T15:21:51.0681858Z === RUN   TestR106LiveProfileBatch
windows-build	UNKNOWN STEP	2026-10-07T15:21:51.0682408Z     r106_test.go:247: opt-in public profile read
windows-build	UNKNOWN STEP	2026-10-07T15:21:51.0682900Z --- SKIP: TestR106LiveProfileBatch (0.00s)
windows-build	UNKNOWN STEP	2026-10-07T15:21:51.0683387Z === RUN   TestR107PublicMatchStartAndIdentity
windows-build	UNKNOWN STEP	2026-10-07T15:21:51.0684240Z --- PASS: TestR107PublicMatchStartAndIdentity (0.00s)
windows-build	UNKNOWN STEP	2026-10-07T15:21:51.0685589Z === RUN   TestR107ProfileCacheRestoresActivityAfterRestart
windows-build	UNKNOWN STEP	2026-10-07T15:21:51.1050792Z --- PASS: TestR107ProfileCacheRestoresActivityAfterRestart (0.04s)
windows-build	UNKNOWN STEP	2026-10-07T15:21:51.1052310Z === RUN   TestR107EmptyLocalBackgroundReadsSameAccountProfile
windows-build	UNKNOWN STEP	2026-10-07T15:21:51.1053097Z --- PASS: TestR107EmptyLocalBackgroundReadsSameAccountProfile (0.00s)
windows-build	UNKNOWN STEP	2026-10-07T15:21:51.1053766Z === RUN   TestR107DoubleEscapedPublicMatchIdentity
windows-build	UNKNOWN STEP	2026-10-07T15:21:51.1054358Z --- PASS: TestR107DoubleEscapedPublicMatchIdentity (0.00s)
windows-build	UNKNOWN STEP	2026-10-07T15:21:51.1055058Z === RUN   TestR107MissingPublicActivityUsesOwnRiotIdentityAndCaches
windows-build	UNKNOWN STEP	2026-10-07T15:21:51.1056166Z === RUN   TestR107MissingPublicActivityUsesOwnRiotIdentityAndCaches/false
windows-build	UNKNOWN STEP	2026-10-07T15:21:52.1730990Z --- PASS: TestR107MissingPublicActivityUsesOwnRiotIdentityAndCaches/false (1.07s)
windows-build	UNKNOWN STEP	2026-10-07T15:21:52.1731945Z === RUN   TestR107MissingPublicActivityUsesOwnRiotIdentityAndCaches/true
windows-build	UNKNOWN STEP	2026-10-07T15:21:52.1749595Z --- PASS: TestR107MissingPublicActivityUsesOwnRiotIdentityAndCaches/true (0.00s)
windows-build	UNKNOWN STEP	2026-10-07T15:21:52.1750860Z --- PASS: TestR107MissingPublicActivityUsesOwnRiotIdentityAndCaches (1.07s)
windows-build	UNKNOWN STEP	2026-10-07T15:21:52.1751515Z === RUN   TestR107LiveProfileActivityBatch
windows-build	UNKNOWN STEP	2026-10-07T15:21:52.1752036Z     r107_test.go:135: opt-in network verification
windows-build	UNKNOWN STEP	2026-10-07T15:21:52.1752569Z --- SKIP: TestR107LiveProfileActivityBatch (0.00s)
windows-build	UNKNOWN STEP	2026-10-07T15:21:52.1753130Z === RUN   TestR107ImageBudgetReachesUnderlyingTransport
windows-build	UNKNOWN STEP	2026-10-07T15:21:52.1753745Z === RUN   TestR107ImageBudgetReachesUnderlyingTransport/client
windows-build	UNKNOWN STEP	2026-10-07T15:21:52.1754511Z --- PASS: TestR107ImageBudgetReachesUnderlyingTransport/client (0.00s)
windows-build	UNKNOWN STEP	2026-10-07T15:21:52.1757567Z === RUN   TestR107ImageBudgetReachesUnderlyingTransport/public
windows-build	UNKNOWN STEP	2026-10-07T15:21:52.1758574Z --- PASS: TestR107ImageBudgetReachesUnderlyingTransport/public (0.00s)
windows-build	UNKNOWN STEP	2026-10-07T15:21:52.1759293Z --- PASS: TestR107ImageBudgetReachesUnderlyingTransport (0.00s)
windows-build	UNKNOWN STEP	2026-10-07T15:21:52.1759837Z === RUN   TestR107LiveImagesWithoutClient
windows-build	UNKNOWN STEP	2026-10-07T15:21:52.1760366Z     r107_test.go:210: opt-in public image read
windows-build	UNKNOWN STEP	2026-10-07T15:21:52.1760865Z --- SKIP: TestR107LiveImagesWithoutClient (0.00s)
windows-build	UNKNOWN STEP	2026-10-07T15:21:52.1761335Z === RUN   TestR117ImageETagRevalidation
windows-build	UNKNOWN STEP	2026-10-07T15:21:52.1761810Z --- PASS: TestR117ImageETagRevalidation (0.00s)
windows-build	UNKNOWN STEP	2026-10-07T15:21:52.1762527Z === RUN   TestR117CommunityImageFanoutNegativeCacheIsPerAssetPathAndMinuteLevel
windows-build	UNKNOWN STEP	2026-10-07T15:21:52.1763783Z === RUN   TestR117CommunityImageFanoutNegativeCacheIsPerAssetPathAndMinuteLevel/every_candidate_failing_is_remembered_per_assetPath
windows-build	UNKNOWN STEP	2026-10-07T15:21:52.1765374Z --- PASS: TestR117CommunityImageFanoutNegativeCacheIsPerAssetPathAndMinuteLevel/every_candidate_failing_is_remembered_per_assetPath (0.00s)
windows-build	UNKNOWN STEP	2026-10-07T15:21:52.1766966Z === RUN   TestR117CommunityImageFanoutNegativeCacheIsPerAssetPathAndMinuteLevel/partial_failure_does_not_replay_the_missing_candidates
windows-build	UNKNOWN STEP	2026-10-07T15:21:52.1768590Z --- PASS: TestR117CommunityImageFanoutNegativeCacheIsPerAssetPathAndMinuteLevel/partial_failure_does_not_replay_the_missing_candidates (0.00s)
windows-build	UNKNOWN STEP	2026-10-07T15:21:52.1769917Z --- PASS: TestR117CommunityImageFanoutNegativeCacheIsPerAssetPathAndMinuteLevel (0.00s)
windows-build	UNKNOWN STEP	2026-10-07T15:21:52.1770760Z === RUN   TestR117ProfileUsesJSONLDStartOverDirectoryRevision
windows-build	UNKNOWN STEP	2026-10-07T15:21:52.1784358Z --- PASS: TestR117ProfileUsesJSONLDStartOverDirectoryRevision (0.00s)
windows-build	UNKNOWN STEP	2026-10-07T15:21:52.1785258Z === RUN   TestR117ProfileThrottleIsPendingWithoutShortTTL
windows-build	UNKNOWN STEP	2026-10-07T15:21:52.1786275Z --- PASS: TestR117ProfileThrottleIsPendingWithoutShortTTL (0.00s)
windows-build	UNKNOWN STEP	2026-10-07T15:21:52.1786837Z === RUN   TestR108RefreshDoesNotInheritCanceledFlight
windows-build	UNKNOWN STEP	2026-10-07T15:21:52.1787247Z --- PASS: TestR108RefreshDoesNotInheritCanceledFlight (0.00s)
windows-build	UNKNOWN STEP	2026-10-07T15:21:52.1787991Z === RUN   TestR108ModeHistoryQueriesOnlyMatchingQueuesAndCachesEmpty
windows-build	UNKNOWN STEP	2026-10-07T15:21:52.1788548Z === RUN   TestR108ModeHistoryQueriesOnlyMatchingQueuesAndCachesEmpty/solo
windows-build	UNKNOWN STEP	2026-10-07T15:21:52.3459076Z --- PASS: TestR108ModeHistoryQueriesOnlyMatchingQueuesAndCachesEmpty/solo (0.17s)
windows-build	UNKNOWN STEP	2026-10-07T15:21:52.3460111Z === RUN   TestR108ModeHistoryQueriesOnlyMatchingQueuesAndCachesEmpty/flex
windows-build	UNKNOWN STEP	2026-10-07T15:21:52.3937221Z --- PASS: TestR108ModeHistoryQueriesOnlyMatchingQueuesAndCachesEmpty/flex (0.05s)
windows-build	UNKNOWN STEP	2026-10-07T15:21:52.3938411Z === RUN   TestR108ModeHistoryQueriesOnlyMatchingQueuesAndCachesEmpty/hextech-aram
windows-build	UNKNOWN STEP	2026-10-07T15:21:53.1244789Z --- PASS: TestR108ModeHistoryQueriesOnlyMatchingQueuesAndCachesEmpty/hextech-aram (0.73s)
windows-build	UNKNOWN STEP	2026-10-07T15:21:53.1245794Z === RUN   TestR108ModeHistoryQueriesOnlyMatchingQueuesAndCachesEmpty/arena
windows-build	UNKNOWN STEP	2026-10-07T15:21:53.6695127Z --- PASS: TestR108ModeHistoryQueriesOnlyMatchingQueuesAndCachesEmpty/arena (0.55s)
windows-build	UNKNOWN STEP	2026-10-07T15:21:53.6697209Z === RUN   TestR108ModeHistoryQueriesOnlyMatchingQueuesAndCachesEmpty/ranked
windows-build	UNKNOWN STEP	2026-10-07T15:21:54.5023281Z --- PASS: TestR108ModeHistoryQueriesOnlyMatchingQueuesAndCachesEmpty/ranked (0.83s)
windows-build	UNKNOWN STEP	2026-10-07T15:21:54.5024962Z --- PASS: TestR108ModeHistoryQueriesOnlyMatchingQueuesAndCachesEmpty (2.32s)
windows-build	UNKNOWN STEP	2026-10-07T15:21:54.5033145Z === RUN   TestR108MultiQueuePagesMergeAndReusePrefixes
windows-build	UNKNOWN STEP	2026-10-07T15:21:54.9783668Z --- PASS: TestR108MultiQueuePagesMergeAndReusePrefixes (0.48s)
windows-build	UNKNOWN STEP	2026-10-07T15:21:54.9784564Z === RUN   TestR108OverviewCacheKeepsModesSeparateAndReusesRecentKR
windows-build	UNKNOWN STEP	2026-10-07T15:21:54.9785383Z --- PASS: TestR108OverviewCacheKeepsModesSeparateAndReusesRecentKR (0.00s)
windows-build	UNKNOWN STEP	2026-10-07T15:21:54.9786032Z === RUN   TestR108CareerUsesActualClientBackdrop
windows-build	UNKNOWN STEP	2026-10-07T15:21:54.9786639Z === RUN   TestR108CareerUsesActualClientBackdrop/recently-played
windows-build	UNKNOWN STEP	2026-10-07T15:21:54.9787317Z --- PASS: TestR108CareerUsesActualClientBackdrop/recently-played (0.00s)
windows-build	UNKNOWN STEP	2026-10-07T15:21:54.9788056Z === RUN   TestR108CareerUsesActualClientBackdrop/highest-mastery
windows-build	UNKNOWN STEP	2026-10-07T15:21:54.9788753Z --- PASS: TestR108CareerUsesActualClientBackdrop/highest-mastery (0.00s)
windows-build	UNKNOWN STEP	2026-10-07T15:21:54.9789464Z === RUN   TestR108CareerUsesActualClientBackdrop/specified-skin
windows-build	UNKNOWN STEP	2026-10-07T15:21:54.9790176Z --- PASS: TestR108CareerUsesActualClientBackdrop/specified-skin (0.00s)
windows-build	UNKNOWN STEP	2026-10-07T15:21:54.9791201Z === RUN   TestR108CareerUsesActualClientBackdrop/summoner-icon
windows-build	UNKNOWN STEP	2026-10-07T15:21:54.9791890Z --- PASS: TestR108CareerUsesActualClientBackdrop/summoner-icon (0.00s)
windows-build	UNKNOWN STEP	2026-10-07T15:21:54.9792536Z === RUN   TestR108CareerUsesActualClientBackdrop/foreign
windows-build	UNKNOWN STEP	2026-10-07T15:21:54.9793189Z --- PASS: TestR108CareerUsesActualClientBackdrop/foreign (0.00s)
windows-build	UNKNOWN STEP	2026-10-07T15:21:54.9793824Z --- PASS: TestR108CareerUsesActualClientBackdrop (0.00s)
windows-build	UNKNOWN STEP	2026-10-07T15:21:54.9794437Z === RUN   TestR108FacadeStateReturnsResolvedBackdropAndBanner
windows-build	UNKNOWN STEP	2026-10-07T15:21:54.9795130Z --- PASS: TestR108FacadeStateReturnsResolvedBackdropAndBanner (0.00s)
windows-build	UNKNOWN STEP	2026-10-07T15:21:54.9795898Z === RUN   TestR117MultiQueueHistoryHasBoundedConcurrentIDRequests
windows-build	UNKNOWN STEP	2026-10-07T15:21:56.7419164Z --- PASS: TestR117MultiQueueHistoryHasBoundedConcurrentIDRequests (1.76s)
windows-build	UNKNOWN STEP	2026-10-07T15:21:56.7422075Z === RUN   TestR109OverviewBackgroundUsesOnlySubjectAndPrefersVerifiedProfile
windows-build	UNKNOWN STEP	2026-10-07T15:21:56.7423817Z === RUN   TestR109OverviewBackgroundUsesOnlySubjectAndPrefersVerifiedProfile/remote_without_mastery
windows-build	UNKNOWN STEP	2026-10-07T15:21:56.7425525Z --- PASS: TestR109OverviewBackgroundUsesOnlySubjectAndPrefersVerifiedProfile/remote_without_mastery (0.00s)
windows-build	UNKNOWN STEP	2026-10-07T15:21:56.7427028Z === RUN   TestR109OverviewBackgroundUsesOnlySubjectAndPrefersVerifiedProfile/highest_mastery
windows-build	UNKNOWN STEP	2026-10-07T15:21:56.7428106Z --- PASS: TestR109OverviewBackgroundUsesOnlySubjectAndPrefersVerifiedProfile/highest_mastery (0.00s)
windows-build	UNKNOWN STEP	2026-10-07T15:21:56.7429180Z === RUN   TestR109OverviewBackgroundUsesOnlySubjectAndPrefersVerifiedProfile/actual_client_background
windows-build	UNKNOWN STEP	2026-10-07T15:21:56.7430127Z --- PASS: TestR109OverviewBackgroundUsesOnlySubjectAndPrefersVerifiedProfile/actual_client_background (0.00s)
windows-build	UNKNOWN STEP	2026-10-07T15:21:56.7431397Z --- PASS: TestR109OverviewBackgroundUsesOnlySubjectAndPrefersVerifiedProfile (0.00s)
windows-build	UNKNOWN STEP	2026-10-07T15:21:56.7432249Z === RUN   TestR109RiotProgressAndCompleteCarryBackgroundAndProfileWithoutExtraReads
windows-build	UNKNOWN STEP	2026-10-07T15:21:56.7433230Z === RUN   TestR109RiotProgressAndCompleteCarryBackgroundAndProfileWithoutExtraReads/with_matches
windows-build	UNKNOWN STEP	2026-10-07T15:21:58.0900046Z --- PASS: TestR109RiotProgressAndCompleteCarryBackgroundAndProfileWithoutExtraReads/with_matches (1.35s)
windows-build	UNKNOWN STEP	2026-10-07T15:21:58.0901337Z === RUN   TestR109RiotProgressAndCompleteCarryBackgroundAndProfileWithoutExtraReads/empty_mode
windows-build	UNKNOWN STEP	2026-10-07T15:21:58.6732281Z --- PASS: TestR109RiotProgressAndCompleteCarryBackgroundAndProfileWithoutExtraReads/empty_mode (0.58s)
windows-build	UNKNOWN STEP	2026-10-07T15:21:58.6733097Z --- PASS: TestR109RiotProgressAndCompleteCarryBackgroundAndProfileWithoutExtraReads (1.93s)
windows-build	UNKNOWN STEP	2026-10-07T15:21:58.6733638Z === RUN   TestR109IncompleteHeaderDoesNotBecomeFreshSnapshot
windows-build	UNKNOWN STEP	2026-10-07T15:21:58.6734720Z --- PASS: TestR109IncompleteHeaderDoesNotBecomeFreshSnapshot (0.00s)
windows-build	UNKNOWN STEP	2026-10-07T15:21:58.6735160Z === RUN   TestR109CNMatchTimeoutKeepsReadyRankAndMastery
windows-build	UNKNOWN STEP	2026-10-07T15:21:58.8448421Z --- PASS: TestR109CNMatchTimeoutKeepsReadyRankAndMastery (0.17s)
windows-build	UNKNOWN STEP	2026-10-07T15:21:58.8449138Z === RUN   TestR110ProductionHeadersReplacePersonalCapAndHostsHaveSeparateBudgets
windows-build	UNKNOWN STEP	2026-10-07T15:21:58.8450371Z --- PASS: TestR110ProductionHeadersReplacePersonalCapAndHostsHaveSeparateBudgets (0.00s)
windows-build	UNKNOWN STEP	2026-10-07T15:21:58.8450840Z === RUN   TestR110MethodQuotaAndShared429Cooldown
windows-build	UNKNOWN STEP	2026-10-07T15:21:58.8451195Z --- PASS: TestR110MethodQuotaAndShared429Cooldown (0.00s)
windows-build	UNKNOWN STEP	2026-10-07T15:21:58.8451603Z === RUN   TestR110OutOfOrderCountsKeepReservationsAndBackgroundYields
windows-build	UNKNOWN STEP	2026-10-07T15:21:58.8452109Z --- PASS: TestR110OutOfOrderCountsKeepReservationsAndBackgroundYields (0.00s)
windows-build	UNKNOWN STEP	2026-10-07T15:21:58.8452573Z === RUN   TestR110InvalidRateHeadersKeepConservativeFallback
windows-build	UNKNOWN STEP	2026-10-07T15:21:58.8452999Z --- PASS: TestR110InvalidRateHeadersKeepConservativeFallback (0.00s)
windows-build	UNKNOWN STEP	2026-10-07T15:21:58.8453454Z === RUN   TestR110HTTPAdmissionsLearnProductionHeadersUnderConcurrency
windows-build	UNKNOWN STEP	2026-10-07T15:21:58.8502449Z --- PASS: TestR110HTTPAdmissionsLearnProductionHeadersUnderConcurrency (0.01s)
windows-build	UNKNOWN STEP	2026-10-07T15:21:58.8503308Z === RUN   TestR111DetectEndpointNeverWritesOrResetsClientPreferences
windows-build	UNKNOWN STEP	2026-10-07T15:21:58.8515694Z --- PASS: TestR111DetectEndpointNeverWritesOrResetsClientPreferences (0.00s)
windows-build	UNKNOWN STEP	2026-10-07T15:21:58.8516503Z === RUN   TestR111QuotaDiagnosticsDistinguishLocalBudgetAndObservedLimits
windows-build	UNKNOWN STEP	2026-10-07T15:21:58.8517360Z --- PASS: TestR111QuotaDiagnosticsDistinguishLocalBudgetAndObservedLimits (0.00s)
windows-build	UNKNOWN STEP	2026-10-07T15:21:58.8518088Z === RUN   TestR111Headerless429DoesNotInventAnObservedPolicy
windows-build	UNKNOWN STEP	2026-10-07T15:21:58.8522805Z --- PASS: TestR111Headerless429DoesNotInventAnObservedPolicy (0.00s)
windows-build	UNKNOWN STEP	2026-10-07T15:21:58.8523496Z === RUN   TestR112AverageTierMixedPublicResponse
windows-build	UNKNOWN STEP	2026-10-07T15:21:58.8524290Z --- PASS: TestR112AverageTierMixedPublicResponse (0.00s)
windows-build	UNKNOWN STEP	2026-10-07T15:21:58.8524963Z === RUN   TestR112AverageTierActionReferenceAndMissingShapes
windows-build	UNKNOWN STEP	2026-10-07T15:21:58.8525633Z --- PASS: TestR112AverageTierActionReferenceAndMissingShapes (0.00s)
windows-build	UNKNOWN STEP	2026-10-07T15:21:58.8526272Z === RUN   TestR112AverageTierIdentityMismatchNeverPosts
windows-build	UNKNOWN STEP	2026-10-07T15:21:58.8526899Z --- PASS: TestR112AverageTierIdentityMismatchNeverPosts (0.00s)
windows-build	UNKNOWN STEP	2026-10-07T15:21:58.8527460Z === RUN   TestR112FullPublicCapture
windows-build	UNKNOWN STEP	2026-10-07T15:21:58.8527958Z     r112_test.go:90: optional public response capture
windows-build	UNKNOWN STEP	2026-10-07T15:21:58.8528415Z --- SKIP: TestR112FullPublicCapture (0.00s)
windows-build	UNKNOWN STEP	2026-10-07T15:21:58.8528877Z === RUN   TestR112EmptyAverageTierPageIsCached
windows-build	UNKNOWN STEP	2026-10-07T15:21:58.8529393Z --- PASS: TestR112EmptyAverageTierPageIsCached (0.00s)
windows-build	UNKNOWN STEP	2026-10-07T15:21:58.8529921Z === RUN   TestR112AverageTierFailureExpiresAndRecovers
windows-build	UNKNOWN STEP	2026-10-07T15:21:58.8530516Z --- PASS: TestR112AverageTierFailureExpiresAndRecovers (0.00s)
windows-build	UNKNOWN STEP	2026-10-07T15:21:58.8531300Z === RUN   TestR113ChatJIDAndPhaseCancellation
windows-build	UNKNOWN STEP	2026-10-07T15:21:58.8532120Z === RUN   TestR113ChatJIDAndPhaseCancellation/false
windows-build	UNKNOWN STEP	2026-10-07T15:21:58.8532706Z --- PASS: TestR113ChatJIDAndPhaseCancellation/false (0.00s)
windows-build	UNKNOWN STEP	2026-10-07T15:21:58.8533243Z === RUN   TestR113ChatJIDAndPhaseCancellation/true
windows-build	UNKNOWN STEP	2026-10-07T15:21:58.8533818Z --- PASS: TestR113ChatJIDAndPhaseCancellation/true (0.00s)
windows-build	UNKNOWN STEP	2026-10-07T15:21:58.8534383Z --- PASS: TestR113ChatJIDAndPhaseCancellation (0.00s)
windows-build	UNKNOWN STEP	2026-10-07T15:21:58.8534994Z === RUN   TestR113BroadcastEventStormIsBoundedAndRearmsNextSession
windows-build	UNKNOWN STEP	2026-10-07T15:21:58.8535676Z === PAUSE TestR113BroadcastEventStormIsBoundedAndRearmsNextSession
windows-build	UNKNOWN STEP	2026-10-07T15:21:58.8536286Z === RUN   TestR113PrewarmDeduplicatesAndDoesNotWaitForRoster
windows-build	UNKNOWN STEP	2026-10-07T15:21:58.8536846Z --- PASS: TestR113PrewarmDeduplicatesAndDoesNotWaitForRoster (0.00s)
windows-build	UNKNOWN STEP	2026-10-07T15:21:58.8537409Z === RUN   TestR113ARAMSkipsRankRequestsAndStartsRecommendationsBeforeHistory
windows-build	UNKNOWN STEP	2026-10-07T15:21:58.9464833Z --- PASS: TestR113ARAMSkipsRankRequestsAndStartsRecommendationsBeforeHistory (0.09s)
windows-build	UNKNOWN STEP	2026-10-07T15:21:58.9468008Z === RUN   TestR113MayhemMergeKeepsSilverAfterFirstNine
windows-build	UNKNOWN STEP	2026-10-07T15:21:58.9468780Z --- PASS: TestR113MayhemMergeKeepsSilverAfterFirstNine (0.00s)
windows-build	UNKNOWN STEP	2026-10-07T15:21:58.9469624Z === RUN   TestR113RSCDoesNotDiscardLaterRarityRows
windows-build	UNKNOWN STEP	2026-10-07T15:21:58.9470222Z --- PASS: TestR113RSCDoesNotDiscardLaterRarityRows (0.00s)
windows-build	UNKNOWN STEP	2026-10-07T15:21:58.9471337Z === RUN   TestR113FailedHistoryDoesNotFreezeForWholeGame
windows-build	UNKNOWN STEP	2026-10-07T15:21:58.9475422Z --- PASS: TestR113FailedHistoryDoesNotFreezeForWholeGame (0.00s)
windows-build	UNKNOWN STEP	2026-10-07T15:21:58.9476575Z === RUN   TestR115AbilityPairsExactlyTheSameGames
windows-build	UNKNOWN STEP	2026-10-07T15:21:58.9477104Z --- PASS: TestR115AbilityPairsExactlyTheSameGames (0.00s)
windows-build	UNKNOWN STEP	2026-10-07T15:21:58.9477513Z === RUN   TestR115AbilityMissingMetricDoesNotEraseOtherMetrics
windows-build	UNKNOWN STEP	2026-10-07T15:21:58.9477994Z --- PASS: TestR115AbilityMissingMetricDoesNotEraseOtherMetrics (0.00s)
windows-build	UNKNOWN STEP	2026-10-07T15:21:58.9478438Z === RUN   TestR115AbilityKDAIsInvariantWhenZeroDeathGamesRepeat
windows-build	UNKNOWN STEP	2026-10-07T15:21:58.9478896Z --- PASS: TestR115AbilityKDAIsInvariantWhenZeroDeathGamesRepeat (0.00s)
windows-build	UNKNOWN STEP	2026-10-07T15:21:58.9479285Z === RUN   TestR115AbilityBoundedGradeScaleAndTrueZero
windows-build	UNKNOWN STEP	2026-10-07T15:21:58.9479649Z --- PASS: TestR115AbilityBoundedGradeScaleAndTrueZero (0.00s)
windows-build	UNKNOWN STEP	2026-10-07T15:21:58.9480013Z === RUN   TestR115SeasonAbilityRejectsAmbiguousOpponents
windows-build	UNKNOWN STEP	2026-10-07T15:21:58.9480403Z --- PASS: TestR115SeasonAbilityRejectsAmbiguousOpponents (0.00s)
windows-build	UNKNOWN STEP	2026-10-07T15:21:58.9480741Z === RUN   TestR115_LCUEventRoutingParity
windows-build	UNKNOWN STEP	2026-10-07T15:21:58.9481183Z --- PASS: TestR115_LCUEventRoutingParity (0.00s)
windows-build	UNKNOWN STEP	2026-10-07T15:21:58.9481490Z === RUN   TestR115_BroadcastContentsAndGuards
windows-build	UNKNOWN STEP	2026-10-07T15:21:58.9481790Z === RUN   TestR115_BroadcastContentsAndGuards/legacy
windows-build	UNKNOWN STEP	2026-10-07T15:21:58.9482139Z --- PASS: TestR115_BroadcastContentsAndGuards/legacy (0.00s)
windows-build	UNKNOWN STEP	2026-10-07T15:21:58.9482485Z === RUN   TestR115_BroadcastContentsAndGuards/combined
windows-build	UNKNOWN STEP	2026-10-07T15:21:58.9482847Z --- PASS: TestR115_BroadcastContentsAndGuards/combined (0.00s)
windows-build	UNKNOWN STEP	2026-10-07T15:21:58.9483501Z === RUN   TestR115_BroadcastContentsAndGuards/invalid_visibility
windows-build	UNKNOWN STEP	2026-10-07T15:21:58.9484170Z --- PASS: TestR115_BroadcastContentsAndGuards/invalid_visibility (0.00s)
windows-build	UNKNOWN STEP	2026-10-07T15:21:58.9484552Z === RUN   TestR115_BroadcastContentsAndGuards/unsafe_id
windows-build	UNKNOWN STEP	2026-10-07T15:21:58.9484911Z --- PASS: TestR115_BroadcastContentsAndGuards/unsafe_id (0.00s)
windows-build	UNKNOWN STEP	2026-10-07T15:21:58.9485303Z === RUN   TestR115_BroadcastContentsAndGuards/pause_before_reads
windows-build	UNKNOWN STEP	2026-10-07T15:21:58.9485714Z --- PASS: TestR115_BroadcastContentsAndGuards/pause_before_reads (0.00s)
windows-build	UNKNOWN STEP	2026-10-07T15:21:58.9486114Z === RUN   TestR115_BroadcastContentsAndGuards/pause_before_write
windows-build	UNKNOWN STEP	2026-10-07T15:21:58.9486591Z --- PASS: TestR115_BroadcastContentsAndGuards/pause_before_write (0.00s)
windows-build	UNKNOWN STEP	2026-10-07T15:21:58.9487032Z === RUN   TestR115_BroadcastContentsAndGuards/uncertain_write
windows-build	UNKNOWN STEP	2026-10-07T15:21:58.9487413Z --- PASS: TestR115_BroadcastContentsAndGuards/uncertain_write (0.00s)
windows-build	UNKNOWN STEP	2026-10-07T15:21:58.9487786Z --- PASS: TestR115_BroadcastContentsAndGuards (0.00s)
windows-build	UNKNOWN STEP	2026-10-07T15:21:58.9488103Z === RUN   TestR115_BroadcastDefaultsAndMissingData
windows-build	UNKNOWN STEP	2026-10-07T15:21:58.9488441Z --- PASS: TestR115_BroadcastDefaultsAndMissingData (0.00s)
windows-build	UNKNOWN STEP	2026-10-07T15:21:58.9488817Z === RUN   TestR139_BroadcastAssignedPositionLegacyOffIsNormalized
windows-build	UNKNOWN STEP	2026-10-07T15:21:59.3655000Z --- PASS: TestR139_BroadcastAssignedPositionLegacyOffIsNormalized (0.42s)
windows-build	UNKNOWN STEP	2026-10-07T15:21:59.3656244Z === RUN   TestR115_BroadcastUncertainWriteIsNotRetried
windows-build	UNKNOWN STEP	2026-10-07T15:21:59.3668369Z --- PASS: TestR115_BroadcastUncertainWriteIsNotRetried (0.00s)
windows-build	UNKNOWN STEP	2026-10-07T15:21:59.3670174Z === RUN   TestR115_AssetSingleflight
windows-build	UNKNOWN STEP	2026-10-07T15:21:59.3670744Z --- PASS: TestR115_AssetSingleflight (0.00s)
windows-build	UNKNOWN STEP	2026-10-07T15:21:59.3671471Z === RUN   TestR119AutofillCandidatesOnlyMarkMissingIndividualPosition
windows-build	UNKNOWN STEP	2026-10-07T15:21:59.3674124Z === RUN   TestR119AutofillCandidatesOnlyMarkMissingIndividualPosition/空串
windows-build	UNKNOWN STEP	2026-10-07T15:21:59.3675040Z --- PASS: TestR119AutofillCandidatesOnlyMarkMissingIndividualPosition/空串 (0.00s)
windows-build	UNKNOWN STEP	2026-10-07T15:21:59.3676719Z === RUN   TestR119AutofillCandidatesOnlyMarkMissingIndividualPosition/Invalid
windows-build	UNKNOWN STEP	2026-10-07T15:21:59.3677711Z --- PASS: TestR119AutofillCandidatesOnlyMarkMissingIndividualPosition/Invalid (0.00s)
windows-build	UNKNOWN STEP	2026-10-07T15:21:59.3678810Z === RUN   TestR119AutofillCandidatesOnlyMarkMissingIndividualPosition/invalid_小写
windows-build	UNKNOWN STEP	2026-10-07T15:21:59.3680104Z --- PASS: TestR119AutofillCandidatesOnlyMarkMissingIndividualPosition/invalid_小写 (0.00s)
windows-build	UNKNOWN STEP	2026-10-07T15:21:59.3681057Z === RUN   TestR119AutofillCandidatesOnlyMarkMissingIndividualPosition/纯空白
windows-build	UNKNOWN STEP	2026-10-07T15:21:59.3681940Z --- PASS: TestR119AutofillCandidatesOnlyMarkMissingIndividualPosition/纯空白 (0.00s)
windows-build	UNKNOWN STEP	2026-10-07T15:21:59.3682780Z --- PASS: TestR119AutofillCandidatesOnlyMarkMissingIndividualPosition (0.00s)
windows-build	UNKNOWN STEP	2026-10-07T15:21:59.3683566Z === RUN   TestR119AutofillCandidatesDegradeWhenWholeGameLacksEvidence
windows-build	UNKNOWN STEP	2026-10-07T15:21:59.3684393Z --- PASS: TestR119AutofillCandidatesDegradeWhenWholeGameLacksEvidence (0.00s)
windows-build	UNKNOWN STEP	2026-10-07T15:21:59.3685145Z === RUN   TestR119AutofillCandidatesStayInsideClassicRankedQueues
windows-build	UNKNOWN STEP	2026-10-07T15:21:59.3685854Z --- PASS: TestR119AutofillCandidatesStayInsideClassicRankedQueues (0.00s)
windows-build	UNKNOWN STEP	2026-10-07T15:21:59.3686539Z === RUN   TestR119ConvertRiotMatchInfoAutofillKeyFollowsGate
windows-build	UNKNOWN STEP	2026-10-07T15:21:59.3687241Z --- PASS: TestR119ConvertRiotMatchInfoAutofillKeyFollowsGate (0.00s)
windows-build	UNKNOWN STEP	2026-10-07T15:21:59.3687936Z === RUN   TestR119SummarizeRiotParticipantsCountsAutofillEvidence
windows-build	UNKNOWN STEP	2026-10-07T15:21:59.3688638Z --- PASS: TestR119SummarizeRiotParticipantsCountsAutofillEvidence (0.00s)
windows-build	UNKNOWN STEP	2026-10-07T15:21:59.3689369Z === RUN   TestR119RiotPositionKeyBehaviourIsUnchangedByLaneHelper
windows-build	UNKNOWN STEP	2026-10-07T15:21:59.3690083Z --- PASS: TestR119RiotPositionKeyBehaviourIsUnchangedByLaneHelper (0.00s)
windows-build	UNKNOWN STEP	2026-10-07T15:21:59.3690766Z === RUN   TestR121AutofillLabelGateIsClosedByDefault
windows-build	UNKNOWN STEP	2026-10-07T15:21:59.3691362Z --- PASS: TestR121AutofillLabelGateIsClosedByDefault (0.00s)
windows-build	UNKNOWN STEP	2026-10-07T15:21:59.3692010Z === RUN   TestR121GateClosedSuppressesFlagsButKeepsCandidateMath
windows-build	UNKNOWN STEP	2026-10-07T15:21:59.3692756Z --- PASS: TestR121GateClosedSuppressesFlagsButKeepsCandidateMath (0.00s)
windows-build	UNKNOWN STEP	2026-10-07T15:21:59.3693726Z === RUN   TestR121ConvertRiotMatchInfoTagsCandidateOnlyWhenGateOpens
windows-build	UNKNOWN STEP	2026-10-07T15:21:59.3694496Z --- PASS: TestR121ConvertRiotMatchInfoTagsCandidateOnlyWhenGateOpens (0.00s)
windows-build	UNKNOWN STEP	2026-10-07T15:21:59.3695599Z === RUN   TestR121ParticipantWithoutTeamPositionIsNeverTagged
windows-build	UNKNOWN STEP	2026-10-07T15:21:59.3696306Z === RUN   TestR121ParticipantWithoutTeamPositionIsNeverTagged/Invalid
windows-build	UNKNOWN STEP	2026-10-07T15:21:59.3697333Z --- PASS: TestR121ParticipantWithoutTeamPositionIsNeverTagged/Invalid (0.00s)
windows-build	UNKNOWN STEP	2026-10-07T15:21:59.3704080Z === RUN   TestR121ParticipantWithoutTeamPositionIsNeverTagged/空串
windows-build	UNKNOWN STEP	2026-10-07T15:21:59.3704851Z --- PASS: TestR121ParticipantWithoutTeamPositionIsNeverTagged/空串 (0.00s)
windows-build	UNKNOWN STEP	2026-10-07T15:21:59.3705776Z --- PASS: TestR121ParticipantWithoutTeamPositionIsNeverTagged (0.00s)
windows-build	UNKNOWN STEP	2026-10-07T15:21:59.3706425Z === RUN   TestR121WholeGameDegradesWhenCoverageIsLow
windows-build	UNKNOWN STEP	2026-10-07T15:21:59.3707257Z === RUN   TestR121WholeGameDegradesWhenCoverageIsLow/只有_1_人有个人位置、其余_9_人缺失
windows-build	UNKNOWN STEP	2026-10-07T15:21:59.3708240Z --- PASS: TestR121WholeGameDegradesWhenCoverageIsLow/只有_1_人有个人位置、其余_9_人缺失 (0.00s)
windows-build	UNKNOWN STEP	2026-10-07T15:21:59.3709103Z === RUN   TestR121WholeGameDegradesWhenCoverageIsLow/5_人缺失、5_人正常
windows-build	UNKNOWN STEP	2026-10-07T15:21:59.3710068Z --- PASS: TestR121WholeGameDegradesWhenCoverageIsLow/5_人缺失、5_人正常 (0.00s)
windows-build	UNKNOWN STEP	2026-10-07T15:21:59.3710822Z === RUN   TestR121WholeGameDegradesWhenCoverageIsLow/2_人缺失（覆盖率_80%）
windows-build	UNKNOWN STEP	2026-10-07T15:21:59.3711343Z --- PASS: TestR121WholeGameDegradesWhenCoverageIsLow/2_人缺失（覆盖率_80%） (0.00s)
windows-build	UNKNOWN STEP	2026-10-07T15:21:59.3711887Z === RUN   TestR121WholeGameDegradesWhenCoverageIsLow/1_人缺失（覆盖率_90%，恰好达标）
windows-build	UNKNOWN STEP	2026-10-07T15:21:59.3712411Z --- PASS: TestR121WholeGameDegradesWhenCoverageIsLow/1_人缺失（覆盖率_90%，恰好达标） (0.00s)
windows-build	UNKNOWN STEP	2026-10-07T15:21:59.3712898Z === RUN   TestR121WholeGameDegradesWhenCoverageIsLow/全员齐全
windows-build	UNKNOWN STEP	2026-10-07T15:21:59.3713331Z --- PASS: TestR121WholeGameDegradesWhenCoverageIsLow/全员齐全 (0.00s)
windows-build	UNKNOWN STEP	2026-10-07T15:21:59.3714678Z --- PASS: TestR121WholeGameDegradesWhenCoverageIsLow (0.00s)
windows-build	UNKNOWN STEP	2026-10-07T15:21:59.3715179Z === RUN   TestR121CoverageAndRatioThresholds
windows-build	UNKNOWN STEP	2026-10-07T15:21:59.3715582Z --- PASS: TestR121CoverageAndRatioThresholds (0.00s)
windows-build	UNKNOWN STEP	2026-10-07T15:21:59.3715943Z === RUN   TestR121DiagnosticsKeepCountingWhileGateClosed
windows-build	UNKNOWN STEP	2026-10-07T15:21:59.3716338Z --- PASS: TestR121DiagnosticsKeepCountingWhileGateClosed (0.00s)
windows-build	UNKNOWN STEP	2026-10-07T15:21:59.3716930Z === RUN   TestR121NoUnprovenWordingInBusinessCode
windows-build	UNKNOWN STEP	2026-10-07T15:21:59.3721967Z --- PASS: TestR121NoUnprovenWordingInBusinessCode (0.00s)
windows-build	UNKNOWN STEP	2026-10-07T15:21:59.3722817Z === RUN   TestR122AutofillDiagnosticFieldsCarryExactlyThreeNeutralKeys
windows-build	UNKNOWN STEP	2026-10-07T15:21:59.3723357Z --- PASS: TestR122AutofillDiagnosticFieldsCarryExactlyThreeNeutralKeys (0.00s)
windows-build	UNKNOWN STEP	2026-10-07T15:21:59.3723823Z === RUN   TestR122SGPMatchHistoryEventCarriesAutofillCounts
windows-build	UNKNOWN STEP	2026-10-07T15:21:59.3784511Z --- PASS: TestR122SGPMatchHistoryEventCarriesAutofillCounts (0.01s)
windows-build	UNKNOWN STEP	2026-10-07T15:21:59.3785280Z === RUN   TestR122SGPSummaryHistoryEventCarriesAutofillCounts
windows-build	UNKNOWN STEP	2026-10-07T15:21:59.3859619Z --- PASS: TestR122SGPSummaryHistoryEventCarriesAutofillCounts (0.01s)
windows-build	UNKNOWN STEP	2026-10-07T15:21:59.3860863Z === RUN   TestR126CareerCollectionCatalogKeepsBaseSkinForAutomaticBackdrop
windows-build	UNKNOWN STEP	2026-10-07T15:21:59.3863219Z --- PASS: TestR126CareerCollectionCatalogKeepsBaseSkinForAutomaticBackdrop (0.00s)
windows-build	UNKNOWN STEP	2026-10-07T15:21:59.3864311Z === RUN   TestR126AutomaticBackdropKeepsChampionWhenCatalogCannotMatch
windows-build	UNKNOWN STEP	2026-10-07T15:21:59.3865545Z --- PASS: TestR126AutomaticBackdropKeepsChampionWhenCatalogCannotMatch (0.00s)
windows-build	UNKNOWN STEP	2026-10-07T15:21:59.3866813Z === RUN   TestR126AutomaticBackdropKeepsChampionWithoutUsableImage
windows-build	UNKNOWN STEP	2026-10-07T15:21:59.3867812Z --- PASS: TestR126AutomaticBackdropKeepsChampionWithoutUsableImage (0.00s)
windows-build	UNKNOWN STEP	2026-10-07T15:21:59.3869015Z === RUN   TestR126CollectionRefreshInstallsFullCatalogForCareer
windows-build	UNKNOWN STEP	2026-10-07T15:21:59.3869799Z --- PASS: TestR126CollectionRefreshInstallsFullCatalogForCareer (0.00s)
windows-build	UNKNOWN STEP	2026-10-07T15:21:59.3870464Z === RUN   TestR127ImageFailureDiagnosticReachesLog
windows-build	UNKNOWN STEP	2026-10-07T15:21:59.3885541Z --- PASS: TestR127ImageFailureDiagnosticReachesLog (0.00s)
windows-build	UNKNOWN STEP	2026-10-07T15:21:59.3886650Z === RUN   TestR127ClientDiagnosticAcceptsNewFailureEndpoints
windows-build	UNKNOWN STEP	2026-10-07T15:21:59.3958762Z --- PASS: TestR127ClientDiagnosticAcceptsNewFailureEndpoints (0.01s)
windows-build	UNKNOWN STEP	2026-10-07T15:21:59.3959661Z === RUN   TestR127MatchTierBatchReportsDuration
windows-build	UNKNOWN STEP	2026-10-07T15:21:59.3979646Z --- PASS: TestR127MatchTierBatchReportsDuration (0.00s)
windows-build	UNKNOWN STEP	2026-10-07T15:21:59.3980703Z === RUN   TestR127DiagnosticAllowlistStaysClosed
windows-build	UNKNOWN STEP	2026-10-07T15:21:59.4019113Z --- PASS: TestR127DiagnosticAllowlistStaysClosed (0.00s)
windows-build	UNKNOWN STEP	2026-10-07T15:21:59.4020049Z === RUN   TestR127OPGGCreatedAtIsGameEndNotStart
windows-build	UNKNOWN STEP	2026-10-07T15:21:59.4022576Z     r127_test.go:250: created_at 当开局时间：3 处重叠（最差 -574000ms）；当结束时间：0 处重叠
windows-build	UNKNOWN STEP	2026-10-07T15:21:59.4023966Z --- PASS: TestR127OPGGCreatedAtIsGameEndNotStart (0.00s)
windows-build	UNKNOWN STEP	2026-10-07T15:21:59.4024611Z === RUN   TestR127MatchOPGGAverageTierUsesRealRiotTimeBases
windows-build	UNKNOWN STEP	2026-10-07T15:21:59.4025354Z --- PASS: TestR127MatchOPGGAverageTierUsesRealRiotTimeBases (0.00s)
windows-build	UNKNOWN STEP	2026-10-07T15:21:59.4026361Z === RUN   TestR127OPGGNearestRowGapExposesTheMissingEvidence
windows-build	UNKNOWN STEP	2026-10-07T15:21:59.4027153Z --- PASS: TestR127OPGGNearestRowGapExposesTheMissingEvidence (0.00s)
windows-build	UNKNOWN STEP	2026-10-07T15:21:59.4027852Z === RUN   TestR127RemoteHostBackoffStopsRepeatedTimeouts
windows-build	UNKNOWN STEP	2026-10-07T15:21:59.4045745Z --- PASS: TestR127RemoteHostBackoffStopsRepeatedTimeouts (0.00s)
windows-build	UNKNOWN STEP	2026-10-07T15:21:59.4046423Z === RUN   TestR127RemoteImageBudgetSeparatesIconsFromArtwork
windows-build	UNKNOWN STEP	2026-10-07T15:21:59.4047042Z --- PASS: TestR127RemoteImageBudgetSeparatesIconsFromArtwork (0.00s)
windows-build	UNKNOWN STEP	2026-10-07T15:21:59.4047576Z === RUN   TestR127AugmentIconFetchReportsLCUStatus
windows-build	UNKNOWN STEP	2026-10-07T15:21:59.4067689Z --- PASS: TestR127AugmentIconFetchReportsLCUStatus (0.00s)
windows-build	UNKNOWN STEP	2026-10-07T15:21:59.4068528Z === RUN   TestR127TierOnlyRankModePrefersSGPAndSkipsWinLossCompletion
windows-build	UNKNOWN STEP	2026-10-07T15:21:59.4096445Z --- PASS: TestR127TierOnlyRankModePrefersSGPAndSkipsWinLossCompletion (0.00s)
windows-build	UNKNOWN STEP	2026-10-07T15:21:59.4097186Z === RUN   TestR127MatchTierLongTermCacheRoundTrip
windows-build	UNKNOWN STEP	2026-10-07T15:21:59.4759083Z --- PASS: TestR127MatchTierLongTermCacheRoundTrip (0.07s)
windows-build	UNKNOWN STEP	2026-10-07T15:21:59.4760045Z === RUN   TestR127MatchTierLongTermCacheSkipsOPGGEntirely
windows-build	UNKNOWN STEP	2026-10-07T15:21:59.5879229Z --- PASS: TestR127MatchTierLongTermCacheSkipsOPGGEntirely (0.11s)
windows-build	UNKNOWN STEP	2026-10-07T15:21:59.5880205Z === RUN   TestR127HostBackoffSurvivesAggregateErrorsAndSparesCachedAssets
windows-build	UNKNOWN STEP	2026-10-07T15:21:59.5896955Z --- PASS: TestR127HostBackoffSurvivesAggregateErrorsAndSparesCachedAssets (0.00s)
windows-build	UNKNOWN STEP	2026-10-07T15:21:59.5897695Z === RUN   TestR130CardImageStalledReachesLog
windows-build	UNKNOWN STEP	2026-10-07T15:21:59.5919054Z --- PASS: TestR130CardImageStalledReachesLog (0.00s)
windows-build	UNKNOWN STEP	2026-10-07T15:21:59.5920024Z === RUN   TestR130CardImageStalledIsWhitelisted
windows-build	UNKNOWN STEP	2026-10-07T15:21:59.5939376Z --- PASS: TestR130CardImageStalledIsWhitelisted (0.00s)
windows-build	UNKNOWN STEP	2026-10-07T15:21:59.5940497Z === RUN   TestR130CardImageStalledClampsAndDropsUnsafeValues
windows-build	UNKNOWN STEP	2026-10-07T15:21:59.5941668Z === RUN   TestR130CardImageStalledClampsAndDropsUnsafeValues/越界值夹到上限
windows-build	UNKNOWN STEP	2026-10-07T15:21:59.5962218Z --- PASS: TestR130CardImageStalledClampsAndDropsUnsafeValues/越界值夹到上限 (0.00s)
windows-build	UNKNOWN STEP	2026-10-07T15:21:59.5962894Z === RUN   TestR130CardImageStalledClampsAndDropsUnsafeValues/负值夹到_0
windows-build	UNKNOWN STEP	2026-10-07T15:21:59.5984008Z --- PASS: TestR130CardImageStalledClampsAndDropsUnsafeValues/负值夹到_0 (0.00s)
windows-build	UNKNOWN STEP	2026-10-07T15:21:59.5985166Z === RUN   TestR130CardImageStalledClampsAndDropsUnsafeValues/枚举内的来源类别照记
windows-build	UNKNOWN STEP	2026-10-07T15:21:59.6007884Z --- PASS: TestR130CardImageStalledClampsAndDropsUnsafeValues/枚举内的来源类别照记 (0.00s)
windows-build	UNKNOWN STEP	2026-10-07T15:21:59.6008961Z === RUN   TestR130CardImageStalledClampsAndDropsUnsafeValues/枚举外的来源整个键丢弃
windows-build	UNKNOWN STEP	2026-10-07T15:21:59.6027803Z --- PASS: TestR130CardImageStalledClampsAndDropsUnsafeValues/枚举外的来源整个键丢弃 (0.00s)
windows-build	UNKNOWN STEP	2026-10-07T15:21:59.6028592Z --- PASS: TestR130CardImageStalledClampsAndDropsUnsafeValues (0.01s)
windows-build	UNKNOWN STEP	2026-10-07T15:21:59.6029276Z === RUN   TestR130CardImageStalledNeverLeaksResourcePaths
windows-build	UNKNOWN STEP	2026-10-07T15:21:59.6048284Z --- PASS: TestR130CardImageStalledNeverLeaksResourcePaths (0.00s)
windows-build	UNKNOWN STEP	2026-10-07T15:21:59.6049065Z === RUN   TestR130CardImageStalledFieldsStayScopedToThatEvent
windows-build	UNKNOWN STEP	2026-10-07T15:21:59.6072488Z --- PASS: TestR130CardImageStalledFieldsStayScopedToThatEvent (0.00s)
windows-build	UNKNOWN STEP	2026-10-07T15:21:59.6073215Z === RUN   TestR132CurrentGamePlayersOrderedTopToSupport
windows-build	UNKNOWN STEP	2026-10-07T15:21:59.6074117Z --- PASS: TestR132CurrentGamePlayersOrderedTopToSupport (0.00s)
windows-build	UNKNOWN STEP	2026-10-07T15:21:59.6074862Z === RUN   TestR132AbilityRadarShowsRealGapWithoutFormulaText
windows-build	UNKNOWN STEP	2026-10-07T15:21:59.6075551Z --- PASS: TestR132AbilityRadarShowsRealGapWithoutFormulaText (0.00s)
windows-build	UNKNOWN STEP	2026-10-07T15:21:59.6075924Z === RUN   TestR150NormalizeChampionGrade
windows-build	UNKNOWN STEP	2026-10-07T15:21:59.6076326Z --- PASS: TestR150NormalizeChampionGrade (0.00s)
windows-build	UNKNOWN STEP	2026-10-07T15:21:59.6076808Z === RUN   TestR150YourGGOPAndSKeepDistinctGradesAndOrder
windows-build	UNKNOWN STEP	2026-10-07T15:21:59.6077202Z --- PASS: TestR150YourGGOPAndSKeepDistinctGradesAndOrder (0.00s)
windows-build	UNKNOWN STEP	2026-10-07T15:21:59.6077569Z === RUN   TestR150LocalGradeNeverBecomesDisplayedScore
windows-build	UNKNOWN STEP	2026-10-07T15:21:59.6077959Z --- PASS: TestR150LocalGradeNeverBecomesDisplayedScore (0.00s)
windows-build	UNKNOWN STEP	2026-10-07T15:21:59.6078354Z === RUN   TestR150ArenaHeaderDiagnosticOnlyRecordsListMetadata
windows-build	UNKNOWN STEP	2026-10-07T15:21:59.6094933Z --- PASS: TestR150ArenaHeaderDiagnosticOnlyRecordsListMetadata (0.00s)
windows-build	UNKNOWN STEP	2026-10-07T15:21:59.6095802Z === RUN   TestR150ArenaDetailResponseOmitsRemovedMixedSourceStats
windows-build	UNKNOWN STEP	2026-10-07T15:21:59.6098432Z --- PASS: TestR150ArenaDetailResponseOmitsRemovedMixedSourceStats (0.00s)
windows-build	UNKNOWN STEP	2026-10-07T15:21:59.6099492Z === RUN   TestR151YourGGAugmentsKeepOfficialGradesScoresAndCatalogRarity
windows-build	UNKNOWN STEP	2026-10-07T15:21:59.6100909Z --- PASS: TestR151YourGGAugmentsKeepOfficialGradesScoresAndCatalogRarity (0.00s)
windows-build	UNKNOWN STEP	2026-10-07T15:21:59.6101663Z === RUN   TestR151PartialYourGGAugmentsFallBackAsAWhole
windows-build	UNKNOWN STEP	2026-10-07T15:21:59.6102343Z --- PASS: TestR151PartialYourGGAugmentsFallBackAsAWhole (0.00s)
windows-build	UNKNOWN STEP	2026-10-07T15:21:59.6103035Z === RUN   TestR151StructuredArenaUsesYourGGAugmentsAndFallsBackToOPGG
windows-build	UNKNOWN STEP	2026-10-07T15:21:59.6103886Z === RUN   TestR151StructuredArenaUsesYourGGAugmentsAndFallsBackToOPGG/official
windows-build	UNKNOWN STEP	2026-10-07T15:21:59.6105339Z --- PASS: TestR151StructuredArenaUsesYourGGAugmentsAndFallsBackToOPGG/official (0.00s)
windows-build	UNKNOWN STEP	2026-10-07T15:21:59.6106322Z === RUN   TestR151StructuredArenaUsesYourGGAugmentsAndFallsBackToOPGG/aggregate_failure
windows-build	UNKNOWN STEP	2026-10-07T15:21:59.6108214Z --- PASS: TestR151StructuredArenaUsesYourGGAugmentsAndFallsBackToOPGG/aggregate_failure (0.00s)
windows-build	UNKNOWN STEP	2026-10-07T15:21:59.6109387Z === RUN   TestR151StructuredArenaUsesYourGGAugmentsAndFallsBackToOPGG/missing_augments
windows-build	UNKNOWN STEP	2026-10-07T15:21:59.6112171Z --- PASS: TestR151StructuredArenaUsesYourGGAugmentsAndFallsBackToOPGG/missing_augments (0.00s)
windows-build	UNKNOWN STEP	2026-10-07T15:21:59.6113149Z --- PASS: TestR151StructuredArenaUsesYourGGAugmentsAndFallsBackToOPGG (0.00s)
windows-build	UNKNOWN STEP	2026-10-07T15:21:59.6114122Z === RUN   TestR152AugmentRowToleranceAndCounters
windows-build	UNKNOWN STEP	2026-10-07T15:21:59.6115370Z === RUN   TestR152AugmentRowToleranceAndCounters/matches
windows-build	UNKNOWN STEP	2026-10-07T15:21:59.6116238Z --- PASS: TestR152AugmentRowToleranceAndCounters/matches (0.00s)
windows-build	UNKNOWN STEP	2026-10-07T15:21:59.6116867Z === RUN   TestR152AugmentRowToleranceAndCounters/score
windows-build	UNKNOWN STEP	2026-10-07T15:21:59.6117462Z --- PASS: TestR152AugmentRowToleranceAndCounters/score (0.00s)
windows-build	UNKNOWN STEP	2026-10-07T15:21:59.6118060Z === RUN   TestR152AugmentRowToleranceAndCounters/grade
windows-build	UNKNOWN STEP	2026-10-07T15:21:59.6118674Z --- PASS: TestR152AugmentRowToleranceAndCounters/grade (0.00s)
windows-build	UNKNOWN STEP	2026-10-07T15:21:59.6119254Z === RUN   TestR152AugmentRowToleranceAndCounters/id
windows-build	UNKNOWN STEP	2026-10-07T15:21:59.6119834Z --- PASS: TestR152AugmentRowToleranceAndCounters/id (0.00s)
windows-build	UNKNOWN STEP	2026-10-07T15:21:59.6120839Z --- PASS: TestR152AugmentRowToleranceAndCounters (0.00s)
windows-build	UNKNOWN STEP	2026-10-07T15:21:59.6121489Z === RUN   TestR152DuplicateAugmentKeepsMostMatchesAndFirstTie
windows-build	UNKNOWN STEP	2026-10-07T15:21:59.6122211Z === RUN   TestR152DuplicateAugmentKeepsMostMatchesAndFirstTie/more_matches
windows-build	UNKNOWN STEP	2026-10-07T15:21:59.6123050Z --- PASS: TestR152DuplicateAugmentKeepsMostMatchesAndFirstTie/more_matches (0.00s)
windows-build	UNKNOWN STEP	2026-10-07T15:21:59.6124634Z === RUN   TestR152DuplicateAugmentKeepsMostMatchesAndFirstTie/equal_matches
windows-build	UNKNOWN STEP	2026-10-07T15:21:59.6125753Z --- PASS: TestR152DuplicateAugmentKeepsMostMatchesAndFirstTie/equal_matches (0.00s)
windows-build	UNKNOWN STEP	2026-10-07T15:21:59.6126675Z === RUN   TestR152DuplicateAugmentKeepsMostMatchesAndFirstTie/fewer_matches
windows-build	UNKNOWN STEP	2026-10-07T15:21:59.6127572Z --- PASS: TestR152DuplicateAugmentKeepsMostMatchesAndFirstTie/fewer_matches (0.00s)
windows-build	UNKNOWN STEP	2026-10-07T15:21:59.6128449Z --- PASS: TestR152DuplicateAugmentKeepsMostMatchesAndFirstTie (0.00s)
windows-build	UNKNOWN STEP	2026-10-07T15:21:59.6129687Z === RUN   TestR152AugmentFallbackThresholdAndQualities
windows-build	UNKNOWN STEP	2026-10-07T15:21:59.6130469Z --- PASS: TestR152AugmentFallbackThresholdAndQualities (0.00s)
windows-build	UNKNOWN STEP	2026-10-07T15:21:59.6131056Z === RUN   TestR152StructuredArenaAugmentDiagnostics
windows-build	UNKNOWN STEP	2026-10-07T15:21:59.6131679Z === RUN   TestR152StructuredArenaAugmentDiagnostics/single_invalid_row
windows-build	UNKNOWN STEP	2026-10-07T15:21:59.6132431Z --- PASS: TestR152StructuredArenaAugmentDiagnostics/single_invalid_row (0.00s)
windows-build	UNKNOWN STEP	2026-10-07T15:21:59.6133179Z === RUN   TestR152StructuredArenaAugmentDiagnostics/too_many_invalid
windows-build	UNKNOWN STEP	2026-10-07T15:21:59.6133955Z --- PASS: TestR152StructuredArenaAugmentDiagnostics/too_many_invalid (0.00s)
windows-build	UNKNOWN STEP	2026-10-07T15:21:59.6135003Z === RUN   TestR152StructuredArenaAugmentDiagnostics/quality_missing
windows-build	UNKNOWN STEP	2026-10-07T15:21:59.6135773Z --- PASS: TestR152StructuredArenaAugmentDiagnostics/quality_missing (0.00s)
windows-build	UNKNOWN STEP	2026-10-07T15:21:59.6136517Z === RUN   TestR152StructuredArenaAugmentDiagnostics/aggregate_failed
windows-build	UNKNOWN STEP	2026-10-07T15:21:59.6137255Z --- PASS: TestR152StructuredArenaAugmentDiagnostics/aggregate_failed (0.00s)
windows-build	UNKNOWN STEP	2026-10-07T15:21:59.6137930Z === RUN   TestR152StructuredArenaAugmentDiagnostics/augment_missing
windows-build	UNKNOWN STEP	2026-10-07T15:21:59.6153232Z --- PASS: TestR152StructuredArenaAugmentDiagnostics/augment_missing (0.00s)
windows-build	UNKNOWN STEP	2026-10-07T15:21:59.6153927Z === RUN   TestR152StructuredArenaAugmentDiagnostics/catalog_failed
windows-build	UNKNOWN STEP	2026-10-07T15:21:59.6159395Z --- PASS: TestR152StructuredArenaAugmentDiagnostics/catalog_failed (0.00s)
windows-build	UNKNOWN STEP	2026-10-07T15:21:59.6164681Z === RUN   TestR152StructuredArenaAugmentDiagnostics/catalog_empty
windows-build	UNKNOWN STEP	2026-10-07T15:21:59.6202169Z --- PASS: TestR152StructuredArenaAugmentDiagnostics/catalog_empty (0.00s)
windows-build	UNKNOWN STEP	2026-10-07T15:21:59.6209082Z --- PASS: TestR152StructuredArenaAugmentDiagnostics (0.01s)
windows-build	UNKNOWN STEP	2026-10-07T15:21:59.6211766Z === RUN   TestR153AllGameDataSkinNameIsKnownShapeKey
windows-build	UNKNOWN STEP	2026-10-07T15:21:59.6223488Z --- PASS: TestR153AllGameDataSkinNameIsKnownShapeKey (0.00s)
windows-build	UNKNOWN STEP	2026-10-07T15:21:59.6235670Z === RUN   TestR156InvitationQueueAndActionDiagnostics
windows-build	UNKNOWN STEP	2026-10-07T15:21:59.6236518Z === RUN   TestR156InvitationQueueAndActionDiagnostics/nested_accept_takes_precedence
windows-build	UNKNOWN STEP	2026-10-07T15:21:59.6247539Z --- PASS: TestR156InvitationQueueAndActionDiagnostics/nested_accept_takes_precedence (0.01s)
windows-build	UNKNOWN STEP	2026-10-07T15:21:59.6248465Z === RUN   TestR156InvitationQueueAndActionDiagnostics/flat_accept_fallback
windows-build	UNKNOWN STEP	2026-10-07T15:21:59.6255459Z --- PASS: TestR156InvitationQueueAndActionDiagnostics/flat_accept_fallback (0.00s)
windows-build	UNKNOWN STEP	2026-10-07T15:21:59.6256834Z === RUN   TestR156InvitationQueueAndActionDiagnostics/flat_decline_fallback
windows-build	UNKNOWN STEP	2026-10-07T15:21:59.6264291Z --- PASS: TestR156InvitationQueueAndActionDiagnostics/flat_decline_fallback (0.00s)
windows-build	UNKNOWN STEP	2026-10-07T15:21:59.6264957Z === RUN   TestR156InvitationQueueAndActionDiagnostics/nested_decline
windows-build	UNKNOWN STEP	2026-10-07T15:21:59.6272698Z --- PASS: TestR156InvitationQueueAndActionDiagnostics/nested_decline (0.00s)
windows-build	UNKNOWN STEP	2026-10-07T15:21:59.6274098Z === RUN   TestR156InvitationQueueAndActionDiagnostics/no_policy
windows-build	UNKNOWN STEP	2026-10-07T15:21:59.6280201Z --- PASS: TestR156InvitationQueueAndActionDiagnostics/no_policy (0.00s)
windows-build	UNKNOWN STEP	2026-10-07T15:21:59.6281348Z === RUN   TestR156InvitationQueueAndActionDiagnostics/get_failure
windows-build	UNKNOWN STEP	2026-10-07T15:21:59.6285942Z --- PASS: TestR156InvitationQueueAndActionDiagnostics/get_failure (0.00s)
windows-build	UNKNOWN STEP	2026-10-07T15:21:59.6286708Z === RUN   TestR156InvitationQueueAndActionDiagnostics/post_failure
windows-build	UNKNOWN STEP	2026-10-07T15:21:59.6293460Z --- PASS: TestR156InvitationQueueAndActionDiagnostics/post_failure (0.00s)
windows-build	UNKNOWN STEP	2026-10-07T15:21:59.6294851Z === RUN   TestR156InvitationQueueAndActionDiagnostics/custom_paused
windows-build	UNKNOWN STEP	2026-10-07T15:21:59.6295723Z --- PASS: TestR156InvitationQueueAndActionDiagnostics/custom_paused (0.00s)
windows-build	UNKNOWN STEP	2026-10-07T15:21:59.6297425Z === RUN   TestR156InvitationQueueAndActionDiagnostics/custom_paused_after_list
windows-build	UNKNOWN STEP	2026-10-07T15:21:59.6303425Z --- PASS: TestR156InvitationQueueAndActionDiagnostics/custom_paused_after_list (0.00s)
windows-build	UNKNOWN STEP	2026-10-07T15:21:59.6304278Z --- PASS: TestR156InvitationQueueAndActionDiagnostics (0.01s)
windows-build	UNKNOWN STEP	2026-10-07T15:21:59.6305237Z === RUN   TestR156InvitationShapeRecordedOnceAndKeysOnly
windows-build	UNKNOWN STEP	2026-10-07T15:21:59.6306307Z --- PASS: TestR156InvitationShapeRecordedOnceAndKeysOnly (0.00s)
windows-build	UNKNOWN STEP	2026-10-07T15:21:59.6306835Z === RUN   TestR156SimulatedInvitationActionReachesDiagnosticLog
windows-build	UNKNOWN STEP	2026-10-07T15:21:59.6340715Z --- PASS: TestR156SimulatedInvitationActionReachesDiagnosticLog (0.00s)
windows-build	UNKNOWN STEP	2026-10-07T15:21:59.6341448Z === RUN   TestR156IdleLCURequestBucketFlushesDuringSession
windows-build	UNKNOWN STEP	2026-10-07T15:21:59.6342147Z --- PASS: TestR156IdleLCURequestBucketFlushesDuringSession (0.00s)
windows-build	UNKNOWN STEP	2026-10-07T15:21:59.6343055Z === RUN   TestR156LCURequestWindowRolloverAndCloseStillFlush
windows-build	UNKNOWN STEP	2026-10-07T15:21:59.6343767Z --- PASS: TestR156LCURequestWindowRolloverAndCloseStillFlush (0.00s)
windows-build	UNKNOWN STEP	2026-10-07T15:21:59.6344738Z === RUN   TestR156InvitationRequestDiagnosticPathHidesInvitationID
windows-build	UNKNOWN STEP	2026-10-07T15:21:59.6345476Z --- PASS: TestR156InvitationRequestDiagnosticPathHidesInvitationID (0.00s)
windows-build	UNKNOWN STEP	2026-10-07T15:21:59.6346398Z === RUN   TestR157CommunityDragonAugmentBackoffAndRecovery
windows-build	UNKNOWN STEP	2026-10-07T15:21:59.6347103Z --- PASS: TestR157CommunityDragonAugmentBackoffAndRecovery (0.00s)
windows-build	UNKNOWN STEP	2026-10-07T15:21:59.6349211Z === RUN   TestR157CommunityDragonHTTPResponsesNeverCreateBackoff
windows-build	UNKNOWN STEP	2026-10-07T15:21:59.6350259Z === RUN   TestR157CommunityDragonHTTPResponsesNeverCreateBackoff/Not_Found
windows-build	UNKNOWN STEP	2026-10-07T15:21:59.6351183Z --- PASS: TestR157CommunityDragonHTTPResponsesNeverCreateBackoff/Not_Found (0.00s)
windows-build	UNKNOWN STEP	2026-10-07T15:21:59.6352138Z === RUN   TestR157CommunityDragonHTTPResponsesNeverCreateBackoff/Service_Unavailable
windows-build	UNKNOWN STEP	2026-10-07T15:21:59.6353138Z --- PASS: TestR157CommunityDragonHTTPResponsesNeverCreateBackoff/Service_Unavailable (0.00s)
windows-build	UNKNOWN STEP	2026-10-07T15:21:59.6354376Z --- PASS: TestR157CommunityDragonHTTPResponsesNeverCreateBackoff (0.00s)
windows-build	UNKNOWN STEP	2026-10-07T15:21:59.6355059Z === RUN   TestR157CommunityDragonNoResponseBacksOff
windows-build	UNKNOWN STEP	2026-10-07T15:21:59.6355693Z --- PASS: TestR157CommunityDragonNoResponseBacksOff (0.00s)
windows-build	UNKNOWN STEP	2026-10-07T15:21:59.6356285Z === RUN   TestR157CallerTimeoutDoesNotBackOffCatalog
windows-build	UNKNOWN STEP	2026-10-07T15:21:59.6558173Z --- PASS: TestR157CallerTimeoutDoesNotBackOffCatalog (0.02s)
windows-build	UNKNOWN STEP	2026-10-07T15:21:59.6559219Z === RUN   TestR157CommunityDragonArenaSupplementBacksOffWithoutLosingBase
windows-build	UNKNOWN STEP	2026-10-07T15:21:59.6560227Z --- PASS: TestR157CommunityDragonArenaSupplementBacksOffWithoutLosingBase (0.00s)
windows-build	UNKNOWN STEP	2026-10-07T15:21:59.6561022Z === RUN   TestR159MayhemDetailDoesNotWaitForFailedCatalog
windows-build	UNKNOWN STEP	2026-10-07T15:22:02.6628701Z --- PASS: TestR159MayhemDetailDoesNotWaitForFailedCatalog (3.01s)
windows-build	UNKNOWN STEP	2026-10-07T15:22:02.6629467Z === RUN   TestR157ArenaDetailLoadsFailedCatalogOnce
windows-build	UNKNOWN STEP	2026-10-07T15:22:02.6630093Z --- PASS: TestR157ArenaDetailLoadsFailedCatalogOnce (0.00s)
windows-build	UNKNOWN STEP	2026-10-07T15:22:02.6630794Z === RUN   TestR157ArenaDetailReturnsQuicklyAfterCatalogTimeout
windows-build	UNKNOWN STEP	2026-10-07T15:22:02.6637255Z --- PASS: TestR157ArenaDetailReturnsQuicklyAfterCatalogTimeout (0.00s)
windows-build	UNKNOWN STEP	2026-10-07T15:22:02.6638054Z === RUN   TestR157SlowCommunityDragonDoesNotExhaustGameplayOrManualDetail
windows-build	UNKNOWN STEP	2026-10-07T15:22:09.0511140Z --- PASS: TestR157SlowCommunityDragonDoesNotExhaustGameplayOrManualDetail (6.39s)
windows-build	UNKNOWN STEP	2026-10-07T15:22:09.0513906Z === RUN   TestR159HexdataIconProxyStaysScopedAndServesImage
windows-build	UNKNOWN STEP	2026-10-07T15:22:09.0514654Z --- PASS: TestR159HexdataIconProxyStaysScopedAndServesImage (0.00s)
windows-build	UNKNOWN STEP	2026-10-07T15:22:09.0515331Z === RUN   TestR159HexdataHeroIconsAndObservedCatalogPersist
windows-build	UNKNOWN STEP	2026-10-07T15:22:09.0997875Z --- PASS: TestR159HexdataHeroIconsAndObservedCatalogPersist (0.05s)
windows-build	UNKNOWN STEP	2026-10-07T15:22:09.0998624Z === RUN   TestR159HexdataIconSurvivesCatalogEnrichment
windows-build	UNKNOWN STEP	2026-10-07T15:22:09.0999278Z --- PASS: TestR159HexdataIconSurvivesCatalogEnrichment (0.00s)
windows-build	UNKNOWN STEP	2026-10-07T15:22:09.0999970Z === RUN   TestR159OfflinePerksCatalogSeesHeroIconsAfterBaseCache
windows-build	UNKNOWN STEP	2026-10-07T15:22:09.1005914Z --- PASS: TestR159OfflinePerksCatalogSeesHeroIconsAfterBaseCache (0.00s)
windows-build	UNKNOWN STEP	2026-10-07T15:22:09.1006828Z === RUN   TestR160BundledAugmentArtMatchesScreenshotIDs
windows-build	UNKNOWN STEP	2026-10-07T15:22:09.1007457Z --- PASS: TestR160BundledAugmentArtMatchesScreenshotIDs (0.00s)
windows-build	UNKNOWN STEP	2026-10-07T15:22:09.1008107Z === RUN   TestR160ArenaAugmentsResolveWithoutCommunityDragon
windows-build	UNKNOWN STEP	2026-10-07T15:22:09.1012437Z --- PASS: TestR160ArenaAugmentsResolveWithoutCommunityDragon (0.00s)
windows-build	UNKNOWN STEP	2026-10-07T15:22:09.1013590Z === RUN   TestR160OverviewAugmentCatalogDoesNotWaitForPerks
windows-build	UNKNOWN STEP	2026-10-07T15:22:09.1019061Z --- PASS: TestR160OverviewAugmentCatalogDoesNotWaitForPerks (0.00s)
windows-build	UNKNOWN STEP	2026-10-07T15:22:09.1019747Z === RUN   TestR160ArenaAggregateHasBoundedDetailBudget
windows-build	UNKNOWN STEP	2026-10-07T15:22:10.1022981Z --- PASS: TestR160ArenaAggregateHasBoundedDetailBudget (1.00s)
windows-build	UNKNOWN STEP	2026-10-07T15:22:10.1023432Z === RUN   TestR160MayhemUsesBundledArtAndStrictProxy
windows-build	UNKNOWN STEP	2026-10-07T15:22:10.1029274Z --- PASS: TestR160MayhemUsesBundledArtAndStrictProxy (0.00s)
windows-build	UNKNOWN STEP	2026-10-07T15:22:10.1029860Z === RUN   TestR160OverviewChampionNamesColdStart
windows-build	UNKNOWN STEP	2026-10-07T15:22:10.1030388Z --- PASS: TestR160OverviewChampionNamesColdStart (0.00s)
windows-build	UNKNOWN STEP	2026-10-07T15:22:10.1030852Z === RUN   TestR160OfflineOverviewChampionIcon
windows-build	UNKNOWN STEP	2026-10-07T15:22:10.1031342Z --- PASS: TestR160OfflineOverviewChampionIcon (0.00s)
windows-build	UNKNOWN STEP	2026-10-07T15:22:10.1031937Z === RUN   TestR160SuccessfulSlowImageDiagnosticReachesLog
windows-build	UNKNOWN STEP	2026-10-07T15:22:10.1053287Z --- PASS: TestR160SuccessfulSlowImageDiagnosticReachesLog (0.00s)
windows-build	UNKNOWN STEP	2026-10-07T15:22:10.1054039Z === RUN   TestR161IncompleteRankedRosterDoesNotFreeze
windows-build	UNKNOWN STEP	2026-10-07T15:22:10.1054674Z --- PASS: TestR161IncompleteRankedRosterDoesNotFreeze (0.00s)
windows-build	UNKNOWN STEP	2026-10-07T15:22:10.1055578Z === RUN   TestR161LiveClientRosterIdentityIsParsedAndCloned
windows-build	UNKNOWN STEP	2026-10-07T15:22:10.1056270Z --- PASS: TestR161LiveClientRosterIdentityIsParsedAndCloned (0.00s)
windows-build	UNKNOWN STEP	2026-10-07T15:22:10.1056981Z === RUN   TestR161RecoverMissingOpponentsFromVerifiedPlayerlist
windows-build	UNKNOWN STEP	2026-10-07T15:22:10.1057987Z --- PASS: TestR161RecoverMissingOpponentsFromVerifiedPlayerlist (0.00s)
windows-build	UNKNOWN STEP	2026-10-07T15:22:10.1058672Z === RUN   TestR163TenPlayerQueueAndSnapshotCompleteness
windows-build	UNKNOWN STEP	2026-10-07T15:22:10.1059289Z --- PASS: TestR163TenPlayerQueueAndSnapshotCompleteness (0.00s)
windows-build	UNKNOWN STEP	2026-10-07T15:22:10.1059963Z === RUN   TestR163PositionlessHextechPlayerlistRequiresAllTen
windows-build	UNKNOWN STEP	2026-10-07T15:22:10.1060883Z --- PASS: TestR163PositionlessHextechPlayerlistRequiresAllTen (0.00s)
windows-build	UNKNOWN STEP	2026-10-07T15:22:10.1061555Z === RUN   TestR163AnonymousSlotOnlyOnVerifiedShortTeam
windows-build	UNKNOWN STEP	2026-10-07T15:22:10.1063528Z --- PASS: TestR163AnonymousSlotOnlyOnVerifiedShortTeam (0.00s)
windows-build	UNKNOWN STEP	2026-10-07T15:22:10.1064396Z === RUN   TestR165ChampSelectAutofillOnlyUsesMyTeam
windows-build	UNKNOWN STEP	2026-10-07T15:22:10.1065333Z --- PASS: TestR165ChampSelectAutofillOnlyUsesMyTeam (0.00s)
windows-build	UNKNOWN STEP	2026-10-07T15:22:10.1065936Z === RUN   TestR165LiveAutofillSnapshotStaysInOneGame
windows-build	UNKNOWN STEP	2026-10-07T15:22:10.1066541Z --- PASS: TestR165LiveAutofillSnapshotStaysInOneGame (0.00s)
windows-build	UNKNOWN STEP	2026-10-07T15:22:10.1067130Z === RUN   TestR165LivePrivacyAndAutofillAcrossPhases
windows-build	UNKNOWN STEP	2026-10-07T15:22:10.1139881Z --- PASS: TestR165LivePrivacyAndAutofillAcrossPhases (0.01s)
windows-build	UNKNOWN STEP	2026-10-07T15:22:10.1140471Z === RUN   TestR166AbilityRadarGradeAnchorsAndBounds
windows-build	UNKNOWN STEP	2026-10-07T15:22:10.1141227Z --- PASS: TestR166AbilityRadarGradeAnchorsAndBounds (0.00s)
windows-build	UNKNOWN STEP	2026-10-07T15:22:10.1141569Z === RUN   TestR166RSCDiagnosticHasSafeFields
windows-build	UNKNOWN STEP	2026-10-07T15:22:10.1141911Z --- PASS: TestR166RSCDiagnosticHasSafeFields (0.00s)
windows-build	UNKNOWN STEP	2026-10-07T15:22:10.1142274Z === RUN   TestR166MayhemRSCPrefetchMergesWithDetailFlight
windows-build	UNKNOWN STEP	2026-10-07T15:22:10.1348005Z --- PASS: TestR166MayhemRSCPrefetchMergesWithDetailFlight (0.02s)
windows-build	UNKNOWN STEP	2026-10-07T15:22:10.1348745Z === RUN   TestR166ArenaAggregateStartsBeforeOPGGVersionCompletes
windows-build	UNKNOWN STEP	2026-10-07T15:22:10.1349426Z --- PASS: TestR166ArenaAggregateStartsBeforeOPGGVersionCompletes (0.00s)
windows-build	UNKNOWN STEP	2026-10-07T15:22:10.1350087Z === RUN   TestR166ArenaVersionWarmupSkipsDetailLookupUntilExpiry
windows-build	UNKNOWN STEP	2026-10-07T15:22:10.1350796Z --- PASS: TestR166ArenaVersionWarmupSkipsDetailLookupUntilExpiry (0.00s)
windows-build	UNKNOWN STEP	2026-10-07T15:22:10.1351399Z === RUN   TestR173StarterNetOpeningInventory
windows-build	UNKNOWN STEP	2026-10-07T15:22:10.1351893Z --- PASS: TestR173StarterNetOpeningInventory (0.00s)
windows-build	UNKNOWN STEP	2026-10-07T15:22:10.1352706Z === RUN   TestR173SpecialistListNeverWaitsForStarterTimeline
windows-build	UNKNOWN STEP	2026-10-07T15:22:10.1641134Z --- PASS: TestR173SpecialistListNeverWaitsForStarterTimeline (0.03s)
windows-build	UNKNOWN STEP	2026-10-07T15:22:10.1641629Z === RUN   TestR173ProOpeningCacheAndRawShapePrivacy
windows-build	UNKNOWN STEP	2026-10-07T15:22:10.9512588Z --- PASS: TestR173ProOpeningCacheAndRawShapePrivacy (0.79s)
windows-build	UNKNOWN STEP	2026-10-07T15:22:10.9513371Z === RUN   TestR173ProOpeningWorkersReserveForegroundSlot
windows-build	UNKNOWN STEP	2026-10-07T15:22:10.9514311Z --- PASS: TestR173ProOpeningWorkersReserveForegroundSlot (0.00s)
windows-build	UNKNOWN STEP	2026-10-07T15:22:10.9515572Z === RUN   TestR173StartupUsesOnlyDiskProfilesThenPageRefreshes
windows-build	UNKNOWN STEP	2026-10-07T15:22:11.5811437Z --- PASS: TestR173StartupUsesOnlyDiskProfilesThenPageRefreshes (0.63s)
windows-build	UNKNOWN STEP	2026-10-07T15:22:11.5812348Z === RUN   TestR173StarterRequestBudgetAndOptionalFailure
windows-build	UNKNOWN STEP	2026-10-07T15:22:11.5813077Z --- PASS: TestR173StarterRequestBudgetAndOptionalFailure (0.00s)
windows-build	UNKNOWN STEP	2026-10-07T15:22:11.5813700Z === RUN   TestR173OpeningInventoryCapsAndUndoSale
windows-build	UNKNOWN STEP	2026-10-07T15:22:11.5814286Z --- PASS: TestR173OpeningInventoryCapsAndUndoSale (0.00s)
windows-build	UNKNOWN STEP	2026-10-07T15:22:11.5814919Z === RUN   TestR173BackgroundTerminalAndOpeningShareThreeSlots
windows-build	UNKNOWN STEP	2026-10-07T15:22:11.6112433Z --- PASS: TestR173BackgroundTerminalAndOpeningShareThreeSlots (0.03s)
windows-build	UNKNOWN STEP	2026-10-07T15:22:11.6113642Z === RUN   TestR175RecoveredRosterEndToEnd
windows-build	UNKNOWN STEP	2026-10-07T15:22:11.6114507Z === RUN   TestR175RecoveredRosterEndToEnd/anonymous-ally
windows-build	UNKNOWN STEP	2026-10-07T15:22:11.6170970Z --- PASS: TestR175RecoveredRosterEndToEnd/anonymous-ally (0.01s)
windows-build	UNKNOWN STEP	2026-10-07T15:22:11.6172036Z === RUN   TestR175RecoveredRosterEndToEnd/ranked-anonymous-ally
windows-build	UNKNOWN STEP	2026-10-07T15:22:11.6221758Z --- PASS: TestR175RecoveredRosterEndToEnd/ranked-anonymous-ally (0.01s)
windows-build	UNKNOWN STEP	2026-10-07T15:22:11.6222435Z === RUN   TestR175RecoveredRosterEndToEnd/named-ally
windows-build	UNKNOWN STEP	2026-10-07T15:22:11.6433306Z --- PASS: TestR175RecoveredRosterEndToEnd/named-ally (0.02s)
windows-build	UNKNOWN STEP	2026-10-07T15:22:11.6434585Z === RUN   TestR175RecoveredRosterEndToEnd/partial-ally
windows-build	UNKNOWN STEP	2026-10-07T15:22:11.6491323Z --- PASS: TestR175RecoveredRosterEndToEnd/partial-ally (0.01s)
windows-build	UNKNOWN STEP	2026-10-07T15:22:11.6492992Z --- PASS: TestR175RecoveredRosterEndToEnd (0.04s)
windows-build	UNKNOWN STEP	2026-10-07T15:22:11.6493731Z === RUN   TestR175CachePanicReleasesAllWaiters
windows-build	UNKNOWN STEP	2026-10-07T15:22:11.6826586Z --- PASS: TestR175CachePanicReleasesAllWaiters (0.03s)
windows-build	UNKNOWN STEP	2026-10-07T15:22:11.6827201Z === RUN   TestR175PrewarmPanicIsContained
windows-build	UNKNOWN STEP	2026-10-07T15:22:11.6862489Z --- PASS: TestR175PrewarmPanicIsContained (0.00s)
windows-build	UNKNOWN STEP	2026-10-07T15:22:11.6863054Z === RUN   TestR175AuthorizedHTTPPanic
windows-build	UNKNOWN STEP	2026-10-07T15:22:11.6885839Z --- PASS: TestR175AuthorizedHTTPPanic (0.00s)
windows-build	UNKNOWN STEP	2026-10-07T15:22:11.6886527Z === RUN   TestR175PanicDiagnosticPrivacyAndKinds
windows-build	UNKNOWN STEP	2026-10-07T15:22:11.6887131Z === RUN   TestR175PanicDiagnosticPrivacyAndKinds/closed-channel
windows-build	UNKNOWN STEP	2026-10-07T15:22:11.6887853Z --- PASS: TestR175PanicDiagnosticPrivacyAndKinds/closed-channel (0.00s)
windows-build	UNKNOWN STEP	2026-10-07T15:22:11.6888554Z === RUN   TestR175PanicDiagnosticPrivacyAndKinds/other
windows-build	UNKNOWN STEP	2026-10-07T15:22:11.6889196Z --- PASS: TestR175PanicDiagnosticPrivacyAndKinds/other (0.00s)
windows-build	UNKNOWN STEP	2026-10-07T15:22:11.6889888Z === RUN   TestR175PanicDiagnosticPrivacyAndKinds/index-out-of-range
windows-build	UNKNOWN STEP	2026-10-07T15:22:11.6890681Z --- PASS: TestR175PanicDiagnosticPrivacyAndKinds/index-out-of-range (0.00s)
windows-build	UNKNOWN STEP	2026-10-07T15:22:11.6891685Z === RUN   TestR175PanicDiagnosticPrivacyAndKinds/nil-pointer
windows-build	UNKNOWN STEP	2026-10-07T15:22:11.6892322Z --- PASS: TestR175PanicDiagnosticPrivacyAndKinds/nil-pointer (0.00s)
windows-build	UNKNOWN STEP	2026-10-07T15:22:11.6892927Z === RUN   TestR175PanicDiagnosticPrivacyAndKinds/slice-bounds
windows-build	UNKNOWN STEP	2026-10-07T15:22:11.6893571Z --- PASS: TestR175PanicDiagnosticPrivacyAndKinds/slice-bounds (0.00s)
windows-build	UNKNOWN STEP	2026-10-07T15:22:11.6894195Z === RUN   TestR175PanicDiagnosticPrivacyAndKinds/type-assertion
windows-build	UNKNOWN STEP	2026-10-07T15:22:11.6894866Z --- PASS: TestR175PanicDiagnosticPrivacyAndKinds/type-assertion (0.00s)
windows-build	UNKNOWN STEP	2026-10-07T15:22:11.6895525Z --- PASS: TestR175PanicDiagnosticPrivacyAndKinds (0.00s)
windows-build	UNKNOWN STEP	2026-10-07T15:22:11.6896133Z === RUN   TestR175EveryBackendGoroutineHasItsOwnRecovery
windows-build	UNKNOWN STEP	2026-10-07T15:22:11.8228311Z --- PASS: TestR175EveryBackendGoroutineHasItsOwnRecovery (0.13s)
windows-build	UNKNOWN STEP	2026-10-07T15:22:11.8229415Z === RUN   TestR175PanicInPoolJobsDoesNotStrandProducer
windows-build	UNKNOWN STEP	2026-10-07T15:22:11.8272828Z --- PASS: TestR175PanicInPoolJobsDoesNotStrandProducer (0.00s)
windows-build	UNKNOWN STEP	2026-10-07T15:22:11.8273489Z === RUN   TestR177StarterForegroundReserve
windows-build	UNKNOWN STEP	2026-10-07T15:22:11.8312726Z --- PASS: TestR177StarterForegroundReserve (0.00s)
windows-build	UNKNOWN STEP	2026-10-07T15:22:11.8313404Z === RUN   TestR177StarterFullQuotaHasRetryWithoutFailureCooldown
windows-build	UNKNOWN STEP	2026-10-07T15:22:11.8339744Z --- PASS: TestR177StarterFullQuotaHasRetryWithoutFailureCooldown (0.00s)
windows-build	UNKNOWN STEP	2026-10-07T15:22:11.8340440Z === RUN   TestR177StarterOtherErrorsKeepCooldown
windows-build	UNKNOWN STEP	2026-10-07T15:22:11.8340951Z === RUN   TestR177StarterOtherErrorsKeepCooldown/404
windows-build	UNKNOWN STEP	2026-10-07T15:22:11.8373041Z --- PASS: TestR177StarterOtherErrorsKeepCooldown/404 (0.00s)
windows-build	UNKNOWN STEP	2026-10-07T15:22:11.8373667Z === RUN   TestR177StarterOtherErrorsKeepCooldown/500
windows-build	UNKNOWN STEP	2026-10-07T15:22:11.8405717Z --- PASS: TestR177StarterOtherErrorsKeepCooldown/500 (0.00s)
windows-build	UNKNOWN STEP	2026-10-07T15:22:11.8406352Z --- PASS: TestR177StarterOtherErrorsKeepCooldown (0.01s)
windows-build	UNKNOWN STEP	2026-10-07T15:22:11.8406931Z === RUN   TestR177StarterBatchMixedCountsAndPrivacy
windows-build	UNKNOWN STEP	2026-10-07T15:22:11.8438362Z --- PASS: TestR177StarterBatchMixedCountsAndPrivacy (0.00s)
windows-build	UNKNOWN STEP	2026-10-07T15:22:11.8439117Z === RUN   TestR177ChampionLanesExistingProviderCacheAndValidation
windows-build	UNKNOWN STEP	2026-10-07T15:22:11.8461016Z --- PASS: TestR177ChampionLanesExistingProviderCacheAndValidation (0.00s)
windows-build	UNKNOWN STEP	2026-10-07T15:22:11.8461774Z === RUN   TestR177LaneDiagnosticShapeAllowlist
windows-build	UNKNOWN STEP	2026-10-07T15:22:11.8482946Z --- PASS: TestR177LaneDiagnosticShapeAllowlist (0.00s)
windows-build	UNKNOWN STEP	2026-10-07T15:22:11.8483498Z === RUN   TestR177StarterShortQueueWaitIsObserved
windows-build	UNKNOWN STEP	2026-10-07T15:22:11.8542856Z --- PASS: TestR177StarterShortQueueWaitIsObserved (0.01s)
windows-build	UNKNOWN STEP	2026-10-07T15:22:11.8543487Z === RUN   TestR177StarterUpstream429IsNotMatchFailure
windows-build	UNKNOWN STEP	2026-10-07T15:22:11.8574665Z --- PASS: TestR177StarterUpstream429IsNotMatchFailure (0.00s)
windows-build	UNKNOWN STEP	2026-10-07T15:22:11.8575263Z === RUN   TestR178GameflowExactPosition
windows-build	UNKNOWN STEP	2026-10-07T15:22:11.8575746Z --- PASS: TestR178GameflowExactPosition (0.00s)
windows-build	UNKNOWN STEP	2026-10-07T15:22:11.8576265Z === RUN   TestR178RealRosterPositionsAndPendingCache
windows-build	UNKNOWN STEP	2026-10-07T15:22:11.8625872Z --- PASS: TestR178RealRosterPositionsAndPendingCache (0.01s)
windows-build	UNKNOWN STEP	2026-10-07T15:22:11.8627133Z === RUN   TestR178NonLaneOtherPreserved
windows-build	UNKNOWN STEP	2026-10-07T15:22:11.8653279Z --- PASS: TestR178NonLaneOtherPreserved (0.00s)
windows-build	UNKNOWN STEP	2026-10-07T15:22:11.8653837Z === RUN   TestR178FreshnessEvidenceSwitchAndSelf
windows-build	UNKNOWN STEP	2026-10-07T15:22:13.8911248Z --- PASS: TestR178FreshnessEvidenceSwitchAndSelf (2.03s)
windows-build	UNKNOWN STEP	2026-10-07T15:22:13.8911813Z === RUN   TestR178FreshnessSampleFailure
windows-build	UNKNOWN STEP	2026-10-07T15:22:13.9141462Z --- PASS: TestR178FreshnessSampleFailure (0.02s)
windows-build	UNKNOWN STEP	2026-10-07T15:22:13.9142319Z === RUN   TestR178FreshnessConcurrentAllPlayers
windows-build	UNKNOWN STEP	2026-10-07T15:22:13.9386117Z --- PASS: TestR178FreshnessConcurrentAllPlayers (0.02s)
windows-build	UNKNOWN STEP	2026-10-07T15:22:13.9386664Z === RUN   TestR178FreshnessMixedQueues
windows-build	UNKNOWN STEP	2026-10-07T15:22:13.9387208Z --- PASS: TestR178FreshnessMixedQueues (0.00s)
windows-build	UNKNOWN STEP	2026-10-07T15:22:13.9387691Z === RUN   TestR179SpecialistPrefetchCoalescesVisibleRows
windows-build	UNKNOWN STEP	2026-10-07T15:22:13.9634617Z --- PASS: TestR179SpecialistPrefetchCoalescesVisibleRows (0.02s)
windows-build	UNKNOWN STEP	2026-10-07T15:22:13.9635147Z === RUN   TestR179ChampselectLobbyInferenceAndStableGroups
windows-build	UNKNOWN STEP	2026-10-07T15:22:13.9635698Z === RUN   TestR179ChampselectLobbyInferenceAndStableGroups/lobby-two
windows-build	UNKNOWN STEP	2026-10-07T15:22:13.9674057Z --- PASS: TestR179ChampselectLobbyInferenceAndStableGroups/lobby-two (0.00s)
windows-build	UNKNOWN STEP	2026-10-07T15:22:13.9674816Z === RUN   TestR179ChampselectLobbyInferenceAndStableGroups/self-only
windows-build	UNKNOWN STEP	2026-10-07T15:22:13.9710693Z --- PASS: TestR179ChampselectLobbyInferenceAndStableGroups/self-only (0.00s)
windows-build	UNKNOWN STEP	2026-10-07T15:22:13.9711420Z === RUN   TestR179ChampselectLobbyInferenceAndStableGroups/lobby-failed
windows-build	UNKNOWN STEP	2026-10-07T15:22:13.9745609Z --- PASS: TestR179ChampselectLobbyInferenceAndStableGroups/lobby-failed (0.00s)
windows-build	UNKNOWN STEP	2026-10-07T15:22:13.9746862Z --- PASS: TestR179ChampselectLobbyInferenceAndStableGroups (0.01s)
windows-build	UNKNOWN STEP	2026-10-07T15:22:13.9747447Z === RUN   TestR179ClientDiagnosticsTransportToLog
windows-build	UNKNOWN STEP	2026-10-07T15:22:13.9786917Z --- PASS: TestR179ClientDiagnosticsTransportToLog (0.00s)
windows-build	UNKNOWN STEP	2026-10-07T15:22:13.9787641Z === RUN   TestR179PrefetchedCountRequiresSuccessfulPrefetchLoader
windows-build	UNKNOWN STEP	2026-10-07T15:22:13.9823291Z --- PASS: TestR179PrefetchedCountRequiresSuccessfulPrefetchLoader (0.00s)
windows-build	UNKNOWN STEP	2026-10-07T15:22:13.9824131Z === RUN   TestR180MergedLatestSameQueueAndDedup
windows-build	UNKNOWN STEP	2026-10-07T15:22:14.0063270Z --- PASS: TestR180MergedLatestSameQueueAndDedup (0.02s)
windows-build	UNKNOWN STEP	2026-10-07T15:22:14.0063851Z === RUN   TestR180BypassStaleSGPCacheWithoutWriting
windows-build	UNKNOWN STEP	2026-10-07T15:22:14.0298163Z --- PASS: TestR180BypassStaleSGPCacheWithoutWriting (0.02s)
windows-build	UNKNOWN STEP	2026-10-07T15:22:14.0299300Z === RUN   TestR180SourceFailuresAndSelf
windows-build	UNKNOWN STEP	2026-10-07T15:22:14.0299831Z === RUN   TestR180SourceFailuresAndSelf/sgp-failed
windows-build	UNKNOWN STEP	2026-10-07T15:22:14.0535230Z --- PASS: TestR180SourceFailuresAndSelf/sgp-failed (0.02s)
windows-build	UNKNOWN STEP	2026-10-07T15:22:14.0535796Z === RUN   TestR180SourceFailuresAndSelf/lcu-failed
windows-build	UNKNOWN STEP	2026-10-07T15:22:14.0768064Z --- PASS: TestR180SourceFailuresAndSelf/lcu-failed (0.02s)
windows-build	UNKNOWN STEP	2026-10-07T15:22:14.0768518Z === RUN   TestR180SourceFailuresAndSelf/sgp-unavailable
windows-build	UNKNOWN STEP	2026-10-07T15:22:14.1006218Z --- PASS: TestR180SourceFailuresAndSelf/sgp-unavailable (0.02s)
windows-build	UNKNOWN STEP	2026-10-07T15:22:14.1006822Z === RUN   TestR180SourceFailuresAndSelf/self
windows-build	UNKNOWN STEP	2026-10-07T15:22:14.1246066Z --- PASS: TestR180SourceFailuresAndSelf/self (0.02s)
windows-build	UNKNOWN STEP	2026-10-07T15:22:14.1246786Z --- PASS: TestR180SourceFailuresAndSelf (0.09s)
windows-build	UNKNOWN STEP	2026-10-07T15:22:14.1247096Z === RUN   TestR180PollingFlightsAndExpiry
windows-build	UNKNOWN STEP	2026-10-07T15:22:14.1523819Z --- PASS: TestR180PollingFlightsAndExpiry (0.03s)
windows-build	UNKNOWN STEP	2026-10-07T15:22:14.1524204Z === RUN   TestR180SGPFirstAvoidsSlowLCU
windows-build	UNKNOWN STEP	2026-10-07T15:22:14.1764681Z --- PASS: TestR180SGPFirstAvoidsSlowLCU (0.02s)
windows-build	UNKNOWN STEP	2026-10-07T15:22:14.1765228Z === RUN   TestR180QualitySkippedCountsAndSlots
windows-build	UNKNOWN STEP	2026-10-07T15:22:14.1766130Z --- PASS: TestR180QualitySkippedCountsAndSlots (0.00s)
windows-build	UNKNOWN STEP	2026-10-07T15:22:14.1766706Z === RUN   TestR180RealRosterStageDiagnostics
windows-build	UNKNOWN STEP	2026-10-07T15:22:14.2098716Z --- PASS: TestR180RealRosterStageDiagnostics (0.03s)
windows-build	UNKNOWN STEP	2026-10-07T15:22:14.2100043Z === RUN   TestR181SelfLatestMergeAndPreviousGame
windows-build	UNKNOWN STEP	2026-10-07T15:22:14.2335113Z --- PASS: TestR181SelfLatestMergeAndPreviousGame (0.02s)
windows-build	UNKNOWN STEP	2026-10-07T15:22:14.2335861Z === RUN   TestR181SelfSGPFailureKeepsLCU
windows-build	UNKNOWN STEP	2026-10-07T15:22:14.2573678Z --- PASS: TestR181SelfSGPFailureKeepsLCU (0.02s)
windows-build	UNKNOWN STEP	2026-10-07T15:22:14.2574585Z === RUN   TestR181SelfRefreshRecordsOnlyChangedLatest
windows-build	UNKNOWN STEP	2026-10-07T15:22:14.2818095Z --- PASS: TestR181SelfRefreshRecordsOnlyChangedLatest (0.02s)
windows-build	UNKNOWN STEP	2026-10-07T15:22:14.2819431Z === RUN   TestR181FreshnessSixRecordCapAndQueueBoundary
windows-build	UNKNOWN STEP	2026-10-07T15:22:14.2821586Z === RUN   TestR181FreshnessSixRecordCapAndQueueBoundary/cap
windows-build	UNKNOWN STEP	2026-10-07T15:22:14.3070675Z --- PASS: TestR181FreshnessSixRecordCapAndQueueBoundary/cap (0.03s)
windows-build	UNKNOWN STEP	2026-10-07T15:22:14.3071914Z === RUN   TestR181FreshnessSixRecordCapAndQueueBoundary/0
windows-build	UNKNOWN STEP	2026-10-07T15:22:14.3306005Z --- PASS: TestR181FreshnessSixRecordCapAndQueueBoundary/0 (0.02s)
windows-build	UNKNOWN STEP	2026-10-07T15:22:14.3306694Z === RUN   TestR181FreshnessSixRecordCapAndQueueBoundary/420
windows-build	UNKNOWN STEP	2026-10-07T15:22:14.3539868Z --- PASS: TestR181FreshnessSixRecordCapAndQueueBoundary/420 (0.02s)
windows-build	UNKNOWN STEP	2026-10-07T15:22:14.3540501Z === RUN   TestR181FreshnessSixRecordCapAndQueueBoundary/next-inprogress
windows-build	UNKNOWN STEP	2026-10-07T15:22:14.3774655Z --- PASS: TestR181FreshnessSixRecordCapAndQueueBoundary/next-inprogress (0.02s)
windows-build	UNKNOWN STEP	2026-10-07T15:22:14.3775521Z --- PASS: TestR181FreshnessSixRecordCapAndQueueBoundary (0.09s)
windows-build	UNKNOWN STEP	2026-10-07T15:22:14.3776843Z === RUN   TestR181LaneMatchupFullRowsAndRecommendationCache
windows-build	UNKNOWN STEP	2026-10-07T15:22:14.3777652Z --- PASS: TestR181LaneMatchupFullRowsAndRecommendationCache (0.00s)
windows-build	UNKNOWN STEP	2026-10-07T15:22:14.3778294Z === RUN   TestR181DiagnosticsFromActualSenders
windows-build	UNKNOWN STEP	2026-10-07T15:22:14.3799911Z --- PASS: TestR181DiagnosticsFromActualSenders (0.00s)
windows-build	UNKNOWN STEP	2026-10-07T15:22:14.3800609Z === RUN   TestR181RealSelfCanonicalReferenceAndObservedPrevious
windows-build	UNKNOWN STEP	2026-10-07T15:22:14.4041480Z --- PASS: TestR181RealSelfCanonicalReferenceAndObservedPrevious (0.02s)
windows-build	UNKNOWN STEP	2026-10-07T15:22:14.4042167Z === RUN   TestR183RankedAnonymousEnemy
windows-build	UNKNOWN STEP	2026-10-07T15:22:14.4042619Z === RUN   TestR183RankedAnonymousEnemy/440
windows-build	UNKNOWN STEP	2026-10-07T15:22:14.4066315Z --- PASS: TestR183RankedAnonymousEnemy/440 (0.00s)
windows-build	UNKNOWN STEP	2026-10-07T15:22:14.4066998Z === RUN   TestR183RankedAnonymousEnemy/420
windows-build	UNKNOWN STEP	2026-10-07T15:22:14.4090780Z --- PASS: TestR183RankedAnonymousEnemy/420 (0.00s)
windows-build	UNKNOWN STEP	2026-10-07T15:22:14.4091533Z --- PASS: TestR183RankedAnonymousEnemy (0.01s)
windows-build	UNKNOWN STEP	2026-10-07T15:22:14.4092099Z === RUN   TestR183AnonymousSafetyGates
windows-build	UNKNOWN STEP	2026-10-07T15:22:14.4092744Z === RUN   TestR183AnonymousSafetyGates/too-many-anonymous
windows-build	UNKNOWN STEP	2026-10-07T15:22:14.4115828Z --- PASS: TestR183AnonymousSafetyGates/too-many-anonymous (0.00s)
windows-build	UNKNOWN STEP	2026-10-07T15:22:14.4116543Z === RUN   TestR183AnonymousSafetyGates/named-unresolved
windows-build	UNKNOWN STEP	2026-10-07T15:22:14.4136646Z --- PASS: TestR183AnonymousSafetyGates/named-unresolved (0.00s)
windows-build	UNKNOWN STEP	2026-10-07T15:22:14.4137340Z === RUN   TestR183AnonymousSafetyGates/teams-unverified
windows-build	UNKNOWN STEP	2026-10-07T15:22:14.4165486Z --- PASS: TestR183AnonymousSafetyGates/teams-unverified (0.00s)
windows-build	UNKNOWN STEP	2026-10-07T15:22:14.4166088Z === RUN   TestR183AnonymousSafetyGates/self-unverified
windows-build	UNKNOWN STEP	2026-10-07T15:22:14.4182139Z --- PASS: TestR183AnonymousSafetyGates/self-unverified (0.00s)
windows-build	UNKNOWN STEP	2026-10-07T15:22:14.4183208Z === RUN   TestR183AnonymousSafetyGates/self-live-unverified
windows-build	UNKNOWN STEP	2026-10-07T15:22:14.4202553Z --- PASS: TestR183AnonymousSafetyGates/self-live-unverified (0.00s)
windows-build	UNKNOWN STEP	2026-10-07T15:22:14.4203681Z --- PASS: TestR183AnonymousSafetyGates (0.01s)
windows-build	UNKNOWN STEP	2026-10-07T15:22:14.4204188Z === RUN   TestR183RecoveryCacheLifecycle
windows-build	UNKNOWN STEP	2026-10-07T15:22:14.4235034Z --- PASS: TestR183RecoveryCacheLifecycle (0.00s)
windows-build	UNKNOWN STEP	2026-10-07T15:22:14.4236102Z === RUN   TestR183PartialResultCached
windows-build	UNKNOWN STEP	2026-10-07T15:22:14.4262455Z --- PASS: TestR183PartialResultCached (0.00s)
windows-build	UNKNOWN STEP	2026-10-07T15:22:14.4262987Z === RUN   TestR183RankedAnonymousEnemyEndToEnd
windows-build	UNKNOWN STEP	2026-10-07T15:22:14.4374065Z --- PASS: TestR183RankedAnonymousEnemyEndToEnd (0.01s)
windows-build	UNKNOWN STEP	2026-10-07T15:22:14.4374481Z === RUN   TestR183RecoveryConcurrentAndStaleFlight
windows-build	UNKNOWN STEP	2026-10-07T15:22:14.4374843Z === RUN   TestR183RecoveryConcurrentAndStaleFlight/false
windows-build	UNKNOWN STEP	2026-10-07T15:22:14.4395308Z --- PASS: TestR183RecoveryConcurrentAndStaleFlight/false (0.00s)
windows-build	UNKNOWN STEP	2026-10-07T15:22:14.4396325Z === RUN   TestR183RecoveryConcurrentAndStaleFlight/true
windows-build	UNKNOWN STEP	2026-10-07T15:22:14.4418877Z --- PASS: TestR183RecoveryConcurrentAndStaleFlight/true (0.00s)
windows-build	UNKNOWN STEP	2026-10-07T15:22:14.4420216Z --- PASS: TestR183RecoveryConcurrentAndStaleFlight (0.00s)
windows-build	UNKNOWN STEP	2026-10-07T15:22:14.4420611Z === RUN   TestR184CandidatePrivacyAndSettingsFilter
windows-build	UNKNOWN STEP	2026-10-07T15:22:14.4748820Z --- PASS: TestR184CandidatePrivacyAndSettingsFilter (0.03s)
windows-build	UNKNOWN STEP	2026-10-07T15:22:14.4749536Z === RUN   TestR184ReadOnlyLockActionAndRigDiagnostics
windows-build	UNKNOWN STEP	2026-10-07T15:22:14.5275792Z --- PASS: TestR184ReadOnlyLockActionAndRigDiagnostics (0.05s)
windows-build	UNKNOWN STEP	2026-10-07T15:22:14.5276396Z === RUN   TestR184ChangeAttributionAndWriteBlocked
windows-build	UNKNOWN STEP	2026-10-07T15:22:14.5276808Z === RUN   TestR184ChangeAttributionAndWriteBlocked/game_end
windows-build	UNKNOWN STEP	2026-10-07T15:22:14.5720418Z --- PASS: TestR184ChangeAttributionAndWriteBlocked/game_end (0.04s)
windows-build	UNKNOWN STEP	2026-10-07T15:22:14.5720992Z === RUN   TestR184ChangeAttributionAndWriteBlocked/champselect
windows-build	UNKNOWN STEP	2026-10-07T15:22:14.6153520Z --- PASS: TestR184ChangeAttributionAndWriteBlocked/champselect (0.04s)
windows-build	UNKNOWN STEP	2026-10-07T15:22:14.6154385Z === RUN   TestR184ChangeAttributionAndWriteBlocked/read-only-no-change
windows-build	UNKNOWN STEP	2026-10-07T15:22:14.7921068Z --- PASS: TestR184ChangeAttributionAndWriteBlocked/read-only-no-change (0.18s)
windows-build	UNKNOWN STEP	2026-10-07T15:22:14.7922089Z === RUN   TestR184ChangeAttributionAndWriteBlocked/changed-and-restored-not-blocked
windows-build	UNKNOWN STEP	2026-10-07T15:22:14.8535426Z --- PASS: TestR184ChangeAttributionAndWriteBlocked/changed-and-restored-not-blocked (0.06s)
windows-build	UNKNOWN STEP	2026-10-07T15:22:14.8536668Z --- PASS: TestR184ChangeAttributionAndWriteBlocked (0.33s)
windows-build	UNKNOWN STEP	2026-10-07T15:22:14.8537148Z === RUN   TestR184StageDedupAndConnectionPrime
windows-build	UNKNOWN STEP	2026-10-07T15:22:14.9418199Z --- PASS: TestR184StageDedupAndConnectionPrime (0.09s)
windows-build	UNKNOWN STEP	2026-10-07T15:22:14.9418838Z === RUN   TestR184DelayedStageLifecycle
windows-build	UNKNOWN STEP	2026-10-07T15:22:15.0714392Z --- PASS: TestR184DelayedStageLifecycle (0.13s)
windows-build	UNKNOWN STEP	2026-10-07T15:22:15.0714994Z === RUN   TestR184BoundedAndSymlinkReads
windows-build	UNKNOWN STEP	2026-10-07T15:22:15.1188282Z --- PASS: TestR184BoundedAndSymlinkReads (0.05s)
windows-build	UNKNOWN STEP	2026-10-07T15:22:15.1671389Z === RUN   TestR184WatchOwnershipAndOutsideInstallation
windows-build	UNKNOWN STEP	2026-10-07T15:22:15.1671898Z --- PASS: TestR184WatchOwnershipAndOutsideInstallation (0.05s)
windows-build	UNKNOWN STEP	2026-10-07T15:22:15.1672289Z === RUN   TestR185FacadeFingerprintAndSummary
windows-build	UNKNOWN STEP	2026-10-07T15:22:15.1692637Z --- PASS: TestR185FacadeFingerprintAndSummary (0.00s)
windows-build	UNKNOWN STEP	2026-10-07T15:22:15.1693038Z === RUN   TestR185FacadeFiveSecondTrailingAndProjection
windows-build	UNKNOWN STEP	2026-10-07T15:22:15.1706231Z --- PASS: TestR185FacadeFiveSecondTrailingAndProjection (0.00s)
windows-build	UNKNOWN STEP	2026-10-07T15:22:15.1706902Z === RUN   TestR185FacadeStateWithoutSkins
windows-build	UNKNOWN STEP	2026-10-07T15:22:15.1729065Z --- PASS: TestR185FacadeStateWithoutSkins (0.00s)
windows-build	UNKNOWN STEP	2026-10-07T15:22:15.1729595Z === RUN   TestR185BackendRuntimeMetricsAndHTTP
windows-build	UNKNOWN STEP	2026-10-07T15:22:15.1802794Z --- PASS: TestR185BackendRuntimeMetricsAndHTTP (0.01s)
windows-build	UNKNOWN STEP	2026-10-07T15:22:15.1803419Z === RUN   TestR185RendererAndRequestDiagnosticSchema
windows-build	UNKNOWN STEP	2026-10-07T15:22:15.1826030Z --- PASS: TestR185RendererAndRequestDiagnosticSchema (0.00s)
windows-build	UNKNOWN STEP	2026-10-07T15:22:15.1826569Z === RUN   TestR186InstallDetectionFiveReasons
windows-build	UNKNOWN STEP	2026-10-07T15:22:15.1985649Z --- PASS: TestR186InstallDetectionFiveReasons (0.02s)
windows-build	UNKNOWN STEP	2026-10-07T15:22:15.1986317Z === RUN   TestR186PortableDownloadApplyAndFailures
windows-build	UNKNOWN STEP	2026-10-07T15:22:15.2481087Z --- PASS: TestR186PortableDownloadApplyAndFailures (0.05s)
windows-build	UNKNOWN STEP	2026-10-07T15:22:15.2481912Z === RUN   TestR186DataMigrationNeverOverwritesAndKeepsSourceOnFailure
windows-build	UNKNOWN STEP	2026-10-07T15:22:15.2560802Z --- PASS: TestR186DataMigrationNeverOverwritesAndKeepsSourceOnFailure (0.01s)
windows-build	UNKNOWN STEP	2026-10-07T15:22:15.2561629Z === RUN   TestR186AllSettingChangesAndLCUABComparison
windows-build	UNKNOWN STEP	2026-10-07T15:22:15.2562249Z --- PASS: TestR186AllSettingChangesAndLCUABComparison (0.00s)
windows-build	UNKNOWN STEP	2026-10-07T15:22:15.2563148Z === RUN   TestSettlementSettingsWatchDoesNotSynchronize
windows-build	UNKNOWN STEP	2026-10-07T15:22:15.3013003Z --- PASS: TestSettlementSettingsWatchDoesNotSynchronize (0.04s)
windows-build	UNKNOWN STEP	2026-10-07T15:22:15.3013891Z === RUN   TestR186MigrationPreflightStopsInstallerAndRejectsNestedTarget
windows-build	UNKNOWN STEP	2026-10-07T15:22:15.3053149Z --- PASS: TestR186MigrationPreflightStopsInstallerAndRejectsNestedTarget (0.00s)
windows-build	UNKNOWN STEP	2026-10-07T15:22:15.3053813Z === RUN   TestR187InvalidatePlayerAllSourcesScopesAndFlights
windows-build	UNKNOWN STEP	2026-10-07T15:22:15.3054548Z --- PASS: TestR187InvalidatePlayerAllSourcesScopesAndFlights (0.00s)
windows-build	UNKNOWN STEP	2026-10-07T15:22:15.3055082Z === RUN   TestR187InvalidatedWaiterAndLeaderReceiveFreshRank
windows-build	UNKNOWN STEP	2026-10-07T15:22:15.3056081Z --- PASS: TestR187InvalidatedWaiterAndLeaderReceiveFreshRank (0.00s)
windows-build	UNKNOWN STEP	2026-10-07T15:22:15.3056723Z === RUN   TestR187ObserveRejectsPostCaptureRegressionAndFallbackNextGame
windows-build	UNKNOWN STEP	2026-10-07T15:22:15.4267198Z --- PASS: TestR187ObserveRejectsPostCaptureRegressionAndFallbackNextGame (0.12s)
windows-build	UNKNOWN STEP	2026-10-07T15:22:15.4268037Z === RUN   TestR187ObserveAllowsSameGamesAndIncreasingGames
windows-build	UNKNOWN STEP	2026-10-07T15:22:15.4417722Z --- PASS: TestR187ObserveAllowsSameGamesAndIncreasingGames (0.02s)
windows-build	UNKNOWN STEP	2026-10-07T15:22:15.4418166Z === RUN   TestR187EndOfGameOverviewReadsFreshRank
windows-build	UNKNOWN STEP	2026-10-07T15:22:15.4467998Z --- PASS: TestR187EndOfGameOverviewReadsFreshRank (0.01s)
windows-build	UNKNOWN STEP	2026-10-07T15:22:15.4468745Z === RUN   TestR187ForceOverviewReadsAndRepopulatesRankCache
windows-build	UNKNOWN STEP	2026-10-07T15:22:15.4532034Z --- PASS: TestR187ForceOverviewReadsAndRepopulatesRankCache (0.01s)
windows-build	UNKNOWN STEP	2026-10-07T15:22:15.4532551Z === RUN   TestR187CaptureInvalidatesEveryCompletion
windows-build	UNKNOWN STEP	2026-10-07T15:22:15.4532926Z === RUN   TestR187CaptureInvalidatesEveryCompletion/record
windows-build	UNKNOWN STEP	2026-10-07T15:22:15.6320692Z --- PASS: TestR187CaptureInvalidatesEveryCompletion/record (0.18s)
windows-build	UNKNOWN STEP	2026-10-07T15:22:15.6321379Z === RUN   TestR187CaptureInvalidatesEveryCompletion/skip
windows-build	UNKNOWN STEP	2026-10-07T15:22:15.6576557Z --- PASS: TestR187CaptureInvalidatesEveryCompletion/skip (0.03s)
windows-build	UNKNOWN STEP	2026-10-07T15:22:15.6577262Z === RUN   TestR187CaptureInvalidatesEveryCompletion/timeout
windows-build	UNKNOWN STEP	2026-10-07T15:22:15.7365178Z --- PASS: TestR187CaptureInvalidatesEveryCompletion/timeout (0.08s)
windows-build	UNKNOWN STEP	2026-10-07T15:22:15.7365986Z === RUN   TestR187CaptureInvalidatesEveryCompletion/session-failed
windows-build	UNKNOWN STEP	2026-10-07T15:22:15.8536245Z --- PASS: TestR187CaptureInvalidatesEveryCompletion/session-failed (0.12s)
windows-build	UNKNOWN STEP	2026-10-07T15:22:15.8537070Z === RUN   TestR187CaptureInvalidatesEveryCompletion/unranked
windows-build	UNKNOWN STEP	2026-10-07T15:22:15.9421030Z --- PASS: TestR187CaptureInvalidatesEveryCompletion/unranked (0.09s)
windows-build	UNKNOWN STEP	2026-10-07T15:22:15.9421774Z --- PASS: TestR187CaptureInvalidatesEveryCompletion (0.49s)
windows-build	UNKNOWN STEP	2026-10-07T15:22:15.9422408Z === RUN   TestR187EndOfGameInvalidatesTierOnlyAndOtherSources
windows-build	UNKNOWN STEP	2026-10-07T15:22:15.9423122Z --- PASS: TestR187EndOfGameInvalidatesTierOnlyAndOtherSources (0.00s)
windows-build	UNKNOWN STEP	2026-10-07T15:22:15.9423852Z === RUN   TestR187FallbackWithoutStartKeepsLatestQueueBaseline
windows-build	UNKNOWN STEP	2026-10-07T15:22:16.2113372Z --- PASS: TestR187FallbackWithoutStartKeepsLatestQueueBaseline (0.27s)
windows-build	UNKNOWN STEP	2026-10-07T15:22:16.2114129Z === RUN   TestR188LaneMatchupPlacementDiagnosticAllowlist
windows-build	UNKNOWN STEP	2026-10-07T15:22:16.2138891Z --- PASS: TestR188LaneMatchupPlacementDiagnosticAllowlist (0.00s)
windows-build	UNKNOWN STEP	2026-10-07T15:22:16.2139470Z === RUN   TestR189ParseLootEmoteCatalog
windows-build	UNKNOWN STEP	2026-10-07T15:22:16.2142846Z --- PASS: TestR189ParseLootEmoteCatalog (0.00s)
windows-build	UNKNOWN STEP	2026-10-07T15:22:16.2147333Z === RUN   TestR189RegisteredEmoteCatalogEnrichment
windows-build	UNKNOWN STEP	2026-10-07T15:22:16.2153751Z --- PASS: TestR189RegisteredEmoteCatalogEnrichment (0.00s)
windows-build	UNKNOWN STEP	2026-10-07T15:22:16.2154386Z === RUN   TestR189UnknownLootFallbackAndDiagnostic
windows-build	UNKNOWN STEP	2026-10-07T15:22:16.2155102Z === RUN   TestR189UnknownLootFallbackAndDiagnostic/EMOTE_1468
windows-build	UNKNOWN STEP	2026-10-07T15:22:16.2155985Z --- PASS: TestR189UnknownLootFallbackAndDiagnostic/EMOTE_1468 (0.00s)
windows-build	UNKNOWN STEP	2026-10-07T15:22:16.2156676Z === RUN   TestR189UnknownLootFallbackAndDiagnostic/EMOTE_FUTURE
windows-build	UNKNOWN STEP	2026-10-07T15:22:16.2157756Z --- PASS: TestR189UnknownLootFallbackAndDiagnostic/EMOTE_FUTURE (0.00s)
windows-build	UNKNOWN STEP	2026-10-07T15:22:16.2158780Z === RUN   TestR189UnknownLootFallbackAndDiagnostic/WARD_SKIN_RENTAL_123
windows-build	UNKNOWN STEP	2026-10-07T15:22:16.2159556Z --- PASS: TestR189UnknownLootFallbackAndDiagnostic/WARD_SKIN_RENTAL_123 (0.00s)
windows-build	UNKNOWN STEP	2026-10-07T15:22:16.2160307Z === RUN   TestR189UnknownLootFallbackAndDiagnostic/SUMMONER_ICON_456
windows-build	UNKNOWN STEP	2026-10-07T15:22:16.2161049Z --- PASS: TestR189UnknownLootFallbackAndDiagnostic/SUMMONER_ICON_456 (0.00s)
windows-build	UNKNOWN STEP	2026-10-07T15:22:16.2161996Z === RUN   TestR189UnknownLootFallbackAndDiagnostic/CHEST_999999
windows-build	UNKNOWN STEP	2026-10-07T15:22:16.2162689Z --- PASS: TestR189UnknownLootFallbackAndDiagnostic/CHEST_999999 (0.00s)
windows-build	UNKNOWN STEP	2026-10-07T15:22:16.2163359Z === RUN   TestR189UnknownLootFallbackAndDiagnostic/MATERIAL_FUTURE
windows-build	UNKNOWN STEP	2026-10-07T15:22:16.2164040Z --- PASS: TestR189UnknownLootFallbackAndDiagnostic/MATERIAL_FUTURE (0.00s)
windows-build	UNKNOWN STEP	2026-10-07T15:22:16.2165593Z --- PASS: TestR189UnknownLootFallbackAndDiagnostic (0.00s)
windows-build	UNKNOWN STEP	2026-10-07T15:22:16.2166464Z === RUN   TestR189OwnershipFromItemStatus
windows-build	UNKNOWN STEP	2026-10-07T15:22:16.2166966Z --- PASS: TestR189OwnershipFromItemStatus (0.00s)
windows-build	UNKNOWN STEP	2026-10-07T15:22:16.2167500Z === RUN   TestR189EmotePublicFallbackAndBothUnavailable
windows-build	UNKNOWN STEP	2026-10-07T15:22:16.2168072Z === RUN   TestR189EmotePublicFallbackAndBothUnavailable/true
windows-build	UNKNOWN STEP	2026-10-07T15:22:16.2168733Z --- PASS: TestR189EmotePublicFallbackAndBothUnavailable/true (0.00s)
windows-build	UNKNOWN STEP	2026-10-07T15:22:16.2169616Z === RUN   TestR189EmotePublicFallbackAndBothUnavailable/false
windows-build	UNKNOWN STEP	2026-10-07T15:22:16.2170287Z --- PASS: TestR189EmotePublicFallbackAndBothUnavailable/false (0.00s)
windows-build	UNKNOWN STEP	2026-10-07T15:22:16.2170990Z --- PASS: TestR189EmotePublicFallbackAndBothUnavailable (0.00s)
windows-build	UNKNOWN STEP	2026-10-07T15:22:16.2171529Z === RUN   TestR190LCUAndRiotPerkStats
windows-build	UNKNOWN STEP	2026-10-07T15:22:16.2171977Z --- PASS: TestR190LCUAndRiotPerkStats (0.00s)
windows-build	UNKNOWN STEP	2026-10-07T15:22:16.2172473Z === RUN   TestR190RiotOldCacheInvalidationV4AndHTTP
windows-build	UNKNOWN STEP	2026-10-07T15:22:16.4554715Z --- PASS: TestR190RiotOldCacheInvalidationV4AndHTTP (0.24s)
windows-build	UNKNOWN STEP	2026-10-07T15:22:16.4555332Z === RUN   TestR190PerkCatalogTemplates
windows-build	UNKNOWN STEP	2026-10-07T15:22:16.4555806Z --- PASS: TestR190PerkCatalogTemplates (0.00s)
windows-build	UNKNOWN STEP	2026-10-07T15:22:16.4556312Z === RUN   TestR190AugmentDescriptionSources
windows-build	UNKNOWN STEP	2026-10-07T15:22:16.4557261Z === RUN   TestR190AugmentDescriptionSources/攻击时施加攻击特效。
windows-build	UNKNOWN STEP	2026-10-07T15:22:17.2309048Z --- PASS: TestR190AugmentDescriptionSources/攻击时施加攻击特效。 (0.78s)
windows-build	UNKNOWN STEP	2026-10-07T15:22:17.2309731Z === RUN   TestR190AugmentDescriptionSources/#00
windows-build	UNKNOWN STEP	2026-10-07T15:22:17.4794660Z --- PASS: TestR190AugmentDescriptionSources/#00 (0.25s)
windows-build	UNKNOWN STEP	2026-10-07T15:22:17.4795811Z === RUN   TestR190AugmentDescriptionSources/海克斯图鉴中可读取说明
windows-build	UNKNOWN STEP	2026-10-07T15:22:17.7492089Z --- PASS: TestR190AugmentDescriptionSources/海克斯图鉴中可读取说明 (0.27s)
windows-build	UNKNOWN STEP	2026-10-07T15:22:17.7492536Z --- PASS: TestR190AugmentDescriptionSources (1.29s)
windows-build	UNKNOWN STEP	2026-10-07T15:22:17.7492916Z === RUN   TestR190AugmentDescriptionValidationAndConcurrency
windows-build	UNKNOWN STEP	2026-10-07T15:22:17.7805781Z --- PASS: TestR190AugmentDescriptionValidationAndConcurrency (0.03s)
windows-build	UNKNOWN STEP	2026-10-07T15:22:17.7806626Z === RUN   TestR190CommunityDragonTemplatesMergeAndFailure
windows-build	UNKNOWN STEP	2026-10-07T15:22:17.7807262Z === RUN   TestR190CommunityDragonTemplatesMergeAndFailure/false
windows-build	UNKNOWN STEP	2026-10-07T15:22:18.0346580Z --- PASS: TestR190CommunityDragonTemplatesMergeAndFailure/false (0.25s)
windows-build	UNKNOWN STEP	2026-10-07T15:22:18.0347347Z === RUN   TestR190CommunityDragonTemplatesMergeAndFailure/true
windows-build	UNKNOWN STEP	2026-10-07T15:22:18.0363448Z --- PASS: TestR190CommunityDragonTemplatesMergeAndFailure/true (0.00s)
windows-build	UNKNOWN STEP	2026-10-07T15:22:18.0364295Z --- PASS: TestR190CommunityDragonTemplatesMergeAndFailure (0.26s)
windows-build	UNKNOWN STEP	2026-10-07T15:22:18.0364858Z === RUN   TestR191_01RiotSGPPresence
windows-build	UNKNOWN STEP	2026-10-07T15:22:18.0367111Z --- PASS: TestR191_01RiotSGPPresence (0.00s)
windows-build	UNKNOWN STEP	2026-10-07T15:22:18.0367545Z === RUN   TestR191_02LCUPresence
windows-build	UNKNOWN STEP	2026-10-07T15:22:18.0370154Z --- PASS: TestR191_02LCUPresence (0.00s)
windows-build	UNKNOWN STEP	2026-10-07T15:22:18.0370680Z === RUN   TestR191_03OneMissingDropsGroup
windows-build	UNKNOWN STEP	2026-10-07T15:22:18.0375589Z --- PASS: TestR191_03OneMissingDropsGroup (0.00s)
windows-build	UNKNOWN STEP	2026-10-07T15:22:18.0376022Z === RUN   TestR191_04V2CacheRoundtrip
windows-build	UNKNOWN STEP	2026-10-07T15:22:18.1551680Z --- PASS: TestR191_04V2CacheRoundtrip (0.12s)
windows-build	UNKNOWN STEP	2026-10-07T15:22:18.1552246Z === RUN   TestR191_05PresenceCountsAndCaps
windows-build	UNKNOWN STEP	2026-10-07T15:22:18.1583322Z --- PASS: TestR191_05PresenceCountsAndCaps (0.00s)
windows-build	UNKNOWN STEP	2026-10-07T15:22:18.1583992Z === RUN   TestR191_06SubjectSamples
windows-build	UNKNOWN STEP	2026-10-07T15:22:18.1584414Z === RUN   TestR191_06SubjectSamples/riot
windows-build	UNKNOWN STEP	2026-10-07T15:22:18.1606432Z --- PASS: TestR191_06SubjectSamples/riot (0.00s)
windows-build	UNKNOWN STEP	2026-10-07T15:22:18.1607643Z === RUN   TestR191_06SubjectSamples/sgp
windows-build	UNKNOWN STEP	2026-10-07T15:22:18.1630100Z --- PASS: TestR191_06SubjectSamples/sgp (0.00s)
windows-build	UNKNOWN STEP	2026-10-07T15:22:18.1630642Z === RUN   TestR191_06SubjectSamples/lcu
windows-build	UNKNOWN STEP	2026-10-07T15:22:18.1653029Z --- PASS: TestR191_06SubjectSamples/lcu (0.00s)
windows-build	UNKNOWN STEP	2026-10-07T15:22:18.1673504Z --- PASS: TestR191_06SubjectSamples (0.01s)
windows-build	UNKNOWN STEP	2026-10-07T15:22:18.1674038Z === RUN   TestR191_07SampleCap
windows-build	UNKNOWN STEP	2026-10-07T15:22:18.1694748Z --- PASS: TestR191_07SampleCap (0.00s)
windows-build	UNKNOWN STEP	2026-10-07T15:22:18.1695161Z === RUN   TestR191_08DiagnosticExport
windows-build	UNKNOWN STEP	2026-10-07T15:22:18.1717053Z --- PASS: TestR191_08DiagnosticExport (0.00s)
windows-build	UNKNOWN STEP	2026-10-07T15:22:18.1717754Z === RUN   TestR191_11DirectoryFallbackHTTP
windows-build	UNKNOWN STEP	2026-10-07T15:22:18.1718174Z === RUN   TestR191_11DirectoryFallbackHTTP/error
windows-build	UNKNOWN STEP	2026-10-07T15:22:18.6305958Z --- PASS: TestR191_11DirectoryFallbackHTTP/error (0.46s)
windows-build	UNKNOWN STEP	2026-10-07T15:22:18.6306614Z === RUN   TestR191_11DirectoryFallbackHTTP/invalid
windows-build	UNKNOWN STEP	2026-10-07T15:22:19.3804759Z --- PASS: TestR191_11DirectoryFallbackHTTP/invalid (0.75s)
windows-build	UNKNOWN STEP	2026-10-07T15:22:19.3805250Z === RUN   TestR191_11DirectoryFallbackHTTP/not-found
windows-build	UNKNOWN STEP	2026-10-07T15:22:19.6063719Z --- PASS: TestR191_11DirectoryFallbackHTTP/not-found (0.23s)
windows-build	UNKNOWN STEP	2026-10-07T15:22:19.6064230Z --- PASS: TestR191_11DirectoryFallbackHTTP (1.43s)
windows-build	UNKNOWN STEP	2026-10-07T15:22:19.6064555Z === RUN   TestR191_12FallbackBuildUnavailable
windows-build	UNKNOWN STEP	2026-10-07T15:22:19.7889124Z --- PASS: TestR191_12FallbackBuildUnavailable (0.18s)
windows-build	UNKNOWN STEP	2026-10-07T15:22:19.7890139Z === RUN   TestR191_13NormalGuide
windows-build	UNKNOWN STEP	2026-10-07T15:22:20.9101163Z --- PASS: TestR191_13NormalGuide (1.12s)
windows-build	UNKNOWN STEP	2026-10-07T15:22:20.9101822Z === RUN   TestR194QuickplayAnonymousTopEndToEnd
windows-build	UNKNOWN STEP	2026-10-07T15:22:20.9204014Z --- PASS: TestR194QuickplayAnonymousTopEndToEnd (0.01s)
windows-build	UNKNOWN STEP	2026-10-07T15:22:20.9205809Z === RUN   TestR194TenPlayerQueues
windows-build	UNKNOWN STEP	2026-10-07T15:22:20.9206672Z --- PASS: TestR194TenPlayerQueues (0.00s)
windows-build	UNKNOWN STEP	2026-10-07T15:22:20.9207084Z === RUN   TestR194BotsAndUnsupportedDiagnostic
windows-build	UNKNOWN STEP	2026-10-07T15:22:20.9207615Z === RUN   TestR194BotsAndUnsupportedDiagnostic/880-once-per-game
windows-build	UNKNOWN STEP	2026-10-07T15:22:20.9296596Z --- PASS: TestR194BotsAndUnsupportedDiagnostic/880-once-per-game (0.01s)
windows-build	UNKNOWN STEP	2026-10-07T15:22:20.9297146Z === RUN   TestR194BotsAndUnsupportedDiagnostic/isBot-independent-gate-and-cache
windows-build	UNKNOWN STEP	2026-10-07T15:22:20.9346068Z --- PASS: TestR194BotsAndUnsupportedDiagnostic/isBot-independent-gate-and-cache (0.00s)
windows-build	UNKNOWN STEP	2026-10-07T15:22:20.9346894Z --- PASS: TestR194BotsAndUnsupportedDiagnostic (0.01s)
windows-build	UNKNOWN STEP	2026-10-07T15:22:20.9352271Z === RUN   TestR194QuickplaySnapshotComplete
windows-build	UNKNOWN STEP	2026-10-07T15:22:20.9385769Z --- PASS: TestR194QuickplaySnapshotComplete (0.00s)
windows-build	UNKNOWN STEP	2026-10-07T15:22:20.9386311Z === RUN   TestR195InstallationPathNormalization
windows-build	UNKNOWN STEP	2026-10-07T15:22:20.9477012Z --- PASS: TestR195InstallationPathNormalization (0.01s)
windows-build	UNKNOWN STEP	2026-10-07T15:22:20.9477716Z === RUN   TestR195InstallationSymlinkNormalization
windows-build	UNKNOWN STEP	2026-10-07T15:22:20.9509389Z --- PASS: TestR195InstallationSymlinkNormalization (0.00s)
windows-build	UNKNOWN STEP	2026-10-07T15:22:20.9509979Z === RUN   TestR195InstallationDefaultFallbackAndDiagnostics
windows-build	UNKNOWN STEP	2026-10-07T15:22:20.9758784Z --- PASS: TestR195InstallationDefaultFallbackAndDiagnostics (0.02s)
windows-build	UNKNOWN STEP	2026-10-07T15:22:20.9759270Z === RUN   TestR196ProbeSelectsFastMirror
windows-build	UNKNOWN STEP	2026-10-07T15:22:23.3619782Z --- PASS: TestR196ProbeSelectsFastMirror (2.39s)
windows-build	UNKNOWN STEP	2026-10-07T15:22:23.3620399Z === RUN   TestR196SlowSourceSwitchResumesAndHashes
windows-build	UNKNOWN STEP	2026-10-07T15:22:23.5651355Z --- PASS: TestR196SlowSourceSwitchResumesAndHashes (0.20s)
windows-build	UNKNOWN STEP	2026-10-07T15:22:23.5651953Z === RUN   TestR196AllSlowStayFastest
windows-build	UNKNOWN STEP	2026-10-07T15:22:23.6836001Z --- PASS: TestR196AllSlowStayFastest (0.12s)
windows-build	UNKNOWN STEP	2026-10-07T15:22:23.6836670Z === RUN   TestR196PreferredSourcePersistedAndCheckedFirst
windows-build	UNKNOWN STEP	2026-10-07T15:22:23.7198240Z --- PASS: TestR196PreferredSourcePersistedAndCheckedFirst (0.04s)
windows-build	UNKNOWN STEP	2026-10-07T15:22:23.7199261Z === RUN   TestR196AllProbesFailRetainsFallback
windows-build	UNKNOWN STEP	2026-10-07T15:22:23.7387481Z --- PASS: TestR196AllProbesFailRetainsFallback (0.02s)
windows-build	UNKNOWN STEP	2026-10-07T15:22:23.7387903Z === RUN   TestR196CancelDeletesPartialAndRecords
windows-build	UNKNOWN STEP	2026-10-07T15:22:23.7410917Z --- PASS: TestR196CancelDeletesPartialAndRecords (0.00s)
windows-build	UNKNOWN STEP	2026-10-07T15:22:23.7411850Z === RUN   TestR196DiagnosticPrivacyAndProxyPresence
windows-build	UNKNOWN STEP	2026-10-07T15:22:23.7611139Z --- PASS: TestR196DiagnosticPrivacyAndProxyPresence (0.02s)
windows-build	UNKNOWN STEP	2026-10-07T15:22:23.7611798Z === RUN   TestR196RestartRestoresReadySnapshot
windows-build	UNKNOWN STEP	2026-10-07T15:22:23.8188956Z --- PASS: TestR196RestartRestoresReadySnapshot (0.06s)
windows-build	UNKNOWN STEP	2026-10-07T15:22:23.8189610Z === RUN   TestR196CustomSourceRetainsBuiltins
windows-build	UNKNOWN STEP	2026-10-07T15:22:23.8206951Z --- PASS: TestR196CustomSourceRetainsBuiltins (0.00s)
windows-build	UNKNOWN STEP	2026-10-07T15:22:23.8207489Z === RUN   TestR197SennaPostGameReveal
windows-build	UNKNOWN STEP	2026-10-07T15:22:23.8207924Z === RUN   TestR197SennaPostGameReveal/2400
windows-build	UNKNOWN STEP	2026-10-07T15:22:23.8251469Z --- PASS: TestR197SennaPostGameReveal/2400 (0.00s)
windows-build	UNKNOWN STEP	2026-10-07T15:22:23.8252011Z === RUN   TestR197SennaPostGameReveal/440
windows-build	UNKNOWN STEP	2026-10-07T15:22:23.8293473Z --- PASS: TestR197SennaPostGameReveal/440 (0.00s)
windows-build	UNKNOWN STEP	2026-10-07T15:22:23.8294019Z --- PASS: TestR197SennaPostGameReveal (0.01s)
windows-build	UNKNOWN STEP	2026-10-07T15:22:23.8294496Z === RUN   TestR197MatchNotReadyRetries
windows-build	UNKNOWN STEP	2026-10-07T15:22:23.8294951Z === RUN   TestR197MatchNotReadyRetries/1
windows-build	UNKNOWN STEP	2026-10-07T15:22:23.8337895Z --- PASS: TestR197MatchNotReadyRetries/1 (0.00s)
windows-build	UNKNOWN STEP	2026-10-07T15:22:23.8338386Z === RUN   TestR197MatchNotReadyRetries/3
windows-build	UNKNOWN STEP	2026-10-07T15:22:23.8367267Z --- PASS: TestR197MatchNotReadyRetries/3 (0.00s)
windows-build	UNKNOWN STEP	2026-10-07T15:22:23.8367728Z --- PASS: TestR197MatchNotReadyRetries (0.01s)
windows-build	UNKNOWN STEP	2026-10-07T15:22:23.8368061Z === RUN   TestR197AmbiguousAndHiddenParticipants
windows-build	UNKNOWN STEP	2026-10-07T15:22:23.8368419Z === RUN   TestR197AmbiguousAndHiddenParticipants/ambiguous
windows-build	UNKNOWN STEP	2026-10-07T15:22:23.8401880Z --- PASS: TestR197AmbiguousAndHiddenParticipants/ambiguous (0.00s)
windows-build	UNKNOWN STEP	2026-10-07T15:22:23.8402538Z === RUN   TestR197AmbiguousAndHiddenParticipants/hidden
windows-build	UNKNOWN STEP	2026-10-07T15:22:23.8437086Z --- PASS: TestR197AmbiguousAndHiddenParticipants/hidden (0.00s)
windows-build	UNKNOWN STEP	2026-10-07T15:22:23.8437825Z === RUN   TestR197AmbiguousAndHiddenParticipants/already-present
windows-build	UNKNOWN STEP	2026-10-07T15:22:23.8471803Z --- PASS: TestR197AmbiguousAndHiddenParticipants/already-present (0.00s)
windows-build	UNKNOWN STEP	2026-10-07T15:22:23.8472447Z === RUN   TestR197AmbiguousAndHiddenParticipants/no-candidate
windows-build	UNKNOWN STEP	2026-10-07T15:22:23.8504933Z --- PASS: TestR197AmbiguousAndHiddenParticipants/no-candidate (0.00s)
windows-build	UNKNOWN STEP	2026-10-07T15:22:23.8505663Z --- PASS: TestR197AmbiguousAndHiddenParticipants (0.01s)
windows-build	UNKNOWN STEP	2026-10-07T15:22:23.8506188Z === RUN   TestR197InProgressNeverLoadsMatch
windows-build	UNKNOWN STEP	2026-10-07T15:22:23.9140242Z --- PASS: TestR197InProgressNeverLoadsMatch (0.06s)
windows-build	UNKNOWN STEP	2026-10-07T15:22:23.9140871Z === RUN   TestR197NewChampSelectStopsRetries
windows-build	UNKNOWN STEP	2026-10-07T15:22:23.9167819Z --- PASS: TestR197NewChampSelectStopsRetries (0.00s)
windows-build	UNKNOWN STEP	2026-10-07T15:22:23.9168441Z === RUN   TestR197SnapshotGameMismatchDoesNothing
windows-build	UNKNOWN STEP	2026-10-07T15:22:23.9188605Z --- PASS: TestR197SnapshotGameMismatchDoesNothing (0.00s)
windows-build	UNKNOWN STEP	2026-10-07T15:22:23.9189278Z === RUN   TestR197RetryGameChangeStopsBeforeHistory
windows-build	UNKNOWN STEP	2026-10-07T15:22:23.9213049Z --- PASS: TestR197RetryGameChangeStopsBeforeHistory (0.00s)
windows-build	UNKNOWN STEP	2026-10-07T15:22:23.9213698Z === RUN   TestR197PhaseLifecycleRetainsAndCancelsSnapshot
windows-build	UNKNOWN STEP	2026-10-07T15:22:23.9235827Z --- PASS: TestR197PhaseLifecycleRetainsAndCancelsSnapshot (0.00s)
windows-build	UNKNOWN STEP	2026-10-07T15:22:23.9236292Z === RUN   TestR198CameraSingleFieldPatchAndSave
windows-build	UNKNOWN STEP	2026-10-07T15:22:23.9606861Z --- PASS: TestR198CameraSingleFieldPatchAndSave (0.04s)
windows-build	UNKNOWN STEP	2026-10-07T15:22:23.9607272Z === RUN   TestR198CameraAlreadyTargetDoesNotPatch
windows-build	UNKNOWN STEP	2026-10-07T15:22:23.9939403Z --- PASS: TestR198CameraAlreadyTargetDoesNotPatch (0.03s)
windows-build	UNKNOWN STEP	2026-10-07T15:22:23.9939805Z === RUN   TestR198CameraFileBytesPreserved
windows-build	UNKNOWN STEP	2026-10-07T15:22:24.0897505Z --- PASS: TestR198CameraFileBytesPreserved (0.10s)
windows-build	UNKNOWN STEP	2026-10-07T15:22:24.0898076Z === RUN   TestR198MalformedJSONIsRejected
windows-build	UNKNOWN STEP	2026-10-07T15:22:24.0898652Z --- PASS: TestR198MalformedJSONIsRejected (0.00s)
windows-build	UNKNOWN STEP	2026-10-07T15:22:24.0898947Z === RUN   TestR198ReadOnlyStillPatchesLCU
windows-build	UNKNOWN STEP	2026-10-07T15:22:24.3192559Z --- PASS: TestR198ReadOnlyStillPatchesLCU (0.23s)
windows-build	UNKNOWN STEP	2026-10-07T15:22:24.3193051Z === RUN   TestR198NoWritesDuringGame
windows-build	UNKNOWN STEP	2026-10-07T15:22:24.3193353Z === RUN   TestR198NoWritesDuringGame/InProgress
windows-build	UNKNOWN STEP	2026-10-07T15:22:24.3318062Z --- PASS: TestR198NoWritesDuringGame/InProgress (0.01s)
windows-build	UNKNOWN STEP	2026-10-07T15:22:24.3318635Z === RUN   TestR198NoWritesDuringGame/Reconnect
windows-build	UNKNOWN STEP	2026-10-07T15:22:24.3453776Z --- PASS: TestR198NoWritesDuringGame/Reconnect (0.01s)
windows-build	UNKNOWN STEP	2026-10-07T15:22:24.3454254Z --- PASS: TestR198NoWritesDuringGame (0.03s)
windows-build	UNKNOWN STEP	2026-10-07T15:22:24.3454541Z === RUN   TestR198NoneDoesNotReadOrWrite
windows-build	UNKNOWN STEP	2026-10-07T15:22:24.3628678Z --- PASS: TestR198NoneDoesNotReadOrWrite (0.02s)
windows-build	UNKNOWN STEP	2026-10-07T15:22:24.3629202Z === RUN   TestR198WASDNeverChanges
windows-build	UNKNOWN STEP	2026-10-07T15:22:24.3629604Z === RUN   TestR198WASDNeverChanges/free
windows-build	UNKNOWN STEP	2026-10-07T15:22:24.4030198Z --- PASS: TestR198WASDNeverChanges/free (0.04s)
windows-build	UNKNOWN STEP	2026-10-07T15:22:24.4030824Z === RUN   TestR198WASDNeverChanges/dynamic
windows-build	UNKNOWN STEP	2026-10-07T15:22:24.4440117Z --- PASS: TestR198WASDNeverChanges/dynamic (0.04s)
windows-build	UNKNOWN STEP	2026-10-07T15:22:24.4440698Z === RUN   TestR198WASDNeverChanges/locked
windows-build	UNKNOWN STEP	2026-10-07T15:22:24.5833569Z --- PASS: TestR198WASDNeverChanges/locked (0.14s)
windows-build	UNKNOWN STEP	2026-10-07T15:22:24.5834010Z --- PASS: TestR198WASDNeverChanges (0.22s)
windows-build	UNKNOWN STEP	2026-10-07T15:22:24.5834296Z === RUN   TestR198UnsafeFilePathsRejected
windows-build	UNKNOWN STEP	2026-10-07T15:22:24.5925742Z === RUN   TestR198UnsafeFilePathsRejected/outside
windows-build	UNKNOWN STEP	2026-10-07T15:22:24.5926378Z --- PASS: TestR198UnsafeFilePathsRejected/outside (0.00s)
windows-build	UNKNOWN STEP	2026-10-07T15:22:24.5926926Z === RUN   TestR198UnsafeFilePathsRejected/symlink
windows-build	UNKNOWN STEP	2026-10-07T15:22:24.5931095Z --- PASS: TestR198UnsafeFilePathsRejected/symlink (0.00s)
windows-build	UNKNOWN STEP	2026-10-07T15:22:24.5931727Z === RUN   TestR198UnsafeFilePathsRejected/directory-link
windows-build	UNKNOWN STEP	2026-10-07T15:22:24.5937474Z --- PASS: TestR198UnsafeFilePathsRejected/directory-link (0.00s)
windows-build	UNKNOWN STEP	2026-10-07T15:22:24.5960794Z --- PASS: TestR198UnsafeFilePathsRejected (0.01s)
windows-build	UNKNOWN STEP	2026-10-07T15:22:24.5961411Z === RUN   TestR198LobbyOnlyLCUAndPreferencesRetained
windows-build	UNKNOWN STEP	2026-10-07T15:22:24.6253364Z --- PASS: TestR198LobbyOnlyLCUAndPreferencesRetained (0.03s)
windows-build	UNKNOWN STEP	2026-10-07T15:22:24.6254137Z === RUN   TestR198GameStartRunningProcessSkipsFilesAndVerifyFailure
windows-build	UNKNOWN STEP	2026-10-07T15:22:24.7217987Z --- PASS: TestR198GameStartRunningProcessSkipsFilesAndVerifyFailure (0.10s)
windows-build	UNKNOWN STEP	2026-10-07T15:22:24.7218795Z === RUN   TestR198JSONShapesAndAmbiguousFields
windows-build	UNKNOWN STEP	2026-10-07T15:22:24.7219398Z --- PASS: TestR198JSONShapesAndAmbiguousFields (0.00s)
windows-build	UNKNOWN STEP	2026-10-07T15:22:24.7219985Z === RUN   TestR198InGameSnapshotReportsActualFiles
windows-build	UNKNOWN STEP	2026-10-07T15:22:24.8350581Z --- PASS: TestR198InGameSnapshotReportsActualFiles (0.11s)
windows-build	UNKNOWN STEP	2026-10-07T15:22:24.8351272Z === RUN   TestR198FinalRecheckAfterStageProbe
windows-build	UNKNOWN STEP	2026-10-07T15:22:24.8351795Z === RUN   TestR198FinalRecheckAfterStageProbe/read-only
windows-build	UNKNOWN STEP	2026-10-07T15:22:24.8599503Z --- PASS: TestR198FinalRecheckAfterStageProbe/read-only (0.02s)
windows-build	UNKNOWN STEP	2026-10-07T15:22:24.8600247Z === RUN   TestR198FinalRecheckAfterStageProbe/changed
windows-build	UNKNOWN STEP	2026-10-07T15:22:24.8844182Z --- PASS: TestR198FinalRecheckAfterStageProbe/changed (0.02s)
windows-build	UNKNOWN STEP	2026-10-07T15:22:24.8844608Z === RUN   TestR198FinalRecheckAfterStageProbe/symlink
windows-build	UNKNOWN STEP	2026-10-07T15:22:24.9086387Z --- PASS: TestR198FinalRecheckAfterStageProbe/symlink (0.02s)
windows-build	UNKNOWN STEP	2026-10-07T15:22:24.9087111Z --- PASS: TestR198FinalRecheckAfterStageProbe (0.07s)
windows-build	UNKNOWN STEP	2026-10-07T15:22:24.9087615Z === RUN   TestR200OfferedSubsetOnly
windows-build	UNKNOWN STEP	2026-10-07T15:22:24.9101105Z --- PASS: TestR200OfferedSubsetOnly (0.00s)
windows-build	UNKNOWN STEP	2026-10-07T15:22:24.9101597Z === RUN   TestR200NoPoolChampion
windows-build	UNKNOWN STEP	2026-10-07T15:22:24.9105930Z --- PASS: TestR200NoPoolChampion (0.00s)
windows-build	UNKNOWN STEP	2026-10-07T15:22:24.9106449Z === RUN   TestR200SubsetUnavailableNeverFallsBack
windows-build	UNKNOWN STEP	2026-10-07T15:22:24.9110588Z --- PASS: TestR200SubsetUnavailableNeverFallsBack (0.00s)
windows-build	UNKNOWN STEP	2026-10-07T15:22:24.9111149Z === RUN   TestR200SubsetDiscoveryAndParsing
windows-build	UNKNOWN STEP	2026-10-07T15:22:24.9111664Z === RUN   TestR200SubsetDiscoveryAndParsing/help-object
windows-build	UNKNOWN STEP	2026-10-07T15:22:24.9128149Z --- PASS: TestR200SubsetDiscoveryAndParsing/help-object (0.00s)
windows-build	UNKNOWN STEP	2026-10-07T15:22:24.9128827Z === RUN   TestR200SubsetDiscoveryAndParsing/first-integers
windows-build	UNKNOWN STEP	2026-10-07T15:22:24.9148563Z --- PASS: TestR200SubsetDiscoveryAndParsing/first-integers (0.00s)
windows-build	UNKNOWN STEP	2026-10-07T15:22:24.9149012Z === RUN   TestR200SubsetDiscoveryAndParsing/second-objects
windows-build	UNKNOWN STEP	2026-10-07T15:22:24.9164098Z --- PASS: TestR200SubsetDiscoveryAndParsing/second-objects (0.00s)
windows-build	UNKNOWN STEP	2026-10-07T15:22:24.9164768Z === RUN   TestR200SubsetDiscoveryAndParsing/malformed-first
windows-build	UNKNOWN STEP	2026-10-07T15:22:24.9180218Z --- PASS: TestR200SubsetDiscoveryAndParsing/malformed-first (0.00s)
windows-build	UNKNOWN STEP	2026-10-07T15:22:24.9180873Z === RUN   TestR200SubsetDiscoveryAndParsing/non-200-first
windows-build	UNKNOWN STEP	2026-10-07T15:22:24.9194383Z --- PASS: TestR200SubsetDiscoveryAndParsing/non-200-first (0.00s)
windows-build	UNKNOWN STEP	2026-10-07T15:22:24.9195055Z --- PASS: TestR200SubsetDiscoveryAndParsing (0.01s)
windows-build	UNKNOWN STEP	2026-10-07T15:22:24.9195408Z === RUN   TestR200ChangedCardsPreferEarlierPoolHero
windows-build	UNKNOWN STEP	2026-10-07T15:22:24.9232251Z --- PASS: TestR200ChangedCardsPreferEarlierPoolHero (0.00s)
windows-build	UNKNOWN STEP	2026-10-07T15:22:24.9232662Z === RUN   TestR200PickFailureAdvancesAndStopsAtSix
windows-build	UNKNOWN STEP	2026-10-07T15:22:24.9325572Z --- PASS: TestR200PickFailureAdvancesAndStopsAtSix (0.01s)
windows-build	UNKNOWN STEP	2026-10-07T15:22:24.9326101Z === RUN   TestR200BenchPostflight
windows-build	UNKNOWN STEP	2026-10-07T15:22:24.9326374Z === RUN   TestR200BenchPostflight/applied
windows-build	UNKNOWN STEP	2026-10-07T15:22:24.9342403Z --- PASS: TestR200BenchPostflight/applied (0.00s)
windows-build	UNKNOWN STEP	2026-10-07T15:22:24.9342928Z === RUN   TestR200BenchPostflight/not-applied
windows-build	UNKNOWN STEP	2026-10-07T15:22:24.9369268Z --- PASS: TestR200BenchPostflight/not-applied (0.00s)
windows-build	UNKNOWN STEP	2026-10-07T15:22:24.9369808Z === RUN   TestR200BenchPostflight/target-gone
windows-build	UNKNOWN STEP	2026-10-07T15:22:24.9399457Z --- PASS: TestR200BenchPostflight/target-gone (0.00s)
windows-build	UNKNOWN STEP	2026-10-07T15:22:24.9399978Z --- PASS: TestR200BenchPostflight (0.01s)
windows-build	UNKNOWN STEP	2026-10-07T15:22:24.9400443Z === RUN   TestR200UnfinishedPickBlocksBench
windows-build	UNKNOWN STEP	2026-10-07T15:22:24.9402623Z --- PASS: TestR200UnfinishedPickBlocksBench (0.00s)
windows-build	UNKNOWN STEP	2026-10-07T15:22:24.9403643Z === RUN   TestR200CameraSaveHelpThenProbe
windows-build	UNKNOWN STEP	2026-10-07T15:22:24.9404431Z === RUN   TestR200CameraSaveHelpThenProbe/ok-help{"functions":[{"name":"POST_/lol-game-settings/v1/save"}]}
windows-build	UNKNOWN STEP	2026-10-07T15:22:24.9405408Z --- PASS: TestR200CameraSaveHelpThenProbe/ok-help{"functions":[{"name":"POST_/lol-game-settings/v1/save"}]} (0.00s)
windows-build	UNKNOWN STEP	2026-10-07T15:22:24.9406162Z === RUN   TestR200CameraSaveHelpThenProbe/ok-probe{}
windows-build	UNKNOWN STEP	2026-10-07T15:22:24.9406691Z --- PASS: TestR200CameraSaveHelpThenProbe/ok-probe{} (0.00s)
windows-build	UNKNOWN STEP	2026-10-07T15:22:24.9407246Z === RUN   TestR200CameraSaveHelpThenProbe/unsupported{}
windows-build	UNKNOWN STEP	2026-10-07T15:22:24.9407835Z --- PASS: TestR200CameraSaveHelpThenProbe/unsupported{} (0.00s)
windows-build	UNKNOWN STEP	2026-10-07T15:22:24.9408436Z === RUN   TestR200CameraSaveHelpThenProbe/unsupported{}#01
windows-build	UNKNOWN STEP	2026-10-07T15:22:24.9409060Z --- PASS: TestR200CameraSaveHelpThenProbe/unsupported{}#01 (0.00s)
windows-build	UNKNOWN STEP	2026-10-07T15:22:24.9409646Z === RUN   TestR200CameraSaveHelpThenProbe/failed{}
windows-build	UNKNOWN STEP	2026-10-07T15:22:24.9410168Z --- PASS: TestR200CameraSaveHelpThenProbe/failed{} (0.00s)
windows-build	UNKNOWN STEP	2026-10-07T15:22:24.9410737Z --- PASS: TestR200CameraSaveHelpThenProbe (0.00s)
windows-build	UNKNOWN STEP	2026-10-07T15:22:24.9411226Z === RUN   TestR201ReadOnlyCameraAndRelockRetry
windows-build	UNKNOWN STEP	2026-10-07T15:22:24.9411722Z === RUN   TestR201ReadOnlyCameraAndRelockRetry/0
windows-build	UNKNOWN STEP	2026-10-07T15:22:25.0860664Z --- PASS: TestR201ReadOnlyCameraAndRelockRetry/0 (0.15s)
windows-build	UNKNOWN STEP	2026-10-07T15:22:25.0861355Z === RUN   TestR201ReadOnlyCameraAndRelockRetry/1
windows-build	UNKNOWN STEP	2026-10-07T15:22:25.1214579Z --- PASS: TestR201ReadOnlyCameraAndRelockRetry/1 (0.04s)
windows-build	UNKNOWN STEP	2026-10-07T15:22:25.1215237Z === RUN   TestR201ReadOnlyCameraAndRelockRetry/2
windows-build	UNKNOWN STEP	2026-10-07T15:22:25.1586656Z --- PASS: TestR201ReadOnlyCameraAndRelockRetry/2 (0.04s)
windows-build	UNKNOWN STEP	2026-10-07T15:22:25.1587352Z --- PASS: TestR201ReadOnlyCameraAndRelockRetry (0.22s)
windows-build	UNKNOWN STEP	2026-10-07T15:22:25.1587890Z === RUN   TestR201MissingLCUCameraIsNotPresent
windows-build	UNKNOWN STEP	2026-10-07T15:22:25.1935959Z --- PASS: TestR201MissingLCUCameraIsNotPresent (0.03s)
windows-build	UNKNOWN STEP	2026-10-07T15:22:25.1936586Z === RUN   TestR201InGameAndNoneNeverUnlock
windows-build	UNKNOWN STEP	2026-10-07T15:22:25.1937665Z === RUN   TestR201InGameAndNoneNeverUnlock/InProgress
windows-build	UNKNOWN STEP	2026-10-07T15:22:25.2046912Z --- PASS: TestR201InGameAndNoneNeverUnlock/InProgress (0.01s)
windows-build	UNKNOWN STEP	2026-10-07T15:22:25.2047536Z === RUN   TestR201InGameAndNoneNeverUnlock/running
windows-build	UNKNOWN STEP	2026-10-07T15:22:25.2210552Z --- PASS: TestR201InGameAndNoneNeverUnlock/running (0.02s)
windows-build	UNKNOWN STEP	2026-10-07T15:22:25.2211521Z === RUN   TestR201InGameAndNoneNeverUnlock/none
windows-build	UNKNOWN STEP	2026-10-07T15:22:25.2426382Z --- PASS: TestR201InGameAndNoneNeverUnlock/none (0.02s)
windows-build	UNKNOWN STEP	2026-10-07T15:22:25.2427088Z === RUN   TestR201InGameAndNoneNeverUnlock/settings_changed
windows-build	UNKNOWN STEP	2026-10-07T15:22:25.2549680Z --- PASS: TestR201InGameAndNoneNeverUnlock/settings_changed (0.01s)
windows-build	UNKNOWN STEP	2026-10-07T15:22:25.2550242Z --- PASS: TestR201InGameAndNoneNeverUnlock (0.06s)
windows-build	UNKNOWN STEP	2026-10-07T15:22:25.2550595Z === RUN   TestR201TimingConsumedOnceAndInvalidDeleted
windows-build	UNKNOWN STEP	2026-10-07T15:22:25.2576060Z --- PASS: TestR201TimingConsumedOnceAndInvalidDeleted (0.00s)
windows-build	UNKNOWN STEP	2026-10-07T15:22:25.2576823Z === RUN   TestR201ProbeWindowCancelsSlowRoutes
windows-build	UNKNOWN STEP	2026-10-07T15:22:25.2577670Z === PAUSE TestR201ProbeWindowCancelsSlowRoutes
windows-build	UNKNOWN STEP	2026-10-07T15:22:25.2578167Z === RUN   TestR201BothUpdatePathsPassParent
windows-build	UNKNOWN STEP	2026-10-07T15:22:25.2578638Z --- PASS: TestR201BothUpdatePathsPassParent (0.00s)
windows-build	UNKNOWN STEP	2026-10-07T15:22:25.2579193Z === RUN   TestR204SubsetWithoutPoolChampionNeverSelects
windows-build	UNKNOWN STEP	2026-10-07T15:22:25.2595293Z --- PASS: TestR204SubsetWithoutPoolChampionNeverSelects (0.00s)
windows-build	UNKNOWN STEP	2026-10-07T15:22:25.2595942Z === RUN   TestR201SubsetConfiguredStrategies
windows-build	UNKNOWN STEP	2026-10-07T15:22:25.2596519Z === RUN   TestR201SubsetConfiguredStrategies/show-only
windows-build	UNKNOWN STEP	2026-10-07T15:22:25.2620731Z --- PASS: TestR201SubsetConfiguredStrategies/show-only (0.00s)
windows-build	UNKNOWN STEP	2026-10-07T15:22:25.2621168Z === RUN   TestR201SubsetConfiguredStrategies/show-then-lock
windows-build	UNKNOWN STEP	2026-10-07T15:22:25.2957160Z --- PASS: TestR201SubsetConfiguredStrategies/show-then-lock (0.03s)
windows-build	UNKNOWN STEP	2026-10-07T15:22:25.2957798Z === RUN   TestR201SubsetConfiguredStrategies/lock-now
windows-build	UNKNOWN STEP	2026-10-07T15:22:25.2980344Z --- PASS: TestR201SubsetConfiguredStrategies/lock-now (0.00s)
windows-build	UNKNOWN STEP	2026-10-07T15:22:25.2980933Z --- PASS: TestR201SubsetConfiguredStrategies (0.04s)
windows-build	UNKNOWN STEP	2026-10-07T15:22:25.2981514Z === RUN   TestR201CanceledProbeStillFallsBackAfterDownloadError
windows-build	UNKNOWN STEP	2026-10-07T15:22:26.3261529Z --- PASS: TestR201CanceledProbeStillFallsBackAfterDownloadError (1.03s)
windows-build	UNKNOWN STEP	2026-10-07T15:22:26.3262234Z === RUN   TestR202CardBenchWaitsForFinalization
windows-build	UNKNOWN STEP	2026-10-07T15:22:26.3278154Z --- PASS: TestR202CardBenchWaitsForFinalization (0.00s)
windows-build	UNKNOWN STEP	2026-10-07T15:22:26.3278828Z === RUN   TestR202PreFinalFailuresRefunded
windows-build	UNKNOWN STEP	2026-10-07T15:22:26.3279457Z === RUN   TestR202PreFinalFailuresRefunded/false
windows-build	UNKNOWN STEP	2026-10-07T15:22:26.3343633Z --- PASS: TestR202PreFinalFailuresRefunded/false (0.01s)
windows-build	UNKNOWN STEP	2026-10-07T15:22:26.3344244Z === RUN   TestR202PreFinalFailuresRefunded/true
windows-build	UNKNOWN STEP	2026-10-07T15:22:26.3411833Z --- PASS: TestR202PreFinalFailuresRefunded/true (0.01s)
windows-build	UNKNOWN STEP	2026-10-07T15:22:26.3412453Z --- PASS: TestR202PreFinalFailuresRefunded (0.01s)
windows-build	UNKNOWN STEP	2026-10-07T15:22:26.3413074Z === RUN   TestR202FirstCardDoesNotYieldButPoolHeroChangeDoes
windows-build	UNKNOWN STEP	2026-10-07T15:22:26.3413730Z === RUN   TestR202FirstCardDoesNotYieldButPoolHeroChangeDoes/76
windows-build	UNKNOWN STEP	2026-10-07T15:22:26.3432559Z --- PASS: TestR202FirstCardDoesNotYieldButPoolHeroChangeDoes/76 (0.00s)
windows-build	UNKNOWN STEP	2026-10-07T15:22:26.3433525Z === RUN   TestR202FirstCardDoesNotYieldButPoolHeroChangeDoes/57
windows-build	UNKNOWN STEP	2026-10-07T15:22:26.3439054Z --- PASS: TestR202FirstCardDoesNotYieldButPoolHeroChangeDoes/57 (0.00s)
windows-build	UNKNOWN STEP	2026-10-07T15:22:26.3439740Z --- PASS: TestR202FirstCardDoesNotYieldButPoolHeroChangeDoes (0.00s)
windows-build	UNKNOWN STEP	2026-10-07T15:22:26.3443869Z === RUN   TestR202BenchHolderPriority
windows-build	UNKNOWN STEP	2026-10-07T15:22:26.3444814Z --- PASS: TestR202BenchHolderPriority (0.00s)
windows-build	UNKNOWN STEP	2026-10-07T15:22:26.3445340Z === RUN   TestR202CameraSnapshotUsesPersistedOnly
windows-build	UNKNOWN STEP	2026-10-07T15:22:26.3970104Z --- PASS: TestR202CameraSnapshotUsesPersistedOnly (0.05s)
windows-build	UNKNOWN STEP	2026-10-07T15:22:26.3970753Z === RUN   TestR202LiveHistoryWindowAndPages
windows-build	UNKNOWN STEP	2026-10-07T15:22:26.3971268Z === RUN   TestR202LiveHistoryWindowAndPages/filtered
windows-build	UNKNOWN STEP	2026-10-07T15:22:26.4203063Z --- PASS: TestR202LiveHistoryWindowAndPages/filtered (0.02s)
windows-build	UNKNOWN STEP	2026-10-07T15:22:26.4204106Z === RUN   TestR202LiveHistoryWindowAndPages/filtered-old
windows-build	UNKNOWN STEP	2026-10-07T15:22:26.4432312Z --- PASS: TestR202LiveHistoryWindowAndPages/filtered-old (0.02s)
windows-build	UNKNOWN STEP	2026-10-07T15:22:26.4432977Z === RUN   TestR202LiveHistoryWindowAndPages/fallback-enough
windows-build	UNKNOWN STEP	2026-10-07T15:22:26.4687731Z --- PASS: TestR202LiveHistoryWindowAndPages/fallback-enough (0.03s)
windows-build	UNKNOWN STEP	2026-10-07T15:22:26.4688886Z === RUN   TestR202LiveHistoryWindowAndPages/fallback-window
windows-build	UNKNOWN STEP	2026-10-07T15:22:26.4941133Z --- PASS: TestR202LiveHistoryWindowAndPages/fallback-window (0.03s)
windows-build	UNKNOWN STEP	2026-10-07T15:22:26.4941825Z === RUN   TestR202LiveHistoryWindowAndPages/fallback-limit
windows-build	UNKNOWN STEP	2026-10-07T15:22:26.5186350Z --- PASS: TestR202LiveHistoryWindowAndPages/fallback-limit (0.02s)
windows-build	UNKNOWN STEP	2026-10-07T15:22:26.5187008Z === RUN   TestR202LiveHistoryWindowAndPages/fallback-exhausted
windows-build	UNKNOWN STEP	2026-10-07T15:22:26.5416099Z --- PASS: TestR202LiveHistoryWindowAndPages/fallback-exhausted (0.02s)
windows-build	UNKNOWN STEP	2026-10-07T15:22:26.5416567Z --- PASS: TestR202LiveHistoryWindowAndPages (0.14s)
windows-build	UNKNOWN STEP	2026-10-07T15:22:26.5416929Z === RUN   TestR202LiveHistoryCacheSeparatesQueue
windows-build	UNKNOWN STEP	2026-10-07T15:22:26.5652120Z --- PASS: TestR202LiveHistoryCacheSeparatesQueue (0.02s)
windows-build	UNKNOWN STEP	2026-10-07T15:22:26.5652672Z === RUN   TestR202RerollKeepsHeldPoolEvidence
windows-build	UNKNOWN STEP	2026-10-07T15:22:26.5659651Z --- PASS: TestR202RerollKeepsHeldPoolEvidence (0.00s)
windows-build	UNKNOWN STEP	2026-10-07T15:22:26.5660087Z === RUN   TestR204NoPoolCardThenUserFirstCardAndBench
windows-build	UNKNOWN STEP	2026-10-07T15:22:26.5682973Z --- PASS: TestR204NoPoolCardThenUserFirstCardAndBench (0.00s)
windows-build	UNKNOWN STEP	2026-10-07T15:22:26.5683559Z === RUN   TestR202DelayedBenchRechecksPhase
windows-build	UNKNOWN STEP	2026-10-07T15:22:26.7198577Z --- PASS: TestR202DelayedBenchRechecksPhase (0.15s)
windows-build	UNKNOWN STEP	2026-10-07T15:22:26.7199618Z === RUN   TestR203DirtyEventsRecordDuringRefreshAndSuppressFiveSecondsAfter
windows-build	UNKNOWN STEP	2026-10-07T15:22:26.7221445Z --- PASS: TestR203DirtyEventsRecordDuringRefreshAndSuppressFiveSecondsAfter (0.00s)
windows-build	UNKNOWN STEP	2026-10-07T15:22:26.7222279Z === RUN   TestR203RefreshSourcesAreAllowlistedAndPreserved
windows-build	UNKNOWN STEP	2026-10-07T15:22:26.7241119Z --- PASS: TestR203RefreshSourcesAreAllowlistedAndPreserved (0.00s)
windows-build	UNKNOWN STEP	2026-10-07T15:22:26.7241697Z === RUN   TestR203IdentityRetryNeverRequestsCatalogEvenForInitialIdentity
windows-build	UNKNOWN STEP	2026-10-07T15:22:26.7278435Z --- PASS: TestR203IdentityRetryNeverRequestsCatalogEvenForInitialIdentity (0.00s)
windows-build	UNKNOWN STEP	2026-10-07T15:22:26.7279266Z === RUN   TestR203IdentityAndLPWaitersHonorCancellation
windows-build	UNKNOWN STEP	2026-10-07T15:22:26.7280252Z --- PASS: TestR203IdentityAndLPWaitersHonorCancellation (0.00s)
windows-build	UNKNOWN STEP	2026-10-07T15:22:26.7280903Z === RUN   TestR203SkinDetailsPropagatesRequestCancellation
windows-build	UNKNOWN STEP	2026-10-07T15:22:26.7281587Z --- PASS: TestR203SkinDetailsPropagatesRequestCancellation (0.00s)
windows-build	UNKNOWN STEP	2026-10-07T15:22:26.7282251Z === RUN   TestR203HeapTopOnlyFunctionsAndMegabytesSorted
windows-build	UNKNOWN STEP	2026-10-07T15:22:26.7282909Z --- PASS: TestR203HeapTopOnlyFunctionsAndMegabytesSorted (0.00s)
windows-build	UNKNOWN STEP	2026-10-07T15:22:26.7283673Z === RUN   TestR203LobbyHeapProfileOncePerGameEvenWhenSettingsUnavailable
windows-build	UNKNOWN STEP	2026-10-07T15:22:26.7323187Z --- PASS: TestR203LobbyHeapProfileOncePerGameEvenWhenSettingsUnavailable (0.00s)
windows-build	UNKNOWN STEP	2026-10-07T15:22:26.7323914Z === RUN   TestR203FiveGamesCacheCountsStabilize
windows-build	UNKNOWN STEP	2026-10-07T15:22:26.7324348Z === PAUSE TestR203FiveGamesCacheCountsStabilize
windows-build	UNKNOWN STEP	2026-10-07T15:22:26.7324688Z === RUN   TestR203BlockingDiagnosticsAcceptOnlyFixedSources
windows-build	UNKNOWN STEP	2026-10-07T15:22:26.7343826Z --- PASS: TestR203BlockingDiagnosticsAcceptOnlyFixedSources (0.00s)
windows-build	UNKNOWN STEP	2026-10-07T15:22:26.7344306Z === RUN   TestR203SmallDiagnosticAndProfileCachesAreBounded
windows-build	UNKNOWN STEP	2026-10-07T15:22:26.7568227Z --- PASS: TestR203SmallDiagnosticAndProfileCachesAreBounded (0.02s)
windows-build	UNKNOWN STEP	2026-10-07T15:22:26.7569030Z === RUN   TestR203LPDiagnosticCallbackRunsWithoutTrackerLock
windows-build	UNKNOWN STEP	2026-10-07T15:22:26.7692802Z --- PASS: TestR203LPDiagnosticCallbackRunsWithoutTrackerLock (0.01s)
windows-build	UNKNOWN STEP	2026-10-07T15:22:26.7693573Z === RUN   TestR203LiveHistoryPanicReleasesFlightForNextRequest
windows-build	UNKNOWN STEP	2026-10-07T15:22:26.7696997Z 2026/10/07 15:22:26 {"event":"backend_panic","frames":["main.reportBackendPanic","main.(*app).recordRecoveredPanic","main.(*app).cachedLivePlayerMatches.func1","main.TestR203LiveHistoryPanicReleasesFlightForNextRequest.func1.2","main.(*app).cachedLivePlayerMatches","main.TestR203LiveHistoryPanicReleasesFlightForNextRequest.func1","main.TestR203LiveHistoryPanicReleasesFlightForNextRequest"],"panic_kind":"other","site":"cachedLivePlayerMatches"}
windows-build	UNKNOWN STEP	2026-10-07T15:22:26.7699796Z --- PASS: TestR203LiveHistoryPanicReleasesFlightForNextRequest (0.00s)
windows-build	UNKNOWN STEP	2026-10-07T15:22:26.7700781Z === RUN   TestR203CollectionRenderFieldsReachDiagnostics
windows-build	UNKNOWN STEP	2026-10-07T15:22:26.7714432Z --- PASS: TestR203CollectionRenderFieldsReachDiagnostics (0.00s)
windows-build	UNKNOWN STEP	2026-10-07T15:22:26.7715522Z === RUN   TestR203SkinDetailsPanicDoesNotReturnFalseSuccess
windows-build	UNKNOWN STEP	2026-10-07T15:22:26.7716328Z --- PASS: TestR203SkinDetailsPanicDoesNotReturnFalseSuccess (0.00s)
windows-build	UNKNOWN STEP	2026-10-07T15:22:26.7720090Z 2026/10/07 15:22:26 {"event":"backend_panic","frames":["main.reportBackendPanic","main.(*app).recordRecoveredPanic","main.(*app).recoverPanic","main.TestR203SkinDetailsPanicDoesNotReturnFalseSuccess.func1","main.gameplayRoundTripFunc.RoundTrip","main.(*LCUClient).getBytes","main.(*LCUClient).GetBytesContext","main.SkinAppearanceAPI.BorderStatusContext"],"panic_kind":"other","site":"main.handleSkinDetails.2"}
windows-build	UNKNOWN STEP	2026-10-07T15:22:26.7722403Z === RUN   TestR203FacadePanicReleasesWaitersAndAllowsRetry
windows-build	UNKNOWN STEP	2026-10-07T15:22:26.7724804Z 2026/10/07 15:22:26 {"event":"backend_panic","frames":["main.reportBackendPanic","main.(*app).recordRecoveredPanic","main.(*app).recoverPanic","main.TestR203SkinDetailsPanicDoesNotReturnFalseSuccess.func1","main.gameplayRoundTripFunc.RoundTrip","main.(*LCUClient).getBytes","main.(*LCUClient).GetBytesContext","main.StoreAPI.SkinPriceContext"],"panic_kind":"other","site":"main.handleSkinDetails.1"}
windows-build	UNKNOWN STEP	2026-10-07T15:22:26.7726844Z --- PASS: TestR203FacadePanicReleasesWaitersAndAllowsRetry (0.00s)
windows-build	UNKNOWN STEP	2026-10-07T15:22:26.7728604Z 2026/10/07 15:22:26 {"event":"backend_panic","frames":["main.reportBackendPanic","main.(*app).recordRecoveredPanic","main.(*app).recoverPanic","main.TestR203FacadePanicReleasesWaitersAndAllowsRetry.func1","main.(*app).cachedFacadeState.func1"],"panic_kind":"other","site":"facade_view_cache.cachedFacadeState.1"}
windows-build	UNKNOWN STEP	2026-10-07T15:22:26.7729662Z === RUN   TestR204KeyPriority
windows-build	UNKNOWN STEP	2026-10-07T15:22:26.7852191Z --- PASS: TestR204KeyPriority (0.01s)
windows-build	UNKNOWN STEP	2026-10-07T15:22:26.7852533Z === RUN   TestR204KeySaveAndClear
windows-build	UNKNOWN STEP	2026-10-07T15:22:26.8074908Z --- PASS: TestR204KeySaveAndClear (0.02s)
windows-build	UNKNOWN STEP	2026-10-07T15:22:26.8075619Z === RUN   TestR204KeyMigration
windows-build	UNKNOWN STEP	2026-10-07T15:22:26.8076028Z === RUN   TestR204KeyMigration/embedded
windows-build	UNKNOWN STEP	2026-10-07T15:22:26.8167612Z --- PASS: TestR204KeyMigration/embedded (0.01s)
windows-build	UNKNOWN STEP	2026-10-07T15:22:26.8168028Z === RUN   TestR204KeyMigration/user
windows-build	UNKNOWN STEP	2026-10-07T15:22:26.8251385Z --- PASS: TestR204KeyMigration/user (0.01s)
windows-build	UNKNOWN STEP	2026-10-07T15:22:26.8251926Z === RUN   TestR204KeyMigration/public
windows-build	UNKNOWN STEP	2026-10-07T15:22:26.8262623Z --- PASS: TestR204KeyMigration/public (0.00s)
windows-build	UNKNOWN STEP	2026-10-07T15:22:26.8263107Z === RUN   TestR204KeyMigration/cleared
windows-build	UNKNOWN STEP	2026-10-07T15:22:26.8328833Z --- PASS: TestR204KeyMigration/cleared (0.01s)
windows-build	UNKNOWN STEP	2026-10-07T15:22:26.8329334Z --- PASS: TestR204KeyMigration (0.03s)
windows-build	UNKNOWN STEP	2026-10-07T15:22:26.8329802Z === RUN   TestR204KeyRuntime401AndPrivacy
windows-build	UNKNOWN STEP	2026-10-07T15:22:26.8420603Z --- PASS: TestR204KeyRuntime401AndPrivacy (0.01s)
windows-build	UNKNOWN STEP	2026-10-07T15:22:26.8421243Z === RUN   TestR204CredentialChangeDetachesOldSpecialistFlight
windows-build	UNKNOWN STEP	2026-10-07T15:22:26.8432947Z --- PASS: TestR204CredentialChangeDetachesOldSpecialistFlight (0.00s)
windows-build	UNKNOWN STEP	2026-10-07T15:22:26.8433821Z === RUN   TestR204PartialInstallTiming
windows-build	UNKNOWN STEP	2026-10-07T15:22:26.8434301Z === RUN   TestR204PartialInstallTiming/partial
windows-build	UNKNOWN STEP	2026-10-07T15:22:26.8445062Z --- PASS: TestR204PartialInstallTiming/partial (0.00s)
windows-build	UNKNOWN STEP	2026-10-07T15:22:26.8445617Z === RUN   TestR204PartialInstallTiming/complete
windows-build	UNKNOWN STEP	2026-10-07T15:22:26.8457590Z --- PASS: TestR204PartialInstallTiming/complete (0.00s)
windows-build	UNKNOWN STEP	2026-10-07T15:22:26.8458140Z === RUN   TestR204PartialInstallTiming/parse
windows-build	UNKNOWN STEP	2026-10-07T15:22:26.8468460Z --- PASS: TestR204PartialInstallTiming/parse (0.00s)
windows-build	UNKNOWN STEP	2026-10-07T15:22:26.8468989Z === RUN   TestR204PartialInstallTiming/skew
windows-build	UNKNOWN STEP	2026-10-07T15:22:26.8480803Z --- PASS: TestR204PartialInstallTiming/skew (0.00s)
windows-build	UNKNOWN STEP	2026-10-07T15:22:26.8481364Z --- PASS: TestR204PartialInstallTiming (0.00s)
windows-build	UNKNOWN STEP	2026-10-07T15:22:26.8481899Z === RUN   TestR204ConfirmedPickThenHeroChangeNoFalseFailure
windows-build	UNKNOWN STEP	2026-10-07T15:22:26.8484455Z --- PASS: TestR204ConfirmedPickThenHeroChangeNoFalseFailure (0.00s)
windows-build	UNKNOWN STEP	2026-10-07T15:22:26.8485308Z === RUN   TestR204CustomHistoryOnePage
windows-build	UNKNOWN STEP	2026-10-07T15:22:26.9388520Z --- PASS: TestR204CustomHistoryOnePage (0.09s)
windows-build	UNKNOWN STEP	2026-10-07T15:22:26.9389124Z === RUN   TestR204EnoughSGPSkipsLCUExceptSelf
windows-build	UNKNOWN STEP	2026-10-07T15:22:26.9850578Z --- PASS: TestR204EnoughSGPSkipsLCUExceptSelf (0.05s)
windows-build	UNKNOWN STEP	2026-10-07T15:22:26.9851150Z === RUN   TestR204LiveProgressReplayAndCancellation
windows-build	UNKNOWN STEP	2026-10-07T15:22:26.9851686Z --- PASS: TestR204LiveProgressReplayAndCancellation (0.00s)
windows-build	UNKNOWN STEP	2026-10-07T15:22:26.9852215Z === RUN   TestR205ShortcutStateConsumedOnceAndPrivate
windows-build	UNKNOWN STEP	2026-10-07T15:22:26.9852785Z === RUN   TestR205ShortcutStateConsumedOnceAndPrivate/unchanged
windows-build	UNKNOWN STEP	2026-10-07T15:22:26.9869907Z --- PASS: TestR205ShortcutStateConsumedOnceAndPrivate/unchanged (0.00s)
windows-build	UNKNOWN STEP	2026-10-07T15:22:26.9870387Z === RUN   TestR205ShortcutStateConsumedOnceAndPrivate/recreated
windows-build	UNKNOWN STEP	2026-10-07T15:22:26.9884639Z --- PASS: TestR205ShortcutStateConsumedOnceAndPrivate/recreated (0.00s)
windows-build	UNKNOWN STEP	2026-10-07T15:22:26.9885211Z === RUN   TestR205ShortcutStateConsumedOnceAndPrivate/deleted_restored
windows-build	UNKNOWN STEP	2026-10-07T15:22:26.9898212Z --- PASS: TestR205ShortcutStateConsumedOnceAndPrivate/deleted_restored (0.00s)
windows-build	UNKNOWN STEP	2026-10-07T15:22:26.9898969Z === RUN   TestR205ShortcutStateConsumedOnceAndPrivate/pending
windows-build	UNKNOWN STEP	2026-10-07T15:22:26.9913799Z --- PASS: TestR205ShortcutStateConsumedOnceAndPrivate/pending (0.00s)
windows-build	UNKNOWN STEP	2026-10-07T15:22:26.9914533Z === RUN   TestR205ShortcutStateConsumedOnceAndPrivate/malformed
windows-build	UNKNOWN STEP	2026-10-07T15:22:26.9926147Z --- PASS: TestR205ShortcutStateConsumedOnceAndPrivate/malformed (0.00s)
windows-build	UNKNOWN STEP	2026-10-07T15:22:26.9926902Z === RUN   TestR205ShortcutStateConsumedOnceAndPrivate/unknown_field
windows-build	UNKNOWN STEP	2026-10-07T15:22:26.9939420Z --- PASS: TestR205ShortcutStateConsumedOnceAndPrivate/unknown_field (0.00s)
windows-build	UNKNOWN STEP	2026-10-07T15:22:26.9940545Z === RUN   TestR205ShortcutStateConsumedOnceAndPrivate/private_status
windows-build	UNKNOWN STEP	2026-10-07T15:22:26.9952589Z --- PASS: TestR205ShortcutStateConsumedOnceAndPrivate/private_status (0.00s)
windows-build	UNKNOWN STEP	2026-10-07T15:22:26.9953373Z === RUN   TestR205ShortcutStateConsumedOnceAndPrivate/private_scope
windows-build	UNKNOWN STEP	2026-10-07T15:22:26.9965601Z --- PASS: TestR205ShortcutStateConsumedOnceAndPrivate/private_scope (0.00s)
windows-build	UNKNOWN STEP	2026-10-07T15:22:26.9966410Z === RUN   TestR205ShortcutStateConsumedOnceAndPrivate/inaccurate_change
windows-build	UNKNOWN STEP	2026-10-07T15:22:26.9978690Z --- PASS: TestR205ShortcutStateConsumedOnceAndPrivate/inaccurate_change (0.00s)
windows-build	UNKNOWN STEP	2026-10-07T15:22:26.9979484Z === RUN   TestR205ShortcutStateConsumedOnceAndPrivate/oversize
windows-build	UNKNOWN STEP	2026-10-07T15:22:26.9991024Z --- PASS: TestR205ShortcutStateConsumedOnceAndPrivate/oversize (0.00s)
windows-build	UNKNOWN STEP	2026-10-07T15:22:26.9991772Z --- PASS: TestR205ShortcutStateConsumedOnceAndPrivate (0.01s)
windows-build	UNKNOWN STEP	2026-10-07T15:22:26.9992393Z === RUN   TestR205ShortcutStateRejectsLinkAndPreservesTiming
windows-build	UNKNOWN STEP	2026-10-07T15:22:27.0020170Z --- PASS: TestR205ShortcutStateRejectsLinkAndPreservesTiming (0.00s)
windows-build	UNKNOWN STEP	2026-10-07T15:22:27.0020743Z === RUN   TestR206ArenaRetryPartialAndAllFailed
windows-build	UNKNOWN STEP	2026-10-07T15:22:27.0021195Z === RUN   TestR206ArenaRetryPartialAndAllFailed/first-timeout
windows-build	UNKNOWN STEP	2026-10-07T15:22:28.0028569Z --- PASS: TestR206ArenaRetryPartialAndAllFailed/first-timeout (1.00s)
windows-build	UNKNOWN STEP	2026-10-07T15:22:28.0029380Z === RUN   TestR206ArenaRetryPartialAndAllFailed/yourgg-failed
windows-build	UNKNOWN STEP	2026-10-07T15:22:29.0034359Z --- PASS: TestR206ArenaRetryPartialAndAllFailed/yourgg-failed (1.00s)
windows-build	UNKNOWN STEP	2026-10-07T15:22:29.0035100Z === RUN   TestR206ArenaRetryPartialAndAllFailed/opgg-failed
windows-build	UNKNOWN STEP	2026-10-07T15:22:29.0035620Z --- PASS: TestR206ArenaRetryPartialAndAllFailed/opgg-failed (0.00s)
windows-build	UNKNOWN STEP	2026-10-07T15:22:29.0036428Z === RUN   TestR206ArenaRetryPartialAndAllFailed/both-failed
windows-build	UNKNOWN STEP	2026-10-07T15:22:30.0037603Z --- PASS: TestR206ArenaRetryPartialAndAllFailed/both-failed (1.00s)
windows-build	UNKNOWN STEP	2026-10-07T15:22:30.0038380Z === RUN   TestR206ArenaRetryPartialAndAllFailed/yourgg-404
windows-build	UNKNOWN STEP	2026-10-07T15:22:30.0039537Z --- PASS: TestR206ArenaRetryPartialAndAllFailed/yourgg-404 (0.00s)
windows-build	UNKNOWN STEP	2026-10-07T15:22:30.0040105Z --- PASS: TestR206ArenaRetryPartialAndAllFailed (3.00s)
windows-build	UNKNOWN STEP	2026-10-07T15:22:30.0040590Z === RUN   TestR206ArenaAttemptBudgetsAndConnectionRetry
windows-build	UNKNOWN STEP	2026-10-07T15:22:30.0041127Z --- PASS: TestR206ArenaAttemptBudgetsAndConnectionRetry (0.00s)
windows-build	UNKNOWN STEP	2026-10-07T15:22:30.0041909Z === RUN   TestR206ArenaBlockRetryOnlyQueriesRequestedSource
windows-build	UNKNOWN STEP	2026-10-07T15:22:30.0042509Z --- PASS: TestR206ArenaBlockRetryOnlyQueriesRequestedSource (0.00s)
windows-build	UNKNOWN STEP	2026-10-07T15:22:30.0043110Z === RUN   TestR206StartupPrefetchIdleAndGameBoundary
windows-build	UNKNOWN STEP	2026-10-07T15:22:30.0043677Z --- PASS: TestR206StartupPrefetchIdleAndGameBoundary (0.00s)
windows-build	UNKNOWN STEP	2026-10-07T15:22:30.0044577Z === RUN   TestR206CollectionEventsLogEveryEventAndThrottle
windows-build	UNKNOWN STEP	2026-10-07T15:22:30.0064640Z --- PASS: TestR206CollectionEventsLogEveryEventAndThrottle (0.00s)
windows-build	UNKNOWN STEP	2026-10-07T15:22:30.0065296Z === RUN   TestR206CollectionRetryDoesNotReadIdentity
windows-build	UNKNOWN STEP	2026-10-07T15:22:30.0068667Z --- PASS: TestR206CollectionRetryDoesNotReadIdentity (0.00s)
windows-build	UNKNOWN STEP	2026-10-07T15:22:30.0079566Z === RUN   TestR206LocalImage404NeverFetchesRemote
windows-build	UNKNOWN STEP	2026-10-07T15:22:30.0080241Z --- PASS: TestR206LocalImage404NeverFetchesRemote (0.00s)
windows-build	UNKNOWN STEP	2026-10-07T15:22:30.0080839Z === RUN   TestR206TranslationsTimeoutUsesPreviousCache
windows-build	UNKNOWN STEP	2026-10-07T15:22:30.0081403Z === PAUSE TestR206TranslationsTimeoutUsesPreviousCache
windows-build	UNKNOWN STEP	2026-10-07T15:22:30.0082122Z === RUN   TestR206FullCollectionRefreshTranslationTimeoutUnderThreeSeconds
windows-build	UNKNOWN STEP	2026-10-07T15:22:30.0082965Z === PAUSE TestR206FullCollectionRefreshTranslationTimeoutUnderThreeSeconds
windows-build	UNKNOWN STEP	2026-10-07T15:22:30.0083704Z === RUN   TestR206DisconnectResetsCollectionReadLifecycle
windows-build	UNKNOWN STEP	2026-10-07T15:22:30.0084355Z --- PASS: TestR206DisconnectResetsCollectionReadLifecycle (0.00s)
windows-build	UNKNOWN STEP	2026-10-07T15:22:30.0085227Z === RUN   TestR206RelayRoutingNoTokenAndDirectPriority
windows-build	UNKNOWN STEP	2026-10-07T15:22:30.0176148Z --- PASS: TestR206RelayRoutingNoTokenAndDirectPriority (0.01s)
windows-build	UNKNOWN STEP	2026-10-07T15:22:30.0176583Z === RUN   TestR206RelayEmptyAndFailureCooldown
windows-build	UNKNOWN STEP	2026-10-07T15:22:30.0189849Z --- PASS: TestR206RelayEmptyAndFailureCooldown (0.00s)
windows-build	UNKNOWN STEP	2026-10-07T15:22:30.0190380Z === RUN   TestR206Relay429PreservesBackoff
windows-build	UNKNOWN STEP	2026-10-07T15:22:30.0205336Z --- PASS: TestR206Relay429PreservesBackoff (0.00s)
windows-build	UNKNOWN STEP	2026-10-07T15:22:30.0205788Z === RUN   TestR207HonorBallotOnlyAtEndgame
windows-build	UNKNOWN STEP	2026-10-07T15:22:30.0527723Z --- PASS: TestR207HonorBallotOnlyAtEndgame (0.03s)
windows-build	UNKNOWN STEP	2026-10-07T15:22:30.0528457Z === RUN   TestR207ClientDiagnosticsPersistCompleteBoundedFields
windows-build	UNKNOWN STEP	2026-10-07T15:22:30.0574010Z --- PASS: TestR207ClientDiagnosticsPersistCompleteBoundedFields (0.00s)
windows-build	UNKNOWN STEP	2026-10-07T15:22:30.0574714Z === RUN   TestR207HonorStopsWhenPhaseChangesDuringRead
windows-build	UNKNOWN STEP	2026-10-07T15:22:30.0595974Z --- PASS: TestR207HonorStopsWhenPhaseChangesDuringRead (0.00s)
windows-build	UNKNOWN STEP	2026-10-07T15:22:30.0596815Z === RUN   TestR208RelayQuotaDaily
windows-build	UNKNOWN STEP	2026-10-07T15:22:30.0597260Z === RUN   TestR208RelayQuotaDaily/probe=true/html
windows-build	UNKNOWN STEP	2026-10-07T15:22:30.0862262Z --- PASS: TestR208RelayQuotaDaily/probe=true/html (0.03s)
windows-build	UNKNOWN STEP	2026-10-07T15:22:30.0862754Z === RUN   TestR208RelayQuotaDaily/probe=true/non-json-type
windows-build	UNKNOWN STEP	2026-10-07T15:22:30.0977770Z --- PASS: TestR208RelayQuotaDaily/probe=true/non-json-type (0.01s)
windows-build	UNKNOWN STEP	2026-10-07T15:22:30.0978429Z === RUN   TestR208RelayQuotaDaily/probe=true/1027-json
windows-build	UNKNOWN STEP	2026-10-07T15:22:30.1111846Z --- PASS: TestR208RelayQuotaDaily/probe=true/1027-json (0.01s)
windows-build	UNKNOWN STEP	2026-10-07T15:22:30.1112270Z === RUN   TestR208RelayQuotaDaily/probe=false/html
windows-build	UNKNOWN STEP	2026-10-07T15:22:30.1219405Z --- PASS: TestR208RelayQuotaDaily/probe=false/html (0.01s)
windows-build	UNKNOWN STEP	2026-10-07T15:22:30.1220122Z === RUN   TestR208RelayQuotaDaily/probe=false/non-json-type
windows-build	UNKNOWN STEP	2026-10-07T15:22:30.1389853Z --- PASS: TestR208RelayQuotaDaily/probe=false/non-json-type (0.02s)
windows-build	UNKNOWN STEP	2026-10-07T15:22:30.1390271Z === RUN   TestR208RelayQuotaDaily/probe=false/1027-json
windows-build	UNKNOWN STEP	2026-10-07T15:22:30.1500276Z --- PASS: TestR208RelayQuotaDaily/probe=false/1027-json (0.01s)
windows-build	UNKNOWN STEP	2026-10-07T15:22:30.1500657Z --- PASS: TestR208RelayQuotaDaily (0.09s)
windows-build	UNKNOWN STEP	2026-10-07T15:22:30.1500991Z === RUN   TestR208RelayApplicationSharedAcrossProviders
windows-build	UNKNOWN STEP	2026-10-07T15:22:30.1514877Z --- PASS: TestR208RelayApplicationSharedAcrossProviders (0.00s)
windows-build	UNKNOWN STEP	2026-10-07T15:22:30.1515303Z === RUN   TestR208RelayDiskBeforeQuotaAndProbe
windows-build	UNKNOWN STEP	2026-10-07T15:22:30.1632657Z --- PASS: TestR208RelayDiskBeforeQuotaAndProbe (0.01s)
windows-build	UNKNOWN STEP	2026-10-07T15:22:30.1633367Z === RUN   TestR208IPPartialResumeWithoutRepeatedSuccessfulDetails
windows-build	UNKNOWN STEP	2026-10-07T15:22:30.2445916Z --- PASS: TestR208IPPartialResumeWithoutRepeatedSuccessfulDetails (0.08s)
windows-build	UNKNOWN STEP	2026-10-07T15:22:30.2446391Z === RUN   TestR208RelaySummaryTenMinuteWindow
windows-build	UNKNOWN STEP	2026-10-07T15:22:30.2447297Z --- PASS: TestR208RelaySummaryTenMinuteWindow (0.00s)
windows-build	UNKNOWN STEP	2026-10-07T15:22:30.2447618Z === RUN   TestR208QuotaUTCAndConfiguredOrigin
windows-build	UNKNOWN STEP	2026-10-07T15:22:30.2447916Z --- PASS: TestR208QuotaUTCAndConfiguredOrigin (0.00s)
windows-build	UNKNOWN STEP	2026-10-07T15:22:30.2448264Z === RUN   TestR208QueuedRequestChecksSharedCooldownBeforeIO
windows-build	UNKNOWN STEP	2026-10-07T15:22:30.2459526Z --- PASS: TestR208QueuedRequestChecksSharedCooldownBeforeIO (0.00s)
windows-build	UNKNOWN STEP	2026-10-07T15:22:30.2460410Z === RUN   TestR209CardImageDiagnosticsPersistBoundedCompleteFields
windows-build	UNKNOWN STEP	2026-10-07T15:22:30.2504870Z --- PASS: TestR209CardImageDiagnosticsPersistBoundedCompleteFields (0.00s)
windows-build	UNKNOWN STEP	2026-10-07T15:22:30.2505713Z === RUN   TestR210SnapshotRejectsIdlePhasesAndClearsFinishedReveal
windows-build	UNKNOWN STEP	2026-10-07T15:22:30.2506475Z === RUN   TestR210SnapshotRejectsIdlePhasesAndClearsFinishedReveal/Lobby
windows-build	UNKNOWN STEP	2026-10-07T15:22:30.2547501Z --- PASS: TestR210SnapshotRejectsIdlePhasesAndClearsFinishedReveal/Lobby (0.00s)
windows-build	UNKNOWN STEP	2026-10-07T15:22:30.2548394Z === RUN   TestR210SnapshotRejectsIdlePhasesAndClearsFinishedReveal/None
windows-build	UNKNOWN STEP	2026-10-07T15:22:30.2587088Z --- PASS: TestR210SnapshotRejectsIdlePhasesAndClearsFinishedReveal/None (0.00s)
windows-build	UNKNOWN STEP	2026-10-07T15:22:30.2588020Z === RUN   TestR210SnapshotRejectsIdlePhasesAndClearsFinishedReveal/Matchmaking
windows-build	UNKNOWN STEP	2026-10-07T15:22:30.2629583Z --- PASS: TestR210SnapshotRejectsIdlePhasesAndClearsFinishedReveal/Matchmaking (0.00s)
windows-build	UNKNOWN STEP	2026-10-07T15:22:30.2630182Z === RUN   TestR210SnapshotRejectsIdlePhasesAndClearsFinishedReveal/ReadyCheck
windows-build	UNKNOWN STEP	2026-10-07T15:22:30.2667976Z --- PASS: TestR210SnapshotRejectsIdlePhasesAndClearsFinishedReveal/ReadyCheck (0.00s)
windows-build	UNKNOWN STEP	2026-10-07T15:22:30.2668788Z === RUN   TestR210SnapshotRejectsIdlePhasesAndClearsFinishedReveal/ChampSelect
windows-build	UNKNOWN STEP	2026-10-07T15:22:30.2705256Z --- PASS: TestR210SnapshotRejectsIdlePhasesAndClearsFinishedReveal/ChampSelect (0.00s)
windows-build	UNKNOWN STEP	2026-10-07T15:22:30.2706217Z --- PASS: TestR210SnapshotRejectsIdlePhasesAndClearsFinishedReveal (0.02s)
windows-build	UNKNOWN STEP	2026-10-07T15:22:30.2706998Z === RUN   TestR210ObserveLeavingEndStopsWaitingAndFinishedReveal
windows-build	UNKNOWN STEP	2026-10-07T15:22:30.2784995Z --- PASS: TestR210ObserveLeavingEndStopsWaitingAndFinishedReveal (0.01s)
windows-build	UNKNOWN STEP	2026-10-07T15:22:30.2785569Z === RUN   TestR210RetentionExpiresTwoMinutesAfterCompletionWithoutRestart
windows-build	UNKNOWN STEP	2026-10-07T15:22:30.2854088Z --- PASS: TestR210RetentionExpiresTwoMinutesAfterCompletionWithoutRestart (0.01s)
windows-build	UNKNOWN STEP	2026-10-07T15:22:30.2854701Z === RUN   TestR210ExpiryTimerClearsWithoutSnapshotReadsAndFencesOldGeneration
windows-build	UNKNOWN STEP	2026-10-07T15:22:30.2911244Z --- PASS: TestR210ExpiryTimerClearsWithoutSnapshotReadsAndFencesOldGeneration (0.01s)
windows-build	UNKNOWN STEP	2026-10-07T15:22:30.2911845Z === RUN   TestR210LiveScopeResetLeftEndDiagnosticAccepted
windows-build	UNKNOWN STEP	2026-10-07T15:22:30.2932369Z --- PASS: TestR210LiveScopeResetLeftEndDiagnosticAccepted (0.00s)
windows-build	UNKNOWN STEP	2026-10-07T15:22:30.2933148Z === RUN   TestR211SGPForceSummaryFreshAndAllExpectedReusesFirstPage
windows-build	UNKNOWN STEP	2026-10-07T15:22:30.3536266Z --- PASS: TestR211SGPForceSummaryFreshAndAllExpectedReusesFirstPage (0.06s)
windows-build	UNKNOWN STEP	2026-10-07T15:22:30.3536986Z === RUN   TestR211MasteryRealRiotFieldsAndFullCache
windows-build	UNKNOWN STEP	2026-10-07T15:22:30.3862256Z --- PASS: TestR211MasteryRealRiotFieldsAndFullCache (0.03s)
windows-build	UNKNOWN STEP	2026-10-07T15:22:30.3862811Z === RUN   TestR211SeasonFinalizeNeverMutatesAccumulator
windows-build	UNKNOWN STEP	2026-10-07T15:22:30.3863225Z --- PASS: TestR211SeasonFinalizeNeverMutatesAccumulator (0.00s)
windows-build	UNKNOWN STEP	2026-10-07T15:22:30.3863596Z === RUN   TestR211SeasonCacheRoundTripAndIncrement
windows-build	UNKNOWN STEP	2026-10-07T15:22:30.3863971Z --- PASS: TestR211SeasonCacheRoundTripAndIncrement (0.00s)
windows-build	UNKNOWN STEP	2026-10-07T15:22:30.3864690Z === RUN   TestR211ExpectedGameUsesAllIDsAndRiotFreshBypassesIdentityCache
windows-build	UNKNOWN STEP	2026-10-07T15:22:30.3952204Z --- PASS: TestR211ExpectedGameUsesAllIDsAndRiotFreshBypassesIdentityCache (0.01s)
windows-build	UNKNOWN STEP	2026-10-07T15:22:30.3952873Z === RUN   TestR211DirtyDiagnosticKeepsAttempts
windows-build	UNKNOWN STEP	2026-10-07T15:22:30.3975095Z --- PASS: TestR211DirtyDiagnosticKeepsAttempts (0.00s)
windows-build	UNKNOWN STEP	2026-10-07T15:22:30.3976931Z === RUN   TestR211TimelineWholeGameSingleFetchAndLegacyExtraction
windows-build	UNKNOWN STEP	2026-10-07T15:22:30.3995894Z --- PASS: TestR211TimelineWholeGameSingleFetchAndLegacyExtraction (0.00s)
windows-build	UNKNOWN STEP	2026-10-07T15:22:30.3996686Z === RUN   TestR212RelayNotFoundAndHTTPStatusSummary
windows-build	UNKNOWN STEP	2026-10-07T15:22:30.3997313Z === RUN   TestR212RelayNotFoundAndHTTPStatusSummary/Not_Found
windows-build	UNKNOWN STEP	2026-10-07T15:22:30.4010458Z --- PASS: TestR212RelayNotFoundAndHTTPStatusSummary/Not_Found (0.00s)
windows-build	UNKNOWN STEP	2026-10-07T15:22:30.4011221Z === RUN   TestR212RelayNotFoundAndHTTPStatusSummary/Bad_Request
windows-build	UNKNOWN STEP	2026-10-07T15:22:30.4024774Z --- PASS: TestR212RelayNotFoundAndHTTPStatusSummary/Bad_Request (0.00s)
windows-build	UNKNOWN STEP	2026-10-07T15:22:30.4025518Z --- PASS: TestR212RelayNotFoundAndHTTPStatusSummary (0.00s)
windows-build	UNKNOWN STEP	2026-10-07T15:22:30.4026095Z === RUN   TestR212RelayCategoriesAndSummaryReset
windows-build	UNKNOWN STEP	2026-10-07T15:22:30.4026681Z --- PASS: TestR212RelayCategoriesAndSummaryReset (0.00s)
windows-build	UNKNOWN STEP	2026-10-07T15:22:30.4027230Z === RUN   TestR212RelayQuotaPageKeepsR208Priority
windows-build	UNKNOWN STEP	2026-10-07T15:22:30.4038799Z --- PASS: TestR212RelayQuotaPageKeepsR208Priority (0.00s)
windows-build	UNKNOWN STEP	2026-10-07T15:22:30.4039387Z === RUN   TestR212InstallTimingDetailsAndLegacy
windows-build	UNKNOWN STEP	2026-10-07T15:22:30.4039926Z === RUN   TestR212InstallTimingDetailsAndLegacy/complete
windows-build	UNKNOWN STEP	2026-10-07T15:22:30.4051759Z --- PASS: TestR212InstallTimingDetailsAndLegacy/complete (0.00s)
windows-build	UNKNOWN STEP	2026-10-07T15:22:30.4052425Z === RUN   TestR212InstallTimingDetailsAndLegacy/missing
windows-build	UNKNOWN STEP	2026-10-07T15:22:30.4063945Z --- PASS: TestR212InstallTimingDetailsAndLegacy/missing (0.00s)
windows-build	UNKNOWN STEP	2026-10-07T15:22:30.4064576Z === RUN   TestR212InstallTimingDetailsAndLegacy/legacy
windows-build	UNKNOWN STEP	2026-10-07T15:22:30.4076017Z --- PASS: TestR212InstallTimingDetailsAndLegacy/legacy (0.00s)
windows-build	UNKNOWN STEP	2026-10-07T15:22:30.4076644Z === RUN   TestR212InstallTimingDetailsAndLegacy/skew
windows-build	UNKNOWN STEP	2026-10-07T15:22:30.4089203Z --- PASS: TestR212InstallTimingDetailsAndLegacy/skew (0.00s)
windows-build	UNKNOWN STEP	2026-10-07T15:22:30.4090212Z --- PASS: TestR212InstallTimingDetailsAndLegacy (0.01s)
windows-build	UNKNOWN STEP	2026-10-07T15:22:30.4090894Z === RUN   TestR213ProgressAndRebuildDiagnosticWhitelist
windows-build	UNKNOWN STEP	2026-10-07T15:22:30.4091576Z === RUN   TestR213ProgressAndRebuildDiagnosticWhitelist/progress
windows-build	UNKNOWN STEP	2026-10-07T15:22:30.4111913Z --- PASS: TestR213ProgressAndRebuildDiagnosticWhitelist/progress (0.00s)
windows-build	UNKNOWN STEP	2026-10-07T15:22:30.4112558Z === RUN   TestR213ProgressAndRebuildDiagnosticWhitelist/rebuild
windows-build	UNKNOWN STEP	2026-10-07T15:22:30.4132779Z --- PASS: TestR213ProgressAndRebuildDiagnosticWhitelist/rebuild (0.00s)
windows-build	UNKNOWN STEP	2026-10-07T15:22:30.4139066Z --- PASS: TestR213ProgressAndRebuildDiagnosticWhitelist (0.00s)
windows-build	UNKNOWN STEP	2026-10-07T15:22:30.4140252Z === RUN   TestR214FreshRecentRankedBypassesBothCaches
windows-build	UNKNOWN STEP	2026-10-07T15:22:30.4157936Z     r214_test.go:71: fresh recent ranked: upstream=1 history_calls=1 sgp_history_cache_hits=0
windows-build	UNKNOWN STEP	2026-10-07T15:22:30.4171244Z --- PASS: TestR214FreshRecentRankedBypassesBothCaches (0.00s)
windows-build	UNKNOWN STEP	2026-10-07T15:22:30.4171868Z === RUN   TestR214FreshSeasonHeadSharesR241RecentGate
windows-build	UNKNOWN STEP	2026-10-07T15:22:30.4844078Z     r214_test.go:133: fresh season head: upstream=1 sgp_history_cache_hits=0 scanned=0
windows-build	UNKNOWN STEP	2026-10-07T15:22:30.4861826Z --- PASS: TestR214FreshSeasonHeadSharesR241RecentGate (0.07s)
windows-build	UNKNOWN STEP	2026-10-07T15:22:30.4862477Z === RUN   TestR216PythonV2MigrationConsistency260
windows-build	UNKNOWN STEP	2026-10-07T15:22:30.4922330Z     r216_score_test.go:14: missing 260 of 260 raw samples; checked every remaining sample
windows-build	UNKNOWN STEP	2026-10-07T15:22:30.4923454Z     r216_score_test.go:14: 校准原始样本已清理，见 R220
windows-build	UNKNOWN STEP	2026-10-07T15:22:30.4924020Z --- SKIP: TestR216PythonV2MigrationConsistency260 (0.01s)
windows-build	UNKNOWN STEP	2026-10-07T15:22:30.4924594Z === RUN   TestR216PythonV21GoldenConsistency260
windows-build	UNKNOWN STEP	2026-10-07T15:22:30.4980860Z     r216_score_test.go:17: missing 260 of 260 raw samples; checked every remaining sample
windows-build	UNKNOWN STEP	2026-10-07T15:22:30.4981626Z     r216_score_test.go:17: 校准原始样本已清理，见 R220
windows-build	UNKNOWN STEP	2026-10-07T15:22:30.4982228Z --- SKIP: TestR216PythonV21GoldenConsistency260 (0.01s)
windows-build	UNKNOWN STEP	2026-10-07T15:22:30.4982530Z === RUN   TestR216LegacyV2JSGolden20
windows-build	UNKNOWN STEP	2026-10-07T15:22:30.5050998Z --- PASS: TestR216LegacyV2JSGolden20 (0.01s)
windows-build	UNKNOWN STEP	2026-10-07T15:22:30.5051494Z === RUN   TestR216V21GameplayGolden20
windows-build	UNKNOWN STEP	2026-10-07T15:22:30.5135415Z --- PASS: TestR216V21GameplayGolden20 (0.01s)
windows-build	UNKNOWN STEP	2026-10-07T15:22:30.5136008Z === RUN   TestR216LegacyScoringInvariants
windows-build	UNKNOWN STEP	2026-10-07T15:22:30.5136535Z --- PASS: TestR216LegacyScoringInvariants (0.00s)
windows-build	UNKNOWN STEP	2026-10-07T15:22:30.5137042Z === RUN   TestR216RoleReferencesAndOutliers
windows-build	UNKNOWN STEP	2026-10-07T15:22:30.5139844Z --- PASS: TestR216RoleReferencesAndOutliers (0.00s)
windows-build	UNKNOWN STEP	2026-10-07T15:22:30.5140345Z === RUN   TestR216PresenceRoundTripAndExtraFields
windows-build	UNKNOWN STEP	2026-10-07T15:22:30.5143183Z --- PASS: TestR216PresenceRoundTripAndExtraFields (0.00s)
windows-build	UNKNOWN STEP	2026-10-07T15:22:30.5143976Z === RUN   TestR216V21ScoreDiagnosticDedupPrivacy
windows-build	UNKNOWN STEP	2026-10-07T15:22:30.5165650Z --- PASS: TestR216V21ScoreDiagnosticDedupPrivacy (0.00s)
windows-build	UNKNOWN STEP	2026-10-07T15:22:30.5166197Z === RUN   TestR216ScoreDump
windows-build	UNKNOWN STEP	2026-10-07T15:22:30.5166896Z     r216_score_test.go:300: offline bridge not requested
windows-build	UNKNOWN STEP	2026-10-07T15:22:30.5167388Z --- SKIP: TestR216ScoreDump (0.00s)
windows-build	UNKNOWN STEP	2026-10-07T15:22:30.5167879Z === RUN   TestR216LegacyRankBadgesAndHiddenPrecision
windows-build	UNKNOWN STEP	2026-10-07T15:22:30.5168525Z --- PASS: TestR216LegacyRankBadgesAndHiddenPrecision (0.00s)
windows-build	UNKNOWN STEP	2026-10-07T15:22:30.5169144Z === RUN   TestR216V21ProductionFrozenParams
windows-build	UNKNOWN STEP	2026-10-07T15:22:30.5170978Z --- PASS: TestR216V21ProductionFrozenParams (0.00s)
windows-build	UNKNOWN STEP	2026-10-07T15:22:30.5171612Z === RUN   TestR216ChampionTableThreeGamesAndMissing
windows-build	UNKNOWN STEP	2026-10-07T15:22:30.5174921Z --- PASS: TestR216ChampionTableThreeGamesAndMissing (0.00s)
windows-build	UNKNOWN STEP	2026-10-07T15:22:30.5175491Z === RUN   TestR216ChampionTableOpponentEvidence
windows-build	UNKNOWN STEP	2026-10-07T15:22:30.5190399Z --- PASS: TestR216ChampionTableOpponentEvidence (0.00s)
windows-build	UNKNOWN STEP	2026-10-07T15:22:30.5191097Z === RUN   TestR216OPGGChampionTableObservedPage
windows-build	UNKNOWN STEP	2026-10-07T15:22:30.5191719Z === PAUSE TestR216OPGGChampionTableObservedPage
windows-build	UNKNOWN STEP	2026-10-07T15:22:30.5192251Z === RUN   TestR216FourteenKeywords
windows-build	UNKNOWN STEP	2026-10-07T15:22:30.5192673Z --- PASS: TestR216FourteenKeywords (0.00s)
windows-build	UNKNOWN STEP	2026-10-07T15:22:30.5193319Z === RUN   TestR216MatchTagsPersistAndPrivacy
windows-build	UNKNOWN STEP	2026-10-07T15:22:30.5314622Z --- PASS: TestR216MatchTagsPersistAndPrivacy (0.01s)
windows-build	UNKNOWN STEP	2026-10-07T15:22:30.5315264Z === RUN   TestR216HistoricalKeywordDump
windows-build	UNKNOWN STEP	2026-10-07T15:22:30.5315822Z     r216_tags_test.go:87: historical export not requested
windows-build	UNKNOWN STEP	2026-10-07T15:22:30.5316355Z --- SKIP: TestR216HistoricalKeywordDump (0.00s)
windows-build	UNKNOWN STEP	2026-10-07T15:22:30.5317039Z === RUN   TestR216TimelineKeywordCheckpointUsesPastEventsAndOptionalFields
windows-build	UNKNOWN STEP	2026-10-07T15:22:30.5317956Z --- PASS: TestR216TimelineKeywordCheckpointUsesPastEventsAndOptionalFields (0.00s)
windows-build	UNKNOWN STEP	2026-10-07T15:22:30.5318786Z === RUN   TestR217SixKeywordsKeepCacheVersionAndReadOnlyFiltering
windows-build	UNKNOWN STEP	2026-10-07T15:22:30.5493885Z --- PASS: TestR217SixKeywordsKeepCacheVersionAndReadOnlyFiltering (0.02s)
windows-build	UNKNOWN STEP	2026-10-07T15:22:30.5495122Z === RUN   TestR217ComputedKeywordsFollowHoldoutDisplayWithoutFallback
windows-build	UNKNOWN STEP	2026-10-07T15:22:30.5495663Z --- PASS: TestR217ComputedKeywordsFollowHoldoutDisplayWithoutFallback (0.00s)
windows-build	UNKNOWN STEP	2026-10-07T15:22:30.5496037Z === RUN   TestR217KeywordDump
windows-build	UNKNOWN STEP	2026-10-07T15:22:30.5496415Z     r217_test.go:14: offline bridge not requested
windows-build	UNKNOWN STEP	2026-10-07T15:22:30.5496842Z --- SKIP: TestR217KeywordDump (0.00s)
windows-build	UNKNOWN STEP	2026-10-07T15:22:30.5497317Z === RUN   TestR217CurveDirectionsAndFourEndingClasses
windows-build	UNKNOWN STEP	2026-10-07T15:22:30.5497956Z --- PASS: TestR217CurveDirectionsAndFourEndingClasses (0.00s)
windows-build	UNKNOWN STEP	2026-10-07T15:22:30.5498630Z === RUN   TestR217LookupCoversAllFrozenCombinationsAndRejectsUnseen
windows-build	UNKNOWN STEP	2026-10-07T15:22:30.5499516Z --- PASS: TestR217LookupCoversAllFrozenCombinationsAndRejectsUnseen (0.00s)
windows-build	UNKNOWN STEP	2026-10-07T15:22:30.5499923Z === RUN   TestR217MinuteCheckpointsAndUnknownFrames
windows-build	UNKNOWN STEP	2026-10-07T15:22:30.5504563Z --- PASS: TestR217MinuteCheckpointsAndUnknownFrames (0.00s)
windows-build	UNKNOWN STEP	2026-10-07T15:22:30.5505304Z === RUN   TestR219StatusClientDiscovery
windows-build	UNKNOWN STEP	2026-10-07T15:22:30.5506271Z === RUN   TestR219StatusClientDiscovery/process-not-foundprocess-not-found
windows-build	UNKNOWN STEP	2026-10-07T15:22:30.5507198Z --- PASS: TestR219StatusClientDiscovery/process-not-foundprocess-not-found (0.00s)
windows-build	UNKNOWN STEP	2026-10-07T15:22:30.5508130Z === RUN   TestR219StatusClientDiscovery/process-query-failedprocess-query-failed
windows-build	UNKNOWN STEP	2026-10-07T15:22:30.5509237Z --- PASS: TestR219StatusClientDiscovery/process-query-failedprocess-query-failed (0.00s)
windows-build	UNKNOWN STEP	2026-10-07T15:22:30.5510559Z === RUN   TestR219StatusClientDiscovery/credentials-unreadablecredentials-unreadable
windows-build	UNKNOWN STEP	2026-10-07T15:22:30.5511549Z --- PASS: TestR219StatusClientDiscovery/credentials-unreadablecredentials-unreadable (0.00s)
windows-build	UNKNOWN STEP	2026-10-07T15:22:30.5512767Z === RUN   TestR219StatusClientDiscovery/probe-failedprobe-failed
windows-build	UNKNOWN STEP	2026-10-07T15:22:30.5513493Z --- PASS: TestR219StatusClientDiscovery/probe-failedprobe-failed (0.00s)
windows-build	UNKNOWN STEP	2026-10-07T15:22:30.5514532Z === RUN   TestR219StatusClientDiscovery/searching
windows-build	UNKNOWN STEP	2026-10-07T15:22:30.5515103Z --- PASS: TestR219StatusClientDiscovery/searching (0.00s)
windows-build	UNKNOWN STEP	2026-10-07T15:22:30.5515640Z === RUN   TestR219StatusClientDiscovery/#00
windows-build	UNKNOWN STEP	2026-10-07T15:22:30.5516408Z --- PASS: TestR219StatusClientDiscovery/#00 (0.00s)
windows-build	UNKNOWN STEP	2026-10-07T15:22:30.5517176Z === RUN   TestR219StatusClientDiscovery/PRIVATE-PATH
windows-build	UNKNOWN STEP	2026-10-07T15:22:30.5518273Z --- PASS: TestR219StatusClientDiscovery/PRIVATE-PATH (0.00s)
windows-build	UNKNOWN STEP	2026-10-07T15:22:30.5519137Z === RUN   TestR219StatusClientDiscovery/process-not-foundconnected
windows-build	UNKNOWN STEP	2026-10-07T15:22:30.5520082Z --- PASS: TestR219StatusClientDiscovery/process-not-foundconnected (0.00s)
windows-build	UNKNOWN STEP	2026-10-07T15:22:30.5521245Z --- PASS: TestR219StatusClientDiscovery (0.00s)
windows-build	UNKNOWN STEP	2026-10-07T15:22:30.5521815Z === RUN   TestR219RenderFailureAndHideDiagnosticFields
windows-build	UNKNOWN STEP	2026-10-07T15:22:30.5522403Z === RUN   TestR219RenderFailureAndHideDiagnosticFields/known
windows-build	UNKNOWN STEP	2026-10-07T15:22:30.5541778Z --- PASS: TestR219RenderFailureAndHideDiagnosticFields/known (0.00s)
windows-build	UNKNOWN STEP	2026-10-07T15:22:30.5542247Z === RUN   TestR219RenderFailureAndHideDiagnosticFields/unapproved
windows-build	UNKNOWN STEP	2026-10-07T15:22:30.5562445Z --- PASS: TestR219RenderFailureAndHideDiagnosticFields/unapproved (0.00s)
windows-build	UNKNOWN STEP	2026-10-07T15:22:30.5563247Z === RUN   TestR219RenderFailureAndHideDiagnosticFields/hide
windows-build	UNKNOWN STEP	2026-10-07T15:22:30.5583436Z --- PASS: TestR219RenderFailureAndHideDiagnosticFields/hide (0.00s)
windows-build	UNKNOWN STEP	2026-10-07T15:22:30.5584297Z === RUN   TestR219RenderFailureAndHideDiagnosticFields/hide-private
windows-build	UNKNOWN STEP	2026-10-07T15:22:30.5603251Z --- PASS: TestR219RenderFailureAndHideDiagnosticFields/hide-private (0.00s)
windows-build	UNKNOWN STEP	2026-10-07T15:22:30.5604061Z --- PASS: TestR219RenderFailureAndHideDiagnosticFields (0.01s)
windows-build	UNKNOWN STEP	2026-10-07T15:22:30.5604609Z === RUN   TestR220PlatformRoutingAndIsolation
windows-build	UNKNOWN STEP	2026-10-07T15:22:30.5608909Z --- PASS: TestR220PlatformRoutingAndIsolation (0.00s)
windows-build	UNKNOWN STEP	2026-10-07T15:22:30.5609477Z === RUN   TestR220ClientStatusAndDiagnosticWhitelist
windows-build	UNKNOWN STEP	2026-10-07T15:22:30.5625870Z --- PASS: TestR220ClientStatusAndDiagnosticWhitelist (0.00s)
windows-build	UNKNOWN STEP	2026-10-07T15:22:30.5626848Z === RUN   TestR220HistoryRetryCadence
windows-build	UNKNOWN STEP	2026-10-07T15:22:30.5627338Z --- PASS: TestR220HistoryRetryCadence (0.00s)
windows-build	UNKNOWN STEP	2026-10-07T15:22:30.5627823Z === RUN   TestR220HistoryDecisionAndFallback
windows-build	UNKNOWN STEP	2026-10-07T15:22:30.5630245Z --- PASS: TestR220HistoryDecisionAndFallback (0.00s)
windows-build	UNKNOWN STEP	2026-10-07T15:22:30.5630965Z === RUN   TestR220CooldownPlatformIsolation
windows-build	UNKNOWN STEP	2026-10-07T15:22:30.5631315Z --- PASS: TestR220CooldownPlatformIsolation (0.00s)
windows-build	UNKNOWN STEP	2026-10-07T15:22:30.5631662Z === RUN   TestR220PracticeModeAndPrimaryPosition
windows-build	UNKNOWN STEP	2026-10-07T15:22:30.5632001Z --- PASS: TestR220PracticeModeAndPrimaryPosition (0.00s)
windows-build	UNKNOWN STEP	2026-10-07T15:22:30.5632315Z === RUN   TestR220LocalOverviewRetryBudget
windows-build	UNKNOWN STEP	2026-10-07T15:22:30.5632623Z --- PASS: TestR220LocalOverviewRetryBudget (0.00s)
windows-build	UNKNOWN STEP	2026-10-07T15:22:30.5632974Z === RUN   TestR220JPHistoryUsesMatchDetailsAndRegionScopedTags
windows-build	UNKNOWN STEP	2026-10-07T15:22:30.5636402Z --- PASS: TestR220JPHistoryUsesMatchDetailsAndRegionScopedTags (0.00s)
windows-build	UNKNOWN STEP	2026-10-07T15:22:30.5637096Z === RUN   TestR220MatchTierDiskCacheIsPlatformScoped
windows-build	UNKNOWN STEP	2026-10-07T15:22:30.6031604Z --- PASS: TestR220MatchTierDiskCacheIsPlatformScoped (0.04s)
windows-build	UNKNOWN STEP	2026-10-07T15:22:30.6032665Z === RUN   TestR220RiotFailureAttemptsKeepSpecificSafeReasons
windows-build	UNKNOWN STEP	2026-10-07T15:22:30.6033399Z --- PASS: TestR220RiotFailureAttemptsKeepSpecificSafeReasons (0.00s)
windows-build	UNKNOWN STEP	2026-10-07T15:22:30.6034019Z === RUN   TestR222ArenaTruthRetryCancellation
windows-build	UNKNOWN STEP	2026-10-07T15:22:30.6034544Z --- PASS: TestR222ArenaTruthRetryCancellation (0.00s)
windows-build	UNKNOWN STEP	2026-10-07T15:22:30.6035291Z === RUN   TestR223OptionalStatsAcrossRiotAndLCU
windows-build	UNKNOWN STEP	2026-10-07T15:22:30.6077326Z --- PASS: TestR223OptionalStatsAcrossRiotAndLCU (0.00s)
windows-build	UNKNOWN STEP	2026-10-07T15:22:30.6077893Z === RUN   TestR223DecodeFallbackAndPrivacy
windows-build	UNKNOWN STEP	2026-10-07T15:22:30.6078573Z --- PASS: TestR223DecodeFallbackAndPrivacy (0.00s)
windows-build	UNKNOWN STEP	2026-10-07T15:22:30.6079038Z === RUN   TestR223SGPDoesNotRefillDecodedPage
windows-build	UNKNOWN STEP	2026-10-07T15:22:30.6105434Z --- PASS: TestR223SGPDoesNotRefillDecodedPage (0.00s)
windows-build	UNKNOWN STEP	2026-10-07T15:22:30.6108682Z === RUN   TestR223RegionAliasesAndAuthority
windows-build	UNKNOWN STEP	2026-10-07T15:22:30.6109246Z --- PASS: TestR223RegionAliasesAndAuthority (0.00s)
windows-build	UNKNOWN STEP	2026-10-07T15:22:30.6109825Z === RUN   TestR223UnknownPlatformRetriesAndPreservesEnum
windows-build	UNKNOWN STEP	2026-10-07T15:22:30.6110546Z --- PASS: TestR223UnknownPlatformRetriesAndPreservesEnum (0.00s)
windows-build	UNKNOWN STEP	2026-10-07T15:22:30.6111315Z === RUN   TestR223UnknownLCUHistoryRetries
windows-build	UNKNOWN STEP	2026-10-07T15:22:30.6111963Z --- PASS: TestR223UnknownLCUHistoryRetries (0.00s)
windows-build	UNKNOWN STEP	2026-10-07T15:22:30.6112837Z === RUN   TestR223CancelledLaunchStopsImmediately
windows-build	UNKNOWN STEP	2026-10-07T15:22:30.6113568Z --- PASS: TestR223CancelledLaunchStopsImmediately (0.00s)
windows-build	UNKNOWN STEP	2026-10-07T15:22:30.6114119Z === RUN   TestR223NoDirectLeagueCandidatesAndRiotPaths
windows-build	UNKNOWN STEP	2026-10-07T15:22:30.6124939Z --- PASS: TestR223NoDirectLeagueCandidatesAndRiotPaths (0.00s)
windows-build	UNKNOWN STEP	2026-10-07T15:22:30.6125652Z === RUN   TestR223TwentyTenPlayerGamesKeepSeasonPeersAndCurves
windows-build	UNKNOWN STEP	2026-10-07T15:22:30.6210292Z --- PASS: TestR223TwentyTenPlayerGamesKeepSeasonPeersAndCurves (0.01s)
windows-build	UNKNOWN STEP	2026-10-07T15:22:30.6210884Z === RUN   TestR223ChallengesWholeShapeIsOptional
windows-build	UNKNOWN STEP	2026-10-07T15:22:30.6211911Z --- PASS: TestR223ChallengesWholeShapeIsOptional (0.00s)
windows-build	UNKNOWN STEP	2026-10-07T15:22:30.6212836Z === RUN   TestR223ForeignAndUnknownClientCannotUseExplicitTencentReferences
windows-build	UNKNOWN STEP	2026-10-07T15:22:30.6214025Z --- PASS: TestR223ForeignAndUnknownClientCannotUseExplicitTencentReferences (0.00s)
windows-build	UNKNOWN STEP	2026-10-07T15:22:30.6214735Z === RUN   TestR223LaunchLocksArePerEntry
windows-build	UNKNOWN STEP	2026-10-07T15:22:30.6215257Z --- PASS: TestR223LaunchLocksArePerEntry (0.00s)
windows-build	UNKNOWN STEP	2026-10-07T15:22:30.6215852Z === RUN   TestR224BraverySkipsPlanningThenExecutesStrategies
windows-build	UNKNOWN STEP	2026-10-07T15:22:30.6216486Z === RUN   TestR224BraverySkipsPlanningThenExecutesStrategies/lock-now
windows-build	UNKNOWN STEP	2026-10-07T15:22:30.6238877Z --- PASS: TestR224BraverySkipsPlanningThenExecutesStrategies/lock-now (0.00s)
windows-build	UNKNOWN STEP	2026-10-07T15:22:30.6239758Z === RUN   TestR224BraverySkipsPlanningThenExecutesStrategies/show-then-lock
windows-build	UNKNOWN STEP	2026-10-07T15:22:30.6277959Z --- PASS: TestR224BraverySkipsPlanningThenExecutesStrategies/show-then-lock (0.00s)
windows-build	UNKNOWN STEP	2026-10-07T15:22:30.6278826Z === RUN   TestR224BraverySkipsPlanningThenExecutesStrategies/show-only
windows-build	UNKNOWN STEP	2026-10-07T15:22:30.6300886Z --- PASS: TestR224BraverySkipsPlanningThenExecutesStrategies/show-only (0.00s)
windows-build	UNKNOWN STEP	2026-10-07T15:22:30.6302142Z --- PASS: TestR224BraverySkipsPlanningThenExecutesStrategies (0.01s)
windows-build	UNKNOWN STEP	2026-10-07T15:22:30.6302677Z === RUN   TestR224IntentFailureDoesNotConsumeLockBudget
windows-build	UNKNOWN STEP	2026-10-07T15:22:30.6373150Z --- PASS: TestR224IntentFailureDoesNotConsumeLockBudget (0.01s)
windows-build	UNKNOWN STEP	2026-10-07T15:22:30.6373930Z === RUN   TestR224SingleCandidateFailureExplainsStopAndResetsOnDodge
windows-build	UNKNOWN STEP	2026-10-07T15:22:30.6414957Z --- PASS: TestR224SingleCandidateFailureExplainsStopAndResetsOnDodge (0.00s)
windows-build	UNKNOWN STEP	2026-10-07T15:22:30.6415754Z === RUN   TestR224BraveryRandomChampionConfirmsCompletedOnly
windows-build	UNKNOWN STEP	2026-10-07T15:22:30.6416452Z === RUN   TestR224BraveryRandomChampionConfirmsCompletedOnly/true
windows-build	UNKNOWN STEP	2026-10-07T15:22:30.6437456Z --- PASS: TestR224BraveryRandomChampionConfirmsCompletedOnly/true (0.00s)
windows-build	UNKNOWN STEP	2026-10-07T15:22:30.6438276Z === RUN   TestR224BraveryRandomChampionConfirmsCompletedOnly/false
windows-build	UNKNOWN STEP	2026-10-07T15:22:30.6459025Z --- PASS: TestR224BraveryRandomChampionConfirmsCompletedOnly/false (0.00s)
windows-build	UNKNOWN STEP	2026-10-07T15:22:30.6460150Z --- PASS: TestR224BraveryRandomChampionConfirmsCompletedOnly (0.00s)
windows-build	UNKNOWN STEP	2026-10-07T15:22:30.6460821Z === RUN   TestR224RosterDropsStaleArenaTeamTwoAndDuplicateRefs
windows-build	UNKNOWN STEP	2026-10-07T15:22:30.6461492Z === RUN   TestR224RosterDropsStaleArenaTeamTwoAndDuplicateRefs/false
windows-build	UNKNOWN STEP	2026-10-07T15:22:30.6581386Z --- PASS: TestR224RosterDropsStaleArenaTeamTwoAndDuplicateRefs/false (0.01s)
windows-build	UNKNOWN STEP	2026-10-07T15:22:30.6582740Z === RUN   TestR224RosterDropsStaleArenaTeamTwoAndDuplicateRefs/true
windows-build	UNKNOWN STEP	2026-10-07T15:22:30.6671917Z --- PASS: TestR224RosterDropsStaleArenaTeamTwoAndDuplicateRefs/true (0.01s)
windows-build	UNKNOWN STEP	2026-10-07T15:22:30.6672693Z --- PASS: TestR224RosterDropsStaleArenaTeamTwoAndDuplicateRefs (0.02s)
windows-build	UNKNOWN STEP	2026-10-07T15:22:30.6673133Z === RUN   TestR227GateChangesDuringSessionReadDoNotStopPick
windows-build	UNKNOWN STEP	2026-10-07T15:22:30.6673567Z === RUN   TestR227GateChangesDuringSessionReadDoNotStopPick/pause
windows-build	UNKNOWN STEP	2026-10-07T15:22:30.6693447Z --- PASS: TestR227GateChangesDuringSessionReadDoNotStopPick/pause (0.00s)
windows-build	UNKNOWN STEP	2026-10-07T15:22:30.6694403Z === RUN   TestR227GateChangesDuringSessionReadDoNotStopPick/takeover
windows-build	UNKNOWN STEP	2026-10-07T15:22:30.6714839Z --- PASS: TestR227GateChangesDuringSessionReadDoNotStopPick/takeover (0.00s)
windows-build	UNKNOWN STEP	2026-10-07T15:22:30.6715751Z === RUN   TestR227GateChangesDuringSessionReadDoNotStopPick/leave-phase
windows-build	UNKNOWN STEP	2026-10-07T15:22:30.6736331Z --- PASS: TestR227GateChangesDuringSessionReadDoNotStopPick/leave-phase (0.00s)
windows-build	UNKNOWN STEP	2026-10-07T15:22:30.6737207Z === RUN   TestR227GateChangesDuringSessionReadDoNotStopPick/disabled
windows-build	UNKNOWN STEP	2026-10-07T15:22:30.6757291Z --- PASS: TestR227GateChangesDuringSessionReadDoNotStopPick/disabled (0.00s)
windows-build	UNKNOWN STEP	2026-10-07T15:22:30.6758171Z --- PASS: TestR227GateChangesDuringSessionReadDoNotStopPick (0.01s)
windows-build	UNKNOWN STEP	2026-10-07T15:22:30.6758654Z === RUN   TestR227TakeoverAfterCandidateEvaluationDoesNotStopPick
windows-build	UNKNOWN STEP	2026-10-07T15:22:30.6777946Z --- PASS: TestR227TakeoverAfterCandidateEvaluationDoesNotStopPick (0.00s)
windows-build	UNKNOWN STEP	2026-10-07T15:22:30.6778720Z === RUN   TestR229ClientHistoryUsesPublicIdentityAndHighlightsSelf
windows-build	UNKNOWN STEP	2026-10-07T15:22:30.6783679Z --- PASS: TestR229ClientHistoryUsesPublicIdentityAndHighlightsSelf (0.00s)
windows-build	UNKNOWN STEP	2026-10-07T15:22:30.6784549Z === RUN   TestR229IdentityFlightCannotRepopulateAfterAccountSwitch
windows-build	UNKNOWN STEP	2026-10-07T15:22:30.6786122Z --- PASS: TestR229IdentityFlightCannotRepopulateAfterAccountSwitch (0.00s)
windows-build	UNKNOWN STEP	2026-10-07T15:22:30.6787894Z === RUN   TestR229MissingRiotIDFallsBackWithoutPublicRequest
windows-build	UNKNOWN STEP	2026-10-07T15:22:30.6788442Z --- PASS: TestR229MissingRiotIDFallsBackWithoutPublicRequest (0.00s)
windows-build	UNKNOWN STEP	2026-10-07T15:22:30.6789107Z === RUN   TestR229Decrypt400IsAnEnumAndDoesNotRetainBody
windows-build	UNKNOWN STEP	2026-10-07T15:22:30.6789797Z --- PASS: TestR229Decrypt400IsAnEnumAndDoesNotRetainBody (0.00s)
windows-build	UNKNOWN STEP	2026-10-07T15:22:30.6790692Z === RUN   TestR229WeGameRegistryShortcutAndCancel
windows-build	UNKNOWN STEP	2026-10-07T15:22:30.6801405Z --- PASS: TestR229WeGameRegistryShortcutAndCancel (0.00s)
windows-build	UNKNOWN STEP	2026-10-07T15:22:30.6802394Z === RUN   TestR229FastDiscoveryWindowAndNumericMilestones
windows-build	UNKNOWN STEP	2026-10-07T15:22:30.6822423Z --- PASS: TestR229FastDiscoveryWindowAndNumericMilestones (0.00s)
windows-build	UNKNOWN STEP	2026-10-07T15:22:30.6823160Z === RUN   TestR230SeasonParseLossRetriesSamePage
windows-build	UNKNOWN STEP	2026-10-07T15:22:30.7049524Z --- PASS: TestR230SeasonParseLossRetriesSamePage (0.02s)
windows-build	UNKNOWN STEP	2026-10-07T15:22:30.7049992Z === RUN   TestR230SeasonCompletionRequiresBoundaryOrCleanTerminalPage
windows-build	UNKNOWN STEP	2026-10-07T15:22:30.7050626Z === RUN   TestR230SeasonCompletionRequiresBoundaryOrCleanTerminalPage/season-boundary
windows-build	UNKNOWN STEP	2026-10-07T15:22:30.7256255Z --- PASS: TestR230SeasonCompletionRequiresBoundaryOrCleanTerminalPage/season-boundary (0.02s)
windows-build	UNKNOWN STEP	2026-10-07T15:22:30.7257045Z === RUN   TestR230SeasonCompletionRequiresBoundaryOrCleanTerminalPage/clean-terminal
windows-build	UNKNOWN STEP	2026-10-07T15:22:30.7463672Z --- PASS: TestR230SeasonCompletionRequiresBoundaryOrCleanTerminalPage/clean-terminal (0.02s)
windows-build	UNKNOWN STEP	2026-10-07T15:22:30.7464300Z === RUN   TestR230SeasonCompletionRequiresBoundaryOrCleanTerminalPage/more-upstream
windows-build	UNKNOWN STEP	2026-10-07T15:22:30.7671675Z --- PASS: TestR230SeasonCompletionRequiresBoundaryOrCleanTerminalPage/more-upstream (0.02s)
windows-build	UNKNOWN STEP	2026-10-07T15:22:30.7672325Z --- PASS: TestR230SeasonCompletionRequiresBoundaryOrCleanTerminalPage (0.06s)
windows-build	UNKNOWN STEP	2026-10-07T15:22:30.7673143Z === RUN   TestR230Schema12FalseCompleteTriggersBackfill
windows-build	UNKNOWN STEP	2026-10-07T15:22:30.8535521Z --- PASS: TestR230Schema12FalseCompleteTriggersBackfill (0.09s)
windows-build	UNKNOWN STEP	2026-10-07T15:22:30.8536253Z === RUN   TestR230NamesWithoutCollectionOnBothEndpoints
windows-build	UNKNOWN STEP	2026-10-07T15:22:30.9503978Z --- PASS: TestR230NamesWithoutCollectionOnBothEndpoints (0.10s)
windows-build	UNKNOWN STEP	2026-10-07T15:22:30.9505467Z === RUN   TestR230ArenaSquadRestoresSameGameAndExpires
windows-build	UNKNOWN STEP	2026-10-07T15:22:30.9505856Z === RUN   TestR230ArenaSquadRestoresSameGameAndExpires/same
windows-build	UNKNOWN STEP	2026-10-07T15:22:30.9632779Z --- PASS: TestR230ArenaSquadRestoresSameGameAndExpires/same (0.01s)
windows-build	UNKNOWN STEP	2026-10-07T15:22:30.9633437Z === RUN   TestR230ArenaSquadRestoresSameGameAndExpires/different
windows-build	UNKNOWN STEP	2026-10-07T15:22:30.9718045Z --- PASS: TestR230ArenaSquadRestoresSameGameAndExpires/different (0.01s)
windows-build	UNKNOWN STEP	2026-10-07T15:22:30.9718679Z === RUN   TestR230ArenaSquadRestoresSameGameAndExpires/expired
windows-build	UNKNOWN STEP	2026-10-07T15:22:30.9894635Z --- PASS: TestR230ArenaSquadRestoresSameGameAndExpires/expired (0.02s)
windows-build	UNKNOWN STEP	2026-10-07T15:22:30.9895396Z --- PASS: TestR230ArenaSquadRestoresSameGameAndExpires (0.04s)
windows-build	UNKNOWN STEP	2026-10-07T15:22:30.9896174Z === RUN   TestR230OverviewNavigationReusesHistoryAndManualRefreshBypasses
windows-build	UNKNOWN STEP	2026-10-07T15:22:31.0114948Z --- PASS: TestR230OverviewNavigationReusesHistoryAndManualRefreshBypasses (0.02s)
windows-build	UNKNOWN STEP	2026-10-07T15:22:31.0115637Z === RUN   TestR230ArenaSquadDoesNotRestoreAcrossAccounts
windows-build	UNKNOWN STEP	2026-10-07T15:22:31.0206003Z --- PASS: TestR230ArenaSquadDoesNotRestoreAcrossAccounts (0.01s)
windows-build	UNKNOWN STEP	2026-10-07T15:22:31.0206735Z === RUN   TestR230RepeatedOverviewHasCacheHitsAndHalfBytes
windows-build	UNKNOWN STEP	2026-10-07T15:22:31.0212267Z     r230_test.go:256: first=&{mu:{_:{} mu:{state:0 sema:0}} requests:4 bytes:718 historyCalls:3 historyCacheHits:0 participantShapeSampled:true decodeFailed:0} second=&{mu:{_:{} mu:{state:0 sema:0}} requests:1 bytes:13 historyCalls:1 historyCacheHits:1 participantShapeSampled:false decodeFailed:0}
windows-build	UNKNOWN STEP	2026-10-07T15:22:31.0421745Z --- PASS: TestR230RepeatedOverviewHasCacheHitsAndHalfBytes (0.02s)
windows-build	UNKNOWN STEP	2026-10-07T15:22:31.0422241Z === RUN   TestR230ClientDiagnosticsUseOnlySafeFields
windows-build	UNKNOWN STEP	2026-10-07T15:22:31.0447551Z --- PASS: TestR230ClientDiagnosticsUseOnlySafeFields (0.00s)
windows-build	UNKNOWN STEP	2026-10-07T15:22:31.0448107Z === RUN   TestR230IncompleteHeadWithoutResumeAdvancesAcrossKnownGames
windows-build	UNKNOWN STEP	2026-10-07T15:22:31.0660953Z --- PASS: TestR230IncompleteHeadWithoutResumeAdvancesAcrossKnownGames (0.02s)
windows-build	UNKNOWN STEP	2026-10-07T15:22:31.0661692Z === RUN   TestR231TaggedSeasonBeyondMixedWindowAndCap
windows-build	UNKNOWN STEP	2026-10-07T15:22:31.0662252Z === RUN   TestR231TaggedSeasonBeyondMixedWindowAndCap/season_start
windows-build	UNKNOWN STEP	2026-10-07T15:22:31.0744546Z --- PASS: TestR231TaggedSeasonBeyondMixedWindowAndCap/season_start (0.01s)
windows-build	UNKNOWN STEP	2026-10-07T15:22:31.0745154Z === RUN   TestR231TaggedSeasonBeyondMixedWindowAndCap/upstream_window
windows-build	UNKNOWN STEP	2026-10-07T15:22:31.0936044Z --- PASS: TestR231TaggedSeasonBeyondMixedWindowAndCap/upstream_window (0.02s)
windows-build	UNKNOWN STEP	2026-10-07T15:22:31.0936900Z --- PASS: TestR231TaggedSeasonBeyondMixedWindowAndCap (0.03s)
windows-build	UNKNOWN STEP	2026-10-07T15:22:31.0941567Z === RUN   TestR231HeadAlwaysZeroAndAddsNewGames
windows-build	UNKNOWN STEP	2026-10-07T15:22:31.0991261Z --- PASS: TestR231HeadAlwaysZeroAndAddsNewGames (0.01s)
windows-build	UNKNOWN STEP	2026-10-07T15:22:31.0991692Z === RUN   TestR231ConcurrentWritesMergeGamesAndAggregates
windows-build	UNKNOWN STEP	2026-10-07T15:22:31.1176232Z --- PASS: TestR231ConcurrentWritesMergeGamesAndAggregates (0.02s)
windows-build	UNKNOWN STEP	2026-10-07T15:22:31.1176653Z === RUN   TestR231BackgroundSuppressesHead
windows-build	UNKNOWN STEP	2026-10-07T15:22:31.1192635Z --- PASS: TestR231BackgroundSuppressesHead (0.00s)
windows-build	UNKNOWN STEP	2026-10-07T15:22:31.1193329Z === RUN   TestR231SeasonSummaryIsNetworkFree
windows-build	UNKNOWN STEP	2026-10-07T15:22:31.1333077Z --- PASS: TestR231SeasonSummaryIsNetworkFree (0.01s)
windows-build	UNKNOWN STEP	2026-10-07T15:22:31.1333480Z === RUN   TestR231RelayForceBackoffAndSlowBody
windows-build	UNKNOWN STEP	2026-10-07T15:22:31.1345551Z --- PASS: TestR231RelayForceBackoffAndSlowBody (0.00s)
windows-build	UNKNOWN STEP	2026-10-07T15:22:31.1346712Z === RUN   TestR231ClientShutdownSignalAndRestore
windows-build	UNKNOWN STEP	2026-10-07T15:22:31.1364792Z --- PASS: TestR231ClientShutdownSignalAndRestore (0.00s)
windows-build	UNKNOWN STEP	2026-10-07T15:22:31.1365414Z === RUN   TestR231RatingTemporaryAndNotRecordedTTL
windows-build	UNKNOWN STEP	2026-10-07T15:22:31.1367674Z === RUN   TestR231RatingTemporaryAndNotRecordedTTL/false
windows-build	UNKNOWN STEP	2026-10-07T15:22:31.1368379Z --- PASS: TestR231RatingTemporaryAndNotRecordedTTL/false (0.00s)
windows-build	UNKNOWN STEP	2026-10-07T15:22:31.1368969Z === RUN   TestR231RatingTemporaryAndNotRecordedTTL/true
windows-build	UNKNOWN STEP	2026-10-07T15:22:31.1369564Z --- PASS: TestR231RatingTemporaryAndNotRecordedTTL/true (0.00s)
windows-build	UNKNOWN STEP	2026-10-07T15:22:31.1370168Z --- PASS: TestR231RatingTemporaryAndNotRecordedTTL (0.00s)
windows-build	UNKNOWN STEP	2026-10-07T15:22:31.1370519Z === RUN   TestR231CurrentForeignHistoryDoesNotWaitForRiot
windows-build	UNKNOWN STEP	2026-10-07T15:22:31.1379729Z --- PASS: TestR231CurrentForeignHistoryDoesNotWaitForRiot (0.00s)
windows-build	UNKNOWN STEP	2026-10-07T15:22:31.1380123Z === RUN   TestR231QueueLabelsReturnBeforeSlowLCU
windows-build	UNKNOWN STEP	2026-10-07T15:22:32.6385551Z --- PASS: TestR231QueueLabelsReturnBeforeSlowLCU (1.50s)
windows-build	UNKNOWN STEP	2026-10-07T15:22:32.6386118Z === RUN   TestR231OPGGZeroIsExplicitAndRegionCopy
windows-build	UNKNOWN STEP	2026-10-07T15:22:32.6386618Z --- PASS: TestR231OPGGZeroIsExplicitAndRegionCopy (0.00s)
windows-build	UNKNOWN STEP	2026-10-07T15:22:32.6387098Z === RUN   TestR231ShutdownChatSignalsMustBeRecent
windows-build	UNKNOWN STEP	2026-10-07T15:22:32.6408651Z --- PASS: TestR231ShutdownChatSignalsMustBeRecent (0.00s)
windows-build	UNKNOWN STEP	2026-10-07T15:22:32.6409252Z === RUN   TestR231ForceJoinsProbeDuringBackoff
windows-build	UNKNOWN STEP	2026-10-07T15:22:32.6624772Z --- PASS: TestR231ForceJoinsProbeDuringBackoff (0.02s)
windows-build	UNKNOWN STEP	2026-10-07T15:22:32.6625331Z === RUN   TestR231ShutdownTraceRedactsDynamicPaths
windows-build	UNKNOWN STEP	2026-10-07T15:22:32.6625792Z --- PASS: TestR231ShutdownTraceRedactsDynamicPaths (0.00s)
windows-build	UNKNOWN STEP	2026-10-07T15:22:32.6626185Z === RUN   TestR231RankedAndMayhemStreamsStayIndependent
windows-build	UNKNOWN STEP	2026-10-07T15:22:32.6704153Z --- PASS: TestR231RankedAndMayhemStreamsStayIndependent (0.01s)
windows-build	UNKNOWN STEP	2026-10-07T15:22:32.6704811Z === RUN   TestR231ProbeCountsReadErrorResponseBytes
windows-build	UNKNOWN STEP	2026-10-07T15:22:32.6717081Z --- PASS: TestR231ProbeCountsReadErrorResponseBytes (0.00s)
windows-build	UNKNOWN STEP	2026-10-07T15:22:32.6717673Z === RUN   TestR235MigrationKeepsHistoricalGames
windows-build	UNKNOWN STEP	2026-10-07T15:22:32.8002628Z --- PASS: TestR235MigrationKeepsHistoricalGames (0.13s)
windows-build	UNKNOWN STEP	2026-10-07T15:22:32.8003058Z === RUN   TestR235UpstreamWindowAndSupplementDedup
windows-build	UNKNOWN STEP	2026-10-07T15:22:32.8099807Z --- PASS: TestR235UpstreamWindowAndSupplementDedup (0.01s)
windows-build	UNKNOWN STEP	2026-10-07T15:22:32.8100521Z === RUN   TestR235HeadStreamsConcurrentAndFirstPagePush
windows-build	UNKNOWN STEP	2026-10-07T15:22:33.3189644Z --- PASS: TestR235HeadStreamsConcurrentAndFirstPagePush (0.51s)
windows-build	UNKNOWN STEP	2026-10-07T15:22:33.3190091Z === RUN   TestR235RelayProbeIndependentBudgets
windows-build	UNKNOWN STEP	2026-10-07T15:22:42.3193144Z --- PASS: TestR235RelayProbeIndependentBudgets (9.00s)
windows-build	UNKNOWN STEP	2026-10-07T15:22:42.3193638Z === RUN   TestR235RelayThreeErrorsAndRecentSuccess
windows-build	UNKNOWN STEP	2026-10-07T15:22:42.3194006Z --- PASS: TestR235RelayThreeErrorsAndRecentSuccess (0.00s)
windows-build	UNKNOWN STEP	2026-10-07T15:22:42.3194395Z === RUN   TestR235RatingHeaderAndBodyBudgetsAndFailureRetry
windows-build	UNKNOWN STEP	2026-10-07T15:23:05.3208681Z --- PASS: TestR235RatingHeaderAndBodyBudgetsAndFailureRetry (23.00s)
windows-build	UNKNOWN STEP	2026-10-07T15:23:05.3209421Z === RUN   TestR235ArenaResultBoundariesAndOptionalFields
windows-build	UNKNOWN STEP	2026-10-07T15:23:05.3210554Z --- PASS: TestR235ArenaResultBoundariesAndOptionalFields (0.00s)
windows-build	UNKNOWN STEP	2026-10-07T15:23:05.3211337Z === RUN   TestR235CurrentHistorySnapshotImmediateAndSSE
windows-build	UNKNOWN STEP	2026-10-07T15:23:12.0834368Z --- PASS: TestR235CurrentHistorySnapshotImmediateAndSSE (6.76s)
windows-build	UNKNOWN STEP	2026-10-07T15:23:12.0835128Z === RUN   TestR235HistoryPublicReferencesDoNotMutateFlight
windows-build	UNKNOWN STEP	2026-10-07T15:23:12.0835781Z --- PASS: TestR235HistoryPublicReferencesDoNotMutateFlight (0.00s)
windows-build	UNKNOWN STEP	2026-10-07T15:23:12.0836219Z === RUN   TestR235RelayTTFBWindowAndPathCategories
windows-build	UNKNOWN STEP	2026-10-07T15:23:12.0837771Z     r235_test.go:285: synthetic 10-minute summary: map[string]interface {}{"categories":map[string]int{"match":4}, "event":"riot_relay_request_summary", "failures":map[string]interface {}{"auth":map[string]int{"match":1}, "network":map[string]int{"match":1}}, "http_statuses":map[string]int{"200":4}, "not_found":0, "rate_limited":0, "requests":4, "ttfb_median_ms":250, "ttfb_p90_ms":400, "ttfb_samples":4, "window_ms":600000}
windows-build	UNKNOWN STEP	2026-10-07T15:23:12.0839061Z --- PASS: TestR235RelayTTFBWindowAndPathCategories (0.00s)
windows-build	UNKNOWN STEP	2026-10-07T15:23:12.0839652Z === RUN   TestR235HeadPersistsEachPageWithoutLosingAccumulator
windows-build	UNKNOWN STEP	2026-10-07T15:23:12.0891186Z --- PASS: TestR235HeadPersistsEachPageWithoutLosingAccumulator (0.01s)
windows-build	UNKNOWN STEP	2026-10-07T15:23:12.0892243Z === RUN   TestR235FastHistoryReturnsIndependentParticipantsForSharedFlight
windows-build	UNKNOWN STEP	2026-10-07T15:23:12.0904807Z --- PASS: TestR235FastHistoryReturnsIndependentParticipantsForSharedFlight (0.00s)
windows-build	UNKNOWN STEP	2026-10-07T15:23:12.0905947Z === RUN   TestR235SelfOverviewBypassesRelayAndColdHistory
windows-build	UNKNOWN STEP	2026-10-07T15:23:12.0906567Z === RUN   TestR235SelfOverviewBypassesRelayAndColdHistory/true
windows-build	UNKNOWN STEP	2026-10-07T15:23:18.9948726Z     r235_test.go:385: cached=true overview=1.0947ms; history=6s; relay=0
windows-build	UNKNOWN STEP	2026-10-07T15:23:18.9971355Z --- PASS: TestR235SelfOverviewBypassesRelayAndColdHistory/true (6.91s)
windows-build	UNKNOWN STEP	2026-10-07T15:23:18.9972159Z === RUN   TestR235SelfOverviewBypassesRelayAndColdHistory/false
windows-build	UNKNOWN STEP	2026-10-07T15:23:25.0249492Z     r235_test.go:385: cached=false overview=3.0007224s; history=6s; relay=0
windows-build	UNKNOWN STEP	2026-10-07T15:23:25.0272616Z --- PASS: TestR235SelfOverviewBypassesRelayAndColdHistory/false (6.03s)
windows-build	UNKNOWN STEP	2026-10-07T15:23:25.0273291Z --- PASS: TestR235SelfOverviewBypassesRelayAndColdHistory (12.94s)
windows-build	UNKNOWN STEP	2026-10-07T15:23:25.0273701Z === RUN   TestR238BadSGPEntryKeepsOtherGamesAndShapeOnly
windows-build	UNKNOWN STEP	2026-10-07T15:23:25.0297919Z --- PASS: TestR238BadSGPEntryKeepsOtherGamesAndShapeOnly (0.00s)
windows-build	UNKNOWN STEP	2026-10-07T15:23:25.0298572Z === RUN   TestR238TruncatedSGPPageRetriesOnce
windows-build	UNKNOWN STEP	2026-10-07T15:23:25.5358183Z --- PASS: TestR238TruncatedSGPPageRetriesOnce (0.51s)
windows-build	UNKNOWN STEP	2026-10-07T15:23:25.5358938Z === RUN   TestR238BadHeadPageRetainsValidStatsWithoutFalseCompletion
windows-build	UNKNOWN STEP	2026-10-07T15:23:25.5390379Z --- PASS: TestR238BadHeadPageRetainsValidStatsWithoutFalseCompletion (0.00s)
windows-build	UNKNOWN STEP	2026-10-07T15:23:25.5391033Z === RUN   TestR238HeadRefreshReportsDecodeFailures
windows-build	UNKNOWN STEP	2026-10-07T15:23:25.5628185Z --- PASS: TestR238HeadRefreshReportsDecodeFailures (0.02s)
windows-build	UNKNOWN STEP	2026-10-07T15:23:25.5628923Z === RUN   TestR238ProIdentityTenPlayersTenOverviewOpensAreBounded
windows-build	UNKNOWN STEP	2026-10-07T15:23:25.5659883Z --- PASS: TestR238ProIdentityTenPlayersTenOverviewOpensAreBounded (0.00s)
windows-build	UNKNOWN STEP	2026-10-07T15:23:25.5660633Z === RUN   TestR238DefaultOnline076To077
windows-build	UNKNOWN STEP	2026-10-07T15:23:25.6664544Z --- PASS: TestR238DefaultOnline076To077 (0.10s)
windows-build	UNKNOWN STEP	2026-10-07T15:23:25.6665267Z === RUN   TestR241HeadFreshnessSmallRequestNewGamesAndRecentGate
windows-build	UNKNOWN STEP	2026-10-07T15:23:26.0166244Z     r241_test.go:96: head fixture bytes cold=3784 no_new=1261 new_one=3796 recent=0
windows-build	UNKNOWN STEP	2026-10-07T15:23:26.0770962Z --- PASS: TestR241HeadFreshnessSmallRequestNewGamesAndRecentGate (0.41s)
windows-build	UNKNOWN STEP	2026-10-07T15:23:26.0771991Z === RUN   TestR241CollectionRetriesSamplesPersistentNegativeTTLAndCatalogInvalidation
windows-build	UNKNOWN STEP	2026-10-07T15:23:26.1098019Z     r241_test.go:162: diagnostic fixture: map[attempts:3 blank_entries:1 blank_kinds:map[类型未知:1] blank_samples:[map[id:0 kind:类型未知]] build_fingerprint:dev event:collection_data_retry_exhausted last_error_kind:empty_identity log_seq:4 run_id:acacce797325edf0c53922fa time:2026-10-07T15:23:26.1086708Z]
windows-build	UNKNOWN STEP	2026-10-07T15:23:26.1109141Z --- PASS: TestR241CollectionRetriesSamplesPersistentNegativeTTLAndCatalogInvalidation (0.03s)
windows-build	UNKNOWN STEP	2026-10-07T15:23:26.1109870Z === RUN   TestR241CanceledHeadDoesNotAdvanceFreshnessMarker
windows-build	UNKNOWN STEP	2026-10-07T15:23:26.2274118Z --- PASS: TestR241CanceledHeadDoesNotAdvanceFreshnessMarker (0.12s)
windows-build	UNKNOWN STEP	2026-10-07T15:23:26.2274658Z === RUN   TestR244OldLiveHistoryAndHeaderShareRows
windows-build	UNKNOWN STEP	2026-10-07T15:23:26.2275113Z === RUN   TestR244OldLiveHistoryAndHeaderShareRows/10
windows-build	UNKNOWN STEP	2026-10-07T15:23:26.2275529Z --- PASS: TestR244OldLiveHistoryAndHeaderShareRows/10 (0.00s)
windows-build	UNKNOWN STEP	2026-10-07T15:23:26.2275884Z === RUN   TestR244OldLiveHistoryAndHeaderShareRows/3
windows-build	UNKNOWN STEP	2026-10-07T15:23:26.2276235Z --- PASS: TestR244OldLiveHistoryAndHeaderShareRows/3 (0.00s)
windows-build	UNKNOWN STEP	2026-10-07T15:23:26.2276566Z === RUN   TestR244OldLiveHistoryAndHeaderShareRows/0
windows-build	UNKNOWN STEP	2026-10-07T15:23:26.2276908Z --- PASS: TestR244OldLiveHistoryAndHeaderShareRows/0 (0.00s)
windows-build	UNKNOWN STEP	2026-10-07T15:23:26.2277257Z --- PASS: TestR244OldLiveHistoryAndHeaderShareRows (0.00s)
windows-build	UNKNOWN STEP	2026-10-07T15:23:26.2277611Z === RUN   TestR244UnfilteredHistoryStopsAfterTwoPages
windows-build	UNKNOWN STEP	2026-10-07T15:23:26.2511225Z --- PASS: TestR244UnfilteredHistoryStopsAfterTwoPages (0.02s)
windows-build	UNKNOWN STEP	2026-10-07T15:23:26.2512676Z === RUN   TestR244SGPAuthoritativeShortEmptyAndSelfCatchUp
windows-build	UNKNOWN STEP	2026-10-07T15:23:26.5022221Z --- PASS: TestR244SGPAuthoritativeShortEmptyAndSelfCatchUp (0.25s)
windows-build	UNKNOWN STEP	2026-10-07T15:23:26.5022853Z === RUN   TestR244SGPFailureFallsBackLCU
windows-build	UNKNOWN STEP	2026-10-07T15:23:26.5261333Z --- PASS: TestR244SGPFailureFallsBackLCU (0.02s)
windows-build	UNKNOWN STEP	2026-10-07T15:23:26.5262366Z === RUN   TestR244LightDiscoveryAndOneSweepPerLaunch
windows-build	UNKNOWN STEP	2026-10-07T15:23:26.5407305Z --- PASS: TestR244LightDiscoveryAndOneSweepPerLaunch (0.01s)
windows-build	UNKNOWN STEP	2026-10-07T15:23:26.5408646Z === RUN   TestR244ProbeReasonsAndTimeout
windows-build	UNKNOWN STEP	2026-10-07T15:23:26.5408992Z --- PASS: TestR244ProbeReasonsAndTimeout (0.00s)
windows-build	UNKNOWN STEP	2026-10-07T15:23:26.5409343Z === RUN   TestR244ColdConnectionSequenceAndSummonerEvent
windows-build	UNKNOWN STEP	2026-10-07T15:23:26.5462848Z --- PASS: TestR244ColdConnectionSequenceAndSummonerEvent (0.01s)
windows-build	UNKNOWN STEP	2026-10-07T15:23:26.5463431Z === RUN   TestR244OverviewParallelAndEarlyMatches
windows-build	UNKNOWN STEP	2026-10-07T15:23:27.0684027Z --- PASS: TestR244OverviewParallelAndEarlyMatches (0.52s)
windows-build	UNKNOWN STEP	2026-10-07T15:23:27.0684515Z === RUN   TestR244OverviewProgressDoesNotMutateAggregation
windows-build	UNKNOWN STEP	2026-10-07T15:23:27.0896994Z --- PASS: TestR244OverviewProgressDoesNotMutateAggregation (0.02s)
windows-build	UNKNOWN STEP	2026-10-07T15:23:27.0897658Z === RUN   TestR244OverviewFlightReplaysEarlyCard
windows-build	UNKNOWN STEP	2026-10-07T15:23:27.0898195Z --- PASS: TestR244OverviewFlightReplaysEarlyCard (0.00s)
windows-build	UNKNOWN STEP	2026-10-07T15:23:27.0898826Z === RUN   TestR244SelfCatchUpPublishesOtherPlayersBeforeLCU
windows-build	UNKNOWN STEP	2026-10-07T15:23:27.1153509Z --- PASS: TestR244SelfCatchUpPublishesOtherPlayersBeforeLCU (0.03s)
windows-build	UNKNOWN STEP	2026-10-07T15:23:27.1154230Z === RUN   TestSnapshotRetryDelayBacksOffAndCaps
windows-build	UNKNOWN STEP	2026-10-07T15:23:27.1154764Z --- PASS: TestSnapshotRetryDelayBacksOffAndCaps (0.00s)
windows-build	UNKNOWN STEP	2026-10-07T15:23:27.1155425Z === RUN   TestStalePresenceChoosesSmallestSupportedAuthoritativeSet
windows-build	UNKNOWN STEP	2026-10-07T15:23:27.1156201Z --- PASS: TestStalePresenceChoosesSmallestSupportedAuthoritativeSet (0.00s)
windows-build	UNKNOWN STEP	2026-10-07T15:23:27.1157010Z === RUN   TestPresenceExtraIDCannotSupportEitherAuthoritativeSet
windows-build	UNKNOWN STEP	2026-10-07T15:23:27.1157758Z --- PASS: TestPresenceExtraIDCannotSupportEitherAuthoritativeSet (0.00s)
windows-build	UNKNOWN STEP	2026-10-07T15:23:27.1158398Z === RUN   TestInventoryV1EndpointDisablesAfterRepeatedFailures
windows-build	UNKNOWN STEP	2026-10-07T15:23:27.1159003Z --- PASS: TestInventoryV1EndpointDisablesAfterRepeatedFailures (0.00s)
windows-build	UNKNOWN STEP	2026-10-07T15:23:27.1159688Z === RUN   TestInventoryV1EndpointIsRemovedFromLiveArbitrationAfterFailures
windows-build	UNKNOWN STEP	2026-10-07T15:23:27.1160496Z --- PASS: TestInventoryV1EndpointIsRemovedFromLiveArbitrationAfterFailures (0.00s)
windows-build	UNKNOWN STEP	2026-10-07T15:23:27.1161179Z === RUN   TestSkinsFromSnapshotMarksHistoricalOwnership
windows-build	UNKNOWN STEP	2026-10-07T15:23:27.1161796Z --- PASS: TestSkinsFromSnapshotMarksHistoricalOwnership (0.00s)
windows-build	UNKNOWN STEP	2026-10-07T15:23:27.1162511Z === RUN   TestHistoricalFallbackSkinsAreServedAsStaleWithoutSnapshotReady
windows-build	UNKNOWN STEP	2026-10-07T15:23:27.1163371Z --- PASS: TestHistoricalFallbackSkinsAreServedAsStaleWithoutSnapshotReady (0.00s)
windows-build	UNKNOWN STEP	2026-10-07T15:23:27.1164132Z === RUN   TestStatusExposesRetryBudgetAndHistoricalFallback
windows-build	UNKNOWN STEP	2026-10-07T15:23:27.1164800Z --- PASS: TestStatusExposesRetryBudgetAndHistoricalFallback (0.00s)
windows-build	UNKNOWN STEP	2026-10-07T15:23:27.1165465Z === RUN   TestWatchSettingsMigrateLegacyAndDefaultNewRulesOff
windows-build	UNKNOWN STEP	2026-10-07T15:23:27.1178701Z --- PASS: TestWatchSettingsMigrateLegacyAndDefaultNewRulesOff (0.00s)
windows-build	UNKNOWN STEP	2026-10-07T15:23:27.1179431Z === RUN   TestWatchSettingsFreshDefaultsAllAutomationOff
windows-build	UNKNOWN STEP	2026-10-07T15:23:27.1187823Z --- PASS: TestWatchSettingsFreshDefaultsAllAutomationOff (0.00s)
windows-build	UNKNOWN STEP	2026-10-07T15:23:27.1188477Z === RUN   TestWatchSettingsNormalizeEnumsAndSelectionBounds
windows-build	UNKNOWN STEP	2026-10-07T15:23:27.1189215Z --- PASS: TestWatchSettingsNormalizeEnumsAndSelectionBounds (0.00s)
windows-build	UNKNOWN STEP	2026-10-07T15:23:27.1189941Z === RUN   TestWatchApplyCancelsPendingActionsWhenDisabled
windows-build	UNKNOWN STEP	2026-10-07T15:23:27.1190516Z --- PASS: TestWatchApplyCancelsPendingActionsWhenDisabled (0.00s)
windows-build	UNKNOWN STEP	2026-10-07T15:23:27.1191098Z === RUN   TestWatchReadFailuresBroadcastAndDoNotWrite
windows-build	UNKNOWN STEP	2026-10-07T15:23:27.1201537Z --- PASS: TestWatchReadFailuresBroadcastAndDoNotWrite (0.00s)
windows-build	UNKNOWN STEP	2026-10-07T15:23:27.1203017Z === RUN   TestWatchEventsRouteSkipCelebrationAndInvitationPolicies
windows-build	UNKNOWN STEP	2026-10-07T15:23:27.1213582Z --- PASS: TestWatchEventsRouteSkipCelebrationAndInvitationPolicies (0.00s)
windows-build	UNKNOWN STEP	2026-10-07T15:23:27.1214237Z === RUN   TestWatchHonorEventNeverSelectsEnemy
windows-build	UNKNOWN STEP	2026-10-07T15:23:27.1222966Z --- PASS: TestWatchHonorEventNeverSelectsEnemy (0.00s)
windows-build	UNKNOWN STEP	2026-10-07T15:23:27.1223930Z === RUN   TestSettingsLockUsesTencentConfigAndRejectsSymlink
windows-build	UNKNOWN STEP	2026-10-07T15:23:27.1322487Z --- PASS: TestSettingsLockUsesTencentConfigAndRejectsSymlink (0.01s)
windows-build	UNKNOWN STEP	2026-10-07T15:23:27.1323270Z === RUN   TestSettingsLockRejectsAncestorSymlinkEscape
windows-build	UNKNOWN STEP	2026-10-07T15:23:27.1357319Z --- PASS: TestSettingsLockRejectsAncestorSymlinkEscape (0.00s)
windows-build	UNKNOWN STEP	2026-10-07T15:23:27.1357829Z === RUN   TestClientMaintenanceUsesLeadingSlashAndRejectsUnknownAction
windows-build	UNKNOWN STEP	2026-10-07T15:23:27.1365626Z --- PASS: TestClientMaintenanceUsesLeadingSlashAndRejectsUnknownAction (0.00s)
windows-build	UNKNOWN STEP	2026-10-07T15:23:27.1366100Z === RUN   TestFacadeRankAndLoginResetValidation
windows-build	UNKNOWN STEP	2026-10-07T15:23:27.1623691Z --- PASS: TestFacadeRankAndLoginResetValidation (0.03s)
windows-build	UNKNOWN STEP	2026-10-07T15:23:27.1624346Z === RUN   TestFacadeBackgroundWritesOnlySkinID
windows-build	UNKNOWN STEP	2026-10-07T15:23:27.1632901Z --- PASS: TestFacadeBackgroundWritesOnlySkinID (0.00s)
windows-build	UNKNOWN STEP	2026-10-07T15:23:27.1633693Z === RUN   TestClaimExecuteContinuesAfterLCUFailureAndParsesBody
windows-build	UNKNOWN STEP	2026-10-07T15:23:27.1646718Z --- PASS: TestClaimExecuteContinuesAfterLCUFailureAndParsesBody (0.00s)
windows-build	UNKNOWN STEP	2026-10-07T15:23:27.1647228Z === RUN   TestEventClaimDetailConcurrencyIsLimitedToFour
windows-build	UNKNOWN STEP	2026-10-07T15:23:27.2473234Z --- PASS: TestEventClaimDetailConcurrencyIsLimitedToFour (0.08s)
windows-build	UNKNOWN STEP	2026-10-07T15:23:27.2473895Z === RUN   TestEventClaimDetailsAllFailedAreNotReportedAvailable
windows-build	UNKNOWN STEP	2026-10-07T15:23:27.2482470Z --- PASS: TestEventClaimDetailsAllFailedAreNotReportedAvailable (0.00s)
windows-build	UNKNOWN STEP	2026-10-07T15:23:27.2483306Z === RUN   TestClaimCenterHasNoPersistenceOrDiagnosticWritePath
windows-build	UNKNOWN STEP	2026-10-07T15:23:27.2485623Z --- PASS: TestClaimCenterHasNoPersistenceOrDiagnosticWritePath (0.00s)
windows-build	UNKNOWN STEP	2026-10-07T15:23:27.2487050Z === RUN   TestR54RetainedSnapshotExposesIdentityButNotAccount
windows-build	UNKNOWN STEP	2026-10-07T15:23:27.2488227Z --- PASS: TestR54RetainedSnapshotExposesIdentityButNotAccount (0.00s)
windows-build	UNKNOWN STEP	2026-10-07T15:23:27.2489073Z === RUN   TestR54CollectionProbeRetriesUntilReady
windows-build	UNKNOWN STEP	2026-10-07T15:23:27.2489450Z === PAUSE TestR54CollectionProbeRetriesUntilReady
windows-build	UNKNOWN STEP	2026-10-07T15:23:27.2489797Z === RUN   TestR54CollectionRefreshRunsProbeBeforeSnapshot
windows-build	UNKNOWN STEP	2026-10-07T15:23:27.2490229Z --- PASS: TestR54CollectionRefreshRunsProbeBeforeSnapshot (0.00s)
windows-build	UNKNOWN STEP	2026-10-07T15:23:27.2490592Z === RUN   TestR54AcquisitionLoadersRunInParallel
windows-build	UNKNOWN STEP	2026-10-07T15:23:27.5494793Z --- PASS: TestR54AcquisitionLoadersRunInParallel (0.30s)
windows-build	UNKNOWN STEP	2026-10-07T15:23:27.5495529Z === RUN   TestR54IdentitySucceedsWhenProfileRequestFails
windows-build	UNKNOWN STEP	2026-10-07T15:23:27.5508890Z --- PASS: TestR54IdentitySucceedsWhenProfileRequestFails (0.00s)
windows-build	UNKNOWN STEP	2026-10-07T15:23:27.5509612Z === RUN   TestR54IdentityRefreshUpdatesProfileWhenAvailable
windows-build	UNKNOWN STEP	2026-10-07T15:23:27.5520879Z --- PASS: TestR54IdentityRefreshUpdatesProfileWhenAvailable (0.00s)
windows-build	UNKNOWN STEP	2026-10-07T15:23:27.5521422Z === RUN   TestR54IdentityRefreshSkipsCollectionEndpoints
windows-build	UNKNOWN STEP	2026-10-07T15:23:27.5530635Z --- PASS: TestR54IdentityRefreshSkipsCollectionEndpoints (0.00s)
windows-build	UNKNOWN STEP	2026-10-07T15:23:27.5531288Z === RUN   TestR54InstallationScanUsesCacheUnlessForced
windows-build	UNKNOWN STEP	2026-10-07T15:23:27.5531902Z --- PASS: TestR54InstallationScanUsesCacheUnlessForced (0.00s)
windows-build	UNKNOWN STEP	2026-10-07T15:23:27.5532619Z === RUN   TestR54NoisyDiagnosticsIncludeDiscoveryAndInstallations
windows-build	UNKNOWN STEP	2026-10-07T15:23:27.5533382Z --- PASS: TestR54NoisyDiagnosticsIncludeDiscoveryAndInstallations (0.00s)
windows-build	UNKNOWN STEP	2026-10-07T15:23:27.5533969Z === RUN   TestR55ClaimSelectionShapes
windows-build	UNKNOWN STEP	2026-10-07T15:23:27.5534550Z === RUN   TestR55ClaimSelectionShapes/one_of_one_is_completed_automatically
windows-build	UNKNOWN STEP	2026-10-07T15:23:27.5538876Z --- PASS: TestR55ClaimSelectionShapes/one_of_one_is_completed_automatically (0.00s)
windows-build	UNKNOWN STEP	2026-10-07T15:23:27.5540365Z === RUN   TestR55ClaimSelectionShapes/one_of_three_remains_a_user_choice
windows-build	UNKNOWN STEP	2026-10-07T15:23:27.5541135Z --- PASS: TestR55ClaimSelectionShapes/one_of_three_remains_a_user_choice (0.00s)
windows-build	UNKNOWN STEP	2026-10-07T15:23:27.5543618Z === RUN   TestR55ClaimSelectionShapes/three_of_three_are_completed_automatically
windows-build	UNKNOWN STEP	2026-10-07T15:23:27.5548003Z --- PASS: TestR55ClaimSelectionShapes/three_of_three_are_completed_automatically (0.00s)
windows-build	UNKNOWN STEP	2026-10-07T15:23:27.5548770Z --- PASS: TestR55ClaimSelectionShapes (0.00s)
windows-build	UNKNOWN STEP	2026-10-07T15:23:27.5549802Z === RUN   TestR55ClaimScanOnlyFlagsAmbiguousChoices
windows-build	UNKNOWN STEP	2026-10-07T15:23:27.5557358Z --- PASS: TestR55ClaimScanOnlyFlagsAmbiguousChoices (0.00s)
windows-build	UNKNOWN STEP	2026-10-07T15:23:27.5557829Z === RUN   TestR55ReadyCheckSignalsTriggerOneAccept
windows-build	UNKNOWN STEP	2026-10-07T15:23:27.5558237Z === RUN   TestR55ReadyCheckSignalsTriggerOneAccept/ready-check_event
windows-build	UNKNOWN STEP	2026-10-07T15:23:27.6022946Z --- PASS: TestR55ReadyCheckSignalsTriggerOneAccept/ready-check_event (0.05s)
windows-build	UNKNOWN STEP	2026-10-07T15:23:27.6023469Z === RUN   TestR55ReadyCheckSignalsTriggerOneAccept/phase_event
windows-build	UNKNOWN STEP	2026-10-07T15:23:27.6488681Z --- PASS: TestR55ReadyCheckSignalsTriggerOneAccept/phase_event (0.05s)
windows-build	UNKNOWN STEP	2026-10-07T15:23:27.6489525Z === RUN   TestR55ReadyCheckSignalsTriggerOneAccept/both_signals_are_deduplicated
windows-build	UNKNOWN STEP	2026-10-07T15:23:27.7155591Z --- PASS: TestR55ReadyCheckSignalsTriggerOneAccept/both_signals_are_deduplicated (0.07s)
windows-build	UNKNOWN STEP	2026-10-07T15:23:27.7156386Z --- PASS: TestR55ReadyCheckSignalsTriggerOneAccept (0.16s)
windows-build	UNKNOWN STEP	2026-10-07T15:23:27.7156828Z === RUN   TestR66CustomReadyCheckNeverAutoAccepts
windows-build	UNKNOWN STEP	2026-10-07T15:23:27.7157208Z === RUN   TestR66CustomReadyCheckNeverAutoAccepts/phase
windows-build	UNKNOWN STEP	2026-10-07T15:23:27.7422920Z --- PASS: TestR66CustomReadyCheckNeverAutoAccepts/phase (0.03s)
windows-build	UNKNOWN STEP	2026-10-07T15:23:27.7434523Z === RUN   TestR66CustomReadyCheckNeverAutoAccepts/event
windows-build	UNKNOWN STEP	2026-10-07T15:23:27.7700136Z --- PASS: TestR66CustomReadyCheckNeverAutoAccepts/event (0.03s)
windows-build	UNKNOWN STEP	2026-10-07T15:23:27.7700808Z --- PASS: TestR66CustomReadyCheckNeverAutoAccepts (0.05s)
windows-build	UNKNOWN STEP	2026-10-07T15:23:27.7701313Z === RUN   TestR66AcceptTransitionRaceDoesNotToast
windows-build	UNKNOWN STEP	2026-10-07T15:23:27.7972630Z --- PASS: TestR66AcceptTransitionRaceDoesNotToast (0.03s)
windows-build	UNKNOWN STEP	2026-10-07T15:23:27.7973039Z === RUN   TestR55PrimeWatchStateReadsPhaseAndLobby
windows-build	UNKNOWN STEP	2026-10-07T15:23:27.7989243Z --- PASS: TestR55PrimeWatchStateReadsPhaseAndLobby (0.00s)
windows-build	UNKNOWN STEP	2026-10-07T15:23:27.7989698Z === RUN   TestR55WatchFailureIncludesReasonAndRedactedDiagnostic
windows-build	UNKNOWN STEP	2026-10-07T15:23:27.8001026Z --- PASS: TestR55WatchFailureIncludesReasonAndRedactedDiagnostic (0.00s)
windows-build	UNKNOWN STEP	2026-10-07T15:23:27.8001592Z === RUN   TestR55EventRetryBackoffBounds
windows-build	UNKNOWN STEP	2026-10-07T15:23:27.8001907Z --- PASS: TestR55EventRetryBackoffBounds (0.00s)
windows-build	UNKNOWN STEP	2026-10-07T15:23:27.8002313Z === RUN   TestR56ReadyCheckAcceptIsOncePerWindowAndResetsForNextRound
windows-build	UNKNOWN STEP	2026-10-07T15:23:27.8068415Z --- PASS: TestR56ReadyCheckAcceptIsOncePerWindowAndResetsForNextRound (0.01s)
windows-build	UNKNOWN STEP	2026-10-07T15:23:27.8069235Z === RUN   TestR56EventStreamDropReasonUsesFiniteCategories
windows-build	UNKNOWN STEP	2026-10-07T15:23:27.8070151Z === RUN   TestR56EventStreamDropReasonUsesFiniteCategories/read_limit
windows-build	UNKNOWN STEP	2026-10-07T15:23:27.8070893Z --- PASS: TestR56EventStreamDropReasonUsesFiniteCategories/read_limit (0.00s)
windows-build	UNKNOWN STEP	2026-10-07T15:23:27.8071900Z === RUN   TestR56EventStreamDropReasonUsesFiniteCategories/normal_close
windows-build	UNKNOWN STEP	2026-10-07T15:23:27.8072718Z --- PASS: TestR56EventStreamDropReasonUsesFiniteCategories/normal_close (0.00s)
windows-build	UNKNOWN STEP	2026-10-07T15:23:27.8073499Z === RUN   TestR56EventStreamDropReasonUsesFiniteCategories/abnormal_close
windows-build	UNKNOWN STEP	2026-10-07T15:23:27.8074331Z --- PASS: TestR56EventStreamDropReasonUsesFiniteCategories/abnormal_close (0.00s)
windows-build	UNKNOWN STEP	2026-10-07T15:23:27.8075099Z === RUN   TestR56EventStreamDropReasonUsesFiniteCategories/eof
windows-build	UNKNOWN STEP	2026-10-07T15:23:27.8075812Z --- PASS: TestR56EventStreamDropReasonUsesFiniteCategories/eof (0.00s)
windows-build	UNKNOWN STEP	2026-10-07T15:23:27.8076520Z === RUN   TestR56EventStreamDropReasonUsesFiniteCategories/timeout
windows-build	UNKNOWN STEP	2026-10-07T15:23:27.8077244Z --- PASS: TestR56EventStreamDropReasonUsesFiniteCategories/timeout (0.00s)
windows-build	UNKNOWN STEP	2026-10-07T15:23:27.8077901Z === RUN   TestR56EventStreamDropReasonUsesFiniteCategories/other
windows-build	UNKNOWN STEP	2026-10-07T15:23:27.8078579Z --- PASS: TestR56EventStreamDropReasonUsesFiniteCategories/other (0.00s)
windows-build	UNKNOWN STEP	2026-10-07T15:23:27.8079978Z --- PASS: TestR56EventStreamDropReasonUsesFiniteCategories (0.00s)
windows-build	UNKNOWN STEP	2026-10-07T15:23:27.8080736Z === RUN   TestR56FacadeIdentityShapeIsRecordedOnceWithoutValues
windows-build	UNKNOWN STEP	2026-10-07T15:23:27.8096188Z --- PASS: TestR56FacadeIdentityShapeIsRecordedOnceWithoutValues (0.00s)
windows-build	UNKNOWN STEP	2026-10-07T15:23:27.8097082Z === RUN   TestR56FacadeSummaryLoadsForStateAndShapeDiagnosticIsOncePerConnection
windows-build	UNKNOWN STEP	2026-10-07T15:23:27.8144144Z --- PASS: TestR56FacadeSummaryLoadsForStateAndShapeDiagnosticIsOncePerConnection (0.00s)
windows-build	UNKNOWN STEP	2026-10-07T15:23:27.8145696Z === RUN   TestR58ClearTitleRetriesWithNullAfterEmptyString
windows-build	UNKNOWN STEP	2026-10-07T15:23:27.8154288Z --- PASS: TestR58ClearTitleRetriesWithNullAfterEmptyString (0.00s)
windows-build	UNKNOWN STEP	2026-10-07T15:23:27.8155120Z === RUN   TestR58ClearTitleFailureDiagnosticIncludesOnlyHTTPStatus
windows-build	UNKNOWN STEP	2026-10-07T15:23:27.8185380Z --- PASS: TestR58ClearTitleFailureDiagnosticIncludesOnlyHTTPStatus (0.00s)
windows-build	UNKNOWN STEP	2026-10-07T15:23:27.8186024Z === RUN   TestR60FacadeLCUEventsBroadcastOnlyForFacadePrefixes
windows-build	UNKNOWN STEP	2026-10-07T15:23:27.8186824Z === RUN   TestR60FacadeLCUEventsBroadcastOnlyForFacadePrefixes//lol-challenges/v1/summary-player-data/local-player
windows-build	UNKNOWN STEP	2026-10-07T15:23:27.8187769Z --- PASS: TestR60FacadeLCUEventsBroadcastOnlyForFacadePrefixes//lol-challenges/v1/summary-player-data/local-player (0.00s)
windows-build	UNKNOWN STEP	2026-10-07T15:23:27.8188612Z === RUN   TestR60FacadeLCUEventsBroadcastOnlyForFacadePrefixes//lol-challenges/v1/summary-player-data/local-player/title
windows-build	UNKNOWN STEP	2026-10-07T15:23:27.8189479Z --- PASS: TestR60FacadeLCUEventsBroadcastOnlyForFacadePrefixes//lol-challenges/v1/summary-player-data/local-player/title (0.00s)
windows-build	UNKNOWN STEP	2026-10-07T15:23:27.8190133Z === RUN   TestR60FacadeLCUEventsBroadcastOnlyForFacadePrefixes//LOL-CHAT/V1/ME
windows-build	UNKNOWN STEP	2026-10-07T15:23:27.8190664Z --- PASS: TestR60FacadeLCUEventsBroadcastOnlyForFacadePrefixes//LOL-CHAT/V1/ME (0.00s)
windows-build	UNKNOWN STEP	2026-10-07T15:23:27.8191289Z === RUN   TestR60FacadeLCUEventsBroadcastOnlyForFacadePrefixes//lol-regalia/v2/current-summoner/regalia/banner
windows-build	UNKNOWN STEP	2026-10-07T15:23:27.8192003Z --- PASS: TestR60FacadeLCUEventsBroadcastOnlyForFacadePrefixes//lol-regalia/v2/current-summoner/regalia/banner (0.00s)
windows-build	UNKNOWN STEP	2026-10-07T15:23:27.8192609Z === RUN   TestR60FacadeLCUEventsBroadcastOnlyForFacadePrefixes//lol-chat/v1/medley
windows-build	UNKNOWN STEP	2026-10-07T15:23:27.8389410Z --- PASS: TestR60FacadeLCUEventsBroadcastOnlyForFacadePrefixes//lol-chat/v1/medley (0.02s)
windows-build	UNKNOWN STEP	2026-10-07T15:23:27.8390241Z === RUN   TestR60FacadeLCUEventsBroadcastOnlyForFacadePrefixes//lol-rewards/v1/grants/1
windows-build	UNKNOWN STEP	2026-10-07T15:23:27.8592219Z --- PASS: TestR60FacadeLCUEventsBroadcastOnlyForFacadePrefixes//lol-rewards/v1/grants/1 (0.02s)
windows-build	UNKNOWN STEP	2026-10-07T15:23:27.8593572Z --- PASS: TestR60FacadeLCUEventsBroadcastOnlyForFacadePrefixes (0.04s)
windows-build	UNKNOWN STEP	2026-10-07T15:23:27.8594496Z === RUN   TestR60FacadeSelectedChallengesUseCachedCompactCatalog
windows-build	UNKNOWN STEP	2026-10-07T15:23:27.8686102Z --- PASS: TestR60FacadeSelectedChallengesUseCachedCompactCatalog (0.01s)
windows-build	UNKNOWN STEP	2026-10-07T15:23:27.8686919Z === RUN   TestR60FacadeChallengesFallbackAndEmptyStates
windows-build	UNKNOWN STEP	2026-10-07T15:23:27.8687902Z === RUN   TestR60FacadeChallengesFallbackAndEmptyStates/malformed_selected_uses_topChallenges_when_catalog_is_404
windows-build	UNKNOWN STEP	2026-10-07T15:23:27.8708066Z --- PASS: TestR60FacadeChallengesFallbackAndEmptyStates/malformed_selected_uses_topChallenges_when_catalog_is_404 (0.00s)
windows-build	UNKNOWN STEP	2026-10-07T15:23:27.8709907Z === RUN   TestR60FacadeChallengesFallbackAndEmptyStates/missing_startup_summary_stays_empty_and_requests_one_retry
windows-build	UNKNOWN STEP	2026-10-07T15:23:27.8731428Z --- PASS: TestR60FacadeChallengesFallbackAndEmptyStates/missing_startup_summary_stays_empty_and_requests_one_retry (0.00s)
windows-build	UNKNOWN STEP	2026-10-07T15:23:27.8732485Z --- PASS: TestR60FacadeChallengesFallbackAndEmptyStates (0.00s)
windows-build	UNKNOWN STEP	2026-10-07T15:23:27.8733287Z === RUN   TestR117FacadeChallengeCatalogRetriesAfterFailureAndSharesFlight
windows-build	UNKNOWN STEP	2026-10-07T15:23:27.9050841Z --- PASS: TestR117FacadeChallengeCatalogRetriesAfterFailureAndSharesFlight (0.03s)
windows-build	UNKNOWN STEP	2026-10-07T15:23:27.9051587Z === RUN   TestR64FacadeEventBurstIsThrottled
windows-build	UNKNOWN STEP	2026-10-07T15:23:27.9052077Z === PAUSE TestR64FacadeEventBurstIsThrottled
windows-build	UNKNOWN STEP	2026-10-07T15:23:27.9052540Z === RUN   TestR64ClearChallengesPreservesTitle
windows-build	UNKNOWN STEP	2026-10-07T15:23:27.9060819Z --- PASS: TestR64ClearChallengesPreservesTitle (0.00s)
windows-build	UNKNOWN STEP	2026-10-07T15:23:27.9061565Z === RUN   TestR64ClearChallengesRefusesToDropUnsupportedTitle
windows-build	UNKNOWN STEP	2026-10-07T15:23:27.9068644Z --- PASS: TestR64ClearChallengesRefusesToDropUnsupportedTitle (0.00s)
windows-build	UNKNOWN STEP	2026-10-07T15:23:27.9069299Z === RUN   TestR64TitleRestoreValuesAreStaticEnums
windows-build	UNKNOWN STEP	2026-10-07T15:23:27.9070026Z --- PASS: TestR64TitleRestoreValuesAreStaticEnums (0.00s)
windows-build	UNKNOWN STEP	2026-10-07T15:23:27.9070407Z === RUN   TestR65FacadeStateOnlyExposesStableRenderFields
windows-build	UNKNOWN STEP	2026-10-07T15:23:27.9094719Z --- PASS: TestR65FacadeStateOnlyExposesStableRenderFields (0.00s)
windows-build	UNKNOWN STEP	2026-10-07T15:23:27.9095426Z === RUN   TestR66TitleRestoreCandidatesAreTriedInOrder
windows-build	UNKNOWN STEP	2026-10-07T15:23:27.9096925Z === RUN   TestR66TitleRestoreCandidatesAreTriedInOrder/clear-challenges/string_itemId
windows-build	UNKNOWN STEP	2026-10-07T15:23:27.9104186Z --- PASS: TestR66TitleRestoreCandidatesAreTriedInOrder/clear-challenges/string_itemId (0.00s)
windows-build	UNKNOWN STEP	2026-10-07T15:23:27.9104839Z === RUN   TestR66TitleRestoreCandidatesAreTriedInOrder/clear-challenges/contentId
windows-build	UNKNOWN STEP	2026-10-07T15:23:27.9114524Z --- PASS: TestR66TitleRestoreCandidatesAreTriedInOrder/clear-challenges/contentId (0.00s)
windows-build	UNKNOWN STEP	2026-10-07T15:23:27.9115211Z === RUN   TestR66TitleRestoreCandidatesAreTriedInOrder/clear-challenges/playerTitleSelected
windows-build	UNKNOWN STEP	2026-10-07T15:23:27.9126623Z --- PASS: TestR66TitleRestoreCandidatesAreTriedInOrder/clear-challenges/playerTitleSelected (0.00s)
windows-build	UNKNOWN STEP	2026-10-07T15:23:27.9127241Z --- PASS: TestR66TitleRestoreCandidatesAreTriedInOrder (0.00s)
windows-build	UNKNOWN STEP	2026-10-07T15:23:27.9127812Z === RUN   TestR66TitleRestoreRefusalNeverPostsWithoutTitle
windows-build	UNKNOWN STEP	2026-10-07T15:23:27.9128546Z === RUN   TestR66TitleRestoreRefusalNeverPostsWithoutTitle/clear-challenges
windows-build	UNKNOWN STEP	2026-10-07T15:23:27.9137364Z --- PASS: TestR66TitleRestoreRefusalNeverPostsWithoutTitle/clear-challenges (0.00s)
windows-build	UNKNOWN STEP	2026-10-07T15:23:27.9138448Z --- PASS: TestR66TitleRestoreRefusalNeverPostsWithoutTitle (0.00s)
windows-build	UNKNOWN STEP	2026-10-07T15:23:27.9139487Z === RUN   TestR66NoCurrentTitleMayPostPreferencesWithoutTitle
windows-build	UNKNOWN STEP	2026-10-07T15:23:27.9140321Z === RUN   TestR66NoCurrentTitleMayPostPreferencesWithoutTitle/clear-challenges
windows-build	UNKNOWN STEP	2026-10-07T15:23:27.9147121Z --- PASS: TestR66NoCurrentTitleMayPostPreferencesWithoutTitle/clear-challenges (0.00s)
windows-build	UNKNOWN STEP	2026-10-07T15:23:27.9147921Z --- PASS: TestR66NoCurrentTitleMayPostPreferencesWithoutTitle (0.00s)
windows-build	UNKNOWN STEP	2026-10-07T15:23:27.9148686Z === RUN   TestR66FacadeApplyLogsIntermediateStatusesWithoutCandidateValues
windows-build	UNKNOWN STEP	2026-10-07T15:23:27.9192839Z --- PASS: TestR66FacadeApplyLogsIntermediateStatusesWithoutCandidateValues (0.00s)
windows-build	UNKNOWN STEP	2026-10-07T15:23:27.9194054Z === RUN   TestR66LCURequestDiagnosticsIncludePreferencePOSTWithoutBody
windows-build	UNKNOWN STEP	2026-10-07T15:23:27.9199434Z --- PASS: TestR66LCURequestDiagnosticsIncludePreferencePOSTWithoutBody (0.00s)
windows-build	UNKNOWN STEP	2026-10-07T15:23:27.9200247Z === RUN   TestR68EventClaimWithoutParsedItemsIsOmitted
windows-build	UNKNOWN STEP	2026-10-07T15:23:27.9207358Z --- PASS: TestR68EventClaimWithoutParsedItemsIsOmitted (0.00s)
windows-build	UNKNOWN STEP	2026-10-07T15:23:27.9207900Z === RUN   TestR68EventRewardStateDiagnosticContainsOnlyDistribution
windows-build	UNKNOWN STEP	2026-10-07T15:23:27.9216205Z --- PASS: TestR68EventRewardStateDiagnosticContainsOnlyDistribution (0.00s)
windows-build	UNKNOWN STEP	2026-10-07T15:23:27.9216767Z === RUN   TestR68HonorContinuationFiresCanceledPlayAgainExactlyOnce
windows-build	UNKNOWN STEP	2026-10-07T15:23:28.5235873Z --- PASS: TestR68HonorContinuationFiresCanceledPlayAgainExactlyOnce (0.60s)
windows-build	UNKNOWN STEP	2026-10-07T15:23:28.5236623Z === RUN   TestR68CanceledWatchActionIsRecorded
windows-build	UNKNOWN STEP	2026-10-07T15:23:28.5250585Z     r68_test.go:149: canceled diagnostic persisted: {"action":"reconnect","build_fingerprint":"dev","event":"watch_action","log_seq":1,"result":"armed","run_id":"103569ff342d1857b207651c","time":"2026-10-07T15:23:28.5236932Z"}
windows-build	UNKNOWN STEP	2026-10-07T15:23:28.5251890Z         {"action":"reconnect","build_fingerprint":"dev","event":"watch_action","log_seq":2,"result":"canceled","run_id":"103569ff342d1857b207651c","time":"2026-10-07T15:23:28.5243872Z"}
windows-build	UNKNOWN STEP	2026-10-07T15:23:28.5259051Z --- PASS: TestR68CanceledWatchActionIsRecorded (0.00s)
windows-build	UNKNOWN STEP	2026-10-07T15:23:28.5259677Z === RUN   TestR68CanceledOlderWatchJobCannotLoseNewPendingJob
windows-build	UNKNOWN STEP	2026-10-07T15:23:29.0076914Z --- PASS: TestR68CanceledOlderWatchJobCannotLoseNewPendingJob (0.48s)
windows-build	UNKNOWN STEP	2026-10-07T15:23:29.0077489Z === RUN   TestR68AutoMatchmakingPreflightSkipsLostLeaderAndCustom
windows-build	UNKNOWN STEP	2026-10-07T15:23:29.0078133Z === RUN   TestR68AutoMatchmakingPreflightSkipsLostLeaderAndCustom/lost_leader
windows-build	UNKNOWN STEP	2026-10-07T15:23:29.0503879Z --- PASS: TestR68AutoMatchmakingPreflightSkipsLostLeaderAndCustom/lost_leader (0.04s)
windows-build	UNKNOWN STEP	2026-10-07T15:23:29.0505745Z === RUN   TestR68AutoMatchmakingPreflightSkipsLostLeaderAndCustom/custom_lobby
windows-build	UNKNOWN STEP	2026-10-07T15:23:29.0917308Z --- PASS: TestR68AutoMatchmakingPreflightSkipsLostLeaderAndCustom/custom_lobby (0.04s)
windows-build	UNKNOWN STEP	2026-10-07T15:23:29.0918229Z --- PASS: TestR68AutoMatchmakingPreflightSkipsLostLeaderAndCustom (0.08s)
windows-build	UNKNOWN STEP	2026-10-07T15:23:29.0918952Z === RUN   TestR68AutoMatchmakingRetriesTwoBadRequestsThenFires
windows-build	UNKNOWN STEP	2026-10-07T15:23:29.1035524Z --- PASS: TestR68AutoMatchmakingRetriesTwoBadRequestsThenFires (0.01s)
windows-build	UNKNOWN STEP	2026-10-07T15:23:29.1036587Z === RUN   TestR68AutoMatchmakingGivesUpAndRequiresExplicitRetry
windows-build	UNKNOWN STEP	2026-10-07T15:23:29.1475871Z --- PASS: TestR68AutoMatchmakingGivesUpAndRequiresExplicitRetry (0.04s)
windows-build	UNKNOWN STEP	2026-10-07T15:23:29.1476630Z === RUN   TestR68AutoMatchmakingBackoffAndQueueReadiness
windows-build	UNKNOWN STEP	2026-10-07T15:23:29.1514361Z --- PASS: TestR68AutoMatchmakingBackoffAndQueueReadiness (0.00s)
windows-build	UNKNOWN STEP	2026-10-07T15:23:29.1515138Z === RUN   TestR68LobbyShapeDiagnosticRecordsOnlyStructuralKeys
windows-build	UNKNOWN STEP	2026-10-07T15:23:29.1517775Z --- PASS: TestR68LobbyShapeDiagnosticRecordsOnlyStructuralKeys (0.00s)
windows-build	UNKNOWN STEP	2026-10-07T15:23:29.1518554Z === RUN   TestR68WatchActionLifecycleHasNoArmedOrphans
windows-build	UNKNOWN STEP	2026-10-07T15:23:29.1525295Z --- PASS: TestR68WatchActionLifecycleHasNoArmedOrphans (0.00s)
windows-build	UNKNOWN STEP	2026-10-07T15:23:29.1526590Z === RUN   TestR68PositionBroadcastModesTeamLookupAndRetryGate
windows-build	UNKNOWN STEP	2026-10-07T15:23:29.1527161Z === RUN   TestR68PositionBroadcastModesTeamLookupAndRetryGate/aram
windows-build	UNKNOWN STEP	2026-10-07T15:23:29.1549056Z     r68_test.go:494: position broadcast diagnostic persisted: {"action":"position-broadcast","build_fingerprint":"dev","event":"watch_action","log_seq":1,"result":"armed","run_id":"8aad8bb3a885d41cc08d61a1","time":"2026-10-07T15:23:29.1531452Z"}
windows-build	UNKNOWN STEP	2026-10-07T15:23:29.1551392Z         {"action":"position-broadcast","build_fingerprint":"dev","event":"watch_action","log_seq":2,"reason":"sent","result":"fired","run_id":"8aad8bb3a885d41cc08d61a1","time":"2026-10-07T15:23:29.1542281Z"}
windows-build	UNKNOWN STEP	2026-10-07T15:23:29.1561668Z --- PASS: TestR68PositionBroadcastModesTeamLookupAndRetryGate/aram (0.00s)
windows-build	UNKNOWN STEP	2026-10-07T15:23:29.1562531Z === RUN   TestR68PositionBroadcastModesTeamLookupAndRetryGate/aram_mayhem
windows-build	UNKNOWN STEP	2026-10-07T15:23:29.1573078Z --- PASS: TestR68PositionBroadcastModesTeamLookupAndRetryGate/aram_mayhem (0.00s)
windows-build	UNKNOWN STEP	2026-10-07T15:23:29.1573933Z === RUN   TestR68PositionBroadcastModesTeamLookupAndRetryGate/classic
windows-build	UNKNOWN STEP	2026-10-07T15:23:29.1580927Z --- PASS: TestR68PositionBroadcastModesTeamLookupAndRetryGate/classic (0.00s)
windows-build	UNKNOWN STEP	2026-10-07T15:23:30.1604028Z --- PASS: TestR68PositionBroadcastModesTeamLookupAndRetryGate (1.01s)
windows-build	UNKNOWN STEP	2026-10-07T15:23:30.1604829Z === RUN   TestR68LivePositionSnapshotUsesAnonymousKeyAndGameBoundary
windows-build	UNKNOWN STEP	2026-10-07T15:23:30.1605686Z --- PASS: TestR68LivePositionSnapshotUsesAnonymousKeyAndGameBoundary (0.00s)
windows-build	UNKNOWN STEP	2026-10-07T15:23:30.1606302Z === RUN   TestR68LiveHandlerCarriesChampSelectPositionIntoSameGame
windows-build	UNKNOWN STEP	2026-10-07T15:23:30.1651478Z --- PASS: TestR68LiveHandlerCarriesChampSelectPositionIntoSameGame (0.00s)
windows-build	UNKNOWN STEP	2026-10-07T15:23:30.1652302Z === RUN   TestR68ChampSelectQueueIDSurvivesLobbyFailure
windows-build	UNKNOWN STEP	2026-10-07T15:23:30.1662589Z --- PASS: TestR68ChampSelectQueueIDSurvivesLobbyFailure (0.00s)
windows-build	UNKNOWN STEP	2026-10-07T15:23:30.1663221Z === RUN   TestR68LivePositionShapeDistributionAndPrivacy
windows-build	UNKNOWN STEP	2026-10-07T15:23:30.1680726Z     r68_test.go:681: live position diagnostic persisted: {"assigned_position_counts":{"BOTTOM":1},"build_fingerprint":"dev","event":"live_position_shape","game_id":68,"game_mode":"CLASSIC","log_seq":1,"normalized_position_counts":{"":1,"bottom":1,"jungle":1},"phase":"ChampSelect","position_source_counts":{"gameflow":0,"liveclient":0,"none":3,"snapshot":0},"position_swaps_element_keys":["id","state"],"position_swaps_length":1,"queue_id":420,"run_id":"f7f64f84e9d7435fbff38d17","selected_position_counts":{"":1,"JUNGLE":1,"TOP":1},"selected_role_counts":{"":2,"DUO":1},"self_assigned_position":"BOTTOM","self_selected_position":"TOP","smite_count":1,"snapshot_applied_count":0,"snapshot_game_id":0,"snapshot_size":0,"team_duplicate_positions":{"0":0},"time":"2026-10-07T15:23:30.1667635Z"}
windows-build	UNKNOWN STEP	2026-10-07T15:23:30.1687780Z --- PASS: TestR68LivePositionShapeDistributionAndPrivacy (0.00s)
windows-build	UNKNOWN STEP	2026-10-07T15:23:30.1688370Z === RUN   TestR68WatchFailureDiagnosticIncludesSafeErrorCode
windows-build	UNKNOWN STEP	2026-10-07T15:23:30.1696485Z --- PASS: TestR68WatchFailureDiagnosticIncludesSafeErrorCode (0.00s)
windows-build	UNKNOWN STEP	2026-10-07T15:23:30.1697376Z === RUN   TestR68SharedARAMModeSet
windows-build	UNKNOWN STEP	2026-10-07T15:23:30.1697850Z --- PASS: TestR68SharedARAMModeSet (0.00s)
windows-build	UNKNOWN STEP	2026-10-07T15:23:30.1698419Z === RUN   TestR69FacadeTitleRestorePlanUsesValuesNotObjectKeys
windows-build	UNKNOWN STEP	2026-10-07T15:23:30.1699030Z === RUN   TestR69FacadeTitleRestorePlanUsesValuesNotObjectKeys/eleven_empty_keys
windows-build	UNKNOWN STEP	2026-10-07T15:23:30.1699609Z --- PASS: TestR69FacadeTitleRestorePlanUsesValuesNotObjectKeys/eleven_empty_keys (0.00s)
windows-build	UNKNOWN STEP	2026-10-07T15:23:30.1700171Z === RUN   TestR69FacadeTitleRestorePlanUsesValuesNotObjectKeys/itemId
windows-build	UNKNOWN STEP	2026-10-07T15:23:30.1701179Z --- PASS: TestR69FacadeTitleRestorePlanUsesValuesNotObjectKeys/itemId (0.00s)
windows-build	UNKNOWN STEP	2026-10-07T15:23:30.1702043Z === RUN   TestR69FacadeTitleRestorePlanUsesValuesNotObjectKeys/contentId
windows-build	UNKNOWN STEP	2026-10-07T15:23:30.1702727Z --- PASS: TestR69FacadeTitleRestorePlanUsesValuesNotObjectKeys/contentId (0.00s)
windows-build	UNKNOWN STEP	2026-10-07T15:23:30.1703566Z === RUN   TestR69FacadeTitleRestorePlanUsesValuesNotObjectKeys/chat_playerTitleSelected
windows-build	UNKNOWN STEP	2026-10-07T15:23:30.1704405Z --- PASS: TestR69FacadeTitleRestorePlanUsesValuesNotObjectKeys/chat_playerTitleSelected (0.00s)
windows-build	UNKNOWN STEP	2026-10-07T15:23:30.1705137Z --- PASS: TestR69FacadeTitleRestorePlanUsesValuesNotObjectKeys (0.00s)
windows-build	UNKNOWN STEP	2026-10-07T15:23:30.1705822Z === RUN   TestR69NameOnlyTitleReturnsNoCandidateWithoutPosting
windows-build	UNKNOWN STEP	2026-10-07T15:23:30.1707489Z --- PASS: TestR69NameOnlyTitleReturnsNoCandidateWithoutPosting (0.00s)
windows-build	UNKNOWN STEP	2026-10-07T15:23:30.1708181Z === RUN   TestR69FacadeApplyDiagnosticShapesReachJSONL
windows-build	UNKNOWN STEP	2026-10-07T15:23:30.1708889Z === RUN   TestR69FacadeApplyDiagnosticShapesReachJSONL/no_title_writes_normally
windows-build	UNKNOWN STEP	2026-10-07T15:23:30.1745166Z     r69_test.go:122: facade_apply_json={"action":"clear-challenges","build_fingerprint":"dev","event":"facade_apply","log_seq":13,"result":"ok","run_id":"7697d215ad708ac893fec51e","time":"2026-10-07T15:23:30.1734023Z","title_attempt_count":0,"title_attempt_status":[],"title_candidate_count":0,"title_has_title":false,"title_restore":"not-set"}
windows-build	UNKNOWN STEP	2026-10-07T15:23:30.1757847Z --- PASS: TestR69FacadeApplyDiagnosticShapesReachJSONL/no_title_writes_normally (0.00s)
windows-build	UNKNOWN STEP	2026-10-07T15:23:30.1759130Z === RUN   TestR69FacadeApplyDiagnosticShapesReachJSONL/title_without_identifier_stops_before_post
windows-build	UNKNOWN STEP	2026-10-07T15:23:30.1778837Z     r69_test.go:122: facade_apply_json={"action":"clear-challenges","build_fingerprint":"dev","event":"facade_apply","log_seq":1,"result":"failed","run_id":"8f7c883b6bbd4d3d68c9b143","time":"2026-10-07T15:23:30.1768484Z","title_attempt_count":0,"title_attempt_status":[],"title_candidate_count":0,"title_has_title":true,"title_restore":"no-candidate"}
windows-build	UNKNOWN STEP	2026-10-07T15:23:30.1789148Z --- PASS: TestR69FacadeApplyDiagnosticShapesReachJSONL/title_without_identifier_stops_before_post (0.00s)
windows-build	UNKNOWN STEP	2026-10-07T15:23:30.1790271Z === RUN   TestR69FacadeApplyDiagnosticShapesReachJSONL/real_candidate_refused_after_attempt
windows-build	UNKNOWN STEP	2026-10-07T15:23:30.1810911Z     r69_test.go:122: facade_apply_json={"action":"clear-challenges","build_fingerprint":"dev","event":"facade_apply","log_seq":1,"result":"failed","run_id":"8417ee1c2272cfb1cae729d8","status_code":400,"time":"2026-10-07T15:23:30.1798593Z","title_attempt_count":1,"title_attempt_status":[400],"title_candidate_count":1,"title_has_title":true,"title_restore":"refused"}
windows-build	UNKNOWN STEP	2026-10-07T15:23:30.1820549Z --- PASS: TestR69FacadeApplyDiagnosticShapesReachJSONL/real_candidate_refused_after_attempt (0.00s)
windows-build	UNKNOWN STEP	2026-10-07T15:23:30.1821940Z --- PASS: TestR69FacadeApplyDiagnosticShapesReachJSONL (0.01s)
windows-build	UNKNOWN STEP	2026-10-07T15:23:30.1822590Z === RUN   TestR69FacadeLoadCostWritesDurationsAndTrigger
windows-build	UNKNOWN STEP	2026-10-07T15:23:30.1865775Z --- PASS: TestR69FacadeLoadCostWritesDurationsAndTrigger (0.00s)
windows-build	UNKNOWN STEP	2026-10-07T15:23:30.1866211Z === RUN   TestR70OverviewInvalidationDetachesOldFlights
windows-build	UNKNOWN STEP	2026-10-07T15:23:30.1866869Z --- PASS: TestR70OverviewInvalidationDetachesOldFlights (0.00s)
windows-build	UNKNOWN STEP	2026-10-07T15:23:30.1867270Z === RUN   TestR70SSEOverflowRequestsResyncWithoutBlockingPeers
windows-build	UNKNOWN STEP	2026-10-07T15:23:30.1877792Z --- PASS: TestR70SSEOverflowRequestsResyncWithoutBlockingPeers (0.00s)
windows-build	UNKNOWN STEP	2026-10-07T15:23:30.1878692Z === RUN   TestR70ChestsClassifyContainerRatherThanContents
windows-build	UNKNOWN STEP	2026-10-07T15:23:30.1879394Z --- PASS: TestR70ChestsClassifyContainerRatherThanContents (0.00s)
windows-build	UNKNOWN STEP	2026-10-07T15:23:30.1879814Z === RUN   TestR70MalformedGrantsCannotWrite
windows-build	UNKNOWN STEP	2026-10-07T15:23:30.1880133Z --- PASS: TestR70MalformedGrantsCannotWrite (0.00s)
windows-build	UNKNOWN STEP	2026-10-07T15:23:30.1880568Z === RUN   TestR70ScanPreservesUnsafeRewardEvidenceWithoutAdvertisingClaim
windows-build	UNKNOWN STEP	2026-10-07T15:23:30.1890186Z --- PASS: TestR70ScanPreservesUnsafeRewardEvidenceWithoutAdvertisingClaim (0.00s)
windows-build	UNKNOWN STEP	2026-10-07T15:23:30.1891330Z === RUN   TestR70ClaimBatchRejectsDuplicateWithoutBlockingOtherRewards
windows-build	UNKNOWN STEP	2026-10-07T15:23:30.1901826Z --- PASS: TestR70ClaimBatchRejectsDuplicateWithoutBlockingOtherRewards (0.00s)
windows-build	UNKNOWN STEP	2026-10-07T15:23:30.1902666Z === RUN   TestR71RecommendedFilesAreBoundedBackedUpAndGameCompatible
windows-build	UNKNOWN STEP	2026-10-07T15:23:30.4904143Z --- PASS: TestR71RecommendedFilesAreBoundedBackedUpAndGameCompatible (0.30s)
windows-build	UNKNOWN STEP	2026-10-07T15:23:30.4904701Z === RUN   TestR71RecommendedFilesFailClosedOnForeignFilesAndLinks
windows-build	UNKNOWN STEP	2026-10-07T15:23:30.4905319Z === RUN   TestR71RecommendedFilesFailClosedOnForeignFilesAndLinks/file
windows-build	UNKNOWN STEP	2026-10-07T15:23:30.4942825Z --- PASS: TestR71RecommendedFilesFailClosedOnForeignFilesAndLinks/file (0.00s)
windows-build	UNKNOWN STEP	2026-10-07T15:23:30.4943426Z === RUN   TestR71RecommendedFilesFailClosedOnForeignFilesAndLinks/backup
windows-build	UNKNOWN STEP	2026-10-07T15:23:30.4982167Z --- PASS: TestR71RecommendedFilesFailClosedOnForeignFilesAndLinks/backup (0.00s)
windows-build	UNKNOWN STEP	2026-10-07T15:23:30.4982819Z === RUN   TestR71RecommendedFilesFailClosedOnForeignFilesAndLinks/directory
windows-build	UNKNOWN STEP	2026-10-07T15:23:30.5022405Z --- PASS: TestR71RecommendedFilesFailClosedOnForeignFilesAndLinks/directory (0.00s)
windows-build	UNKNOWN STEP	2026-10-07T15:23:30.5023413Z === RUN   TestR71RecommendedFilesFailClosedOnForeignFilesAndLinks/outside
windows-build	UNKNOWN STEP	2026-10-07T15:23:30.5049280Z --- PASS: TestR71RecommendedFilesFailClosedOnForeignFilesAndLinks/outside (0.00s)
windows-build	UNKNOWN STEP	2026-10-07T15:23:30.5050246Z === RUN   TestR71RecommendedFilesFailClosedOnForeignFilesAndLinks/missing-exe
windows-build	UNKNOWN STEP	2026-10-07T15:23:30.5080303Z --- PASS: TestR71RecommendedFilesFailClosedOnForeignFilesAndLinks/missing-exe (0.00s)
windows-build	UNKNOWN STEP	2026-10-07T15:23:30.5081260Z --- PASS: TestR71RecommendedFilesFailClosedOnForeignFilesAndLinks (0.02s)
windows-build	UNKNOWN STEP	2026-10-07T15:23:30.5081753Z === RUN   TestR71RecommendedGuardRunsBeforeAndImmediatelyBeforeWrite
windows-build	UNKNOWN STEP	2026-10-07T15:23:30.5118767Z --- PASS: TestR71RecommendedGuardRunsBeforeAndImmediatelyBeforeWrite (0.00s)
windows-build	UNKNOWN STEP	2026-10-07T15:23:30.5119551Z === RUN   TestR71RecommendedMigrationPreservesForeignItemSets
windows-build	UNKNOWN STEP	2026-10-07T15:23:30.5120165Z === RUN   TestR71RecommendedMigrationPreservesForeignItemSets/ok
windows-build	UNKNOWN STEP	2026-10-07T15:23:30.5134188Z --- PASS: TestR71RecommendedMigrationPreservesForeignItemSets/ok (0.00s)
windows-build	UNKNOWN STEP	2026-10-07T15:23:30.5135038Z === RUN   TestR71RecommendedMigrationPreservesForeignItemSets/missing-account
windows-build	UNKNOWN STEP	2026-10-07T15:23:30.5142089Z --- PASS: TestR71RecommendedMigrationPreservesForeignItemSets/missing-account (0.00s)
windows-build	UNKNOWN STEP	2026-10-07T15:23:30.5143165Z === RUN   TestR71RecommendedMigrationPreservesForeignItemSets/different-account
windows-build	UNKNOWN STEP	2026-10-07T15:23:30.5149905Z --- PASS: TestR71RecommendedMigrationPreservesForeignItemSets/different-account (0.00s)
windows-build	UNKNOWN STEP	2026-10-07T15:23:30.5150618Z === RUN   TestR71RecommendedMigrationPreservesForeignItemSets/guard
windows-build	UNKNOWN STEP	2026-10-07T15:23:30.5160299Z --- PASS: TestR71RecommendedMigrationPreservesForeignItemSets/guard (0.00s)
windows-build	UNKNOWN STEP	2026-10-07T15:23:30.5162114Z === RUN   TestR71RecommendedMigrationPreservesForeignItemSets/malformed
windows-build	UNKNOWN STEP	2026-10-07T15:23:30.5167236Z --- PASS: TestR71RecommendedMigrationPreservesForeignItemSets/malformed (0.00s)
windows-build	UNKNOWN STEP	2026-10-07T15:23:30.5168172Z === RUN   TestR71RecommendedMigrationPreservesForeignItemSets/put-failed
windows-build	UNKNOWN STEP	2026-10-07T15:23:30.5177252Z --- PASS: TestR71RecommendedMigrationPreservesForeignItemSets/put-failed (0.00s)
windows-build	UNKNOWN STEP	2026-10-07T15:23:30.5179985Z === RUN   TestR71RecommendedMigrationPreservesForeignItemSets/verify-failed
windows-build	UNKNOWN STEP	2026-10-07T15:23:30.5188573Z --- PASS: TestR71RecommendedMigrationPreservesForeignItemSets/verify-failed (0.00s)
windows-build	UNKNOWN STEP	2026-10-07T15:23:30.5189481Z === RUN   TestR71RecommendedMigrationPreservesForeignItemSets/preflight-account
windows-build	UNKNOWN STEP	2026-10-07T15:23:30.5197632Z --- PASS: TestR71RecommendedMigrationPreservesForeignItemSets/preflight-account (0.00s)
windows-build	UNKNOWN STEP	2026-10-07T15:23:30.5198524Z === RUN   TestR71RecommendedMigrationPreservesForeignItemSets/preflight-edit
windows-build	UNKNOWN STEP	2026-10-07T15:23:30.5206095Z --- PASS: TestR71RecommendedMigrationPreservesForeignItemSets/preflight-edit (0.00s)
windows-build	UNKNOWN STEP	2026-10-07T15:23:30.5207251Z === RUN   TestR71RecommendedMigrationPreservesForeignItemSets/verify-account
windows-build	UNKNOWN STEP	2026-10-07T15:23:30.5216899Z --- PASS: TestR71RecommendedMigrationPreservesForeignItemSets/verify-account (0.00s)
windows-build	UNKNOWN STEP	2026-10-07T15:23:30.5217896Z --- PASS: TestR71RecommendedMigrationPreservesForeignItemSets (0.01s)
windows-build	UNKNOWN STEP	2026-10-07T15:23:30.5218552Z === RUN   TestR71RecommendedTencentPathAndPartialCleanup
windows-build	UNKNOWN STEP	2026-10-07T15:23:30.5604369Z --- PASS: TestR71RecommendedTencentPathAndPartialCleanup (0.04s)
windows-build	UNKNOWN STEP	2026-10-07T15:23:30.5605296Z === RUN   TestR71RecommendedInternationalConfigAndExecutableRoots
windows-build	UNKNOWN STEP	2026-10-07T15:23:30.5606309Z === RUN   TestR71RecommendedInternationalConfigAndExecutableRoots/linked-game-false
windows-build	UNKNOWN STEP	2026-10-07T15:23:30.5836919Z --- PASS: TestR71RecommendedInternationalConfigAndExecutableRoots/linked-game-false (0.02s)
windows-build	UNKNOWN STEP	2026-10-07T15:23:30.5837983Z === RUN   TestR71RecommendedInternationalConfigAndExecutableRoots/linked-game-true
windows-build	UNKNOWN STEP	2026-10-07T15:23:30.5886505Z --- PASS: TestR71RecommendedInternationalConfigAndExecutableRoots/linked-game-true (0.00s)
windows-build	UNKNOWN STEP	2026-10-07T15:23:30.5887577Z --- PASS: TestR71RecommendedInternationalConfigAndExecutableRoots (0.03s)
windows-build	UNKNOWN STEP	2026-10-07T15:23:30.5889237Z === RUN   TestR71LiveRecentPositionsUseAtMostTenActualRankedSamples
windows-build	UNKNOWN STEP	2026-10-07T15:23:30.5890663Z --- PASS: TestR71LiveRecentPositionsUseAtMostTenActualRankedSamples (0.00s)
windows-build	UNKNOWN STEP	2026-10-07T15:23:30.5891336Z === RUN   TestR71CollectionRequestsCoalesceAcrossQueueProbeAndScan
windows-build	UNKNOWN STEP	2026-10-07T15:23:30.5892191Z --- PASS: TestR71CollectionRequestsCoalesceAcrossQueueProbeAndScan (0.00s)
windows-build	UNKNOWN STEP	2026-10-07T15:23:30.5893110Z === RUN   TestR71ClaimIdentityQuantityAndDiagnostics
windows-build	UNKNOWN STEP	2026-10-07T15:23:30.5893716Z --- PASS: TestR71ClaimIdentityQuantityAndDiagnostics (0.00s)
windows-build	UNKNOWN STEP	2026-10-07T15:23:30.5894476Z === RUN   TestR71ClaimScanKeepsConflictsNonActionableAndResolvesExactQuantities
windows-build	UNKNOWN STEP	2026-10-07T15:23:30.5895483Z === RUN   TestR71ClaimScanKeepsConflictsNonActionableAndResolvesExactQuantities/duplicate-conflict
windows-build	UNKNOWN STEP	2026-10-07T15:23:30.5897376Z --- PASS: TestR71ClaimScanKeepsConflictsNonActionableAndResolvesExactQuantities/duplicate-conflict (0.00s)
windows-build	UNKNOWN STEP	2026-10-07T15:23:30.5898809Z === RUN   TestR71ClaimScanKeepsConflictsNonActionableAndResolvesExactQuantities/quantity-fallback
windows-build	UNKNOWN STEP	2026-10-07T15:23:30.5905622Z --- PASS: TestR71ClaimScanKeepsConflictsNonActionableAndResolvesExactQuantities/quantity-fallback (0.00s)
windows-build	UNKNOWN STEP	2026-10-07T15:23:30.5906889Z === RUN   TestR71ClaimScanKeepsConflictsNonActionableAndResolvesExactQuantities/quantity-conflict
windows-build	UNKNOWN STEP	2026-10-07T15:23:30.5915841Z --- PASS: TestR71ClaimScanKeepsConflictsNonActionableAndResolvesExactQuantities/quantity-conflict (0.00s)
windows-build	UNKNOWN STEP	2026-10-07T15:23:30.5917465Z === RUN   TestR71ClaimScanKeepsConflictsNonActionableAndResolvesExactQuantities/foreign-element
windows-build	UNKNOWN STEP	2026-10-07T15:23:30.5926334Z --- PASS: TestR71ClaimScanKeepsConflictsNonActionableAndResolvesExactQuantities/foreign-element (0.00s)
windows-build	UNKNOWN STEP	2026-10-07T15:23:30.5927737Z === RUN   TestR71ClaimScanKeepsConflictsNonActionableAndResolvesExactQuantities/different-item
windows-build	UNKNOWN STEP	2026-10-07T15:23:30.5935914Z --- PASS: TestR71ClaimScanKeepsConflictsNonActionableAndResolvesExactQuantities/different-item (0.00s)
windows-build	UNKNOWN STEP	2026-10-07T15:23:30.5937141Z === RUN   TestR71ClaimScanKeepsConflictsNonActionableAndResolvesExactQuantities/different-type
windows-build	UNKNOWN STEP	2026-10-07T15:23:30.5945332Z --- PASS: TestR71ClaimScanKeepsConflictsNonActionableAndResolvesExactQuantities/different-type (0.00s)
windows-build	UNKNOWN STEP	2026-10-07T15:23:30.5948199Z --- PASS: TestR71ClaimScanKeepsConflictsNonActionableAndResolvesExactQuantities (0.01s)
windows-build	UNKNOWN STEP	2026-10-07T15:23:30.5948908Z === RUN   TestR71ItemSetDocumentComparisonPreservesIntegerPrecision
windows-build	UNKNOWN STEP	2026-10-07T15:23:30.5949400Z --- PASS: TestR71ItemSetDocumentComparisonPreservesIntegerPrecision (0.00s)
windows-build	UNKNOWN STEP	2026-10-07T15:23:30.5949841Z === RUN   TestR72RecommendedTraceSeparatesWriteAndReadback
windows-build	UNKNOWN STEP	2026-10-07T15:23:30.5950732Z === RUN   TestR72RecommendedTraceSeparatesWriteAndReadback/DL_·_中路
windows-build	UNKNOWN STEP	2026-10-07T15:23:30.7007653Z --- PASS: TestR72RecommendedTraceSeparatesWriteAndReadback/DL_·_中路 (0.11s)
windows-build	UNKNOWN STEP	2026-10-07T15:23:30.7008438Z === RUN   TestR72RecommendedTraceSeparatesWriteAndReadback/invalid�
windows-build	UNKNOWN STEP	2026-10-07T15:23:30.7296717Z --- PASS: TestR72RecommendedTraceSeparatesWriteAndReadback/invalid� (0.03s)
windows-build	UNKNOWN STEP	2026-10-07T15:23:30.7297959Z --- PASS: TestR72RecommendedTraceSeparatesWriteAndReadback (0.13s)
windows-build	UNKNOWN STEP	2026-10-07T15:23:30.7298546Z === RUN   TestR72RecommendedFailureStages
windows-build	UNKNOWN STEP	2026-10-07T15:23:30.7299170Z === RUN   TestR72RecommendedFailureStages/initial-session-guard
windows-build	UNKNOWN STEP	2026-10-07T15:23:30.7329328Z --- PASS: TestR72RecommendedFailureStages/initial-session-guard (0.00s)
windows-build	UNKNOWN STEP	2026-10-07T15:23:30.7330089Z === RUN   TestR72RecommendedFailureStages/recommended-directory
windows-build	UNKNOWN STEP	2026-10-07T15:23:30.7342351Z --- PASS: TestR72RecommendedFailureStages/recommended-directory (0.00s)
windows-build	UNKNOWN STEP	2026-10-07T15:23:30.7343126Z === RUN   TestR72RecommendedFailureStages/previous-file-ownership
windows-build	UNKNOWN STEP	2026-10-07T15:23:30.7387272Z --- PASS: TestR72RecommendedFailureStages/previous-file-ownership (0.00s)
windows-build	UNKNOWN STEP	2026-10-07T15:23:30.7387833Z === RUN   TestR72RecommendedFailureStages/backup-ownership
windows-build	UNKNOWN STEP	2026-10-07T15:23:30.7429630Z --- PASS: TestR72RecommendedFailureStages/backup-ownership (0.00s)
windows-build	UNKNOWN STEP	2026-10-07T15:23:30.7430352Z === RUN   TestR72RecommendedFailureStages/replace-session-guard
windows-build	UNKNOWN STEP	2026-10-07T15:23:30.7467849Z --- PASS: TestR72RecommendedFailureStages/replace-session-guard (0.00s)
windows-build	UNKNOWN STEP	2026-10-07T15:23:30.7469203Z === RUN   TestR72RecommendedFailureStages/backup-write
windows-build	UNKNOWN STEP	2026-10-07T15:23:31.0116062Z --- PASS: TestR72RecommendedFailureStages/backup-write (0.26s)
windows-build	UNKNOWN STEP	2026-10-07T15:23:31.0116503Z === RUN   TestR72RecommendedFailureStages/file-write
windows-build	UNKNOWN STEP	2026-10-07T15:23:31.0466072Z --- PASS: TestR72RecommendedFailureStages/file-write (0.03s)
windows-build	UNKNOWN STEP	2026-10-07T15:23:31.0466665Z --- PASS: TestR72RecommendedFailureStages (0.32s)
windows-build	UNKNOWN STEP	2026-10-07T15:23:31.0467124Z === RUN   TestR72DisplayConfigIsNumericAllowlistedAndBounded
windows-build	UNKNOWN STEP	2026-10-07T15:23:31.0508500Z --- PASS: TestR72DisplayConfigIsNumericAllowlistedAndBounded (0.00s)
windows-build	UNKNOWN STEP	2026-10-07T15:23:31.0509193Z === RUN   TestR72ExportSnapshotMissingUnsafeAndForeignFiles
windows-build	UNKNOWN STEP	2026-10-07T15:23:31.0584406Z --- PASS: TestR72ExportSnapshotMissingUnsafeAndForeignFiles (0.01s)
windows-build	UNKNOWN STEP	2026-10-07T15:23:31.0585195Z === RUN   TestR72ExportIncludesReadOnlyCheckpointWithoutSecrets
windows-build	UNKNOWN STEP	2026-10-07T15:23:31.0913180Z --- PASS: TestR72ExportIncludesReadOnlyCheckpointWithoutSecrets (0.03s)
windows-build	UNKNOWN STEP	2026-10-07T15:23:31.0913941Z === RUN   TestR72CleanupFailureStageDoesNotLeakRawError
windows-build	UNKNOWN STEP	2026-10-07T15:23:31.0914605Z --- PASS: TestR72CleanupFailureStageDoesNotLeakRawError (0.00s)
windows-build	UNKNOWN STEP	2026-10-07T15:23:31.0915194Z === RUN   TestR72FailureCodesOnlyExposeEnums
windows-build	UNKNOWN STEP	2026-10-07T15:23:31.0915694Z --- PASS: TestR72FailureCodesOnlyExposeEnums (0.00s)
windows-build	UNKNOWN STEP	2026-10-07T15:23:31.0916355Z === RUN   TestR72PersistedShopSnapshotUsesOnlyKnownNumericFields
windows-build	UNKNOWN STEP	2026-10-07T15:23:31.0976020Z --- PASS: TestR72PersistedShopSnapshotUsesOnlyKnownNumericFields (0.01s)
windows-build	UNKNOWN STEP	2026-10-07T15:23:31.0976855Z === RUN   TestR72PersistedSnapshotDistinguishesMissingGameConfig
windows-build	UNKNOWN STEP	2026-10-07T15:23:31.1013221Z --- PASS: TestR72PersistedSnapshotDistinguishesMissingGameConfig (0.00s)
windows-build	UNKNOWN STEP	2026-10-07T15:23:31.1014276Z === RUN   TestR72ApplyLogsVerifiedPartialAndFailedStates
windows-build	UNKNOWN STEP	2026-10-07T15:23:31.1014964Z === RUN   TestR72ApplyLogsVerifiedPartialAndFailedStates/verified
windows-build	UNKNOWN STEP	2026-10-07T15:23:31.1559315Z --- PASS: TestR72ApplyLogsVerifiedPartialAndFailedStates/verified (0.05s)
windows-build	UNKNOWN STEP	2026-10-07T15:23:31.1560250Z === RUN   TestR72ApplyLogsVerifiedPartialAndFailedStates/cleanup-failed
windows-build	UNKNOWN STEP	2026-10-07T15:23:31.1962851Z --- PASS: TestR72ApplyLogsVerifiedPartialAndFailedStates/cleanup-failed (0.04s)
windows-build	UNKNOWN STEP	2026-10-07T15:23:31.1963511Z === RUN   TestR72ApplyLogsVerifiedPartialAndFailedStates/locate-failed
windows-build	UNKNOWN STEP	2026-10-07T15:23:31.2003820Z --- PASS: TestR72ApplyLogsVerifiedPartialAndFailedStates/locate-failed (0.00s)
windows-build	UNKNOWN STEP	2026-10-07T15:23:31.2004754Z --- PASS: TestR72ApplyLogsVerifiedPartialAndFailedStates (0.10s)
windows-build	UNKNOWN STEP	2026-10-07T15:23:31.2005242Z === RUN   TestR73TeamGate
windows-build	UNKNOWN STEP	2026-10-07T15:23:31.2005566Z --- PASS: TestR73TeamGate (0.00s)
windows-build	UNKNOWN STEP	2026-10-07T15:23:31.2005950Z === RUN   TestR73StableIdentityAnchor
windows-build	UNKNOWN STEP	2026-10-07T15:23:31.2006387Z --- PASS: TestR73StableIdentityAnchor (0.00s)
windows-build	UNKNOWN STEP	2026-10-07T15:23:31.2006872Z === RUN   TestR73DormantUnknownActivityOrder
windows-build	UNKNOWN STEP	2026-10-07T15:23:31.2007375Z --- PASS: TestR73DormantUnknownActivityOrder (0.00s)
windows-build	UNKNOWN STEP	2026-10-07T15:23:31.2007863Z === RUN   TestR73AmbiguousLadderNoRequest
windows-build	UNKNOWN STEP	2026-10-07T15:23:31.2008327Z --- PASS: TestR73AmbiguousLadderNoRequest (0.00s)
windows-build	UNKNOWN STEP	2026-10-07T15:23:31.2008775Z === RUN   TestR73LazyTierComparison
windows-build	UNKNOWN STEP	2026-10-07T15:23:31.2009186Z --- PASS: TestR73LazyTierComparison (0.00s)
windows-build	UNKNOWN STEP	2026-10-07T15:23:31.2009674Z === RUN   TestR73OverviewComparisonDoesNotPolluteSnapshot
windows-build	UNKNOWN STEP	2026-10-07T15:23:31.2010284Z --- PASS: TestR73OverviewComparisonDoesNotPolluteSnapshot (0.00s)
windows-build	UNKNOWN STEP	2026-10-07T15:23:31.2010796Z === RUN   TestR73Riot404AndPublicOverview
windows-build	UNKNOWN STEP	2026-10-07T15:23:31.2014145Z --- PASS: TestR73Riot404AndPublicOverview (0.00s)
windows-build	UNKNOWN STEP	2026-10-07T15:23:31.2014851Z === RUN   TestR73CapturedTeamGateAudit
windows-build	UNKNOWN STEP	2026-10-07T15:23:31.2015421Z     r73_test.go:192: optional local source capture
windows-build	UNKNOWN STEP	2026-10-07T15:23:31.2015938Z --- SKIP: TestR73CapturedTeamGateAudit (0.00s)
windows-build	UNKNOWN STEP	2026-10-07T15:23:31.2016547Z === RUN   TestR74RiotTransientIdentityFailureIsNotCached
windows-build	UNKNOWN STEP	2026-10-07T15:23:31.2017191Z --- PASS: TestR74RiotTransientIdentityFailureIsNotCached (0.00s)
windows-build	UNKNOWN STEP	2026-10-07T15:23:31.2017855Z === RUN   TestR74FacadeCatalogLoadsWithoutOpeningCollection
windows-build	UNKNOWN STEP	2026-10-07T15:23:31.2063719Z --- PASS: TestR74FacadeCatalogLoadsWithoutOpeningCollection (0.00s)
windows-build	UNKNOWN STEP	2026-10-07T15:23:31.2064415Z === RUN   TestR74FacadeConnectionChangeInvalidatesStaleCatalog
windows-build	UNKNOWN STEP	2026-10-07T15:23:31.2065313Z --- PASS: TestR74FacadeConnectionChangeInvalidatesStaleCatalog (0.00s)
windows-build	UNKNOWN STEP	2026-10-07T15:23:31.2066058Z === RUN   TestR74RiotBudgetExhaustionReturnsRetryAfterWithoutWaitingForTimeout
windows-build	UNKNOWN STEP	2026-10-07T15:23:31.2066919Z --- PASS: TestR74RiotBudgetExhaustionReturnsRetryAfterWithoutWaitingForTimeout (0.00s)
windows-build	UNKNOWN STEP	2026-10-07T15:23:31.2067850Z === RUN   TestR74RecommendationInventoryFindsOtherNamespacesWithoutModifyingFiles
windows-build	UNKNOWN STEP	2026-10-07T15:23:31.2195899Z --- PASS: TestR74RecommendationInventoryFindsOtherNamespacesWithoutModifyingFiles (0.01s)
windows-build	UNKNOWN STEP	2026-10-07T15:23:31.2196725Z === RUN   TestR78ChampSelectNormalizationEnforcesModeLimitsAndIDs
windows-build	UNKNOWN STEP	2026-10-07T15:23:31.2197204Z --- PASS: TestR78ChampSelectNormalizationEnforcesModeLimitsAndIDs (0.00s)
windows-build	UNKNOWN STEP	2026-10-07T15:23:31.2197794Z === RUN   TestR78RankedFallsBackToDefaultPoolWhenPositionUnknown
windows-build	UNKNOWN STEP	2026-10-07T15:23:31.2198235Z === RUN   TestR78RankedFallsBackToDefaultPoolWhenPositionUnknown/#00
windows-build	UNKNOWN STEP	2026-10-07T15:23:31.2198700Z --- PASS: TestR78RankedFallsBackToDefaultPoolWhenPositionUnknown/#00 (0.00s)
windows-build	UNKNOWN STEP	2026-10-07T15:23:31.2199310Z === RUN   TestR78RankedFallsBackToDefaultPoolWhenPositionUnknown/FILL
windows-build	UNKNOWN STEP	2026-10-07T15:23:31.2200137Z --- PASS: TestR78RankedFallsBackToDefaultPoolWhenPositionUnknown/FILL (0.00s)
windows-build	UNKNOWN STEP	2026-10-07T15:23:31.2201509Z === RUN   TestR78RankedFallsBackToDefaultPoolWhenPositionUnknown/NONE
windows-build	UNKNOWN STEP	2026-10-07T15:23:31.2202174Z --- PASS: TestR78RankedFallsBackToDefaultPoolWhenPositionUnknown/NONE (0.00s)
windows-build	UNKNOWN STEP	2026-10-07T15:23:31.2202650Z === RUN   TestR78RankedFallsBackToDefaultPoolWhenPositionUnknown/unknown
windows-build	UNKNOWN STEP	2026-10-07T15:23:31.2203388Z --- PASS: TestR78RankedFallsBackToDefaultPoolWhenPositionUnknown/unknown (0.00s)
windows-build	UNKNOWN STEP	2026-10-07T15:23:31.2203992Z --- PASS: TestR78RankedFallsBackToDefaultPoolWhenPositionUnknown (0.00s)
windows-build	UNKNOWN STEP	2026-10-07T15:23:31.2204410Z === RUN   TestR78RankedUnassignedPositionStillBans
windows-build	UNKNOWN STEP	2026-10-07T15:23:31.2206090Z --- PASS: TestR78RankedUnassignedPositionStillBans (0.00s)
windows-build	UNKNOWN STEP	2026-10-07T15:23:31.2206665Z === RUN   TestR78MatchmakingQueuesUseNormalGroup
windows-build	UNKNOWN STEP	2026-10-07T15:23:31.2207200Z --- PASS: TestR78MatchmakingQueuesUseNormalGroup (0.00s)
windows-build	UNKNOWN STEP	2026-10-07T15:23:31.2207599Z === RUN   TestR78TradeCapabilityIndependentOfBench
windows-build	UNKNOWN STEP	2026-10-07T15:23:31.2207944Z --- PASS: TestR78TradeCapabilityIndependentOfBench (0.00s)
windows-build	UNKNOWN STEP	2026-10-07T15:23:31.2208263Z === RUN   TestR78PickableFailureStillSwapsBench
windows-build	UNKNOWN STEP	2026-10-07T15:23:31.2208591Z --- PASS: TestR78PickableFailureStillSwapsBench (0.00s)
windows-build	UNKNOWN STEP	2026-10-07T15:23:31.2209003Z === RUN   TestR78V2WatchMigrationPreservesRulesAndAddsEmptyChampSelect
windows-build	UNKNOWN STEP	2026-10-07T15:23:31.2221854Z --- PASS: TestR78V2WatchMigrationPreservesRulesAndAddsEmptyChampSelect (0.00s)
windows-build	UNKNOWN STEP	2026-10-07T15:23:31.2222660Z === RUN   TestR78ChampSelectCandidateNormalizesLaneAndHonorsIntent
windows-build	UNKNOWN STEP	2026-10-07T15:23:31.2223369Z --- PASS: TestR78ChampSelectCandidateNormalizesLaneAndHonorsIntent (0.00s)
windows-build	UNKNOWN STEP	2026-10-07T15:23:31.2223821Z === RUN   TestR78ChampSelectDelayNeverNegativeOrPastPhase
windows-build	UNKNOWN STEP	2026-10-07T15:23:31.2224220Z --- PASS: TestR78ChampSelectDelayNeverNegativeOrPastPhase (0.00s)
windows-build	UNKNOWN STEP	2026-10-07T15:23:31.2224591Z === RUN   TestR78ChampSelectActionRequiresInProgress
windows-build	UNKNOWN STEP	2026-10-07T15:23:31.2224958Z --- PASS: TestR78ChampSelectActionRequiresInProgress (0.00s)
windows-build	UNKNOWN STEP	2026-10-07T15:23:31.2225302Z === RUN   TestR78ChampSelectRequiresChampSelectPhase
windows-build	UNKNOWN STEP	2026-10-07T15:23:31.2529781Z --- PASS: TestR78ChampSelectRequiresChampSelectPhase (0.03s)
windows-build	UNKNOWN STEP	2026-10-07T15:23:31.2530423Z === RUN   TestR78ChampSelectStrategiesAndTradePriority
windows-build	UNKNOWN STEP	2026-10-07T15:23:31.2530828Z --- PASS: TestR78ChampSelectStrategiesAndTradePriority (0.00s)
windows-build	UNKNOWN STEP	2026-10-07T15:23:31.2531269Z === RUN   TestR78ChampSelectSessionCacheClearsOnEnterAndLeave
windows-build	UNKNOWN STEP	2026-10-07T15:23:31.2531699Z --- PASS: TestR78ChampSelectSessionCacheClearsOnEnterAndLeave (0.00s)
windows-build	UNKNOWN STEP	2026-10-07T15:23:31.2532096Z === RUN   TestR78ChampSelectExhaustedEmitsAndDoesNotPatch
windows-build	UNKNOWN STEP	2026-10-07T15:23:31.2534741Z --- PASS: TestR78ChampSelectExhaustedEmitsAndDoesNotPatch (0.00s)
windows-build	UNKNOWN STEP	2026-10-07T15:23:31.2535601Z === RUN   TestR78ChampSelectSubmissionDeduplicatesAndUsesSecondIntentSafeChoice
windows-build	UNKNOWN STEP	2026-10-07T15:23:31.2849163Z --- PASS: TestR78ChampSelectSubmissionDeduplicatesAndUsesSecondIntentSafeChoice (0.03s)
windows-build	UNKNOWN STEP	2026-10-07T15:23:31.2849970Z === RUN   TestR78ChampSelectUserTakeoverCancelsAutomation
windows-build	UNKNOWN STEP	2026-10-07T15:23:31.2850404Z --- PASS: TestR78ChampSelectUserTakeoverCancelsAutomation (0.00s)
windows-build	UNKNOWN STEP	2026-10-07T15:23:31.2850735Z === RUN   TestR78ARAMNeverSubmitsBan
windows-build	UNKNOWN STEP	2026-10-07T15:23:31.3160713Z --- PASS: TestR78ARAMNeverSubmitsBan (0.03s)
windows-build	UNKNOWN STEP	2026-10-07T15:23:31.3161278Z === RUN   TestR78ArenaWithoutBanActionStillPicks
windows-build	UNKNOWN STEP	2026-10-07T15:23:31.3164782Z --- PASS: TestR78ArenaWithoutBanActionStillPicks (0.00s)
windows-build	UNKNOWN STEP	2026-10-07T15:23:31.3165459Z === RUN   TestR78CustomPracticeChampSelectUsesItsOwnPauseGate
windows-build	UNKNOWN STEP	2026-10-07T15:23:31.3169601Z --- PASS: TestR78CustomPracticeChampSelectUsesItsOwnPauseGate (0.00s)
windows-build	UNKNOWN STEP	2026-10-07T15:23:31.3170200Z === RUN   TestR79ItemSetContextReportsObservedGameflowPhase
windows-build	UNKNOWN STEP	2026-10-07T15:23:31.3170890Z === RUN   TestR79ItemSetContextReportsObservedGameflowPhase/champ-select
windows-build	UNKNOWN STEP	2026-10-07T15:23:31.3181634Z --- PASS: TestR79ItemSetContextReportsObservedGameflowPhase/champ-select (0.00s)
windows-build	UNKNOWN STEP	2026-10-07T15:23:31.3182312Z === RUN   TestR79ItemSetContextReportsObservedGameflowPhase/in-progress
windows-build	UNKNOWN STEP	2026-10-07T15:23:31.3189803Z --- PASS: TestR79ItemSetContextReportsObservedGameflowPhase/in-progress (0.00s)
windows-build	UNKNOWN STEP	2026-10-07T15:23:31.3190788Z === RUN   TestR79ItemSetContextReportsObservedGameflowPhase/lobby
windows-build	UNKNOWN STEP	2026-10-07T15:23:31.3195226Z --- PASS: TestR79ItemSetContextReportsObservedGameflowPhase/lobby (0.00s)
windows-build	UNKNOWN STEP	2026-10-07T15:23:31.3196418Z === RUN   TestR79ItemSetContextReportsObservedGameflowPhase/unreadable
windows-build	UNKNOWN STEP	2026-10-07T15:23:31.3202111Z --- PASS: TestR79ItemSetContextReportsObservedGameflowPhase/unreadable (0.00s)
windows-build	UNKNOWN STEP	2026-10-07T15:23:31.3202798Z --- PASS: TestR79ItemSetContextReportsObservedGameflowPhase (0.00s)
windows-build	UNKNOWN STEP	2026-10-07T15:23:31.3203344Z === RUN   TestR79ItemSetApplyDiagnosticRecordsRejectedPhase
windows-build	UNKNOWN STEP	2026-10-07T15:23:31.3234445Z --- PASS: TestR79ItemSetApplyDiagnosticRecordsRejectedPhase (0.00s)
windows-build	UNKNOWN STEP	2026-10-07T15:23:31.3234968Z === RUN   TestR86RiotMatchSingleflightAndCanceledWaiter
windows-build	UNKNOWN STEP	2026-10-07T15:23:31.3542873Z --- PASS: TestR86RiotMatchSingleflightAndCanceledWaiter (0.03s)
windows-build	UNKNOWN STEP	2026-10-07T15:23:31.3543843Z === RUN   TestR86CanceledQuotaWaitDoesNotReserveTokens
windows-build	UNKNOWN STEP	2026-10-07T15:23:31.3544556Z --- PASS: TestR86CanceledQuotaWaitDoesNotReserveTokens (0.00s)
windows-build	UNKNOWN STEP	2026-10-07T15:23:31.3545143Z === RUN   TestR86ChampionNamesNegativeCacheAndExpiry
windows-build	UNKNOWN STEP	2026-10-07T15:23:31.3545720Z --- PASS: TestR86ChampionNamesNegativeCacheAndExpiry (0.00s)
windows-build	UNKNOWN STEP	2026-10-07T15:23:31.3546302Z === RUN   TestR86RankCacheDoesNotAcquireApplicationLock
windows-build	UNKNOWN STEP	2026-10-07T15:23:31.3546968Z --- PASS: TestR86RankCacheDoesNotAcquireApplicationLock (0.00s)
windows-build	UNKNOWN STEP	2026-10-07T15:23:31.3547540Z === RUN   TestR86RiotOverviewCancellationStopsQueuedDetails
windows-build	UNKNOWN STEP	2026-10-07T15:23:31.3549452Z --- PASS: TestR86RiotOverviewCancellationStopsQueuedDetails (0.00s)
windows-build	UNKNOWN STEP	2026-10-07T15:23:31.3550183Z === RUN   TestR86RiotQueuedDetailsExitWhileActiveRequestsHoldSlots
windows-build	UNKNOWN STEP	2026-10-07T15:23:31.3573432Z --- PASS: TestR86RiotQueuedDetailsExitWhileActiveRequestsHoldSlots (0.00s)
windows-build	UNKNOWN STEP	2026-10-07T15:23:31.3574070Z === RUN   TestR86PlayAgainEarlierPhaseRearmsWithoutDuplicateOrPostponement
windows-build	UNKNOWN STEP	2026-10-07T15:23:32.9331813Z --- PASS: TestR86PlayAgainEarlierPhaseRearmsWithoutDuplicateOrPostponement (1.58s)
windows-build	UNKNOWN STEP	2026-10-07T15:23:32.9332372Z === RUN   TestR86DiagnosticBufferBudgetAndImmediateRead
windows-build	UNKNOWN STEP	2026-10-07T15:23:32.9688430Z --- PASS: TestR86DiagnosticBufferBudgetAndImmediateRead (0.04s)
windows-build	UNKNOWN STEP	2026-10-07T15:23:32.9689192Z === RUN   TestR86DiagnosticTimerFlushAndAsyncFailureVisible
windows-build	UNKNOWN STEP	2026-10-07T15:23:33.1748341Z --- PASS: TestR86DiagnosticTimerFlushAndAsyncFailureVisible (0.21s)
windows-build	UNKNOWN STEP	2026-10-07T15:23:33.1749225Z === RUN   TestR86EmptyProcessDiscoverySkipsDiskButErrorsRetainFallback
windows-build	UNKNOWN STEP	2026-10-07T15:23:33.1750003Z === RUN   TestR86EmptyProcessDiscoverySkipsDiskButErrorsRetainFallback/empty
windows-build	UNKNOWN STEP	2026-10-07T15:23:33.1750724Z --- PASS: TestR86EmptyProcessDiscoverySkipsDiskButErrorsRetainFallback/empty (0.00s)
windows-build	UNKNOWN STEP	2026-10-07T15:23:33.1751293Z === RUN   TestR86EmptyProcessDiscoverySkipsDiskButErrorsRetainFallback/failed
windows-build	UNKNOWN STEP	2026-10-07T15:23:33.1751819Z --- PASS: TestR86EmptyProcessDiscoverySkipsDiskButErrorsRetainFallback/failed (0.00s)
windows-build	UNKNOWN STEP	2026-10-07T15:23:33.1752362Z === RUN   TestR86EmptyProcessDiscoverySkipsDiskButErrorsRetainFallback/unreadable
windows-build	UNKNOWN STEP	2026-10-07T15:23:33.1752905Z --- PASS: TestR86EmptyProcessDiscoverySkipsDiskButErrorsRetainFallback/unreadable (0.00s)
windows-build	UNKNOWN STEP	2026-10-07T15:23:33.1753445Z --- PASS: TestR86EmptyProcessDiscoverySkipsDiskButErrorsRetainFallback (0.00s)
windows-build	UNKNOWN STEP	2026-10-07T15:23:33.1753910Z === RUN   TestR86ChampionDiskMigrationPruneAndThrottle
windows-build	UNKNOWN STEP	2026-10-07T15:23:33.4883753Z --- PASS: TestR86ChampionDiskMigrationPruneAndThrottle (0.31s)
windows-build	UNKNOWN STEP	2026-10-07T15:23:33.4884508Z === RUN   TestR86OverviewDeadlineCancelsQueuesAndMastery
windows-build	UNKNOWN STEP	2026-10-07T15:23:33.4885257Z === RUN   TestR86OverviewDeadlineCancelsQueuesAndMastery//lol-game-queues/v1/queues
windows-build	UNKNOWN STEP	2026-10-07T15:23:33.5098228Z --- PASS: TestR86OverviewDeadlineCancelsQueuesAndMastery//lol-game-queues/v1/queues (0.02s)
windows-build	UNKNOWN STEP	2026-10-07T15:23:33.5098912Z === RUN   TestR86OverviewDeadlineCancelsQueuesAndMastery/champion-mastery
windows-build	UNKNOWN STEP	2026-10-07T15:23:33.5810294Z --- PASS: TestR86OverviewDeadlineCancelsQueuesAndMastery/champion-mastery (0.07s)
windows-build	UNKNOWN STEP	2026-10-07T15:23:33.5811165Z --- PASS: TestR86OverviewDeadlineCancelsQueuesAndMastery (0.09s)
windows-build	UNKNOWN STEP	2026-10-07T15:23:33.5811835Z === RUN   TestR86SGPThreeHundredPhysicalPagesStayWithinBudget
windows-build	UNKNOWN STEP	2026-10-07T15:23:33.5812492Z === PAUSE TestR86SGPThreeHundredPhysicalPagesStayWithinBudget
windows-build	UNKNOWN STEP	2026-10-07T15:23:33.5813144Z === RUN   TestR86TenPageSeasonBackfillDoesNotPopulateHistoryCache
windows-build	UNKNOWN STEP	2026-10-07T15:23:33.6667038Z --- PASS: TestR86TenPageSeasonBackfillDoesNotPopulateHistoryCache (0.09s)
windows-build	UNKNOWN STEP	2026-10-07T15:23:33.6667816Z === RUN   TestR86SnapshotsPruneByBytesAndCount
windows-build	UNKNOWN STEP	2026-10-07T15:23:33.6668354Z === RUN   TestR86SnapshotsPruneByBytesAndCount/8388608
windows-build	UNKNOWN STEP	2026-10-07T15:23:33.7147541Z --- PASS: TestR86SnapshotsPruneByBytesAndCount/8388608 (0.05s)
windows-build	UNKNOWN STEP	2026-10-07T15:23:33.7148266Z === RUN   TestR86SnapshotsPruneByBytesAndCount/1
windows-build	UNKNOWN STEP	2026-10-07T15:23:33.7535200Z --- PASS: TestR86SnapshotsPruneByBytesAndCount/1 (0.04s)
windows-build	UNKNOWN STEP	2026-10-07T15:23:33.7535933Z --- PASS: TestR86SnapshotsPruneByBytesAndCount (0.09s)
windows-build	UNKNOWN STEP	2026-10-07T15:23:33.7536591Z === RUN   TestR87P7EveryEndPhaseResetsMatchmakingExhaustion
windows-build	UNKNOWN STEP	2026-10-07T15:23:33.7537382Z === RUN   TestR87P7EveryEndPhaseResetsMatchmakingExhaustion/WaitingForStats
windows-build	UNKNOWN STEP	2026-10-07T15:23:33.7538273Z --- PASS: TestR87P7EveryEndPhaseResetsMatchmakingExhaustion/WaitingForStats (0.00s)
windows-build	UNKNOWN STEP	2026-10-07T15:23:33.7539141Z === RUN   TestR87P7EveryEndPhaseResetsMatchmakingExhaustion/PreEndOfGame
windows-build	UNKNOWN STEP	2026-10-07T15:23:33.7540504Z --- PASS: TestR87P7EveryEndPhaseResetsMatchmakingExhaustion/PreEndOfGame (0.00s)
windows-build	UNKNOWN STEP	2026-10-07T15:23:33.7541322Z === RUN   TestR87P7EveryEndPhaseResetsMatchmakingExhaustion/EndOfGame
windows-build	UNKNOWN STEP	2026-10-07T15:23:33.7542075Z --- PASS: TestR87P7EveryEndPhaseResetsMatchmakingExhaustion/EndOfGame (0.00s)
windows-build	UNKNOWN STEP	2026-10-07T15:23:33.7543162Z --- PASS: TestR87P7EveryEndPhaseResetsMatchmakingExhaustion (0.00s)
windows-build	UNKNOWN STEP	2026-10-07T15:23:33.7543567Z === RUN   TestR87P7FourStateGuardExplainsEachSkip
windows-build	UNKNOWN STEP	2026-10-07T15:23:33.7543935Z === RUN   TestR87P7FourStateGuardExplainsEachSkip/custom
windows-build	UNKNOWN STEP	2026-10-07T15:23:33.7544329Z --- PASS: TestR87P7FourStateGuardExplainsEachSkip/custom (0.00s)
windows-build	UNKNOWN STEP	2026-10-07T15:23:33.7544706Z === RUN   TestR87P7FourStateGuardExplainsEachSkip/started
windows-build	UNKNOWN STEP	2026-10-07T15:23:33.7545073Z --- PASS: TestR87P7FourStateGuardExplainsEachSkip/started (0.00s)
windows-build	UNKNOWN STEP	2026-10-07T15:23:33.7545448Z === RUN   TestR87P7FourStateGuardExplainsEachSkip/inflight
windows-build	UNKNOWN STEP	2026-10-07T15:23:33.7545835Z --- PASS: TestR87P7FourStateGuardExplainsEachSkip/inflight (0.00s)
windows-build	UNKNOWN STEP	2026-10-07T15:23:33.7546355Z === RUN   TestR87P7FourStateGuardExplainsEachSkip/exhausted
windows-build	UNKNOWN STEP	2026-10-07T15:23:33.7546893Z --- PASS: TestR87P7FourStateGuardExplainsEachSkip/exhausted (0.00s)
windows-build	UNKNOWN STEP	2026-10-07T15:23:33.7547287Z --- PASS: TestR87P7FourStateGuardExplainsEachSkip (0.00s)
windows-build	UNKNOWN STEP	2026-10-07T15:23:33.7547667Z === RUN   TestR87P7CanceledOldMatchmakingCannotPoisonNextGame
windows-build	UNKNOWN STEP	2026-10-07T15:23:33.7548100Z --- PASS: TestR87P7CanceledOldMatchmakingCannotPoisonNextGame (0.00s)
windows-build	UNKNOWN STEP	2026-10-07T15:23:33.7548508Z === RUN   TestR87P7CanceledJobsDoNotBlockReenabledMatchmaking
windows-build	UNKNOWN STEP	2026-10-07T15:23:33.7548920Z === RUN   TestR87P7CanceledJobsDoNotBlockReenabledMatchmaking/rule-toggle
windows-build	UNKNOWN STEP	2026-10-07T15:23:33.7549412Z --- PASS: TestR87P7CanceledJobsDoNotBlockReenabledMatchmaking/rule-toggle (0.00s)
windows-build	UNKNOWN STEP	2026-10-07T15:23:33.7549899Z === RUN   TestR87P7CanceledJobsDoNotBlockReenabledMatchmaking/master-toggle
windows-build	UNKNOWN STEP	2026-10-07T15:23:33.7550400Z --- PASS: TestR87P7CanceledJobsDoNotBlockReenabledMatchmaking/master-toggle (0.00s)
windows-build	UNKNOWN STEP	2026-10-07T15:23:33.7551060Z === RUN   TestR87P7CanceledJobsDoNotBlockReenabledMatchmaking/disabled-phase
windows-build	UNKNOWN STEP	2026-10-07T15:23:33.7551660Z --- PASS: TestR87P7CanceledJobsDoNotBlockReenabledMatchmaking/disabled-phase (0.00s)
windows-build	UNKNOWN STEP	2026-10-07T15:23:33.7552473Z === RUN   TestR87P7CanceledJobsDoNotBlockReenabledMatchmaking/custom-session
windows-build	UNKNOWN STEP	2026-10-07T15:23:33.7552983Z --- PASS: TestR87P7CanceledJobsDoNotBlockReenabledMatchmaking/custom-session (0.00s)
windows-build	UNKNOWN STEP	2026-10-07T15:23:33.7553455Z === RUN   TestR87P7CanceledJobsDoNotBlockReenabledMatchmaking/leave-lobby
windows-build	UNKNOWN STEP	2026-10-07T15:23:33.7553936Z --- PASS: TestR87P7CanceledJobsDoNotBlockReenabledMatchmaking/leave-lobby (0.00s)
windows-build	UNKNOWN STEP	2026-10-07T15:23:33.7554518Z --- PASS: TestR87P7CanceledJobsDoNotBlockReenabledMatchmaking (0.00s)
windows-build	UNKNOWN STEP	2026-10-07T15:23:33.7555079Z === RUN   TestR87P7AndP9ClientDiagnosticsReachExport
windows-build	UNKNOWN STEP	2026-10-07T15:23:33.7555417Z === RUN   TestR87P7AndP9ClientDiagnosticsReachExport/false
windows-build	UNKNOWN STEP	2026-10-07T15:23:33.7564898Z --- PASS: TestR87P7AndP9ClientDiagnosticsReachExport/false (0.00s)
windows-build	UNKNOWN STEP	2026-10-07T15:23:33.7566667Z === RUN   TestR87P7AndP9ClientDiagnosticsReachExport/true
windows-build	UNKNOWN STEP	2026-10-07T15:23:33.7584453Z --- PASS: TestR87P7AndP9ClientDiagnosticsReachExport/true (0.00s)
windows-build	UNKNOWN STEP	2026-10-07T15:23:33.7629539Z --- PASS: TestR87P7AndP9ClientDiagnosticsReachExport (0.01s)
windows-build	UNKNOWN STEP	2026-10-07T15:23:33.7630206Z === RUN   TestR87PrewarmRejectsDifferentGameWithoutPhaseEvent
windows-build	UNKNOWN STEP	2026-10-07T15:23:33.7632102Z --- PASS: TestR87PrewarmRejectsDifferentGameWithoutPhaseEvent (0.00s)
windows-build	UNKNOWN STEP	2026-10-07T15:23:33.7632695Z === RUN   TestR87PrewarmSurvivesLongHiddenWindow
windows-build	UNKNOWN STEP	2026-10-07T15:23:33.7638984Z --- PASS: TestR87PrewarmSurvivesLongHiddenWindow (0.00s)
windows-build	UNKNOWN STEP	2026-10-07T15:23:33.7639607Z === RUN   TestR87OldPhaseWarmCannotReplaceNewPhaseFlight
windows-build	UNKNOWN STEP	2026-10-07T15:23:33.7640363Z --- PASS: TestR87OldPhaseWarmCannotReplaceNewPhaseFlight (0.00s)
windows-build	UNKNOWN STEP	2026-10-07T15:23:33.7640988Z === RUN   TestR87ReconnectPreflightRejectsLostEndEvent
windows-build	UNKNOWN STEP	2026-10-07T15:23:33.7641614Z === RUN   TestR87ReconnectPreflightRejectsLostEndEvent/Reconnect
windows-build	UNKNOWN STEP	2026-10-07T15:23:33.7642377Z --- PASS: TestR87ReconnectPreflightRejectsLostEndEvent/Reconnect (0.00s)
windows-build	UNKNOWN STEP	2026-10-07T15:23:33.7644451Z === RUN   TestR87ReconnectPreflightRejectsLostEndEvent/WaitingForStats
windows-build	UNKNOWN STEP	2026-10-07T15:23:33.7645447Z --- PASS: TestR87ReconnectPreflightRejectsLostEndEvent/WaitingForStats (0.00s)
windows-build	UNKNOWN STEP	2026-10-07T15:23:33.7646230Z --- PASS: TestR87ReconnectPreflightRejectsLostEndEvent (0.00s)
windows-build	UNKNOWN STEP	2026-10-07T15:23:33.7646941Z === RUN   TestR87BannableProbeKeepsHTTPStatusAndActionGateSeparate
windows-build	UNKNOWN STEP	2026-10-07T15:23:33.7647679Z === RUN   TestR87BannableProbeKeepsHTTPStatusAndActionGateSeparate/0
windows-build	UNKNOWN STEP	2026-10-07T15:23:33.7648462Z --- PASS: TestR87BannableProbeKeepsHTTPStatusAndActionGateSeparate/0 (0.00s)
windows-build	UNKNOWN STEP	2026-10-07T15:23:33.7649275Z === RUN   TestR87BannableProbeKeepsHTTPStatusAndActionGateSeparate/200
windows-build	UNKNOWN STEP	2026-10-07T15:23:33.7652259Z --- PASS: TestR87BannableProbeKeepsHTTPStatusAndActionGateSeparate/200 (0.00s)
windows-build	UNKNOWN STEP	2026-10-07T15:23:33.7653127Z === RUN   TestR87BannableProbeKeepsHTTPStatusAndActionGateSeparate/204
windows-build	UNKNOWN STEP	2026-10-07T15:23:33.7655561Z --- PASS: TestR87BannableProbeKeepsHTTPStatusAndActionGateSeparate/204 (0.00s)
windows-build	UNKNOWN STEP	2026-10-07T15:23:33.7656373Z === RUN   TestR87BannableProbeKeepsHTTPStatusAndActionGateSeparate/503
windows-build	UNKNOWN STEP	2026-10-07T15:23:33.7657160Z --- PASS: TestR87BannableProbeKeepsHTTPStatusAndActionGateSeparate/503 (0.00s)
windows-build	UNKNOWN STEP	2026-10-07T15:23:33.7657675Z --- PASS: TestR87BannableProbeKeepsHTTPStatusAndActionGateSeparate (0.00s)
windows-build	UNKNOWN STEP	2026-10-07T15:23:33.7658204Z === RUN   TestR87CollectionThreeComparisonsAndBoundedPendingRetry
windows-build	UNKNOWN STEP	2026-10-07T15:23:34.1690129Z     r87_additional_test.go:199: mock medians old=126.4104ms new=8.1276ms improvement=93.6%
windows-build	UNKNOWN STEP	2026-10-07T15:23:34.1731742Z --- PASS: TestR87CollectionThreeComparisonsAndBoundedPendingRetry (0.41s)
windows-build	UNKNOWN STEP	2026-10-07T15:23:34.1732849Z === RUN   TestR87ClaimHandlerSuppliesOwnBudget
windows-build	UNKNOWN STEP	2026-10-07T15:23:34.1733738Z --- PASS: TestR87ClaimHandlerSuppliesOwnBudget (0.00s)
windows-build	UNKNOWN STEP	2026-10-07T15:23:34.1734363Z === RUN   TestR87PositionBroadcastEveryFailureReason
windows-build	UNKNOWN STEP	2026-10-07T15:23:34.1735412Z === RUN   TestR87PositionBroadcastEveryFailureReason/session-read-failed
windows-build	UNKNOWN STEP	2026-10-07T15:23:34.1736241Z --- PASS: TestR87PositionBroadcastEveryFailureReason/session-read-failed (0.00s)
windows-build	UNKNOWN STEP	2026-10-07T15:23:34.1736927Z === RUN   TestR87PositionBroadcastEveryFailureReason/gameflow-read-failed
windows-build	UNKNOWN STEP	2026-10-07T15:23:34.1738110Z --- PASS: TestR87PositionBroadcastEveryFailureReason/gameflow-read-failed (0.00s)
windows-build	UNKNOWN STEP	2026-10-07T15:23:34.1738838Z === RUN   TestR87PositionBroadcastEveryFailureReason/chat-read-failed
windows-build	UNKNOWN STEP	2026-10-07T15:23:34.1739509Z --- PASS: TestR87PositionBroadcastEveryFailureReason/chat-read-failed (0.00s)
windows-build	UNKNOWN STEP	2026-10-07T15:23:34.1740250Z === RUN   TestR87PositionBroadcastEveryFailureReason/conversation-unavailable
windows-build	UNKNOWN STEP	2026-10-07T15:23:34.1741064Z --- PASS: TestR87PositionBroadcastEveryFailureReason/conversation-unavailable (0.00s)
windows-build	UNKNOWN STEP	2026-10-07T15:23:34.1741883Z === RUN   TestR87PositionBroadcastEveryFailureReason/message-write-failed
windows-build	UNKNOWN STEP	2026-10-07T15:23:34.1742719Z --- PASS: TestR87PositionBroadcastEveryFailureReason/message-write-failed (0.00s)
windows-build	UNKNOWN STEP	2026-10-07T15:23:34.1746052Z === RUN   TestR87PositionBroadcastEveryFailureReason/team-unavailable
windows-build	UNKNOWN STEP	2026-10-07T15:23:34.1746668Z --- PASS: TestR87PositionBroadcastEveryFailureReason/team-unavailable (0.00s)
windows-build	UNKNOWN STEP	2026-10-07T15:23:34.1747263Z --- PASS: TestR87PositionBroadcastEveryFailureReason (0.00s)
windows-build	UNKNOWN STEP	2026-10-07T15:23:34.1748073Z === RUN   TestR87SGPForceInvalidationRejectsOldFlightAndKeepsOtherPlayer
windows-build	UNKNOWN STEP	2026-10-07T15:23:34.1748743Z --- PASS: TestR87SGPForceInvalidationRejectsOldFlightAndKeepsOtherPlayer (0.00s)
windows-build	UNKNOWN STEP	2026-10-07T15:23:34.1749143Z === RUN   TestR87CancellationScopes
windows-build	UNKNOWN STEP	2026-10-07T15:23:34.1749406Z --- PASS: TestR87CancellationScopes (0.00s)
windows-build	UNKNOWN STEP	2026-10-07T15:23:34.1749756Z === RUN   TestR87ClientDiagnosticsReachExportWithLifecycleFields
windows-build	UNKNOWN STEP	2026-10-07T15:23:34.1750187Z === RUN   TestR87ClientDiagnosticsReachExportWithLifecycleFields/overview
windows-build	UNKNOWN STEP	2026-10-07T15:23:34.1763819Z --- PASS: TestR87ClientDiagnosticsReachExportWithLifecycleFields/overview (0.00s)
windows-build	UNKNOWN STEP	2026-10-07T15:23:34.1764683Z === RUN   TestR87ClientDiagnosticsReachExportWithLifecycleFields/live
windows-build	UNKNOWN STEP	2026-10-07T15:23:34.1785026Z --- PASS: TestR87ClientDiagnosticsReachExportWithLifecycleFields/live (0.00s)
windows-build	UNKNOWN STEP	2026-10-07T15:23:34.1785909Z === RUN   TestR87ClientDiagnosticsReachExportWithLifecycleFields/champions
windows-build	UNKNOWN STEP	2026-10-07T15:23:34.1803630Z --- PASS: TestR87ClientDiagnosticsReachExportWithLifecycleFields/champions (0.00s)
windows-build	UNKNOWN STEP	2026-10-07T15:23:34.1804551Z === RUN   TestR87ClientDiagnosticsReachExportWithLifecycleFields/favorites
windows-build	UNKNOWN STEP	2026-10-07T15:23:34.1822829Z --- PASS: TestR87ClientDiagnosticsReachExportWithLifecycleFields/favorites (0.00s)
windows-build	UNKNOWN STEP	2026-10-07T15:23:34.1823592Z === RUN   TestR87ClientDiagnosticsReachExportWithLifecycleFields/suite
windows-build	UNKNOWN STEP	2026-10-07T15:23:34.1842670Z --- PASS: TestR87ClientDiagnosticsReachExportWithLifecycleFields/suite (0.00s)
windows-build	UNKNOWN STEP	2026-10-07T15:23:34.1861636Z --- PASS: TestR87ClientDiagnosticsReachExportWithLifecycleFields (0.01s)
windows-build	UNKNOWN STEP	2026-10-07T15:23:34.1862451Z === RUN   TestR87ClaimTimeoutBeforeScanStillPairsItemDiagnostics
windows-build	UNKNOWN STEP	2026-10-07T15:23:34.2087517Z --- PASS: TestR87ClaimTimeoutBeforeScanStillPairsItemDiagnostics (0.02s)
windows-build	UNKNOWN STEP	2026-10-07T15:23:34.2088216Z === RUN   TestR87ArenaSentinelActuallyPatches
windows-build	UNKNOWN STEP	2026-10-07T15:23:34.2089090Z === RUN   TestR87ArenaSentinelActuallyPatches/1700
windows-build	UNKNOWN STEP	2026-10-07T15:23:34.2103411Z --- PASS: TestR87ArenaSentinelActuallyPatches/1700 (0.00s)
windows-build	UNKNOWN STEP	2026-10-07T15:23:34.2104031Z === RUN   TestR87ArenaSentinelActuallyPatches/1710
windows-build	UNKNOWN STEP	2026-10-07T15:23:34.2124368Z --- PASS: TestR87ArenaSentinelActuallyPatches/1710 (0.00s)
windows-build	UNKNOWN STEP	2026-10-07T15:23:34.2124918Z === RUN   TestR87ArenaSentinelActuallyPatches/1750
windows-build	UNKNOWN STEP	2026-10-07T15:23:34.2145495Z --- PASS: TestR87ArenaSentinelActuallyPatches/1750 (0.00s)
windows-build	UNKNOWN STEP	2026-10-07T15:23:34.2146095Z --- PASS: TestR87ArenaSentinelActuallyPatches (0.01s)
windows-build	UNKNOWN STEP	2026-10-07T15:23:34.2146910Z === RUN   TestR87ArenaLiteralBoundary
windows-build	UNKNOWN STEP	2026-10-07T15:23:34.2282807Z --- PASS: TestR87ArenaLiteralBoundary (0.01s)
windows-build	UNKNOWN STEP	2026-10-07T15:23:34.2283352Z === RUN   TestR87WaitingForStatsInvalidatesOnlySubjectAndDetachesFlight
windows-build	UNKNOWN STEP	2026-10-07T15:23:34.2283930Z --- PASS: TestR87WaitingForStatsInvalidatesOnlySubjectAndDetachesFlight (0.00s)
windows-build	UNKNOWN STEP	2026-10-07T15:23:34.2284375Z === RUN   TestR87PhasePrewarmMakesFirstLiveResponseFast
windows-build	UNKNOWN STEP	2026-10-07T15:23:34.6085827Z     r87_test.go:141: cold=247.6496ms warm=5.2006ms
windows-build	UNKNOWN STEP	2026-10-07T15:23:34.6086743Z --- PASS: TestR87PhasePrewarmMakesFirstLiveResponseFast (0.38s)
windows-build	UNKNOWN STEP	2026-10-07T15:23:34.6087294Z === RUN   TestR87CollectionSharesPayloadsAndDoesNotCacheEmptyAcrossRefreshes
windows-build	UNKNOWN STEP	2026-10-07T15:23:34.6088149Z --- PASS: TestR87CollectionSharesPayloadsAndDoesNotCacheEmptyAcrossRefreshes (0.00s)
windows-build	UNKNOWN STEP	2026-10-07T15:23:34.6089009Z === RUN   TestR87NineClaimsScanOnceEachAndTimeoutBudgetIncludesLock
windows-build	UNKNOWN STEP	2026-10-07T15:23:34.6355573Z --- PASS: TestR87NineClaimsScanOnceEachAndTimeoutBudgetIncludesLock (0.03s)
windows-build	UNKNOWN STEP	2026-10-07T15:23:34.6356282Z === RUN   TestR87ReconnectRequiresSustainedPhase
windows-build	UNKNOWN STEP	2026-10-07T15:23:34.6356809Z --- PASS: TestR87ReconnectRequiresSustainedPhase (0.00s)
windows-build	UNKNOWN STEP	2026-10-07T15:23:34.6357348Z === RUN   TestR87PositionBroadcastFailureHasReason
windows-build	UNKNOWN STEP	2026-10-07T15:23:34.6358796Z --- PASS: TestR87PositionBroadcastFailureHasReason (0.00s)
windows-build	UNKNOWN STEP	2026-10-07T15:23:34.6359399Z === RUN   TestR87RosterLayoutPreservesMainAndStats
windows-build	UNKNOWN STEP	2026-10-07T15:23:34.6359936Z --- PASS: TestR87RosterLayoutPreservesMainAndStats (0.00s)
windows-build	UNKNOWN STEP	2026-10-07T15:23:34.6360416Z === RUN   TestR88QueueGuardMutations
windows-build	UNKNOWN STEP	2026-10-07T15:23:34.6363860Z --- PASS: TestR88QueueGuardMutations (0.00s)
windows-build	UNKNOWN STEP	2026-10-07T15:23:34.6364376Z === RUN   TestR88ArenaBanWildcardActuallyPatches
windows-build	UNKNOWN STEP	2026-10-07T15:23:34.6364891Z === RUN   TestR88ArenaBanWildcardActuallyPatches/1750
windows-build	UNKNOWN STEP	2026-10-07T15:23:34.6396830Z --- PASS: TestR88ArenaBanWildcardActuallyPatches/1750 (0.00s)
windows-build	UNKNOWN STEP	2026-10-07T15:23:34.6397463Z === RUN   TestR88ArenaBanWildcardActuallyPatches/3110
windows-build	UNKNOWN STEP	2026-10-07T15:23:34.6423630Z --- PASS: TestR88ArenaBanWildcardActuallyPatches/3110 (0.00s)
windows-build	UNKNOWN STEP	2026-10-07T15:23:34.6424273Z === RUN   TestR88ArenaBanWildcardActuallyPatches/3100
windows-build	UNKNOWN STEP	2026-10-07T15:23:34.6455334Z --- PASS: TestR88ArenaBanWildcardActuallyPatches/3100 (0.00s)
windows-build	UNKNOWN STEP	2026-10-07T15:23:34.6455993Z --- PASS: TestR88ArenaBanWildcardActuallyPatches (0.01s)
windows-build	UNKNOWN STEP	2026-10-07T15:23:34.6456666Z === RUN   TestR88OrdinaryLiveLoadsCacheAndReuseWithoutExtendingTTL
windows-build	UNKNOWN STEP	2026-10-07T15:23:34.6466361Z --- PASS: TestR88OrdinaryLiveLoadsCacheAndReuseWithoutExtendingTTL (0.00s)
windows-build	UNKNOWN STEP	2026-10-07T15:23:34.6467148Z === RUN   TestR88SummonerCacheCoalescesExpiresAndIsolatesClients
windows-build	UNKNOWN STEP	2026-10-07T15:23:34.6626204Z --- PASS: TestR88SummonerCacheCoalescesExpiresAndIsolatesClients (0.02s)
windows-build	UNKNOWN STEP	2026-10-07T15:23:34.6626929Z === RUN   TestR88ArenaRankingsOPAndPartialSchema
windows-build	UNKNOWN STEP	2026-10-07T15:23:34.6661381Z --- PASS: TestR88ArenaRankingsOPAndPartialSchema (0.00s)
windows-build	UNKNOWN STEP	2026-10-07T15:23:34.6724221Z === RUN   TestR88DiagnosticContractsAndBuildMarker
windows-build	UNKNOWN STEP	2026-10-07T15:23:34.6724902Z --- PASS: TestR88DiagnosticContractsAndBuildMarker (0.01s)
windows-build	UNKNOWN STEP	2026-10-07T15:23:34.6725510Z === RUN   TestR88ConcurrentCachedProbeRejectsSupersededSnapshot
windows-build	UNKNOWN STEP	2026-10-07T15:23:34.6727397Z --- PASS: TestR88ConcurrentCachedProbeRejectsSupersededSnapshot (0.00s)
windows-build	UNKNOWN STEP	2026-10-07T15:23:34.6728068Z === RUN   TestR89DiagnosticArenaParserDirectStoragePath
windows-build	UNKNOWN STEP	2026-10-07T15:23:34.6758482Z --- PASS: TestR89DiagnosticArenaParserDirectStoragePath (0.00s)
windows-build	UNKNOWN STEP	2026-10-07T15:23:34.6759118Z === RUN   TestR89DiagnosticStorageOverridesStaleProducerMarkerWithoutMutation
windows-build	UNKNOWN STEP	2026-10-07T15:23:34.6777109Z --- PASS: TestR89DiagnosticStorageOverridesStaleProducerMarkerWithoutMutation (0.00s)
windows-build	UNKNOWN STEP	2026-10-07T15:23:34.6777989Z === RUN   TestR89DiagnosticStandardEventsRetainFingerprint
windows-build	UNKNOWN STEP	2026-10-07T15:23:34.6798255Z --- PASS: TestR89DiagnosticStandardEventsRetainFingerprint (0.00s)
windows-build	UNKNOWN STEP	2026-10-07T15:23:34.6799091Z === RUN   TestR89DiagnosticStorageRotationMarkerAlsoHasFingerprint
windows-build	UNKNOWN STEP	2026-10-07T15:23:34.6842322Z --- PASS: TestR89DiagnosticStorageRotationMarkerAlsoHasFingerprint (0.00s)
windows-build	UNKNOWN STEP	2026-10-07T15:23:34.6843688Z === RUN   TestR89QueueGuardEquivalentMutations
windows-build	UNKNOWN STEP	2026-10-07T15:23:34.6844430Z === RUN   TestR89QueueGuardEquivalentMutations/reflect
windows-build	UNKNOWN STEP	2026-10-07T15:23:34.6845166Z --- PASS: TestR89QueueGuardEquivalentMutations/reflect (0.00s)
windows-build	UNKNOWN STEP	2026-10-07T15:23:34.6845767Z === RUN   TestR89QueueGuardEquivalentMutations/itoa
windows-build	UNKNOWN STEP	2026-10-07T15:23:34.6857682Z --- PASS: TestR89QueueGuardEquivalentMutations/itoa (0.00s)
windows-build	UNKNOWN STEP	2026-10-07T15:23:34.6858327Z === RUN   TestR89QueueGuardEquivalentMutations/sprint
windows-build	UNKNOWN STEP	2026-10-07T15:23:34.6858974Z --- PASS: TestR89QueueGuardEquivalentMutations/sprint (0.00s)
windows-build	UNKNOWN STEP	2026-10-07T15:23:34.6859599Z === RUN   TestR89QueueGuardEquivalentMutations/constant-alias
windows-build	UNKNOWN STEP	2026-10-07T15:23:34.6860313Z --- PASS: TestR89QueueGuardEquivalentMutations/constant-alias (0.00s)
windows-build	UNKNOWN STEP	2026-10-07T15:23:34.6860959Z === RUN   TestR89QueueGuardEquivalentMutations/equal-fold
windows-build	UNKNOWN STEP	2026-10-07T15:23:34.6861581Z --- PASS: TestR89QueueGuardEquivalentMutations/equal-fold (0.00s)
windows-build	UNKNOWN STEP	2026-10-07T15:23:34.6862217Z === RUN   TestR89QueueGuardEquivalentMutations/original-direct
windows-build	UNKNOWN STEP	2026-10-07T15:23:34.6862920Z --- PASS: TestR89QueueGuardEquivalentMutations/original-direct (0.00s)
windows-build	UNKNOWN STEP	2026-10-07T15:23:34.6863556Z === RUN   TestR89QueueGuardEquivalentMutations/wrapper
windows-build	UNKNOWN STEP	2026-10-07T15:23:34.6864941Z --- PASS: TestR89QueueGuardEquivalentMutations/wrapper (0.00s)
windows-build	UNKNOWN STEP	2026-10-07T15:23:34.6866070Z === RUN   TestR89QueueGuardEquivalentMutations/reflect-alias
windows-build	UNKNOWN STEP	2026-10-07T15:23:34.6866938Z --- PASS: TestR89QueueGuardEquivalentMutations/reflect-alias (0.00s)
windows-build	UNKNOWN STEP	2026-10-07T15:23:34.6867594Z === RUN   TestR89QueueGuardEquivalentMutations/string-alias
windows-build	UNKNOWN STEP	2026-10-07T15:23:34.6868472Z --- PASS: TestR89QueueGuardEquivalentMutations/string-alias (0.00s)
windows-build	UNKNOWN STEP	2026-10-07T15:23:34.6868993Z === RUN   TestR89QueueGuardEquivalentMutations/generic-compare
windows-build	UNKNOWN STEP	2026-10-07T15:23:34.6869630Z --- PASS: TestR89QueueGuardEquivalentMutations/generic-compare (0.00s)
windows-build	UNKNOWN STEP	2026-10-07T15:23:34.6870091Z === RUN   TestR89QueueGuardEquivalentMutations/string-switch
windows-build	UNKNOWN STEP	2026-10-07T15:23:34.6870738Z --- PASS: TestR89QueueGuardEquivalentMutations/string-switch (0.00s)
windows-build	UNKNOWN STEP	2026-10-07T15:23:34.6871387Z === RUN   TestR89QueueGuardEquivalentMutations/format-alias
windows-build	UNKNOWN STEP	2026-10-07T15:23:34.6872052Z --- PASS: TestR89QueueGuardEquivalentMutations/format-alias (0.00s)
windows-build	UNKNOWN STEP	2026-10-07T15:23:34.6872702Z === RUN   TestR89QueueGuardEquivalentMutations/arithmetic
windows-build	UNKNOWN STEP	2026-10-07T15:23:34.6873335Z --- PASS: TestR89QueueGuardEquivalentMutations/arithmetic (0.00s)
windows-build	UNKNOWN STEP	2026-10-07T15:23:34.6873941Z === RUN   TestR89QueueGuardEquivalentMutations/compare
windows-build	UNKNOWN STEP	2026-10-07T15:23:34.6874540Z --- PASS: TestR89QueueGuardEquivalentMutations/compare (0.00s)
windows-build	UNKNOWN STEP	2026-10-07T15:23:34.6875177Z === RUN   TestR89QueueGuardEquivalentMutations/original-alias
windows-build	UNKNOWN STEP	2026-10-07T15:23:34.6875838Z --- PASS: TestR89QueueGuardEquivalentMutations/original-alias (0.00s)
windows-build	UNKNOWN STEP	2026-10-07T15:23:34.6876555Z === RUN   TestR89QueueGuardEquivalentMutations/cast-literal
windows-build	UNKNOWN STEP	2026-10-07T15:23:34.6877200Z --- PASS: TestR89QueueGuardEquivalentMutations/cast-literal (0.00s)
windows-build	UNKNOWN STEP	2026-10-07T15:23:34.6877863Z === RUN   TestR89QueueGuardEquivalentMutations/unsigned-format
windows-build	UNKNOWN STEP	2026-10-07T15:23:34.6878545Z --- PASS: TestR89QueueGuardEquivalentMutations/unsigned-format (0.00s)
windows-build	UNKNOWN STEP	2026-10-07T15:23:34.6879240Z === RUN   TestR89QueueGuardEquivalentMutations/numeric-string-rhs
windows-build	UNKNOWN STEP	2026-10-07T15:23:34.6879959Z --- PASS: TestR89QueueGuardEquivalentMutations/numeric-string-rhs (0.00s)
windows-build	UNKNOWN STEP	2026-10-07T15:23:34.6880628Z === RUN   TestR89QueueGuardEquivalentMutations/named-queue-root
windows-build	UNKNOWN STEP	2026-10-07T15:23:34.6881331Z --- PASS: TestR89QueueGuardEquivalentMutations/named-queue-root (0.00s)
windows-build	UNKNOWN STEP	2026-10-07T15:23:34.6882005Z === RUN   TestR89QueueGuardEquivalentMutations/bytes
windows-build	UNKNOWN STEP	2026-10-07T15:23:34.6882547Z --- PASS: TestR89QueueGuardEquivalentMutations/bytes (0.00s)
windows-build	UNKNOWN STEP	2026-10-07T15:23:34.6883077Z === RUN   TestR89QueueGuardEquivalentMutations/string-direct
windows-build	UNKNOWN STEP	2026-10-07T15:23:34.6883699Z --- PASS: TestR89QueueGuardEquivalentMutations/string-direct (0.00s)
windows-build	UNKNOWN STEP	2026-10-07T15:23:34.6884291Z === RUN   TestR89QueueGuardEquivalentMutations/float-exponent
windows-build	UNKNOWN STEP	2026-10-07T15:23:34.6884892Z --- PASS: TestR89QueueGuardEquivalentMutations/float-exponent (0.00s)
windows-build	UNKNOWN STEP	2026-10-07T15:23:34.6885539Z === RUN   TestR89QueueGuardEquivalentMutations/shift-literal
windows-build	UNKNOWN STEP	2026-10-07T15:23:34.6886217Z --- PASS: TestR89QueueGuardEquivalentMutations/shift-literal (0.00s)
windows-build	UNKNOWN STEP	2026-10-07T15:23:34.6887107Z === RUN   TestR89QueueGuardEquivalentMutations/reflect-string
windows-build	UNKNOWN STEP	2026-10-07T15:23:34.6887759Z --- PASS: TestR89QueueGuardEquivalentMutations/reflect-string (0.00s)
windows-build	UNKNOWN STEP	2026-10-07T15:23:34.6888398Z === RUN   TestR89QueueGuardEquivalentMutations/constant-switch
windows-build	UNKNOWN STEP	2026-10-07T15:23:34.6889068Z --- PASS: TestR89QueueGuardEquivalentMutations/constant-switch (0.00s)
windows-build	UNKNOWN STEP	2026-10-07T15:23:34.6889719Z === RUN   TestR89QueueGuardEquivalentMutations/original-switch
windows-build	UNKNOWN STEP	2026-10-07T15:23:34.6890385Z --- PASS: TestR89QueueGuardEquivalentMutations/original-switch (0.00s)
windows-build	UNKNOWN STEP	2026-10-07T15:23:34.6891020Z === RUN   TestR89QueueGuardEquivalentMutations/format
windows-build	UNKNOWN STEP	2026-10-07T15:23:34.6891607Z --- PASS: TestR89QueueGuardEquivalentMutations/format (0.00s)
windows-build	UNKNOWN STEP	2026-10-07T15:23:34.6892236Z === RUN   TestR89QueueGuardEquivalentMutations/string-constant
windows-build	UNKNOWN STEP	2026-10-07T15:23:34.6892903Z --- PASS: TestR89QueueGuardEquivalentMutations/string-constant (0.00s)
windows-build	UNKNOWN STEP	2026-10-07T15:23:34.6893609Z === RUN   TestR89QueueGuardEquivalentMutations/reassigned-literal
windows-build	UNKNOWN STEP	2026-10-07T15:23:34.6894516Z --- PASS: TestR89QueueGuardEquivalentMutations/reassigned-literal (0.00s)
windows-build	UNKNOWN STEP	2026-10-07T15:23:34.6895231Z === RUN   TestR89QueueGuardEquivalentMutations/float-conversion
windows-build	UNKNOWN STEP	2026-10-07T15:23:34.6895905Z --- PASS: TestR89QueueGuardEquivalentMutations/float-conversion (0.00s)
windows-build	UNKNOWN STEP	2026-10-07T15:23:34.6896595Z === RUN   TestR89QueueGuardEquivalentMutations/wrapper-extra-args
windows-build	UNKNOWN STEP	2026-10-07T15:23:34.6897049Z --- PASS: TestR89QueueGuardEquivalentMutations/wrapper-extra-args (0.00s)
windows-build	UNKNOWN STEP	2026-10-07T15:23:34.6897453Z === RUN   TestR89QueueGuardEquivalentMutations/receiver-string
windows-build	UNKNOWN STEP	2026-10-07T15:23:34.6897849Z --- PASS: TestR89QueueGuardEquivalentMutations/receiver-string (0.00s)
windows-build	UNKNOWN STEP	2026-10-07T15:23:34.6898220Z --- PASS: TestR89QueueGuardEquivalentMutations (0.00s)
windows-build	UNKNOWN STEP	2026-10-07T15:23:34.6898604Z === RUN   TestR89QueueGuardAllowsRegisteredTablesAndUnrelatedValues
windows-build	UNKNOWN STEP	2026-10-07T15:23:34.6899086Z === RUN   TestR89QueueGuardAllowsRegisteredTablesAndUnrelatedValues/nonnumeric-string
windows-build	UNKNOWN STEP	2026-10-07T15:23:34.6899664Z --- PASS: TestR89QueueGuardAllowsRegisteredTablesAndUnrelatedValues/nonnumeric-string (0.00s)
windows-build	UNKNOWN STEP	2026-10-07T15:23:34.6900364Z === RUN   TestR89QueueGuardAllowsRegisteredTablesAndUnrelatedValues/unrelated-shadow
windows-build	UNKNOWN STEP	2026-10-07T15:23:34.6900926Z --- PASS: TestR89QueueGuardAllowsRegisteredTablesAndUnrelatedValues/unrelated-shadow (0.00s)
windows-build	UNKNOWN STEP	2026-10-07T15:23:34.6901509Z === RUN   TestR89QueueGuardAllowsRegisteredTablesAndUnrelatedValues/unrelated-constant
windows-build	UNKNOWN STEP	2026-10-07T15:23:34.6902085Z --- PASS: TestR89QueueGuardAllowsRegisteredTablesAndUnrelatedValues/unrelated-constant (0.00s)
windows-build	UNKNOWN STEP	2026-10-07T15:23:34.6902644Z === RUN   TestR89QueueGuardAllowsRegisteredTablesAndUnrelatedValues/registered-table
windows-build	UNKNOWN STEP	2026-10-07T15:23:34.6903192Z --- PASS: TestR89QueueGuardAllowsRegisteredTablesAndUnrelatedValues/registered-table (0.00s)
windows-build	UNKNOWN STEP	2026-10-07T15:23:34.6903753Z === RUN   TestR89QueueGuardAllowsRegisteredTablesAndUnrelatedValues/table-result-numeric
windows-build	UNKNOWN STEP	2026-10-07T15:23:34.6904333Z --- PASS: TestR89QueueGuardAllowsRegisteredTablesAndUnrelatedValues/table-result-numeric (0.00s)
windows-build	UNKNOWN STEP	2026-10-07T15:23:34.6904899Z === RUN   TestR89QueueGuardAllowsRegisteredTablesAndUnrelatedValues/shared-classifier
windows-build	UNKNOWN STEP	2026-10-07T15:23:34.6905451Z --- PASS: TestR89QueueGuardAllowsRegisteredTablesAndUnrelatedValues/shared-classifier (0.00s)
windows-build	UNKNOWN STEP	2026-10-07T15:23:34.6906005Z === RUN   TestR89QueueGuardAllowsRegisteredTablesAndUnrelatedValues/other-identity
windows-build	UNKNOWN STEP	2026-10-07T15:23:34.6906801Z --- PASS: TestR89QueueGuardAllowsRegisteredTablesAndUnrelatedValues/other-identity (0.00s)
windows-build	UNKNOWN STEP	2026-10-07T15:23:34.6907357Z === RUN   TestR89QueueGuardAllowsRegisteredTablesAndUnrelatedValues/empty-string
windows-build	UNKNOWN STEP	2026-10-07T15:23:34.6907910Z --- PASS: TestR89QueueGuardAllowsRegisteredTablesAndUnrelatedValues/empty-string (0.00s)
windows-build	UNKNOWN STEP	2026-10-07T15:23:34.6908468Z === RUN   TestR89QueueGuardAllowsRegisteredTablesAndUnrelatedValues/table-lookup-local
windows-build	UNKNOWN STEP	2026-10-07T15:23:34.6909036Z --- PASS: TestR89QueueGuardAllowsRegisteredTablesAndUnrelatedValues/table-lookup-local (0.00s)
windows-build	UNKNOWN STEP	2026-10-07T15:23:34.6909592Z === RUN   TestR89QueueGuardAllowsRegisteredTablesAndUnrelatedValues/queue-identity
windows-build	UNKNOWN STEP	2026-10-07T15:23:34.6910130Z --- PASS: TestR89QueueGuardAllowsRegisteredTablesAndUnrelatedValues/queue-identity (0.00s)
windows-build	UNKNOWN STEP	2026-10-07T15:23:34.6910677Z === RUN   TestR89QueueGuardAllowsRegisteredTablesAndUnrelatedValues/formatted-identity
windows-build	UNKNOWN STEP	2026-10-07T15:23:34.6911239Z --- PASS: TestR89QueueGuardAllowsRegisteredTablesAndUnrelatedValues/formatted-identity (0.00s)
windows-build	UNKNOWN STEP	2026-10-07T15:23:34.6911779Z --- PASS: TestR89QueueGuardAllowsRegisteredTablesAndUnrelatedValues (0.00s)
windows-build	UNKNOWN STEP	2026-10-07T15:23:34.6912185Z === RUN   TestR89ImagePolicyMemoryDiskAndSingleFlight
windows-build	UNKNOWN STEP	2026-10-07T15:23:34.7330201Z --- PASS: TestR89ImagePolicyMemoryDiskAndSingleFlight (0.04s)
windows-build	UNKNOWN STEP	2026-10-07T15:23:34.7330605Z === RUN   TestR89ImageNegativeCache
windows-build	UNKNOWN STEP	2026-10-07T15:23:34.7344035Z --- PASS: TestR89ImageNegativeCache (0.00s)
windows-build	UNKNOWN STEP	2026-10-07T15:23:34.7345012Z === RUN   TestR89DiskBudgetAfter2000Images
windows-build	UNKNOWN STEP	2026-10-07T15:23:34.7345378Z === PAUSE TestR89DiskBudgetAfter2000Images
windows-build	UNKNOWN STEP	2026-10-07T15:23:34.7346045Z === RUN   TestR89WarmPathsRankedAndFinalPatch
windows-build	UNKNOWN STEP	2026-10-07T15:23:34.7346842Z --- PASS: TestR89WarmPathsRankedAndFinalPatch (0.00s)
windows-build	UNKNOWN STEP	2026-10-07T15:23:34.7347412Z === RUN   TestR89ForegroundCancelsWarmup
windows-build	UNKNOWN STEP	2026-10-07T15:23:34.7360679Z --- PASS: TestR89ForegroundCancelsWarmup (0.00s)
windows-build	UNKNOWN STEP	2026-10-07T15:23:34.7361298Z === RUN   TestR89SupplementIdentityEndpointsAndDedup
windows-build	UNKNOWN STEP	2026-10-07T15:23:34.7571981Z --- PASS: TestR89SupplementIdentityEndpointsAndDedup (0.02s)
windows-build	UNKNOWN STEP	2026-10-07T15:23:34.7572746Z === RUN   TestR89RiotMatchDiskAndImmutableData
windows-build	UNKNOWN STEP	2026-10-07T15:23:34.7892519Z --- PASS: TestR89RiotMatchDiskAndImmutableData (0.03s)
windows-build	UNKNOWN STEP	2026-10-07T15:23:34.7893104Z === RUN   TestR89Limiter200Reservations
windows-build	UNKNOWN STEP	2026-10-07T15:23:34.7893585Z --- PASS: TestR89Limiter200Reservations (0.00s)
windows-build	UNKNOWN STEP	2026-10-07T15:23:34.7894047Z === RUN   TestR89KeyConcurrencyGuard
windows-build	UNKNOWN STEP	2026-10-07T15:23:34.7895463Z --- PASS: TestR89KeyConcurrencyGuard (0.00s)
windows-build	UNKNOWN STEP	2026-10-07T15:23:34.7896010Z === RUN   TestR89DiagnosticEventsReachDisk
windows-build	UNKNOWN STEP	2026-10-07T15:23:34.7920059Z --- PASS: TestR89DiagnosticEventsReachDisk (0.00s)
windows-build	UNKNOWN STEP	2026-10-07T15:23:34.7920635Z === RUN   TestR89IdentityRestartAndExpiry
windows-build	UNKNOWN STEP	2026-10-07T15:23:34.9032213Z --- PASS: TestR89IdentityRestartAndExpiry (0.11s)
windows-build	UNKNOWN STEP	2026-10-07T15:23:34.9032795Z === RUN   TestR89ActualConcurrencyPhasesAndQueue
windows-build	UNKNOWN STEP	2026-10-07T15:23:36.0650859Z --- PASS: TestR89ActualConcurrencyPhasesAndQueue (1.16s)
windows-build	UNKNOWN STEP	2026-10-07T15:23:36.0651524Z === RUN   TestR89CatalogEndpointFailuresReachDisk
windows-build	UNKNOWN STEP	2026-10-07T15:23:36.0681351Z --- PASS: TestR89CatalogEndpointFailuresReachDisk (0.00s)
windows-build	UNKNOWN STEP	2026-10-07T15:23:36.0681911Z === RUN   TestR90QueueGuardRequired
windows-build	UNKNOWN STEP	2026-10-07T15:23:36.0682347Z === RUN   TestR90QueueGuardRequired/literal-map
windows-build	UNKNOWN STEP	2026-10-07T15:23:36.0682873Z --- PASS: TestR90QueueGuardRequired/literal-map (0.00s)
windows-build	UNKNOWN STEP	2026-10-07T15:23:36.0683404Z === RUN   TestR90QueueGuardRequired/handler-map
windows-build	UNKNOWN STEP	2026-10-07T15:23:36.0684948Z --- PASS: TestR90QueueGuardRequired/handler-map (0.00s)
windows-build	UNKNOWN STEP	2026-10-07T15:23:36.0685401Z === RUN   TestR90QueueGuardRequired/range-slice
windows-build	UNKNOWN STEP	2026-10-07T15:23:36.0687970Z --- PASS: TestR90QueueGuardRequired/range-slice (0.00s)
windows-build	UNKNOWN STEP	2026-10-07T15:23:36.0688505Z === RUN   TestR90QueueGuardRequired/type-assert
windows-build	UNKNOWN STEP	2026-10-07T15:23:36.0689109Z --- PASS: TestR90QueueGuardRequired/type-assert (0.00s)
windows-build	UNKNOWN STEP	2026-10-07T15:23:36.0689740Z --- PASS: TestR90QueueGuardRequired (0.00s)
windows-build	UNKNOWN STEP	2026-10-07T15:23:36.0690198Z === RUN   TestR90QueueGuardExtra
windows-build	UNKNOWN STEP	2026-10-07T15:23:36.0690819Z === RUN   TestR90QueueGuardExtra/pointer
windows-build	UNKNOWN STEP	2026-10-07T15:23:36.0691662Z --- PASS: TestR90QueueGuardExtra/pointer (0.00s)
windows-build	UNKNOWN STEP	2026-10-07T15:23:36.0692162Z === RUN   TestR90QueueGuardExtra/closure-capture
windows-build	UNKNOWN STEP	2026-10-07T15:23:36.0693102Z --- PASS: TestR90QueueGuardExtra/closure-capture (0.00s)
windows-build	UNKNOWN STEP	2026-10-07T15:23:36.0693624Z === RUN   TestR90QueueGuardExtra/type-switch
windows-build	UNKNOWN STEP	2026-10-07T15:23:36.0694115Z --- PASS: TestR90QueueGuardExtra/type-switch (0.00s)
windows-build	UNKNOWN STEP	2026-10-07T15:23:36.0694910Z === RUN   TestR90QueueGuardExtra/iota-inheritance
windows-build	UNKNOWN STEP	2026-10-07T15:23:36.0696375Z --- PASS: TestR90QueueGuardExtra/iota-inheritance (0.00s)
windows-build	UNKNOWN STEP	2026-10-07T15:23:36.0696945Z === RUN   TestR90QueueGuardExtra/slice-membership
windows-build	UNKNOWN STEP	2026-10-07T15:23:36.3730856Z --- PASS: TestR90QueueGuardExtra/slice-membership (0.30s)
windows-build	UNKNOWN STEP	2026-10-07T15:23:36.3731485Z --- PASS: TestR90QueueGuardExtra (0.30s)
windows-build	UNKNOWN STEP	2026-10-07T15:23:36.3731901Z === RUN   TestR90QueueGuardCombinations
windows-build	UNKNOWN STEP	2026-10-07T15:23:36.3732419Z === RUN   TestR90QueueGuardCombinations/map-alias
windows-build	UNKNOWN STEP	2026-10-07T15:23:36.3732958Z --- PASS: TestR90QueueGuardCombinations/map-alias (0.00s)
windows-build	UNKNOWN STEP	2026-10-07T15:23:36.3733474Z === RUN   TestR90QueueGuardCombinations/map-comma-ok
windows-build	UNKNOWN STEP	2026-10-07T15:23:36.3734295Z --- PASS: TestR90QueueGuardCombinations/map-comma-ok (0.00s)
windows-build	UNKNOWN STEP	2026-10-07T15:23:36.3734882Z === RUN   TestR90QueueGuardCombinations/map-named-type
windows-build	UNKNOWN STEP	2026-10-07T15:23:36.3735468Z --- PASS: TestR90QueueGuardCombinations/map-named-type (0.00s)
windows-build	UNKNOWN STEP	2026-10-07T15:23:36.3735988Z === RUN   TestR90QueueGuardCombinations/string-map
windows-build	UNKNOWN STEP	2026-10-07T15:23:36.6065072Z --- PASS: TestR90QueueGuardCombinations/string-map (0.23s)
windows-build	UNKNOWN STEP	2026-10-07T15:23:36.6066380Z === RUN   TestR90QueueGuardCombinations/literal-slice-index
windows-build	UNKNOWN STEP	2026-10-07T15:23:36.6067110Z --- PASS: TestR90QueueGuardCombinations/literal-slice-index (0.00s)
windows-build	UNKNOWN STEP	2026-10-07T15:23:36.6067783Z === RUN   TestR90QueueGuardCombinations/sparse-array-index
windows-build	UNKNOWN STEP	2026-10-07T15:23:36.6068426Z --- PASS: TestR90QueueGuardCombinations/sparse-array-index (0.00s)
windows-build	UNKNOWN STEP	2026-10-07T15:23:36.6069230Z === RUN   TestR90QueueGuardCombinations/slice-alias-index
windows-build	UNKNOWN STEP	2026-10-07T15:23:36.6069837Z --- PASS: TestR90QueueGuardCombinations/slice-alias-index (0.00s)
windows-build	UNKNOWN STEP	2026-10-07T15:23:36.6070479Z === RUN   TestR90QueueGuardCombinations/slice-element-comparison
windows-build	UNKNOWN STEP	2026-10-07T15:23:36.6071181Z --- PASS: TestR90QueueGuardCombinations/slice-element-comparison (0.00s)
windows-build	UNKNOWN STEP	2026-10-07T15:23:36.6071808Z === RUN   TestR90QueueGuardCombinations/range-alias
windows-build	UNKNOWN STEP	2026-10-07T15:23:36.6072372Z --- PASS: TestR90QueueGuardCombinations/range-alias (0.00s)
windows-build	UNKNOWN STEP	2026-10-07T15:23:36.6072956Z === RUN   TestR90QueueGuardCombinations/range-assignment
windows-build	UNKNOWN STEP	2026-10-07T15:23:36.6073820Z --- PASS: TestR90QueueGuardCombinations/range-assignment (0.00s)
windows-build	UNKNOWN STEP	2026-10-07T15:23:36.6074382Z === RUN   TestR90QueueGuardCombinations/range-map-key
windows-build	UNKNOWN STEP	2026-10-07T15:23:36.6088032Z --- PASS: TestR90QueueGuardCombinations/range-map-key (0.00s)
windows-build	UNKNOWN STEP	2026-10-07T15:23:36.6088723Z === RUN   TestR90QueueGuardCombinations/range-map-value
windows-build	UNKNOWN STEP	2026-10-07T15:23:36.6089506Z --- PASS: TestR90QueueGuardCombinations/range-map-value (0.00s)
windows-build	UNKNOWN STEP	2026-10-07T15:23:36.6090120Z === RUN   TestR90QueueGuardCombinations/range-queue-element
windows-build	UNKNOWN STEP	2026-10-07T15:23:36.6090748Z --- PASS: TestR90QueueGuardCombinations/range-queue-element (0.00s)
windows-build	UNKNOWN STEP	2026-10-07T15:23:36.6091343Z === RUN   TestR90QueueGuardCombinations/range-cast-target
windows-build	UNKNOWN STEP	2026-10-07T15:23:36.6092564Z --- PASS: TestR90QueueGuardCombinations/range-cast-target (0.00s)
windows-build	UNKNOWN STEP	2026-10-07T15:23:36.6093196Z === RUN   TestR90QueueGuardCombinations/range-string-target
windows-build	UNKNOWN STEP	2026-10-07T15:23:36.6099150Z --- PASS: TestR90QueueGuardCombinations/range-string-target (0.00s)
windows-build	UNKNOWN STEP	2026-10-07T15:23:36.6099858Z === RUN   TestR90QueueGuardCombinations/range-arithmetic-target
windows-build	UNKNOWN STEP	2026-10-07T15:23:36.6101556Z --- PASS: TestR90QueueGuardCombinations/range-arithmetic-target (0.00s)
windows-build	UNKNOWN STEP	2026-10-07T15:23:36.6102079Z === RUN   TestR90QueueGuardCombinations/boxed-slice-range
windows-build	UNKNOWN STEP	2026-10-07T15:23:36.6103900Z --- PASS: TestR90QueueGuardCombinations/boxed-slice-range (0.00s)
windows-build	UNKNOWN STEP	2026-10-07T15:23:36.6104560Z === RUN   TestR90QueueGuardCombinations/queue-element-index
windows-build	UNKNOWN STEP	2026-10-07T15:23:36.6105215Z --- PASS: TestR90QueueGuardCombinations/queue-element-index (0.00s)
windows-build	UNKNOWN STEP	2026-10-07T15:23:36.6105855Z === RUN   TestR90QueueGuardCombinations/assert-comma-ok
windows-build	UNKNOWN STEP	2026-10-07T15:23:36.6106469Z --- PASS: TestR90QueueGuardCombinations/assert-comma-ok (0.00s)
windows-build	UNKNOWN STEP	2026-10-07T15:23:36.6107079Z === RUN   TestR90QueueGuardCombinations/assert-var-comma-ok
windows-build	UNKNOWN STEP	2026-10-07T15:23:36.6107720Z --- PASS: TestR90QueueGuardCombinations/assert-var-comma-ok (0.00s)
windows-build	UNKNOWN STEP	2026-10-07T15:23:36.6108315Z === RUN   TestR90QueueGuardCombinations/boxed-numeric
windows-build	UNKNOWN STEP	2026-10-07T15:23:36.6108921Z --- PASS: TestR90QueueGuardCombinations/boxed-numeric (0.00s)
windows-build	UNKNOWN STEP	2026-10-07T15:23:36.6109501Z === RUN   TestR90QueueGuardCombinations/numeric-pointer
windows-build	UNKNOWN STEP	2026-10-07T15:23:36.6110097Z --- PASS: TestR90QueueGuardCombinations/numeric-pointer (0.00s)
windows-build	UNKNOWN STEP	2026-10-07T15:23:36.6110697Z === RUN   TestR90QueueGuardCombinations/inherited-constant
windows-build	UNKNOWN STEP	2026-10-07T15:23:36.6111755Z --- PASS: TestR90QueueGuardCombinations/inherited-constant (0.00s)
windows-build	UNKNOWN STEP	2026-10-07T15:23:36.6112627Z === RUN   TestR90QueueGuardCombinations/iota-arithmetic
windows-build	UNKNOWN STEP	2026-10-07T15:23:36.6113343Z --- PASS: TestR90QueueGuardCombinations/iota-arithmetic (0.00s)
windows-build	UNKNOWN STEP	2026-10-07T15:23:36.6113944Z === RUN   TestR90QueueGuardCombinations/membership-alias
windows-build	UNKNOWN STEP	2026-10-07T15:23:36.6125361Z --- PASS: TestR90QueueGuardCombinations/membership-alias (0.00s)
windows-build	UNKNOWN STEP	2026-10-07T15:23:36.6125950Z === RUN   TestR90QueueGuardCombinations/membership-index
windows-build	UNKNOWN STEP	2026-10-07T15:23:36.6137471Z --- PASS: TestR90QueueGuardCombinations/membership-index (0.00s)
windows-build	UNKNOWN STEP	2026-10-07T15:23:36.6138150Z === RUN   TestR90QueueGuardCombinations/membership-search
windows-build	UNKNOWN STEP	2026-10-07T15:23:36.6149441Z --- PASS: TestR90QueueGuardCombinations/membership-search (0.00s)
windows-build	UNKNOWN STEP	2026-10-07T15:23:36.6149997Z --- PASS: TestR90QueueGuardCombinations (0.24s)
windows-build	UNKNOWN STEP	2026-10-07T15:23:36.6150356Z === RUN   TestR90QueueGuardAllowsRegisteredAndUnrelated
windows-build	UNKNOWN STEP	2026-10-07T15:23:36.6150993Z === RUN   TestR90QueueGuardAllowsRegisteredAndUnrelated/registry
windows-build	UNKNOWN STEP	2026-10-07T15:23:36.6152225Z --- PASS: TestR90QueueGuardAllowsRegisteredAndUnrelated/registry (0.00s)
windows-build	UNKNOWN STEP	2026-10-07T15:23:36.6153227Z === RUN   TestR90QueueGuardAllowsRegisteredAndUnrelated/registry-alias
windows-build	UNKNOWN STEP	2026-10-07T15:23:36.6154079Z --- PASS: TestR90QueueGuardAllowsRegisteredAndUnrelated/registry-alias (0.00s)
windows-build	UNKNOWN STEP	2026-10-07T15:23:36.6154892Z === RUN   TestR90QueueGuardAllowsRegisteredAndUnrelated/registry-comma-ok
windows-build	UNKNOWN STEP	2026-10-07T15:23:36.6155739Z --- PASS: TestR90QueueGuardAllowsRegisteredAndUnrelated/registry-comma-ok (0.00s)
windows-build	UNKNOWN STEP	2026-10-07T15:23:36.6156602Z === RUN   TestR90QueueGuardAllowsRegisteredAndUnrelated/unrelated-comparison
windows-build	UNKNOWN STEP	2026-10-07T15:23:36.6157491Z --- PASS: TestR90QueueGuardAllowsRegisteredAndUnrelated/unrelated-comparison (0.00s)
windows-build	UNKNOWN STEP	2026-10-07T15:23:36.6158307Z === RUN   TestR90QueueGuardAllowsRegisteredAndUnrelated/unrelated-map
windows-build	UNKNOWN STEP	2026-10-07T15:23:36.6159091Z --- PASS: TestR90QueueGuardAllowsRegisteredAndUnrelated/unrelated-map (0.00s)
windows-build	UNKNOWN STEP	2026-10-07T15:23:36.6159889Z === RUN   TestR90QueueGuardAllowsRegisteredAndUnrelated/unrelated-range
windows-build	UNKNOWN STEP	2026-10-07T15:23:36.6160702Z --- PASS: TestR90QueueGuardAllowsRegisteredAndUnrelated/unrelated-range (0.00s)
windows-build	UNKNOWN STEP	2026-10-07T15:23:36.6161475Z === RUN   TestR90QueueGuardAllowsRegisteredAndUnrelated/range-shadow
windows-build	UNKNOWN STEP	2026-10-07T15:23:36.6162244Z --- PASS: TestR90QueueGuardAllowsRegisteredAndUnrelated/range-shadow (0.00s)
windows-build	UNKNOWN STEP	2026-10-07T15:23:36.6163019Z === RUN   TestR90QueueGuardAllowsRegisteredAndUnrelated/unrelated-assert
windows-build	UNKNOWN STEP	2026-10-07T15:23:36.6163829Z --- PASS: TestR90QueueGuardAllowsRegisteredAndUnrelated/unrelated-assert (0.00s)
windows-build	UNKNOWN STEP	2026-10-07T15:23:36.6164683Z === RUN   TestR90QueueGuardAllowsRegisteredAndUnrelated/registry-result-number
windows-build	UNKNOWN STEP	2026-10-07T15:23:36.6165519Z --- PASS: TestR90QueueGuardAllowsRegisteredAndUnrelated/registry-result-number (0.00s)
windows-build	UNKNOWN STEP	2026-10-07T15:23:36.6166425Z === RUN   TestR90QueueGuardAllowsRegisteredAndUnrelated/unrelated-handler-map
windows-build	UNKNOWN STEP	2026-10-07T15:23:36.6167152Z --- PASS: TestR90QueueGuardAllowsRegisteredAndUnrelated/unrelated-handler-map (0.00s)
windows-build	UNKNOWN STEP	2026-10-07T15:23:36.6167876Z === RUN   TestR90QueueGuardAllowsRegisteredAndUnrelated/collection-shadow
windows-build	UNKNOWN STEP	2026-10-07T15:23:36.6168550Z --- PASS: TestR90QueueGuardAllowsRegisteredAndUnrelated/collection-shadow (0.00s)
windows-build	UNKNOWN STEP	2026-10-07T15:23:36.6169994Z === RUN   TestR90QueueGuardAllowsRegisteredAndUnrelated/unrelated-pointer
windows-build	UNKNOWN STEP	2026-10-07T15:23:36.6170724Z --- PASS: TestR90QueueGuardAllowsRegisteredAndUnrelated/unrelated-pointer (0.00s)
windows-build	UNKNOWN STEP	2026-10-07T15:23:36.6171213Z === RUN   TestR90QueueGuardAllowsRegisteredAndUnrelated/map-nonnumeric-key
windows-build	UNKNOWN STEP	2026-10-07T15:23:36.6171710Z --- PASS: TestR90QueueGuardAllowsRegisteredAndUnrelated/map-nonnumeric-key (0.00s)
windows-build	UNKNOWN STEP	2026-10-07T15:23:36.6172208Z --- PASS: TestR90QueueGuardAllowsRegisteredAndUnrelated (0.00s)
windows-build	UNKNOWN STEP	2026-10-07T15:23:36.6172545Z === RUN   TestR90RealShapeGroups
windows-build	UNKNOWN STEP	2026-10-07T15:23:36.6238656Z --- PASS: TestR90RealShapeGroups (0.01s)
windows-build	UNKNOWN STEP	2026-10-07T15:23:36.6239258Z === RUN   TestR90OrderInferenceNeverEnablesMascotMapping
windows-build	UNKNOWN STEP	2026-10-07T15:23:36.6240169Z === RUN   TestR90OrderInferenceNeverEnablesMascotMapping/subteamId
windows-build	UNKNOWN STEP	2026-10-07T15:23:36.6241020Z === RUN   TestR90OrderInferenceNeverEnablesMascotMapping/subteamId/inferred-blocks
windows-build	UNKNOWN STEP	2026-10-07T15:23:36.6241966Z --- PASS: TestR90OrderInferenceNeverEnablesMascotMapping/subteamId/inferred-blocks (0.00s)
windows-build	UNKNOWN STEP	2026-10-07T15:23:36.6242952Z === RUN   TestR90OrderInferenceNeverEnablesMascotMapping/subteamId/explicit-client-subteams
windows-build	UNKNOWN STEP	2026-10-07T15:23:36.6244056Z --- PASS: TestR90OrderInferenceNeverEnablesMascotMapping/subteamId/explicit-client-subteams (0.00s)
windows-build	UNKNOWN STEP	2026-10-07T15:23:36.6245074Z === RUN   TestR90OrderInferenceNeverEnablesMascotMapping/subteamId/ungrouped-client-subteams
windows-build	UNKNOWN STEP	2026-10-07T15:23:36.6246340Z --- PASS: TestR90OrderInferenceNeverEnablesMascotMapping/subteamId/ungrouped-client-subteams (0.00s)
windows-build	UNKNOWN STEP	2026-10-07T15:23:36.6247137Z --- PASS: TestR90OrderInferenceNeverEnablesMascotMapping/subteamId (0.00s)
windows-build	UNKNOWN STEP	2026-10-07T15:23:36.6247836Z === RUN   TestR90OrderInferenceNeverEnablesMascotMapping/playerSubteamId
windows-build	UNKNOWN STEP	2026-10-07T15:23:36.6248780Z === RUN   TestR90OrderInferenceNeverEnablesMascotMapping/playerSubteamId/inferred-blocks
windows-build	UNKNOWN STEP	2026-10-07T15:23:36.6249953Z --- PASS: TestR90OrderInferenceNeverEnablesMascotMapping/playerSubteamId/inferred-blocks (0.00s)
windows-build	UNKNOWN STEP	2026-10-07T15:23:36.6250990Z === RUN   TestR90OrderInferenceNeverEnablesMascotMapping/playerSubteamId/explicit-client-subteams
windows-build	UNKNOWN STEP	2026-10-07T15:23:36.6252102Z --- PASS: TestR90OrderInferenceNeverEnablesMascotMapping/playerSubteamId/explicit-client-subteams (0.00s)
windows-build	UNKNOWN STEP	2026-10-07T15:23:36.6253192Z === RUN   TestR90OrderInferenceNeverEnablesMascotMapping/playerSubteamId/ungrouped-client-subteams
windows-build	UNKNOWN STEP	2026-10-07T15:23:36.6254347Z --- PASS: TestR90OrderInferenceNeverEnablesMascotMapping/playerSubteamId/ungrouped-client-subteams (0.00s)
windows-build	UNKNOWN STEP	2026-10-07T15:23:36.6255326Z --- PASS: TestR90OrderInferenceNeverEnablesMascotMapping/playerSubteamId (0.00s)
windows-build	UNKNOWN STEP	2026-10-07T15:23:36.6256068Z --- PASS: TestR90OrderInferenceNeverEnablesMascotMapping (0.00s)
windows-build	UNKNOWN STEP	2026-10-07T15:23:36.6256617Z === RUN   TestR90FixtureMatchesObservedFields
windows-build	UNKNOWN STEP	2026-10-07T15:23:36.6257631Z --- PASS: TestR90FixtureMatchesObservedFields (0.00s)
windows-build	UNKNOWN STEP	2026-10-07T15:23:36.6258316Z === RUN   TestR90AlliesVerifyAndRejectScrambledPlayerlist
windows-build	UNKNOWN STEP	2026-10-07T15:23:36.6259245Z === RUN   TestR90AlliesVerifyAndRejectScrambledPlayerlist/false
windows-build	UNKNOWN STEP	2026-10-07T15:23:36.6491763Z --- PASS: TestR90AlliesVerifyAndRejectScrambledPlayerlist/false (0.02s)
windows-build	UNKNOWN STEP	2026-10-07T15:23:36.6492559Z === RUN   TestR90AlliesVerifyAndRejectScrambledPlayerlist/true
windows-build	UNKNOWN STEP	2026-10-07T15:23:36.6953802Z --- PASS: TestR90AlliesVerifyAndRejectScrambledPlayerlist/true (0.05s)
windows-build	UNKNOWN STEP	2026-10-07T15:23:36.6954496Z --- PASS: TestR90AlliesVerifyAndRejectScrambledPlayerlist (0.07s)
windows-build	UNKNOWN STEP	2026-10-07T15:23:36.6954995Z === RUN   TestR90SeventeenGameflowUsesEighteenPlayerlistBoundaries
windows-build	UNKNOWN STEP	2026-10-07T15:23:36.6955441Z === RUN   TestR90SeventeenGameflowUsesEighteenPlayerlistBoundaries/1
windows-build	UNKNOWN STEP	2026-10-07T15:23:36.7177276Z --- PASS: TestR90SeventeenGameflowUsesEighteenPlayerlistBoundaries/1 (0.02s)
windows-build	UNKNOWN STEP	2026-10-07T15:23:36.7177892Z === RUN   TestR90SeventeenGameflowUsesEighteenPlayerlistBoundaries/7
windows-build	UNKNOWN STEP	2026-10-07T15:23:36.7383613Z --- PASS: TestR90SeventeenGameflowUsesEighteenPlayerlistBoundaries/7 (0.02s)
windows-build	UNKNOWN STEP	2026-10-07T15:23:36.7384536Z === RUN   TestR90SeventeenGameflowUsesEighteenPlayerlistBoundaries/17
windows-build	UNKNOWN STEP	2026-10-07T15:23:36.8364169Z --- PASS: TestR90SeventeenGameflowUsesEighteenPlayerlistBoundaries/17 (0.10s)
windows-build	UNKNOWN STEP	2026-10-07T15:23:36.8364998Z --- PASS: TestR90SeventeenGameflowUsesEighteenPlayerlistBoundaries (0.14s)
windows-build	UNKNOWN STEP	2026-10-07T15:23:36.8365481Z === RUN   TestR90QueueSquadSizesAndSessionFallback
windows-build	UNKNOWN STEP	2026-10-07T15:23:36.8858627Z --- PASS: TestR90QueueSquadSizesAndSessionFallback (0.05s)
windows-build	UNKNOWN STEP	2026-10-07T15:23:36.8859123Z === RUN   TestR90LiveSnapshotCacheLayersAndManualRefresh
windows-build	UNKNOWN STEP	2026-10-07T15:23:36.8859517Z === RUN   TestR90LiveSnapshotCacheLayersAndManualRefresh/true
windows-build	UNKNOWN STEP	2026-10-07T15:23:36.9046580Z --- PASS: TestR90LiveSnapshotCacheLayersAndManualRefresh/true (0.02s)
windows-build	UNKNOWN STEP	2026-10-07T15:23:36.9047104Z === RUN   TestR90LiveSnapshotCacheLayersAndManualRefresh/false
windows-build	UNKNOWN STEP	2026-10-07T15:23:36.9174114Z --- PASS: TestR90LiveSnapshotCacheLayersAndManualRefresh/false (0.01s)
windows-build	UNKNOWN STEP	2026-10-07T15:23:36.9174683Z --- PASS: TestR90LiveSnapshotCacheLayersAndManualRefresh (0.03s)
windows-build	UNKNOWN STEP	2026-10-07T15:23:36.9175137Z === RUN   TestR90TruthDiagnosticSeparatesPartitionAndBlockIdentity
windows-build	UNKNOWN STEP	2026-10-07T15:23:36.9175609Z === RUN   TestR90TruthDiagnosticSeparatesPartitionAndBlockIdentity/identity
windows-build	UNKNOWN STEP	2026-10-07T15:23:37.0578269Z --- PASS: TestR90TruthDiagnosticSeparatesPartitionAndBlockIdentity/identity (0.14s)
windows-build	UNKNOWN STEP	2026-10-07T15:23:37.0578986Z === RUN   TestR90TruthDiagnosticSeparatesPartitionAndBlockIdentity/permuted
windows-build	UNKNOWN STEP	2026-10-07T15:23:37.1056164Z --- PASS: TestR90TruthDiagnosticSeparatesPartitionAndBlockIdentity/permuted (0.05s)
windows-build	UNKNOWN STEP	2026-10-07T15:23:37.1057254Z === RUN   TestR90TruthDiagnosticSeparatesPartitionAndBlockIdentity/wrong
windows-build	UNKNOWN STEP	2026-10-07T15:23:37.1279453Z --- PASS: TestR90TruthDiagnosticSeparatesPartitionAndBlockIdentity/wrong (0.02s)
windows-build	UNKNOWN STEP	2026-10-07T15:23:37.1280459Z === RUN   TestR90TruthDiagnosticSeparatesPartitionAndBlockIdentity/partial
windows-build	UNKNOWN STEP	2026-10-07T15:23:37.2855458Z --- PASS: TestR90TruthDiagnosticSeparatesPartitionAndBlockIdentity/partial (0.16s)
windows-build	UNKNOWN STEP	2026-10-07T15:23:37.2856444Z --- PASS: TestR90TruthDiagnosticSeparatesPartitionAndBlockIdentity (0.37s)
windows-build	UNKNOWN STEP	2026-10-07T15:23:37.2857131Z === RUN   TestR90QueueGuardScansNewGroupingModule
windows-build	UNKNOWN STEP	2026-10-07T15:23:37.2876329Z --- PASS: TestR90QueueGuardScansNewGroupingModule (0.00s)
windows-build	UNKNOWN STEP	2026-10-07T15:23:37.2876915Z === RUN   TestR90EndPhaseReadsSGPTruthOnce
windows-build	UNKNOWN STEP	2026-10-07T15:23:37.3128966Z --- PASS: TestR90EndPhaseReadsSGPTruthOnce (0.03s)
windows-build	UNKNOWN STEP	2026-10-07T15:23:37.3129443Z === RUN   TestR90SnapshotCompleteness
windows-build	UNKNOWN STEP	2026-10-07T15:23:37.3129752Z --- PASS: TestR90SnapshotCompleteness (0.00s)
windows-build	UNKNOWN STEP	2026-10-07T15:23:37.3130147Z === RUN   TestR90EndPhaseTransitionRestartsCanceledTruthRead
windows-build	UNKNOWN STEP	2026-10-07T15:23:37.3610424Z --- PASS: TestR90EndPhaseTransitionRestartsCanceledTruthRead (0.05s)
windows-build	UNKNOWN STEP	2026-10-07T15:23:37.3611083Z === RUN   TestR90BQueueGuardRequired
windows-build	UNKNOWN STEP	2026-10-07T15:23:37.3611571Z === RUN   TestR90BQueueGuardRequired/channel-select
windows-build	UNKNOWN STEP	2026-10-07T15:23:37.3612172Z --- PASS: TestR90BQueueGuardRequired/channel-select (0.00s)
windows-build	UNKNOWN STEP	2026-10-07T15:23:37.3612714Z === RUN   TestR90BQueueGuardRequired/channel-receive
windows-build	UNKNOWN STEP	2026-10-07T15:23:37.3613589Z --- PASS: TestR90BQueueGuardRequired/channel-receive (0.00s)
windows-build	UNKNOWN STEP	2026-10-07T15:23:37.3614148Z === RUN   TestR90BQueueGuardRequired/struct-field
windows-build	UNKNOWN STEP	2026-10-07T15:23:37.3614669Z --- PASS: TestR90BQueueGuardRequired/struct-field (0.00s)
windows-build	UNKNOWN STEP	2026-10-07T15:23:37.3615166Z === RUN   TestR90BQueueGuardRequired/json-marshal
windows-build	UNKNOWN STEP	2026-10-07T15:23:37.5297002Z --- PASS: TestR90BQueueGuardRequired/json-marshal (0.17s)
windows-build	UNKNOWN STEP	2026-10-07T15:23:37.5297444Z === RUN   TestR90BQueueGuardRequired/binary-buffer
windows-build	UNKNOWN STEP	2026-10-07T15:23:37.8120771Z --- PASS: TestR90BQueueGuardRequired/binary-buffer (0.28s)
windows-build	UNKNOWN STEP	2026-10-07T15:23:37.8121508Z === RUN   TestR90BQueueGuardRequired/generic-comparator
windows-build	UNKNOWN STEP	2026-10-07T15:23:37.8122320Z --- PASS: TestR90BQueueGuardRequired/generic-comparator (0.00s)
windows-build	UNKNOWN STEP	2026-10-07T15:23:37.8123207Z --- PASS: TestR90BQueueGuardRequired (0.45s)
windows-build	UNKNOWN STEP	2026-10-07T15:23:37.8123676Z === RUN   TestR90BQueueGuardAllowsLegalFlows
windows-build	UNKNOWN STEP	2026-10-07T15:23:37.8124228Z === RUN   TestR90BQueueGuardAllowsLegalFlows/channel-unrelated
windows-build	UNKNOWN STEP	2026-10-07T15:23:37.8125287Z --- PASS: TestR90BQueueGuardAllowsLegalFlows/channel-unrelated (0.00s)
windows-build	UNKNOWN STEP	2026-10-07T15:23:37.8127147Z === RUN   TestR90BQueueGuardAllowsLegalFlows/channel-registry
windows-build	UNKNOWN STEP	2026-10-07T15:23:37.8128017Z --- PASS: TestR90BQueueGuardAllowsLegalFlows/channel-registry (0.00s)
windows-build	UNKNOWN STEP	2026-10-07T15:23:37.8128970Z === RUN   TestR90BQueueGuardAllowsLegalFlows/struct-other-field
windows-build	UNKNOWN STEP	2026-10-07T15:23:37.8129732Z --- PASS: TestR90BQueueGuardAllowsLegalFlows/struct-other-field (0.00s)
windows-build	UNKNOWN STEP	2026-10-07T15:23:37.8130434Z === RUN   TestR90BQueueGuardAllowsLegalFlows/struct-other-type
windows-build	UNKNOWN STEP	2026-10-07T15:23:37.8131144Z --- PASS: TestR90BQueueGuardAllowsLegalFlows/struct-other-type (0.00s)
windows-build	UNKNOWN STEP	2026-10-07T15:23:37.8131807Z === RUN   TestR90BQueueGuardAllowsLegalFlows/struct-registry
windows-build	UNKNOWN STEP	2026-10-07T15:23:37.8132492Z --- PASS: TestR90BQueueGuardAllowsLegalFlows/struct-registry (0.00s)
windows-build	UNKNOWN STEP	2026-10-07T15:23:37.8133178Z === RUN   TestR90BQueueGuardAllowsLegalFlows/registry-metadata-pipeline
windows-build	UNKNOWN STEP	2026-10-07T15:23:37.8133979Z --- PASS: TestR90BQueueGuardAllowsLegalFlows/registry-metadata-pipeline (0.00s)
windows-build	UNKNOWN STEP	2026-10-07T15:23:37.8134629Z === RUN   TestR90BQueueGuardAllowsLegalFlows/json-unrelated
windows-build	UNKNOWN STEP	2026-10-07T15:23:37.8151115Z --- PASS: TestR90BQueueGuardAllowsLegalFlows/json-unrelated (0.00s)
windows-build	UNKNOWN STEP	2026-10-07T15:23:37.8151802Z === RUN   TestR90BQueueGuardAllowsLegalFlows/json-error-only
windows-build	UNKNOWN STEP	2026-10-07T15:23:37.8167098Z --- PASS: TestR90BQueueGuardAllowsLegalFlows/json-error-only (0.00s)
windows-build	UNKNOWN STEP	2026-10-07T15:23:37.8168089Z === RUN   TestR90BQueueGuardAllowsLegalFlows/binary-unrelated
windows-build	UNKNOWN STEP	2026-10-07T15:23:37.8186021Z --- PASS: TestR90BQueueGuardAllowsLegalFlows/binary-unrelated (0.00s)
windows-build	UNKNOWN STEP	2026-10-07T15:23:37.8186754Z === RUN   TestR90BQueueGuardAllowsLegalFlows/generic-unrelated
windows-build	UNKNOWN STEP	2026-10-07T15:23:37.8187574Z --- PASS: TestR90BQueueGuardAllowsLegalFlows/generic-unrelated (0.00s)
windows-build	UNKNOWN STEP	2026-10-07T15:23:37.8188757Z === RUN   TestR90BQueueGuardAllowsLegalFlows/generic-registry
windows-build	UNKNOWN STEP	2026-10-07T15:23:37.8189446Z --- PASS: TestR90BQueueGuardAllowsLegalFlows/generic-registry (0.00s)
windows-build	UNKNOWN STEP	2026-10-07T15:23:37.8190083Z --- PASS: TestR90BQueueGuardAllowsLegalFlows (0.01s)
windows-build	UNKNOWN STEP	2026-10-07T15:23:37.8190571Z === RUN   TestR90BQueueGuardFlowVariants
windows-build	UNKNOWN STEP	2026-10-07T15:23:37.8191075Z === RUN   TestR90BQueueGuardFlowVariants/channel-comma-ok
windows-build	UNKNOWN STEP	2026-10-07T15:23:37.8191730Z --- PASS: TestR90BQueueGuardFlowVariants/channel-comma-ok (0.00s)
windows-build	UNKNOWN STEP	2026-10-07T15:23:37.8192375Z === RUN   TestR90BQueueGuardFlowVariants/channel-numeric-target
windows-build	UNKNOWN STEP	2026-10-07T15:23:37.8193087Z --- PASS: TestR90BQueueGuardFlowVariants/channel-numeric-target (0.00s)
windows-build	UNKNOWN STEP	2026-10-07T15:23:37.8193778Z === RUN   TestR90BQueueGuardFlowVariants/struct-positional-alias
windows-build	UNKNOWN STEP	2026-10-07T15:23:37.8194479Z --- PASS: TestR90BQueueGuardFlowVariants/struct-positional-alias (0.00s)
windows-build	UNKNOWN STEP	2026-10-07T15:23:37.8195126Z === RUN   TestR90BQueueGuardFlowVariants/struct-pointer
windows-build	UNKNOWN STEP	2026-10-07T15:23:37.8195742Z --- PASS: TestR90BQueueGuardFlowVariants/struct-pointer (0.00s)
windows-build	UNKNOWN STEP	2026-10-07T15:23:37.8196365Z === RUN   TestR90BQueueGuardFlowVariants/json-function-alias
windows-build	UNKNOWN STEP	2026-10-07T15:23:37.8211600Z --- PASS: TestR90BQueueGuardFlowVariants/json-function-alias (0.00s)
windows-build	UNKNOWN STEP	2026-10-07T15:23:37.8212781Z === RUN   TestR90BQueueGuardFlowVariants/three-results-first-value
windows-build	UNKNOWN STEP	2026-10-07T15:23:37.8213783Z --- PASS: TestR90BQueueGuardFlowVariants/three-results-first-value (0.00s)
windows-build	UNKNOWN STEP	2026-10-07T15:23:37.8214636Z === RUN   TestR90BQueueGuardFlowVariants/binary-compare-alias
windows-build	UNKNOWN STEP	2026-10-07T15:23:37.8233089Z --- PASS: TestR90BQueueGuardFlowVariants/binary-compare-alias (0.00s)
windows-build	UNKNOWN STEP	2026-10-07T15:23:37.8233817Z === RUN   TestR90BQueueGuardFlowVariants/generic-function-alias
windows-build	UNKNOWN STEP	2026-10-07T15:23:37.8234528Z --- PASS: TestR90BQueueGuardFlowVariants/generic-function-alias (0.00s)
windows-build	UNKNOWN STEP	2026-10-07T15:23:37.8235226Z --- PASS: TestR90BQueueGuardFlowVariants (0.00s)
windows-build	UNKNOWN STEP	2026-10-07T15:23:37.8235708Z === RUN   TestR91Addendum2NonWildcardBanClearYields
windows-build	UNKNOWN STEP	2026-10-07T15:23:37.8236276Z === RUN   TestR91Addendum2NonWildcardBanClearYields/ranked/poll
windows-build	UNKNOWN STEP	2026-10-07T15:23:37.8258087Z --- PASS: TestR91Addendum2NonWildcardBanClearYields/ranked/poll (0.00s)
windows-build	UNKNOWN STEP	2026-10-07T15:23:37.8258835Z === RUN   TestR91Addendum2NonWildcardBanClearYields/ranked/preflight
windows-build	UNKNOWN STEP	2026-10-07T15:23:37.9497911Z --- PASS: TestR91Addendum2NonWildcardBanClearYields/ranked/preflight (0.12s)
windows-build	UNKNOWN STEP	2026-10-07T15:23:37.9498441Z === RUN   TestR91Addendum2NonWildcardBanClearYields/arena/poll
windows-build	UNKNOWN STEP	2026-10-07T15:23:37.9516115Z --- PASS: TestR91Addendum2NonWildcardBanClearYields/arena/poll (0.00s)
windows-build	UNKNOWN STEP	2026-10-07T15:23:37.9516907Z === RUN   TestR91Addendum2NonWildcardBanClearYields/arena/preflight
windows-build	UNKNOWN STEP	2026-10-07T15:23:38.0757666Z --- PASS: TestR91Addendum2NonWildcardBanClearYields/arena/preflight (0.12s)
windows-build	UNKNOWN STEP	2026-10-07T15:23:38.0758419Z --- PASS: TestR91Addendum2NonWildcardBanClearYields (0.25s)
windows-build	UNKNOWN STEP	2026-10-07T15:23:38.0758968Z === RUN   TestR91AddendumRateLimitJSON
windows-build	UNKNOWN STEP	2026-10-07T15:23:38.0759389Z --- PASS: TestR91AddendumRateLimitJSON (0.00s)
windows-build	UNKNOWN STEP	2026-10-07T15:23:38.0759833Z === RUN   TestR91AddendumCacheThreeStates
windows-build	UNKNOWN STEP	2026-10-07T15:23:38.1070980Z --- PASS: TestR91AddendumCacheThreeStates (0.03s)
windows-build	UNKNOWN STEP	2026-10-07T15:23:38.1071691Z === RUN   TestR91AddendumOneRequestStreamsFiveThenTwenty
windows-build	UNKNOWN STEP	2026-10-07T15:23:39.1618202Z --- PASS: TestR91AddendumOneRequestStreamsFiveThenTwenty (1.05s)
windows-build	UNKNOWN STEP	2026-10-07T15:23:39.1618831Z === RUN   TestR91AddendumGameStartGroupingAndCarryover
windows-build	UNKNOWN STEP	2026-10-07T15:23:39.1717033Z --- PASS: TestR91AddendumGameStartGroupingAndCarryover (0.01s)
windows-build	UNKNOWN STEP	2026-10-07T15:23:39.1717742Z === RUN   TestR91AddendumForcedShapeAndUnattemptedPhase
windows-build	UNKNOWN STEP	2026-10-07T15:23:39.1745459Z --- PASS: TestR91AddendumForcedShapeAndUnattemptedPhase (0.00s)
windows-build	UNKNOWN STEP	2026-10-07T15:23:39.1746446Z === RUN   TestR91AddendumWildcardHoverClearKeepsArmedLock
windows-build	UNKNOWN STEP	2026-10-07T15:23:39.1747083Z === RUN   TestR91AddendumWildcardHoverClearKeepsArmedLock/0
windows-build	UNKNOWN STEP	2026-10-07T15:23:39.1777352Z --- PASS: TestR91AddendumWildcardHoverClearKeepsArmedLock/0 (0.00s)
windows-build	UNKNOWN STEP	2026-10-07T15:23:39.1778237Z === RUN   TestR91AddendumWildcardHoverClearKeepsArmedLock/104
windows-build	UNKNOWN STEP	2026-10-07T15:23:39.1796454Z --- PASS: TestR91AddendumWildcardHoverClearKeepsArmedLock/104 (0.00s)
windows-build	UNKNOWN STEP	2026-10-07T15:23:39.1797465Z --- PASS: TestR91AddendumWildcardHoverClearKeepsArmedLock (0.01s)
windows-build	UNKNOWN STEP	2026-10-07T15:23:39.1797964Z === RUN   TestR91AddendumSaveReevaluatesCurrentPhase
windows-build	UNKNOWN STEP	2026-10-07T15:23:39.1798342Z === RUN   TestR91AddendumSaveReevaluatesCurrentPhase/Reconnect
windows-build	UNKNOWN STEP	2026-10-07T15:23:39.2104075Z --- PASS: TestR91AddendumSaveReevaluatesCurrentPhase/Reconnect (0.03s)
windows-build	UNKNOWN STEP	2026-10-07T15:23:39.2105353Z === RUN   TestR91AddendumSaveReevaluatesCurrentPhase/ReadyCheck
windows-build	UNKNOWN STEP	2026-10-07T15:23:39.2212476Z --- PASS: TestR91AddendumSaveReevaluatesCurrentPhase/ReadyCheck (0.01s)
windows-build	UNKNOWN STEP	2026-10-07T15:23:39.2213378Z === RUN   TestR91AddendumSaveReevaluatesCurrentPhase/EndOfGame
windows-build	UNKNOWN STEP	2026-10-07T15:23:39.2321628Z --- PASS: TestR91AddendumSaveReevaluatesCurrentPhase/EndOfGame (0.01s)
windows-build	UNKNOWN STEP	2026-10-07T15:23:39.2322252Z --- PASS: TestR91AddendumSaveReevaluatesCurrentPhase (0.05s)
windows-build	UNKNOWN STEP	2026-10-07T15:23:39.2322658Z === RUN   TestR91AddendumUpstreamRetryAfterSurvives
windows-build	UNKNOWN STEP	2026-10-07T15:23:41.2328898Z --- PASS: TestR91AddendumUpstreamRetryAfterSurvives (2.00s)
windows-build	UNKNOWN STEP	2026-10-07T15:23:41.2329406Z === RUN   TestR91AddendumRetryableRosterDoesNotBlockEarlyProbe
windows-build	UNKNOWN STEP	2026-10-07T15:23:41.2463024Z --- PASS: TestR91AddendumRetryableRosterDoesNotBlockEarlyProbe (0.01s)
windows-build	UNKNOWN STEP	2026-10-07T15:23:41.2463887Z === RUN   TestR91AddendumSaveDuringChampSelectArmsNoUnrelatedRule
windows-build	UNKNOWN STEP	2026-10-07T15:23:41.4662250Z --- PASS: TestR91AddendumSaveDuringChampSelectArmsNoUnrelatedRule (0.22s)
windows-build	UNKNOWN STEP	2026-10-07T15:23:41.4662970Z === RUN   TestR92LivePublicDiagnosis
windows-build	UNKNOWN STEP	2026-10-07T15:23:41.4663511Z     r92_diagnosis_test.go:18: real public network only
windows-build	UNKNOWN STEP	2026-10-07T15:23:41.4663989Z --- SKIP: TestR92LivePublicDiagnosis (0.00s)
windows-build	UNKNOWN STEP	2026-10-07T15:23:41.4664308Z === RUN   TestR92LiveBackground
windows-build	UNKNOWN STEP	2026-10-07T15:23:41.4664624Z     r92_diagnosis_test.go:89: real public network only
windows-build	UNKNOWN STEP	2026-10-07T15:23:41.4664917Z --- SKIP: TestR92LiveBackground (0.00s)
windows-build	UNKNOWN STEP	2026-10-07T15:23:41.4665182Z === RUN   TestR92LiveProDirectory
windows-build	UNKNOWN STEP	2026-10-07T15:23:41.4665489Z     r92_diagnosis_test.go:109: real public network only
windows-build	UNKNOWN STEP	2026-10-07T15:23:41.4665779Z --- SKIP: TestR92LiveProDirectory (0.00s)
windows-build	UNKNOWN STEP	2026-10-07T15:23:41.4666062Z === RUN   TestR92RiotMatchConcreteDiskBudget
windows-build	UNKNOWN STEP	2026-10-07T15:23:41.4666341Z === PAUSE TestR92RiotMatchConcreteDiskBudget
windows-build	UNKNOWN STEP	2026-10-07T15:23:41.4666794Z === RUN   TestR92ProLadderStartsBeforeSupplementsFinish
windows-build	UNKNOWN STEP	2026-10-07T15:23:41.4717872Z --- PASS: TestR92ProLadderStartsBeforeSupplementsFinish (0.01s)
windows-build	UNKNOWN STEP	2026-10-07T15:23:41.4718981Z === RUN   TestR92ProLadderNewAccountsAndDedup
windows-build	UNKNOWN STEP	2026-10-07T15:23:41.4720328Z --- PASS: TestR92ProLadderNewAccountsAndDedup (0.00s)
windows-build	UNKNOWN STEP	2026-10-07T15:23:41.4720897Z === RUN   TestR92CommunityImageIndependentDiskRestart
windows-build	UNKNOWN STEP	2026-10-07T15:23:41.5475217Z --- PASS: TestR92CommunityImageIndependentDiskRestart (0.08s)
windows-build	UNKNOWN STEP	2026-10-07T15:23:41.5475641Z === RUN   TestR92DefaultPersonalConcurrency
windows-build	UNKNOWN STEP	2026-10-07T15:23:41.5476069Z --- PASS: TestR92DefaultPersonalConcurrency (0.00s)
windows-build	UNKNOWN STEP	2026-10-07T15:23:41.5476429Z === RUN   TestR92RiotMatchByteBudgetAcrossRestart
windows-build	UNKNOWN STEP	2026-10-07T15:23:44.6304116Z --- PASS: TestR92RiotMatchByteBudgetAcrossRestart (3.08s)
windows-build	UNKNOWN STEP	2026-10-07T15:23:44.6305504Z === RUN   TestR93TwentyMatchDetailsFromDiskAfterRestart
windows-build	UNKNOWN STEP	2026-10-07T15:23:45.6790024Z     r93_test.go:82: cold_network_calls=20 restart_disk_hits=20 restart_network_calls=0
windows-build	UNKNOWN STEP	2026-10-07T15:23:45.6828514Z --- PASS: TestR93TwentyMatchDetailsFromDiskAfterRestart (1.05s)
windows-build	UNKNOWN STEP	2026-10-07T15:23:45.6829319Z === RUN   TestR94PhaseEndpointFindsSamePhaseIdentityJumpsWithoutRosterReads
windows-build	UNKNOWN STEP	2026-10-07T15:23:45.6830202Z --- PASS: TestR94PhaseEndpointFindsSamePhaseIdentityJumpsWithoutRosterReads (0.00s)
windows-build	UNKNOWN STEP	2026-10-07T15:23:45.6831770Z === RUN   TestR94IdentityProbePhaseFallbackAndCancellation
windows-build	UNKNOWN STEP	2026-10-07T15:23:45.6832627Z === RUN   TestR94IdentityProbePhaseFallbackAndCancellation/selection_ignores_previous_game
windows-build	UNKNOWN STEP	2026-10-07T15:23:45.6833624Z --- PASS: TestR94IdentityProbePhaseFallbackAndCancellation/selection_ignores_previous_game (0.00s)
windows-build	UNKNOWN STEP	2026-10-07T15:23:45.6834877Z === RUN   TestR94IdentityProbePhaseFallbackAndCancellation/inactive_has_no_identity
windows-build	UNKNOWN STEP	2026-10-07T15:23:45.6835864Z --- PASS: TestR94IdentityProbePhaseFallbackAndCancellation/inactive_has_no_identity (0.00s)
windows-build	UNKNOWN STEP	2026-10-07T15:23:45.6836836Z === RUN   TestR94IdentityProbePhaseFallbackAndCancellation/session_failure_retains_phase
windows-build	UNKNOWN STEP	2026-10-07T15:23:45.6837819Z --- PASS: TestR94IdentityProbePhaseFallbackAndCancellation/session_failure_retains_phase (0.00s)
windows-build	UNKNOWN STEP	2026-10-07T15:23:45.6838770Z === RUN   TestR94IdentityProbePhaseFallbackAndCancellation/session_sees_newer_phase
windows-build	UNKNOWN STEP	2026-10-07T15:23:45.6839714Z --- PASS: TestR94IdentityProbePhaseFallbackAndCancellation/session_sees_newer_phase (0.00s)
windows-build	UNKNOWN STEP	2026-10-07T15:23:45.6840631Z === RUN   TestR94IdentityProbePhaseFallbackAndCancellation/reconnect_identity
windows-build	UNKNOWN STEP	2026-10-07T15:23:45.6841442Z --- PASS: TestR94IdentityProbePhaseFallbackAndCancellation/reconnect_identity (0.00s)
windows-build	UNKNOWN STEP	2026-10-07T15:23:45.6842202Z === RUN   TestR94IdentityProbePhaseFallbackAndCancellation/missing_identity
windows-build	UNKNOWN STEP	2026-10-07T15:23:45.6843065Z --- PASS: TestR94IdentityProbePhaseFallbackAndCancellation/missing_identity (0.00s)
windows-build	UNKNOWN STEP	2026-10-07T15:23:45.6844116Z === RUN   TestR94IdentityProbePhaseFallbackAndCancellation/request_cancellation_reaches_session_probe
windows-build	UNKNOWN STEP	2026-10-07T15:23:45.6845544Z --- PASS: TestR94IdentityProbePhaseFallbackAndCancellation/request_cancellation_reaches_session_probe (0.00s)
windows-build	UNKNOWN STEP	2026-10-07T15:23:45.6846491Z --- PASS: TestR94IdentityProbePhaseFallbackAndCancellation (0.00s)
windows-build	UNKNOWN STEP	2026-10-07T15:23:45.6847182Z === RUN   TestR94SessionSSECarriesIdentityAndRejectsOldSelectionData
windows-build	UNKNOWN STEP	2026-10-07T15:23:45.6847992Z --- PASS: TestR94SessionSSECarriesIdentityAndRejectsOldSelectionData (0.00s)
windows-build	UNKNOWN STEP	2026-10-07T15:23:45.6848862Z === RUN   TestR94DiagnosticBatchPersistsRawPhaseSourceAndIdentityComparisons
windows-build	UNKNOWN STEP	2026-10-07T15:23:45.6861028Z --- PASS: TestR94DiagnosticBatchPersistsRawPhaseSourceAndIdentityComparisons (0.00s)
windows-build	UNKNOWN STEP	2026-10-07T15:23:45.6861699Z === RUN   TestR94DiagnosticBatchRejectsMalformedObservations
windows-build	UNKNOWN STEP	2026-10-07T15:23:45.6862431Z === RUN   TestR94DiagnosticBatchRejectsMalformedObservations/invalid_phase
windows-build	UNKNOWN STEP	2026-10-07T15:23:45.6863267Z --- PASS: TestR94DiagnosticBatchRejectsMalformedObservations/invalid_phase (0.00s)
windows-build	UNKNOWN STEP	2026-10-07T15:23:45.6864149Z === RUN   TestR94DiagnosticBatchRejectsMalformedObservations/invalid_source
windows-build	UNKNOWN STEP	2026-10-07T15:23:45.6865119Z --- PASS: TestR94DiagnosticBatchRejectsMalformedObservations/invalid_source (0.00s)
windows-build	UNKNOWN STEP	2026-10-07T15:23:45.6865817Z === RUN   TestR94DiagnosticBatchRejectsMalformedObservations/invalid_ID
windows-build	UNKNOWN STEP	2026-10-07T15:23:45.6866533Z --- PASS: TestR94DiagnosticBatchRejectsMalformedObservations/invalid_ID (0.00s)
windows-build	UNKNOWN STEP	2026-10-07T15:23:45.6867253Z === RUN   TestR94DiagnosticBatchRejectsMalformedObservations/empty
windows-build	UNKNOWN STEP	2026-10-07T15:23:45.6867969Z --- PASS: TestR94DiagnosticBatchRejectsMalformedObservations/empty (0.00s)
windows-build	UNKNOWN STEP	2026-10-07T15:23:45.6868769Z === RUN   TestR94DiagnosticBatchRejectsMalformedObservations/too_many
windows-build	UNKNOWN STEP	2026-10-07T15:23:45.6869503Z --- PASS: TestR94DiagnosticBatchRejectsMalformedObservations/too_many (0.00s)
windows-build	UNKNOWN STEP	2026-10-07T15:23:45.6870210Z --- PASS: TestR94DiagnosticBatchRejectsMalformedObservations (0.00s)
windows-build	UNKNOWN STEP	2026-10-07T15:23:45.6870957Z === RUN   TestR94ConnectedSessionForwardsIdentityThroughLCUEventCallback
windows-build	UNKNOWN STEP	2026-10-07T15:23:45.6911425Z 2026/10/07 15:23:45 http: TLS handshake error from 127.0.0.1:50604: read tcp 127.0.0.1:50601->127.0.0.1:50604: use of closed network connection
windows-build	UNKNOWN STEP	2026-10-07T15:23:45.6912710Z --- PASS: TestR94ConnectedSessionForwardsIdentityThroughLCUEventCallback (0.00s)
windows-build	UNKNOWN STEP	2026-10-07T15:23:45.6913521Z === RUN   TestR95SquadSurvivesHiddenChampSelectAndScrambledLive
windows-build	UNKNOWN STEP	2026-10-07T15:23:45.7584287Z --- PASS: TestR95SquadSurvivesHiddenChampSelectAndScrambledLive (0.07s)
windows-build	UNKNOWN STEP	2026-10-07T15:23:45.7585143Z === RUN   TestR95MissingKnownSquadMemberAndTruth
windows-build	UNKNOWN STEP	2026-10-07T15:23:45.7585509Z === RUN   TestR95MissingKnownSquadMemberAndTruth/false
windows-build	UNKNOWN STEP	2026-10-07T15:23:45.8008423Z --- PASS: TestR95MissingKnownSquadMemberAndTruth/false (0.04s)
windows-build	UNKNOWN STEP	2026-10-07T15:23:45.8008877Z === RUN   TestR95MissingKnownSquadMemberAndTruth/true
windows-build	UNKNOWN STEP	2026-10-07T15:23:45.8445122Z --- PASS: TestR95MissingKnownSquadMemberAndTruth/true (0.04s)
windows-build	UNKNOWN STEP	2026-10-07T15:23:45.8445823Z --- PASS: TestR95MissingKnownSquadMemberAndTruth (0.09s)
windows-build	UNKNOWN STEP	2026-10-07T15:23:45.8446338Z === RUN   TestR95TruthNoneAndRiotSource
windows-build	UNKNOWN STEP	2026-10-07T15:23:45.8882372Z --- PASS: TestR95TruthNoneAndRiotSource (0.04s)
windows-build	UNKNOWN STEP	2026-10-07T15:23:45.8883072Z === RUN   TestR95AllGameDataOncePrivateAndCanceledParent
windows-build	UNKNOWN STEP	2026-10-07T15:23:45.8906271Z --- PASS: TestR95AllGameDataOncePrivateAndCanceledParent (0.00s)
windows-build	UNKNOWN STEP	2026-10-07T15:23:45.8906899Z === RUN   TestR95OverviewEmptyArraysAreExplicit
windows-build	UNKNOWN STEP	2026-10-07T15:23:45.8907439Z --- PASS: TestR95OverviewEmptyArraysAreExplicit (0.00s)
windows-build	UNKNOWN STEP	2026-10-07T15:23:45.8907999Z === RUN   TestR95ProExactIdentityPrivacyAndNoFetch
windows-build	UNKNOWN STEP	2026-10-07T15:23:45.8908581Z --- PASS: TestR95ProExactIdentityPrivacyAndNoFetch (0.00s)
windows-build	UNKNOWN STEP	2026-10-07T15:23:45.8909126Z === RUN   TestR95LockStrategiesUseOnlyVisibleWait
windows-build	UNKNOWN STEP	2026-10-07T15:23:45.8909694Z === RUN   TestR95LockStrategiesUseOnlyVisibleWait/lock-now
windows-build	UNKNOWN STEP	2026-10-07T15:23:45.8939448Z --- PASS: TestR95LockStrategiesUseOnlyVisibleWait/lock-now (0.00s)
windows-build	UNKNOWN STEP	2026-10-07T15:23:45.8940170Z === RUN   TestR95LockStrategiesUseOnlyVisibleWait/show-only
windows-build	UNKNOWN STEP	2026-10-07T15:23:45.8950987Z --- PASS: TestR95LockStrategiesUseOnlyVisibleWait/show-only (0.00s)
windows-build	UNKNOWN STEP	2026-10-07T15:23:45.8951730Z === RUN   TestR95LockStrategiesUseOnlyVisibleWait/show-then-lock
windows-build	UNKNOWN STEP	2026-10-07T15:23:45.9477127Z --- PASS: TestR95LockStrategiesUseOnlyVisibleWait/show-then-lock (0.05s)
windows-build	UNKNOWN STEP	2026-10-07T15:23:45.9477929Z --- PASS: TestR95LockStrategiesUseOnlyVisibleWait (0.06s)
windows-build	UNKNOWN STEP	2026-10-07T15:23:45.9478601Z === RUN   TestR95LegacyAlliesCrossBlocksGuardRemainsIndependent
windows-build	UNKNOWN STEP	2026-10-07T15:23:45.9479412Z --- PASS: TestR95LegacyAlliesCrossBlocksGuardRemainsIndependent (0.00s)
windows-build	UNKNOWN STEP	2026-10-07T15:23:45.9480066Z === RUN   TestR95SquadGameAndAccountIsolation
windows-build	UNKNOWN STEP	2026-10-07T15:23:45.9480608Z --- PASS: TestR95SquadGameAndAccountIsolation (0.00s)
windows-build	UNKNOWN STEP	2026-10-07T15:23:45.9481199Z === RUN   TestR95ProDirectoryBadgeConsistencyAndConflict
windows-build	UNKNOWN STEP	2026-10-07T15:23:45.9481848Z --- PASS: TestR95ProDirectoryBadgeConsistencyAndConflict (0.00s)
windows-build	UNKNOWN STEP	2026-10-07T15:23:45.9482398Z === RUN   TestR96ExplicitSubteamGuard
windows-build	UNKNOWN STEP	2026-10-07T15:23:45.9482938Z === RUN   TestR96ExplicitSubteamGuard/subteamId/conflict=false
windows-build	UNKNOWN STEP	2026-10-07T15:23:45.9984975Z --- PASS: TestR96ExplicitSubteamGuard/subteamId/conflict=false (0.05s)
windows-build	UNKNOWN STEP	2026-10-07T15:23:45.9985482Z === RUN   TestR96ExplicitSubteamGuard/subteamId/conflict=true
windows-build	UNKNOWN STEP	2026-10-07T15:23:46.0208683Z --- PASS: TestR96ExplicitSubteamGuard/subteamId/conflict=true (0.02s)
windows-build	UNKNOWN STEP	2026-10-07T15:23:46.0209496Z === RUN   TestR96ExplicitSubteamGuard/playerSubteamId/conflict=false
windows-build	UNKNOWN STEP	2026-10-07T15:23:46.0682341Z --- PASS: TestR96ExplicitSubteamGuard/playerSubteamId/conflict=false (0.05s)
windows-build	UNKNOWN STEP	2026-10-07T15:23:46.0683367Z === RUN   TestR96ExplicitSubteamGuard/playerSubteamId/conflict=true
windows-build	UNKNOWN STEP	2026-10-07T15:23:46.0896322Z --- PASS: TestR96ExplicitSubteamGuard/playerSubteamId/conflict=true (0.02s)
windows-build	UNKNOWN STEP	2026-10-07T15:23:46.0897085Z --- PASS: TestR96ExplicitSubteamGuard (0.14s)
windows-build	UNKNOWN STEP	2026-10-07T15:23:46.0897628Z === RUN   TestR96PartialTruthDoesNotEndAsNone
windows-build	UNKNOWN STEP	2026-10-07T15:23:46.1248212Z --- PASS: TestR96PartialTruthDoesNotEndAsNone (0.04s)
windows-build	UNKNOWN STEP	2026-10-07T15:23:46.1248602Z === RUN   TestR98Timing
windows-build	UNKNOWN STEP	2026-10-07T15:23:48.0347584Z     r98_test.go:137: [
windows-build	UNKNOWN STEP	2026-10-07T15:23:48.0348061Z           {
windows-build	UNKNOWN STEP	2026-10-07T15:23:48.0348936Z             "cumulative_http_calls": {
windows-build	UNKNOWN STEP	2026-10-07T15:23:48.0349534Z               "account": 1,
windows-build	UNKNOWN STEP	2026-10-07T15:23:48.0349937Z               "detail": 20,
windows-build	UNKNOWN STEP	2026-10-07T15:23:48.0350278Z               "mastery": 1,
windows-build	UNKNOWN STEP	2026-10-07T15:23:48.0350651Z               "matchIDs": 1,
windows-build	UNKNOWN STEP	2026-10-07T15:23:48.0351302Z               "ranks": 1,
windows-build	UNKNOWN STEP	2026-10-07T15:23:48.0351998Z               "summoner": 1
windows-build	UNKNOWN STEP	2026-10-07T15:23:48.0352482Z             },
windows-build	UNKNOWN STEP	2026-10-07T15:23:48.0353575Z             "overview_phases_ms": {
windows-build	UNKNOWN STEP	2026-10-07T15:23:48.0354074Z               "account": 64,
windows-build	UNKNOWN STEP	2026-10-07T15:23:48.0354682Z               "champion_names": 0,
windows-build	UNKNOWN STEP	2026-10-07T15:23:48.0355310Z               "detailed_matches": 0,
windows-build	UNKNOWN STEP	2026-10-07T15:23:48.0356214Z               "details": 1530,
windows-build	UNKNOWN STEP	2026-10-07T15:23:48.0356605Z               "identity": 0,
windows-build	UNKNOWN STEP	2026-10-07T15:23:48.0356984Z               "mastery": 279,
windows-build	UNKNOWN STEP	2026-10-07T15:23:48.0357365Z               "matchIDs": 311,
windows-build	UNKNOWN STEP	2026-10-07T15:23:48.0358016Z               "opgg-historical": 0,
windows-build	UNKNOWN STEP	2026-10-07T15:23:48.0361627Z               "queue_labels": 0,
windows-build	UNKNOWN STEP	2026-10-07T15:23:48.0362065Z               "ranks": 269,
windows-build	UNKNOWN STEP	2026-10-07T15:23:48.0362812Z               "recent_players": 0,
windows-build	UNKNOWN STEP	2026-10-07T15:23:48.0363271Z               "recent_ranked": 0,
windows-build	UNKNOWN STEP	2026-10-07T15:23:48.0364064Z               "season_snapshot": 0,
windows-build	UNKNOWN STEP	2026-10-07T15:23:48.0364726Z               "serialize": 1908,
windows-build	UNKNOWN STEP	2026-10-07T15:23:48.0365131Z               "spans": {
windows-build	UNKNOWN STEP	2026-10-07T15:23:48.0365499Z                 "account": [
windows-build	UNKNOWN STEP	2026-10-07T15:23:48.0365843Z                   [
windows-build	UNKNOWN STEP	2026-10-07T15:23:48.0366164Z                     0,
windows-build	UNKNOWN STEP	2026-10-07T15:23:48.0366746Z                     64
windows-build	UNKNOWN STEP	2026-10-07T15:23:48.0367062Z                   ]
windows-build	UNKNOWN STEP	2026-10-07T15:23:48.0367369Z                 ],
windows-build	UNKNOWN STEP	2026-10-07T15:23:48.0367746Z                 "champion_names": [
windows-build	UNKNOWN STEP	2026-10-07T15:23:48.0368106Z                   [
windows-build	UNKNOWN STEP	2026-10-07T15:23:48.0368415Z                     64,
windows-build	UNKNOWN STEP	2026-10-07T15:23:48.0368734Z                     64
windows-build	UNKNOWN STEP	2026-10-07T15:23:48.0369042Z                   ]
windows-build	UNKNOWN STEP	2026-10-07T15:23:48.0369315Z                 ],
windows-build	UNKNOWN STEP	2026-10-07T15:23:48.0369647Z                 "details": [
windows-build	UNKNOWN STEP	2026-10-07T15:23:48.0369968Z                   [
windows-build	UNKNOWN STEP	2026-10-07T15:23:48.0370295Z                     376,
windows-build	UNKNOWN STEP	2026-10-07T15:23:48.0370636Z                     1907
windows-build	UNKNOWN STEP	2026-10-07T15:23:48.0370944Z                   ]
windows-build	UNKNOWN STEP	2026-10-07T15:23:48.0371225Z                 ],
windows-build	UNKNOWN STEP	2026-10-07T15:23:48.0371545Z                 "mastery": [
windows-build	UNKNOWN STEP	2026-10-07T15:23:48.0371869Z                   [
windows-build	UNKNOWN STEP	2026-10-07T15:23:48.0372175Z                     64,
windows-build	UNKNOWN STEP	2026-10-07T15:23:48.0372492Z                     344
windows-build	UNKNOWN STEP	2026-10-07T15:23:48.0372786Z                   ]
windows-build	UNKNOWN STEP	2026-10-07T15:23:48.0373073Z                 ],
windows-build	UNKNOWN STEP	2026-10-07T15:23:48.0373414Z                 "matchIDs": [
windows-build	UNKNOWN STEP	2026-10-07T15:23:48.0373739Z                   [
windows-build	UNKNOWN STEP	2026-10-07T15:23:48.0374045Z                     64,
windows-build	UNKNOWN STEP	2026-10-07T15:23:48.0374364Z                     376
windows-build	UNKNOWN STEP	2026-10-07T15:23:48.0374671Z                   ]
windows-build	UNKNOWN STEP	2026-10-07T15:23:48.0374941Z                 ],
windows-build	UNKNOWN STEP	2026-10-07T15:23:48.0375260Z                 "ranks": [
windows-build	UNKNOWN STEP	2026-10-07T15:23:48.0375571Z                   [
windows-build	UNKNOWN STEP	2026-10-07T15:23:48.0375868Z                     64,
windows-build	UNKNOWN STEP	2026-10-07T15:23:48.0376176Z                     334
windows-build	UNKNOWN STEP	2026-10-07T15:23:48.0376467Z                   ]
windows-build	UNKNOWN STEP	2026-10-07T15:23:48.0376762Z                 ],
windows-build	UNKNOWN STEP	2026-10-07T15:23:48.0377128Z                 "summoner": [
windows-build	UNKNOWN STEP	2026-10-07T15:23:48.0377461Z                   [
windows-build	UNKNOWN STEP	2026-10-07T15:23:48.0377776Z                     64,
windows-build	UNKNOWN STEP	2026-10-07T15:23:48.0378114Z                     659
windows-build	UNKNOWN STEP	2026-10-07T15:23:48.0378404Z                   ]
windows-build	UNKNOWN STEP	2026-10-07T15:23:48.0378698Z                 ]
windows-build	UNKNOWN STEP	2026-10-07T15:23:48.0378976Z               },
windows-build	UNKNOWN STEP	2026-10-07T15:23:48.0379339Z               "summoner": 594,
windows-build	UNKNOWN STEP	2026-10-07T15:23:48.0379714Z               "total": 1908
windows-build	UNKNOWN STEP	2026-10-07T15:23:48.0380024Z             },
windows-build	UNKNOWN STEP	2026-10-07T15:23:48.0380327Z             "previews": [
windows-build	UNKNOWN STEP	2026-10-07T15:23:48.0380635Z               {
windows-build	UNKNOWN STEP	2026-10-07T15:23:48.0380958Z                 "at_ms": 662,
windows-build	UNKNOWN STEP	2026-10-07T15:23:48.0381304Z                 "matches": 5
windows-build	UNKNOWN STEP	2026-10-07T15:23:48.0443452Z               },
windows-build	UNKNOWN STEP	2026-10-07T15:23:48.0443737Z               {
windows-build	UNKNOWN STEP	2026-10-07T15:23:48.0444053Z                 "at_ms": 680,
windows-build	UNKNOWN STEP	2026-10-07T15:23:48.0444420Z                 "matches": 7
windows-build	UNKNOWN STEP	2026-10-07T15:23:48.0444707Z               },
windows-build	UNKNOWN STEP	2026-10-07T15:23:48.0444931Z               {
windows-build	UNKNOWN STEP	2026-10-07T15:23:48.0445216Z                 "at_ms": 741,
windows-build	UNKNOWN STEP	2026-10-07T15:23:48.0445831Z                 "matches": 9
windows-build	UNKNOWN STEP	2026-10-07T15:23:48.0446152Z               },
windows-build	UNKNOWN STEP	2026-10-07T15:23:48.0446390Z               {
windows-build	UNKNOWN STEP	2026-10-07T15:23:48.0446674Z                 "at_ms": 1191,
windows-build	UNKNOWN STEP	2026-10-07T15:23:48.0447179Z                 "matches": 11
windows-build	UNKNOWN STEP	2026-10-07T15:23:48.0447449Z               },
windows-build	UNKNOWN STEP	2026-10-07T15:23:48.0447868Z               {
windows-build	UNKNOWN STEP	2026-10-07T15:23:48.0448188Z                 "at_ms": 1413,
windows-build	UNKNOWN STEP	2026-10-07T15:23:48.0448546Z                 "matches": 13
windows-build	UNKNOWN STEP	2026-10-07T15:23:48.0448932Z               },
windows-build	UNKNOWN STEP	2026-10-07T15:23:48.0449193Z               {
windows-build	UNKNOWN STEP	2026-10-07T15:23:48.0449521Z                 "at_ms": 1626,
windows-build	UNKNOWN STEP	2026-10-07T15:23:48.0449877Z                 "matches": 15
windows-build	UNKNOWN STEP	2026-10-07T15:23:48.0450193Z               },
windows-build	UNKNOWN STEP	2026-10-07T15:23:48.0450463Z               {
windows-build	UNKNOWN STEP	2026-10-07T15:23:48.0450803Z                 "at_ms": 1845,
windows-build	UNKNOWN STEP	2026-10-07T15:23:48.0451204Z                 "matches": 17
windows-build	UNKNOWN STEP	2026-10-07T15:23:48.0451543Z               },
windows-build	UNKNOWN STEP	2026-10-07T15:23:48.0451820Z               {
windows-build	UNKNOWN STEP	2026-10-07T15:23:48.0452169Z                 "at_ms": 1900,
windows-build	UNKNOWN STEP	2026-10-07T15:23:48.0452555Z                 "matches": 19
windows-build	UNKNOWN STEP	2026-10-07T15:23:48.0452869Z               },
windows-build	UNKNOWN STEP	2026-10-07T15:23:48.0453123Z               {
windows-build	UNKNOWN STEP	2026-10-07T15:23:48.0453452Z                 "at_ms": 1907,
windows-build	UNKNOWN STEP	2026-10-07T15:23:48.0453812Z                 "matches": 20
windows-build	UNKNOWN STEP	2026-10-07T15:23:48.0454099Z               },
windows-build	UNKNOWN STEP	2026-10-07T15:23:48.0454332Z               {
windows-build	UNKNOWN STEP	2026-10-07T15:23:48.0454640Z                 "at_ms": 1907,
windows-build	UNKNOWN STEP	2026-10-07T15:23:48.0454951Z                 "matches": 20
windows-build	UNKNOWN STEP	2026-10-07T15:23:48.0455235Z               }
windows-build	UNKNOWN STEP	2026-10-07T15:23:48.0455475Z             ],
windows-build	UNKNOWN STEP	2026-10-07T15:23:48.0455827Z             "riot_overview_cost": {
windows-build	UNKNOWN STEP	2026-10-07T15:23:48.0456159Z               "detail_concurrency": 8,
windows-build	UNKNOWN STEP	2026-10-07T15:23:48.0456515Z               "details_inflight_peak": 8,
windows-build	UNKNOWN STEP	2026-10-07T15:23:48.0457027Z               "duration_ms": 1908,
windows-build	UNKNOWN STEP	2026-10-07T15:23:48.0457330Z               "error_kind": "",
windows-build	UNKNOWN STEP	2026-10-07T15:23:48.0457633Z               "event": "riot_overview_cost",
windows-build	UNKNOWN STEP	2026-10-07T15:23:48.0457938Z               "first_error_kind": "",
windows-build	UNKNOWN STEP	2026-10-07T15:23:48.0458232Z               "limiter_queue_ms": 4610,
windows-build	UNKNOWN STEP	2026-10-07T15:23:48.0458499Z               "matches_failed": 0,
windows-build	UNKNOWN STEP	2026-10-07T15:23:48.0458766Z               "matches_from_disk": 0,
windows-build	UNKNOWN STEP	2026-10-07T15:23:48.0459044Z               "matches_from_memory": 0,
windows-build	UNKNOWN STEP	2026-10-07T15:23:48.0459343Z               "matches_from_network": 20,
windows-build	UNKNOWN STEP	2026-10-07T15:23:48.0459619Z               "matches_loaded": 20,
windows-build	UNKNOWN STEP	2026-10-07T15:23:48.0459893Z               "matches_requested": 20,
windows-build	UNKNOWN STEP	2026-10-07T15:23:48.0460182Z               "rate_limited_count": 0
windows-build	UNKNOWN STEP	2026-10-07T15:23:48.0460398Z             },
windows-build	UNKNOWN STEP	2026-10-07T15:23:48.0460655Z             "scenario": "cold-search",
windows-build	UNKNOWN STEP	2026-10-07T15:23:48.0460903Z             "wall_ms": 1908
windows-build	UNKNOWN STEP	2026-10-07T15:23:48.0461105Z           },
windows-build	UNKNOWN STEP	2026-10-07T15:23:48.0461267Z           {
windows-build	UNKNOWN STEP	2026-10-07T15:23:48.0461500Z             "cumulative_http_calls": {
windows-build	UNKNOWN STEP	2026-10-07T15:23:48.0461751Z               "account": 1,
windows-build	UNKNOWN STEP	2026-10-07T15:23:48.0461984Z               "detail": 20,
windows-build	UNKNOWN STEP	2026-10-07T15:23:48.0462395Z               "mastery": 1,
windows-build	UNKNOWN STEP	2026-10-07T15:23:48.0462686Z               "matchIDs": 1,
windows-build	UNKNOWN STEP	2026-10-07T15:23:48.0462914Z               "ranks": 1,
windows-build	UNKNOWN STEP	2026-10-07T15:23:48.0463128Z               "summoner": 1
windows-build	UNKNOWN STEP	2026-10-07T15:23:48.0463318Z             },
windows-build	UNKNOWN STEP	2026-10-07T15:23:48.0463574Z             "overview_phases_ms": {
windows-build	UNKNOWN STEP	2026-10-07T15:23:48.0463821Z               "account": 0,
windows-build	UNKNOWN STEP	2026-10-07T15:23:48.0464065Z               "champion_names": 0,
windows-build	UNKNOWN STEP	2026-10-07T15:23:48.0464340Z               "detailed_matches": 0,
windows-build	UNKNOWN STEP	2026-10-07T15:23:48.0464586Z               "details": 0,
windows-build	UNKNOWN STEP	2026-10-07T15:23:48.0464801Z               "identity": 0,
windows-build	UNKNOWN STEP	2026-10-07T15:23:48.0465044Z               "mastery": 0,
windows-build	UNKNOWN STEP	2026-10-07T15:23:48.0465257Z               "matchIDs": 0,
windows-build	UNKNOWN STEP	2026-10-07T15:23:48.0465508Z               "opgg-historical": 0,
windows-build	UNKNOWN STEP	2026-10-07T15:23:48.0465770Z               "queue_labels": 0,
windows-build	UNKNOWN STEP	2026-10-07T15:23:48.0465989Z               "ranks": 0,
windows-build	UNKNOWN STEP	2026-10-07T15:23:48.0467115Z               "recent_players": 0,
windows-build	UNKNOWN STEP	2026-10-07T15:23:48.0467631Z               "recent_ranked": 0,
windows-build	UNKNOWN STEP	2026-10-07T15:23:48.0468112Z               "season_snapshot": 0,
windows-build	UNKNOWN STEP	2026-10-07T15:23:48.0468382Z               "serialize": 0,
windows-build	UNKNOWN STEP	2026-10-07T15:23:48.0468618Z               "spans": {
windows-build	UNKNOWN STEP	2026-10-07T15:23:48.0468848Z                 "account": [
windows-build	UNKNOWN STEP	2026-10-07T15:23:48.0469191Z                   [
windows-build	UNKNOWN STEP	2026-10-07T15:23:48.0469389Z                     0,
windows-build	UNKNOWN STEP	2026-10-07T15:23:48.0469585Z                     0
windows-build	UNKNOWN STEP	2026-10-07T15:23:48.0469776Z                   ]
windows-build	UNKNOWN STEP	2026-10-07T15:23:48.0469946Z                 ],
windows-build	UNKNOWN STEP	2026-10-07T15:23:48.0470185Z                 "champion_names": [
windows-build	UNKNOWN STEP	2026-10-07T15:23:48.0470404Z                   [
windows-build	UNKNOWN STEP	2026-10-07T15:23:48.0470606Z                     0,
windows-build	UNKNOWN STEP	2026-10-07T15:23:48.0470802Z                     0
windows-build	UNKNOWN STEP	2026-10-07T15:23:48.0470991Z                   ]
windows-build	UNKNOWN STEP	2026-10-07T15:23:48.0471164Z                 ],
windows-build	UNKNOWN STEP	2026-10-07T15:23:48.0471368Z                 "details": [
windows-build	UNKNOWN STEP	2026-10-07T15:23:48.0471576Z                   [
windows-build	UNKNOWN STEP	2026-10-07T15:23:48.0471763Z                     0,
windows-build	UNKNOWN STEP	2026-10-07T15:23:48.0471958Z                     0
windows-build	UNKNOWN STEP	2026-10-07T15:23:48.0472139Z                   ]
windows-build	UNKNOWN STEP	2026-10-07T15:23:48.0472329Z                 ],
windows-build	UNKNOWN STEP	2026-10-07T15:23:48.0472531Z                 "mastery": [
windows-build	UNKNOWN STEP	2026-10-07T15:23:48.0472730Z                   [
windows-build	UNKNOWN STEP	2026-10-07T15:23:48.0472932Z                     0,
windows-build	UNKNOWN STEP	2026-10-07T15:23:48.0473293Z                     0
windows-build	UNKNOWN STEP	2026-10-07T15:23:48.0473587Z                   ]
windows-build	UNKNOWN STEP	2026-10-07T15:23:48.0473766Z                 ],
windows-build	UNKNOWN STEP	2026-10-07T15:23:48.0473982Z                 "matchIDs": [
windows-build	UNKNOWN STEP	2026-10-07T15:23:48.0474186Z                   [
windows-build	UNKNOWN STEP	2026-10-07T15:23:48.0474380Z                     0,
windows-build	UNKNOWN STEP	2026-10-07T15:23:48.0474573Z                     0
windows-build	UNKNOWN STEP	2026-10-07T15:23:48.0474753Z                   ]
windows-build	UNKNOWN STEP	2026-10-07T15:23:48.0474933Z                 ],
windows-build	UNKNOWN STEP	2026-10-07T15:23:48.0475126Z                 "ranks": [
windows-build	UNKNOWN STEP	2026-10-07T15:23:48.0475331Z                   [
windows-build	UNKNOWN STEP	2026-10-07T15:23:48.0475515Z                     0,
windows-build	UNKNOWN STEP	2026-10-07T15:23:48.0475707Z                     0
windows-build	UNKNOWN STEP	2026-10-07T15:23:48.0475893Z                   ]
windows-build	UNKNOWN STEP	2026-10-07T15:23:48.0476074Z                 ],
windows-build	UNKNOWN STEP	2026-10-07T15:23:48.0476284Z                 "summoner": [
windows-build	UNKNOWN STEP	2026-10-07T15:23:48.0476483Z                   [
windows-build	UNKNOWN STEP	2026-10-07T15:23:48.0476670Z                     0,
windows-build	UNKNOWN STEP	2026-10-07T15:23:48.0476857Z                     0
windows-build	UNKNOWN STEP	2026-10-07T15:23:48.0477050Z                   ]
windows-build	UNKNOWN STEP	2026-10-07T15:23:48.0477232Z                 ]
windows-build	UNKNOWN STEP	2026-10-07T15:23:48.0477414Z               },
windows-build	UNKNOWN STEP	2026-10-07T15:23:48.0477622Z               "summoner": 0,
windows-build	UNKNOWN STEP	2026-10-07T15:23:48.0477833Z               "total": 0
windows-build	UNKNOWN STEP	2026-10-07T15:23:48.0478019Z             },
windows-build	UNKNOWN STEP	2026-10-07T15:23:48.0478209Z             "previews": [
windows-build	UNKNOWN STEP	2026-10-07T15:23:48.0478429Z               {
windows-build	UNKNOWN STEP	2026-10-07T15:23:48.0478783Z                 "at_ms": 0,
windows-build	UNKNOWN STEP	2026-10-07T15:23:48.0479149Z                 "matches": 16
windows-build	UNKNOWN STEP	2026-10-07T15:23:48.0479360Z               },
windows-build	UNKNOWN STEP	2026-10-07T15:23:48.0479531Z               {
windows-build	UNKNOWN STEP	2026-10-07T15:23:48.0479735Z                 "at_ms": 0,
windows-build	UNKNOWN STEP	2026-10-07T15:23:48.0479955Z                 "matches": 20
windows-build	UNKNOWN STEP	2026-10-07T15:23:48.0480154Z               },
windows-build	UNKNOWN STEP	2026-10-07T15:23:48.0480318Z               {
windows-build	UNKNOWN STEP	2026-10-07T15:23:48.0480512Z                 "at_ms": 0,
windows-build	UNKNOWN STEP	2026-10-07T15:23:48.0480742Z                 "matches": 20
windows-build	UNKNOWN STEP	2026-10-07T15:23:48.0480928Z               }
windows-build	UNKNOWN STEP	2026-10-07T15:23:48.0481102Z             ],
windows-build	UNKNOWN STEP	2026-10-07T15:23:48.0481332Z             "riot_overview_cost": {
windows-build	UNKNOWN STEP	2026-10-07T15:23:48.0481620Z               "detail_concurrency": 8,
windows-build	UNKNOWN STEP	2026-10-07T15:23:48.0481920Z               "details_inflight_peak": 0,
windows-build	UNKNOWN STEP	2026-10-07T15:23:48.0482194Z               "duration_ms": 0,
windows-build	UNKNOWN STEP	2026-10-07T15:23:48.0482440Z               "error_kind": "",
windows-build	UNKNOWN STEP	2026-10-07T15:23:48.0482721Z               "event": "riot_overview_cost",
windows-build	UNKNOWN STEP	2026-10-07T15:23:48.0483013Z               "first_error_kind": "",
windows-build	UNKNOWN STEP	2026-10-07T15:23:48.0483281Z               "limiter_queue_ms": 0,
windows-build	UNKNOWN STEP	2026-10-07T15:23:48.0483555Z               "matches_failed": 0,
windows-build	UNKNOWN STEP	2026-10-07T15:23:48.0483824Z               "matches_from_disk": 0,
windows-build	UNKNOWN STEP	2026-10-07T15:23:48.0484451Z               "matches_from_memory": 20,
windows-build	UNKNOWN STEP	2026-10-07T15:23:48.0484758Z               "matches_from_network": 0,
windows-build	UNKNOWN STEP	2026-10-07T15:23:48.0485028Z               "matches_loaded": 20,
windows-build	UNKNOWN STEP	2026-10-07T15:23:48.0485300Z               "matches_requested": 20,
windows-build	UNKNOWN STEP	2026-10-07T15:23:48.0485575Z               "rate_limited_count": 0
windows-build	UNKNOWN STEP	2026-10-07T15:23:48.0485873Z             },
windows-build	UNKNOWN STEP	2026-10-07T15:23:48.0486115Z             "scenario": "repeat-refresh",
windows-build	UNKNOWN STEP	2026-10-07T15:23:48.0486364Z             "wall_ms": 0
windows-build	UNKNOWN STEP	2026-10-07T15:23:48.0486546Z           }
windows-build	UNKNOWN STEP	2026-10-07T15:23:48.0486703Z         ]
windows-build	UNKNOWN STEP	2026-10-07T15:23:48.0486894Z --- PASS: TestR98Timing (1.92s)
windows-build	UNKNOWN STEP	2026-10-07T15:23:48.0487317Z === RUN   TestR98OverviewEndpointCachesAndKeys
windows-build	UNKNOWN STEP	2026-10-07T15:23:48.4602232Z --- PASS: TestR98OverviewEndpointCachesAndKeys (0.42s)
windows-build	UNKNOWN STEP	2026-10-07T15:23:48.4602734Z === RUN   TestR98SummonerDoesNotGateProgressAndPreviewKeepsAdvancing
windows-build	UNKNOWN STEP	2026-10-07T15:23:49.4640427Z --- PASS: TestR98SummonerDoesNotGateProgressAndPreviewKeepsAdvancing (1.00s)
windows-build	UNKNOWN STEP	2026-10-07T15:23:49.4640967Z === RUN   TestR98OverviewQueueBudgetReturnsRateLimit
windows-build	UNKNOWN STEP	2026-10-07T15:23:49.4664762Z --- PASS: TestR98OverviewQueueBudgetReturnsRateLimit (0.00s)
windows-build	UNKNOWN STEP	2026-10-07T15:23:49.4665306Z === RUN   TestR98LimiterFIFOHasOnlyOneSleepingHeadAndCanceledWaitersUseNoQuota
windows-build	UNKNOWN STEP	2026-10-07T15:23:49.5024692Z --- PASS: TestR98LimiterFIFOHasOnlyOneSleepingHeadAndCanceledWaitersUseNoQuota (0.04s)
windows-build	UNKNOWN STEP	2026-10-07T15:23:49.5025198Z === RUN   TestR98ChovyNullRegionFlightToOverview
windows-build	UNKNOWN STEP	2026-10-07T15:23:49.5107353Z --- PASS: TestR98ChovyNullRegionFlightToOverview (0.01s)
windows-build	UNKNOWN STEP	2026-10-07T15:23:49.5107929Z === RUN   TestR98Upstream429QueueBudgetKeepsTypedError
windows-build	UNKNOWN STEP	2026-10-07T15:23:49.5416396Z --- PASS: TestR98Upstream429QueueBudgetKeepsTypedError (0.03s)
windows-build	UNKNOWN STEP	2026-10-07T15:23:49.5416786Z === RUN   TestR99ProbeReadMatrixAndPrivacy
windows-build	UNKNOWN STEP	2026-10-07T15:23:49.5451010Z --- PASS: TestR99ProbeReadMatrixAndPrivacy (0.00s)
windows-build	UNKNOWN STEP	2026-10-07T15:23:49.5451575Z === RUN   TestR99ConnectionNeverWritesAndProbesOnce
windows-build	UNKNOWN STEP	2026-10-07T15:23:49.5475518Z --- PASS: TestR99ConnectionNeverWritesAndProbesOnce (0.00s)
windows-build	UNKNOWN STEP	2026-10-07T15:23:49.5476370Z === RUN   TestR99IconCatalogProjectionCachingAndClientSwitch
windows-build	UNKNOWN STEP	2026-10-07T15:23:49.5495130Z --- PASS: TestR99IconCatalogProjectionCachingAndClientSwitch (0.00s)
windows-build	UNKNOWN STEP	2026-10-07T15:23:49.5495950Z === RUN   TestR99IconAndBannerApplyActionsRetired
windows-build	UNKNOWN STEP	2026-10-07T15:23:49.5498235Z --- PASS: TestR99IconAndBannerApplyActionsRetired (0.00s)
windows-build	UNKNOWN STEP	2026-10-07T15:23:49.5498649Z === RUN   TestR99SummonerEventStillUpdatesIdentity
windows-build	UNKNOWN STEP	2026-10-07T15:23:49.7565359Z --- PASS: TestR99SummonerEventStillUpdatesIdentity (0.21s)
windows-build	UNKNOWN STEP	2026-10-07T15:23:49.7566063Z === RUN   TestR149RankBannerActionIsRetiredWithoutLCUWrites
windows-build	UNKNOWN STEP	2026-10-07T15:23:49.7568343Z --- PASS: TestR149RankBannerActionIsRetiredWithoutLCUWrites (0.00s)
windows-build	UNKNOWN STEP	2026-10-07T15:23:49.7569007Z === RUN   TestR149ClearBorderPreservesExistingBannerPreference
windows-build	UNKNOWN STEP	2026-10-07T15:23:49.7579134Z --- PASS: TestR149ClearBorderPreservesExistingBannerPreference (0.00s)
windows-build	UNKNOWN STEP	2026-10-07T15:23:49.7579686Z === RUN   TestR99SeedRenameSurvivesRestartAndTTL
windows-build	UNKNOWN STEP	2026-10-07T15:23:50.1085620Z --- PASS: TestR99SeedRenameSurvivesRestartAndTTL (0.35s)
windows-build	UNKNOWN STEP	2026-10-07T15:23:50.1086084Z === RUN   TestR99SeedAnchorSurvivesLRUAndHasOnlyStableField
windows-build	UNKNOWN STEP	2026-10-07T15:24:26.9755682Z --- PASS: TestR99SeedAnchorSurvivesLRUAndHasOnlyStableField (36.87s)
windows-build	UNKNOWN STEP	2026-10-07T15:24:26.9758487Z === RUN   TestR99SeedAppearsMergesAndNeverLeaks
windows-build	UNKNOWN STEP	2026-10-07T15:24:27.0526068Z --- PASS: TestR99SeedAppearsMergesAndNeverLeaks (0.08s)
windows-build	UNKNOWN STEP	2026-10-07T15:24:27.0526705Z === RUN   TestR99SeedRespectsQuotaBudget
windows-build	UNKNOWN STEP	2026-10-07T15:24:27.0543806Z --- PASS: TestR99SeedRespectsQuotaBudget (0.00s)
windows-build	UNKNOWN STEP	2026-10-07T15:24:27.0544392Z === RUN   TestR99SeedSourceHasNoCopiedStableID
windows-build	UNKNOWN STEP	2026-10-07T15:24:27.0552496Z --- PASS: TestR99SeedSourceHasNoCopiedStableID (0.00s)
windows-build	UNKNOWN STEP	2026-10-07T15:24:27.0553390Z === RUN   TestR99SeedPresentInEveryPipelinePublication
windows-build	UNKNOWN STEP	2026-10-07T15:24:27.0642992Z --- PASS: TestR99SeedPresentInEveryPipelinePublication (0.01s)
windows-build	UNKNOWN STEP	2026-10-07T15:24:27.0643723Z === RUN   TestR99ProbeHandlesAlternativeInventoryShape
windows-build	UNKNOWN STEP	2026-10-07T15:24:27.0644661Z --- PASS: TestR99ProbeHandlesAlternativeInventoryShape (0.00s)
windows-build	UNKNOWN STEP	2026-10-07T15:24:27.0645343Z === RUN   TestR99SeedQuotaDiagnosticsNeverContainIdentity
windows-build	UNKNOWN STEP	2026-10-07T15:24:27.0664537Z --- PASS: TestR99SeedQuotaDiagnosticsNeverContainIdentity (0.00s)
windows-build	UNKNOWN STEP	2026-10-07T15:24:27.0665162Z === RUN   TestRankScoreCacheUsesBoundedLRUForLargeInsertions
windows-build	UNKNOWN STEP	2026-10-07T15:24:27.0679729Z --- PASS: TestRankScoreCacheUsesBoundedLRUForLargeInsertions (0.00s)
windows-build	UNKNOWN STEP	2026-10-07T15:24:27.0680196Z === RUN   TestRankScoreCacheGetKeepsHotEntry
windows-build	UNKNOWN STEP	2026-10-07T15:24:27.0682537Z --- PASS: TestRankScoreCacheGetKeepsHotEntry (0.00s)
windows-build	UNKNOWN STEP	2026-10-07T15:24:27.0683367Z === RUN   TestRankScoreCacheRemovesExpiredEntry
windows-build	UNKNOWN STEP	2026-10-07T15:24:27.0683931Z --- PASS: TestRankScoreCacheRemovesExpiredEntry (0.00s)
windows-build	UNKNOWN STEP	2026-10-07T15:24:27.0686842Z === RUN   TestRankedSplitProbeRecordsOnlyShapeMetadata
windows-build	UNKNOWN STEP	2026-10-07T15:24:27.0705848Z --- PASS: TestRankedSplitProbeRecordsOnlyShapeMetadata (0.00s)
windows-build	UNKNOWN STEP	2026-10-07T15:24:27.0706613Z === RUN   TestSessionTokenPrivacyDocumentationMatchesDiskPersistence
windows-build	UNKNOWN STEP	2026-10-07T15:24:27.0707459Z --- PASS: TestSessionTokenPrivacyDocumentationMatchesDiskPersistence (0.00s)
windows-build	UNKNOWN STEP	2026-10-07T15:24:27.0708245Z === RUN   TestRiotAccountRequestDoesNotDoubleEncodeKoreanNames
windows-build	UNKNOWN STEP	2026-10-07T15:24:27.0708962Z --- PASS: TestRiotAccountRequestDoesNotDoubleEncodeKoreanNames (0.00s)
windows-build	UNKNOWN STEP	2026-10-07T15:24:27.0709661Z === RUN   TestRiotMatchIDsFilteredAddsQueueAndTypeQuery
windows-build	UNKNOWN STEP	2026-10-07T15:24:27.0710279Z --- PASS: TestRiotMatchIDsFilteredAddsQueueAndTypeQuery (0.00s)
windows-build	UNKNOWN STEP	2026-10-07T15:24:27.0710947Z === RUN   TestRiotProfileCapabilitiesTreatCancellationAsCanceled
windows-build	UNKNOWN STEP	2026-10-07T15:24:27.0711726Z --- PASS: TestRiotProfileCapabilitiesTreatCancellationAsCanceled (0.00s)
windows-build	UNKNOWN STEP	2026-10-07T15:24:27.0712458Z === RUN   TestRiotMatchConversionPreservesControlWardZero
windows-build	UNKNOWN STEP	2026-10-07T15:24:27.0713109Z --- PASS: TestRiotMatchConversionPreservesControlWardZero (0.00s)
windows-build	UNKNOWN STEP	2026-10-07T15:24:27.0713703Z === RUN   TestOpggParseSearchResultReadsSummoners
windows-build	UNKNOWN STEP	2026-10-07T15:24:27.0714223Z --- PASS: TestOpggParseSearchResultReadsSummoners (0.00s)
windows-build	UNKNOWN STEP	2026-10-07T15:24:27.0714740Z === RUN   TestRiotOverviewCapsMatchDetailConcurrencyAtFour
windows-build	UNKNOWN STEP	2026-10-07T15:24:27.2322160Z --- PASS: TestRiotOverviewCapsMatchDetailConcurrencyAtFour (0.16s)
windows-build	UNKNOWN STEP	2026-10-07T15:24:27.2322672Z === RUN   TestRiotOverviewCostTrackerIgnoresCancellation
windows-build	UNKNOWN STEP	2026-10-07T15:24:27.2323128Z --- PASS: TestRiotOverviewCostTrackerIgnoresCancellation (0.00s)
windows-build	UNKNOWN STEP	2026-10-07T15:24:27.2323599Z === RUN   TestR136MissingRiotKeyIsUserFacingAndDiagnosedAtAccountLookup
windows-build	UNKNOWN STEP	2026-10-07T15:24:27.2338411Z --- PASS: TestR136MissingRiotKeyIsUserFacingAndDiagnosedAtAccountLookup (0.00s)
windows-build	UNKNOWN STEP	2026-10-07T15:24:27.2339137Z === RUN   TestRiotClientCommandLineUsesIndependentCredentials
windows-build	UNKNOWN STEP	2026-10-07T15:24:27.2339743Z --- PASS: TestRiotClientCommandLineUsesIndependentCredentials (0.00s)
windows-build	UNKNOWN STEP	2026-10-07T15:24:27.2340439Z === RUN   TestPowerShellProcessOutputParserRejectsCorruption
windows-build	UNKNOWN STEP	2026-10-07T15:24:27.2341097Z --- PASS: TestPowerShellProcessOutputParserRejectsCorruption (0.00s)
windows-build	UNKNOWN STEP	2026-10-07T15:24:27.2341733Z === RUN   TestRiotClientAliasLookupIsExactAndAuthenticated
windows-build	UNKNOWN STEP	2026-10-07T15:24:27.2353030Z --- PASS: TestRiotClientAliasLookupIsExactAndAuthenticated (0.00s)
windows-build	UNKNOWN STEP	2026-10-07T15:24:27.2353606Z === RUN   TestRiotClientAliasLookupFailurePaths
windows-build	UNKNOWN STEP	2026-10-07T15:24:27.2367385Z --- PASS: TestRiotClientAliasLookupFailurePaths (0.00s)
windows-build	UNKNOWN STEP	2026-10-07T15:24:27.2368140Z === RUN   TestResolveTencentRiotIDKeepsRiotAndLeagueTokensSeparate
windows-build	UNKNOWN STEP	2026-10-07T15:24:27.2391559Z --- PASS: TestResolveTencentRiotIDKeepsRiotAndLeagueTokensSeparate (0.00s)
windows-build	UNKNOWN STEP	2026-10-07T15:24:27.2392328Z === RUN   TestResolveTencentRiotIDUsesLCUForCurrentServer
windows-build	UNKNOWN STEP	2026-10-07T15:24:27.2399594Z --- PASS: TestResolveTencentRiotIDUsesLCUForCurrentServer (0.00s)
windows-build	UNKNOWN STEP	2026-10-07T15:24:27.2400334Z === RUN   TestRemoteMatchHistoryFailureNeverFallsBackToCurrentLCU
windows-build	UNKNOWN STEP	2026-10-07T15:24:27.2413659Z --- PASS: TestRemoteMatchHistoryFailureNeverFallsBackToCurrentLCU (0.00s)
windows-build	UNKNOWN STEP	2026-10-07T15:24:27.2414466Z === RUN   TestRemoteRankedStatsUsesExplicitSGPFallbackWithoutLCU
windows-build	UNKNOWN STEP	2026-10-07T15:24:27.2422643Z --- PASS: TestRemoteRankedStatsUsesExplicitSGPFallbackWithoutLCU (0.00s)
windows-build	UNKNOWN STEP	2026-10-07T15:24:27.2423434Z === RUN   TestTencentReferenceAliasesAreScopedByServer
windows-build	UNKNOWN STEP	2026-10-07T15:24:27.2424100Z --- PASS: TestTencentReferenceAliasesAreScopedByServer (0.00s)
windows-build	UNKNOWN STEP	2026-10-07T15:24:27.2424694Z === RUN   TestMatchTimelineRejectsServerRebinding
windows-build	UNKNOWN STEP	2026-10-07T15:24:27.2425542Z --- PASS: TestMatchTimelineRejectsServerRebinding (0.00s)
windows-build	UNKNOWN STEP	2026-10-07T15:24:27.2426185Z === RUN   TestMatchTimelineRestoresServerFromRegisteredReference
windows-build	UNKNOWN STEP	2026-10-07T15:24:27.2440338Z --- PASS: TestMatchTimelineRestoresServerFromRegisteredReference (0.00s)
windows-build	UNKNOWN STEP	2026-10-07T15:24:27.2441117Z === RUN   TestRiotKeyConfiguredValueRejectsMissingAndCorruptCiphertext
windows-build	UNKNOWN STEP	2026-10-07T15:24:27.2441943Z --- PASS: TestRiotKeyConfiguredValueRejectsMissingAndCorruptCiphertext (0.00s)
windows-build	UNKNOWN STEP	2026-10-07T15:24:27.2442613Z === RUN   TestSelfCheckRiotKeyUsesEmbeddedGuard
windows-build	UNKNOWN STEP	2026-10-07T15:24:27.2532156Z --- PASS: TestSelfCheckRiotKeyUsesEmbeddedGuard (0.01s)
windows-build	UNKNOWN STEP	2026-10-07T15:24:27.2532981Z === RUN   TestSeasonStatsBudgetTruncatesRankedMatchesInsteadOfRefusingTheWrite
windows-build	UNKNOWN STEP	2026-10-07T15:24:27.2533823Z === PAUSE TestSeasonStatsBudgetTruncatesRankedMatchesInsteadOfRefusingTheWrite
windows-build	UNKNOWN STEP	2026-10-07T15:24:27.2534494Z === RUN   TestSeasonStatsSaveAppliesTheBudgetEndToEnd
windows-build	UNKNOWN STEP	2026-10-07T15:24:27.2535025Z === PAUSE TestSeasonStatsSaveAppliesTheBudgetEndToEnd
windows-build	UNKNOWN STEP	2026-10-07T15:24:27.2535550Z === RUN   TestSeasonStatsBudgetLeavesSmallCachesAlone
windows-build	UNKNOWN STEP	2026-10-07T15:24:27.2536147Z --- PASS: TestSeasonStatsBudgetLeavesSmallCachesAlone (0.00s)
windows-build	UNKNOWN STEP	2026-10-07T15:24:27.2536874Z === RUN   TestSeasonStatsBudgetWritesAndReportsWhenNothingCanBeTrimmed
windows-build	UNKNOWN STEP	2026-10-07T15:24:27.2537642Z === PAUSE TestSeasonStatsBudgetWritesAndReportsWhenNothingCanBeTrimmed
windows-build	UNKNOWN STEP	2026-10-07T15:24:27.2538309Z === RUN   TestSeasonStatsDirectoryHealthReportsTotalSize
windows-build	UNKNOWN STEP	2026-10-07T15:24:27.2614426Z --- PASS: TestSeasonStatsDirectoryHealthReportsTotalSize (0.01s)
windows-build	UNKNOWN STEP	2026-10-07T15:24:27.2614931Z === RUN   TestSeasonStatsDirectoryHealthRunsOncePerRoot
windows-build	UNKNOWN STEP	2026-10-07T15:24:27.2625991Z --- PASS: TestSeasonStatsDirectoryHealthRunsOncePerRoot (0.00s)
windows-build	UNKNOWN STEP	2026-10-07T15:24:27.2626498Z === RUN   TestSeasonStatsSynthetic2000MayhemGamesStayWithinBudget
windows-build	UNKNOWN STEP	2026-10-07T15:24:27.2682896Z     season_stats_budget_test.go:352: P3 capacity (synthetic, 2000 mayhem + 300 ranked games): file = 312499 bytes = 305.2 KB = 0.30 MiB; budget = 4194304 bytes; headroom = 13.4x
windows-build	UNKNOWN STEP	2026-10-07T15:24:27.2684587Z     season_stats_budget_test.go:354: P3 breakdown: gameIds=2300 stats=1 queueStats=5 rankedMatches=200 augmentSamples=2000
windows-build	UNKNOWN STEP	2026-10-07T15:24:27.2691303Z     season_stats_budget_test.go:362: P3 augment samples: 251001 bytes for 2000 entries = 126 B/场（工单按 300 B/场估，本实现只存必要字段）
windows-build	UNKNOWN STEP	2026-10-07T15:24:27.3165685Z     season_stats_budget_test.go:387: P2-6 over the reloaded 2000-game cache: sampleGames=2000 groups=6 topGroup=augment 5201 with 65 games / 49% win rate
windows-build	UNKNOWN STEP	2026-10-07T15:24:27.3177067Z --- PASS: TestSeasonStatsSynthetic2000MayhemGamesStayWithinBudget (0.05s)
windows-build	UNKNOWN STEP	2026-10-07T15:24:27.3178460Z === RUN   TestSeasonStatsBudgetThirdStageOnlyDropsAugmentSamples
windows-build	UNKNOWN STEP	2026-10-07T15:24:27.3178934Z === PAUSE TestSeasonStatsBudgetThirdStageOnlyDropsAugmentSamples
windows-build	UNKNOWN STEP	2026-10-07T15:24:27.3179517Z === RUN   TestSeasonStatsBudgetKeepsAsManyAugmentSamplesAsFit
windows-build	UNKNOWN STEP	2026-10-07T15:24:27.3180140Z === PAUSE TestSeasonStatsBudgetKeepsAsManyAugmentSamplesAsFit
windows-build	UNKNOWN STEP	2026-10-07T15:24:27.3181279Z === RUN   TestSeasonRecordRankedMatchMirrorsSeasonStatsCriteria
windows-build	UNKNOWN STEP	2026-10-07T15:24:27.3182043Z --- PASS: TestSeasonRecordRankedMatchMirrorsSeasonStatsCriteria (0.00s)
windows-build	UNKNOWN STEP	2026-10-07T15:24:27.3182707Z === RUN   TestSeasonQuerySnapshotCacheEvictsOldestEntry
windows-build	UNKNOWN STEP	2026-10-07T15:24:27.3183585Z --- PASS: TestSeasonQuerySnapshotCacheEvictsOldestEntry (0.00s)
windows-build	UNKNOWN STEP	2026-10-07T15:24:27.3186008Z === RUN   TestSeasonTrimRankedMatchesDedupesAndKeepsNewestFirst
windows-build	UNKNOWN STEP	2026-10-07T15:24:27.3187317Z --- PASS: TestSeasonTrimRankedMatchesDedupesAndKeepsNewestFirst (0.00s)
windows-build	UNKNOWN STEP	2026-10-07T15:24:27.3188426Z === RUN   TestSeasonTrimRankedMatchesKeepsEachRankedQueue
windows-build	UNKNOWN STEP	2026-10-07T15:24:27.3189371Z --- PASS: TestSeasonTrimRankedMatchesKeepsEachRankedQueue (0.00s)
windows-build	UNKNOWN STEP	2026-10-07T15:24:27.3190197Z === RUN   TestRecentRankedSummaryTopsUpFromSeasonCacheWithoutDoubleCounting
windows-build	UNKNOWN STEP	2026-10-07T15:24:27.3191140Z --- PASS: TestRecentRankedSummaryTopsUpFromSeasonCacheWithoutDoubleCounting (0.00s)
windows-build	UNKNOWN STEP	2026-10-07T15:24:27.3192161Z === RUN   TestRankedSeasonStartDerivesAnnualSeason
windows-build	UNKNOWN STEP	2026-10-07T15:24:27.3192743Z --- PASS: TestRankedSeasonStartDerivesAnnualSeason (0.00s)
windows-build	UNKNOWN STEP	2026-10-07T15:24:27.3193363Z === RUN   TestSeasonStatsAggregateRanksOnlyAndOmitsPUUID
windows-build	UNKNOWN STEP	2026-10-07T15:24:27.3194027Z --- PASS: TestSeasonStatsAggregateRanksOnlyAndOmitsPUUID (0.00s)
windows-build	UNKNOWN STEP	2026-10-07T15:24:27.3194742Z === RUN   TestSeasonStatsChampionKDAUsesPerGameAndWeightedOverall
windows-build	UNKNOWN STEP	2026-10-07T15:24:27.3195504Z --- PASS: TestSeasonStatsChampionKDAUsesPerGameAndWeightedOverall (0.00s)
windows-build	UNKNOWN STEP	2026-10-07T15:24:27.3196224Z === RUN   TestSeasonStatsAccumulateUsesRequestedPlayerReference
windows-build	UNKNOWN STEP	2026-10-07T15:24:27.3197012Z --- PASS: TestSeasonStatsAccumulateUsesRequestedPlayerReference (0.00s)
windows-build	UNKNOWN STEP	2026-10-07T15:24:27.3197442Z === RUN   TestSeasonStatsAccumulateAllowsNilQueueStats
windows-build	UNKNOWN STEP	2026-10-07T15:24:27.3197988Z --- PASS: TestSeasonStatsAccumulateAllowsNilQueueStats (0.00s)
windows-build	UNKNOWN STEP	2026-10-07T15:24:27.3198351Z === RUN   TestSeasonStatsReadSGPTopLevelCSFields
windows-build	UNKNOWN STEP	2026-10-07T15:24:27.3198691Z --- PASS: TestSeasonStatsReadSGPTopLevelCSFields (0.00s)
windows-build	UNKNOWN STEP	2026-10-07T15:24:27.3199009Z === RUN   TestSeasonStatsExcludeRemakes
windows-build	UNKNOWN STEP	2026-10-07T15:24:27.3199316Z --- PASS: TestSeasonStatsExcludeRemakes (0.00s)
windows-build	UNKNOWN STEP	2026-10-07T15:24:27.3199663Z === RUN   TestUnavailableSeasonStatsDoesNotClaimComplete
windows-build	UNKNOWN STEP	2026-10-07T15:24:27.3200088Z --- PASS: TestUnavailableSeasonStatsDoesNotClaimComplete (0.00s)
windows-build	UNKNOWN STEP	2026-10-07T15:24:27.3200448Z === RUN   TestSeasonStatsRejectOldCacheSchema
windows-build	UNKNOWN STEP	2026-10-07T15:24:27.3833877Z --- PASS: TestSeasonStatsRejectOldCacheSchema (0.06s)
windows-build	UNKNOWN STEP	2026-10-07T15:24:27.3834545Z === RUN   TestSeasonStatsCacheDoesNotCrossReadSources
windows-build	UNKNOWN STEP	2026-10-07T15:24:27.3944685Z --- PASS: TestSeasonStatsCacheDoesNotCrossReadSources (0.01s)
windows-build	UNKNOWN STEP	2026-10-07T15:24:27.3945278Z === RUN   TestSeasonScanPagesClearsResumeIndexWhenComplete
windows-build	UNKNOWN STEP	2026-10-07T15:24:27.3958126Z --- PASS: TestSeasonScanPagesClearsResumeIndexWhenComplete (0.00s)
windows-build	UNKNOWN STEP	2026-10-07T15:24:27.3958851Z === RUN   TestSeasonStatsAccumulateRecordsHextechMayhem
windows-build	UNKNOWN STEP	2026-10-07T15:24:27.3959399Z --- PASS: TestSeasonStatsAccumulateRecordsHextechMayhem (0.00s)
windows-build	UNKNOWN STEP	2026-10-07T15:24:27.3960015Z === RUN   TestSeasonStatsAccumulateKeepsRankedBehaviourAndRejectsPlainARAM
windows-build	UNKNOWN STEP	2026-10-07T15:24:27.3960583Z --- PASS: TestSeasonStatsAccumulateKeepsRankedBehaviourAndRejectsPlainARAM (0.00s)
windows-build	UNKNOWN STEP	2026-10-07T15:24:27.3961152Z === RUN   TestSeasonRecordRankedMatchMirrorsMayhemCriteriaAndRecordsAugmentSample
windows-build	UNKNOWN STEP	2026-10-07T15:24:27.3961761Z --- PASS: TestSeasonRecordRankedMatchMirrorsMayhemCriteriaAndRecordsAugmentSample (0.00s)
windows-build	UNKNOWN STEP	2026-10-07T15:24:27.3962318Z === RUN   TestSeasonStatsSchemaVersionIsFourteenAndPreservesEveryOlderFile
windows-build	UNKNOWN STEP	2026-10-07T15:24:27.7506930Z --- PASS: TestSeasonStatsSchemaVersionIsFourteenAndPreservesEveryOlderFile (0.35s)
windows-build	UNKNOWN STEP	2026-10-07T15:24:27.7507726Z === RUN   TestSeasonTrimAugmentSamplesDedupesAndCaps
windows-build	UNKNOWN STEP	2026-10-07T15:24:27.7511249Z --- PASS: TestSeasonTrimAugmentSamplesDedupesAndCaps (0.00s)
windows-build	UNKNOWN STEP	2026-10-07T15:24:27.7511959Z === RUN   TestSeasonAugmentBuildInsightAggregatesCombosGamesAndWinRate
windows-build	UNKNOWN STEP	2026-10-07T15:24:27.7512849Z --- PASS: TestSeasonAugmentBuildInsightAggregatesCombosGamesAndWinRate (0.00s)
windows-build	UNKNOWN STEP	2026-10-07T15:24:27.7513808Z === RUN   TestSeasonAugmentBuildInsightHidesEverythingBelowTheConfigurableThreshold
windows-build	UNKNOWN STEP	2026-10-07T15:24:27.7558043Z --- PASS: TestSeasonAugmentBuildInsightHidesEverythingBelowTheConfigurableThreshold (0.00s)
windows-build	UNKNOWN STEP	2026-10-07T15:24:27.7559415Z === RUN   TestSeasonAugmentBuildReportRanksGroupsAndRespectsLimits
windows-build	UNKNOWN STEP	2026-10-07T15:24:27.7574236Z --- PASS: TestSeasonAugmentBuildReportRanksGroupsAndRespectsLimits (0.00s)
windows-build	UNKNOWN STEP	2026-10-07T15:24:27.7575040Z === RUN   TestSeasonAugmentSampleForRejectsEveryNonMayhemQueue
windows-build	UNKNOWN STEP	2026-10-07T15:24:27.7575796Z --- PASS: TestSeasonAugmentSampleForRejectsEveryNonMayhemQueue (0.00s)
windows-build	UNKNOWN STEP	2026-10-07T15:24:27.7576776Z === RUN   TestDiagnosticKeySetIsSortedAndValueFree
windows-build	UNKNOWN STEP	2026-10-07T15:24:27.7577383Z --- PASS: TestDiagnosticKeySetIsSortedAndValueFree (0.00s)
windows-build	UNKNOWN STEP	2026-10-07T15:24:27.7577951Z === RUN   TestSGPConnectionErrorsHaveStableKinds
windows-build	UNKNOWN STEP	2026-10-07T15:24:27.7578520Z === RUN   TestSGPConnectionErrorsHaveStableKinds/timeout
windows-build	UNKNOWN STEP	2026-10-07T15:24:27.7579469Z --- PASS: TestSGPConnectionErrorsHaveStableKinds/timeout (0.00s)
windows-build	UNKNOWN STEP	2026-10-07T15:24:27.7583415Z === RUN   TestSGPConnectionErrorsHaveStableKinds/dns
windows-build	UNKNOWN STEP	2026-10-07T15:24:27.7586746Z --- PASS: TestSGPConnectionErrorsHaveStableKinds/dns (0.00s)
windows-build	UNKNOWN STEP	2026-10-07T15:24:27.7588252Z === RUN   TestSGPConnectionErrorsHaveStableKinds/connection_refused
windows-build	UNKNOWN STEP	2026-10-07T15:24:27.7589273Z --- PASS: TestSGPConnectionErrorsHaveStableKinds/connection_refused (0.00s)
windows-build	UNKNOWN STEP	2026-10-07T15:24:27.7589994Z === RUN   TestSGPConnectionErrorsHaveStableKinds/other
windows-build	UNKNOWN STEP	2026-10-07T15:24:27.7591069Z --- PASS: TestSGPConnectionErrorsHaveStableKinds/other (0.00s)
windows-build	UNKNOWN STEP	2026-10-07T15:24:27.7591694Z --- PASS: TestSGPConnectionErrorsHaveStableKinds (0.00s)
windows-build	UNKNOWN STEP	2026-10-07T15:24:27.7593030Z === RUN   TestSGPCanceledRequestIsNotRetriedAndHasCanceledKind
windows-build	UNKNOWN STEP	2026-10-07T15:24:27.7594014Z --- PASS: TestSGPCanceledRequestIsNotRetriedAndHasCanceledKind (0.00s)
windows-build	UNKNOWN STEP	2026-10-07T15:24:27.7594859Z === RUN   TestEntitlementsTokenErrorsDistinguishStatusAndEmptyField
windows-build	UNKNOWN STEP	2026-10-07T15:24:27.7595749Z === RUN   TestEntitlementsTokenErrorsDistinguishStatusAndEmptyField/missing_endpoint
windows-build	UNKNOWN STEP	2026-10-07T15:24:27.7596826Z --- PASS: TestEntitlementsTokenErrorsDistinguishStatusAndEmptyField/missing_endpoint (0.00s)
windows-build	UNKNOWN STEP	2026-10-07T15:24:27.7597795Z === RUN   TestEntitlementsTokenErrorsDistinguishStatusAndEmptyField/empty_token
windows-build	UNKNOWN STEP	2026-10-07T15:24:27.7599098Z --- PASS: TestEntitlementsTokenErrorsDistinguishStatusAndEmptyField/empty_token (0.00s)
windows-build	UNKNOWN STEP	2026-10-07T15:24:27.7600040Z --- PASS: TestEntitlementsTokenErrorsDistinguishStatusAndEmptyField (0.01s)
windows-build	UNKNOWN STEP	2026-10-07T15:24:27.7601162Z === RUN   TestMatchHistoryReturnsPartialErrorWhenLaterPageFails
windows-build	UNKNOWN STEP	2026-10-07T15:24:28.7630740Z --- PASS: TestMatchHistoryReturnsPartialErrorWhenLaterPageFails (1.00s)
windows-build	UNKNOWN STEP	2026-10-07T15:24:28.7631389Z === RUN   TestMatchHistoryParsesFullRosterFromPlayerRoute
windows-build	UNKNOWN STEP	2026-10-07T15:24:28.7637651Z --- PASS: TestMatchHistoryParsesFullRosterFromPlayerRoute (0.00s)
windows-build	UNKNOWN STEP	2026-10-07T15:24:28.7638399Z === RUN   TestMatchHistoryCacheAvoidsDuplicateSummaryAndReportsHit
windows-build	UNKNOWN STEP	2026-10-07T15:24:28.7645280Z --- PASS: TestMatchHistoryCacheAvoidsDuplicateSummaryAndReportsHit (0.00s)
windows-build	UNKNOWN STEP	2026-10-07T15:24:28.7645921Z === RUN   TestSGPRetriesTransient503TwiceThenSucceeds
windows-build	UNKNOWN STEP	2026-10-07T15:24:29.7671451Z --- PASS: TestSGPRetriesTransient503TwiceThenSucceeds (1.00s)
windows-build	UNKNOWN STEP	2026-10-07T15:24:29.7672112Z === RUN   TestSGPRetryBudgetDoesNotConsumeAuthRefresh
windows-build	UNKNOWN STEP	2026-10-07T15:24:30.7702979Z --- PASS: TestSGPRetryBudgetDoesNotConsumeAuthRefresh (1.00s)
windows-build	UNKNOWN STEP	2026-10-07T15:24:30.7703452Z === RUN   TestSGPRetriesReadFailureTwiceThenSucceeds
windows-build	UNKNOWN STEP	2026-10-07T15:24:31.7718288Z --- PASS: TestSGPRetriesReadFailureTwiceThenSucceeds (1.00s)
windows-build	UNKNOWN STEP	2026-10-07T15:24:31.7719107Z === RUN   TestMatchHistoryPhysicalPageCacheReusesTwentyBeforeFifty
windows-build	UNKNOWN STEP	2026-10-07T15:24:31.7734387Z --- PASS: TestMatchHistoryPhysicalPageCacheReusesTwentyBeforeFifty (0.00s)
windows-build	UNKNOWN STEP	2026-10-07T15:24:31.7734957Z === RUN   TestMatchHistoryPhysicalPageCacheSeparatesPageSizesAtSameStart
windows-build	UNKNOWN STEP	2026-10-07T15:24:31.7735878Z --- PASS: TestMatchHistoryPhysicalPageCacheSeparatesPageSizesAtSameStart (0.00s)
windows-build	UNKNOWN STEP	2026-10-07T15:24:31.7736420Z === RUN   TestMatchHistoryColdFiftyUsesOneUpstreamRequestAndOneShapeSample
windows-build	UNKNOWN STEP	2026-10-07T15:24:31.7746649Z --- PASS: TestMatchHistoryColdFiftyUsesOneUpstreamRequestAndOneShapeSample (0.00s)
windows-build	UNKNOWN STEP	2026-10-07T15:24:31.7747489Z === RUN   TestMatchHistoryCacheEvictsLeastRecentlyUsed
windows-build	UNKNOWN STEP	2026-10-07T15:24:31.7756216Z --- PASS: TestMatchHistoryCacheEvictsLeastRecentlyUsed (0.00s)
windows-build	UNKNOWN STEP	2026-10-07T15:24:31.7757036Z === RUN   TestMatchHistoryFilteredOnSendsRepeatedTagsWithOR
windows-build	UNKNOWN STEP	2026-10-07T15:24:31.7764804Z --- PASS: TestMatchHistoryFilteredOnSendsRepeatedTagsWithOR (0.00s)
windows-build	UNKNOWN STEP	2026-10-07T15:24:31.7765966Z === RUN   TestMatchHistoryFilteredOnDoesNotRefillMalformedTaggedPage
windows-build	UNKNOWN STEP	2026-10-07T15:24:31.7772866Z --- PASS: TestMatchHistoryFilteredOnDoesNotRefillMalformedTaggedPage (0.00s)
windows-build	UNKNOWN STEP	2026-10-07T15:24:31.7773604Z === RUN   TestMatchHistoryKeepsEmptyRosterForDiagnostics
windows-build	UNKNOWN STEP	2026-10-07T15:24:31.7781037Z --- PASS: TestMatchHistoryKeepsEmptyRosterForDiagnostics (0.00s)
windows-build	UNKNOWN STEP	2026-10-07T15:24:31.7782070Z === RUN   TestSGPRequestObservationTracksRetryAndSafeParseShape
windows-build	UNKNOWN STEP	2026-10-07T15:24:31.7797498Z --- PASS: TestSGPRequestObservationTracksRetryAndSafeParseShape (0.00s)
windows-build	UNKNOWN STEP	2026-10-07T15:24:31.7798192Z === RUN   TestSGPTimelinePayloadReportsWrapperAndEventTypes
windows-build	UNKNOWN STEP	2026-10-07T15:24:31.7805386Z --- PASS: TestSGPTimelinePayloadReportsWrapperAndEventTypes (0.00s)
windows-build	UNKNOWN STEP	2026-10-07T15:24:31.7806120Z === RUN   TestSGPRankedAndSummonerRoutesReportSessionToken
windows-build	UNKNOWN STEP	2026-10-07T15:24:31.7814976Z --- PASS: TestSGPRankedAndSummonerRoutesReportSessionToken (0.00s)
windows-build	UNKNOWN STEP	2026-10-07T15:24:31.7815653Z === RUN   TestSGPRankedShapeObservationIsProcessScoped
windows-build	UNKNOWN STEP	2026-10-07T15:24:31.7824276Z --- PASS: TestSGPRankedShapeObservationIsProcessScoped (0.00s)
windows-build	UNKNOWN STEP	2026-10-07T15:24:31.7824989Z === RUN   TestSGPRankedStatsOnParsesObservedHistoricalShapes
windows-build	UNKNOWN STEP	2026-10-07T15:24:31.7825789Z === RUN   TestSGPRankedStatsOnParsesObservedHistoricalShapes/historical_fields_present
windows-build	UNKNOWN STEP	2026-10-07T15:24:31.7832094Z --- PASS: TestSGPRankedStatsOnParsesObservedHistoricalShapes/historical_fields_present (0.00s)
windows-build	UNKNOWN STEP	2026-10-07T15:24:31.7832987Z === RUN   TestSGPRankedStatsOnParsesObservedHistoricalShapes/historical_fields_omitted
windows-build	UNKNOWN STEP	2026-10-07T15:24:31.7841210Z --- PASS: TestSGPRankedStatsOnParsesObservedHistoricalShapes/historical_fields_omitted (0.00s)
windows-build	UNKNOWN STEP	2026-10-07T15:24:31.7842122Z --- PASS: TestSGPRankedStatsOnParsesObservedHistoricalShapes (0.00s)
windows-build	UNKNOWN STEP	2026-10-07T15:24:31.7842728Z === RUN   TestSGPSummonerSuccessIsCached
windows-build	UNKNOWN STEP	2026-10-07T15:24:31.7847565Z --- PASS: TestSGPSummonerSuccessIsCached (0.00s)
windows-build	UNKNOWN STEP	2026-10-07T15:24:31.7848067Z === RUN   TestMatchHistoryCacheEvictsByBytes
windows-build	UNKNOWN STEP	2026-10-07T15:24:31.7848447Z --- PASS: TestMatchHistoryCacheEvictsByBytes (0.00s)
windows-build	UNKNOWN STEP	2026-10-07T15:24:31.7848849Z === RUN   TestSGPAuthDiagnosticsPreserveSpecificCausesAndPrivacy
windows-build	UNKNOWN STEP	2026-10-07T15:24:31.7850700Z --- PASS: TestSGPAuthDiagnosticsPreserveSpecificCausesAndPrivacy (0.00s)
windows-build	UNKNOWN STEP	2026-10-07T15:24:31.7851411Z === RUN   TestSGPErrorBodiesAndHeadersStayBounded
windows-build	UNKNOWN STEP	2026-10-07T15:24:31.7855863Z --- PASS: TestSGPErrorBodiesAndHeadersStayBounded (0.00s)
windows-build	UNKNOWN STEP	2026-10-07T15:24:31.7856517Z === RUN   TestSGPMethodEvidenceIsFixedAndDoesNotAuthorizeWrites
windows-build	UNKNOWN STEP	2026-10-07T15:24:31.7857456Z --- PASS: TestSGPMethodEvidenceIsFixedAndDoesNotAuthorizeWrites (0.00s)
windows-build	UNKNOWN STEP	2026-10-07T15:24:31.7858386Z === RUN   TestSGPValidatedGateway
windows-build	UNKNOWN STEP	2026-10-07T15:24:31.7858830Z --- PASS: TestSGPValidatedGateway (0.00s)
windows-build	UNKNOWN STEP	2026-10-07T15:24:31.7859332Z === RUN   TestSGPGatewayFallbackAndNoLCURedirect
windows-build	UNKNOWN STEP	2026-10-07T15:24:31.7859895Z --- PASS: TestSGPGatewayFallbackAndNoLCURedirect (0.00s)
windows-build	UNKNOWN STEP	2026-10-07T15:24:31.7860432Z === RUN   TestFacadeQuestReleaseProjection
windows-build	UNKNOWN STEP	2026-10-07T15:24:31.7861788Z --- PASS: TestFacadeQuestReleaseProjection (0.00s)
windows-build	UNKNOWN STEP	2026-10-07T15:24:31.7862737Z === RUN   TestParseSocialParty
windows-build	UNKNOWN STEP	2026-10-07T15:24:31.7865668Z === RUN   TestParseSocialParty/missing
windows-build	UNKNOWN STEP	2026-10-07T15:24:31.7866168Z --- PASS: TestParseSocialParty/missing (0.00s)
windows-build	UNKNOWN STEP	2026-10-07T15:24:31.7866643Z === RUN   TestParseSocialParty/null
windows-build	UNKNOWN STEP	2026-10-07T15:24:31.7875742Z --- PASS: TestParseSocialParty/null (0.00s)
windows-build	UNKNOWN STEP	2026-10-07T15:24:31.7885493Z === RUN   TestParseSocialParty/new_members
windows-build	UNKNOWN STEP	2026-10-07T15:24:31.7886029Z --- PASS: TestParseSocialParty/new_members (0.00s)
windows-build	UNKNOWN STEP	2026-10-07T15:24:31.7886585Z === RUN   TestParseSocialParty/legacy_members_and_string_counts
windows-build	UNKNOWN STEP	2026-10-07T15:24:31.7887313Z --- PASS: TestParseSocialParty/legacy_members_and_string_counts (0.00s)
windows-build	UNKNOWN STEP	2026-10-07T15:24:31.7887900Z === RUN   TestParseSocialParty/placeholder_legacy_IDs
windows-build	UNKNOWN STEP	2026-10-07T15:24:31.7888458Z --- PASS: TestParseSocialParty/placeholder_legacy_IDs (0.00s)
windows-build	UNKNOWN STEP	2026-10-07T15:24:31.7888949Z === RUN   TestParseSocialParty/unknown_capacity
windows-build	UNKNOWN STEP	2026-10-07T15:24:31.7889707Z --- PASS: TestParseSocialParty/unknown_capacity (0.00s)
windows-build	UNKNOWN STEP	2026-10-07T15:24:31.7890205Z === RUN   TestParseSocialParty/no_invented_solo_member
windows-build	UNKNOWN STEP	2026-10-07T15:24:31.7890845Z --- PASS: TestParseSocialParty/no_invented_solo_member (0.00s)
windows-build	UNKNOWN STEP	2026-10-07T15:24:31.7891382Z === RUN   TestParseSocialParty/conflicting_sources
windows-build	UNKNOWN STEP	2026-10-07T15:24:31.7892125Z --- PASS: TestParseSocialParty/conflicting_sources (0.00s)
windows-build	UNKNOWN STEP	2026-10-07T15:24:31.7892659Z === RUN   TestParseSocialParty/count_overflow
windows-build	UNKNOWN STEP	2026-10-07T15:24:31.7893157Z --- PASS: TestParseSocialParty/count_overflow (0.00s)
windows-build	UNKNOWN STEP	2026-10-07T15:24:31.7893709Z === RUN   TestParseSocialParty/decimal_capacity_is_not_rounded
windows-build	UNKNOWN STEP	2026-10-07T15:24:31.7894366Z --- PASS: TestParseSocialParty/decimal_capacity_is_not_rounded (0.00s)
windows-build	UNKNOWN STEP	2026-10-07T15:24:31.7894967Z === RUN   TestParseSocialParty/unsupported_schema
windows-build	UNKNOWN STEP	2026-10-07T15:24:31.7895509Z --- PASS: TestParseSocialParty/unsupported_schema (0.00s)
windows-build	UNKNOWN STEP	2026-10-07T15:24:31.7896187Z === RUN   TestParseSocialParty/invalid_PUUID_does_not_silently_fall_back
windows-build	UNKNOWN STEP	2026-10-07T15:24:31.7896962Z --- PASS: TestParseSocialParty/invalid_PUUID_does_not_silently_fall_back (0.00s)
windows-build	UNKNOWN STEP	2026-10-07T15:24:31.7897917Z === RUN   TestParseSocialParty/invalid_ID_does_not_partially_count
windows-build	UNKNOWN STEP	2026-10-07T15:24:31.7898586Z --- PASS: TestParseSocialParty/invalid_ID_does_not_partially_count (0.00s)
windows-build	UNKNOWN STEP	2026-10-07T15:24:31.7899194Z === RUN   TestParseSocialParty/malformed
windows-build	UNKNOWN STEP	2026-10-07T15:24:31.7899666Z --- PASS: TestParseSocialParty/malformed (0.00s)
windows-build	UNKNOWN STEP	2026-10-07T15:24:31.7900137Z === RUN   TestParseSocialParty/array
windows-build	UNKNOWN STEP	2026-10-07T15:24:31.7900588Z --- PASS: TestParseSocialParty/array (0.00s)
windows-build	UNKNOWN STEP	2026-10-07T15:24:31.7900894Z === RUN   TestParseSocialParty/too_large
windows-build	UNKNOWN STEP	2026-10-07T15:24:31.7901320Z --- PASS: TestParseSocialParty/too_large (0.00s)
windows-build	UNKNOWN STEP	2026-10-07T15:24:31.7901706Z --- PASS: TestParseSocialParty (0.00s)
windows-build	UNKNOWN STEP	2026-10-07T15:24:31.7902187Z === RUN   TestSocialPresenceLobbyAndPhasePrecedence
windows-build	UNKNOWN STEP	2026-10-07T15:24:31.7902572Z === RUN   TestSocialPresenceLobbyAndPhasePrecedence/online_lobby
windows-build	UNKNOWN STEP	2026-10-07T15:24:31.7903033Z --- PASS: TestSocialPresenceLobbyAndPhasePrecedence/online_lobby (0.00s)
windows-build	UNKNOWN STEP	2026-10-07T15:24:31.7903506Z === RUN   TestSocialPresenceLobbyAndPhasePrecedence/idle_chat_with_live_party
windows-build	UNKNOWN STEP	2026-10-07T15:24:31.7904020Z --- PASS: TestSocialPresenceLobbyAndPhasePrecedence/idle_chat_with_live_party (0.00s)
windows-build	UNKNOWN STEP	2026-10-07T15:24:31.7904498Z === RUN   TestSocialPresenceLobbyAndPhasePrecedence/ordinary_online
windows-build	UNKNOWN STEP	2026-10-07T15:24:31.7904952Z --- PASS: TestSocialPresenceLobbyAndPhasePrecedence/ordinary_online (0.00s)
windows-build	UNKNOWN STEP	2026-10-07T15:24:31.7905559Z === RUN   TestSocialPresenceLobbyAndPhasePrecedence/bad_party_stays_in_lobby
windows-build	UNKNOWN STEP	2026-10-07T15:24:31.7906331Z --- PASS: TestSocialPresenceLobbyAndPhasePrecedence/bad_party_stays_in_lobby (0.00s)
windows-build	UNKNOWN STEP	2026-10-07T15:24:31.7906903Z === RUN   TestSocialPresenceLobbyAndPhasePrecedence/queue_overrides_old_party
windows-build	UNKNOWN STEP	2026-10-07T15:24:31.7907620Z --- PASS: TestSocialPresenceLobbyAndPhasePrecedence/queue_overrides_old_party (0.00s)
windows-build	UNKNOWN STEP	2026-10-07T15:24:31.7908523Z === RUN   TestSocialPresenceLobbyAndPhasePrecedence/select_overrides_old_party
windows-build	UNKNOWN STEP	2026-10-07T15:24:31.7909057Z --- PASS: TestSocialPresenceLobbyAndPhasePrecedence/select_overrides_old_party (0.00s)
windows-build	UNKNOWN STEP	2026-10-07T15:24:31.7909566Z === RUN   TestSocialPresenceLobbyAndPhasePrecedence/game_overrides_old_party
windows-build	UNKNOWN STEP	2026-10-07T15:24:31.7910063Z --- PASS: TestSocialPresenceLobbyAndPhasePrecedence/game_overrides_old_party (0.00s)
windows-build	UNKNOWN STEP	2026-10-07T15:24:31.7910588Z === RUN   TestSocialPresenceLobbyAndPhasePrecedence/spectator_overrides_old_party
windows-build	UNKNOWN STEP	2026-10-07T15:24:31.7911258Z --- PASS: TestSocialPresenceLobbyAndPhasePrecedence/spectator_overrides_old_party (0.00s)
windows-build	UNKNOWN STEP	2026-10-07T15:24:31.7911775Z === RUN   TestSocialPresenceLobbyAndPhasePrecedence/offline_ignores_party
windows-build	UNKNOWN STEP	2026-10-07T15:24:31.7912259Z --- PASS: TestSocialPresenceLobbyAndPhasePrecedence/offline_ignores_party (0.00s)
windows-build	UNKNOWN STEP	2026-10-07T15:24:31.7912903Z === RUN   TestSocialPresenceLobbyAndPhasePrecedence/mobile_ignores_party
windows-build	UNKNOWN STEP	2026-10-07T15:24:31.7913383Z --- PASS: TestSocialPresenceLobbyAndPhasePrecedence/mobile_ignores_party (0.00s)
windows-build	UNKNOWN STEP	2026-10-07T15:24:31.7914301Z === RUN   TestSocialPresenceLobbyAndPhasePrecedence/away_ignores_stale_party
windows-build	UNKNOWN STEP	2026-10-07T15:24:31.7914830Z --- PASS: TestSocialPresenceLobbyAndPhasePrecedence/away_ignores_stale_party (0.00s)
windows-build	UNKNOWN STEP	2026-10-07T15:24:31.7915354Z === RUN   TestSocialPresenceLobbyAndPhasePrecedence/busy_does_not_infer_a_lobby
windows-build	UNKNOWN STEP	2026-10-07T15:24:31.7916007Z --- PASS: TestSocialPresenceLobbyAndPhasePrecedence/busy_does_not_infer_a_lobby (0.00s)
windows-build	UNKNOWN STEP	2026-10-07T15:24:31.7916586Z === RUN   TestSocialPresenceLobbyAndPhasePrecedence/observing_availability_ignores_stale_party
windows-build	UNKNOWN STEP	2026-10-07T15:24:31.7917202Z --- PASS: TestSocialPresenceLobbyAndPhasePrecedence/observing_availability_ignores_stale_party (0.00s)
windows-build	UNKNOWN STEP	2026-10-07T15:24:31.7917765Z === RUN   TestSocialPresenceLobbyAndPhasePrecedence/other_product_ignores_party
windows-build	UNKNOWN STEP	2026-10-07T15:24:31.7918279Z --- PASS: TestSocialPresenceLobbyAndPhasePrecedence/other_product_ignores_party (0.00s)
windows-build	UNKNOWN STEP	2026-10-07T15:24:31.7918737Z --- PASS: TestSocialPresenceLobbyAndPhasePrecedence (0.00s)
windows-build	UNKNOWN STEP	2026-10-07T15:24:31.7919045Z === RUN   TestSocialQueueLabels
windows-build	UNKNOWN STEP	2026-10-07T15:24:31.7919304Z --- PASS: TestSocialQueueLabels (0.00s)
windows-build	UNKNOWN STEP	2026-10-07T15:24:31.7919810Z === RUN   TestSocialLobbyResponseAndDiagnosticsStayReadOnlyAndPrivate
windows-build	UNKNOWN STEP	2026-10-07T15:24:31.7923021Z --- PASS: TestSocialLobbyResponseAndDiagnosticsStayReadOnlyAndPrivate (0.00s)
windows-build	UNKNOWN STEP	2026-10-07T15:24:31.7923837Z === RUN   TestSocialFriendsResponseUsesAnonymousPlayerReferences
windows-build	UNKNOWN STEP	2026-10-07T15:24:31.7933325Z --- PASS: TestSocialFriendsResponseUsesAnonymousPlayerReferences (0.00s)
windows-build	UNKNOWN STEP	2026-10-07T15:24:31.7934568Z === RUN   TestSocialFriendsNeverProbesSpectatorForInGameFriends
windows-build	UNKNOWN STEP	2026-10-07T15:24:31.7966896Z --- PASS: TestSocialFriendsNeverProbesSpectatorForInGameFriends (0.00s)
windows-build	UNKNOWN STEP	2026-10-07T15:24:31.7967894Z === RUN   TestSpecialistRuneMarksEarlySurrenderAsRemake
windows-build	UNKNOWN STEP	2026-10-07T15:24:31.7968757Z --- PASS: TestSpecialistRuneMarksEarlySurrenderAsRemake (0.00s)
windows-build	UNKNOWN STEP	2026-10-07T15:24:31.7969628Z === RUN   TestSpecialistRuneCarriesVerifiedSummonerSpells
windows-build	UNKNOWN STEP	2026-10-07T15:24:31.7970322Z --- PASS: TestSpecialistRuneCarriesVerifiedSummonerSpells (0.00s)
windows-build	UNKNOWN STEP	2026-10-07T15:24:31.7970973Z === RUN   TestSpecialistRunesUsesThirdMatchingGame
windows-build	UNKNOWN STEP	2026-10-07T15:24:31.7985354Z --- PASS: TestSpecialistRunesUsesThirdMatchingGame (0.00s)
windows-build	UNKNOWN STEP	2026-10-07T15:24:31.7986059Z === RUN   TestSpecialistRunesScansTopPlayersConcurrently
windows-build	UNKNOWN STEP	2026-10-07T15:24:31.7990543Z --- PASS: TestSpecialistRunesScansTopPlayersConcurrently (0.00s)
windows-build	UNKNOWN STEP	2026-10-07T15:24:31.7991409Z === RUN   TestSpecialistRunesBoundsDetailConcurrencyAndPreservesMatchOrder
windows-build	UNKNOWN STEP	2026-10-07T15:24:31.8365358Z --- PASS: TestSpecialistRunesBoundsDetailConcurrencyAndPreservesMatchOrder (0.04s)
windows-build	UNKNOWN STEP	2026-10-07T15:24:31.8366259Z === RUN   TestSpecialistRiotStepsCarryIndependentDeadlines
windows-build	UNKNOWN STEP	2026-10-07T15:24:31.8368148Z --- PASS: TestSpecialistRiotStepsCarryIndependentDeadlines (0.00s)
windows-build	UNKNOWN STEP	2026-10-07T15:24:31.8368898Z === RUN   TestRiotSpecialistQueueLimitReturnsThrottled
windows-build	UNKNOWN STEP	2026-10-07T15:24:31.8369436Z --- PASS: TestRiotSpecialistQueueLimitReturnsThrottled (0.00s)
windows-build	UNKNOWN STEP	2026-10-07T15:24:31.8369846Z === RUN   TestSpecialistSlotQueueReturnsThrottled
windows-build	UNKNOWN STEP	2026-10-07T15:24:31.8571749Z --- PASS: TestSpecialistSlotQueueReturnsThrottled (0.02s)
windows-build	UNKNOWN STEP	2026-10-07T15:24:31.8572668Z === RUN   TestRiotAccountCacheStoresSuccessAndBacksOffFailures
windows-build	UNKNOWN STEP	2026-10-07T15:24:31.8573180Z === RUN   TestRiotAccountCacheStoresSuccessAndBacksOffFailures/success
windows-build	UNKNOWN STEP	2026-10-07T15:24:31.8573928Z --- PASS: TestRiotAccountCacheStoresSuccessAndBacksOffFailures/success (0.00s)
windows-build	UNKNOWN STEP	2026-10-07T15:24:31.8574480Z === RUN   TestRiotAccountCacheStoresSuccessAndBacksOffFailures/not-found
windows-build	UNKNOWN STEP	2026-10-07T15:24:31.8574983Z --- PASS: TestRiotAccountCacheStoresSuccessAndBacksOffFailures/not-found (0.00s)
windows-build	UNKNOWN STEP	2026-10-07T15:24:31.8575466Z --- PASS: TestRiotAccountCacheStoresSuccessAndBacksOffFailures (0.00s)
windows-build	UNKNOWN STEP	2026-10-07T15:24:31.8575986Z === RUN   TestSpecialistOpponentRanksDeduplicateBoundConcurrencyAndIsolateFailures
windows-build	UNKNOWN STEP	2026-10-07T15:24:31.8730142Z --- PASS: TestSpecialistOpponentRanksDeduplicateBoundConcurrencyAndIsolateFailures (0.02s)
windows-build	UNKNOWN STEP	2026-10-07T15:24:31.8731507Z === RUN   TestSpecialistOpponentRanksDeduplicateThreeRecommendationsAndPreserveFailure
windows-build	UNKNOWN STEP	2026-10-07T15:24:31.8732771Z --- PASS: TestSpecialistOpponentRanksDeduplicateThreeRecommendationsAndPreserveFailure (0.00s)
windows-build	UNKNOWN STEP	2026-10-07T15:24:31.8733320Z === RUN   TestSpecialistOpponentRankSurvivesScanDeadline
windows-build	UNKNOWN STEP	2026-10-07T15:24:31.9738197Z --- PASS: TestSpecialistOpponentRankSurvivesScanDeadline (0.10s)
windows-build	UNKNOWN STEP	2026-10-07T15:24:31.9739855Z === RUN   TestSpecialistRunesDoesNotUseAnotherChampion
windows-build	UNKNOWN STEP	2026-10-07T15:24:31.9752060Z --- PASS: TestSpecialistRunesDoesNotUseAnotherChampion (0.00s)
windows-build	UNKNOWN STEP	2026-10-07T15:24:31.9752810Z === RUN   TestSpecialistRunesStopsAtTenWithoutWrongPositionFallback
windows-build	UNKNOWN STEP	2026-10-07T15:24:31.9765817Z --- PASS: TestSpecialistRunesStopsAtTenWithoutWrongPositionFallback (0.00s)
windows-build	UNKNOWN STEP	2026-10-07T15:24:31.9766776Z === RUN   TestSpecialistRunesSkipsPlayerAfterThreeConsecutiveDetailFailures
windows-build	UNKNOWN STEP	2026-10-07T15:24:31.9769858Z --- PASS: TestSpecialistRunesSkipsPlayerAfterThreeConsecutiveDetailFailures (0.00s)
windows-build	UNKNOWN STEP	2026-10-07T15:24:31.9770910Z === RUN   TestSpecialistRunesTimeoutReturnsCompletedPartialResults
windows-build	UNKNOWN STEP	2026-10-07T15:24:32.0276812Z --- PASS: TestSpecialistRunesTimeoutReturnsCompletedPartialResults (0.05s)
windows-build	UNKNOWN STEP	2026-10-07T15:24:32.0277474Z === RUN   TestSpecialistRunesTimeoutIsNotReportedAsNoPositionSample
windows-build	UNKNOWN STEP	2026-10-07T15:24:32.0577351Z --- PASS: TestSpecialistRunesTimeoutIsNotReportedAsNoPositionSample (0.03s)
windows-build	UNKNOWN STEP	2026-10-07T15:24:32.0577944Z === RUN   TestSpecialistRecentSummaryAvoidsRepeatMatchListAndDetails
windows-build	UNKNOWN STEP	2026-10-07T15:24:32.0584403Z --- PASS: TestSpecialistRecentSummaryAvoidsRepeatMatchListAndDetails (0.00s)
windows-build	UNKNOWN STEP	2026-10-07T15:24:32.0585033Z === RUN   TestSpecialistErrorKindClassifiesActionableFailures
windows-build	UNKNOWN STEP	2026-10-07T15:24:32.0585486Z --- PASS: TestSpecialistErrorKindClassifiesActionableFailures (0.00s)
windows-build	UNKNOWN STEP	2026-10-07T15:24:32.0585885Z === RUN   TestSpecialistRunesRejectsIncompleteRunes
windows-build	UNKNOWN STEP	2026-10-07T15:24:32.0586500Z === RUN   TestSpecialistRunesRejectsIncompleteRunes/missing-substyle
windows-build	UNKNOWN STEP	2026-10-07T15:24:32.0590854Z --- PASS: TestSpecialistRunesRejectsIncompleteRunes/missing-substyle (0.00s)
windows-build	UNKNOWN STEP	2026-10-07T15:24:32.0591740Z === RUN   TestSpecialistRunesRejectsIncompleteRunes/too-few-perks
windows-build	UNKNOWN STEP	2026-10-07T15:24:32.0595543Z --- PASS: TestSpecialistRunesRejectsIncompleteRunes/too-few-perks (0.00s)
windows-build	UNKNOWN STEP	2026-10-07T15:24:32.0596281Z --- PASS: TestSpecialistRunesRejectsIncompleteRunes (0.00s)
windows-build	UNKNOWN STEP	2026-10-07T15:24:32.0596934Z === RUN   TestSpecialistRunesCacheAvoidsUpstreamRequests
windows-build	UNKNOWN STEP	2026-10-07T15:24:32.0601264Z --- PASS: TestSpecialistRunesCacheAvoidsUpstreamRequests (0.00s)
windows-build	UNKNOWN STEP	2026-10-07T15:24:32.0601997Z === RUN   TestSpecialistRunesConfirmedEmptyResultsAreCached
windows-build	UNKNOWN STEP	2026-10-07T15:24:32.0602731Z --- PASS: TestSpecialistRunesConfirmedEmptyResultsAreCached (0.00s)
windows-build	UNKNOWN STEP	2026-10-07T15:24:32.0603443Z === RUN   TestSpecialistRunesConcurrentCallsShareOneFlight
windows-build	UNKNOWN STEP	2026-10-07T15:24:32.0621074Z --- PASS: TestSpecialistRunesConcurrentCallsShareOneFlight (0.00s)
windows-build	UNKNOWN STEP	2026-10-07T15:24:32.0621824Z === RUN   TestSpecialistRuneKeyIsCollisionFreeAndCanonical
windows-build	UNKNOWN STEP	2026-10-07T15:24:32.0641125Z --- PASS: TestSpecialistRuneKeyIsCollisionFreeAndCanonical (0.00s)
windows-build	UNKNOWN STEP	2026-10-07T15:24:32.0641753Z === RUN   TestSpecialistOpponentRequiresMatchingPosition
windows-build	UNKNOWN STEP	2026-10-07T15:24:32.0642884Z --- PASS: TestSpecialistOpponentRequiresMatchingPosition (0.00s)
windows-build	UNKNOWN STEP	2026-10-07T15:24:32.0643601Z === RUN   TestSpecialistRunesWithoutRiotKeyReturnsEmptyWithoutRequests
windows-build	UNKNOWN STEP	2026-10-07T15:24:32.0660880Z --- PASS: TestSpecialistRunesWithoutRiotKeyReturnsEmptyWithoutRequests (0.00s)
windows-build	UNKNOWN STEP	2026-10-07T15:24:32.0661924Z === RUN   TestR68SpecialistHandlerRecordsResolvedADCPosition
windows-build	UNKNOWN STEP	2026-10-07T15:24:32.0662613Z --- PASS: TestR68SpecialistHandlerRecordsResolvedADCPosition (0.00s)
windows-build	UNKNOWN STEP	2026-10-07T15:24:32.0663210Z === RUN   TestSpecialistRunesRecordsStartFailureAndDoneDiagnostics
windows-build	UNKNOWN STEP	2026-10-07T15:24:32.0665766Z --- PASS: TestSpecialistRunesRecordsStartFailureAndDoneDiagnostics (0.00s)
windows-build	UNKNOWN STEP	2026-10-07T15:24:32.0666647Z === RUN   TestSpecialistRunesTimeoutNegativeCacheAvoidsSecondUpstreamAttempt
windows-build	UNKNOWN STEP	2026-10-07T15:24:32.0668130Z --- PASS: TestSpecialistRunesTimeoutNegativeCacheAvoidsSecondUpstreamAttempt (0.00s)
windows-build	UNKNOWN STEP	2026-10-07T15:24:32.0668855Z === RUN   TestStartupWarmupHelper
windows-build	UNKNOWN STEP	2026-10-07T15:24:32.0669287Z --- PASS: TestStartupWarmupHelper (0.00s)
windows-build	UNKNOWN STEP	2026-10-07T15:24:32.0669933Z === RUN   TestStartupWarmupProcessDoesNotInitializeServicesOrUserFiles
windows-build	UNKNOWN STEP	2026-10-07T15:24:32.0881888Z --- PASS: TestStartupWarmupProcessDoesNotInitializeServicesOrUserFiles (0.02s)
windows-build	UNKNOWN STEP	2026-10-07T15:24:32.0883966Z === RUN   TestStartupWarmupReturnsImmediatelyAfterParsingBeforeAnyInitializer
windows-build	UNKNOWN STEP	2026-10-07T15:24:32.0905700Z --- PASS: TestStartupWarmupReturnsImmediatelyAfterParsingBeforeAnyInitializer (0.00s)
windows-build	UNKNOWN STEP	2026-10-07T15:24:32.0906344Z === RUN   TestStartupWarmupHasNoNewPackageInitializers
windows-build	UNKNOWN STEP	2026-10-07T15:24:32.1822828Z --- PASS: TestStartupWarmupHasNoNewPackageInitializers (0.09s)
windows-build	UNKNOWN STEP	2026-10-07T15:24:32.1823605Z === RUN   TestR70StaticAssetCompressionAndRevalidation
windows-build	UNKNOWN STEP	2026-10-07T15:24:32.1824302Z --- PASS: TestR70StaticAssetCompressionAndRevalidation (0.00s)
windows-build	UNKNOWN STEP	2026-10-07T15:24:32.1825139Z === RUN   TestR70StaticPathsAndEncodingNegotiation
windows-build	UNKNOWN STEP	2026-10-07T15:24:32.1825737Z --- PASS: TestR70StaticPathsAndEncodingNegotiation (0.00s)
windows-build	UNKNOWN STEP	2026-10-07T15:24:32.1840531Z === RUN   TestR70StaticRangeAndVariantLength
windows-build	UNKNOWN STEP	2026-10-07T15:24:32.1841172Z --- PASS: TestR70StaticRangeAndVariantLength (0.00s)
windows-build	UNKNOWN STEP	2026-10-07T15:24:32.1841712Z === RUN   TestR70EmbeddedTextTransferBudget
windows-build	UNKNOWN STEP	2026-10-07T15:24:32.1844839Z     static_assets_test.go:124: index.html raw=66297 gzip=14740
windows-build	UNKNOWN STEP	2026-10-07T15:24:32.1856966Z     static_assets_test.go:124: runtime.js raw=32545 gzip=10488
windows-build	UNKNOWN STEP	2026-10-07T15:24:32.1891761Z     static_assets_test.go:124: demo-data.js raw=234691 gzip=37928
windows-build	UNKNOWN STEP	2026-10-07T15:24:32.1983993Z     static_assets_test.go:124: app.js raw=258639 gzip=71180
windows-build	UNKNOWN STEP	2026-10-07T15:24:32.1992061Z     static_assets_test.go:124: favorites-facade.js raw=27079 gzip=8581
windows-build	UNKNOWN STEP	2026-10-07T15:24:32.2173836Z     static_assets_test.go:124: gameplay.js raw=619066 gzip=173284
windows-build	UNKNOWN STEP	2026-10-07T15:24:32.2227391Z     static_assets_test.go:124: champions.js raw=196209 gzip=54006
windows-build	UNKNOWN STEP	2026-10-07T15:24:32.2232937Z     static_assets_test.go:124: friends.js raw=20385 gzip=6554
windows-build	UNKNOWN STEP	2026-10-07T15:24:32.2274669Z     static_assets_test.go:124: suite.js raw=152612 gzip=41623
windows-build	UNKNOWN STEP	2026-10-07T15:24:32.2301831Z     static_assets_test.go:124: app.css raw=109669 gzip=24936
windows-build	UNKNOWN STEP	2026-10-07T15:24:32.2349797Z     static_assets_test.go:124: gameplay.css raw=201239 gzip=40592
windows-build	UNKNOWN STEP	2026-10-07T15:24:32.2369109Z     static_assets_test.go:124: champions.css raw=88227 gzip=15766
windows-build	UNKNOWN STEP	2026-10-07T15:24:32.2382560Z     static_assets_test.go:124: suite.css raw=49170 gzip=8676
windows-build	UNKNOWN STEP	2026-10-07T15:24:32.2384364Z     static_assets_test.go:124: metrics.css raw=963 gzip=472
windows-build	UNKNOWN STEP	2026-10-07T15:24:32.2385042Z     static_assets_test.go:126: TOTAL raw=2056791 gzip=508826 saved=75.26%
windows-build	UNKNOWN STEP	2026-10-07T15:24:32.2385660Z --- PASS: TestR70EmbeddedTextTransferBudget (0.06s)
windows-build	UNKNOWN STEP	2026-10-07T15:24:32.2386286Z === RUN   TestR117StaticAssetSecurityHeadersPreserveRevalidation
windows-build	UNKNOWN STEP	2026-10-07T15:24:32.2387906Z --- PASS: TestR117StaticAssetSecurityHeadersPreserveRevalidation (0.00s)
windows-build	UNKNOWN STEP	2026-10-07T15:24:32.2388533Z === RUN   TestRefreshSummonerIdentityRunsWhileSnapshotIsSyncing
windows-build	UNKNOWN STEP	2026-10-07T15:24:32.2404902Z --- PASS: TestRefreshSummonerIdentityRunsWhileSnapshotIsSyncing (0.00s)
windows-build	UNKNOWN STEP	2026-10-07T15:24:32.2405911Z === RUN   TestRefreshSummonerIdentityDoesNotBroadcastWhenUnchanged
windows-build	UNKNOWN STEP	2026-10-07T15:24:32.2416657Z --- PASS: TestRefreshSummonerIdentityDoesNotBroadcastWhenUnchanged (0.00s)
windows-build	UNKNOWN STEP	2026-10-07T15:24:32.2417631Z === RUN   TestRefreshSummonerIdentityProfileChangesDoNotRequestFullSnapshot
windows-build	UNKNOWN STEP	2026-10-07T15:24:32.2427634Z --- PASS: TestRefreshSummonerIdentityProfileChangesDoNotRequestFullSnapshot (0.00s)
windows-build	UNKNOWN STEP	2026-10-07T15:24:32.2428721Z === RUN   TestRefreshSummonerIdentityAccountChangeClearsReferencesAndRequestsSnapshot
windows-build	UNKNOWN STEP	2026-10-07T15:24:32.2438975Z --- PASS: TestRefreshSummonerIdentityAccountChangeClearsReferencesAndRequestsSnapshot (0.00s)
windows-build	UNKNOWN STEP	2026-10-07T15:24:32.2439655Z === RUN   TestSummonerIdentityEventRejectsIncompletePayload
windows-build	UNKNOWN STEP	2026-10-07T15:24:32.2440129Z --- PASS: TestSummonerIdentityEventRejectsIncompletePayload (0.00s)
windows-build	UNKNOWN STEP	2026-10-07T15:24:32.2440938Z === RUN   TestSummonerIdentityEventDebouncesToLatestPayload
windows-build	UNKNOWN STEP	2026-10-07T15:24:32.4447894Z --- PASS: TestSummonerIdentityEventDebouncesToLatestPayload (0.20s)
windows-build	UNKNOWN STEP	2026-10-07T15:24:32.4449080Z === RUN   TestRefreshSummonerIdentitySingleflightSharesOneLCURequest
windows-build	UNKNOWN STEP	2026-10-07T15:24:32.4667704Z --- PASS: TestRefreshSummonerIdentitySingleflightSharesOneLCURequest (0.02s)
windows-build	UNKNOWN STEP	2026-10-07T15:24:32.4668471Z === RUN   TestSummonerProfileEventUpdatesOnlyProfile
windows-build	UNKNOWN STEP	2026-10-07T15:24:32.4669056Z --- PASS: TestSummonerProfileEventUpdatesOnlyProfile (0.00s)
windows-build	UNKNOWN STEP	2026-10-07T15:24:32.4669620Z === RUN   TestSummonerFallbackIntervalIsSixtySeconds
windows-build	UNKNOWN STEP	2026-10-07T15:24:32.4670246Z --- PASS: TestSummonerFallbackIntervalIsSixtySeconds (0.00s)
windows-build	UNKNOWN STEP	2026-10-07T15:24:32.4670922Z === RUN   TestHandleRefreshUpdatesIdentityBeforeQueueingFullSnapshot
windows-build	UNKNOWN STEP	2026-10-07T15:24:32.4681716Z --- PASS: TestHandleRefreshUpdatesIdentityBeforeQueueingFullSnapshot (0.00s)
windows-build	UNKNOWN STEP	2026-10-07T15:24:32.4682681Z === RUN   TestCurrentOverviewForceRefreshesIdentityWhileNonForceUsesCachedIdentity
windows-build	UNKNOWN STEP	2026-10-07T15:24:32.4758329Z --- PASS: TestCurrentOverviewForceRefreshesIdentityWhileNonForceUsesCachedIdentity (0.01s)
windows-build	UNKNOWN STEP	2026-10-07T15:24:32.4759459Z === RUN   TestCurrentOverviewIdentityFailureKeepsCompleteResponseAndDegradesCapability
windows-build	UNKNOWN STEP	2026-10-07T15:24:32.4788954Z --- PASS: TestCurrentOverviewIdentityFailureKeepsCompleteResponseAndDegradesCapability (0.00s)
windows-build	UNKNOWN STEP	2026-10-07T15:24:32.4789560Z === RUN   TestProviderTransportPoolsReuseEightConnections
windows-build	UNKNOWN STEP	2026-10-07T15:24:32.4790061Z === RUN   TestProviderTransportPoolsReuseEightConnections/champion
windows-build	UNKNOWN STEP	2026-10-07T15:24:32.4874311Z --- PASS: TestProviderTransportPoolsReuseEightConnections/champion (0.01s)
windows-build	UNKNOWN STEP	2026-10-07T15:24:32.4875199Z === RUN   TestProviderTransportPoolsReuseEightConnections/sgp
windows-build	UNKNOWN STEP	2026-10-07T15:24:32.4957444Z --- PASS: TestProviderTransportPoolsReuseEightConnections/sgp (0.01s)
windows-build	UNKNOWN STEP	2026-10-07T15:24:32.4958269Z === RUN   TestProviderTransportPoolsReuseEightConnections/lcu
windows-build	UNKNOWN STEP	2026-10-07T15:24:32.5043619Z --- PASS: TestProviderTransportPoolsReuseEightConnections/lcu (0.01s)
windows-build	UNKNOWN STEP	2026-10-07T15:24:32.5044165Z --- PASS: TestProviderTransportPoolsReuseEightConnections (0.03s)
windows-build	UNKNOWN STEP	2026-10-07T15:24:32.5044703Z === RUN   TestChampionTransportNegotiatesHTTP2
windows-build	UNKNOWN STEP	2026-10-07T15:24:32.5072932Z --- PASS: TestChampionTransportNegotiatesHTTP2 (0.00s)
windows-build	UNKNOWN STEP	2026-10-07T15:24:32.5073411Z === RUN   TestUpdateVersions
windows-build	UNKNOWN STEP	2026-10-07T15:24:32.5073772Z --- PASS: TestUpdateVersions (0.00s)
windows-build	UNKNOWN STEP	2026-10-07T15:24:32.5074161Z === RUN   TestUpdateDevDisabled
windows-build	UNKNOWN STEP	2026-10-07T15:24:32.5084617Z --- PASS: TestUpdateDevDisabled (0.00s)
windows-build	UNKNOWN STEP	2026-10-07T15:24:32.5085513Z === RUN   TestUpdateMirrorFallbackSingleFlightAndLastError
windows-build	UNKNOWN STEP	2026-10-07T15:24:32.5623368Z --- PASS: TestUpdateMirrorFallbackSingleFlightAndLastError (0.05s)
windows-build	UNKNOWN STEP	2026-10-07T15:24:32.5623830Z === RUN   TestUpdateCacheTTLAndNoDowngrade
windows-build	UNKNOWN STEP	2026-10-07T15:24:32.5624171Z === RUN   TestUpdateCacheTTLAndNoDowngrade/0.12.0
windows-build	UNKNOWN STEP	2026-10-07T15:24:32.7920587Z --- PASS: TestUpdateCacheTTLAndNoDowngrade/0.12.0 (0.23s)
windows-build	UNKNOWN STEP	2026-10-07T15:24:32.7921115Z === RUN   TestUpdateCacheTTLAndNoDowngrade/0.11.2
windows-build	UNKNOWN STEP	2026-10-07T15:24:33.1626454Z --- PASS: TestUpdateCacheTTLAndNoDowngrade/0.11.2 (0.37s)
windows-build	UNKNOWN STEP	2026-10-07T15:24:33.1626899Z === RUN   TestUpdateCacheTTLAndNoDowngrade/0.10.0
windows-build	UNKNOWN STEP	2026-10-07T15:24:33.4144242Z --- PASS: TestUpdateCacheTTLAndNoDowngrade/0.10.0 (0.25s)
windows-build	UNKNOWN STEP	2026-10-07T15:24:33.4145101Z --- PASS: TestUpdateCacheTTLAndNoDowngrade (0.85s)
windows-build	UNKNOWN STEP	2026-10-07T15:24:33.4146082Z === RUN   TestUpdateBusyOperationsRejectOverlappingWork
windows-build	UNKNOWN STEP	2026-10-07T15:24:33.4146750Z === RUN   TestUpdateBusyOperationsRejectOverlappingWork/checking
windows-build	UNKNOWN STEP	2026-10-07T15:24:33.4658122Z --- PASS: TestUpdateBusyOperationsRejectOverlappingWork/checking (0.05s)
windows-build	UNKNOWN STEP	2026-10-07T15:24:33.4658980Z === RUN   TestUpdateBusyOperationsRejectOverlappingWork/downloading
windows-build	UNKNOWN STEP	2026-10-07T15:24:33.6764595Z --- PASS: TestUpdateBusyOperationsRejectOverlappingWork/downloading (0.21s)
windows-build	UNKNOWN STEP	2026-10-07T15:24:33.6765561Z === RUN   TestUpdateBusyOperationsRejectOverlappingWork/verifying
windows-build	UNKNOWN STEP	2026-10-07T15:24:33.6940963Z --- PASS: TestUpdateBusyOperationsRejectOverlappingWork/verifying (0.02s)
windows-build	UNKNOWN STEP	2026-10-07T15:24:33.6941503Z === RUN   TestUpdateBusyOperationsRejectOverlappingWork/applying
windows-build	UNKNOWN STEP	2026-10-07T15:24:33.7345189Z --- PASS: TestUpdateBusyOperationsRejectOverlappingWork/applying (0.04s)
windows-build	UNKNOWN STEP	2026-10-07T15:24:33.7346021Z --- PASS: TestUpdateBusyOperationsRejectOverlappingWork (0.32s)
windows-build	UNKNOWN STEP	2026-10-07T15:24:33.7346970Z === RUN   TestUpdateManifestAndSettingsValidation
windows-build	UNKNOWN STEP	2026-10-07T15:24:33.7455228Z --- PASS: TestUpdateManifestAndSettingsValidation (0.01s)
windows-build	UNKNOWN STEP	2026-10-07T15:24:33.7455715Z === RUN   TestUpdateVersionNamedAssetAndLegacyCompatibility
windows-build	UNKNOWN STEP	2026-10-07T15:24:33.7456187Z --- PASS: TestUpdateVersionNamedAssetAndLegacyCompatibility (0.00s)
windows-build	UNKNOWN STEP	2026-10-07T15:24:33.7456621Z === RUN   TestUpdatePublicManifestCheckAvailableAndReady
windows-build	UNKNOWN STEP	2026-10-07T15:24:34.1211333Z --- PASS: TestUpdatePublicManifestCheckAvailableAndReady (0.38s)
windows-build	UNKNOWN STEP	2026-10-07T15:24:34.1211977Z === RUN   TestUpdateCheckFailureDiagnosticsPersistSafeStages
windows-build	UNKNOWN STEP	2026-10-07T15:24:34.1212455Z === RUN   TestUpdateCheckFailureDiagnosticsPersistSafeStages/http
windows-build	UNKNOWN STEP	2026-10-07T15:24:34.1241812Z --- PASS: TestUpdateCheckFailureDiagnosticsPersistSafeStages/http (0.00s)
windows-build	UNKNOWN STEP	2026-10-07T15:24:34.1242345Z === RUN   TestUpdateCheckFailureDiagnosticsPersistSafeStages/parse
windows-build	UNKNOWN STEP	2026-10-07T15:24:34.1271341Z --- PASS: TestUpdateCheckFailureDiagnosticsPersistSafeStages/parse (0.00s)
windows-build	UNKNOWN STEP	2026-10-07T15:24:34.1272290Z === RUN   TestUpdateCheckFailureDiagnosticsPersistSafeStages/validate
windows-build	UNKNOWN STEP	2026-10-07T15:24:34.1300443Z --- PASS: TestUpdateCheckFailureDiagnosticsPersistSafeStages/validate (0.00s)
windows-build	UNKNOWN STEP	2026-10-07T15:24:34.1300995Z --- PASS: TestUpdateCheckFailureDiagnosticsPersistSafeStages (0.01s)
windows-build	UNKNOWN STEP	2026-10-07T15:24:34.1301398Z === RUN   TestUpdateDownloadHashRetryAndCleanup
windows-build	UNKNOWN STEP	2026-10-07T15:24:34.1301739Z === RUN   TestUpdateDownloadHashRetryAndCleanup/false
windows-build	UNKNOWN STEP	2026-10-07T15:24:34.1863433Z --- PASS: TestUpdateDownloadHashRetryAndCleanup/false (0.06s)
windows-build	UNKNOWN STEP	2026-10-07T15:24:34.1863868Z === RUN   TestUpdateDownloadHashRetryAndCleanup/true
windows-build	UNKNOWN STEP	2026-10-07T15:24:34.3551349Z --- PASS: TestUpdateDownloadHashRetryAndCleanup/true (0.17s)
windows-build	UNKNOWN STEP	2026-10-07T15:24:34.3552103Z --- PASS: TestUpdateDownloadHashRetryAndCleanup (0.22s)
windows-build	UNKNOWN STEP	2026-10-07T15:24:34.3552739Z === RUN   TestUpdateResumeReprobesEachMirrorAndHashesPrefix
windows-build	UNKNOWN STEP	2026-10-07T15:24:34.4574247Z --- PASS: TestUpdateResumeReprobesEachMirrorAndHashesPrefix (0.10s)
windows-build	UNKNOWN STEP	2026-10-07T15:24:34.4575355Z === RUN   TestUpdateCancelAndSpaceMargin
windows-build	UNKNOWN STEP	2026-10-07T15:24:34.4601325Z --- PASS: TestUpdateCancelAndSpaceMargin (0.00s)
windows-build	UNKNOWN STEP	2026-10-07T15:24:34.4601854Z === RUN   TestUpdateFiveSecondSpeedWindow
windows-build	UNKNOWN STEP	2026-10-07T15:24:34.4602531Z --- PASS: TestUpdateFiveSecondSpeedWindow (0.00s)
windows-build	UNKNOWN STEP	2026-10-07T15:24:34.4603339Z === RUN   TestUpdateApplyRehashPortableMinimumAndCommand
windows-build	UNKNOWN STEP	2026-10-07T15:24:34.4634439Z --- PASS: TestUpdateApplyRehashPortableMinimumAndCommand (0.00s)
windows-build	UNKNOWN STEP	2026-10-07T15:24:34.4635158Z === RUN   TestUpdateProgressSSEAndCleanup
windows-build	UNKNOWN STEP	2026-10-07T15:24:34.4669736Z --- PASS: TestUpdateProgressSSEAndCleanup (0.00s)
windows-build	UNKNOWN STEP	2026-10-07T15:24:34.4670330Z === RUN   TestUpdateAfterUpgradeCleanupAndMinimum
windows-build	UNKNOWN STEP	2026-10-07T15:24:34.5399890Z --- PASS: TestUpdateAfterUpgradeCleanupAndMinimum (0.07s)
windows-build	UNKNOWN STEP	2026-10-07T15:24:34.5400354Z === RUN   TestUpdateProgressAndStalledSourceFallback
windows-build	UNKNOWN STEP	2026-10-07T15:24:34.5599972Z --- PASS: TestUpdateProgressAndStalledSourceFallback (0.02s)
windows-build	UNKNOWN STEP	2026-10-07T15:24:34.5600737Z === RUN   TestUpdateHTTPStatusAuthAndInitialEventSnapshot
windows-build	UNKNOWN STEP	2026-10-07T15:24:34.5620838Z --- PASS: TestUpdateHTTPStatusAuthAndInitialEventSnapshot (0.00s)
windows-build	UNKNOWN STEP	2026-10-07T15:24:34.5621708Z === RUN   TestConvertYourGGArenaMatchDeduplicatesSubjectAndStripsStableIDs
windows-build	UNKNOWN STEP	2026-10-07T15:24:34.5622611Z --- PASS: TestConvertYourGGArenaMatchDeduplicatesSubjectAndStripsStableIDs (0.00s)
windows-build	UNKNOWN STEP	2026-10-07T15:24:34.5623314Z === RUN   TestYourGGArenaCachePolicy
windows-build	UNKNOWN STEP	2026-10-07T15:24:34.5623750Z --- PASS: TestYourGGArenaCachePolicy (0.00s)
windows-build	UNKNOWN STEP	2026-10-07T15:24:34.5624431Z === RUN   TestMapYourGGArenaAggregateItemsConvertsRatesAndUsesUpstreamGrades
windows-build	UNKNOWN STEP	2026-10-07T15:24:34.5625637Z --- PASS: TestMapYourGGArenaAggregateItemsConvertsRatesAndUsesUpstreamGrades (0.00s)
windows-build	UNKNOWN STEP	2026-10-07T15:24:34.5626573Z === RUN   TestLoadArenaChampionAggregateUsesAggregateEndpointAndCatalog
windows-build	UNKNOWN STEP	2026-10-07T15:24:34.5627972Z --- PASS: TestLoadArenaChampionAggregateUsesAggregateEndpointAndCatalog (0.00s)
windows-build	UNKNOWN STEP	2026-10-07T15:24:34.5631267Z === RUN   TestLoadArenaFirstPlacesPreservesMemoryCacheFetchedAt
windows-build	UNKNOWN STEP	2026-10-07T15:24:34.5632359Z --- PASS: TestLoadArenaFirstPlacesPreservesMemoryCacheFetchedAt (0.00s)
windows-build	UNKNOWN STEP	2026-10-07T15:24:34.5633108Z === RUN   TestResolveChampionIDAcceptsNumericWithoutCatalog
windows-build	UNKNOWN STEP	2026-10-07T15:24:34.5635803Z --- PASS: TestResolveChampionIDAcceptsNumericWithoutCatalog (0.00s)
windows-build	UNKNOWN STEP	2026-10-07T15:24:34.5636902Z === RUN   TestFilterYourGGArenaBuildsReportsDropReasons
windows-build	UNKNOWN STEP	2026-10-07T15:24:34.5637592Z --- PASS: TestFilterYourGGArenaBuildsReportsDropReasons (0.00s)
windows-build	UNKNOWN STEP	2026-10-07T15:24:34.5638312Z === RUN   TestArenaFirstPlacesDiagnosticsUseAggregateFieldsOnly
windows-build	UNKNOWN STEP	2026-10-07T15:24:34.5639084Z --- PASS: TestArenaFirstPlacesDiagnosticsUseAggregateFieldsOnly (0.00s)
windows-build	UNKNOWN STEP	2026-10-07T15:24:34.5639866Z === RUN   TestInferYourGGSubjectChampionOnlyForSingleUnknownKey
windows-build	UNKNOWN STEP	2026-10-07T15:24:34.5640594Z --- PASS: TestInferYourGGSubjectChampionOnlyForSingleUnknownKey (0.00s)
windows-build	UNKNOWN STEP	2026-10-07T15:24:34.5641343Z === RUN   TestWriteArenaFirstPlacesErrorClassifiesSafeFailures
windows-build	UNKNOWN STEP	2026-10-07T15:24:34.5642084Z --- PASS: TestWriteArenaFirstPlacesErrorClassifiesSafeFailures (0.00s)
windows-build	UNKNOWN STEP	2026-10-07T15:24:34.5642864Z === CONT  TestPruneStaleHexdataBuildsBoundsDiskAcrossPatchHistory
windows-build	UNKNOWN STEP	2026-10-07T15:24:34.5643465Z === CONT  TestR64FacadeEventBurstIsThrottled
windows-build	UNKNOWN STEP	2026-10-07T15:24:34.5644057Z === CONT  TestSeasonStatsBudgetKeepsAsManyAugmentSamplesAsFit
windows-build	UNKNOWN STEP	2026-10-07T15:24:34.5645084Z === CONT  TestR203FiveGamesCacheCountsStabilize
windows-build	UNKNOWN STEP	2026-10-07T15:24:34.6417346Z     season_stats_budget_test.go:567: GE2b 窗口：gameIDs=283754 raw=4252136 一半样本=4136636 预算=4194304（校正 0 次，perSample=115.5B perGameID=14.00B）
windows-build	UNKNOWN STEP	2026-10-07T15:24:34.8728176Z     season_stats_budget_test.go:633: GE2b 刚好合规：raw=4252136 written=4125236 gameIDs=283754 perSample=115.5B 样本 2000->1000（上一档 2000 条超限）steps=[ranked_matches_capped augment_samples_trimmed]
windows-build	UNKNOWN STEP	2026-10-07T15:24:34.8729685Z --- PASS: TestSeasonStatsBudgetKeepsAsManyAugmentSamplesAsFit (0.31s)
windows-build	UNKNOWN STEP	2026-10-07T15:24:34.8730472Z === CONT  TestR113BroadcastEventStormIsBoundedAndRearmsNextSession
windows-build	UNKNOWN STEP	2026-10-07T15:24:35.7649607Z --- PASS: TestR203FiveGamesCacheCountsStabilize (1.20s)
windows-build	UNKNOWN STEP	2026-10-07T15:24:35.7650192Z === CONT  TestR201ProbeWindowCancelsSlowRoutes
windows-build	UNKNOWN STEP	2026-10-07T15:24:37.8780831Z --- PASS: TestR113BroadcastEventStormIsBoundedAndRearmsNextSession (3.01s)
windows-build	UNKNOWN STEP	2026-10-07T15:24:37.8781415Z === CONT  TestR100AssetHasWholeHandlerDeadline
windows-build	UNKNOWN STEP	2026-10-07T15:24:38.4609923Z --- PASS: TestR201ProbeWindowCancelsSlowRoutes (2.70s)
windows-build	UNKNOWN STEP	2026-10-07T15:24:38.4610493Z === CONT  TestSeasonStatsBudgetTruncatesRankedMatchesInsteadOfRefusingTheWrite
windows-build	UNKNOWN STEP	2026-10-07T15:24:38.5041399Z     season_stats_budget_test.go:80: P1 fixture: raw = 4690705 bytes (4.47 MiB), budget = 4194304 bytes
windows-build	UNKNOWN STEP	2026-10-07T15:24:38.6003750Z --- PASS: TestSeasonStatsBudgetTruncatesRankedMatchesInsteadOfRefusingTheWrite (0.14s)
windows-build	UNKNOWN STEP	2026-10-07T15:24:38.6004714Z === CONT  TestSeasonStatsBudgetThirdStageOnlyDropsAugmentSamples
windows-build	UNKNOWN STEP	2026-10-07T15:24:39.3561816Z     season_stats_budget_test.go:524: GE2 第三级：raw=5740980 written=5637161 steps=[ranked_matches_capped augment_samples_dropped written_over_budget] ranked 120->40 augments 800->0 stats 保持 173 条
windows-build	UNKNOWN STEP	2026-10-07T15:24:39.3564641Z --- PASS: TestSeasonStatsBudgetThirdStageOnlyDropsAugmentSamples (0.76s)
windows-build	UNKNOWN STEP	2026-10-07T15:24:39.3565548Z === CONT  TestSeasonStatsBudgetWritesAndReportsWhenNothingCanBeTrimmed
windows-build	UNKNOWN STEP	2026-10-07T15:24:39.7132996Z --- PASS: TestR64FacadeEventBurstIsThrottled (5.15s)
windows-build	UNKNOWN STEP	2026-10-07T15:24:39.7133880Z === CONT  TestSeasonStatsSaveAppliesTheBudgetEndToEnd
windows-build	UNKNOWN STEP	2026-10-07T15:24:39.9806040Z --- PASS: TestSeasonStatsSaveAppliesTheBudgetEndToEnd (0.27s)
windows-build	UNKNOWN STEP	2026-10-07T15:24:39.9806780Z === CONT  TestR216OPGGChampionTableObservedPage
windows-build	UNKNOWN STEP	2026-10-07T15:24:40.5900464Z --- PASS: TestR216OPGGChampionTableObservedPage (0.61s)
windows-build	UNKNOWN STEP	2026-10-07T15:24:40.5901709Z === CONT  TestR54CollectionProbeRetriesUntilReady
windows-build	UNKNOWN STEP	2026-10-07T15:24:40.5970613Z     season_stats_budget_test.go:214: P1 untrimmable case: written = 16800188 bytes, over budget = true, steps = [augment_samples_dropped written_over_budget]
windows-build	UNKNOWN STEP	2026-10-07T15:24:40.5971505Z --- PASS: TestSeasonStatsBudgetWritesAndReportsWhenNothingCanBeTrimmed (1.24s)
windows-build	UNKNOWN STEP	2026-10-07T15:24:40.5972352Z === CONT  TestR206FullCollectionRefreshTranslationTimeoutUnderThreeSeconds
windows-build	UNKNOWN STEP	2026-10-07T15:24:40.8786661Z --- PASS: TestR100AssetHasWholeHandlerDeadline (3.00s)
windows-build	UNKNOWN STEP	2026-10-07T15:24:40.8787085Z === CONT  TestR89DiskBudgetAfter2000Images
windows-build	UNKNOWN STEP	2026-10-07T15:24:42.6930442Z --- PASS: TestR54CollectionProbeRetriesUntilReady (2.10s)
windows-build	UNKNOWN STEP	2026-10-07T15:24:42.6931055Z === CONT  TestR92RiotMatchConcreteDiskBudget
windows-build	UNKNOWN STEP	2026-10-07T15:24:43.4039497Z --- PASS: TestR206FullCollectionRefreshTranslationTimeoutUnderThreeSeconds (2.81s)
windows-build	UNKNOWN STEP	2026-10-07T15:24:43.4040379Z === CONT  TestR86WebsocketDropKeepsLiveLCUConnection
windows-build	UNKNOWN STEP	2026-10-07T15:24:48.4119977Z --- PASS: TestR86WebsocketDropKeepsLiveLCUConnection (5.01s)
windows-build	UNKNOWN STEP	2026-10-07T15:24:48.4120550Z === CONT  TestR86SGPThreeHundredPhysicalPagesStayWithinBudget
windows-build	UNKNOWN STEP	2026-10-07T15:24:48.9187071Z --- PASS: TestR86SGPThreeHundredPhysicalPagesStayWithinBudget (0.51s)
windows-build	UNKNOWN STEP	2026-10-07T15:24:48.9187560Z === CONT  TestR206TranslationsTimeoutUsesPreviousCache
windows-build	UNKNOWN STEP	2026-10-07T15:24:51.7191920Z --- PASS: TestR206TranslationsTimeoutUsesPreviousCache (2.80s)
windows-build	UNKNOWN STEP	2026-10-07T15:25:01.8671662Z --- PASS: TestPruneStaleHexdataBuildsBoundsDiskAcrossPatchHistory (27.30s)
windows-build	UNKNOWN STEP	2026-10-07T15:25:09.7982938Z --- PASS: TestR92RiotMatchConcreteDiskBudget (27.10s)
windows-build	UNKNOWN STEP	2026-10-07T15:25:47.4980457Z --- PASS: TestR89DiskBudgetAfter2000Images (66.62s)
windows-build	UNKNOWN STEP	2026-10-07T15:25:47.4980915Z FAIL
windows-build	UNKNOWN STEP	2026-10-07T15:25:47.5115094Z FAIL	lol-loot-assistant/backend	299.333s
windows-build	UNKNOWN STEP	2026-10-07T15:25:47.8537655Z Error: go test exited 1
windows-build	UNKNOWN STEP	2026-10-07T15:25:47.8538132Z     at runGo (D:\a\Deep-Legends\Deep-Legends\scripts\run-ci-tests.cjs:76:25)
windows-build	UNKNOWN STEP	2026-10-07T15:25:47.8538680Z     at process.processTicksAndRejections (node:internal/process/task_queues:103:5)
windows-build	UNKNOWN STEP	2026-10-07T15:25:48.9680967Z ^[[31;1mException: ^[[0mD:\a\_temp\1395a4eb-abdf-4ff7-adc4-bb1ef5318181.ps1:3^[[0m
windows-build	UNKNOWN STEP	2026-10-07T15:25:48.9681579Z ^[[31;1m^[[0m^[[36;1mLine |^[[0m
windows-build	UNKNOWN STEP	2026-10-07T15:25:48.9682587Z ^[[31;1m^[[0m^[[36;1m^[[36;1m   3 | ^[[0m … ODE -ne 0) { ^[[36;1mthrow "Windows backend tests or pass inventory failed"^[[0m }^[[0m
windows-build	UNKNOWN STEP	2026-10-07T15:25:48.9683698Z ^[[31;1m^[[0m^[[36;1m^[[36;1m^[[0m^[[36;1m^[[0m^[[36;1m     | ^[[31;1m                ~~~~~~~~~~~~~~~~~~~~~~~~~~~~~~~~~~~~~~~~~~~~~~~~~~~~~~^[[0m
windows-build	UNKNOWN STEP	2026-10-07T15:25:48.9684657Z ^[[31;1m^[[0m^[[36;1m^[[36;1m^[[0m^[[36;1m^[[0m^[[36;1m^[[31;1m^[[31;1m^[[36;1m     | ^[[31;1mWindows backend tests or pass inventory failed^[[0m
windows-build	UNKNOWN STEP	2026-10-07T15:25:48.9879322Z ##[error]Process completed with exit code 1.
windows-build	UNKNOWN STEP	2026-10-07T15:25:49.0074171Z ##[group]Run actions/upload-artifact@v4
windows-build	UNKNOWN STEP	2026-10-07T15:25:49.0074488Z with:
windows-build	UNKNOWN STEP	2026-10-07T15:25:49.0074663Z   name: r206-real-upgrade-evidence
windows-build	UNKNOWN STEP	2026-10-07T15:25:49.0074942Z   path: D:\a\_temp/deep-legends-r206-real-upgrade/evidence/*
windows-build	UNKNOWN STEP	2026-10-07T15:25:49.0075214Z   if-no-files-found: warn
windows-build	UNKNOWN STEP	2026-10-07T15:25:49.0075399Z   compression-level: 6
windows-build	UNKNOWN STEP	2026-10-07T15:25:49.0075582Z   overwrite: false
windows-build	UNKNOWN STEP	2026-10-07T15:25:49.0075754Z   include-hidden-files: false
windows-build	UNKNOWN STEP	2026-10-07T15:25:49.0075948Z ##[endgroup]
windows-build	UNKNOWN STEP	2026-10-07T15:25:49.1659999Z (node:5692) [DEP0040] DeprecationWarning: The `punycode` module is deprecated. Please use a userland alternative instead.
windows-build	UNKNOWN STEP	2026-10-07T15:25:49.1660688Z (Use `node --trace-deprecation ...` to show where the warning was created)
windows-build	UNKNOWN STEP	2026-10-07T15:25:49.1706206Z ##[warning]No files were found with the provided path: D:\a\_temp/deep-legends-r206-real-upgrade/evidence/*. No artifacts will be uploaded.
windows-build	UNKNOWN STEP	2026-10-07T15:25:49.1994019Z Post job cleanup.
windows-build	UNKNOWN STEP	2026-10-07T15:25:49.3649040Z [command]"C:\Program Files\Git\bin\git.exe" version
windows-build	UNKNOWN STEP	2026-10-07T15:25:49.3922564Z git version 2.55.0.windows.5
windows-build	UNKNOWN STEP	2026-10-07T15:25:49.3988187Z Temporarily overriding HOME='D:\a\_temp\8e69a820-3259-40f0-b5df-4b7c84e551da' before making global git config changes
windows-build	UNKNOWN STEP	2026-10-07T15:25:49.3989016Z Adding repository directory to the temporary git global config as a safe directory
windows-build	UNKNOWN STEP	2026-10-07T15:25:49.3997034Z [command]"C:\Program Files\Git\bin\git.exe" config --global --add safe.directory D:\a\Deep-Legends\Deep-Legends
windows-build	UNKNOWN STEP	2026-10-07T15:25:49.4257612Z [command]"C:\Program Files\Git\bin\git.exe" config --local --name-only --get-regexp core\.sshCommand
windows-build	UNKNOWN STEP	2026-10-07T15:25:49.4516909Z [command]"C:\Program Files\Git\bin\git.exe" submodule foreach --recursive "sh -c \"git config --local --name-only --get-regexp 'core\.sshCommand' && git config --local --unset-all 'core.sshCommand' || :\""
windows-build	UNKNOWN STEP	2026-10-07T15:25:50.0282456Z [command]"C:\Program Files\Git\bin\git.exe" config --local --name-only --get-regexp http\.https\:\/\/github\.com\/\.extraheader
windows-build	UNKNOWN STEP	2026-10-07T15:25:50.0505162Z http.https://github.com/.extraheader
windows-build	UNKNOWN STEP	2026-10-07T15:25:50.0544534Z [command]"C:\Program Files\Git\bin\git.exe" config --local --unset-all http.https://github.com/.extraheader
windows-build	UNKNOWN STEP	2026-10-07T15:25:50.0824167Z [command]"C:\Program Files\Git\bin\git.exe" submodule foreach --recursive "sh -c \"git config --local --name-only --get-regexp 'http\.https\:\/\/github\.com\/\.extraheader' && git config --local --unset-all 'http.https://github.com/.extraheader' || :\""
windows-build	UNKNOWN STEP	2026-10-07T15:25:50.5487139Z [command]"C:\Program Files\Git\bin\git.exe" config --local --name-only --get-regexp ^includeIf\.gitdir:
windows-build	UNKNOWN STEP	2026-10-07T15:25:50.5748511Z [command]"C:\Program Files\Git\bin\git.exe" submodule foreach --recursive "git config --local --show-origin --name-only --get-regexp remote.origin.url"
windows-build	UNKNOWN STEP	2026-10-07T15:25:51.0558596Z Cleaning up orphan processes
windows-build	UNKNOWN STEP	2026-10-07T15:25:51.0736562Z ##[warning]Node.js 20 is deprecated. The following actions target Node.js 20 but are being forced to run on Node.js 24: actions/checkout@v4, actions/setup-go@v5, actions/setup-node@v4, actions/upload-artifact@v4. For more information see: https://github.blog/changelog/2025-09-19-deprecation-of-node-20-on-github-actions-runners/
