2026-10-07T14:29:34.4115535Z Current runner version: '2.337.0'
2026-10-07T14:29:34.4141390Z ##[group]Runner Image Provisioner
2026-10-07T14:29:34.4142397Z Hosted Compute Agent
2026-10-07T14:29:34.4143080Z Version: 20260901.588
2026-10-07T14:29:34.4143837Z Commit: f88ec8081b781fac6c440065ac7ff9e710ce3d0b
2026-10-07T14:29:34.4145015Z Build Date: 2026-09-01T19:56:44Z
2026-10-07T14:29:34.4145741Z Worker ID: {fb67330e-13a6-4dd3-896a-029162e73db2}
2026-10-07T14:29:34.4146582Z Azure Region: westus
2026-10-07T14:29:34.4147390Z ##[endgroup]
2026-10-07T14:29:34.4149102Z ##[group]Operating System
2026-10-07T14:29:34.4149863Z Ubuntu
2026-10-07T14:29:34.4150407Z 24.04.5
2026-10-07T14:29:34.4150919Z LTS
2026-10-07T14:29:34.4151524Z ##[endgroup]
2026-10-07T14:29:34.4152119Z ##[group]Runner Image
2026-10-07T14:29:34.4152767Z Image: ubuntu-24.04
2026-10-07T14:29:34.4153409Z Version: 20260927.320.1
2026-10-07T14:29:34.4154726Z Included Software: https://github.com/actions/runner-images/blob/ubuntu24/20260927.320/images/ubuntu/Ubuntu2404-Readme.md
2026-10-07T14:29:34.4156477Z Image Release: https://github.com/actions/runner-images/releases/tag/ubuntu24%2F20260927.320
2026-10-07T14:29:34.4157932Z ##[endgroup]
2026-10-07T14:29:34.4159202Z ##[group]GITHUB_TOKEN Permissions
2026-10-07T14:29:34.4161566Z Contents: read
2026-10-07T14:29:34.4162310Z Metadata: read
2026-10-07T14:29:34.4162927Z ##[endgroup]
2026-10-07T14:29:34.4165166Z Secret source: Actions
2026-10-07T14:29:34.4166145Z Cache mode: write
2026-10-07T14:29:34.4167318Z Prepare workflow directory
2026-10-07T14:29:34.4514591Z Prepare all required actions
2026-10-07T14:29:34.4563853Z Getting action download info
2026-10-07T14:29:34.9035712Z Download action repository 'actions/checkout@v4' (SHA:11d5960a326750d5838078e36cf38b85af677262)
2026-10-07T14:29:34.9957860Z Download action repository 'actions/setup-go@v5' (SHA:40f1582b2485089dde7abd97c1529aa768e1baff)
2026-10-07T14:29:35.4581914Z Download action repository 'actions/setup-node@v4' (SHA:49933ea5288caeca8642d1e84afbd3f7d6820020)
2026-10-07T14:29:35.5415927Z Download action repository 'actions/upload-artifact@v4' (SHA:ea165f8d65b6e75b540449e92b4886f43607fa02)
2026-10-07T14:29:35.7664710Z Complete job name: quality
2026-10-07T14:29:35.8547611Z ##[group]Run actions/checkout@v4
2026-10-07T14:29:35.8548665Z with:
2026-10-07T14:29:35.8549177Z   repository: LLYY0418/Deep-Legends
2026-10-07T14:29:35.8553926Z   token: ***
2026-10-07T14:29:35.8554416Z   ssh-strict: true
2026-10-07T14:29:35.8554909Z   ssh-user: git
2026-10-07T14:29:35.8555408Z   persist-credentials: true
2026-10-07T14:29:35.8555951Z   clean: true
2026-10-07T14:29:35.8556451Z   sparse-checkout-cone-mode: true
2026-10-07T14:29:35.8557291Z   fetch-depth: 1
2026-10-07T14:29:35.8557794Z   fetch-tags: false
2026-10-07T14:29:35.8558305Z   show-progress: true
2026-10-07T14:29:35.8558814Z   lfs: false
2026-10-07T14:29:35.8559273Z   submodules: false
2026-10-07T14:29:35.8559777Z   set-safe-directory: true
2026-10-07T14:29:35.8560345Z   allow-unsafe-pr-checkout: false
2026-10-07T14:29:35.8561225Z ##[endgroup]
2026-10-07T14:29:35.9565016Z Syncing repository: LLYY0418/Deep-Legends
2026-10-07T14:29:35.9568162Z ##[group]Getting Git version info
2026-10-07T14:29:35.9569711Z Working directory is '/home/runner/work/Deep-Legends/Deep-Legends'
2026-10-07T14:29:35.9571651Z [command]/usr/bin/git version
2026-10-07T14:29:35.9625978Z git version 2.55.0
2026-10-07T14:29:35.9649095Z ##[endgroup]
2026-10-07T14:29:35.9664325Z Temporarily overriding HOME='/home/runner/work/_temp/b43588d9-8f64-4fed-bae1-d3263945eeff' before making global git config changes
2026-10-07T14:29:35.9667427Z Adding repository directory to the temporary git global config as a safe directory
2026-10-07T14:29:35.9755970Z [command]/usr/bin/git config --global --add safe.directory /home/runner/work/Deep-Legends/Deep-Legends
2026-10-07T14:29:35.9761383Z Deleting the contents of '/home/runner/work/Deep-Legends/Deep-Legends'
2026-10-07T14:29:35.9763849Z ##[group]Initializing the repository
2026-10-07T14:29:35.9765971Z [command]/usr/bin/git init /home/runner/work/Deep-Legends/Deep-Legends
2026-10-07T14:29:35.9866405Z hint: Using 'master' as the name for the initial branch. This default branch name
2026-10-07T14:29:35.9868679Z hint: will change to "main" in Git 3.0. To configure the initial branch name
2026-10-07T14:29:35.9870232Z hint: to use in all of your new repositories, which will suppress this warning,
2026-10-07T14:29:35.9871130Z hint: call:
2026-10-07T14:29:35.9871846Z hint:
2026-10-07T14:29:35.9872461Z hint: 	git config --global init.defaultBranch <name>
2026-10-07T14:29:35.9873168Z hint:
2026-10-07T14:29:35.9873841Z hint: Names commonly chosen instead of 'master' are 'main', 'trunk' and
2026-10-07T14:29:35.9874926Z hint: 'development'. The just-created branch can be renamed via this command:
2026-10-07T14:29:35.9875778Z hint:
2026-10-07T14:29:35.9876243Z hint: 	git branch -m <name>
2026-10-07T14:29:35.9876785Z hint:
2026-10-07T14:29:35.9878286Z hint: Disable this message with "git config set advice.defaultBranchName false"
2026-10-07T14:29:35.9881102Z Initialized empty Git repository in /home/runner/work/Deep-Legends/Deep-Legends/.git/
2026-10-07T14:29:35.9894731Z [command]/usr/bin/git remote add origin https://github.com/LLYY0418/Deep-Legends
2026-10-07T14:29:35.9944916Z ##[endgroup]
2026-10-07T14:29:35.9945848Z ##[group]Disabling automatic garbage collection
2026-10-07T14:29:35.9950239Z [command]/usr/bin/git config --local gc.auto 0
2026-10-07T14:29:35.9983953Z ##[endgroup]
2026-10-07T14:29:35.9985234Z ##[group]Setting up auth
2026-10-07T14:29:35.9992455Z [command]/usr/bin/git config --local --name-only --get-regexp core\.sshCommand
2026-10-07T14:29:36.0028561Z [command]/usr/bin/git submodule foreach --recursive sh -c "git config --local --name-only --get-regexp 'core\.sshCommand' && git config --local --unset-all 'core.sshCommand' || :"
2026-10-07T14:29:36.0430398Z [command]/usr/bin/git config --local --name-only --get-regexp http\.https\:\/\/github\.com\/\.extraheader
2026-10-07T14:29:36.0460196Z [command]/usr/bin/git submodule foreach --recursive sh -c "git config --local --name-only --get-regexp 'http\.https\:\/\/github\.com\/\.extraheader' && git config --local --unset-all 'http.https://github.com/.extraheader' || :"
2026-10-07T14:29:36.0692357Z [command]/usr/bin/git config --local --name-only --get-regexp ^includeIf\.gitdir:
2026-10-07T14:29:36.0731851Z [command]/usr/bin/git submodule foreach --recursive git config --local --show-origin --name-only --get-regexp remote.origin.url
2026-10-07T14:29:36.0958149Z [command]/usr/bin/git config --local http.https://github.com/.extraheader AUTHORIZATION: basic ***
2026-10-07T14:29:36.0999763Z ##[endgroup]
2026-10-07T14:29:36.1009091Z ##[group]Fetching the repository
2026-10-07T14:29:36.1011126Z [command]/usr/bin/git -c protocol.version=2 fetch --no-tags --prune --no-recurse-submodules --depth=1 origin +57d33c4ad2e5cb13bb05ecdc29c91da1eea8c513:refs/remotes/origin/codex/release-0.12.77
2026-10-07T14:29:43.0575670Z From https://github.com/LLYY0418/Deep-Legends
2026-10-07T14:29:43.0577401Z  * [new ref]         57d33c4ad2e5cb13bb05ecdc29c91da1eea8c513 -> origin/codex/release-0.12.77
2026-10-07T14:29:43.0581018Z ##[endgroup]
2026-10-07T14:29:43.0581562Z ##[group]Determining the checkout info
2026-10-07T14:29:43.0583644Z ##[endgroup]
2026-10-07T14:29:43.0589765Z [command]/usr/bin/git sparse-checkout disable
2026-10-07T14:29:43.0646565Z [command]/usr/bin/git config --local --unset-all extensions.worktreeConfig
2026-10-07T14:29:43.0680577Z ##[group]Checking out the ref
2026-10-07T14:29:43.0685740Z [command]/usr/bin/git checkout --progress --force -B codex/release-0.12.77 refs/remotes/origin/codex/release-0.12.77
2026-10-07T14:29:44.0044045Z Switched to a new branch 'codex/release-0.12.77'
2026-10-07T14:29:44.0048152Z branch 'codex/release-0.12.77' set up to track 'origin/codex/release-0.12.77'.
2026-10-07T14:29:44.0094702Z ##[endgroup]
2026-10-07T14:29:44.0154165Z [command]/usr/bin/git log -1 --format=%H
2026-10-07T14:29:44.0179949Z 57d33c4ad2e5cb13bb05ecdc29c91da1eea8c513
2026-10-07T14:29:44.0442034Z ##[group]Run actions/setup-go@v5
2026-10-07T14:29:44.0442613Z with:
2026-10-07T14:29:44.0442827Z   go-version-file: go.mod
2026-10-07T14:29:44.0443057Z   cache: true
2026-10-07T14:29:44.0443257Z   check-latest: false
2026-10-07T14:29:44.0446020Z   token: ***
2026-10-07T14:29:44.0446228Z ##[endgroup]
2026-10-07T14:29:44.1712428Z Setup go version spec 1.24
2026-10-07T14:29:44.1916857Z Found in cache @ /opt/hostedtoolcache/go/1.24.13/x64
2026-10-07T14:29:44.1919391Z (node:2301) [DEP0040] DeprecationWarning: The `punycode` module is deprecated. Please use a userland alternative instead.
2026-10-07T14:29:44.1920173Z (Use `node --trace-deprecation ...` to show where the warning was created)
2026-10-07T14:29:44.1923278Z Added go to the path
2026-10-07T14:29:44.1926800Z Successfully set up Go version 1.24
2026-10-07T14:29:45.9303102Z [command]/opt/hostedtoolcache/go/1.24.13/x64/bin/go env GOMODCACHE
2026-10-07T14:29:45.9339621Z [command]/opt/hostedtoolcache/go/1.24.13/x64/bin/go env GOCACHE
2026-10-07T14:29:45.9377492Z /home/runner/go/pkg/mod
2026-10-07T14:29:45.9445417Z /home/runner/.cache/go-build
2026-10-07T14:29:46.2221593Z Cache hit for: setup-go-Linux-x64-ubuntu24-go-1.24.13-a9fc12c66c581ebd975c04924614d911b843067079247990d4be659063ce44db
2026-10-07T14:29:46.2376013Z (node:2301) [DEP0169] DeprecationWarning: `url.parse()` behavior is not standardized and prone to errors that have security implications. Use the WHATWG URL API instead. CVEs are not issued for `url.parse()` vulnerabilities.
2026-10-07T14:29:47.5142030Z Received 0 of 95419484 (0.0%), 0.0 MBs/sec
2026-10-07T14:29:48.4430260Z Received 95419484 of 95419484 (100.0%), 47.2 MBs/sec
2026-10-07T14:29:48.4431698Z Cache Size: ~91 MB (95419484 B)
2026-10-07T14:29:48.4546113Z [command]/usr/bin/tar -xf /home/runner/work/_temp/1dda51e9-3c34-4282-8300-14569abe2837/cache.tzst -P -C /home/runner/work/Deep-Legends/Deep-Legends --use-compress-program unzstd
2026-10-07T14:29:49.1700412Z Cache restored successfully
2026-10-07T14:29:49.1751427Z Cache restored from key: setup-go-Linux-x64-ubuntu24-go-1.24.13-a9fc12c66c581ebd975c04924614d911b843067079247990d4be659063ce44db
2026-10-07T14:29:49.1775393Z go version go1.24.13 linux/amd64
2026-10-07T14:29:49.1775609Z 
2026-10-07T14:29:49.1775914Z ##[group]go env
2026-10-07T14:29:49.2130308Z AR='ar'
2026-10-07T14:29:49.2130682Z CC='gcc'
2026-10-07T14:29:49.2131053Z CGO_CFLAGS='-O2 -g'
2026-10-07T14:29:49.2131483Z CGO_CPPFLAGS=''
2026-10-07T14:29:49.2131789Z CGO_CXXFLAGS='-O2 -g'
2026-10-07T14:29:49.2132105Z CGO_ENABLED='1'
2026-10-07T14:29:49.2132494Z CGO_FFLAGS='-O2 -g'
2026-10-07T14:29:49.2132865Z CGO_LDFLAGS='-O2 -g'
2026-10-07T14:29:49.2133285Z CXX='g++'
2026-10-07T14:29:49.2133638Z GCCGO='gccgo'
2026-10-07T14:29:49.2134005Z GO111MODULE=''
2026-10-07T14:29:49.2134417Z GOAMD64='v1'
2026-10-07T14:29:49.2134806Z GOARCH='amd64'
2026-10-07T14:29:49.2135166Z GOAUTH='netrc'
2026-10-07T14:29:49.2135513Z GOBIN=''
2026-10-07T14:29:49.2135895Z GOCACHE='/home/runner/.cache/go-build'
2026-10-07T14:29:49.2136411Z GOCACHEPROG=''
2026-10-07T14:29:49.2136755Z GODEBUG=''
2026-10-07T14:29:49.2137438Z GOENV='/home/runner/.config/go/env'
2026-10-07T14:29:49.2137894Z GOEXE=''
2026-10-07T14:29:49.2138225Z GOEXPERIMENT=''
2026-10-07T14:29:49.2138592Z GOFIPS140='off'
2026-10-07T14:29:49.2138935Z GOFLAGS=''
2026-10-07T14:29:49.2140085Z GOGCCFLAGS='-fPIC -m64 -pthread -Wl,--no-gc-sections -fmessage-length=0 -ffile-prefix-map=/tmp/go-build1484165111=/tmp/go-build -gno-record-gcc-switches'
2026-10-07T14:29:49.2141257Z GOHOSTARCH='amd64'
2026-10-07T14:29:49.2141622Z GOHOSTOS='linux'
2026-10-07T14:29:49.2141974Z GOINSECURE=''
2026-10-07T14:29:49.2142479Z GOMOD='/home/runner/work/Deep-Legends/Deep-Legends/go.mod'
2026-10-07T14:29:49.2142872Z GOMODCACHE='/home/runner/go/pkg/mod'
2026-10-07T14:29:49.2143141Z GONOPROXY=''
2026-10-07T14:29:49.2143334Z GONOSUMDB=''
2026-10-07T14:29:49.2143536Z GOOS='linux'
2026-10-07T14:29:49.2143746Z GOPATH='/home/runner/go'
2026-10-07T14:29:49.2143975Z GOPRIVATE=''
2026-10-07T14:29:49.2144535Z GOPROXY='https://proxy.golang.org,direct'
2026-10-07T14:29:49.2144922Z GOROOT='/opt/hostedtoolcache/go/1.24.13/x64'
2026-10-07T14:29:49.2145373Z GOSUMDB='sum.golang.org'
2026-10-07T14:29:49.2145672Z GOTELEMETRY='local'
2026-10-07T14:29:49.2145949Z GOTELEMETRYDIR='/home/runner/.config/go/telemetry'
2026-10-07T14:29:49.2146298Z GOTMPDIR=''
2026-10-07T14:29:49.2146499Z GOTOOLCHAIN='auto'
2026-10-07T14:29:49.2146834Z GOTOOLDIR='/opt/hostedtoolcache/go/1.24.13/x64/pkg/tool/linux_amd64'
2026-10-07T14:29:49.2147680Z GOVCS=''
2026-10-07T14:29:49.2147900Z GOVERSION='go1.24.13'
2026-10-07T14:29:49.2148140Z GOWORK=''
2026-10-07T14:29:49.2148374Z PKG_CONFIG='pkg-config'
2026-10-07T14:29:49.2148528Z 
2026-10-07T14:29:49.2148829Z ##[endgroup]
2026-10-07T14:29:49.2317147Z ##[group]Run actions/setup-node@v4
2026-10-07T14:29:49.2317478Z with:
2026-10-07T14:29:49.2317688Z   node-version: 22
2026-10-07T14:29:49.2317908Z   always-auth: false
2026-10-07T14:29:49.2318131Z   check-latest: false
2026-10-07T14:29:49.2320862Z   token: ***
2026-10-07T14:29:49.2321073Z ##[endgroup]
2026-10-07T14:29:49.3866475Z Found in cache @ /opt/hostedtoolcache/node/22.23.3/x64
2026-10-07T14:29:49.3870351Z (node:2359) [DEP0040] DeprecationWarning: The `punycode` module is deprecated. Please use a userland alternative instead.
2026-10-07T14:29:49.3871209Z (Use `node --trace-deprecation ...` to show where the warning was created)
2026-10-07T14:29:49.3873891Z ##[group]Environment details
2026-10-07T14:29:49.7972829Z node: v22.23.3
2026-10-07T14:29:49.7973508Z npm: 10.9.9
2026-10-07T14:29:49.7974047Z yarn: 1.22.22
2026-10-07T14:29:49.7974930Z ##[endgroup]
2026-10-07T14:29:49.8103552Z ##[group]Run node scripts/prepare-r238-update-fixture.cjs
2026-10-07T14:29:49.8104051Z node scripts/prepare-r238-update-fixture.cjs
2026-10-07T14:29:49.8369379Z shell: /usr/bin/bash -e {0}
2026-10-07T14:29:49.8369671Z ##[endgroup]
2026-10-07T14:29:51.6370703Z {"version":"0.12.76","public":true,"size":111854592,"sha256":"01014312b60e591a05bfc87f86e098adf6c5fc5e59520db5aedac5b5dba02ff3","directory":"/home/runner/work/Deep-Legends/Deep-Legends/docs/history/reports/release-0.12.76/anonymous-assets"}
2026-10-07T14:29:51.6587265Z ##[group]Run unformatted="$(find . -type d \( -name '.*' ! -name . -o -name node_modules -o -name vendor -o -name dist \) -prune -o -type f -name '*.go' -print0 | xargs -0 gofmt -l)"
2026-10-07T14:29:51.6588505Z unformatted="$(find . -type d \( -name '.*' ! -name . -o -name node_modules -o -name vendor -o -name dist \) -prune -o -type f -name '*.go' -print0 | xargs -0 gofmt -l)"
2026-10-07T14:29:51.6589220Z test -z "$unformatted"
2026-10-07T14:29:51.6653747Z shell: /usr/bin/bash --noprofile --norc -e -o pipefail {0}
2026-10-07T14:29:51.6654106Z ##[endgroup]
2026-10-07T14:29:52.7504918Z ##[group]Run go vet ./...
2026-10-07T14:29:52.7505238Z go vet ./...
2026-10-07T14:29:52.7568168Z shell: /usr/bin/bash -e {0}
2026-10-07T14:29:52.7568432Z ##[endgroup]
2026-10-07T14:30:01.6352803Z ##[group]Run CGO_ENABLED=0 GOOS=windows GOARCH=amd64 go build -tags= -buildvcs=false -o "$RUNNER_TEMP/r233-release-public.exe" ./backend
2026-10-07T14:30:01.6353759Z CGO_ENABLED=0 GOOS=windows GOARCH=amd64 go build -tags= -buildvcs=false -o "$RUNNER_TEMP/r233-release-public.exe" ./backend
2026-10-07T14:30:01.6354500Z node desktop/verify-license-release.cjs "$RUNNER_TEMP/r233-release-public.exe"
2026-10-07T14:30:01.6417727Z shell: /usr/bin/bash --noprofile --norc -e -o pipefail {0}
2026-10-07T14:30:01.6418082Z ##[endgroup]
2026-10-07T14:30:01.6798867Z go: downloading golang.org/x/sys v0.35.0
2026-10-07T14:30:19.8455194Z Release license isolation verified
2026-10-07T14:30:19.8547742Z ##[group]Run node scripts/verify-ci-test-filters.cjs
2026-10-07T14:30:19.8548492Z node scripts/verify-ci-test-filters.cjs
2026-10-07T14:30:19.8614921Z shell: /usr/bin/bash -e {0}
2026-10-07T14:30:19.8615190Z ##[endgroup]
2026-10-07T14:30:20.1605081Z [
2026-10-07T14:30:20.1605526Z   {
2026-10-07T14:30:20.1606117Z     "kind": "node",
2026-10-07T14:30:20.1606894Z     "pattern": "R86 Windows release|R222 Windows",
2026-10-07T14:30:20.1608712Z     "file": "desktop/release-quality-gates.test.cjs",
2026-10-07T14:30:20.1609334Z     "expected": 2,
2026-10-07T14:30:20.1609743Z     "names": [
2026-10-07T14:30:20.1610905Z       "R86 Windows release stops on a real failing Go test and rejects an independent early build",
2026-10-07T14:30:20.1612429Z       "R222 Windows release entry points reject CI skip locally before any side effect"
2026-10-07T14:30:20.1613228Z     ]
2026-10-07T14:30:20.1613589Z   },
2026-10-07T14:30:20.1613934Z   {
2026-10-07T14:30:20.1614437Z     "kind": "node",
2026-10-07T14:30:20.1615085Z     "pattern": "setup-only Windows CI skip",
2026-10-07T14:30:20.1615896Z     "file": "scripts/setup-only-build.test.cjs",
2026-10-07T14:30:20.1616548Z     "expected": 1,
2026-10-07T14:30:20.1617230Z     "names": [
2026-10-07T14:30:20.1618388Z       "setup-only Windows CI skip leaves NSIS, wrapper and receipt gates unconditional"
2026-10-07T14:30:20.1619253Z     ]
2026-10-07T14:30:20.1619634Z   },
2026-10-07T14:30:20.1620085Z   {
2026-10-07T14:30:20.1620549Z     "kind": "node",
2026-10-07T14:30:20.1621259Z     "file": "scripts/r82-startup-ab-script.test.cjs",
2026-10-07T14:30:20.1621926Z     "expected": 2,
2026-10-07T14:30:20.1622465Z     "names": [
2026-10-07T14:30:20.1623515Z       "R82 A/B receipt lookup and deduplication execute the real PowerShell script",
2026-10-07T14:30:20.1625002Z       "R82 A/B filename, hash mismatch and duplicate mutations reach failing assertions"
2026-10-07T14:30:20.1625920Z     ]
2026-10-07T14:30:20.1626239Z   }
2026-10-07T14:30:20.1626593Z ]
2026-10-07T14:30:20.1705693Z ##[group]Run go test -count=1 -race ./...
2026-10-07T14:30:20.1706053Z go test -count=1 -race ./...
2026-10-07T14:30:20.1768153Z shell: /usr/bin/bash -e {0}
2026-10-07T14:30:20.1768418Z ##[endgroup]
2026-10-07T14:33:53.3148934Z ok  	lol-loot-assistant/backend	171.816s
2026-10-07T14:33:53.3149412Z ?   	lol-loot-assistant/scripts	[no test files]
2026-10-07T14:33:53.4497634Z ##[group]Run node --check backend/web/app.js
2026-10-07T14:33:53.4498050Z node --check backend/web/app.js
2026-10-07T14:33:53.4498369Z node --check backend/web/suite.js
2026-10-07T14:33:53.4498662Z node --check desktop/main.cjs
2026-10-07T14:33:53.4559713Z shell: /usr/bin/bash -e {0}
2026-10-07T14:33:53.4559979Z ##[endgroup]
2026-10-07T14:33:53.5444411Z ##[group]Run npm ci --prefix desktop
2026-10-07T14:33:53.5444759Z npm ci --prefix desktop
2026-10-07T14:33:53.5506593Z shell: /usr/bin/bash -e {0}
2026-10-07T14:33:53.5506852Z ##[endgroup]
2026-10-07T14:33:56.0175982Z npm warn deprecated rimraf@2.6.3: Rimraf versions prior to v4 are no longer supported
2026-10-07T14:33:58.6907383Z npm warn deprecated inflight@1.0.6: This module is not supported, and leaks memory. Do not use it. Check out lru-cache if you want a good and tested way to coalesce async requests by a key value, which is much more comprehensive and powerful.
2026-10-07T14:33:59.2394782Z npm warn deprecated glob@7.2.3: Glob versions prior to v9 are no longer supported
2026-10-07T14:34:01.2043218Z npm warn deprecated boolean@3.2.0: Package no longer supported. Contact Support at https://www.npmjs.com/support for more info.
2026-10-07T14:34:08.2437704Z 
2026-10-07T14:34:08.2438471Z added 323 packages, and audited 324 packages in 15s
2026-10-07T14:34:08.2439320Z 
2026-10-07T14:34:08.2439718Z 56 packages are looking for funding
2026-10-07T14:34:08.2440565Z   run `npm fund` for details
2026-10-07T14:34:08.3018905Z 
2026-10-07T14:34:08.3019756Z 16 vulnerabilities (8 moderate, 8 high)
2026-10-07T14:34:08.3020241Z 
2026-10-07T14:34:08.3020794Z To address issues that do not require attention, run:
2026-10-07T14:34:08.3038086Z   npm audit fix
2026-10-07T14:34:08.3038383Z 
2026-10-07T14:34:08.3038858Z To address all issues (including breaking changes), run:
2026-10-07T14:34:08.3039567Z   npm audit fix --force
2026-10-07T14:34:08.3039830Z 
2026-10-07T14:34:08.3040082Z Run `npm audit` for details.
2026-10-07T14:34:08.3607850Z ##[group]Run node scripts/test-renderers.cjs all
2026-10-07T14:34:08.3608412Z node scripts/test-renderers.cjs all
2026-10-07T14:34:08.3669136Z shell: /usr/bin/bash -e {0}
2026-10-07T14:34:08.3669398Z env:
2026-10-07T14:34:08.3669740Z   R222_NODE_TIMING_OUTPUT: /home/runner/work/_temp/renderer-timings-linux.json
2026-10-07T14:34:08.3670149Z ##[endgroup]
2026-10-07T14:34:08.5403303Z PASS current-game API errors distinguish local HTTP, network, decode and body read failures
2026-10-07T14:34:08.5448286Z PASS current-game timeout remains distinct from cancellation by a newer request
2026-10-07T14:34:12.8415702Z PASS R86 ADD-4 retired synergy panel selector stays absent without removing shared card styles
2026-10-07T14:34:12.8458503Z PASS R69 career-column reentry preserves match width through the 1600 DIP band
2026-10-07T14:34:12.8468128Z PASS R15 performance, fingerprint, and shared build CSS contracts
2026-10-07T14:34:12.8497963Z PASS R15 mutation probes fail for every new guard
2026-10-07T14:34:12.8568327Z PASS champion intelligence is a first-level accessible workspace
2026-10-07T14:34:12.8569916Z PASS diagnostics panel exports the active structured log with concise guidance
2026-10-07T14:34:12.8571214Z PASS R39 diagnostic event whitelist mutation is caught
2026-10-07T14:34:12.8572465Z PASS exported diagnostic log filename is timestamped so repeat exports never collide
2026-10-07T14:34:12.8573691Z PASS renderer only calls the authenticated local champion API
2026-10-07T14:34:12.8574834Z PASS position-aware recommendation contracts kill documented mutations
2026-10-07T14:34:12.8576169Z PASS summoner spell card renders the first two real recommendations without placeholders
2026-10-07T14:34:12.8577836Z PASS ranked loadout side uses a balanced two-two-two height budget
2026-10-07T14:34:12.8579212Z PASS summoner spell recommendations do not add a low-sample badge
2026-10-07T14:34:12.8608114Z PASS ranked recommendation rows never dim low sample sizes
2026-10-07T14:34:12.8667928Z PASS backend pins Korean data and restricts remote image paths
2026-10-07T14:34:12.8669059Z PASS champion layouts keep responsive and reduced-motion fallbacks
2026-10-07T14:34:12.8730013Z PASS mayhem redesign keeps the two-column workspace, atlas, and R6 recommendations
2026-10-07T14:34:12.8808143Z PASS Mayhem recommendation and item ranking never request a guessed image URL
2026-10-07T14:34:12.8897860Z PASS Mayhem and Arena augment cards render the same card shell
2026-10-07T14:34:12.8907776Z PASS Mayhem augment cards carry the augment copy in the tooltip
2026-10-07T14:34:12.9027957Z PASS live recommendation panels do not render upstream provenance footers
2026-10-07T14:34:12.9078091Z PASS mayhem narrow layout moves the one champion list into an accessible dialog
2026-10-07T14:34:12.9097941Z PASS arena narrow layout moves the champion list into an accessible dialog
2026-10-07T14:34:12.9128002Z PASS mayhem CSS contract catches breakpoint and hidden-column mutations on a true copy
2026-10-07T14:34:12.9148121Z PASS R6 A B C contracts reject recommendation, spell, and item-route mutations on true copies
2026-10-07T14:34:12.9188229Z PASS R13 item column contract kills wrapping and equal-width mutations on a true copy
2026-10-07T14:34:12.9208692Z PASS R6 win rates, spell fallback, patch fallback, and subtitles are explicit
2026-10-07T14:34:12.9238109Z PASS R7 prism grades, compact arena overview, recoverable match details, and clean names are explicit
2026-10-07T14:34:12.9267998Z PASS R8 arena augment icons preserve semantic first-place tone without fabricated masks
2026-10-07T14:34:12.9288503Z PASS R8 augment assets render as ordinary artwork
2026-10-07T14:34:12.9297873Z PASS icon hotfix prefers Riot large artwork and carries a small fallback
2026-10-07T14:34:12.9324074Z PASS icon hotfix fallback handler switches to small artwork
2026-10-07T14:34:12.9367715Z PASS R8 rendered metric styles do not apply augment masks
2026-10-07T14:34:12.9377844Z PASS R8 mayhem item configuration hides win rate when requested
2026-10-07T14:34:12.9398800Z PASS R7 repeated disconnected status events preserve fallback item and augment catalogs
2026-10-07T14:34:12.9415172Z PASS disconnection drops Tencent player identity while preserving Korean tabs
2026-10-07T14:34:12.9419794Z PASS R7 contracts reject UI, parser, backend grade, and retry mutations on true copies
2026-10-07T14:34:12.9478063Z PASS mayhem atlas normalizes Riot rarity enums before filtering
2026-10-07T14:34:12.9557886Z PASS search keeps its caret and IME state when the workspace rerenders
2026-10-07T14:34:12.9637988Z PASS full Riot ID paste keeps the tag caret without selecting the tag
2026-10-07T14:34:12.9698011Z PASS champion detail uses complete build, matchup, and augment ranking layouts
2026-10-07T14:34:12.9727637Z PASS arena keeps the champion list on wide screens and renders the redesigned data workspace
2026-10-07T14:34:12.9757996Z PASS YOUR.GG champion grades preserve all six source letters in shared badges
2026-10-07T14:34:12.9817922Z PASS arena round 8 removals stay scoped to the arena workspace
2026-10-07T14:34:12.9847916Z PASS arena tolerates a missing catalog and hides unknown grades
2026-10-07T14:34:12.9876463Z PASS match history keeps arena summaries compact and arena details purpose-built
2026-10-07T14:34:12.9907990Z PASS arena match detail uses a validated Riot route and fail-closed hydration
2026-10-07T14:34:12.9938144Z PASS demo mode serves complete arena fixtures without stable account identifiers
2026-10-07T14:34:13.0004018Z PASS demo overview includes a match for every selectable game mode
2026-10-07T14:34:13.0057979Z PASS demo mode exposes a dedicated Hextech ARAM live session
2026-10-07T14:34:13.0138149Z PASS demo mode exposes a complete six-team Arena live session
2026-10-07T14:34:13.0139164Z PASS small overviews move career statistics into an accessible modal sheet
2026-10-07T14:34:13.0140223Z PASS rank history and ability comparison stay inside the shared career surface
2026-10-07T14:34:13.0141364Z PASS career ranked queue switches use one recent sample and ignore season scan state
2026-10-07T14:34:13.0142552Z PASS season progress refreshes the active overview without resetting queue choices or scroll
2026-10-07T14:34:13.0143768Z PASS live updates target explicit state slices and clear client state on disconnect
2026-10-07T14:34:13.0144855Z PASS structured data-source attempts are visible while cancellations stay silent
2026-10-07T14:34:13.0145892Z PASS historical rank increments refresh only the matching active overview
2026-10-07T14:34:13.0147135Z PASS summoner banner and recent ranked summary expose verified profile highlights
2026-10-07T14:34:13.0148249Z PASS ranked payload shape probes are one-shot and retain raw win-loss samples
2026-10-07T14:34:13.0149311Z PASS champion square icons crop out the baked-in vignette without eating the face
2026-10-07T14:34:13.0150469Z PASS mastery and peak rank columns share row tracks so their labels, names and values line up
2026-10-07T14:34:13.0151683Z PASS demo data routes champion icons through the same asset shape production actually serves
2026-10-07T14:34:13.0152814Z PASS ranked queue cards stay visible so empty-season copy follows the selected mode
2026-10-07T14:34:13.0153845Z PASS expanded sidebar stays compact without the old navigation subtitle
2026-10-07T14:34:13.0154933Z PASS match history surfaces SGP failures and uses an accessible custom mode menu
2026-10-07T14:34:13.0156068Z PASS player tabs use arrow scrolling, hide the native scrollbar, and deduplicate searches
2026-10-07T14:34:13.0157433Z PASS player tab avatars have no tooltip while overflowing names retain their own hint
2026-10-07T14:34:13.0158592Z PASS player overlays add durable tabs and non-self tabs can be reordered
2026-10-07T14:34:13.0159678Z PASS damage analysis sorts by a real metric and shows full colored values
2026-10-07T14:34:13.0160750Z PASS team analysis compares both sides across every requested metric
2026-10-07T14:34:13.0161774Z PASS team analysis exposes only metrics supported by each map and mode
2026-10-07T14:34:13.0163520Z PASS match tier hydration is asynchronous and isolated by stable region, server, player and container
2026-10-07T14:34:13.0165050Z PASS top search and player navigation preserve the selected Chinese server
2026-10-07T14:34:13.0166141Z PASS Chinese server merge guidance uses one scoped tooltip constant
2026-10-07T14:34:13.0227638Z PASS cross-server ranked data is an explicit unsupported state
2026-10-07T14:34:13.0228691Z PASS privacy UI separates explicit and opt-in automatic writes
2026-10-07T14:34:13.0229683Z PASS live recommendations render and select every returned option
2026-10-07T14:34:13.0230898Z PASS current champion endpoint keeps live recommendations usable without a roster identity
2026-10-07T14:34:13.0232068Z PASS champion and live recommendations share the persisted tier
2026-10-07T14:34:13.0233283Z PASS live recommendation requests recover from stale flights and empty payloads
2026-10-07T14:34:13.0234331Z PASS recommendation tabs reset only when the champion changes
2026-10-07T14:34:13.0235388Z PASS live game scoped state resets on a new game or champion select entry
2026-10-07T14:34:13.0236619Z PASS round 9 recommendation percentages preserve backend units and hide empty statistics
2026-10-07T14:34:13.0238052Z PASS live QQ101 depth rows preserve unavailable sample metadata
2026-10-07T14:34:13.0238971Z PASS live build item cards keep icon tooltips without visible item names
2026-10-07T14:34:13.0240012Z PASS round 9 match summaries show only placement while details align it beside scores
2026-10-07T14:34:13.0240934Z PASS R216 UI reads backend scores without recalculating
2026-10-07T14:34:13.0241891Z PASS round 9 augment rendering uses upstream images, descriptions, and all rarity tones
2026-10-07T14:34:13.0243092Z PASS R159 observed Hexdata icons render through the scoped image proxy in detail and match rows
2026-10-07T14:34:13.0244226Z PASS round 9 recommendation modes drive tabs, fallbacks, and ranked-only sources
2026-10-07T14:34:13.0245230Z PASS OPGG only uses the client fallback when no upstream positions exist
2026-10-07T14:34:13.0246189Z PASS live recommendations can temporarily use a champ-select pick intent
2026-10-07T14:34:13.0247569Z PASS live recommendation champion ids reject negative pick sentinels and use resolved live fallback
2026-10-07T14:34:13.0248597Z PASS random pick pending state has distinct empty-state copy
2026-10-07T14:34:13.0249451Z PASS rune application creates or recycles only Deep Legends pages
2026-10-07T14:34:13.0250311Z PASS friend navigation uses only session-scoped player references
2026-10-07T14:34:13.0251173Z PASS position filters use icons and transient search state is reset
2026-10-07T14:34:13.0252024Z PASS rune shards use crisp login-independent Data Dragon assets
2026-10-07T14:34:13.0252977Z PASS server-filtered flex switch makes one fresh first-page request
2026-10-07T14:34:13.0254052Z PASS client-filter fallback alone may automatically page until flex appears
2026-10-07T14:34:13.0255175Z PASS filtered empty state distinguishes active loading from idle history
2026-10-07T14:34:13.0256233Z PASS filtered empty state renders the pagination copy only once
2026-10-07T14:34:13.0312911Z PASS ranked matches omit unavailable local LP records
2026-10-07T14:34:13.0313870Z PASS perk stat mod slots are separated from rune styles
2026-10-07T14:34:13.0315067Z PASS perk catalogs supply icons while entertainment recommendations come from the current hero
2026-10-07T14:34:13.0316290Z PASS match statistic labels have an explicit faint tone in both themes
2026-10-07T14:34:13.0317705Z PASS tooltips use one viewport-aware portal instead of clipped pseudo elements
2026-10-07T14:34:13.0318793Z PASS tooltips use the layered hextech surface in every theme
2026-10-07T14:34:13.0319837Z PASS floating tooltip content is structured safely and shown only after placement
2026-10-07T14:34:13.0321075Z PASS round 9 section navigation restores each page scroll position after panel activation
2026-10-07T14:34:13.0322255Z PASS round 9 tooltip pointer suppression survives the click focus event
2026-10-07T14:34:13.0323688Z PASS round 9 friend refreshes and redundant static icon tooltips stay disabled
2026-10-07T14:34:13.0324824Z PASS player-name tooltips are gated by the actual ellipsized text
2026-10-07T14:34:13.0325834Z PASS champion detail tooltips include static numerical metadata and player aliases
2026-10-07T14:34:13.0326870Z PASS network preload excludes Hexdata and starts only ranked and arena work
2026-10-07T14:34:13.0328235Z PASS champion data survives section switches and re-entry renders instantly while fresh
2026-10-07T14:34:13.0329340Z PASS champion mode, searches, and tabs persist while transient detail state resets
2026-10-07T14:34:13.0330254Z PASS ranked detail always keeps matchup and top-player cards
2026-10-07T14:34:13.0331193Z PASS watch settings replace the legacy convenience controls and frontend writer
2026-10-07T14:34:13.0332188Z PASS disconnected collection, account, live and pool pages hide filters
2026-10-07T14:34:13.0333239Z PASS account page removes the duplicate title and sizes facts to unwrapped content
2026-10-07T14:34:13.0334256Z PASS optional themes keep a neutral background and accent-only primary
2026-10-07T14:34:13.0335286Z PASS mayhem atlas description comes from the guide paragraph, not the SEO blurb
2026-10-07T14:34:13.0336279Z PASS mayhem atlas columns share one height cap and scroll independently
2026-10-07T14:34:13.0397483Z PASS mayhem rarity panel disappears when the read fails
2026-10-07T14:34:13.0398578Z PASS augment metadata is looked up by ID without an icon-directory filter
2026-10-07T14:34:13.0399758Z PASS augment icons survive a client asset miss and never render as a solid tile
2026-10-07T14:34:13.0400963Z PASS arena augment descriptions drop runtime counters and render calculations
2026-10-07T14:34:13.0402118Z PASS mayhem augments without upstream copy do not promise the client has it
2026-10-07T14:34:13.0403223Z PASS specialist rune loading never blocks the outer OPGG rune panel
2026-10-07T14:34:13.0404431Z PASS live session shows the current position only when position capability exists
2026-10-07T14:34:13.0405595Z PASS live position choices sort by role share and derive missing shares from play
2026-10-07T14:34:13.0406869Z PASS live build recommendations use a wide core column and only the available depth columns
2026-10-07T14:34:13.0408329Z PASS live rune source tabs keep stable widths when the contextual note appears
2026-10-07T14:34:13.0409301Z PASS disabled controls use the not-allowed cursor throughout the web UI
2026-10-07T14:34:13.0410302Z PASS arena live build aligns prism and core cards with the three Arena metrics
2026-10-07T14:34:13.0411307Z PASS live core routes render at most five rows without an expansion control
2026-10-07T14:34:13.0412428Z PASS live recommendation option groups keep the upstream order and never re-sort by win rate
2026-10-07T14:34:13.0413588Z PASS mayhem opening sections follow actual data instead of the augment capability
2026-10-07T14:34:13.0414939Z PASS item set payload uses three core routes, removes cross-group duplicates, and follows recommendation position
2026-10-07T14:34:13.0416189Z PASS R176 classic core routes start at core items while retaining the starter summary
2026-10-07T14:34:13.0417401Z PASS R176 arena and hextech build routes remain free of starter dividers
2026-10-07T14:34:13.0418461Z PASS item set payload preserves recommendation trace and resolved position context
2026-10-07T14:34:13.0419586Z PASS item set drops an empty post-core block and reports applied group and item counts
2026-10-07T14:34:13.0420862Z PASS item set apply tooltip carries the in-game shop clipping workaround without repeating it in the toast
2026-10-07T14:34:13.0422042Z PASS item set apply failure records the same trace and item counts
2026-10-07T14:34:13.0423050Z PASS live mayhem item ranking renders the passed-through rows without a new request
2026-10-07T14:34:13.0424087Z PASS live Mayhem builds keep only core equipment beside a two-column ranking
2026-10-07T14:34:13.0425157Z PASS overview re-entry keeps its pages for the two minute freshness window
2026-10-07T14:34:13.0426515Z PASS R63 forced overview refresh merges its first page into already loaded pages
2026-10-07T14:34:13.0473289Z PASS R63 match-tier scope ignores transient tab keys
2026-10-07T14:34:13.0474228Z PASS R61 append uses an independent controller and queues timed revalidation
2026-10-07T14:34:13.0475148Z PASS R61 partial and budget-limited pagination stays resumable
2026-10-07T14:34:13.0476026Z PASS desktop packaging has a static embedded Riot ciphertext gate
2026-10-07T14:34:13.0477218Z PASS champion detail keeps conditional fourth/fifth items out of core routes
2026-10-07T14:34:13.0478248Z PASS mayhem champion detail uses the same five-row core recommendation limit
2026-10-07T14:34:13.0479183Z PASS hero detail rune workspace renders only the active rune board
2026-10-07T14:34:13.0480100Z PASS champion list rerenders preserve the inner table scroll position
2026-10-07T14:34:13.0481130Z PASS ranked, arena, and mayhem champion rows all expose selected state
2026-10-07T14:34:13.0482236Z PASS R148 Mayhem ranking win rate and detail sample render from insights row
2026-10-07T14:34:13.0483450Z PASS match loadout follows the OPGG mode matrix instead of trusting stray augment data
2026-10-07T14:34:13.0484780Z PASS match filters keep ordinary, qualifier, and classic Hextech ARAM mutually exclusive
2026-10-07T14:34:13.0485888Z PASS remade matches use a neutral result instead of win or loss
2026-10-07T14:34:13.0487387Z PASS live rune matchups occupy the champion strip right side without wrapping their facts
2026-10-07T14:34:13.0488561Z PASS live match statistics keep fixed geometry across modes
2026-10-07T14:34:13.0489481Z PASS live matchup rows use equal-width three-column grids
2026-10-07T14:34:13.0490648Z PASS live recommendation capability flags hide unsupported matchup and ban-rate blocks
2026-10-07T14:34:13.0491999Z PASS live skill plan distinguishes primary, secondary, final, and ultimate controls
2026-10-07T14:34:13.0493206Z PASS live skill plan keeps four distinct controls on narrow screens
2026-10-07T14:34:13.0494403Z PASS live augments group before limiting, retaining the top three of each rarity
2026-10-07T14:34:13.0495502Z PASS arena detail augments use the shared three-column option grid
2026-10-07T14:34:13.0496481Z PASS arena synergy cards show one readable paired champion label
2026-10-07T14:34:13.0528046Z PASS live rune choices use the keystone title and make the whole card selectable
2026-10-07T14:34:13.0529209Z PASS specialist matchups place the colored result dot beside the opponent
2026-10-07T14:34:13.0530427Z PASS specialist second game selection redraws and applies that game's exact runes
2026-10-07T14:34:13.0531787Z PASS specialist opponent lives in the selectable head and the rune content is single-column
2026-10-07T14:34:13.0532921Z PASS live rune style icons preserve their 4:5 artwork ratio
2026-10-07T14:34:13.0533984Z PASS arena medium cards keep one-line identities and compact recommendation icons
2026-10-07T14:34:13.0535073Z PASS mayhem and arena hero strips match the ranked artwork treatment
2026-10-07T14:34:13.0536065Z PASS build rows keep a fixed 42px icon size and wrap whole depth groups
2026-10-07T14:34:13.0537242Z PASS session summary uses a generic auto refresh status
2026-10-07T14:34:13.0538454Z PASS live page defaults to a 3 second refresh and resets recommendations to runes on re-entry
2026-10-07T14:34:13.0539727Z PASS live beacon reacts to active phase changes and has a one second fallback
2026-10-07T14:34:13.0540689Z PASS R46 live refresh delays follow the game phase
2026-10-07T14:34:13.0541603Z PASS R46 TFT live sessions render one explicit unsupported state
2026-10-07T14:34:13.0542704Z PASS R47 Arena live insights use one honest roster with phase-specific context
2026-10-07T14:34:13.0544009Z PASS R58 Arena live playerlist groups six teams and malformed shapes fall back to one roster
2026-10-07T14:34:13.0545432Z PASS R49 Arena player cards use the current champion fallback, hide lane copy, and put self first
2026-10-07T14:34:13.0547275Z PASS R66 live premade hints cluster players and render a rich, fail-closed tag
2026-10-07T14:34:13.0548577Z PASS R66 premade backend guards reject cache and inference mutations
2026-10-07T14:34:13.0549636Z PASS Arena random champion IDs use the official unselected champion icon
2026-10-07T14:34:13.0550809Z PASS R56 recommendation loading is centered by its overlay without viewport overflow
2026-10-07T14:34:13.0552134Z PASS R56 missing recommendation metrics remove the whole metric item and empty wrappers
2026-10-07T14:34:13.0553419Z PASS player header retains region and uses friend presence without CN spectator probes
2026-10-07T14:34:13.0554642Z PASS R46 restores only a persisted champion ID and clears unavailable selections
2026-10-07T14:34:13.0555734Z PASS R61 champion re-entry renders persisted detail on the first frame
2026-10-07T14:34:14.0728397Z PASS R61 stale rankings re-entry runs loadWorkspace(true) without flashing the list
2026-10-07T14:34:14.0778497Z PASS R61 detail cache survives leaving and prevents a second detail request
2026-10-07T14:34:14.0788767Z PASS same champion route click overrides the previous detail position
2026-10-07T14:34:14.0828824Z PASS item route limit follows the active bottom or adc detail before the selected row
2026-10-07T14:34:14.0868003Z PASS R61 detail tier persists and keeps the refreshed rankings cache fresh
2026-10-07T14:34:14.0869194Z PASS R70 section event runs after synchronous panel activation without snapshot delay
2026-10-07T14:34:14.0918225Z PASS R47 ranked detail recovers to the list when champion metadata is unavailable
2026-10-07T14:34:14.0942599Z PASS champion detail core routes hide pick rate and retain win rate with games
2026-10-07T14:34:14.0957831Z PASS R63 keeps the OP.GG source only in the build header
2026-10-07T14:34:14.0988035Z PASS QQ101 item depths disclose unavailable samples and flag extreme rates
2026-10-07T14:34:14.1017917Z PASS R189 nonblank fallback loot remains visible without a pending hint
2026-10-07T14:34:14.1051054Z PASS 0924 blank LCU loot record: hinted while retries run, plain and typeless once settled
2026-10-07T14:34:14.1079099Z PASS 0924 the account page does not show the blank LCU placeholder record or its notice
2026-10-07T14:34:14.1117415Z PASS 0912 named ward, icon and legacy loot render their resolved names
2026-10-07T14:34:14.1158450Z PASS R61 account renderer directly retains unnamed loot and kills the old filter
2026-10-07T14:34:14.1236881Z PASS R61 every mandatory contract rejects its documented production mutation
2026-10-07T14:34:14.1248180Z PASS R63 mandatory contracts reject every documented production regression
2026-10-07T14:34:14.1278378Z PASS live rune secondary style row stays aligned beneath the primary keystone row
2026-10-07T14:34:14.1308068Z PASS R16 build, rune, skill, and Korean overview guards preserve the corrected contracts
2026-10-07T14:34:14.1313724Z PASS R16 addendum guards reject every documented regression on true copies
2026-10-07T14:34:14.1368419Z PASS R45 contracts cover desktop Arena geometry, build layout, and cell identity wiring
2026-10-07T14:34:14.1370351Z PASS R45 mutation probes reject every documented A, B, and C regression
2026-10-07T14:34:14.1423539Z PASS R46 contracts cover cache eviction, parsing, beacon, refresh, and TFT handling
2026-10-07T14:34:14.1445203Z PASS R46 mutation probes reject all six required regressions
2026-10-07T14:34:14.1447318Z PASS R47 contracts cover Arena champ-select filtering and the single-roster layout
2026-10-07T14:34:14.1448881Z PASS R47 A-group mutation probes reject mode and single-roster regressions
2026-10-07T14:34:14.1450199Z PASS R49 all seven required mutation probes fail on true copied files
2026-10-07T14:34:14.1451570Z PASS R47 addendum scopes recommendation breakpoints to its inline-size container
2026-10-07T14:34:14.1452916Z PASS R47 addendum mutation probes reject media-query regressions
2026-10-07T14:34:14.1454087Z PASS R45 item-set branding uses DL in demo and LCU metadata
2026-10-07T14:34:14.1456138Z PASS R71 item-set action uses game recommendations without verbose manual-cleanup notes
2026-10-07T14:34:14.1458071Z PASS R58 mutation probes reject stale-roster and Arena fallback regressions
2026-10-07T14:34:14.1464195Z PASS the duplicated 30-day ranked card is gone from every layer
2026-10-07T14:34:14.1465768Z PASS ranked queue switchers drop the redundant text label
2026-10-07T14:34:14.1497990Z PASS specialist rune client skips are observable and stale cooldowns recover
2026-10-07T14:34:14.1539363Z PASS specialist upstream failures remain retryable and are never cached as empty samples
2026-10-07T14:34:14.1541689Z PASS specialist retryable outcomes have accurate copy and a retry control
2026-10-07T14:34:14.1543067Z PASS queues without top-player data keep an explicit specialist empty state
2026-10-07T14:34:14.1544520Z PASS collection status wording is timeless and promotion chests use dedicated artwork
2026-10-07T14:34:14.1546001Z PASS returning to a section restores its scroll position past the loading skeleton
2026-10-07T14:34:14.1547823Z PASS captured Arena equipment matches YOUR.GG preview order and expands to every source item
2026-10-07T14:34:14.1549384Z PASS Arena equipment sorting retains low samples, missing metadata and ungraded items
2026-10-07T14:34:14.1550859Z PASS R86 champion index preserves numeric/first-match/key semantics and invalidates catalogs
2026-10-07T14:34:14.1552264Z PASS R117 mayhem augment spinner resets even when the view changed mid-flight
2026-10-07T14:34:14.1553698Z PASS R117 champions api() surfaces RequestCancelled instead of flattening it into a timeout
2026-10-07T14:34:14.1555146Z PASS R117 champions api() keeps RequestCancelled when a successful fetch is superseded
2026-10-07T14:34:14.1556543Z PASS R148 changing Mayhem heroes resets the detail tab and its saved setting
2026-10-07T14:34:14.2208771Z PASS diagnostic export waits for telemetry and prevents duplicate download clicks
2026-10-07T14:34:14.2228270Z PASS telemetry failure never blocks export and open-folder action does not export again
2026-10-07T14:34:15.5898479Z PASS online friend party shows real occupancy and mode, including TFT
2026-10-07T14:34:15.5927707Z PASS partial or invalid occupancy is not invented as 1/5
2026-10-07T14:34:15.5957938Z PASS game phase wins over chat availability and stale lobby data
2026-10-07T14:34:15.5987830Z PASS offline, mobile, away and other product never reuse the LoL lobby text
2026-10-07T14:34:15.8220225Z PASS real friend dock rerenders occupancy and removes old room details on every phase change
2026-10-07T14:34:15.8293433Z PASS friend banner matches opaque aliases, escapes labels and rejects stale or foreign presence
2026-10-07T14:34:16.0338854Z PASS R192 1 hydrate updates roster and subject highlight while other two cards stay retained
2026-10-07T14:34:18.6459219Z PASS R192 2 rejected details expose a working retry and reopen after successful second request
2026-10-07T14:34:20.6618479Z PASS flow render diagnostics follow displayed data and explain skipped mounts
2026-10-07T14:34:20.6632080Z PASS flow loader logs invalid response without inventing an idle state
2026-10-07T14:34:20.6639026Z PASS 2351 failed current game probe does not render a misleading status row
2026-10-07T14:34:20.6640573Z PASS manual roster retry reaches the backend and diagnostics without exporting identity
2026-10-07T14:34:20.6642122Z PASS 2326 manual and automatic current-game failures retain their own trigger
2026-10-07T14:34:20.6643552Z PASS R68 specialist request uses OPGG-resolved position unless the user overrides it
2026-10-07T14:34:20.6644995Z PASS R68 live insight labels are relative to the current player's absolute team
2026-10-07T14:34:20.6710688Z PASS live insight sorts both teams by known positions while retaining duplicate order
2026-10-07T14:34:20.6711912Z PASS live insight keeps current-player highlight after position ordering
2026-10-07T14:34:20.6713002Z PASS R68 rendered-roster diagnostic carries queueId and absolute counts
2026-10-07T14:34:20.6714063Z PASS R68 gameplay mutation probes execute real position and team logic
2026-10-07T14:34:20.6715860Z PASS R69 premade tags distinguish direct session groups from inferred groups
2026-10-07T14:34:20.6717601Z PASS R69 history rows distinguish unavailable failed empty and pending states
2026-10-07T14:34:20.6718597Z PASS live detail shows at most ten newest recent games
2026-10-07T14:34:20.6719717Z PASS R69 current-position chip preserves client position and discloses specialist fallback
2026-10-07T14:34:20.6721087Z PASS R71 ranked recent-position samples stay inside the player card, without an extra grid row
2026-10-07T14:34:20.6767312Z PASS R72 role badges use explicit lane names, deduplicate and hide unknown or empty samples
2026-10-07T14:34:20.6807164Z PASS R73 demo ranked players expose recent-position samples used by role badges
2026-10-07T14:34:20.6843749Z PASS R73 classic ranked details stay side-by-side at medium widths and safely stack only when narrow
2026-10-07T14:34:20.6867509Z PASS OPGG season query is tab-scoped, single-flight and never reloads Riot history
2026-10-07T14:34:20.6868918Z PASS OPGG late response cannot overwrite another account and failure has no crawl fallback
2026-10-07T14:34:20.6947845Z PASS OPGG career rendering uses full season total and only the matching KR tab
2026-10-07T14:34:20.6967958Z PASS current-game queries are single-flight, account scoped, and reject late identity changes
2026-10-07T14:34:20.6978203Z PASS R75 pro target is independent of specialist rankings and rejects non-SR modes
2026-10-07T14:34:20.6998077Z PASS R75 pro rows use shared game renderer, neutral unknown, real event and sample threshold
2026-10-07T14:34:20.7027785Z PASS R171 spell pairs stay with their own rune source and require two verified IDs
2026-10-07T14:34:20.7037974Z PASS R171 apply optionally writes the selected source's spells and reports partial success
2026-10-07T14:34:20.7068002Z PASS R171 rune card shows OPGG spells once and only complete specialist rows
2026-10-07T14:34:20.7087782Z PASS R75 incomplete pro disables actual action markup and refuses POST
2026-10-07T14:34:20.7109538Z PASS R75 async pro retains marked cache on failure and prevents old generation overwrite
2026-10-07T14:34:20.7127847Z PASS R76 pro degradation uses game failure ratio, not a nonempty reason
2026-10-07T14:34:20.7129169Z PASS pro tabs keep every player and display latest five games per player without relative dates
2026-10-07T14:34:20.7177893Z PASS rune source order is OPGG, professional, specialist with no specialist subtitle
2026-10-07T14:34:20.7207988Z PASS professional request follows the displayed position and explicit selection wins over fallback
2026-10-07T14:34:20.7217997Z PASS unknown pro outcomes are not presented as a zero-game performance record
2026-10-07T14:34:20.7237384Z PASS cached overview re-enters independent season and current-game loaders without requesting history
2026-10-07T14:34:20.7278095Z PASS live specialist overview uses full identity without merging tags or enabling tournament names
2026-10-07T14:34:20.7279763Z PASS TheShy Camille official eight-perk response shows known shards without inventing slots
2026-10-07T14:34:20.7307932Z PASS KR unavailable season never renders recent20 as champion season statistics
2026-10-07T14:34:20.7337816Z PASS resolved repeated pro shards render in both legal rows, not in the bottom strip
2026-10-07T14:34:20.7339142Z PASS R167 lane card renders only a locked enemy in the current player's lane
2026-10-07T14:34:20.7368125Z PASS R167 lane card tells a same-lane teammate apart from the real enemy when isAlly is falsy for both
2026-10-07T14:34:20.7398024Z PASS R167 candidate request uses the enemy champion, current lane and tier, once per mapping
2026-10-07T14:34:20.7427786Z PASS R168 candidate failure and skipped context emit distinguishable diagnostics
2026-10-07T14:34:20.7429166Z PASS R117 rank win-rate degradation is disclosed on screen, not only set on the backend
2026-10-07T14:34:20.7458148Z PASS R173 rune equipment places opening items, divider and seven final slots in exact order
2026-10-07T14:34:20.7487909Z PASS R173 absent opening items retains byte-identical final equipment markup
2026-10-07T14:34:20.7518237Z PASS R173 delayed equipment patch preserves row identity, order and selected state
2026-10-07T14:34:20.7519910Z PASS R173 second stage loads only visible rows and leaves rune list available while pending
2026-10-07T14:34:20.7551317Z PASS R173 optional failure and previous game response leave current equipment unchanged
2026-10-07T14:34:20.7577953Z PASS R173 a refreshed pro list retains completed opening items without affecting source order
2026-10-07T14:34:20.7610071Z PASS R174 equipment then spells are direct children and spells contain only two icons
2026-10-07T14:34:20.7611493Z PASS R174 opening inventory and divider precede final inventory and rightmost spells
2026-10-07T14:34:20.7637965Z PASS R174 invalid or absent spell pair retains byte-identical equipment markup
2026-10-07T14:34:20.7668205Z PASS R174 spells without final inventory render one right-aligned container without labels or empty group
2026-10-07T14:34:20.7697893Z PASS R174 full specialist and pro templates have no standalone spell row
2026-10-07T14:34:20.7727955Z PASS R174 async opening inventory replacement preserves rightmost spell pair and selected rows
2026-10-07T14:34:20.7729713Z PASS R174 standalone spell renderer remains byte-identical; R179 inventory keeps a fixed height
2026-10-07T14:34:20.7757823Z PASS R177 starter rate hint retries at eight seconds twice and keeps one flight
2026-10-07T14:34:20.7788058Z PASS R177 starter waiting retry rejects a new generation source target or invisible page
2026-10-07T14:34:20.7817898Z PASS R177 starter no quota hint or network failure never schedules a retry
2026-10-07T14:34:20.7847824Z PASS R177 starter retry success patches opening items and retains rightmost R174 spells
2026-10-07T14:34:20.7849227Z PASS R177 unique unknown enemy lane produces a card and caches champion tier shares
2026-10-07T14:34:20.7877968Z PASS R177 competing lane shares require half and double advantage or remain ambiguous
2026-10-07T14:34:20.7908144Z PASS R177 known enemy position wins over conflicting cached inference without lane requests
2026-10-07T14:34:20.7909579Z PASS R177 missing competitor shares or failed provider cannot invent an enemy lane
2026-10-07T14:34:20.7938080Z PASS R177 unavailable diagnostics follow shape changes and cap at twenty per game
2026-10-07T14:34:20.7967945Z PASS R177 a pending timed retry stays single flight and a source switch cancels it
2026-10-07T14:34:20.7998027Z PASS R177 partial starter patches do not create a fresh retry budget for remaining rows
2026-10-07T14:34:20.8027818Z PASS R202 current mode ten games render the true count and ten history blocks
2026-10-07T14:34:21.2681972Z PASS R192 3 two retry clicks during loading share one additional request
2026-10-07T14:34:22.7138847Z PASS 启动入口初始 state 没有 installations 字段也可渲染和重新检查
2026-10-07T14:34:22.7168029Z PASS 总览未连接态只提供客户端入口且不提供密码输入
2026-10-07T14:34:22.7168766Z PASS 国服纯净入口动作只提交固定 tcls id 并进入等待登录状态
2026-10-07T14:34:22.7169449Z PASS 每个入口只锁定自己并在失败后恢复
2026-10-07T14:34:22.7288327Z PASS Riot 入口成功后进入对应等待状态并只安排状态刷新
2026-10-07T14:34:22.7317917Z PASS 启动成功后入口保持显示，断开或超时恢复
2026-10-07T14:34:22.7347847Z PASS 启动入口只渲染可用的 TCLS 与 Riot 客户端并使用统一卡片
2026-10-07T14:34:22.7348626Z PASS 安装扫描失败与未安装状态分开显示并允许重试
2026-10-07T14:34:22.8718451Z PASS filter deadline aborts fetch and records a retryable timeout
2026-10-07T14:34:22.8748245Z PASS all five modal lane values match the real backend ranking whitelist
2026-10-07T14:34:22.8768429Z PASS stale success cannot overwrite all, newer lane, or a reopened dialog
2026-10-07T14:34:22.8769914Z PASS stale failure is quiet, current failure resets and is retryable
2026-10-07T14:34:22.8771128Z PASS malformed rows are not cached as a successful empty list
2026-10-07T14:34:22.8772292Z PASS closing the dialog prevents old response application
2026-10-07T14:34:22.8773656Z PASS R87 P9 disposal aborts filtering and late success cannot update the dialog
2026-10-07T14:34:24.2653375Z PASS R192 4 loader-free expand and collapse keep summary and unrelated card identities
2026-10-07T14:34:24.5359126Z PASS R100 progress updates ready profile fields but null and empty never wipe career
2026-10-07T14:34:24.5378286Z PASS R100 historical enrichment defers while foreground overview is in flight
2026-10-07T14:34:24.5482571Z PASS R100 image admission covers lazy DOM images and detached prefetch without same-URL retries
2026-10-07T14:34:25.2784654Z PASS R192 5 hydrated Arena summary replaces damage and taken placeholders with true fixture values
2026-10-07T14:34:25.3548942Z PASS R231 table single expansion and sorting preserve every main row/avatar; more is aligned and appended
2026-10-07T14:34:25.3578224Z PASS R231 arrows/count, unique multikill gradients and masked build avatar tooltip
2026-10-07T14:34:25.3608111Z PASS R231 season progress fetches only snapshot and keeps match list/banners/career container
2026-10-07T14:34:25.3630578Z PASS R231 season progress throttles intermediate events for 3 seconds and completion bypasses it
2026-10-07T14:34:25.3728188Z PASS R231 throttle test rejects the zero-window mutation
2026-10-07T14:34:25.3757913Z PASS R231 abort on soft reset leaves mayhem idle, then next load returns score
2026-10-07T14:34:25.3788020Z PASS R231 collapse resets selected build player; detail-tab changes retain it; filter clears all
2026-10-07T14:34:25.3789934Z PASS R231 actual main and overlay enter both detail pages three times and restore identical nodes without overview/tier requests
2026-10-07T14:34:25.3818151Z PASS R231 actual external card restores self after collapse and retains opponent across detail tabs
2026-10-07T14:34:26.2368541Z PASS R101 lock wait stays visible and disabled in all strategies
2026-10-07T14:34:26.2728597Z PASS real app bootstrap registers every updater element and renders every state
2026-10-07T14:34:26.2758628Z PASS existing SSE drives progress and persists it across close/reopen without polling
2026-10-07T14:34:26.2818273Z PASS portable, minimum supported, offline, game warning and no-update behavior
2026-10-07T14:34:26.2869519Z PASS notes allow only escaped whitelist Markdown
2026-10-07T14:34:26.2952697Z PASS all updater registry ids are killed by the real renderer
2026-10-07T14:34:26.3008484Z PASS escaping, https whitelist and unsupported-button mutants fail the same checks
2026-10-07T14:34:26.3063161Z PASS manual update check posts through api and opens the existing notification dialog
2026-10-07T14:34:26.3087935Z PASS manual check waits beyond the HTTP acknowledgement for SSE completion
2026-10-07T14:34:26.3147928Z PASS late checking acknowledgement cannot overwrite an earlier SSE result
2026-10-07T14:34:26.3177959Z PASS no-update feedback expires and a new check clears the previous timer
2026-10-07T14:34:26.3238263Z PASS HTTP, network and asynchronous check failures show errors instead of latest-version success
2026-10-07T14:34:26.3266001Z PASS unsupported, updater busy and manual in-flight checks cannot issue duplicate requests
2026-10-07T14:34:26.3298034Z PASS manual-check request, shared-dialog, support and busy mutations are all detected
2026-10-07T14:34:26.4158699Z PASS R101 strategy switch never saves a zero lock wait, even synthetic disabled change
2026-10-07T14:34:26.4168194Z PASS R101 facade moves cards left and removes only obsolete explanation and accent
2026-10-07T14:34:28.1883974Z PASS R104 image cancellation during repeated rerender is not URL failure poisoning
2026-10-07T14:34:28.2098260Z PASS R104 real image error retries automatically after cooldown
2026-10-07T14:34:32.2804074Z PASS R105 all 53 reviewed accounts remain available after expanding unranked groups
2026-10-07T14:34:33.8861146Z PASS R106 game icons without src remain visible and enter the real lazy queue
2026-10-07T14:34:33.8885427Z PASS R106 champion icons without src remain visible and enter the real lazy queue
2026-10-07T14:34:33.8960854Z PASS R106 reopening a successfully loaded icon stays behind cold queue slots
2026-10-07T14:34:33.8963235Z PASS R106 an unset career background does not invent an applied or pending background
2026-10-07T14:34:34.0109214Z PASS R106 only ranked accounts start expanded and timestamps show only last match start
2026-10-07T14:34:34.2278470Z PASS R108 quota recovery resumes the correct incomplete first page
2026-10-07T14:34:34.2317688Z PASS R108 quota recovery resumes the correct next page
2026-10-07T14:34:34.2318934Z PASS R108 active quota avoids useless manual calls and loading state never offers another load button
2026-10-07T14:34:34.2357939Z PASS R108 changing modes never merges another queue and returning restores its cached cursor
2026-10-07T14:34:34.2387930Z PASS R108 special-mode fallback pauses after a bounded number of pages
2026-10-07T14:34:35.6762154Z PASS R109 changing filter accepts complete profile without replacing the existing career samples
2026-10-07T14:34:35.6826609Z PASS R109 failed complete profile preserves verified header while authoritative empty clears rank
2026-10-07T14:34:35.6848801Z PASS R109 independent tabs keep background and rank from their own streamed and complete data
2026-10-07T14:34:35.6888107Z PASS R109 retained artwork is observed again and loaded class follows the new parent
2026-10-07T14:34:35.6918058Z PASS R109 missing rank distinguishes loading, unavailable and verified unranked
2026-10-07T14:34:37.1672340Z PASS R110 tab selection, progress and unrelated scroll preserve all existing avatar nodes
2026-10-07T14:34:37.1711755Z PASS R110 a newly streamed root card expands on the first click without replacing summary images
2026-10-07T14:34:38.4898465Z PASS R111 admitted lazy thumbnails start eagerly and all visible images drain the queue
2026-10-07T14:34:38.5228345Z PASS R111 switching an in-flight image to its fallback does not strand the new URL
2026-10-07T14:34:38.5788330Z PASS R111 picker chunks and unrelated UI changes do not rescan the whole document
2026-10-07T14:34:38.5818049Z PASS R111 automatic pagination needs downward user intent and stops when its tab is inactive
2026-10-07T14:34:38.5845219Z PASS R111 read-only detection preserves committed state, hero selection and loaded DOM
2026-10-07T14:34:38.5858048Z PASS R111 failed background refresh retains the existing career DOM and draft
2026-10-07T14:34:40.0548827Z PASS R113 transient history errors remain retryable while unavailable and empty results are terminal
2026-10-07T14:34:40.0568133Z PASS R113 selecting an exhausted dirty tab immediately replaces the old player content
2026-10-07T14:34:40.0597963Z PASS R113 local settlement leaves unrelated Korean tabs and their caches alone
2026-10-07T14:34:40.0618259Z PASS R113 a match phase preloads while another page or a hidden window is active
2026-10-07T14:34:40.0619624Z PASS R113 background retries stop after the budget or a complete snapshot
2026-10-07T14:34:40.0648376Z PASS R113 non-leader matchmaking is an inline condition, never a repeated failure toast
2026-10-07T14:34:40.0687812Z PASS R113 ARAM live cards omit ranks and keep their three verified metrics
2026-10-07T14:34:40.0708013Z PASS R113 silver source rows survive nine earlier gold rows in both recommendation views
2026-10-07T14:34:40.1978267Z PASS R114 rank card popover presents only the supported Mayhem estimate
2026-10-07T14:34:40.2007753Z PASS R114 overview automatically queries once with an opaque reference
2026-10-07T14:34:40.2037648Z PASS R114 Korean overview never calls the CN-only ARAMKit endpoint
2026-10-07T14:34:40.2751341Z PASS score tooltip renders backend parts with no methodology
2026-10-07T14:34:40.2778174Z PASS incomplete radar preserves valid points without inventing a closed polygon
2026-10-07T14:34:41.5064276Z PASS R115 initial resources retain friends and shared CSS, defer optional modules, and keep demo opt-in
2026-10-07T14:34:41.5415231Z PASS R115 module requests are singleflight and repeat entry does not add script nodes
2026-10-07T14:34:41.6098365Z PASS R115 failed loading is visible, retryable and does not leave duplicate nodes
2026-10-07T14:34:41.6571191Z PASS R115 stale module completion never navigates or loads a page after leaving
2026-10-07T14:34:41.7187500Z PASS R115 Suite loads helpers first, retains navigation tab and replays only the latest state to the new subscriber
2026-10-07T14:34:41.7218552Z PASS R139 broadcast controls hide options for self and show one suite-switch for team
2026-10-07T14:34:41.7248216Z PASS R115 shared blocks keep critical geometry while optional CSS waits for its section
2026-10-07T14:34:43.3739189Z PASS R128 §2.3 index.html 不再引入 shared.js，其余静态加载顺序不变
2026-10-07T14:34:43.3767916Z PASS R128 §2.3 口径说明的实现、调用点与样式在前端全部消失
2026-10-07T14:34:43.9998609Z PASS R116-B 详情页三 tab 只渲染当前页内容，隐藏 tab 不占任何布局高度
2026-10-07T14:34:44.3788613Z PASS R128 §2.3 详情页没有口径页脚，切页签时工具条节点不被重新挂载
2026-10-07T14:34:44.5618571Z PASS R116-B 表现 tab 只在后端下发指标时出现，缺数据不留空页签
2026-10-07T14:34:44.5768415Z PASS R116-B 图鉴入口按钮在详情面板顶部，复用既有视图状态机而不是新路由
2026-10-07T14:34:44.8572159Z PASS R116-B P0-1 装备排行同一行给出胜率、较基准、不出时胜率三个互不相同的数字
2026-10-07T14:34:44.8591072Z PASS R116-B P0-1 收益率为 0 或字段缺失时不显示「较基准」标签
2026-10-07T14:34:44.8617719Z PASS R116-B P0-1 海克斯卡带较基准与官方档位，字段缺失时整块隐藏
2026-10-07T14:34:45.0243400Z PASS R116-B P0-2 低样本行带「样本极少」徽记，且排不到高样本行前面
2026-10-07T14:34:45.0274226Z PASS R116-B P0-2 海斗路径不再有任何前端重排（对抗变异必须打红这条）
2026-10-07T14:34:45.0298085Z PASS R116-B P0-2 sampleTier / wilsonLowerWinRate 缺失时对应元素不渲染
2026-10-07T14:34:45.1725086Z PASS R116-B P0-4 召唤师技能同时显示胜率与选用率，出门装与鞋子行为不变
2026-10-07T14:34:45.1757834Z PASS R116-B P0-4 只有召唤师技能那一组打开了胜率开关
2026-10-07T14:34:45.1767959Z PASS R116-B P0-4 上游回退到 pickRate-only 数据时只显示选用率，不整块报错
2026-10-07T14:34:45.3403328Z PASS R116-B P0-5 官方档位展示中文 hexLabel，绝不展示内部枚举名 hexTier
2026-10-07T14:34:45.5061509Z PASS R116-B P0-5 stats.tier 为 nil 时梯度徽章整块隐藏，不用行级档位冒充
2026-10-07T14:34:45.5148366Z PASS R116-B P0-5 榜单行 tierLocallyCalculated 时显示「本地估算」小字
2026-10-07T14:34:45.7388549Z PASS R116-B P0-6 切阶段只改数字不发请求，切回汇总恢复原值
2026-10-07T14:34:46.0950790Z PASS R116-B P0-6 缺某个阶段的 augment 在该阶段视图下整条不渲染，绝不填 0
2026-10-07T14:34:46.0978548Z PASS R116-B P0-6 没有阶段数据时 chips 整块不渲染（斗魂路径）
2026-10-07T14:34:46.2613105Z PASS R128 §2.2 表现面板逐行排版：数值与「较平均」分开，多杀合并一行，说明只在底部一次
2026-10-07T14:34:46.2637865Z PASS R116-B P1-6 某组指标全缺时该组整体隐藏，不留空态
2026-10-07T14:34:46.2658177Z PASS R116-B P1-6 后端把 22 项里的四项累计计数标成 Cumulative，均值不在前端算
2026-10-07T14:34:46.4104061Z PASS R116-B 对抗变异：augmentDescription 为空字符串时不渲染空描述
2026-10-07T14:34:46.4127967Z PASS R128 §2.3 推荐区没有常驻口径页脚，且 hasAugments 分支行为不变
2026-10-07T14:34:46.4147995Z PASS R116-B P0-3 海斗局 hasAugments=true 时写入按钮为空，经典局仍显示按钮
2026-10-07T14:34:46.4169272Z PASS R116-B P0-6 后端下发 stages 且单位与父行一致
2026-10-07T14:34:46.4197950Z PASS R116-B 前端阶段助手按 stage 号取行，缺失返回 null 而不是 0 值
2026-10-07T14:34:46.4207811Z PASS R116-B 评审整改 A1 记住的阶段号在新英雄上没有阶段行时退回汇总，不锁死成空态
2026-10-07T14:34:46.7928786Z PASS R116-B 评审整改 A1 换英雄后阶段筛选回到汇总（真实点击链路）
2026-10-07T14:34:46.9648840Z PASS R116-B 评审整改 A3 阶段行缺 deltaWinRate 时不渲染「较基准」，也不拿英雄级的值顶
2026-10-07T14:34:47.1941623Z PASS R150 阶段视图的六角徽章与阶段等级同口径，综合评分标明英雄级
2026-10-07T14:34:47.1967917Z PASS R116-B 评审整改 B4 阶段行没有官方档位时字母徽章整块隐藏
2026-10-07T14:34:47.2838275Z PASS R116-B 评审整改 B6 阶段基准是一格可见数字，装备排行的较基准带口径 tooltip
2026-10-07T14:34:47.2870925Z PASS R116-B 评审整改 A2 表现面板的「较平均」同样挡掉被舍入成 0 的小值
2026-10-07T14:34:47.2899418Z PASS R116-B 评审整改 D-债 renderLiveInsights 的 helper 已提到模块作用域，typeof 护栏已删
2026-10-07T14:34:47.4614033Z PASS R116-D roster sends both sides in game and only allies during champion select
2026-10-07T14:34:47.4642923Z PASS R116-D roster stays empty outside mayhem and for oversized sides
2026-10-07T14:34:47.4678291Z PASS R116-D sends champion ids only and never fetches per-champion hexdata
2026-10-07T14:34:47.4696013Z PASS R116-D recommendation request carries the roster and refetches when it changes
2026-10-07T14:34:47.4728041Z PASS R116-D degrades to no roster params when the roster helper is unavailable
2026-10-07T14:34:47.4738130Z PASS R116-D renders inline bars for hits and nothing at all for misses
2026-10-07T14:34:47.4757390Z PASS R116-D degrades notices whose evidence is not supported
2026-10-07T14:34:47.4787748Z PASS R116-D renders team portrait tags in our own header only
2026-10-07T14:34:47.4788742Z PASS R116-D insight rendering is unchanged when no payload is passed
2026-10-07T14:34:47.4807880Z PASS R116-D placeholder mutation is detected by the empty-payload assertions
2026-10-07T14:34:47.4809298Z PASS R116-D stage two stays out of the client until the probe verdict lands
2026-10-07T14:34:47.4839009Z PASS R116-D styles reuse tokens and existing values only
2026-10-07T14:34:47.5878661Z PASS R116-E rankedQueueLabel is defined in production source and resolves every queue
2026-10-07T14:34:47.5907910Z PASS R116-E the scattered 440 ternaries are gone from gameplay.js
2026-10-07T14:34:47.5928233Z PASS R116-E the queue switcher grows a third mayhem tab only where it is honest
2026-10-07T14:34:47.5938121Z PASS R116-E the switcher click gate accepts the mayhem tab in the recent scope only
2026-10-07T14:34:47.6117491Z PASS R116-E rankedQueueData labels the mayhem tab and marks lanes as not applicable
2026-10-07T14:34:47.6118789Z PASS R116-E card headings stay truthful once mayhem games are counted
2026-10-07T14:34:47.6119803Z PASS R116-E the season champion card no longer calls every game ranked
2026-10-07T14:34:47.6120815Z PASS R116-E the backend refuses to fall back to all-queue position stats
2026-10-07T14:34:47.6121970Z PASS R116-E personal mayhem builds render only when the backend says they are available
2026-10-07T14:34:47.6123194Z PASS R116-E the build tab keeps its three existing blocks and appends the personal query
2026-10-07T14:34:47.6124320Z PASS R116-E the personal build query is lazy-loaded and wired end to end
2026-10-07T14:34:47.6125128Z PASS R116-E adds no new CSS class of its own
2026-10-07T14:34:49.6408626Z PASS R116-F P1 概览 tab 渲染该英雄专属的四阶段品质概率，数值与真实分布一致
2026-10-07T14:34:51.1198046Z PASS R116-F P1 分布缺失/为空/非法时整块隐藏，不留空壳也不显示 0.00%
2026-10-07T14:34:51.3042567Z PASS R116-F P1 只渲染合法阶段，缺组的阶段不冒充 0
2026-10-07T14:34:51.4790397Z PASS R116-F P1 保留全服口径面板：英雄面板不替换它、不复用它的类名、不多发请求
2026-10-07T14:34:51.8000309Z PASS R116-F P1 英雄面板随 tab 局部替换进出
2026-10-07T14:34:51.9798445Z PASS R128 §2.3-B 慎选陈述不再渲染，海克斯推荐卡下方没有方法论说明
2026-10-07T14:34:52.1757504Z PASS R128 §2.4 海克斯推荐标题行右侧不再有「N 个」计数
2026-10-07T14:34:52.1988389Z PASS R128 §2.4 概览顺序为海克斯推荐 → 开局配置 → 该英雄专属品质概率
2026-10-07T14:34:52.2048386Z PASS R116-F P2 判据仍在后端：caution 与中位数由后端下发（前端不再渲染陈述）
2026-10-07T14:34:52.2077740Z PASS R128 详情页样式走既有变量，不引入 hex 字面值，废弃样式已清除
2026-10-07T14:34:52.4808446Z PASS R117 CSS variables resolve, including fallback references
2026-10-07T14:34:52.4837896Z PASS R117 token colors have one source definition and no bypass drift
2026-10-07T14:34:52.4867936Z PASS R117 confirmed dead classes are absent while dynamic loot-table stays guarded
2026-10-07T14:34:52.4897831Z PASS R117 CSS budgets do not exceed the audited baseline
2026-10-07T14:34:52.4908074Z PASS R117 repeated token hexes and unreferenced class names stay within the audited baseline
2026-10-07T14:34:52.4937998Z PASS R117 duplicate declaration groups stay within the audited baseline
2026-10-07T14:34:53.9027393Z PASS R117 image queue exports a five-slot cap and keeps successful URL remounts behind admission
2026-10-07T14:34:53.9058152Z PASS R117 browser guard reads the production image limit and keeps the twelve-image starvation fixture
2026-10-07T14:34:53.9088062Z PASS R117 core frontend contracts remain wired to visible degradation and diagnostics
2026-10-07T14:34:53.9118008Z PASS R117 item set skip diagnostics execute in both rejected branches
2026-10-07T14:34:53.9127827Z PASS R117 real Chromium guards are wired into CI and cannot silently skip
2026-10-07T14:34:53.9157838Z PASS R117 section loader waits for page styles before module execution
2026-10-07T14:34:53.9167390Z PASS R117 app installation lookup is singleflight and hidden SSE slices flush once on resume
2026-10-07T14:34:54.0968658Z PASS R119 补位标签只认后端下发的布尔 true，证据缺失时一个都不渲染
2026-10-07T14:34:54.0971178Z PASS R119 详情概览的队友/对手行按参与者逐个决定是否带补位标签
2026-10-07T14:34:54.0997889Z PASS 总览战绩详情只突出当前玩家名称
2026-10-07T14:34:54.1027887Z PASS R119 补位标签复用现有 chip 尺寸与主题令牌，不写死颜色
2026-10-07T14:34:54.2041602Z PASS R123 retired write surfaces are gone from the suite page
2026-10-07T14:34:54.2067817Z PASS R123 favorites page exposes the facade collection subpage
2026-10-07T14:34:54.2097897Z PASS R123 owned counts are derived from catalog data, not hardcoded
2026-10-07T14:34:54.2108799Z PASS R123 unowned entries hide when the toggle is off (R130: icons default to owned-only)
2026-10-07T14:34:54.2127921Z PASS R123 ownership-unavailable payloads downgrade state badges and locks
2026-10-07T14:34:54.2157860Z PASS R123 filters and sorts follow the worklist dimensions
2026-10-07T14:34:54.2168019Z PASS R124 ownership-unavailable catalog survives a previously closed unowned toggle
2026-10-07T14:34:54.2207820Z PASS R125 icon tiles render at native square size
2026-10-07T14:34:54.2788559Z PASS R126 career draft uses explicit backdrop champion before skin-id inference
2026-10-07T14:34:54.2818187Z PASS R126 career draft stays empty when no background champion evidence exists
2026-10-07T14:34:54.2837833Z PASS R126 facade refresh signature includes the resolved background champion
2026-10-07T14:34:55.5779562Z PASS R127 永不返回的远程符文图标不会饿死本机英雄/技能/装备图标
2026-10-07T14:34:55.6438439Z PASS R127 对抗变异：去掉分道后同一场景必须饿死本地图
2026-10-07T14:34:55.6704642Z PASS R127 图片失败上报排队时长、加载时长、慢图数量与来源
2026-10-07T14:34:55.6778149Z PASS R127 本机图超时上报 timeout，来源记为 lcu
2026-10-07T14:34:55.6877900Z PASS R127 图片诊断字段能穿过 runtime.js 传输白名单
2026-10-07T14:34:55.6967943Z PASS R127 国服平均段位两批并行发出，第一批返回就回填对应场次
2026-10-07T14:34:55.7036812Z PASS R127 对抗变异：把并行批次改回串行后第二批不再同时在途
2026-10-07T14:34:55.8909869Z PASS R127 韩服同屏对局合并成一次请求，并区分「来源暂未收录」
2026-10-07T14:34:55.8939561Z PASS R127 一批失败不连累另一批：成功批照常回填，失败批留白等重试
2026-10-07T14:34:57.0131807Z PASS R128 §2.6 生产 JS 里不再出现口径/因果/关联类说明文案
2026-10-07T14:34:57.0137976Z PASS R128 §2.6 对抗变异：把禁用短语塞回 champions.js，扫描必须抓到
2026-10-07T14:34:57.0167935Z PASS R128 §2.3-A 口径说明的实现、调用点、样式与 shared.js 全部删除
2026-10-07T14:34:57.0197766Z PASS R128 §2.3-B 方法论与免责说明逐条消失
2026-10-07T14:34:57.0227998Z PASS R128 §2.2 表现 tab 底部只保留用户指定的那一句累计说明
2026-10-07T14:34:57.0244825Z PASS R128 §2.3-C 状态/错误/数据回退提示保留不动
2026-10-07T14:34:57.0255843Z PASS R128 §2.1 概览/构筑/表现 tab 改成等分的一级切换
2026-10-07T14:34:57.0256907Z PASS R128 §2.2 表现指标改成逐行列表，多杀四项合并成一行
2026-10-07T14:34:57.0258115Z PASS R128 §2.4 概览顺序与推荐卡标题行
2026-10-07T14:34:57.0259631Z PASS R128 §2.5 规则写进 AGENTS.md 与 CLAUDE.md，旧工单要求标注撤销
2026-10-07T14:34:58.9113603Z PASS R129 P1 海斗英雄选择：liveLoading 翻转不重绘，图标与详情节点保持同一对象
2026-10-07T14:34:58.9139873Z PASS R129 P1 historyState 为 empty / failed / unavailable 时同样不重建
2026-10-07T14:34:58.9146556Z PASS R129 P1 词表与后端一致，源码里不再残留 ready/liveLoading 判据
2026-10-07T14:34:58.9147890Z PASS R129 P1 renderLive 上方写明 markup 的取值纪律
2026-10-07T14:34:58.9148939Z PASS R129 P1 对抗变异：把骨架判据改回依赖 liveLoading，节点身份钉子必须失败
2026-10-07T14:34:58.9150083Z PASS R129 P2 只有详情数据变化时，build 面板图标不动、滚动位置恢复、面板重新绑定
2026-10-07T14:34:58.9151173Z PASS R224 提示条变化原地更新并保留所有图片
2026-10-07T14:34:58.9152005Z PASS R129 P2 markup 完全没变时连面板都不碰
2026-10-07T14:34:58.9153255Z PASS R129 P3 触发来源词表：interval / sse / manual / catalog，其余归为 direct
2026-10-07T14:34:58.9154510Z PASS R129 P3 live_render_rebuild 每 60 秒聚合一次，记录面板与来源
2026-10-07T14:34:58.9163172Z PASS R129 P3 sse 与 manual 触发按来源归类，dispose 前会 flush
2026-10-07T14:35:00.3498377Z PASS R130 P1 前提：移除 src 不触发任何 load/error 事件
2026-10-07T14:35:00.5821542Z PASS R130 P1-A 8 张永不返回的图放弃后名额归零，后续正常图全部加载
2026-10-07T14:35:00.7262692Z PASS R130 P1-A 挂起的第一个候选放弃后必须继续试下一个候选地址
2026-10-07T14:35:00.9748405Z PASS R130 P1-A 变异：两道防线都关掉时名额永久泄漏（场景必须能测到修复）
2026-10-07T14:35:01.1388601Z PASS R130 P1-A 变异：只留看门狗（第二层不补发 error）仍然不泄漏
2026-10-07T14:35:01.3138700Z PASS R130 P1-A 变异：只留合成 error（关掉看门狗）仍然不泄漏
2026-10-07T14:35:01.3982592Z PASS R130 P1-B 跳到列表底部后屏幕上的卡片必须在 2 秒内开始加载
2026-10-07T14:35:01.8289088Z PASS R130 P1-B 变异：去掉 eager 设置后屏幕上的卡片永远排不到
2026-10-07T14:35:01.8777495Z PASS R130 P1-B 已排队但未拿到名额的任务离开预取范围会被撤回
2026-10-07T14:35:01.9118521Z PASS R130 P1-C pointerleave 之后视频 src 被移除，且全局只有 1 个视频在播放
2026-10-07T14:35:01.9135943Z PASS R130 P1-C 生产源码绑定了 pointerleave/blur，且开始下一个前先停上一个
2026-10-07T14:35:01.9351761Z PASS R130 P1-D 取消奖池网格后 activeCardImages 只统计皮肤列表的任务
2026-10-07T14:35:01.9458437Z PASS R130 P1-D 切换收藏子页与一级页签时都取消奖池网格
2026-10-07T14:35:02.3108682Z PASS R130 P1-6 看门狗上报 card_image_stalled，每 10 秒最多一条且不带路径
2026-10-07T14:35:02.3148165Z PASS R130 P1-6 card_image_stalled 打通前端白名单与后端白名单
2026-10-07T14:35:02.3157877Z PASS R141 旗帜列宽明显放大且保持两种窗口下 3–4 列，名称在图片下方
2026-10-07T14:35:02.3188256Z PASS R130 P2 旗帜比例取自第一张图片的真实尺寸，铺满格子后上下留白 ≤ 5%
2026-10-07T14:35:02.3189572Z PASS R130 P3 头像/旗帜/炫彩去掉右上角状态标签，皮肤卡的奖池标签保留
2026-10-07T14:35:02.3217699Z PASS R130 P4 头像/旗帜页去掉三格统计条，只留摘要行
2026-10-07T14:35:02.3247744Z PASS R130 P5 摘要行去掉「已显示」，数字走主题色且不经过 innerHTML
2026-10-07T14:35:02.3277713Z PASS R130 P5-4 拥有状态从不可用恢复后，头像开关回到用户原来的设置
2026-10-07T14:35:02.3278650Z PASS R138/R140 头像与旗帜详情都按原图 2 倍显示并分别封顶
2026-10-07T14:35:02.3306350Z PASS R130 P6 弹窗改紧凑布局、加载前 128×128 占位，皮肤/炫彩弹窗不动
2026-10-07T14:35:02.4178697Z PASS R130 P1-A 取消/重建之后看门狗不得复活已取消的卡片
2026-10-07T14:35:02.4182800Z PASS R130 P1-A 看门狗只统计卡片任务，详情弹窗不得污染 stall 上报
2026-10-07T14:35:02.5248730Z PASS R130 P1-A 变异：看门狗先推进时，第二层迟到的合成 error 不得再推进一次
2026-10-07T14:35:02.5257953Z PASS R130 P1-A 看门狗必须晚于第二层的最坏放弃时间
2026-10-07T14:35:02.5287830Z PASS R130 评审补漏：弹窗、悬停视频、来源分类与旗帜取样的边界
2026-10-07T14:35:04.0138293Z PASS R136 live status belongs to toolbar and leaves content without a fixed placeholder
2026-10-07T14:35:04.0198147Z PASS R136 Mayhem performance font sizes and mutation guard
2026-10-07T14:35:04.0225882Z PASS R136 account background refresh retains identical image nodes and never reinserts skeleton
2026-10-07T14:35:04.0348240Z PASS R136 account request sequence discards an older response that finishes last
2026-10-07T14:35:04.0408014Z PASS R136 account skeleton and markup guards kill their original mutations
2026-10-07T14:35:04.0428316Z PASS R136 pools background refresh preserves rows and picker options
2026-10-07T14:35:04.1638536Z PASS R146 blue essence keeps its size and other icons match its visual size
2026-10-07T14:35:04.1646864Z PASS R146 fit centres the visible box and leaves opaque or empty images alone
2026-10-07T14:35:04.1678372Z PASS R146 css no longer carries per-item icon scale hacks and the loader normalizes on load
2026-10-07T14:35:04.2828517Z PASS R150 Arena hero header uses the selected YOUR.GG list row, including OP versus S
2026-10-07T14:35:04.2838292Z PASS R150 one shared letter scale renders seven hexagons and no numeric badges
2026-10-07T14:35:04.2898232Z PASS R150 local augment score stays hidden; official item score and hexagon remain
2026-10-07T14:35:04.2918744Z PASS R150 grade sorting uses letter then official score then samples
2026-10-07T14:35:04.2927984Z PASS R150 sidebar stays at most 214px with aligned logo and collapsed width
2026-10-07T14:35:06.5558414Z PASS R154 switching to an unloaded view clears the old cards before fetch resolves
2026-10-07T14:35:06.7767766Z PASS R154 filters and sorting preserve already loaded card and image nodes
2026-10-07T14:35:06.7771701Z PASS R154 open circuit and ordinary timeout show different detail errors
2026-10-07T14:35:06.8968687Z PASS R156 Hextech ARAM invitation switch saves 2300, 2400 and 3270 together
2026-10-07T14:35:08.3578460Z PASS R158 same player and A-B-A overview renders keep loaded image nodes
2026-10-07T14:35:08.7089364Z PASS R158 real image queue does not admit loaded A images after B-A switch
2026-10-07T14:35:08.7128271Z PASS R158 changed player data replaces stale art, career and match images
2026-10-07T14:35:08.7150147Z PASS R158 inactive overview DOM cache has a four-player limit
2026-10-07T14:35:08.7177847Z PASS R158 closing an inactive player releases its retained DOM
2026-10-07T14:35:09.8841995Z PASS R160 bundled art uses local image queue capacity beside stalled remote art
2026-10-07T14:35:09.8868027Z PASS R160 gameplay icon proxy accepts only the explicit bundled scheme
2026-10-07T14:35:09.8888211Z PASS R160 overview augments paint from the fast catalog before perks arrive
2026-10-07T14:35:09.9688639Z PASS R161 ranked live roster remains retryable until both teams have five players
2026-10-07T14:35:09.9718283Z PASS R161 partial ranked roster retries quickly and position chip has no reserved gap
2026-10-07T14:35:10.0338810Z PASS R163 Hextech ARAM 5+4 roster remains retryable until both teams have five players
2026-10-07T14:35:10.0358100Z PASS R163 partial Hextech ARAM roster retries at five seconds
2026-10-07T14:35:10.1375163Z PASS R164 non-Rift teammates stay adjacent by verified premade group while Rift keeps lane order
2026-10-07T14:35:10.1398235Z PASS R165 live chips distinguish private history, hidden identity, and direct autofill
2026-10-07T14:35:10.1415631Z PASS R168 live identity copy separates unresolved champ select names from explicit privacy
2026-10-07T14:35:10.2188634Z PASS R166 DPM 780/840 renders the gray outline above the yellow fill with smaller dots
2026-10-07T14:35:10.2198263Z PASS R166 mayhem hover waits 150 ms and rapid travel starts at most one RSC prefetch
2026-10-07T14:35:11.4299279Z PASS R175 real anonymous recovery response renders five allied cards with the existing hidden identity style
2026-10-07T14:35:14.2392474Z PASS R179 enemy placeholder is champ-select only and keeps R193 live hidden identity display
2026-10-07T14:35:14.2394474Z PASS R179 specialist key survives four skill changes and phase; concurrent entries send one request
2026-10-07T14:35:14.2396146Z PASS R179 specialist refresh retains starter items and cached response renders equipment immediately
2026-10-07T14:35:14.2398234Z PASS R179 three minute roster polling preserves nine rows/images and skill changes retain rune DOM
2026-10-07T14:35:14.2400048Z PASS R179 refresh button changes only for manual loads
2026-10-07T14:35:14.2478277Z PASS R179 runtime transport admits bounded rebuild counts and lane fields, dropping private fields
2026-10-07T14:35:14.4336213Z PASS R179 lane diagnostic direct sender preserves nonzero availability fields
2026-10-07T14:35:14.4367973Z PASS R179 repeated partial panel bindings dispatch each action exactly once
2026-10-07T14:35:14.4388056Z PASS R179 changing roster structure replaces rows and reports same-source recreated images honestly
2026-10-07T14:35:14.4407940Z PASS R179 actual specialist equipment DOM stays identical through skills and entering the game
2026-10-07T14:35:16.3428818Z PASS R180 latest merged same-queue game updates one player row, reports actual count and keeps other nodes
2026-10-07T14:35:17.5804818Z PASS R181 full pair shows locked A when enemy is absent from both top-five lists
2026-10-07T14:35:17.5818735Z PASS R181 missing full pair hides A and diagnoses pair-no-data; failure/pending are distinct
2026-10-07T14:35:17.5825235Z PASS R181 intent and hover show A+B under one enemy heading, locking keeps A and hides B
2026-10-07T14:35:17.5834431Z PASS R181 sixty-one polls send one pair request and new own/enemy/tier keys each send once
2026-10-07T14:35:17.5843545Z PASS R181 lane pending, failed, below-threshold and ambiguous diagnoses remain distinguishable
2026-10-07T14:35:17.7304104Z PASS R181 direct sender and actual runtime carry card booleans/tier and omit identity
2026-10-07T14:35:18.7398597Z PASS R183 ranked backend response renders an anonymous enemy in middle and stops incomplete retries
2026-10-07T14:35:18.8971753Z PASS R185 SSE omits skins, preserves 2125 entries and does not redraw or renew catalog age
2026-10-07T14:35:18.8993050Z PASS R185 skin signature is cached by list identity and explicit empty lists replace old lists
2026-10-07T14:35:18.9005430Z PASS R185 longtasks are grouped by current section and tab with minute aggregation
2026-10-07T14:35:18.9009700Z PASS R185 idle heartbeat is once per five minutes and retains a 1.5 second timer lag
2026-10-07T14:35:18.9012321Z PASS R185 measured requests cover all main page categories and count real UTF8 and stream bytes
2026-10-07T14:35:18.9028025Z PASS R185 metrics whitelist survives renderer transport and strips identity fields
2026-10-07T14:35:21.0560180Z PASS R188 direct premade tooltip uses champion icons before names without hero text
2026-10-07T14:35:21.0563764Z PASS R188 inferred title is a count with no methodology body, both/lobby stay direct
2026-10-07T14:35:21.0589916Z PASS R188 zero and negative champion IDs retain an empty icon slot even with intent/name
2026-10-07T14:35:21.0635767Z PASS R188 mask names uses the existing maskedPlayerName policy
2026-10-07T14:35:21.0637779Z PASS R188 matchup is after tabs outside insight and visible on runes/build/insight
2026-10-07T14:35:21.0639803Z PASS R188 preselection caps four candidates at three, narrow rule hides the third
2026-10-07T14:35:21.0641539Z PASS R188 notice follows matchup slot without entering panels
2026-10-07T14:35:21.0642864Z PASS R188 pending to success and hidden preserve tab buttons, focused tab, and fixed slot
2026-10-07T14:35:21.0643970Z PASS R188 InProgress and unlocked enemy hide matchup
2026-10-07T14:35:21.0749067Z PASS R188 placement passes both actual diagnostic senders
2026-10-07T14:35:21.0868851Z PASS R86 ADD-1 card detail, metric, legacy damage controls and timeline stay local at 200 matches
2026-10-07T14:35:21.2548789Z PASS 总览战绩卡：点击展开按钮只替换目标卡片并可收起
2026-10-07T14:35:22.9498002Z PASS R189 directory emote name and icon render without a pending hint
2026-10-07T14:35:22.9528497Z PASS R189 fallback emote with dataPending false never implies an unsynced name
2026-10-07T14:35:22.9558196Z PASS R189 blank loot retains its pending hint only during bounded retries
2026-10-07T14:35:22.9577982Z PASS R189 emote ward and icon show known ownership, unknown stays absent
2026-10-07T14:35:22.9607954Z PASS R189 skin ownership and upgrade wording remain unchanged
2026-10-07T14:35:24.9025999Z PASS R190 1–4 roster marks only subject, including Arena and masking
2026-10-07T14:35:24.9058432Z PASS R190 5–9 effect parser handles zero, labels, time, invalid templates and overrides
2026-10-07T14:35:24.9088176Z PASS R190 10–11 slot order, max-per-perk totals and missing stats use descriptions
2026-10-07T14:35:24.9178453Z PASS R190 12 shared board matches pre-R190 snapshot after removing data attribute
2026-10-07T14:35:24.9215444Z PASS R190 13 real delegated pointer/focus links selected icons only without rerender
2026-10-07T14:35:24.9238891Z PASS R190 20–21 augment order, rarity, skeleton, bare and escaped full tooltip
2026-10-07T14:35:24.9268299Z PASS R190 22 description IDs reused, failures settled, no repeated request
2026-10-07T14:35:24.9298071Z PASS R190 old match requests exactly one refresh across views, preserves participant metadata
2026-10-07T14:35:24.9327812Z PASS R190 build controls request augment copy only after build opens
2026-10-07T14:35:26.5066038Z PASS R191 09 only intersecting open build detail changes among twenty retained cards
2026-10-07T14:35:26.5110594Z PASS R191 10 shared IDs update active and cached tabs plus overlay and external views
2026-10-07T14:35:26.5137941Z PASS R191 14 effect icons and value gaps use corrected dimensions, wide tree is centered
2026-10-07T14:35:26.5139643Z PASS R191 15–16 R195 removes effect shards while preserving the shared tree icons
2026-10-07T14:35:27.7403546Z PASS R193 1 hidden identity subtitle contains only position and disappears without position
2026-10-07T14:35:27.7439327Z PASS R193 2 hidden combined card contains one client-unavailable message and no history row
2026-10-07T14:35:27.7455433Z PASS R193 3 hidden card omits empty win-rate and KDA columns without em dashes
2026-10-07T14:35:27.7456651Z PASS R193 4 unresolved identity, private history and ordinary no-sample cards match baseline
2026-10-07T14:35:27.7457931Z PASS R193 5 ordinary unranked player retains rank subtitle
2026-10-07T14:35:29.0138508Z PASS R194 actual backend quickplay response renders our anonymous TOP among five cards
2026-10-07T14:35:29.0188296Z PASS R194 quickplay nine-player snapshots keep five-second retries until recovered
2026-10-07T14:35:29.0191547Z PASS R194 browser roster gate mirrors backend registered 5v5 PvP queue groups
2026-10-07T14:35:30.4308161Z PASS R195 1 effect list removes shards and preserves shared board
2026-10-07T14:35:30.4335987Z PASS R195 2 lethal tempo keeps confirmed var2 damage and suppresses malformed time
2026-10-07T14:35:30.4368140Z PASS R195 3 magical footwear uses the client label and minute/tens/units template
2026-10-07T14:35:30.4397922Z PASS R195 4 invalid footwear digits and minutes do not render
2026-10-07T14:35:30.4408604Z PASS R195 5 keystone with values shows only tree subtitle; missing values retain description
2026-10-07T14:35:30.4410309Z PASS R195 6 header damage includes the confirmed lethal tempo value
2026-10-07T14:35:30.4411506Z PASS R195 7 picked premade heroes render two queued icons before names without hero text
2026-10-07T14:35:30.4412918Z PASS R195 8 no champion or pending pick retains empty icon slot and aligned name
2026-10-07T14:35:30.4413860Z PASS R195 9 premade icon rows preserve name masking
2026-10-07T14:35:34.1488413Z PASS R196 8 ETA formats seconds minutes hours and source selection
2026-10-07T14:35:34.1534891Z PASS R196 9 background button keeps download busy and reopen progress
2026-10-07T14:35:34.1577852Z PASS R196 10 ready completion card only while dialog closed and startup recovery
2026-10-07T14:35:34.1607743Z PASS R196 11 later makes no API and top button opens ready without download
2026-10-07T14:35:35.3098313Z PASS R196 12 completion apply checks live phase before upgrading
2026-10-07T14:35:35.3117937Z PASS R196 13 repeated ready never reannounces same version
2026-10-07T14:35:35.3130943Z PASS R196 14 thin icon and outlined ready retain red dot
2026-10-07T14:35:36.5888592Z PASS R197 8 actual post-game payload replaces hidden card with name/rank and clickable overview reference
2026-10-07T14:35:36.5905455Z PASS R197 9 participant still hidden retains R193 card exactly
2026-10-07T14:35:36.5907232Z PASS R197 post-game SSE bridge refreshes retained live snapshot only outside active phases
2026-10-07T14:35:36.5908809Z PASS R197 reveal event during an active roster request leaves a trailing refresh queued
2026-10-07T14:35:38.0379111Z PASS R198 maintenance camera options default none, save immediately and survive refresh
2026-10-07T14:35:38.0494214Z PASS R198 failed preference save rolls back without changing previous choice
2026-10-07T14:35:39.5788555Z PASS R203 1183 cards survive lastSync changes every eight seconds without global blocking
2026-10-07T14:35:39.5818324Z PASS R203 first empty collection shows only a grid placeholder and no indefinite loading flag
2026-10-07T14:35:39.5833114Z PASS R203 missing self card escapes at 15 seconds across repeated shows and retries
2026-10-07T14:35:39.5847921Z PASS R203 overlay retry is identity-only, single-flight and one-second debounced
2026-10-07T14:35:39.5878175Z PASS R203 sustained dirty statuses yield one automatic scan per sixty seconds, foreground favorites only
2026-10-07T14:35:39.5887900Z PASS R203 native dialogs log show and user close with category, never raw IDs
2026-10-07T14:35:39.5917814Z PASS R203 collection render telemetry preserves visibility and card count
2026-10-07T14:35:39.5948035Z PASS R203 native confirmation preserves cancellation and logs no message text
2026-10-07T14:35:41.8719286Z PASS R204 Key input is masked and save/clear immediately update status without echo
2026-10-07T14:35:41.8738125Z PASS R204 dialog-restored pointer focus hides tooltip while keyboard and hover show it
2026-10-07T14:35:41.8747892Z PASS R204 update icon and close controls use shared sizes
2026-10-07T14:35:41.8779218Z PASS R204 incremental roster rejects old requests/games/phases and shows a ready player before others
2026-10-07T14:35:41.8798653Z PASS R204 missing/invalid Key renders only its title and working settings navigation
2026-10-07T14:35:41.8839240Z PASS R204 same-game background progress waits for the complete response
2026-10-07T14:35:41.8887965Z PASS R204 first-load progress never reuses history from another game, queue or identity
2026-10-07T14:35:42.0198388Z PASS R206 partial arena keeps successful sections and retries only the requested block
2026-10-07T14:35:42.1318445Z PASS R222 external card detail, metric and timeline stay local at 200 matches
2026-10-07T14:35:43.4758482Z PASS R206 first collection scan skeleton, failure after fifteen seconds and collection-only retry
2026-10-07T14:35:43.5078569Z PASS R206 twenty local images start within 100ms while five remote candidates are bounded to two
2026-10-07T14:35:43.5107943Z PASS R206 local timeout is 4s and first error immediately queues a token-free remote candidate
2026-10-07T14:35:43.5137662Z PASS R206 all single-letter tier icons share font size 13
2026-10-07T14:35:44.9628983Z PASS R206 relay settings and unavailable rune service show built-in state and retry
2026-10-07T14:35:46.6709267Z PASS R207 log replay ChampSelect → GameStart → gameflow → named live-client spells keeps real build and augments
2026-10-07T14:35:46.7808853Z PASS R207 drift fallback renders same-game successful cache and starts only one exact none request
2026-10-07T14:35:46.8738670Z PASS R207 cache cleared during unchanged polling recovers from render with single flight and failure backoff
2026-10-07T14:35:47.2428555Z PASS R207 gameId 0 wobble preserves cache; restored known different game resets
2026-10-07T14:35:47.2448411Z PASS R207 Classic spell changes retain original exact request and query; special modes freeze only after select
2026-10-07T14:35:47.2477944Z PASS R207 empty diagnostics have complete fields and same-game same-key maximum five
2026-10-07T14:35:47.2501959Z PASS R207 same champion in a new game cannot inherit prior fallback or spell pair
2026-10-07T14:35:47.2503705Z PASS R207 initially missing gameId adopts its known scope and partial select spell IDs do not replace valid pair
2026-10-07T14:35:48.5647536Z PASS R208 IP stream 429 retains partial matches silently and resumes the same page at 60 seconds
2026-10-07T14:35:48.5758505Z PASS R208 quota exhausted 503 shows the existing unavailable message without a 429 retry timer
2026-10-07T14:35:51.1778507Z PASS R209 removed eight active DOM cards reconcile slots once and admit new screen
2026-10-07T14:35:51.8338656Z PASS R209 collection lifecycle preserves unchanged cards then releases every rebuilt or hidden job
2026-10-07T14:35:52.3520593Z PASS R209 silent observer falls back for visible pending cards exactly after two seconds
2026-10-07T14:35:52.7330052Z PASS R209 duplicate enqueue cannot reserve the same queued task twice
2026-10-07T14:35:53.0918431Z PASS R209 stalled waiting diagnostics carry complete counts and are limited to one per thirty seconds
2026-10-07T14:35:53.3309047Z PASS R209 pending external cards use actual scroll root and hidden or offscreen cards never fall back
2026-10-07T14:35:53.3350107Z PASS R209 runtime transport bounds fields and excludes resource paths
2026-10-07T14:35:55.4671268Z PASS R210 Riot Key is the third row with help, an embedded reveal button and shared field styles
2026-10-07T14:35:55.8668623Z PASS R210 real settings events toggle visibility and save an empty masked field without echo
2026-10-07T14:35:55.8718748Z PASS R210 log replay clears ten ended players immediately in Lobby and rejects old None roster
2026-10-07T14:35:55.8728143Z PASS R210 phase exit fences an in-flight EndOfGame response and subsequent stale end snapshot
2026-10-07T14:35:57.3993170Z PASS R211 flex after mayhem resolves from expected ID, clears all cached views and does not retry
2026-10-07T14:35:57.4008875Z PASS R211 five delays give up and restore ordinary 120-second reload
2026-10-07T14:35:57.4061967Z PASS R211 background pauses; foreground resumes immediately with all-history fallback
2026-10-07T14:35:57.4088121Z PASS R211 load request and identity cache are explicitly wired to the expected game
2026-10-07T14:35:57.4118280Z PASS R211 build selection switches equipment skills rune effects and augments, defaults to self
2026-10-07T14:35:57.4147797Z PASS R211 streak skips remakes/custom, stops unknown and uses arena placement
2026-10-07T14:35:57.4148911Z PASS R230 name copy shows feedback; hidden name cannot bind
2026-10-07T14:35:57.4177860Z PASS R211 mastery entrance, real milestone mapping, sorted grid and popup fields
2026-10-07T14:35:57.4199310Z PASS R211 mastery portal flips inward and failed images become neutral placeholders
2026-10-07T14:35:59.3421531Z PASS R213 same-game skeleton and ready-row snapshots leave ranks, premades, private history and markup intact
2026-10-07T14:35:59.3458317Z PASS R213 first load and awaiting/new-queue transitions continue applying per-player progress
2026-10-07T14:35:59.3464670Z PASS R213 rejects stale request, game and phase before the same-game shortcut
2026-10-07T14:35:59.3508963Z PASS R224 tab and panel membership updates preserve original loaded and queued image objects
2026-10-07T14:35:59.3510645Z PASS R224 banners update independently; broken lane shell and other structure remain diagnosable
2026-10-07T14:35:59.3518356Z PASS R213 progress counters aggregate for 60 seconds and clear their timer on flush
2026-10-07T14:35:59.6068501Z PASS R213 runtime admits bounded progress/rebuild counters and excludes identities
2026-10-07T14:35:59.6090261Z PASS R215 control without full rebuild rank change replaces only one loaded roster row
2026-10-07T14:35:59.6091517Z PASS R215 after full rebuild rank change replaces only one loaded roster row
2026-10-07T14:35:59.6139048Z PASS R215 unchanged rune row survives a later panel change after its loaded image was moved
2026-10-07T14:35:59.6140298Z PASS R215 lane slot stamps fresh row markup before moving loaded image nodes
2026-10-07T14:36:01.2018652Z PASS R214 selected player descriptions load once and redraw only the intersecting build
2026-10-07T14:36:01.2029514Z PASS R214 score tooltip uses safe DOM rows and actual normalized widths without methodology
2026-10-07T14:36:03.2523774Z PASS R216 tags show corrected words, four ordered tags, disabled keyword and unknown suppression
2026-10-07T14:36:03.2562917Z PASS R216 background timelines pause for KR, hidden, champ select, live and inactive tabs
2026-10-07T14:36:03.2565094Z PASS R216 table sorts, expands first champion, increments opponents by ten and preserves overall first
2026-10-07T14:36:03.2589820Z PASS R216 mayhem removes wards, CS and opponent expansion; fourteen keyword colors remain distinct
2026-10-07T14:36:03.2619235Z PASS R216 champion-table arrow uses full season count and supported data source
2026-10-07T14:36:03.2648308Z PASS R216 successful keyword computation suppresses background refetch even when equipment timeline is empty
2026-10-07T14:36:03.2678239Z PASS R217 holdout eight closed keywords never render from participant or stale timeline cache
2026-10-07T14:36:03.2679822Z PASS R217 newly opened keywords use existing site words and palette for participant and cached tags
2026-10-07T14:36:05.0502676Z PASS R219 fresh state without installations renders status, scans once and shows both login entries
2026-10-07T14:36:05.7541458Z PASS R219 failed and empty installation scans both offer rescan with distinct messages
2026-10-07T14:36:05.7561523Z PASS R235 no-process hides only after five continuous seconds
2026-10-07T14:36:05.7588289Z PASS R219 checking and detected-process overlays have truthful copy and late client starts can reopen
2026-10-07T14:36:05.7589724Z PASS R219 timeout and suppressed hides retain their fixed reasons and bounded fallback
2026-10-07T14:36:05.9045897Z PASS R219 launchpad render exceptions are reported without blocking installation requests or blaming status transport
2026-10-07T14:36:05.9868251Z PASS R219 runtime permits only fixed render metadata and overlay hide reasons
2026-10-07T14:36:05.9898024Z PASS R235 a 30-second startup remains covered and only the 120-second hard timer hides it
2026-10-07T14:36:06.0398607Z PASS R86 filtering 200 loaded matches hides entries without rebuilding or refetching
2026-10-07T14:36:07.6138633Z PASS R220 every Riot tab is client independent, grouped with Korea, and labelled by its actual platform
2026-10-07T14:36:07.6188527Z PASS R220 JP status moves the current tab and identityReady reissues its overview once
2026-10-07T14:36:07.6218380Z PASS R220 top search defaults to the connected platform, keeps manual choice, and clears Tencent server IDs
2026-10-07T14:36:07.6235891Z PASS R220 perk detail requests and cache scopes use the actual tab platform
2026-10-07T14:36:07.6247943Z PASS R220 player links from JP match details preserve JP and its group
2026-10-07T14:36:07.6269912Z PASS R220 practice NONE position displays the OPGG primary lane without fallback explanation
2026-10-07T14:36:07.6271431Z PASS R220 external capability diagnostics hide Tencent SGP and ARAMKit entry quietly
2026-10-07T14:36:07.6273385Z PASS R220 local Riot overview permits the retry budget and still accepts ordinary JSON replies
2026-10-07T14:36:07.6274978Z PASS R220 clicking a live JP player opens a JP overview and keeps rune application unchanged
2026-10-07T14:36:09.5998823Z PASS R223 two mutually exclusive menu sections contain eight foreign platforms and follow-client
2026-10-07T14:36:09.6032333Z PASS R223 default KR, foreign follow including Brazil, and persistent manual selection
2026-10-07T14:36:09.6064923Z PASS R223 unknown current tab stays ungrouped and resolves to JP once
2026-10-07T14:36:09.6098643Z PASS R223 cancelled launch leaves cards visible, suppresses overlay and produces no toast or refresh
2026-10-07T14:36:09.6148054Z PASS R223 foreign tabs display region badges and metadata keeps the name-side region chip
2026-10-07T14:36:09.6178155Z PASS R223 unknown region cannot call ARAMKit and hidden, unfocused or inactive tabs cannot poll current game
2026-10-07T14:36:09.6208007Z PASS R223 empty career UI contains titles without methodology while actual failures remain
2026-10-07T14:36:11.7558569Z PASS R224 18-player Arena dedup and squad-first across every sort with stable refresh
2026-10-07T14:36:11.7588017Z PASS R224 notice, tabs, loading attributes and panel count update without remounting images/rows
2026-10-07T14:36:11.7618180Z PASS R224 roster insert/delete/reorder keeps existing row and image identity, duplicate keys only first
2026-10-07T14:36:11.7648307Z PASS R224 all identity containers use one gap including compact widths and remove badge margins
2026-10-07T14:36:11.7678073Z PASS R224 runtime forwards safe counts, true source and structural shell label only
2026-10-07T14:36:13.5103160Z PASS R229 search button shows only the selected region/server name
2026-10-07T14:36:13.5149406Z PASS R229 disconnect cancels self work, hides self and preserves searched foreign tabs and empty group switching
2026-10-07T14:36:13.5208647Z PASS R229 stale current-game response cannot write after disconnect and reconnect to same reference
2026-10-07T14:36:13.5228235Z PASS R229 empty groups expose only their own launchers, searched and connected pages hide them
2026-10-07T14:36:13.5234262Z PASS R229 client exiting is suppressed for 15s; cold startup and new launch still show
2026-10-07T14:36:13.5235720Z PASS R229 reconnecting the same JP account reloads self and stores its client group
2026-10-07T14:36:13.5238053Z PASS R235 resolving the self platform follows it unless a manual group switch happened within ten seconds
2026-10-07T14:36:15.2124781Z PASS R230 three queues, games ties use win rate/KDA, whole row and keyboard toggle, top three distinct metrics
2026-10-07T14:36:15.2134963Z PASS R230 copy uses browser, Electron and execCommand fallback and always emits private diagnostics + 3s feedback
2026-10-07T14:36:15.2145165Z PASS R230 completion event immediately refreshes even below 100 games and inside throttle window
2026-10-07T14:36:15.2155015Z PASS R230 null atlas is skeleton; loaded directory filtered to zero is empty; render triggers one automatic request
2026-10-07T14:36:15.2163700Z PASS R230 card ready records each data card once with elapsed time and source
2026-10-07T14:36:15.2172846Z PASS R230 initial queue uses season rank totals before recent samples; requests never use ranked
2026-10-07T14:36:16.4988837Z PASS R235 arena 3x6 streak and shared boundaries; fixed-four mutation is killed
2026-10-07T14:36:16.4997990Z PASS R235 data labels preserve missing fields, globals, team maxima and single kills
2026-10-07T14:36:16.5001076Z PASS R235 table clicked row stays anchored after earlier expansion collapses
2026-10-07T14:36:16.5004283Z PASS R235 filter restore uses the identical DOM, expanded state, scroll and four-view LRU
2026-10-07T14:36:16.5009265Z PASS R235 retry transitions from error to loading to ready without throttling
2026-10-07T14:36:16.5013975Z PASS R235 history head keeps pagination tail and rejects older generations
2026-10-07T14:36:16.5318351Z PASS R235 restoring a 31-second filter schedules one head page and prepends only new cards
2026-10-07T14:36:16.5322920Z PASS R235 late Arena loss updates the banner in place and removes the cached win streak
2026-10-07T14:36:17.7864240Z PASS R241 map matrix filters before excluded observations are read
2026-10-07T14:36:17.9204333Z PASS R241 hidden tags only, pinned score and one body popup with focus/escape/scroll/touch cleanup
2026-10-07T14:36:17.9239568Z PASS R241 skips offscreen and unchanged-width cards
2026-10-07T14:36:17.9251498Z PASS R241 does not render an empty tags container
2026-10-07T14:36:17.9264334Z PASS R241 numeric placement tags are absent; MVP/SVP remain pinned
2026-10-07T14:36:18.9648565Z PASS R244 live header counts and KDA come from displayed rows even if stale stats disagree
2026-10-07T14:36:18.9649934Z PASS R244 first self card hides immediately and 15-second no-card fallback remains retryable
2026-10-07T14:36:18.9651020Z PASS R244 connection-state starts status request within 100ms
2026-10-07T14:36:18.9659329Z PASS R244 matches card emits readiness from the rendered list and only once for self
2026-10-07T14:36:18.9663458Z PASS R244 timeout produces the existing retry error flow for self
2026-10-07T14:36:19.2161062Z PASS R87 hidden SSE phase is loaded when visibility resumes with overview resync pending
2026-10-07T14:36:19.2255750Z PASS R87 phase poll independently loads once and repeated unchanged phase causes no roster polling
2026-10-07T14:36:19.2309613Z PASS R87 participants become dirty, inactive players stay off network, retry is bounded and delayed
2026-10-07T14:36:19.2458089Z PASS R87 suite fetch and stalled response bodies time out at 15 seconds
2026-10-07T14:36:19.2466661Z PASS R87 claim timeout advances progress, continues remaining claims and clears watchdog
2026-10-07T14:36:19.2475594Z PASS R87 pending loot is distinguished from pool matching, and all end phases share settlement display
2026-10-07T14:36:19.3858849Z PASS R88 thirteen ChampSelect events per second cause at most two actual diagnostic POSTs
2026-10-07T14:36:19.4172386Z PASS R88 slow sampled diagnostics hold one slot and never retry
2026-10-07T14:36:19.4629198Z PASS R88 local request timing is sampled globally and strips paths and identifiers
2026-10-07T14:36:19.5518451Z PASS R100 status timeouts remain recoverable and success resets failures
2026-10-07T14:36:19.5548145Z PASS R88 replaced status requests and explicit abort do not count toward fatal threshold
2026-10-07T14:36:19.5557905Z PASS R88 helper failure label does not blame the League client
2026-10-07T14:36:19.5588140Z PASS R88 arena names omit tags but preserve full tooltips, normal tags and masking
2026-10-07T14:36:19.5607753Z PASS R150 OP and S use distinct shared hexagon badges
2026-10-07T14:36:19.5637941Z PASS R88 protected active match-main and match-stats rules remain byte-identical
2026-10-07T14:36:19.7068740Z PASS R89 parallel supplements start before first overview resolves and survive ref adoption without duplicates
2026-10-07T14:36:19.7248415Z PASS R89 catalog failure retries once after backoff and missing IDs report once within a bound
2026-10-07T14:36:19.7277913Z PASS R89 catalog arrival invalidates retained match DOM in all open tabs
2026-10-07T14:36:19.7308214Z PASS R89 completion failure preserves first five and exposes a retry that completes the recent match list
2026-10-07T14:36:19.7338126Z PASS R89 closing an overlay marks it closed and aborts its overview request
2026-10-07T14:36:19.8348303Z PASS R90 complete snapshots never schedule another in-game timer
2026-10-07T14:36:19.8378150Z PASS R90 completeness requires availability, roster, settled history and arena verdict
2026-10-07T14:36:19.8407877Z PASS R90 incomplete snapshots stop after eight retries with a visible refresh exit
2026-10-07T14:36:19.8438051Z PASS R90 inactive tabs and repeated in-game SSE do not reload the roster; phase transitions do
2026-10-07T14:36:19.8468179Z PASS R90 stopped UI has an operable manual refresh and foreground wake checks phase
2026-10-07T14:36:19.8485507Z PASS R90 actual loader bypasses cache for manual refresh; R91 supersedes the former manual queue
2026-10-07T14:36:19.8524061Z PASS R178 pending positions retry at ten seconds at most six times, including reconnect
2026-10-07T14:36:19.8548085Z PASS R178 ready positions restore silence, game/phase/generation changes cancel old jobs
2026-10-07T14:36:21.1230448Z PASS R91 addendum first partial 429 stays silent and retries after Retry-After
2026-10-07T14:36:21.1273895Z PASS R91 addendum first partial 500 remains visible
2026-10-07T14:36:21.1274969Z PASS R91 addendum first partial 503 remains visible
2026-10-07T14:36:21.3129245Z PASS R91 addendum append 429 stays silent and retries after Retry-After
2026-10-07T14:36:21.3157628Z PASS R91 addendum append 500 remains visible
2026-10-07T14:36:21.3182867Z PASS R91 addendum append 503 remains visible
2026-10-07T14:36:21.3198079Z PASS R91 addendum header-only 429 and JSON fallback parse while 503 stays HTTP
2026-10-07T14:36:21.3518435Z PASS R91 addendum stream displays five before completion with exactly one count-10 cold request
2026-10-07T14:36:21.4348522Z PASS R91 addendum streaming append preserves cursor until completion without stalling
2026-10-07T14:36:21.4367843Z PASS R91 addendum stream quota after partial data is silent; a truncated stream is visible
2026-10-07T14:36:21.5382874Z PASS R91 addendum closed, replaced, reset and changed-filter retries cannot issue stale reads
2026-10-07T14:36:21.5412931Z PASS R91 addendum existing history remains readable during polling; new history still skeletons; arena hides rank
2026-10-07T14:36:21.5438019Z PASS R91 addendum facade defaults and missing rank fields agree with controls
2026-10-07T14:36:21.5439057Z PASS R91 addendum unchanged polling preserves roster DOM nodes
2026-10-07T14:36:21.5440166Z PASS R91 addendum Loading and early incomplete arena poll every five seconds then converge
2026-10-07T14:36:22.8250098Z PASS R91 new game removes old recommendations and summary before the deferred response
2026-10-07T14:36:22.8255108Z PASS R91 same game refresh and active phase progression preserve the current content
2026-10-07T14:36:22.8611854Z PASS R91 repeated manual refresh immediately aborts and replaces only the live request with visible feedback
2026-10-07T14:36:22.9058210Z PASS R91 boundary cancels the old request and its late settlement cannot own the new state
2026-10-07T14:36:22.9908685Z PASS R91 failed, timed out and cancelled new-game requests have an explicit working retry
2026-10-07T14:36:23.0721722Z PASS R91 empty new-game snapshots stay explicit and bounded instead of showing an empty recommendation panel
2026-10-07T14:36:23.0748628Z PASS R91 soft reset invalidates the aborted loader before a replacement starts
2026-10-07T14:36:23.0758335Z PASS R91 direct loader detects a boundary already observed by the beacon
2026-10-07T14:36:23.1035714Z PASS R91 hidden phase transitions invalidate immediately and preload before foregrounding
2026-10-07T14:36:23.1300474Z PASS R91 event-stream disconnection cancels stale work and offers recovery
2026-10-07T14:36:23.2208404Z PASS R91 lagging inactive responses cannot erase a new-game signal; leaving the game settles the transition
2026-10-07T14:36:23.2520588Z PASS R91 an empty available roster stays pending; unsupported mode and known gameId changes settle safely
2026-10-07T14:36:23.2539916Z PASS R91 cancellation without a replacement cannot leave the first load blank
2026-10-07T14:36:24.4654424Z PASS R94 same-phase live responses with changed gameId invoke the transition before replacement
2026-10-07T14:36:24.4662404Z PASS R94 unchanged phase and gameId preserve content and recommendation generation
2026-10-07T14:36:24.5088928Z PASS R94 identity polling catches a game jump even when all intermediate phases were missed
2026-10-07T14:36:24.6250365Z PASS R94 SSE game identity aborts a pending old game; stale replacement data cannot undo it
2026-10-07T14:36:24.6266203Z PASS R94 unknown IDs do not clear a known game and diagnostics distinguish first observations
2026-10-07T14:36:24.6298045Z PASS R94 same-game phase advance labels the retained snapshot and rejects a late selection response
2026-10-07T14:36:24.7028951Z PASS R94 a delayed poll cannot reverse a newer SSE identity or phase
2026-10-07T14:36:24.7033672Z PASS R94 a changed identity in a new selection snapshot is not mistaken for a late same-game response
2026-10-07T14:36:24.7035651Z PASS R94 SSE decoder retains legacy phase events and game identity payloads
2026-10-07T14:36:24.7147672Z PASS R94 diagnostics preserve every repeated phase and identity comparison in bounded batches
2026-10-07T14:36:24.7191100Z PASS R94 diagnostics use one request during a stall and expose queue overflow while retaining transitions
2026-10-07T14:36:24.7544109Z PASS R94 largest diagnostic batch fits backend limit and strips unrelated data; export sends queued observations
2026-10-07T14:36:24.7570479Z PASS R94 hidden same-phase SSE identity jump resumes one forced refresh when visible
2026-10-07T14:36:24.7598161Z PASS R94 failed diagnostic batches release their slot without retries and recover on the next batch
2026-10-07T14:36:26.2028245Z PASS R95 P1 progress preserves career, append=true, noise=null
2026-10-07T14:36:26.2418546Z PASS R95 P1 progress preserves career, append=true, noise=[]
2026-10-07T14:36:26.2738975Z PASS R95 P1 progress preserves career, append=true, noise=undefined
2026-10-07T14:36:26.3070234Z PASS R95 P1 progress preserves career, append=false, noise=null
2026-10-07T14:36:26.3737893Z PASS R95 P1 progress preserves career, append=false, noise=[]
2026-10-07T14:36:26.4008150Z PASS R95 P1 progress preserves career, append=false, noise=undefined
2026-10-07T14:36:26.5018485Z PASS R95 P1 first five and complete explicit empty arrays are authoritative
2026-10-07T14:36:26.5408357Z PASS R95 P2 slow interval/false loading eligibility
2026-10-07T14:36:26.5688212Z PASS R95 P2 slow sse/false loading eligibility
2026-10-07T14:36:26.6218157Z PASS R95 P2 slow event/false loading eligibility
2026-10-07T14:36:26.6608103Z PASS R95 P2 slow manual/true loading eligibility
2026-10-07T14:36:26.6918156Z PASS R95 P2 slow direct/true loading eligibility
2026-10-07T14:36:26.7158264Z PASS R95 P2 slow manual/false loading eligibility
2026-10-07T14:36:26.9600414Z PASS R95 P2 fast 10ms manual response never shows status, including zero-delay timers
2026-10-07T14:36:26.9657495Z PASS R95 P3 / R101 both sides keep lock wait visible with strategy-dependent editing
2026-10-07T14:36:26.9678098Z PASS R95 P4 badge respects mask, secondary and professional click context
2026-10-07T14:36:26.9793703Z PASS R95 P5 exact Chinese titles, unknown fallback, relative time and champselect fired count
2026-10-07T14:36:26.9907768Z PASS R95 P3 typed lock wait targets its own side
2026-10-07T14:36:26.9967965Z PASS R95 P4 match player clicks enter professional context even without directory source
2026-10-07T14:36:27.1970735Z PASS 青年瑞兹与海克斯科技安妮在奖池中归入限定
2026-10-07T14:36:27.1973985Z PASS 奖池限定排在传说之前，其余按奖池品质顺序比较
2026-10-07T14:36:27.1982923Z PASS 自动主题严格按本地时间在 06:00 和 18:00 切换
2026-10-07T14:36:27.1997480Z PASS 品质与数量排序默认从高到低
2026-10-07T14:36:27.2006503Z PASS 普通炫彩始终平铺且不再提示悬停展开
2026-10-07T14:36:27.2015502Z PASS 炫彩横栏保留页面纵向滚动，仅在 Shift 滚轮时横移
2026-10-07T14:36:27.2024586Z PASS 炫彩横栏包含臻彩并只显示去掉所属皮肤后的短名称
2026-10-07T14:36:27.2033340Z PASS 臻彩详情可在普通炫彩图与独立原画之间切换
2026-10-07T14:36:27.2042144Z PASS 卡片等待图片时显示加载中，失败后才显示暂无预览
2026-10-07T14:36:27.2050759Z PASS 详情与炫彩导航共用全局图标尺寸令牌
2026-10-07T14:36:27.2060419Z PASS 奖池不再使用三合一优先层级并在切换拥有状态时重置品质
2026-10-07T14:36:27.2069267Z PASS 主滚动区域从顶部栏下方开始且不显示滚动条箭头
2026-10-07T14:36:27.2078277Z PASS 收藏临时筛选会恢复默认值，奖池详情按实际展示顺序导航
2026-10-07T14:36:27.2087210Z PASS 皮肤详情只在英雄分组时按英雄切换，其余视图按当前展示顺序
2026-10-07T14:36:27.2099381Z PASS 最小窗口使用应用内排序菜单并在工具栏内换行
2026-10-07T14:36:27.2106084Z PASS 炫彩显隐不再扫描整棵 DOM 或触发布局测量
2026-10-07T14:36:27.2114782Z PASS 大量炫彩的显隐统计保持线性且远低于一帧交互预算
2026-10-07T14:36:27.2123651Z PASS 卡片资源采用可视区延迟加载且远程臻彩受独立并发限制
2026-10-07T14:36:27.2868540Z PASS diagnostic timeouts stop after one retry and remain visible to export
2026-10-07T14:36:27.2901225Z PASS export flush records latest delivery counters even when no later game event arrives
2026-10-07T14:36:27.2926029Z PASS diagnostic delivery observes HTTP failure, retries once and reports recovery counters
2026-10-07T14:36:27.2968679Z PASS failed transport does not poison duplicate suppression and strips new arbitrary text
2026-10-07T14:36:27.4262266Z PASS diagnostic in-flight limit is bounded and exposes dropped events
2026-10-07T14:36:27.4267802Z PASS flow diagnostics whitelist fields, deduplicate repeats and tolerate offline transport
2026-10-07T14:36:27.4288517Z PASS R70 response cache is access-ordered and bounded over 100000 inserts
2026-10-07T14:36:27.4291481Z PASS current game diagnostics retain KR fields but drop retired CN source and failure fields
2026-10-07T14:36:27.4292925Z PASS R70 cache reads never extend freshness; idle expiry is pruned on access
2026-10-07T14:36:27.4294265Z PASS R70 cache timer disposal runs once on eviction, not on same-object update
2026-10-07T14:36:27.4295563Z PASS shared escapeHTML is document-free and escapes all HTML delimiters
2026-10-07T14:36:27.4296827Z PASS business modules do not retain local escapeHTML implementations
2026-10-07T14:36:27.5101366Z PASS R168 gameflow invalidates champ select while away and returning fetches current runtime
2026-10-07T14:36:28.6121473Z PASS R168 active champ select refreshes once for one gameflow change
2026-10-07T14:36:28.6122973Z PASS career manual reread resets stale preview even when server payload is unchanged
2026-10-07T14:36:28.6141825Z PASS global reread joins the active career refresh and does not refresh hidden tools
2026-10-07T14:36:28.6145274Z PASS career SSE updates a clean background while preserving edited chat fields
2026-10-07T14:36:28.6146487Z PASS career filtering never silently selects another background
2026-10-07T14:36:28.6148037Z PASS career apply invalidates an older GET and reports unconfirmed writes honestly
2026-10-07T14:36:28.6191362Z PASS career missing catalog never substitutes another champion and new undated MF skin stays first
2026-10-07T14:36:29.1158738Z PASS 1405 rail drag swaps exactly two champions and persists the active pool
2026-10-07T14:36:29.1228403Z PASS 1405 invalid, canceled and stale rail drags never change or save settings
2026-10-07T14:36:29.2118620Z PASS 1405 time unit is inside the field and immutable while seconds remain editable
2026-10-07T14:36:29.2119849Z PASS manual takeover stays visible beneath the relinquished champion
2026-10-07T14:36:29.3168733Z PASS pick show-then-lock edits a separate default ten-second lock wait
2026-10-07T14:36:29.3188372Z PASS 1505 timeline resolves champion names without changing delays, attempts or diagnostic IDs
2026-10-07T14:36:29.3240999Z PASS R200 card timeline uses the existing champion token formatter
2026-10-07T14:36:29.3280474Z PASS 1505 timeline escapes catalog names and preserves reverse chronological order
2026-10-07T14:36:29.3333170Z PASS 1129 ranked ban has five shared slots while picks keep lane-specific pools
2026-10-07T14:36:29.3392665Z PASS 1129 ban dialog saves and clears only shared pool without dropping migration backup
2026-10-07T14:36:29.3424019Z PASS 0911 preselection follows auto-pick without an extra toggle and distinguishes planning
2026-10-07T14:36:29.3448621Z PASS 2351 custom pause retains enabled highlighting and never reports master off
2026-10-07T14:36:29.3478057Z PASS 2351 teammate picks and empty client ban list have distinct explanations
2026-10-07T14:36:29.5108470Z PASS 1412 settings saves serialize and stale GET never undoes a ban toggle
2026-10-07T14:36:29.5167840Z PASS 1412 enabled master keeps cards bright without hover
2026-10-07T14:36:29.5194857Z PASS 2143 capabilities only show supported highlighted tags and avoidance is unified
2026-10-07T14:36:29.5198161Z PASS R74 missing skin catalog preserves the actual background ID, not an unset claim
2026-10-07T14:36:29.5199369Z PASS R74 missing career catalog renders a retry state across the grid
2026-10-07T14:36:29.5200634Z PASS R74 successful career mutations render their response, including a missing catalog
2026-10-07T14:36:29.5201957Z PASS fixed play-again delay shows only the wait time without a progress meter
2026-10-07T14:36:29.5203194Z PASS R68 matchmaking conflict note appears only when both rules are enabled
2026-10-07T14:36:29.5204336Z PASS claim scan artifacts and failures stay out of the default reward list
2026-10-07T14:36:29.5205607Z PASS independent grants stay independent even when their item type and display group match
2026-10-07T14:36:29.5206703Z PASS R68 canceled watch event clears the armed countdown state
2026-10-07T14:36:29.5207852Z PASS R68 suite mutation probes execute the real helper logic
2026-10-07T14:36:29.5208863Z PASS R69 facade load diagnostics distinguish poll, SSE, and manual retries
2026-10-07T14:36:29.5210042Z PASS career skins retain dates and quest tiers without sinking new undated skins
2026-10-07T14:36:29.5250349Z PASS Ashe verified 2026 release precedes Spirit Blossom and base skin
2026-10-07T14:36:29.5251399Z PASS suite champselect tab after maintenance activates the real panel
2026-10-07T14:36:29.5252500Z PASS R78 conveyor renders one fixed ghost slot when four of five are configured
2026-10-07T14:36:29.5253670Z PASS R78 watch persistence includes champSelect without dropping existing settings
2026-10-07T14:36:29.5254689Z PASS R78 UI keeps CSP-safe markup and container responsiveness
2026-10-07T14:36:29.5255689Z PASS R78 exchange checkbox is independent from bench controls in every mode
2026-10-07T14:36:29.5256805Z PASS R78 exchange control regression probe rejects the old bench capability gate
2026-10-07T14:36:29.5258245Z PASS R78 ranked pick renders an editable sixth unassigned-position pool
2026-10-07T14:36:29.5259321Z PASS R117 facade write reentry is reported instead of silently dropped
2026-10-07T14:36:29.7178417Z PASS R232 generated digest detects replaced backend without adjacent checksum trust
2026-10-07T14:36:31.0318685Z PASS confirmed child close traverses main IPC + preload + renderer, offers a real app restart
2026-10-07T14:36:31.0738500Z PASS process exit before renderer subscription is recovered from retained snapshot
2026-10-07T14:36:31.1168560Z PASS late successful status and old running snapshot cannot erase a confirmed exit
2026-10-07T14:36:31.2312187Z PASS unknown, absent or rejected bridge and repeated HTTP errors never prove death
2026-10-07T14:36:31.2688389Z PASS lifecycle bridge cleans listeners and ignores async results after disposal
2026-10-07T14:36:31.2708528Z PASS graceful update/user shutdown does not publish fatal; foreign renderers cannot query or restart
2026-10-07T14:36:31.2719712Z PASS renderer bootstrap actually installs lifecycle subscription
2026-10-07T14:36:31.2751651Z PASS restart IPC failure tells the user to reopen manually instead of reloading a dead service
2026-10-07T14:36:31.2767805Z PASS R201 installer ready hides every window before flushed shutdown quits
2026-10-07T14:36:33.0404313Z PASS built backend must contain the exact source fingerprint
2026-10-07T14:36:33.0432731Z PASS R70 fingerprint tracks embedded assets/build inputs but excludes tests and generated binaries
2026-10-07T14:36:33.0459741Z PASS R86 ADD2 fingerprint fixture prunes large caches without changing the fingerprint
2026-10-07T14:36:33.6880499Z PASS R86 desktop logs stay within five two-MiB generations and export only reviewed fields
2026-10-07T14:36:33.6908924Z PASS R86 desktop rotation rejects untrusted archive paths without deleting evidence
2026-10-07T14:36:33.6931043Z PASS R86 desktop log byte guard rejects an independent unbounded append path
2026-10-07T14:36:35.2561456Z PASS one event card preserves separate choice owners, partial selection, failures and POST keys
2026-10-07T14:36:36.4063755Z PASS offline national group remains reachable from a pro tab
2026-10-07T14:36:36.4078590Z PASS ordinary and centered artwork use different face coordinates, including load failure
2026-10-07T14:36:36.4109113Z PASS unknown reward quantities are not manufactured as one
2026-10-07T14:36:37.8911665Z PASS 2024 real mode buttons isolate champion and search memories across all modes and reload
2026-10-07T14:36:37.8941050Z PASS 2024 legacy memory migrates only to its saved mode, once
2026-10-07T14:36:37.8955037Z PASS 2024 fast ranked filters supersede requests without stuck loading or cross-mode writes
2026-10-07T14:36:37.8956556Z PASS 2024 neutral glyph coloring preserves alpha and never recolors colored/opaque/unknown art
2026-10-07T14:36:37.8958449Z PASS 2024 rarity UI says selection distribution, retains all stages, hides failed empty data
2026-10-07T14:36:37.8959959Z PASS R86 search keeps the input and exposes all-position request failures
2026-10-07T14:36:39.9321389Z PASS 2135 actual search buttons clear submitted fields, keep invalid input, and retain new typing
2026-10-07T14:36:39.9325714Z PASS 2135 glyph tone map preserves dark rim, raises highlights, and retains original colored artwork
2026-10-07T14:36:41.1375562Z PASS 2244 skill summary uses real main/sub priorities after R, without repeated labels
2026-10-07T14:36:41.1384261Z PASS 2244 banner exact animation, no video for unknown skin or reduced motion
2026-10-07T14:36:41.1413585Z PASS event cards group presentation but retain all entitlement rows; unknown events stay separate
2026-10-07T14:36:41.1459193Z PASS 2244 installer uses the actual STM_SETIMAGE constant and distribution is automatic
2026-10-07T14:36:41.2548864Z PASS R86 image listeners and tab scroll remain bounded including independent image-listener bypass
2026-10-07T14:36:41.2616706Z PASS R87 diagnostics support an optional independent export directory with bounded collision-free names
2026-10-07T14:36:41.2631176Z PASS R71 diagnostics do not redirect foreign downloads, redirects, or missing directory selections
2026-10-07T14:36:41.2642511Z PASS R71 interrupted downloads release reservations and the hook is packaged and disposed
2026-10-07T14:36:41.2653085Z PASS only completed diagnostics downloads enable opening the exported file folder
2026-10-07T14:36:41.2663901Z PASS R87 P8 first export and unusable directories still report the actual Save dialog path
2026-10-07T14:36:41.2674556Z PASS R87 P8 cancellation, invalid save paths and disposed windows never emit completion
2026-10-07T14:36:41.2685029Z PASS R112 correlated exports preserve IDs and still reject foreign/redirected query URLs
2026-10-07T14:36:41.3569638Z PASS R86 ADD-1 late timeline cannot reveal a filtered-out card
2026-10-07T14:36:42.7446456Z PASS R248 disabled first frame never waits for authorization and hides expiry
2026-10-07T14:36:42.7454629Z PASS R248 default native gate allows IPC without status requests
2026-10-07T14:36:42.7462722Z PASS R248 default release rejects both authorization origins
2026-10-07T14:36:42.8928308Z PASS R205 upgrade command preserves NSIS shortcut retention and uses the same registry identity
2026-10-07T14:36:42.8932584Z PASS N-1 every visible custom text control receives font
2026-10-07T14:36:42.8937700Z PASS N-2 MUI branding stays hidden
2026-10-07T14:36:42.8947277Z PASS N-3 instfiles hook scoped to preceding custom page
2026-10-07T14:36:42.8957786Z PASS N-4 stock headers never reappear
2026-10-07T14:36:42.8969517Z PASS N-5 gold progress uses BGR
2026-10-07T14:36:42.8970801Z PASS N-6 buttons stay stock and sit on a light footer instead of unreadable dark
2026-10-07T14:36:42.8972747Z PASS N-7 progress track colour has visible contrast against the page background
2026-10-07T14:36:42.8974360Z PASS N-8 Core fallback keeps stock system styling
2026-10-07T14:36:42.8978957Z PASS N-9 finish page hides the wizard before the blocking launch call
2026-10-07T14:36:42.8988623Z PASS R74 installer opts out of bitmap DPI virtualization and has a visible progress track
2026-10-07T14:36:42.8998150Z PASS R80 customInstall swaps the executable without changing registry or removal logic
2026-10-07T14:36:42.9003716Z PASS R74 Browse appends Deep Legends once without creating directories prematurely
2026-10-07T14:36:42.9014823Z PASS N-1..5 mutation guards reject each broken contract
2026-10-07T14:36:42.9023351Z PASS 2135 white setup and larger native text/icons without bitmap scaling
2026-10-07T14:36:42.9031917Z PASS R212 generated app-running paths skip PowerShell only after confirmed upgrade exit
2026-10-07T14:36:42.9044573Z PASS R212 real onInit template records its first instruction and repeated probes declare one variable
2026-10-07T14:36:42.9069632Z PASS R212 mutation rejects unconditional PowerShell and updated uninstaller checks
2026-10-07T14:36:44.7395416Z PASS installer build embeds the actual NSIS artifact and publishes only a verified GUI shell
2026-10-07T14:36:44.7427965Z PASS installer build cleans payload and rejects compiler
2026-10-07T14:36:44.7454215Z PASS installer build cleans payload and rejects missing-payload
2026-10-07T14:36:44.7456218Z PASS installer build cleans payload and rejects wrong-format
2026-10-07T14:36:44.7487930Z PASS public installer shell uses the public NSIS artifact
2026-10-07T14:36:44.7528093Z PASS both release entry points wrap NSIS before hashes and before deleting win-unpacked
2026-10-07T14:36:44.7557954Z PASS small uninstaller builds independently before NSIS without embedding payload
2026-10-07T14:36:44.7577976Z PASS uninstaller build removes partial artifact after compiler
2026-10-07T14:36:44.7607968Z PASS uninstaller build removes partial artifact after payload
2026-10-07T14:36:44.7637998Z PASS uninstaller build removes partial artifact after invalid PE
2026-10-07T14:36:44.7660165Z PASS uninstaller design supports retain/delete data, every bridge request and all progress states
2026-10-07T14:36:44.9445905Z PASS R59 生涯头衔读取对象名称且绝不显示原始 UUID
2026-10-07T14:36:44.9468111Z PASS R59 生涯预览完整渲染时不泄漏 playerTitleSelected UUID
2026-10-07T14:36:44.9473489Z PASS R60 生涯事件刷新头衔、保护脏草稿且不在其它页签后台请求
2026-10-07T14:36:44.9474399Z PASS R65 生涯事件 20 连发只请求一次、仅时间戳变化不重建且按压期间不丢点击
2026-10-07T14:36:44.9475322Z PASS R64 生涯皮肤与身份控件局部更新，皮肤图片延迟解码
2026-10-07T14:36:44.9476098Z PASS R64 生涯头衔和勋章仅在真实值上使用强调色
2026-10-07T14:36:44.9476838Z PASS R60 生涯勋章缺失槽位稳定回退为未设置
2026-10-07T14:36:44.9477926Z PASS R58 生涯英雄长下拉支持别名搜索，短下拉不显示搜索框
2026-10-07T14:36:44.9478730Z PASS R58 生涯空皮肤刷新保留草稿并在数据补齐后恢复
2026-10-07T14:36:45.0138894Z PASS installer design executes all bridge interactions, terms, progress and failure without changing layout
2026-10-07T14:36:46.5349018Z PASS installer reports ready only after real template initialization with inline state
2026-10-07T14:36:46.5380873Z PASS installer reports script failure instead of readiness after broken application bootstrap
2026-10-07T14:36:46.5382243Z PASS uninstaller reports ready only after real template initialization with inline state
2026-10-07T14:36:46.5383280Z PASS uninstaller reports script failure instead of readiness after broken application bootstrap
2026-10-07T14:36:46.6626342Z PASS 定制便携版模板存在且保留缓存秒开的关键行为
2026-10-07T14:36:46.6633150Z PASS 打包配置与模板配套：asarUnpack 后端、不再使用解压期启动图
2026-10-07T14:36:46.6668575Z PASS 所有桌面运行时本地模块都进入 app.asar 和源码指纹
2026-10-07T14:36:46.6669700Z PASS Shell 只构建 setup 并复用 Electron 下载缓存
2026-10-07T14:36:46.6670850Z PASS 历史 portable 模板工具替换指纹占位符并拒绝过期模板
2026-10-07T14:36:46.6679533Z PASS 模板前置校验拒绝未替换占位符，后端内容变化会改变指纹
2026-10-07T14:36:46.6682229Z PASS 模板指纹仅读取指定工作目录的四个输入
2026-10-07T14:36:46.6686372Z PASS 交错执行破坏性模板测试不会污染另一个构建的后端和模板
2026-10-07T14:36:46.6690665Z PASS 默认只有 setup 目标，安装选项和外观资源保持完整
2026-10-07T14:36:46.6718868Z PASS R71 executable resource editing stays enabled and branded setup has exactly two choices
2026-10-07T14:36:46.6738315Z PASS NSIS page functions wait until standard builder plugins are available
2026-10-07T14:36:46.7264497Z PASS parses Chromium proxy resolution without accepting credentials
2026-10-07T14:36:46.7304259Z PASS system proxy resolution times out or falls back to direct safely
2026-10-07T14:36:46.8108633Z PASS R100 P7 first native save persists independently; second and restart save without prompt; no overwrite
2026-10-07T14:36:46.8121501Z PASS R100 P7 deleted/replaced directory re-prompts at actual write; cancel cleans staging
2026-10-07T14:36:46.8123248Z PASS R100 P7 rejects foreign renderer and symbolic link files; packaged controller
2026-10-07T14:36:46.8184609Z PASS R100 P7 failed SavePath access and window disposal remove private staged downloads
2026-10-07T14:36:46.8926261Z PASS R110 either export chooses the same remembered folder and updates settings immediately
2026-10-07T14:36:46.8933684Z PASS R110 first share export updates diagnostic destination without another picker
2026-10-07T14:36:46.8964840Z PASS R110 migrates most recent valid old choice once and does not resurrect cleared settings
2026-10-07T14:36:46.8969672Z PASS R110 settings exposes a single export directory
2026-10-07T14:36:46.8970627Z PASS R110 shared PNG destination revalidates replaced folders and preserves PNG names
2026-10-07T14:36:46.9878451Z PASS R175 actual backend close and restart IPC export only safe panic/relaunch evidence
2026-10-07T14:36:46.9918474Z PASS R175 relaunch marker computes elapsed time, deletes once, tolerates missing/corrupt files
2026-10-07T14:36:46.9938020Z PASS R175 stderr is limited to 64 KiB; frame arguments and unreviewed fields cannot pass export
2026-10-07T14:36:47.0817775Z PASS R185 desktop metrics sample once per minute by process type and export only safe fields
2026-10-07T14:36:47.0835331Z PASS R185 unknown backend memory is omitted and disposing a pending sample prevents late export
2026-10-07T14:36:47.1602222Z PASS R196 taskbar reminder crosses trusted IPC and stops on focus
2026-10-07T14:36:47.2235692Z PASS R201 patches both real extraction paths and the successful copy boundary, idempotently
2026-10-07T14:36:47.2642925Z PASS 顶部重新读取实际刷新生涯并丢弃未应用预览
2026-10-07T14:36:47.2992204Z PASS R204 old-uninstaller timing wraps both scopes and preserves manual flow
2026-10-07T14:36:47.3678864Z PASS R206 upgrade extracts directly only after successful uninstall; manual uses unchanged 7z-out
2026-10-07T14:36:47.3710873Z PASS R206 parent-exited fast path still checks manual and portable installs
2026-10-07T14:36:47.3738164Z PASS R206 app-running macro expands once to avoid duplicate NSIS labels
2026-10-07T14:36:47.4438887Z PASS R230 preload exposes only bounded clipboard write IPC and main rejects other windows/frames
2026-10-07T14:36:54.8028979Z PASS R230 three repeated champion/mastery round trips retain all career cards and scroll, including player overlay
2026-10-07T14:36:55.0302214Z PASS R88 crash hooks write synchronous reviewed records without swallowing fatal exceptions
2026-10-07T14:36:55.0315338Z PASS R88 seven-day desktop export excludes old records in every generation and keeps crash fields private
2026-10-07T14:36:55.1528846Z PASS public policy rejects encrypted and plaintext keys; private requires a valid key
2026-10-07T14:36:55.1568154Z PASS build receipt rejects a stale packaged backend and clears obsolete approval
2026-10-07T14:36:58.0228742Z PASS R136 public outputs have distinct names and private outputs keep release names
2026-10-07T14:36:58.0318536Z PASS R86 bash release stops on a real failing Go test, including an independent early-build mutation
2026-10-07T14:36:58.0320238Z PASS R86 CI uses the package version, installs test dependencies and needs no private Riot key
2026-10-07T14:36:58.0321586Z PASS R86 Windows release stops on a real failing Go test and rejects an independent early build
2026-10-07T14:36:58.0322956Z PASS format gates exclude local toolchains and GOPATH modules while retaining untracked project source
2026-10-07T14:36:58.0324201Z PASS R222 CI skip preserves syntax, fingerprints, runtime verification and hashes
2026-10-07T14:36:58.0325318Z PASS R222 Windows release entry points reject CI skip locally before any side effect
2026-10-07T14:36:58.1658545Z PASS 分享图文件名会清理路径字符并固定为 PNG
2026-10-07T14:36:58.1690693Z PASS 分享图载荷限制令牌、根节点、大小和主题
2026-10-07T14:36:58.1710447Z PASS 导出样式固定标准桌面双列并强制恢复生涯栏和水印
2026-10-07T14:36:58.1749912Z PASS 常规总览保持 2x，超长总览按像素预算安全降采样
2026-10-07T14:36:58.1779294Z PASS 首次选择目录后持久化，后续自动保存且不覆盖同名 PNG
2026-10-07T14:36:58.1780135Z PASS 取消保存不会创建截图窗口或写文件
2026-10-07T14:36:58.1805897Z PASS R232 native share IPC denies locked work and discards a capture after replacement
2026-10-07T14:36:58.1808089Z PASS 保存令牌只能使用一次，写入失败会记录脱敏错误
2026-10-07T14:36:58.1835889Z PASS 不受信任的 renderer 不能选择路径或提交截图
2026-10-07T14:36:58.1853228Z PASS 设置接口读取并更改主进程保存目录
2026-10-07T14:36:58.1854165Z PASS preload 只暴露受校验的分享接口，不暴露 ipcRenderer
2026-10-07T14:36:58.1855059Z PASS 分享图独立窗口不携带主窗口 zoom，且使用独立内存会话
2026-10-07T14:36:58.1856151Z PASS R110 share capture writes through the common validated staging controller
2026-10-07T14:36:59.3798491Z PASS R222 all four independent full-render mutants reject the DOM guard
2026-10-07T14:37:00.6908457Z PASS R86 initial CSS and JS gzip budget excludes dynamic demo data
2026-10-07T14:37:00.6998278Z PASS R86 demo loads only on demand, queues calls, shows badge, and preserves native fallback
2026-10-07T14:37:00.6999429Z PASS R86 demo-only loading rejects an independent production script route
2026-10-07T14:37:00.8634544Z PASS R77 backend spawn waits for the splash to paint
2026-10-07T14:37:00.8661423Z PASS R77 splash keeps the cheap single-frame logo
2026-10-07T14:37:00.8689113Z PASS R77 the instance lock still gates the backend
2026-10-07T14:37:00.8707461Z PASS R77 mutation guards reject each broken boot order
2026-10-07T14:37:00.9580870Z PASS R82 splash appears only when painted and reports its actual show time
2026-10-07T14:37:00.9611413Z PASS R82 closed splash cannot be resurrected by late readiness
2026-10-07T14:37:00.9639796Z PASS R82 fallback boots a stalled splash; quitting cancels all startup triggers
2026-10-07T14:37:00.9668185Z PASS R82 all four requested splash mutations fail real event-driven checks
2026-10-07T14:37:02.5528262Z PASS summoner-updated is whitelisted for status and overview-player
2026-10-07T14:37:02.5568285Z PASS live-update debounce accumulates both events and updates the current overview in place
2026-10-07T14:37:02.5569953Z PASS updateStatus refreshes a connected current-tab header without resetting catalogs
2026-10-07T14:37:02.5571444Z PASS forced overview aborts a loading request and starts a newer request
2026-10-07T14:37:02.5572711Z PASS overview-player changes only five identity fields on the current tab
2026-10-07T14:37:02.5573990Z PASS overview-player identity slice also updates background fields in place
2026-10-07T14:37:02.5575197Z PASS identity and first self card remove the global startup lock
2026-10-07T14:37:02.5576346Z PASS overview refresh button exposes a stable disabled loading state
2026-10-07T14:37:02.5578470Z PASS manual reread awaits the backend identity refresh before hard-refresh dispatch
2026-10-07T14:37:02.5579919Z PASS identity status with unresolved backdrop preserves the first overview art
2026-10-07T14:37:03.4172084Z PASS R86 hero search preserves input and coalesces five keystrokes (including bypass mutation)
2026-10-07T14:37:03.4238276Z PASS R86 tools fetch only active tab plus rig, then load claims on demand
2026-10-07T14:37:03.4278165Z PASS R86 healthy SSE reduces phase polling while closed SSE retains one-second fallback
2026-10-07T14:37:05.1105895Z PASS appearance scale options exactly match the desktop steps and precede density
2026-10-07T14:37:06.8092368Z PASS scaling applies without the desktop bridge and follows the window size
2026-10-07T14:37:07.1856270Z PASS desktop preference wins on startup; changes persist and auto labels update the visible custom select
2026-10-07T14:37:07.4588436Z PASS a delayed get cannot undo a user selection made during startup
2026-10-07T14:37:07.8425289Z PASS R238 browser fixed preference resets once and subsequent fixed choices survive
2026-10-07T14:37:07.8632103Z PASS R238 shell auto overrides a stale fixed browser preference
2026-10-07T14:37:08.1177936Z PASS auto 1366x768 = 1
2026-10-07T14:37:08.1197634Z PASS auto 1600x900 = 1
2026-10-07T14:37:08.1217435Z PASS auto 1920x1080 = 1
2026-10-07T14:37:08.1237511Z PASS auto 2304x1318 = 1.2
2026-10-07T14:37:08.1267493Z PASS auto 2560x1440 = 1.33
2026-10-07T14:37:08.1287558Z PASS auto 2560x1600 = 1.33
2026-10-07T14:37:08.1288181Z PASS auto 3440x1440 = 1.6
2026-10-07T14:37:08.1288668Z PASS auto 3840x2160 = 2
2026-10-07T14:37:08.1289136Z PASS auto 3840x1600 = 1.78
2026-10-07T14:37:08.1289627Z PASS auto 5120x2880 = 2.5
2026-10-07T14:37:08.1297490Z PASS auto 7680x4320 = 2.5
2026-10-07T14:37:08.1327383Z PASS auto 1024x600 = 1
2026-10-07T14:37:08.1347983Z PASS continuous scale, quantization, clamps and manual-step normalization
2026-10-07T14:37:08.1349023Z PASS scale mutants turn the corresponding geometry guards red
2026-10-07T14:37:08.1350211Z PASS titlebar, minimum size, reload, resize and display events run through the real main module
2026-10-07T14:37:08.1351622Z PASS IPC restores independent preferences, normalizes fixed values and rejects untrusted senders
2026-10-07T14:37:08.1353071Z PASS main behavior guards reject titlebar, minimum size, trust, reload, debounce and export mutants
2026-10-07T14:37:08.1354130Z PASS preload exposes scale IPC without leaking the Electron event
2026-10-07T14:37:08.1354870Z PASS packaged runtime includes the scaling module
2026-10-07T14:37:08.1388009Z PASS R238 old fixed scale migrates once, then preserves the user's fixed choice
2026-10-07T14:37:08.1408004Z PASS R238 missing, corrupt and oversized scale files migrate to marked auto
2026-10-07T14:37:08.2800857Z PASS upgrade stdout may arrive after exit but before close without a false startup error
2026-10-07T14:37:08.2851109Z PASS user quit shares the graceful path; unexpected backend death still reports
2026-10-07T14:37:08.3782706Z PASS window bounds store writes and restores visible bounds
2026-10-07T14:37:08.3800341Z PASS window bounds store rejects bounds that no longer intersect a display
2026-10-07T14:37:08.3820739Z PASS window bounds store silently falls back on corrupt or unwritable data
2026-10-07T14:37:08.5007290Z PASS desktop window opens at 72/80 percent of the work area on roomy screens
2026-10-07T14:37:08.5038323Z PASS small screens fall back to the design-width floor instead of 72 percent
2026-10-07T14:37:08.5067961Z PASS desktop window clamps each dimension independently
2026-10-07T14:37:08.5088039Z PASS desktop main and topbar keep the shared sizing and drag-region callers
2026-10-07T14:37:08.5098036Z PASS R47 desktop caller and high-resolution mutation probes fail
2026-10-07T14:37:08.8258874Z PASS build stage reports a live wait then completes without logging arguments
2026-10-07T14:37:08.8719913Z PASS build stage preserves nonzero exits and reports spawn failures
2026-10-07T14:37:08.9838930Z PASS test sharding is stable and covers every test exactly once
2026-10-07T14:37:08.9843986Z PASS known slow tests are spread across shards
2026-10-07T14:37:08.9845124Z PASS shard count is bounded and configurable
2026-10-07T14:37:09.0749345Z PASS setup-only release hashes actual renamed bytes and emits exactly three files
2026-10-07T14:37:09.0758604Z PASS invalid release identities and spaced assets are refused
2026-10-07T14:37:09.1483960Z PASS normalizes build text, preserves BOM and excludes binaries, dependencies and symlinks
2026-10-07T14:37:09.2230714Z 构建指纹：62b5b7b6b536
2026-10-07T14:37:09.2231806Z app_start 版本：（日志里没有带 version 的记录）
2026-10-07T14:37:09.2233045Z card_image_stalled 事件支持：无法确认（日志里没有带 version 的 app_start 记录），0 条 stall 不算证据
2026-10-07T14:37:09.2234101Z 运行 ID：794083ef4812f210ecde108e
2026-10-07T14:37:09.2235216Z 时间跨度：2026-09-23T09:59:20.000Z ~ 2026-09-23T10:00:00.000Z（0 分 40 秒）
2026-10-07T14:37:09.2235860Z 
2026-10-07T14:37:09.2236275Z 记录总数：4（解析失败 0 行）
2026-10-07T14:37:09.2237198Z card_image_stalled：1 条
2026-10-07T14:37:09.2238308Z local_request_client/failed(endpoint=image)：3 条（timeout 3）
2026-10-07T14:37:09.2239307Z client_diagnostic_rejected：0 条
2026-10-07T14:37:09.2240268Z 窗口口径：stall 前 60000ms ~ 后 10000ms；积压判定阈值 3 条图片失败
2026-10-07T14:37:09.2240811Z 
2026-10-07T14:37:09.2241631Z   #1 2026-09-23T10:00:00.000Z reason=watchdog active=8 queued=6 sourceIndex=0 imageSource=gtimg
2026-10-07T14:37:09.2242677Z       窗口内图片失败：3 条 → backlog
2026-10-07T14:37:09.2243050Z 
2026-10-07T14:37:09.2243361Z 判定：backlog-only
2026-10-07T14:37:09.2244447Z 第二层积压：每条 stall 的窗口里都有大量图片失败，说明第二层在正常超时/重试，名额是被排队等满看门狗时长的卡片占住的。该调的是第二层的远程/本机道名额，不是 R130 的合成 error / 看门狗。
2026-10-07T14:37:09.2245467Z 构建指纹：62b5b7b6b536
2026-10-07T14:37:09.2246428Z app_start 版本：（日志里没有带 version 的记录）
2026-10-07T14:37:09.2263906Z card_image_stalled 事件支持：无法确认（日志里没有带 version 的 app_start 记录），0 条 stall 不算证据
2026-10-07T14:37:09.2267893Z 运行 ID：794083ef4812f210ecde108e
2026-10-07T14:37:09.2268964Z 时间跨度：2026-09-23T10:00:00.000Z ~ 2026-09-23T10:00:00.000Z（0 分 0 秒）
2026-10-07T14:37:09.2269583Z 
2026-10-07T14:37:09.2269951Z 记录总数：1（解析失败 0 行）
2026-10-07T14:37:09.2270606Z card_image_stalled：1 条
2026-10-07T14:37:09.2271441Z local_request_client/failed(endpoint=image)：0 条
2026-10-07T14:37:09.2272295Z client_diagnostic_rejected：0 条
2026-10-07T14:37:09.2273151Z 窗口口径：stall 前 60000ms ~ 后 10000ms；积压判定阈值 3 条图片失败
2026-10-07T14:37:09.2273642Z 
2026-10-07T14:37:09.2274450Z   #1 2026-09-23T10:00:00.000Z reason=watchdog active=8 queued=6 sourceIndex=0 imageSource=gtimg
2026-10-07T14:37:09.2275593Z       窗口内图片失败：0 条 → notify-gap
2026-10-07T14:37:09.2276041Z 
2026-10-07T14:37:09.2276397Z 判定：notify-gap
2026-10-07T14:37:09.2277826Z 通知失败：有 stall 的窗口里一条图片失败都没有，说明第二层放弃时又没能通知到第一层，合成 error 的某个闸门有漏洞。这是新缺陷，按项目惯例另开工单，不要和积压混在一起改。
2026-10-07T14:37:09.2278583Z {
2026-10-07T14:37:09.2279036Z   "verdict": "notify-gap",
2026-10-07T14:37:09.2279521Z   "totals": {
2026-10-07T14:37:09.2279960Z     "records": 1,
2026-10-07T14:37:09.2280408Z     "stalls": 1,
2026-10-07T14:37:09.2280866Z     "imageFailures": 0,
2026-10-07T14:37:09.2281731Z     "rejected": 0,
2026-10-07T14:37:09.2282333Z     "malformed": 0
2026-10-07T14:37:09.2283077Z   },
2026-10-07T14:37:09.2283574Z   "failureKinds": {},
2026-10-07T14:37:09.2284120Z   "identity": {
2026-10-07T14:37:09.2284701Z     "buildFingerprints": [
2026-10-07T14:37:09.2285324Z       "62b5b7b6b536"
2026-10-07T14:37:09.2285858Z     ],
2026-10-07T14:37:09.2286341Z     "runIDs": [
2026-10-07T14:37:09.2287203Z       "794083ef4812f210ecde108e"
2026-10-07T14:37:09.2287982Z     ],
2026-10-07T14:37:09.2288495Z     "versions": []
2026-10-07T14:37:09.2288987Z   },
2026-10-07T14:37:09.2289484Z   "eventSupport": {
2026-10-07T14:37:09.2290039Z     "known": false,
2026-10-07T14:37:09.2290574Z     "versions": [],
2026-10-07T14:37:09.2291145Z     "minRequired": "0.12.18",
2026-10-07T14:37:09.2291766Z     "sufficient": false
2026-10-07T14:37:09.2292346Z   },
2026-10-07T14:37:09.2292803Z   "span": {
2026-10-07T14:37:09.2293393Z     "earliest": 1790157600000,
2026-10-07T14:37:09.2294028Z     "latest": 1790157600000,
2026-10-07T14:37:09.2294606Z     "durationMs": 0
2026-10-07T14:37:09.2295095Z   },
2026-10-07T14:37:09.2295563Z   "window": {
2026-10-07T14:37:09.2296094Z     "windowMs": 60000,
2026-10-07T14:37:09.2296663Z     "forwardMs": 10000,
2026-10-07T14:37:09.2297498Z     "backlogThreshold": 3
2026-10-07T14:37:09.2298029Z   },
2026-10-07T14:37:09.2298486Z   "stalls": [
2026-10-07T14:37:09.2298944Z     {
2026-10-07T14:37:09.2299478Z       "at": 1790157600000,
2026-10-07T14:37:09.2300213Z       "runId": "794083ef4812f210ecde108e",
2026-10-07T14:37:09.2301005Z       "time": "2026-09-23T10:00:00.000Z",
2026-10-07T14:37:09.2301692Z       "reason": "watchdog",
2026-10-07T14:37:09.2302338Z       "activeCardImages": 8,
2026-10-07T14:37:09.2302949Z       "queued": 6,
2026-10-07T14:37:09.2303510Z       "sourceIndex": 0,
2026-10-07T14:37:09.2304131Z       "imageSource": "gtimg",
2026-10-07T14:37:09.2304875Z       "buildFingerprint": "62b5b7b6b536",
2026-10-07T14:37:09.2305649Z       "windowImageFailures": 0,
2026-10-07T14:37:09.2306408Z       "classification": "notify-gap"
2026-10-07T14:37:09.2307192Z     }
2026-10-07T14:37:09.2307665Z   ],
2026-10-07T14:37:09.2308151Z   "rejected": [],
2026-10-07T14:37:09.2308692Z   "source": {
2026-10-07T14:37:09.2309337Z     "file": "/tmp/r133-X5UQNV/gap.jsonl",
2026-10-07T14:37:09.2309995Z     "lines": 2
2026-10-07T14:37:09.2310451Z   }
2026-10-07T14:37:09.2310870Z }
2026-10-07T14:37:09.2312570Z 用法：node scripts/r133-stall-log-report.cjs <lol-loot-diagnostics-*.jsonl> [--json] [--window 60000] [--forward 10000] [--backlog-threshold 3]
2026-10-07T14:37:09.2314242Z PASS R133 一条 stall 都没有、且日志出自支持该事件的包时判 clean，P2 可以直接结项
2026-10-07T14:37:09.2318040Z PASS R133 对抗变异：旧包的日志里 0 条 stall 不得判成 clean
2026-10-07T14:37:09.2350972Z PASS R133 版本比较不引入 semver 依赖也够用
2026-10-07T14:37:09.2360526Z PASS R133 stall 窗口里有大量图片失败 → 第二层积压，不是 R130 的修复失效
2026-10-07T14:37:09.2369290Z PASS R134 对抗变异：另一次启动的图片失败不能把通知缺口判成积压
2026-10-07T14:37:09.2370287Z PASS R134 同一次启动的图片失败仍能判积压，缺 run_id 的旧日志沿用全局窗口
2026-10-07T14:37:09.2371301Z PASS R133 stall 窗口里一条图片失败都没有 → 通知失败，必须另开工单
2026-10-07T14:37:09.2372236Z PASS R133 图片失败数不够阈值时判 inconclusive，不猜方向
2026-10-07T14:37:09.2373164Z PASS R133 对抗变异：把窗口算错（全量计数当成窗口计数）必须被测出来
2026-10-07T14:37:09.2373994Z PASS R133 白名单被回退时优先级最高，盖过其它判定
2026-10-07T14:37:09.2374934Z PASS R133 缺 time 字段的 stall 判 undated，不在缺时间戳的情况下判成因
2026-10-07T14:37:09.2377201Z PASS R133 多条 stall 各自判，不拿全局总数摊平
2026-10-07T14:37:09.2386558Z PASS R133 坏行不静默跳过，避免把截断的日志当成没有 stall
2026-10-07T14:37:09.2394776Z PASS R133 报告里带上构建指纹与时间跨度，读数的人能确认是不是 0.12.18 那个包
2026-10-07T14:37:09.2403005Z PASS R133 命令行：参数解析、退出码与 --json
2026-10-07T14:37:09.2430050Z PASS R133 每种判定都有对应的人话结论，不会输出空判词
2026-10-07T14:37:09.4470926Z PASS R82 synthetic A/B medians enforce the 300ms gate and include prewarm cost
2026-10-07T14:37:09.4477398Z PASS R82 incomplete, repeated and malformed samples cannot pass acceptance
2026-10-07T14:37:09.4487119Z PASS R82 collector joins phases to fingerprint by run_id and installer log by PID
2026-10-07T14:37:09.4496714Z PASS R82 collector rejects a second launch but deduplicates log rotation copies
2026-10-07T14:37:09.4505460Z PASS R82 malformed inputs and failed prewarm cannot silently enter the A/B comparison
2026-10-07T14:37:09.4514861Z PASS R82 reads the actual diagnostics.N.jsonl archive naming
2026-10-07T14:37:09.4523964Z PASS R84 collector CLI works without Array.prototype.at and keeps the last matching PID records
2026-10-07T14:37:09.4535677Z PASS R84 collector production source cannot reintroduce .at calls
2026-10-07T14:37:09.4560233Z PASS R84 first-match mutation fails the end-to-end collector assertions
2026-10-07T14:37:09.6039531Z PASS R86 external match expansion preserves unrelated cards
2026-10-07T14:37:09.6040824Z PASS R86 scroll restoration is resize-driven, restores clamped position and yields to user input
2026-10-07T14:37:16.4240285Z PASS R87 P9 external champselect events preserve modal scroll, input and composition
2026-10-07T14:37:16.4242503Z PASS R104 quota recovery keeps the first-load skeleton and existing matches visible
2026-10-07T14:37:16.4243930Z PASS R112 KR average-tier errors retry only visible active cards, then cache real values
2026-10-07T14:37:16.4245157Z PASS R117 career column is rebuilt only when its own inputs change
2026-10-07T14:37:20.3288261Z PASS 收藏账户条复用主页背景和圆头像，并只保留两项事实
2026-10-07T14:37:20.3289130Z PASS 游戏时间分布下方提供等栏宽分享按钮，并在选定路径后生成桌面双列长图
2026-10-07T14:37:20.3319601Z PASS 分享图按 50 场设置截断当前已加载战绩
2026-10-07T14:37:20.3357823Z PASS 排位分区在负场缺失时也能渲染出胜率提示
2026-10-07T14:37:20.3366498Z PASS 渲染异常会切到可重试的错误态，而不是永远停在骨架屏
2026-10-07T14:37:20.3387958Z PASS 已有总览刷新时保留当前内容，不退回整页骨架
2026-10-07T14:37:20.3408357Z PASS 客户端退出后清空本人总览，国服空分组显示启动入口
2026-10-07T14:37:24.2622123Z PASS 推荐请求期间遮罩只覆盖 tab 下方面板，并按内容提示
2026-10-07T14:37:28.0998572Z PASS 对局页出装推荐渲染，且不再出现「后期备选」
2026-10-07T14:37:28.9886545Z PASS R82 A/B receipt lookup and deduplication execute the real PowerShell script
2026-10-07T14:37:28.9922413Z PASS R82 A/B filename, hash mismatch and duplicate mutations reach failing assertions
2026-10-07T14:37:32.1237324Z PASS 核心装只展示胜率与场次，不再展示选取率
2026-10-07T14:37:36.0798849Z PASS 技能加点的选取率/胜率/场次与技能图标同一行
2026-10-07T14:37:39.2898466Z PASS 对抗样本为空时给出说明文案，而不是一个「—」
2026-10-07T14:37:39.5884896Z PASS setup-only Bash build wraps one NSIS result, hashes final bytes and removes legacy outputs
2026-10-07T14:37:39.5891369Z PASS failed NSIS stops before wrapping or issuing a receipt and cleans the uninstall shell
2026-10-07T14:37:39.5898171Z PASS compression overrides are explicit and invalid levels fail before packaging
2026-10-07T14:37:39.5903051Z PASS unchanged complete npm dependencies are reused; damage or a lock change reinstalls them
2026-10-07T14:37:39.5908582Z PASS setup-only Windows CI skip leaves NSIS, wrapper and receipt gates unconditional
2026-10-07T14:37:42.2618619Z PASS R225 static names exclude comments and synthetic source strings
2026-10-07T14:37:42.2638416Z PASS R225 actual CI filters resolve every alternative and reject nonexistent names
2026-10-07T14:37:42.2651823Z PASS R225 static expected counts also cover the unfiltered R82 PowerShell file
2026-10-07T14:37:42.2653416Z PASS R225 runtime Go evidence rejects empty, omitted and skipped required tests
2026-10-07T14:37:42.2654883Z PASS R225 real Node runner proves a selected test passed and rejects an accidental skip
2026-10-07T14:37:43.7151301Z PASS 英雄位置统计为空时显示明确说明，而不是三项破折号
2026-10-07T14:37:43.7164500Z PASS failed build timelines retry on reopening, successful timelines remain cached
2026-10-07T14:37:43.7165910Z PASS R86 ADD optional cs-dialog computed zoom stays one inside the zoomed app frame
2026-10-07T14:37:46.5368752Z PASS R86 ADD-1 failed timelines wait for explicit retry and keep unrelated cards
2026-10-07T14:37:46.6914358Z PASS 演示数据下工具五个页签都渲染完成
2026-10-07T14:37:46.6915256Z PASS 2351 自定义暂停事件保留真实总开关和卡片高亮
2026-10-07T14:37:46.6916021Z PASS R149 收藏页仍可独立进入头像与旗帜视图
2026-10-07T14:37:46.6916768Z PASS R56 工具页状态、确认、下拉与领奖契约完整
2026-10-07T14:37:46.6918082Z PASS 全部原生下拉都增强为可键盘操作的应用菜单，包含动态英雄段位
2026-10-07T14:37:46.6919197Z PASS collapsed sidebar hides the label but keeps the live beacon rendered
2026-10-07T14:37:46.6920705Z PASS R86 DOM teardown disconnects pending observers without disabling live callbacks
2026-10-07T14:37:46.6921815Z PASS 1110 征召默认值、时间输入、模式能力和总开关真实保存链
2026-10-07T14:37:46.6922414Z PASS 平均段位只查询视口内卡片，并在分页加载期间停用
2026-10-07T14:37:46.6923197Z PASS match-tier failures back off instead of retrying on the next render
2026-10-07T14:37:46.6924179Z PASS match-tier overview diagnostics contain aggregate counts only
2026-10-07T14:37:46.6925107Z PASS non-match overview rerenders preserve the match-list node
2026-10-07T14:37:46.6925803Z PASS 玩家覆盖层里的战绩详情也能展开
2026-10-07T14:37:46.6926308Z PASS 演示数据下总览页渲染出真实内容，且渲染期没有异常
2026-10-07T14:37:46.6927171Z PASS 好友真实数据恢复横条模式与计时，SSE 更新不重建战绩或串到其他玩家
2026-10-07T14:37:48.1978488Z PASS 职业页懒加载、所有分组/账号、缺失状态、筛选缓存与安全转义
2026-10-07T14:37:48.2007768Z PASS 加载互斥、失败保留旧表、恢复与来源不可用名单
2026-10-07T14:37:48.2008475Z PASS 国服每次打开折叠；各拳头区服与职业入口可键盘聚焦且不修改大区
2026-10-07T14:37:48.2009192Z PASS 统一总览按国服、韩服、职业分组，同一账号跨组隔离且保留滚动和目录焦点
2026-10-07T14:37:48.2037883Z PASS 补充来源未更新保留提示，重新进入不重复阻塞整页，手动刷新可重试
2026-10-07T14:37:48.2078057Z PASS 职业列表后台补充自动更新，离开页面停止轮询
2026-10-07T14:37:48.2107781Z PASS R73 最近账号、历史折叠、只看最新账号及会话核验
2026-10-07T14:37:48.2108395Z PASS {"proMismatch":true}
2026-10-07T14:37:48.2137588Z PASS {"overviewStatus":404}
2026-10-07T14:37:50.0911773Z PASS {"overviewStatus":502}
2026-10-07T14:37:50.0912978Z PASS R73 真正点击后才核验：差异与404标记，502不误判
2026-10-07T14:37:52.7680847Z PASS 职业目录仅保留返回总览，返回后保留全部已打开页签
2026-10-07T14:37:53.9298725Z PASS 未知更新时间的补充账号保持展示，不出现120天未玩的断言
2026-10-07T14:37:57.2857884Z PASS 玩家页签各自保留纵向位置，跨页面返回也不串位
2026-10-07T14:37:59.3618708Z PASS R112 导出状态只属于当前诊断页；离开、迟到和乱序完成均不污染新页面
2026-10-07T14:38:01.9853352Z PASS OPGG season summary actually replaces recent sample in both overview workspaces without a history reload
2026-10-07T14:38:03.3151149Z PASS 当前对局独立置顶、两队十人、无评分和多余标记，分组后不会污染玩家战绩
2026-10-07T14:38:04.5949494Z PASS R74 零战绩当前对局也加载技能目录，未加载时不伪造技能名称
2026-10-07T14:38:05.9286799Z PASS R100 菜单键盘可达空组、异步重绘保焦、离开总览关闭菜单
2026-10-07T14:38:06.1649015Z PASS 国服总览保留战绩但不渲染或请求当前对局和观战
2026-10-07T14:38:06.8968276Z PASS R97 management filters and rows exclude expanded and academy teams
2026-10-07T14:38:07.5911345Z PASS R100 empty national/KR/pro groups stay selectable and preserve distinct empty states
2026-10-07T14:38:07.6983021Z PASS TestR102NoPrimaryBadgeRendered
2026-10-07T14:38:07.8825175Z PASS TestR102LatestOnlyTogglesShowsFirstAccountOnly
2026-10-07T14:38:07.8829752Z PASS TestR102ButtonLabelSaysLatestNotPrimary
2026-10-07T14:38:07.9683415Z PASS TestR102HighlightUsesOriginalAccountIndex
2026-10-07T14:38:08.1007931Z live recommendation diagnostic failed {
2026-10-07T14:38:08.1008670Z   reason: 'has-payload',
2026-10-07T14:38:08.1009337Z   key: '69:mid:CLASSIC:11:emerald_plus:none',
2026-10-07T14:38:08.1010201Z   error: 'Failed to parse URL from /api/diagnostics/client'
2026-10-07T14:38:08.1010829Z }
2026-10-07T14:38:08.1011599Z PASS R75/R76 actual page: pro rows, degradation capture, incomplete and offline
2026-10-07T14:38:08.1012434Z live recommendation diagnostic failed {
2026-10-07T14:38:08.1012939Z   reason: 'has-payload',
2026-10-07T14:38:08.1013527Z   key: '69:mid:CLASSIC:11:emerald_plus:none',
2026-10-07T14:38:08.1014390Z   error: 'Failed to parse URL from /api/diagnostics/client'
2026-10-07T14:38:08.1015033Z }
2026-10-07T14:38:08.1015724Z PASS R75/R76 actual page: pro rows, degradation 1/99, incomplete and offline
2026-10-07T14:38:08.1016524Z live recommendation diagnostic failed {
2026-10-07T14:38:08.1017362Z   reason: 'has-payload',
2026-10-07T14:38:08.1017948Z   key: '69:mid:CLASSIC:11:emerald_plus:none',
2026-10-07T14:38:08.1018750Z   error: 'Failed to parse URL from /api/diagnostics/client'
2026-10-07T14:38:08.1019480Z }
2026-10-07T14:38:08.1020176Z PASS R75/R76 actual page: pro rows, degradation 10/30, incomplete and offline
2026-10-07T14:38:08.1021400Z PASS manual reread recovers a stuck overview and refreshes overview plus live without forcing the overlay
2026-10-07T14:38:08.1022868Z PASS gameplay soft reset clears stalled pagination and recommendation failures while preserving touched tabs
2026-10-07T14:38:08.1024136Z PASS collection-dirty is accepted by the SSE whitelist and refreshes status
2026-10-07T14:38:08.1025317Z PASS dirty collection rescans on entry and view changes without duplicate refresh requests
2026-10-07T14:38:08.1026341Z PASS accepted dirty rescan stays gated until clean status or timeout
2026-10-07T14:38:08.1027733Z PASS identical forced collection refresh keeps rendered cards mounted
2026-10-07T14:38:08.1028995Z PASS R70 app and gameplay retain cancellation ownership until body parsing completes
2026-10-07T14:38:08.1030374Z PASS R70 cached collection reentry avoids a request and never uses outgoing DOM snapshots
2026-10-07T14:38:08.1031796Z PASS R70 SSE overflow and reconnect resync refresh visible collection even with unchanged status
2026-10-07T14:38:08.1033170Z PASS R70 gameflow burst uses one fixed window and one non-aborting trailing request
2026-10-07T14:38:08.1034442Z PASS R70 hidden gameplay pages do not construct DOM, and destroyed pages remain inert
2026-10-07T14:38:08.1035725Z PASS R226 hidden and destroyed live renders preserve the pending diagnostic source
2026-10-07T14:38:08.1037359Z PASS R70 superseded status completion cannot overwrite current state or reschedule polling
2026-10-07T14:38:08.1038895Z PASS R71 collection startup issues one ensure across accepted requests, status events and scan start
2026-10-07T14:38:08.1040384Z PASS R71 a failed or lost collection acceptance can retry without a permanent gate
2026-10-07T14:38:08.1042041Z PASS live specialist right overview button opens exact KR overview while rune selection and return remain independent
2026-10-07T14:38:08.1043062Z {
2026-10-07T14:38:08.1043461Z   "scope": "all",
2026-10-07T14:38:08.1043897Z   "platform": "linux",
2026-10-07T14:38:08.1044378Z   "concurrency": 4,
2026-10-07T14:38:08.1044807Z   "groups": [
2026-10-07T14:38:08.1045181Z     {
2026-10-07T14:38:08.1045570Z       "name": "other",
2026-10-07T14:38:08.1046012Z       "files": 145,
2026-10-07T14:38:08.1046496Z       "concurrency": 1,
2026-10-07T14:38:08.1047406Z       "summary": {
2026-10-07T14:38:08.1047918Z         "success": true,
2026-10-07T14:38:08.1048583Z         "counts": {
2026-10-07T14:38:08.1049109Z           "tests": 1203,
2026-10-07T14:38:08.1049620Z           "failed": 0,
2026-10-07T14:38:08.1050118Z           "passed": 1201,
2026-10-07T14:38:08.1050682Z           "cancelled": 0,
2026-10-07T14:38:08.1051230Z           "skipped": 2,
2026-10-07T14:38:08.1051821Z           "todo": 0,
2026-10-07T14:38:08.1052393Z           "topLevel": 1203,
2026-10-07T14:38:08.1052746Z           "suites": 0
2026-10-07T14:38:08.1053084Z         },
2026-10-07T14:38:08.1053452Z         "duration_ms": 213866.490159
2026-10-07T14:38:08.1053724Z       }
2026-10-07T14:38:08.1053916Z     },
2026-10-07T14:38:08.1054100Z     {
2026-10-07T14:38:08.1054341Z       "name": "large-dom",
2026-10-07T14:38:08.1054602Z       "files": 19,
2026-10-07T14:38:08.1054855Z       "concurrency": 3,
2026-10-07T14:38:08.1055106Z       "summary": {
2026-10-07T14:38:08.1055358Z         "success": true,
2026-10-07T14:38:08.1055632Z         "counts": {
2026-10-07T14:38:08.1055898Z           "tests": 129,
2026-10-07T14:38:08.1056166Z           "failed": 0,
2026-10-07T14:38:08.1056436Z           "passed": 129,
2026-10-07T14:38:08.1056715Z           "cancelled": 0,
2026-10-07T14:38:08.1057289Z           "skipped": 0,
2026-10-07T14:38:08.1057557Z           "todo": 0,
2026-10-07T14:38:08.1057832Z           "topLevel": 126,
2026-10-07T14:38:08.1058109Z           "suites": 0
2026-10-07T14:38:08.1058337Z         },
2026-10-07T14:38:08.1058631Z         "duration_ms": 239689.866046
2026-10-07T14:38:08.1058906Z       }
2026-10-07T14:38:08.1059089Z     }
2026-10-07T14:38:08.1059273Z   ],
2026-10-07T14:38:08.1059659Z   "file_budget_ms": 90000,
2026-10-07T14:38:08.1060136Z   "suite_budget_ms": 240000,
2026-10-07T14:38:08.1060563Z   "files": [
2026-10-07T14:38:08.1060889Z     {
2026-10-07T14:38:08.1061524Z       "file": "backend/web/api-diagnostics.test.cjs",
2026-10-07T14:38:08.1062221Z       "duration_ms": 152.983723,
2026-10-07T14:38:08.1062729Z       "group": "other"
2026-10-07T14:38:08.1063116Z     },
2026-10-07T14:38:08.1063432Z     {
2026-10-07T14:38:08.1064076Z       "file": "backend/web/champions.test.cjs",
2026-10-07T14:38:08.1064737Z       "duration_ms": 5582.543487,
2026-10-07T14:38:08.1065238Z       "group": "other"
2026-10-07T14:38:08.1065613Z     },
2026-10-07T14:38:08.1065919Z     {
2026-10-07T14:38:08.1066557Z       "file": "backend/web/export-diagnostics.test.cjs",
2026-10-07T14:38:08.1067438Z       "duration_ms": 86.450096,
2026-10-07T14:38:08.1067932Z       "group": "other"
2026-10-07T14:38:08.1068312Z     },
2026-10-07T14:38:08.1068616Z     {
2026-10-07T14:38:08.1069160Z       "file": "backend/web/friends.test.cjs",
2026-10-07T14:38:08.1069815Z       "duration_ms": 1636.509944,
2026-10-07T14:38:08.1070314Z       "group": "other"
2026-10-07T14:38:08.1070689Z     },
2026-10-07T14:38:08.1070994Z     {
2026-10-07T14:38:08.1071560Z       "file": "backend/web/gameplay.test.cjs",
2026-10-07T14:38:08.1072218Z       "duration_ms": 4944.526516,
2026-10-07T14:38:08.1072719Z       "group": "other"
2026-10-07T14:38:08.1073098Z     },
2026-10-07T14:38:08.1073401Z     {
2026-10-07T14:38:08.1073917Z       "file": "backend/web/r231.test.cjs",
2026-10-07T14:38:08.1074561Z       "duration_ms": 12631.049344,
2026-10-07T14:38:08.1075091Z       "group": "large-dom"
2026-10-07T14:38:08.1075489Z     },
2026-10-07T14:38:08.1075843Z     {
2026-10-07T14:38:08.1076476Z       "file": "backend/web/official-login.test.cjs",
2026-10-07T14:38:08.1077376Z       "duration_ms": 1942.280288,
2026-10-07T14:38:08.1077895Z       "group": "other"
2026-10-07T14:38:08.1078257Z     },
2026-10-07T14:38:08.1078547Z     {
2026-10-07T14:38:08.1079123Z       "file": "backend/web/position-filter.test.cjs",
2026-10-07T14:38:08.1079788Z       "duration_ms": 120.009881,
2026-10-07T14:38:08.1089240Z       "group": "other"
2026-10-07T14:38:08.1090587Z     },
2026-10-07T14:38:08.1090945Z     {
2026-10-07T14:38:08.1091464Z       "file": "backend/web/r100.test.cjs",
2026-10-07T14:38:08.1092243Z       "duration_ms": 1711.722528,
2026-10-07T14:38:08.1092950Z       "group": "other"
2026-10-07T14:38:08.1093364Z     },
2026-10-07T14:38:08.1093701Z     {
2026-10-07T14:38:08.1094234Z       "file": "backend/web/r192.test.cjs",
2026-10-07T14:38:08.1094857Z       "duration_ms": 16936.578204,
2026-10-07T14:38:08.1095392Z       "group": "large-dom"
2026-10-07T14:38:08.1095823Z     },
2026-10-07T14:38:08.1096140Z     {
2026-10-07T14:38:08.1096689Z       "file": "backend/web/update.test.cjs",
2026-10-07T14:38:08.1097640Z       "duration_ms": 18005.591661,
2026-10-07T14:38:08.1098206Z       "group": "large-dom"
2026-10-07T14:38:08.1098628Z     },
2026-10-07T14:38:08.1098947Z     {
2026-10-07T14:38:08.1099498Z       "file": "backend/web/r101.test.cjs",
2026-10-07T14:38:08.1100173Z       "duration_ms": 1881.447006,
2026-10-07T14:38:08.1100703Z       "group": "other"
2026-10-07T14:38:08.1101118Z     },
2026-10-07T14:38:08.1101448Z     {
2026-10-07T14:38:08.1102018Z       "file": "backend/web/r104.test.cjs",
2026-10-07T14:38:08.1102685Z       "duration_ms": 1783.506315,
2026-10-07T14:38:08.1103235Z       "group": "other"
2026-10-07T14:38:08.1103639Z     },
2026-10-07T14:38:08.1103969Z     {
2026-10-07T14:38:08.1104527Z       "file": "backend/web/r105.test.cjs",
2026-10-07T14:38:08.1105215Z       "duration_ms": 4058.798115,
2026-10-07T14:38:08.1105766Z       "group": "other"
2026-10-07T14:38:08.1106181Z     },
2026-10-07T14:38:08.1106515Z     {
2026-10-07T14:38:08.1108667Z       "file": "backend/web/r106.test.cjs",
2026-10-07T14:38:08.1109392Z       "duration_ms": 1739.968504,
2026-10-07T14:38:08.1109930Z       "group": "other"
2026-10-07T14:38:08.1110334Z     },
2026-10-07T14:38:08.1110674Z     {
2026-10-07T14:38:08.1111229Z       "file": "backend/web/r108.test.cjs",
2026-10-07T14:38:08.1111891Z       "duration_ms": 183.94176,
2026-10-07T14:38:08.1112345Z       "group": "other"
2026-10-07T14:38:08.1112583Z     },
2026-10-07T14:38:08.1112767Z     {
2026-10-07T14:38:08.1113076Z       "file": "backend/web/r109.test.cjs",
2026-10-07T14:38:08.1113440Z       "duration_ms": 1487.886603,
2026-10-07T14:38:08.1113728Z       "group": "other"
2026-10-07T14:38:08.1113941Z     },
2026-10-07T14:38:08.1114123Z     {
2026-10-07T14:38:08.1114411Z       "file": "backend/web/r110.test.cjs",
2026-10-07T14:38:08.1114751Z       "duration_ms": 1469.013722,
2026-10-07T14:38:08.1115040Z       "group": "other"
2026-10-07T14:38:08.1115248Z     },
2026-10-07T14:38:08.1115422Z     {
2026-10-07T14:38:08.1115710Z       "file": "backend/web/r111.test.cjs",
2026-10-07T14:38:08.1116062Z       "duration_ms": 1412.962661,
2026-10-07T14:38:08.1116352Z       "group": "other"
2026-10-07T14:38:08.1116576Z     },
2026-10-07T14:38:08.1116762Z     {
2026-10-07T14:38:08.1117360Z       "file": "backend/web/r113.test.cjs",
2026-10-07T14:38:08.1117758Z       "duration_ms": 1496.066876,
2026-10-07T14:38:08.1118049Z       "group": "other"
2026-10-07T14:38:08.1118263Z     },
2026-10-07T14:38:08.1118439Z     {
2026-10-07T14:38:08.1118739Z       "file": "backend/web/r114.test.cjs",
2026-10-07T14:38:08.1119084Z       "duration_ms": 96.323949,
2026-10-07T14:38:08.1119364Z       "group": "other"
2026-10-07T14:38:08.1119576Z     },
2026-10-07T14:38:08.1119755Z     {
2026-10-07T14:38:08.1120079Z       "file": "backend/web/r115-scoring.test.cjs",
2026-10-07T14:38:08.1120447Z       "duration_ms": 76.465398,
2026-10-07T14:38:08.1120727Z       "group": "other"
2026-10-07T14:38:08.1120945Z     },
2026-10-07T14:38:08.1121117Z     {
2026-10-07T14:38:08.1121410Z       "file": "backend/web/r115.test.cjs",
2026-10-07T14:38:08.1121760Z       "duration_ms": 1474.128135,
2026-10-07T14:38:08.1122050Z       "group": "other"
2026-10-07T14:38:08.1122276Z     },
2026-10-07T14:38:08.1122453Z     {
2026-10-07T14:38:08.1122749Z       "file": "backend/web/r116b.test.cjs",
2026-10-07T14:38:08.1123107Z       "duration_ms": 5578.134223,
2026-10-07T14:38:08.1123389Z       "group": "other"
2026-10-07T14:38:08.1123603Z     },
2026-10-07T14:38:08.1123783Z     {
2026-10-07T14:38:08.1124264Z       "file": "backend/web/r116d.test.cjs",
2026-10-07T14:38:08.1124633Z       "duration_ms": 139.547808,
2026-10-07T14:38:08.1125043Z       "group": "other"
2026-10-07T14:38:08.1125260Z     },
2026-10-07T14:38:08.1125436Z     {
2026-10-07T14:38:08.1125723Z       "file": "backend/web/r116e.test.cjs",
2026-10-07T14:38:08.1126072Z       "duration_ms": 129.864817,
2026-10-07T14:38:08.1126349Z       "group": "other"
2026-10-07T14:38:08.1126560Z     },
2026-10-07T14:38:08.1126738Z     {
2026-10-07T14:38:08.1127268Z       "file": "backend/web/r116f.test.cjs",
2026-10-07T14:38:08.1127622Z       "duration_ms": 4641.742334,
2026-10-07T14:38:08.1127902Z       "group": "other"
2026-10-07T14:38:08.1128122Z     },
2026-10-07T14:38:08.1128299Z     {
2026-10-07T14:38:08.1128613Z       "file": "backend/web/r117-style.test.cjs",
2026-10-07T14:38:08.1128988Z       "duration_ms": 250.711801,
2026-10-07T14:38:08.1129265Z       "group": "other"
2026-10-07T14:38:08.1129475Z     },
2026-10-07T14:38:08.1129653Z     {
2026-10-07T14:38:08.1129951Z       "file": "backend/web/r117.test.cjs",
2026-10-07T14:38:08.1130300Z       "duration_ms": 1444.181669,
2026-10-07T14:38:08.1130588Z       "group": "other"
2026-10-07T14:38:08.1130798Z     },
2026-10-07T14:38:08.1130971Z     {
2026-10-07T14:38:08.1131253Z       "file": "backend/web/r119.test.cjs",
2026-10-07T14:38:08.1131594Z       "duration_ms": 160.006122,
2026-10-07T14:38:08.1131874Z       "group": "other"
2026-10-07T14:38:08.1132088Z     },
2026-10-07T14:38:08.1132272Z     {
2026-10-07T14:38:08.1132565Z       "file": "backend/web/r123.test.cjs",
2026-10-07T14:38:08.1132911Z       "duration_ms": 111.55796,
2026-10-07T14:38:08.1133191Z       "group": "other"
2026-10-07T14:38:08.1133406Z     },
2026-10-07T14:38:08.1133583Z     {
2026-10-07T14:38:08.1133870Z       "file": "backend/web/r126.test.cjs",
2026-10-07T14:38:08.1134219Z       "duration_ms": 72.113606,
2026-10-07T14:38:08.1134495Z       "group": "other"
2026-10-07T14:38:08.1134708Z     },
2026-10-07T14:38:08.1134889Z     {
2026-10-07T14:38:08.1135182Z       "file": "backend/web/r127.test.cjs",
2026-10-07T14:38:08.1135558Z       "duration_ms": 2629.219672,
2026-10-07T14:38:08.1135847Z       "group": "other"
2026-10-07T14:38:08.1136062Z     },
2026-10-07T14:38:08.1136237Z     {
2026-10-07T14:38:08.1136526Z       "file": "backend/web/r128.test.cjs",
2026-10-07T14:38:08.1136862Z       "duration_ms": 110.679046,
2026-10-07T14:38:08.1137747Z       "group": "other"
2026-10-07T14:38:08.1137975Z     },
2026-10-07T14:38:08.1138171Z     {
2026-10-07T14:38:08.1138470Z       "file": "backend/web/r129.test.cjs",
2026-10-07T14:38:08.1138828Z       "duration_ms": 1975.259997,
2026-10-07T14:38:08.1139147Z       "group": "other"
2026-10-07T14:38:08.1139366Z     },
2026-10-07T14:38:08.1139543Z     {
2026-10-07T14:38:08.1139844Z       "file": "backend/web/r130.test.cjs",
2026-10-07T14:38:08.1140203Z       "duration_ms": 3554.321983,
2026-10-07T14:38:08.1140489Z       "group": "other"
2026-10-07T14:38:08.1140708Z     },
2026-10-07T14:38:08.1140893Z     {
2026-10-07T14:38:08.1141187Z       "file": "backend/web/r136.test.cjs",
2026-10-07T14:38:08.1141535Z       "duration_ms": 1491.047208,
2026-10-07T14:38:08.1141819Z       "group": "other"
2026-10-07T14:38:08.1142030Z     },
2026-10-07T14:38:08.1142203Z     {
2026-10-07T14:38:08.1142494Z       "file": "backend/web/r146.test.cjs",
2026-10-07T14:38:08.1142837Z       "duration_ms": 129.235981,
2026-10-07T14:38:08.1143118Z       "group": "other"
2026-10-07T14:38:08.1143333Z     },
2026-10-07T14:38:08.1143505Z     {
2026-10-07T14:38:08.1143787Z       "file": "backend/web/r150.test.cjs",
2026-10-07T14:38:08.1144124Z       "duration_ms": 115.15269,
2026-10-07T14:38:08.1144407Z       "group": "other"
2026-10-07T14:38:08.1144614Z     },
2026-10-07T14:38:08.1144787Z     {
2026-10-07T14:38:08.1145077Z       "file": "backend/web/r154.test.cjs",
2026-10-07T14:38:08.1145412Z       "duration_ms": 2522.635175,
2026-10-07T14:38:08.1145689Z       "group": "other"
2026-10-07T14:38:08.1145909Z     },
2026-10-07T14:38:08.1146086Z     {
2026-10-07T14:38:08.1146523Z       "file": "backend/web/r156.test.cjs",
2026-10-07T14:38:08.1147233Z       "duration_ms": 93.146102,
2026-10-07T14:38:08.1147529Z       "group": "other"
2026-10-07T14:38:08.1147750Z     },
2026-10-07T14:38:08.1147926Z     {
2026-10-07T14:38:08.1148217Z       "file": "backend/web/r158.test.cjs",
2026-10-07T14:38:08.1148566Z       "duration_ms": 1829.553809,
2026-10-07T14:38:08.1148850Z       "group": "other"
2026-10-07T14:38:08.1149067Z     },
2026-10-07T14:38:08.1149240Z     {
2026-10-07T14:38:08.1149521Z       "file": "backend/web/r160.test.cjs",
2026-10-07T14:38:08.1149867Z       "duration_ms": 1169.455775,
2026-10-07T14:38:08.1150148Z       "group": "other"
2026-10-07T14:38:08.1150362Z     },
2026-10-07T14:38:08.1150535Z     {
2026-10-07T14:38:08.1150822Z       "file": "backend/web/r161.test.cjs",
2026-10-07T14:38:08.1151155Z       "duration_ms": 65.609787,
2026-10-07T14:38:08.1151427Z       "group": "other"
2026-10-07T14:38:08.1151638Z     },
2026-10-07T14:38:08.1151810Z     {
2026-10-07T14:38:08.1152102Z       "file": "backend/web/r163.test.cjs",
2026-10-07T14:38:08.1152451Z       "duration_ms": 66.972734,
2026-10-07T14:38:08.1152721Z       "group": "other"
2026-10-07T14:38:08.1152931Z     },
2026-10-07T14:38:08.1153104Z     {
2026-10-07T14:38:08.1153391Z       "file": "backend/web/r164.test.cjs",
2026-10-07T14:38:08.1153730Z       "duration_ms": 111.117775,
2026-10-07T14:38:08.1154008Z       "group": "other"
2026-10-07T14:38:08.1154227Z     },
2026-10-07T14:38:08.1154403Z     {
2026-10-07T14:38:08.1154681Z       "file": "backend/web/r166.test.cjs",
2026-10-07T14:38:08.1155018Z       "duration_ms": 75.35881,
2026-10-07T14:38:08.1155389Z       "group": "other"
2026-10-07T14:38:08.1155597Z     },
2026-10-07T14:38:08.1155774Z     {
2026-10-07T14:38:08.1156054Z       "file": "backend/web/r175.test.cjs",
2026-10-07T14:38:08.1156389Z       "duration_ms": 1257.616356,
2026-10-07T14:38:08.1156665Z       "group": "other"
2026-10-07T14:38:08.1156877Z     },
2026-10-07T14:38:08.1157319Z     {
2026-10-07T14:38:08.1157608Z       "file": "backend/web/r179.test.cjs",
2026-10-07T14:38:08.1157953Z       "duration_ms": 2988.16235,
2026-10-07T14:38:08.1158226Z       "group": "other"
2026-10-07T14:38:08.1158435Z     },
2026-10-07T14:38:08.1158612Z     {
2026-10-07T14:38:08.1158892Z       "file": "backend/web/r180.test.cjs",
2026-10-07T14:38:08.1159229Z       "duration_ms": 1916.551986,
2026-10-07T14:38:08.1159511Z       "group": "other"
2026-10-07T14:38:08.1159717Z     },
2026-10-07T14:38:08.1159892Z     {
2026-10-07T14:38:08.1160173Z       "file": "backend/web/r181.test.cjs",
2026-10-07T14:38:08.1160512Z       "duration_ms": 1359.018472,
2026-10-07T14:38:08.1160787Z       "group": "other"
2026-10-07T14:38:08.1160998Z     },
2026-10-07T14:38:08.1161181Z     {
2026-10-07T14:38:08.1161465Z       "file": "backend/web/r183.test.cjs",
2026-10-07T14:38:08.1161802Z       "duration_ms": 1018.661492,
2026-10-07T14:38:08.1162083Z       "group": "other"
2026-10-07T14:38:08.1162289Z     },
2026-10-07T14:38:08.1162469Z     {
2026-10-07T14:38:08.1162751Z       "file": "backend/web/r185.test.cjs",
2026-10-07T14:38:08.1163097Z       "duration_ms": 147.280547,
2026-10-07T14:38:08.1163371Z       "group": "other"
2026-10-07T14:38:08.1163617Z     },
2026-10-07T14:38:08.1163797Z     {
2026-10-07T14:38:08.1164183Z       "file": "desktop/overview-render-200-expand.test.cjs",
2026-10-07T14:38:08.1164605Z       "duration_ms": 53794.344065,
2026-10-07T14:38:08.1164911Z       "group": "large-dom"
2026-10-07T14:38:08.1165141Z     },
2026-10-07T14:38:08.1165313Z     {
2026-10-07T14:38:08.1165603Z       "file": "backend/web/r188.test.cjs",
2026-10-07T14:38:08.1165950Z       "duration_ms": 2213.259952,
2026-10-07T14:38:08.1166226Z       "group": "other"
2026-10-07T14:38:08.1166440Z     },
2026-10-07T14:38:08.1166612Z     {
2026-10-07T14:38:08.1167255Z       "file": "desktop/overview-render-200-controls.test.cjs",
2026-10-07T14:38:08.1167684Z       "duration_ms": 60200.047944,
2026-10-07T14:38:08.1167984Z       "group": "large-dom"
2026-10-07T14:38:08.1168351Z     },
2026-10-07T14:38:08.1168545Z     {
2026-10-07T14:38:08.1168965Z       "file": "backend/web/r189.test.cjs",
2026-10-07T14:38:08.1169325Z       "duration_ms": 1869.723906,
2026-10-07T14:38:08.1169612Z       "group": "other"
2026-10-07T14:38:08.1169839Z     },
2026-10-07T14:38:08.1170018Z     {
2026-10-07T14:38:08.1170310Z       "file": "backend/web/r190.test.cjs",
2026-10-07T14:38:08.1170665Z       "duration_ms": 2002.093689,
2026-10-07T14:38:08.1170947Z       "group": "other"
2026-10-07T14:38:08.1171163Z     },
2026-10-07T14:38:08.1171338Z     {
2026-10-07T14:38:08.1171631Z       "file": "backend/web/r191.test.cjs",
2026-10-07T14:38:08.1171973Z       "duration_ms": 1558.710848,
2026-10-07T14:38:08.1172250Z       "group": "other"
2026-10-07T14:38:08.1172467Z     },
2026-10-07T14:38:08.1172642Z     {
2026-10-07T14:38:08.1172923Z       "file": "backend/web/r193.test.cjs",
2026-10-07T14:38:08.1173268Z       "duration_ms": 1224.16612,
2026-10-07T14:38:08.1173549Z       "group": "other"
2026-10-07T14:38:08.1173767Z     },
2026-10-07T14:38:08.1173941Z     {
2026-10-07T14:38:08.1174234Z       "file": "backend/web/r194.test.cjs",
2026-10-07T14:38:08.1174572Z       "duration_ms": 1260.60033,
2026-10-07T14:38:08.1174846Z       "group": "other"
2026-10-07T14:38:08.1175062Z     },
2026-10-07T14:38:08.1175235Z     {
2026-10-07T14:38:08.1175514Z       "file": "backend/web/r195.test.cjs",
2026-10-07T14:38:08.1175856Z       "duration_ms": 1416.229052,
2026-10-07T14:38:08.1176133Z       "group": "other"
2026-10-07T14:38:08.1176341Z     },
2026-10-07T14:38:08.1176512Z     {
2026-10-07T14:38:08.1176798Z       "file": "backend/web/r196.test.cjs",
2026-10-07T14:38:08.1177358Z       "duration_ms": 4895.65073,
2026-10-07T14:38:08.1177636Z       "group": "other"
2026-10-07T14:38:08.1177853Z     },
2026-10-07T14:38:08.1178027Z     {
2026-10-07T14:38:08.1178307Z       "file": "backend/web/r197.test.cjs",
2026-10-07T14:38:08.1178649Z       "duration_ms": 1295.906349,
2026-10-07T14:38:08.1178925Z       "group": "other"
2026-10-07T14:38:08.1179139Z     },
2026-10-07T14:38:08.1179317Z     {
2026-10-07T14:38:08.1179601Z       "file": "backend/web/r198.test.cjs",
2026-10-07T14:38:08.1179939Z       "duration_ms": 1453.821837,
2026-10-07T14:38:08.1180212Z       "group": "other"
2026-10-07T14:38:08.1180428Z     },
2026-10-07T14:38:08.1180602Z     {
2026-10-07T14:38:08.1180880Z       "file": "backend/web/r203.test.cjs",
2026-10-07T14:38:08.1181220Z       "duration_ms": 1545.16239,
2026-10-07T14:38:08.1181521Z       "group": "other"
2026-10-07T14:38:08.1181729Z     },
2026-10-07T14:38:08.1181907Z     {
2026-10-07T14:38:08.1182199Z       "file": "backend/web/r204.test.cjs",
2026-10-07T14:38:08.1182535Z       "duration_ms": 2281.796117,
2026-10-07T14:38:08.1182809Z       "group": "other"
2026-10-07T14:38:08.1183023Z     },
2026-10-07T14:38:08.1183198Z     {
2026-10-07T14:38:08.1183512Z       "file": "backend/web/r206-arena.test.cjs",
2026-10-07T14:38:08.1183880Z       "duration_ms": 92.976667,
2026-10-07T14:38:08.1184160Z       "group": "other"
2026-10-07T14:38:08.1184371Z     },
2026-10-07T14:38:08.1184553Z     {
2026-10-07T14:38:08.1184953Z       "file": "desktop/overview-render-200-external.test.cjs",
2026-10-07T14:38:08.1185371Z       "duration_ms": 75847.875561,
2026-10-07T14:38:08.1185672Z       "group": "large-dom"
2026-10-07T14:38:08.1185908Z     },
2026-10-07T14:38:08.1186082Z     {
2026-10-07T14:38:08.1186456Z       "file": "backend/web/r206-collection-image.test.cjs",
2026-10-07T14:38:08.1186852Z       "duration_ms": 1512.662144,
2026-10-07T14:38:08.1187475Z       "group": "other"
2026-10-07T14:38:08.1187695Z     },
2026-10-07T14:38:08.1187871Z     {
2026-10-07T14:38:08.1188185Z       "file": "backend/web/r206-relay.test.cjs",
2026-10-07T14:38:08.1188553Z       "duration_ms": 1476.13663,
2026-10-07T14:38:08.1188833Z       "group": "other"
2026-10-07T14:38:08.1189046Z     },
2026-10-07T14:38:08.1189224Z     {
2026-10-07T14:38:08.1189509Z       "file": "backend/web/r207.test.cjs",
2026-10-07T14:38:08.1189996Z       "duration_ms": 2260.295426,
2026-10-07T14:38:08.1190286Z       "group": "other"
2026-10-07T14:38:08.1190616Z     },
2026-10-07T14:38:08.1190788Z     {
2026-10-07T14:38:08.1191073Z       "file": "backend/web/r208.test.cjs",
2026-10-07T14:38:08.1191416Z       "duration_ms": 1329.355497,
2026-10-07T14:38:08.1191692Z       "group": "other"
2026-10-07T14:38:08.1191904Z     },
2026-10-07T14:38:08.1192084Z     {
2026-10-07T14:38:08.1192363Z       "file": "backend/web/r209.test.cjs",
2026-10-07T14:38:08.1192698Z       "duration_ms": 4763.41093,
2026-10-07T14:38:08.1192980Z       "group": "other"
2026-10-07T14:38:08.1193190Z     },
2026-10-07T14:38:08.1193364Z     {
2026-10-07T14:38:08.1193644Z       "file": "backend/web/r210.test.cjs",
2026-10-07T14:38:08.1193984Z       "duration_ms": 2539.416233,
2026-10-07T14:38:08.1194259Z       "group": "other"
2026-10-07T14:38:08.1194467Z     },
2026-10-07T14:38:08.1194652Z     {
2026-10-07T14:38:08.1194930Z       "file": "backend/web/r211.test.cjs",
2026-10-07T14:38:08.1195270Z       "duration_ms": 1522.598569,
2026-10-07T14:38:08.1195549Z       "group": "other"
2026-10-07T14:38:08.1195766Z     },
2026-10-07T14:38:08.1195942Z     {
2026-10-07T14:38:08.1196221Z       "file": "backend/web/r213.test.cjs",
2026-10-07T14:38:08.1196563Z       "duration_ms": 2228.98089,
2026-10-07T14:38:08.1196838Z       "group": "other"
2026-10-07T14:38:08.1197324Z     },
2026-10-07T14:38:08.1197509Z     {
2026-10-07T14:38:08.1197796Z       "file": "backend/web/r214.test.cjs",
2026-10-07T14:38:08.1198135Z       "duration_ms": 1600.094465,
2026-10-07T14:38:08.1198413Z       "group": "other"
2026-10-07T14:38:08.1198616Z     },
2026-10-07T14:38:08.1198788Z     {
2026-10-07T14:38:08.1199066Z       "file": "backend/web/r216.test.cjs",
2026-10-07T14:38:08.1199403Z       "duration_ms": 2043.958241,
2026-10-07T14:38:08.1199676Z       "group": "other"
2026-10-07T14:38:08.1199878Z     },
2026-10-07T14:38:08.1200054Z     {
2026-10-07T14:38:08.1200332Z       "file": "backend/web/r219.test.cjs",
2026-10-07T14:38:08.1200671Z       "duration_ms": 2715.846026,
2026-10-07T14:38:08.1200950Z       "group": "other"
2026-10-07T14:38:08.1201160Z     },
2026-10-07T14:38:08.1201335Z     {
2026-10-07T14:38:08.1201715Z       "file": "desktop/overview-render-200-filter.test.cjs",
2026-10-07T14:38:08.1202128Z       "duration_ms": 47078.062834,
2026-10-07T14:38:08.1202424Z       "group": "large-dom"
2026-10-07T14:38:08.1202655Z     },
2026-10-07T14:38:08.1202833Z     {
2026-10-07T14:38:08.1203151Z       "file": "backend/web/r220-region.test.cjs",
2026-10-07T14:38:08.1203517Z       "duration_ms": 1648.98257,
2026-10-07T14:38:08.1203797Z       "group": "other"
2026-10-07T14:38:08.1204010Z     },
2026-10-07T14:38:08.1204184Z     {
2026-10-07T14:38:08.1204471Z       "file": "backend/web/r223.test.cjs",
2026-10-07T14:38:08.1204808Z       "duration_ms": 1976.839856,
2026-10-07T14:38:08.1205091Z       "group": "other"
2026-10-07T14:38:08.1205304Z     },
2026-10-07T14:38:08.1205475Z     {
2026-10-07T14:38:08.1205755Z       "file": "backend/web/r224.test.cjs",
2026-10-07T14:38:08.1206096Z       "duration_ms": 2160.29547,
2026-10-07T14:38:08.1206383Z       "group": "other"
2026-10-07T14:38:08.1206594Z     },
2026-10-07T14:38:08.1206768Z     {
2026-10-07T14:38:08.1207313Z       "file": "backend/web/r229.test.cjs",
2026-10-07T14:38:08.1207662Z       "duration_ms": 1762.294027,
2026-10-07T14:38:08.1207941Z       "group": "other"
2026-10-07T14:38:08.1208156Z     },
2026-10-07T14:38:08.1208328Z     {
2026-10-07T14:38:08.1208610Z       "file": "backend/web/r230.test.cjs",
2026-10-07T14:38:08.1208948Z       "duration_ms": 1688.84299,
2026-10-07T14:38:08.1209227Z       "group": "other"
2026-10-07T14:38:08.1209440Z     },
2026-10-07T14:38:08.1209611Z     {
2026-10-07T14:38:08.1209899Z       "file": "backend/web/r235.test.cjs",
2026-10-07T14:38:08.1210238Z       "duration_ms": 1306.693291,
2026-10-07T14:38:08.1210512Z       "group": "other"
2026-10-07T14:38:08.1210726Z     },
2026-10-07T14:38:08.1210897Z     {
2026-10-07T14:38:08.1211318Z       "file": "backend/web/r241.test.cjs",
2026-10-07T14:38:08.1211670Z       "duration_ms": 1391.983901,
2026-10-07T14:38:08.1212054Z       "group": "other"
2026-10-07T14:38:08.1212263Z     },
2026-10-07T14:38:08.1212436Z     {
2026-10-07T14:38:08.1212720Z       "file": "backend/web/r244.test.cjs",
2026-10-07T14:38:08.1213057Z       "duration_ms": 1064.256469,
2026-10-07T14:38:08.1213330Z       "group": "other"
2026-10-07T14:38:08.1213543Z     },
2026-10-07T14:38:08.1213715Z     {
2026-10-07T14:38:08.1214052Z       "file": "backend/web/r87-p2p3-verify.test.cjs",
2026-10-07T14:38:08.1214432Z       "duration_ms": 35.900515,
2026-10-07T14:38:08.1214707Z       "group": "other"
2026-10-07T14:38:08.1214919Z     },
2026-10-07T14:38:08.1215091Z     {
2026-10-07T14:38:08.1215478Z       "file": "backend/web/r87-p5-independent-verify.test.cjs",
2026-10-07T14:38:08.1215887Z       "duration_ms": 32.890998,
2026-10-07T14:38:08.1216153Z       "group": "other"
2026-10-07T14:38:08.1216366Z     },
2026-10-07T14:38:08.1216539Z     {
2026-10-07T14:38:08.1217139Z       "file": "backend/web/r87-p8-independent-verify.test.cjs",
2026-10-07T14:38:08.1217654Z       "duration_ms": 31.535398,
2026-10-07T14:38:08.1217929Z       "group": "other"
2026-10-07T14:38:08.1218144Z     },
2026-10-07T14:38:08.1218328Z     {
2026-10-07T14:38:08.1218617Z       "file": "backend/web/r87.test.cjs",
2026-10-07T14:38:08.1218964Z       "duration_ms": 134.811639,
2026-10-07T14:38:08.1219239Z       "group": "other"
2026-10-07T14:38:08.1219459Z     },
2026-10-07T14:38:08.1219639Z     {
2026-10-07T14:38:08.1219920Z       "file": "backend/web/r88.test.cjs",
2026-10-07T14:38:08.1220266Z       "duration_ms": 336.298835,
2026-10-07T14:38:08.1220544Z       "group": "other"
2026-10-07T14:38:08.1220754Z     },
2026-10-07T14:38:08.1220934Z     {
2026-10-07T14:38:08.1221209Z       "file": "backend/web/r89.test.cjs",
2026-10-07T14:38:08.1221541Z       "duration_ms": 142.57515,
2026-10-07T14:38:08.1221815Z       "group": "other"
2026-10-07T14:38:08.1222022Z     },
2026-10-07T14:38:08.1222196Z     {
2026-10-07T14:38:08.1222477Z       "file": "backend/web/r90.test.cjs",
2026-10-07T14:38:08.1222817Z       "duration_ms": 111.721707,
2026-10-07T14:38:08.1223088Z       "group": "other"
2026-10-07T14:38:08.1223294Z     },
2026-10-07T14:38:08.1223472Z     {
2026-10-07T14:38:08.1223793Z       "file": "backend/web/r91-addendum.test.cjs",
2026-10-07T14:38:08.1224167Z       "duration_ms": 1716.421475,
2026-10-07T14:38:08.1224451Z       "group": "other"
2026-10-07T14:38:08.1224663Z     },
2026-10-07T14:38:08.1224838Z     {
2026-10-07T14:38:08.1225121Z       "file": "backend/web/r91.test.cjs",
2026-10-07T14:38:08.1225468Z       "duration_ms": 1714.842849,
2026-10-07T14:38:08.1225747Z       "group": "other"
2026-10-07T14:38:08.1225960Z     },
2026-10-07T14:38:08.1226137Z     {
2026-10-07T14:38:08.1226414Z       "file": "backend/web/r94.test.cjs",
2026-10-07T14:38:08.1226756Z       "duration_ms": 1512.812223,
2026-10-07T14:38:08.1227271Z       "group": "other"
2026-10-07T14:38:08.1227485Z     },
2026-10-07T14:38:08.1227660Z     {
2026-10-07T14:38:08.1227942Z       "file": "backend/web/r95.test.cjs",
2026-10-07T14:38:08.1228290Z       "duration_ms": 2294.148809,
2026-10-07T14:38:08.1228566Z       "group": "other"
2026-10-07T14:38:08.1228778Z     },
2026-10-07T14:38:08.1228955Z     {
2026-10-07T14:38:08.1229285Z       "file": "backend/web/remaining-sort.test.cjs",
2026-10-07T14:38:08.1229662Z       "duration_ms": 135.789077,
2026-10-07T14:38:08.1229944Z       "group": "other"
2026-10-07T14:38:08.1230151Z     },
2026-10-07T14:38:08.1230323Z     {
2026-10-07T14:38:08.1230630Z       "file": "backend/web/runtime.test.cjs",
2026-10-07T14:38:08.1230982Z       "duration_ms": 215.921501,
2026-10-07T14:38:08.1231263Z       "group": "other"
2026-10-07T14:38:08.1231470Z     },
2026-10-07T14:38:08.1231646Z     {
2026-10-07T14:38:08.1231936Z       "file": "backend/web/suite.test.cjs",
2026-10-07T14:38:08.1232285Z       "duration_ms": 2194.266221,
2026-10-07T14:38:08.1232564Z       "group": "other"
2026-10-07T14:38:08.1232772Z     },
2026-10-07T14:38:08.1233088Z     {
2026-10-07T14:38:08.1233438Z       "file": "desktop/backend-integrity.test.cjs",
2026-10-07T14:38:08.1233926Z       "duration_ms": 94.376973,
2026-10-07T14:38:08.1234205Z       "group": "other"
2026-10-07T14:38:08.1234419Z     },
2026-10-07T14:38:08.1234591Z     {
2026-10-07T14:38:08.1234917Z       "file": "desktop/backend-lifecycle.test.cjs",
2026-10-07T14:38:08.1235287Z       "duration_ms": 1575.533019,
2026-10-07T14:38:08.1235565Z       "group": "other"
2026-10-07T14:38:08.1235770Z     },
2026-10-07T14:38:08.1235940Z     {
2026-10-07T14:38:08.1236331Z       "file": "desktop/overview-render-200-timeline.test.cjs",
2026-10-07T14:38:08.1236747Z       "duration_ms": 49618.143296,
2026-10-07T14:38:08.1237303Z       "group": "large-dom"
2026-10-07T14:38:08.1237542Z     },
2026-10-07T14:38:08.1237715Z     {
2026-10-07T14:38:08.1238047Z       "file": "desktop/build-fingerprint.test.cjs",
2026-10-07T14:38:08.1238425Z       "duration_ms": 1760.312136,
2026-10-07T14:38:08.1238710Z       "group": "other"
2026-10-07T14:38:08.1238920Z     },
2026-10-07T14:38:08.1239093Z     {
2026-10-07T14:38:08.1239412Z       "file": "desktop/desktop-log.test.cjs",
2026-10-07T14:38:08.1239766Z       "duration_ms": 633.242452,
2026-10-07T14:38:08.1240040Z       "group": "other"
2026-10-07T14:38:08.1240252Z     },
2026-10-07T14:38:08.1240424Z     {
2026-10-07T14:38:08.1240748Z       "file": "desktop/diagnostics-0006.test.cjs",
2026-10-07T14:38:08.1241122Z       "duration_ms": 1589.134977,
2026-10-07T14:38:08.1241394Z       "group": "other"
2026-10-07T14:38:08.1241600Z     },
2026-10-07T14:38:08.1241773Z     {
2026-10-07T14:38:08.1242097Z       "file": "desktop/diagnostics-1042.test.cjs",
2026-10-07T14:38:08.1242461Z       "duration_ms": 1151.407245,
2026-10-07T14:38:08.1242736Z       "group": "other"
2026-10-07T14:38:08.1242949Z     },
2026-10-07T14:38:08.1243119Z     {
2026-10-07T14:38:08.1243437Z       "file": "desktop/diagnostics-2024.test.cjs",
2026-10-07T14:38:08.1243802Z       "duration_ms": 1537.073502,
2026-10-07T14:38:08.1244084Z       "group": "other"
2026-10-07T14:38:08.1244293Z     },
2026-10-07T14:38:08.1244472Z     {
2026-10-07T14:38:08.1244789Z       "file": "desktop/diagnostics-2135.test.cjs",
2026-10-07T14:38:08.1245150Z       "duration_ms": 1981.081031,
2026-10-07T14:38:08.1245426Z       "group": "other"
2026-10-07T14:38:08.1245639Z     },
2026-10-07T14:38:08.1245809Z     {
2026-10-07T14:38:08.1246129Z       "file": "desktop/diagnostics-2244.test.cjs",
2026-10-07T14:38:08.1246494Z       "duration_ms": 1226.752459,
2026-10-07T14:38:08.1246768Z       "group": "other"
2026-10-07T14:38:08.1247225Z     },
2026-10-07T14:38:08.1247409Z     {
2026-10-07T14:38:08.1247756Z       "file": "desktop/diagnostics-export.test.cjs",
2026-10-07T14:38:08.1248140Z       "duration_ms": 99.986976,
2026-10-07T14:38:08.1248425Z       "group": "other"
2026-10-07T14:38:08.1248636Z     },
2026-10-07T14:38:08.1248810Z     {
2026-10-07T14:38:08.1249188Z       "file": "desktop/overview-render-200-images.test.cjs",
2026-10-07T14:38:08.1249610Z       "duration_ms": 80106.434522,
2026-10-07T14:38:08.1249907Z       "group": "large-dom"
2026-10-07T14:38:08.1250140Z     },
2026-10-07T14:38:08.1250317Z     {
2026-10-07T14:38:08.1250634Z       "file": "desktop/disabled-build.test.cjs",
2026-10-07T14:38:08.1251007Z       "duration_ms": 1499.246838,
2026-10-07T14:38:08.1251288Z       "group": "other"
2026-10-07T14:38:08.1251497Z     },
2026-10-07T14:38:08.1251669Z     {
2026-10-07T14:38:08.1251982Z       "file": "desktop/installer-nsh.test.cjs",
2026-10-07T14:38:08.1252355Z       "duration_ms": 131.800736,
2026-10-07T14:38:08.1252632Z       "group": "other"
2026-10-07T14:38:08.1252840Z     },
2026-10-07T14:38:08.1253016Z     {
2026-10-07T14:38:08.1253338Z       "file": "desktop/installer-shell.test.cjs",
2026-10-07T14:38:08.1253707Z       "duration_ms": 2130.252397,
2026-10-07T14:38:08.1253989Z       "group": "other"
2026-10-07T14:38:08.1254197Z     },
2026-10-07T14:38:08.1254371Z     {
2026-10-07T14:38:08.1254893Z       "file": "desktop/installer-startup.test.cjs",
2026-10-07T14:38:08.1255278Z       "duration_ms": 1530.149018,
2026-10-07T14:38:08.1255668Z       "group": "other"
2026-10-07T14:38:08.1255881Z     },
2026-10-07T14:38:08.1256061Z     {
2026-10-07T14:38:08.1256391Z       "file": "desktop/portable-template.test.cjs",
2026-10-07T14:38:08.1256764Z       "duration_ms": 104.162557,
2026-10-07T14:38:08.1257267Z       "group": "other"
2026-10-07T14:38:08.1257479Z     },
2026-10-07T14:38:08.1257651Z     {
2026-10-07T14:38:08.1257982Z       "file": "desktop/proxy-resolution.test.cjs",
2026-10-07T14:38:08.1258346Z       "duration_ms": 60.430178,
2026-10-07T14:38:08.1258618Z       "group": "other"
2026-10-07T14:38:08.1258831Z     },
2026-10-07T14:38:08.1259003Z     {
2026-10-07T14:38:08.1259275Z       "file": "desktop/r100.test.cjs",
2026-10-07T14:38:08.1259605Z       "duration_ms": 88.146657,
2026-10-07T14:38:08.1259882Z       "group": "other"
2026-10-07T14:38:08.1260088Z     },
2026-10-07T14:38:08.1260259Z     {
2026-10-07T14:38:08.1260573Z       "file": "desktop/r110-export.test.cjs",
2026-10-07T14:38:08.1260924Z       "duration_ms": 77.630904,
2026-10-07T14:38:08.1261197Z       "group": "other"
2026-10-07T14:38:08.1261408Z     },
2026-10-07T14:38:08.1261582Z     {
2026-10-07T14:38:08.1261857Z       "file": "desktop/r175.test.cjs",
2026-10-07T14:38:08.1262185Z       "duration_ms": 100.145014,
2026-10-07T14:38:08.1262466Z       "group": "other"
2026-10-07T14:38:08.1262674Z     },
2026-10-07T14:38:08.1262847Z     {
2026-10-07T14:38:08.1263122Z       "file": "desktop/r185.test.cjs",
2026-10-07T14:38:08.1263446Z       "duration_ms": 93.508428,
2026-10-07T14:38:08.1263751Z       "group": "other"
2026-10-07T14:38:08.1263963Z     },
2026-10-07T14:38:08.1264134Z     {
2026-10-07T14:38:08.1264407Z       "file": "desktop/r196.test.cjs",
2026-10-07T14:38:08.1264729Z       "duration_ms": 72.458481,
2026-10-07T14:38:08.1265000Z       "group": "other"
2026-10-07T14:38:08.1265209Z     },
2026-10-07T14:38:08.1265380Z     {
2026-10-07T14:38:08.1265660Z       "file": "desktop/r201.test.cjs",
2026-10-07T14:38:08.1265981Z       "duration_ms": 70.386992,
2026-10-07T14:38:08.1266252Z       "group": "other"
2026-10-07T14:38:08.1266463Z     },
2026-10-07T14:38:08.1266633Z     {
2026-10-07T14:38:08.1267097Z       "file": "desktop/r204.test.cjs",
2026-10-07T14:38:08.1267481Z       "duration_ms": 68.01424,
2026-10-07T14:38:08.1267754Z       "group": "other"
2026-10-07T14:38:08.1267962Z     },
2026-10-07T14:38:08.1268133Z     {
2026-10-07T14:38:08.1268497Z       "file": "desktop/overview-render-career.test.cjs",
2026-10-07T14:38:08.1268899Z       "duration_ms": 41129.904719,
2026-10-07T14:38:08.1269194Z       "group": "large-dom"
2026-10-07T14:38:08.1269428Z     },
2026-10-07T14:38:08.1269599Z     {
2026-10-07T14:38:08.1269875Z       "file": "desktop/r206.test.cjs",
2026-10-07T14:38:08.1270202Z       "duration_ms": 73.347731,
2026-10-07T14:38:08.1270474Z       "group": "other"
2026-10-07T14:38:08.1270682Z     },
2026-10-07T14:38:08.1270854Z     {
2026-10-07T14:38:08.1271179Z       "file": "desktop/r230-clipboard.test.cjs",
2026-10-07T14:38:08.1271536Z       "duration_ms": 69.630773,
2026-10-07T14:38:08.1277618Z       "group": "other"
2026-10-07T14:38:08.1277928Z     },
2026-10-07T14:38:08.1278123Z     {
2026-10-07T14:38:08.1278465Z       "file": "desktop/r230-render.test.cjs",
2026-10-07T14:38:08.1278852Z       "duration_ms": 7409.3139,
2026-10-07T14:38:08.1279150Z       "group": "other"
2026-10-07T14:38:08.1279382Z     },
2026-10-07T14:38:08.1279577Z     {
2026-10-07T14:38:08.1279973Z       "file": "desktop/r87-p8-independent-verify.test.cjs",
2026-10-07T14:38:08.1280398Z       "duration_ms": 38.203504,
2026-10-07T14:38:08.1280686Z       "group": "other"
2026-10-07T14:38:08.1280906Z     },
2026-10-07T14:38:08.1281085Z     {
2026-10-07T14:38:08.1281428Z       "file": "desktop/r88-diagnostics.test.cjs",
2026-10-07T14:38:08.1281811Z       "duration_ms": 144.537634,
2026-10-07T14:38:08.1282100Z       "group": "other"
2026-10-07T14:38:08.1282318Z     },
2026-10-07T14:38:08.1282503Z     {
2026-10-07T14:38:08.1283008Z       "file": "desktop/release-build.test.cjs",
2026-10-07T14:38:08.1283509Z       "duration_ms": 123.771199,
2026-10-07T14:38:08.1283794Z       "group": "other"
2026-10-07T14:38:08.1284012Z     },
2026-10-07T14:38:08.1284198Z     {
2026-10-07T14:38:08.1284552Z       "file": "desktop/release-quality-gates.test.cjs",
2026-10-07T14:38:08.1284950Z       "duration_ms": 2861.779409,
2026-10-07T14:38:08.1285236Z       "group": "other"
2026-10-07T14:38:08.1285456Z     },
2026-10-07T14:38:08.1285632Z     {
2026-10-07T14:38:08.1285947Z       "file": "desktop/share-export.test.cjs",
2026-10-07T14:38:08.1286319Z       "duration_ms": 153.275116,
2026-10-07T14:38:08.1286598Z       "group": "other"
2026-10-07T14:38:08.1286810Z     },
2026-10-07T14:38:08.1287301Z     {
2026-10-07T14:38:08.1287739Z       "file": "desktop/overview-render-controls-mutants.test.cjs",
2026-10-07T14:38:08.1288183Z       "duration_ms": 27599.897995,
2026-10-07T14:38:08.1288489Z       "group": "large-dom"
2026-10-07T14:38:08.1288731Z     },
2026-10-07T14:38:08.1288914Z     {
2026-10-07T14:38:08.1289254Z       "file": "desktop/startup-assets.test.cjs",
2026-10-07T14:38:08.1289643Z       "duration_ms": 2599.956499,
2026-10-07T14:38:08.1289933Z       "group": "other"
2026-10-07T14:38:08.1290149Z     },
2026-10-07T14:38:08.1290333Z     {
2026-10-07T14:38:08.1290663Z       "file": "desktop/startup-sequence.test.cjs",
2026-10-07T14:38:08.1291036Z       "duration_ms": 92.934596,
2026-10-07T14:38:08.1291319Z       "group": "other"
2026-10-07T14:38:08.1291532Z     },
2026-10-07T14:38:08.1291705Z     {
2026-10-07T14:38:08.1292049Z       "file": "desktop/startup-visibility.test.cjs",
2026-10-07T14:38:08.1292422Z       "duration_ms": 93.479764,
2026-10-07T14:38:08.1292698Z       "group": "other"
2026-10-07T14:38:08.1292907Z     },
2026-10-07T14:38:08.1293085Z     {
2026-10-07T14:38:08.1293414Z       "file": "desktop/summoner-identity.test.cjs",
2026-10-07T14:38:08.1293786Z       "duration_ms": 1652.392178,
2026-10-07T14:38:08.1294075Z       "group": "other"
2026-10-07T14:38:08.1294284Z     },
2026-10-07T14:38:08.1294461Z     {
2026-10-07T14:38:08.1294788Z       "file": "desktop/ui-scale-render.test.cjs",
2026-10-07T14:38:08.1295162Z       "duration_ms": 5284.938312,
2026-10-07T14:38:08.1295444Z       "group": "other"
2026-10-07T14:38:08.1295664Z     },
2026-10-07T14:38:08.1295840Z     {
2026-10-07T14:38:08.1296135Z       "file": "desktop/ui-scale.test.cjs",
2026-10-07T14:38:08.1296485Z       "duration_ms": 262.888173,
2026-10-07T14:38:08.1296769Z       "group": "other"
2026-10-07T14:38:08.1297190Z     },
2026-10-07T14:38:08.1297372Z     {
2026-10-07T14:38:08.1297708Z       "file": "desktop/update-lifecycle.test.cjs",
2026-10-07T14:38:08.1298083Z       "duration_ms": 120.01659,
2026-10-07T14:38:08.1298357Z       "group": "other"
2026-10-07T14:38:08.1298571Z     },
2026-10-07T14:38:08.1298745Z     {
2026-10-07T14:38:08.1299092Z       "file": "desktop/window-bounds-store.test.cjs",
2026-10-07T14:38:08.1299470Z       "duration_ms": 101.139037,
2026-10-07T14:38:08.1299757Z       "group": "other"
2026-10-07T14:38:08.1299973Z     },
2026-10-07T14:38:08.1300150Z     {
2026-10-07T14:38:08.1300477Z       "file": "desktop/window-bounds.test.cjs",
2026-10-07T14:38:08.1300839Z       "duration_ms": 122.968892,
2026-10-07T14:38:08.1301115Z       "group": "other"
2026-10-07T14:38:08.1301329Z     },
2026-10-07T14:38:08.1301504Z     {
2026-10-07T14:38:08.1301804Z       "file": "scripts/build-stage.test.cjs",
2026-10-07T14:38:08.1302158Z       "duration_ms": 368.232751,
2026-10-07T14:38:08.1302434Z       "group": "other"
2026-10-07T14:38:08.1302643Z     },
2026-10-07T14:38:08.1302819Z     {
2026-10-07T14:38:08.1303147Z       "file": "scripts/go-test-shards.test.cjs",
2026-10-07T14:38:08.1303522Z       "duration_ms": 112.411144,
2026-10-07T14:38:08.1303801Z       "group": "other"
2026-10-07T14:38:08.1304020Z     },
2026-10-07T14:38:08.1304202Z     {
2026-10-07T14:38:08.1304511Z       "file": "scripts/make-release.test.cjs",
2026-10-07T14:38:08.1305020Z       "duration_ms": 91.261225,
2026-10-07T14:38:08.1305303Z       "group": "other"
2026-10-07T14:38:08.1305625Z     },
2026-10-07T14:38:08.1305800Z     {
2026-10-07T14:38:08.1306193Z       "file": "scripts/normalize-source-line-endings.test.cjs",
2026-10-07T14:38:08.1306606Z       "duration_ms": 70.358876,
2026-10-07T14:38:08.1306872Z       "group": "other"
2026-10-07T14:38:08.1307306Z     },
2026-10-07T14:38:08.1307488Z     {
2026-10-07T14:38:08.1307838Z       "file": "scripts/r133-stall-log-report.test.cjs",
2026-10-07T14:38:08.1308220Z       "duration_ms": 92.974673,
2026-10-07T14:38:08.1308487Z       "group": "other"
2026-10-07T14:38:08.1308702Z     },
2026-10-07T14:38:08.1308880Z     {
2026-10-07T14:38:08.1309221Z       "file": "scripts/r82-startup-ab-report.test.cjs",
2026-10-07T14:38:08.1309598Z       "duration_ms": 214.422452,
2026-10-07T14:38:08.1309876Z       "group": "other"
2026-10-07T14:38:08.1310094Z     },
2026-10-07T14:38:08.1310268Z     {
2026-10-07T14:38:08.1310632Z       "file": "desktop/overview-render-events.test.cjs",
2026-10-07T14:38:08.1311033Z       "duration_ms": 35218.286676,
2026-10-07T14:38:08.1311338Z       "group": "large-dom"
2026-10-07T14:38:08.1311588Z     },
2026-10-07T14:38:08.1311777Z     {
2026-10-07T14:38:08.1312125Z       "file": "desktop/overview-render-tools.test.cjs",
2026-10-07T14:38:08.1312503Z       "duration_ms": 27638.932518,
2026-10-07T14:38:08.1312796Z       "group": "large-dom"
2026-10-07T14:38:08.1313021Z     },
2026-10-07T14:38:08.1313192Z     {
2026-10-07T14:38:08.1313531Z       "file": "scripts/r82-startup-ab-script.test.cjs",
2026-10-07T14:38:08.1313911Z       "duration_ms": 19537.261985,
2026-10-07T14:38:08.1314189Z       "group": "other"
2026-10-07T14:38:08.1314401Z     },
2026-10-07T14:38:08.1314579Z     {
2026-10-07T14:38:08.1314913Z       "file": "scripts/setup-only-build.test.cjs",
2026-10-07T14:38:08.1315284Z       "duration_ms": 10595.416675,
2026-10-07T14:38:08.1315567Z       "group": "other"
2026-10-07T14:38:08.1315774Z     },
2026-10-07T14:38:08.1315946Z     {
2026-10-07T14:38:08.1316275Z       "file": "desktop/overview-render.test.cjs",
2026-10-07T14:38:08.1316647Z       "duration_ms": 23857.701219,
2026-10-07T14:38:08.1317164Z       "group": "large-dom"
2026-10-07T14:38:08.1317407Z     },
2026-10-07T14:38:08.1317582Z     {
2026-10-07T14:38:08.1317933Z       "file": "scripts/verify-ci-test-filters.test.cjs",
2026-10-07T14:38:08.1318321Z       "duration_ms": 2690.602988,
2026-10-07T14:38:08.1318610Z       "group": "other"
2026-10-07T14:38:08.1318821Z     },
2026-10-07T14:38:08.1318993Z     {
2026-10-07T14:38:08.1319355Z       "file": "desktop/overview-render-requests.test.cjs",
2026-10-07T14:38:08.1319747Z       "duration_ms": 59338.66058,
2026-10-07T14:38:08.1320033Z       "group": "large-dom"
2026-10-07T14:38:08.1320263Z     },
2026-10-07T14:38:08.1320436Z     {
2026-10-07T14:38:08.1320765Z       "file": "desktop/pro-runes-render.test.cjs",
2026-10-07T14:38:08.1321139Z       "duration_ms": 17201.520595,
2026-10-07T14:38:08.1321436Z       "group": "large-dom"
2026-10-07T14:38:08.1321666Z     },
2026-10-07T14:38:08.1321849Z     {
2026-10-07T14:38:08.1322200Z       "file": "desktop/refresh-orchestration.test.cjs",
2026-10-07T14:38:08.1322579Z       "duration_ms": 11022.141422,
2026-10-07T14:38:08.1322864Z       "group": "large-dom"
2026-10-07T14:38:08.1323087Z     },
2026-10-07T14:38:08.1323261Z     {
2026-10-07T14:38:08.1323638Z       "file": "desktop/specialist-overview-render.test.cjs",
2026-10-07T14:38:08.1324043Z       "duration_ms": 3996.104093,
2026-10-07T14:38:08.1324348Z       "group": "large-dom"
2026-10-07T14:38:08.1324569Z     },
2026-10-07T14:38:08.1324739Z     {
2026-10-07T14:38:08.1325052Z       "file": "desktop/pro-players.test.cjs",
2026-10-07T14:38:08.1325419Z       "duration_ms": 40971.928362,
2026-10-07T14:38:08.1325710Z       "group": "large-dom"
2026-10-07T14:38:08.1325939Z     }
2026-10-07T14:38:08.1326115Z   ],
2026-10-07T14:38:08.1326309Z   "summary": {
2026-10-07T14:38:08.1326537Z     "success": true,
2026-10-07T14:38:08.1327138Z     "counts": {
2026-10-07T14:38:08.1327410Z       "tests": 1332,
2026-10-07T14:38:08.1327783Z       "failed": 0,
2026-10-07T14:38:08.1328027Z       "passed": 1330,
2026-10-07T14:38:08.1328271Z       "cancelled": 0,
2026-10-07T14:38:08.1328507Z       "skipped": 2,
2026-10-07T14:38:08.1328740Z       "todo": 0,
2026-10-07T14:38:08.1328979Z       "topLevel": 1329,
2026-10-07T14:38:08.1329218Z       "suites": 0
2026-10-07T14:38:08.1329420Z     },
2026-10-07T14:38:08.1329672Z     "duration_ms": 239692.23739
2026-10-07T14:38:08.1329901Z   },
2026-10-07T14:38:08.1330098Z   "success": true
2026-10-07T14:38:08.1330305Z }
2026-10-07T14:38:08.1393823Z ##[group]Run actions/upload-artifact@v4
2026-10-07T14:38:08.1394182Z with:
2026-10-07T14:38:08.1394393Z   name: renderer-timings-linux
2026-10-07T14:38:08.1394723Z   path: /home/runner/work/_temp/renderer-timings-linux.json
2026-10-07T14:38:08.1395252Z   if-no-files-found: warn
2026-10-07T14:38:08.1395494Z   compression-level: 6
2026-10-07T14:38:08.1395710Z   overwrite: false
2026-10-07T14:38:08.1395922Z   include-hidden-files: false
2026-10-07T14:38:08.1396322Z ##[endgroup]
2026-10-07T14:38:08.3086777Z (node:12404) [DEP0040] DeprecationWarning: The `punycode` module is deprecated. Please use a userland alternative instead.
2026-10-07T14:38:08.3088546Z (Use `node --trace-deprecation ...` to show where the warning was created)
2026-10-07T14:38:08.3143390Z With the provided path, there will be 1 file uploaded
2026-10-07T14:38:08.3150955Z Artifact name is valid!
2026-10-07T14:38:08.3152916Z Root directory input is valid!
2026-10-07T14:38:08.7072296Z Beginning upload of artifact content to blob storage
2026-10-07T14:38:08.7280897Z (node:12404) [DEP0169] DeprecationWarning: `url.parse()` behavior is not standardized and prone to errors that have security implications. Use the WHATWG URL API instead. CVEs are not issued for `url.parse()` vulnerabilities.
2026-10-07T14:38:08.9830557Z Uploaded bytes 2935
2026-10-07T14:38:09.0563134Z Finished uploading artifact content to blob storage!
2026-10-07T14:38:09.0564414Z SHA256 digest of uploaded artifact zip is 3bf40f38d8212f49b5532961a141022fa2a6c0b77a1d242440eec39fd38ec06b
2026-10-07T14:38:09.0566111Z Finalizing artifact upload
2026-10-07T14:38:09.3693345Z Artifact renderer-timings-linux.zip successfully finalized. Artifact ID 11490562631
2026-10-07T14:38:09.3694362Z Artifact renderer-timings-linux has been successfully uploaded! Final size is 2935 bytes. Artifact ID is 11490562631
2026-10-07T14:38:09.3700074Z Artifact download URL: https://github.com/LLYY0418/Deep-Legends/actions/runs/37637124819/artifacts/11490562631
2026-10-07T14:38:09.3824934Z ##[group]Run node --test relay/riot-worker/*.test.mjs
2026-10-07T14:38:09.3825360Z node --test relay/riot-worker/*.test.mjs
2026-10-07T14:38:09.3888442Z shell: /usr/bin/bash -e {0}
2026-10-07T14:38:09.3888716Z ##[endgroup]
2026-10-07T14:38:09.4388275Z TAP version 13
2026-10-07T14:38:09.5251105Z # Subtest: R206 Worker forwards only the actual Riot GET route whitelist
2026-10-07T14:38:09.5262136Z ok 1 - R206 Worker forwards only the actual Riot GET route whitelist
2026-10-07T14:38:09.5263430Z   ---
2026-10-07T14:38:09.5264168Z   duration_ms: 46.012548
2026-10-07T14:38:09.5264908Z   type: 'test'
2026-10-07T14:38:09.5265550Z   ...
2026-10-07T14:38:09.5266501Z # Subtest: R206 Worker rejects arbitrary paths/hosts/methods without Riot I/O
2026-10-07T14:38:09.5267893Z ok 2 - R206 Worker rejects arbitrary paths/hosts/methods without Riot I/O
2026-10-07T14:38:09.5268316Z   ---
2026-10-07T14:38:09.5268550Z   duration_ms: 1.305546
2026-10-07T14:38:09.5269033Z   type: 'test'
2026-10-07T14:38:09.5269305Z   ...
2026-10-07T14:38:09.5324956Z # Subtest: R206 Worker response caching honors category TTL and contains no identity cache keys
2026-10-07T14:38:09.5335681Z ok 3 - R206 Worker response caching honors category TTL and contains no identity cache keys
2026-10-07T14:38:09.5336518Z   ---
2026-10-07T14:38:09.5342871Z   duration_ms: 7.291331
2026-10-07T14:38:09.5343558Z   type: 'test'
2026-10-07T14:38:09.5344302Z   ...
2026-10-07T14:38:09.6897593Z # Subtest: R206 Worker per-IP limit rejects request 301 and allows another IP
2026-10-07T14:38:09.6899618Z ok 4 - R206 Worker per-IP limit rejects request 301 and allows another IP
2026-10-07T14:38:09.6900498Z   ---
2026-10-07T14:38:09.6900961Z   duration_ms: 157.694346
2026-10-07T14:38:09.6901484Z   type: 'test'
2026-10-07T14:38:09.6901999Z   ...
2026-10-07T14:38:09.6925523Z # Subtest: R206 Worker preserves Riot Retry-After and avoids same-path I/O during cooldown
2026-10-07T14:38:09.6927147Z ok 5 - R206 Worker preserves Riot Retry-After and avoids same-path I/O during cooldown
2026-10-07T14:38:09.6928020Z   ---
2026-10-07T14:38:09.6928458Z   duration_ms: 3.102322
2026-10-07T14:38:09.6928960Z   type: 'test'
2026-10-07T14:38:09.6929367Z   ...
2026-10-07T14:38:09.6961526Z # Subtest: R206 Worker never exposes or logs its secret, including echoed upstream values
2026-10-07T14:38:09.6963381Z ok 6 - R206 Worker never exposes or logs its secret, including echoed upstream values
2026-10-07T14:38:09.6964028Z   ---
2026-10-07T14:38:09.6969211Z   duration_ms: 3.035707
2026-10-07T14:38:09.6969788Z   type: 'test'
2026-10-07T14:38:09.6970157Z   ...
2026-10-07T14:38:09.6970802Z # Subtest: R206 Worker fails closed without a secret or rate limiter
2026-10-07T14:38:09.6971414Z ok 7 - R206 Worker fails closed without a secret or rate limiter
2026-10-07T14:38:09.6971938Z   ---
2026-10-07T14:38:09.6972375Z   duration_ms: 0.411711
2026-10-07T14:38:09.6972849Z   type: 'test'
2026-10-07T14:38:09.6973246Z   ...
2026-10-07T14:38:09.6999717Z # Subtest: R206 Worker rejects upstream redirects without forwarding the secret or Location
2026-10-07T14:38:09.7002915Z ok 8 - R206 Worker rejects upstream redirects without forwarding the secret or Location
2026-10-07T14:38:09.7003425Z   ---
2026-10-07T14:38:09.7003679Z   duration_ms: 3.487872
2026-10-07T14:38:09.7003947Z   type: 'test'
2026-10-07T14:38:09.7004165Z   ...
2026-10-07T14:38:09.7039552Z # Subtest: R208 application cooldown blocks every path on its host, with decreasing remaining time
2026-10-07T14:38:09.7041164Z ok 9 - R208 application cooldown blocks every path on its host, with decreasing remaining time
2026-10-07T14:38:09.7042008Z   ---
2026-10-07T14:38:09.7042408Z   duration_ms: 3.739496
2026-10-07T14:38:09.7042833Z   type: 'test'
2026-10-07T14:38:09.7043182Z   ...
2026-10-07T14:38:09.7126835Z # Subtest: R208 method/service/missing-header cooldowns remain path scoped and default to five seconds
2026-10-07T14:38:09.7130770Z ok 10 - R208 method/service/missing-header cooldowns remain path scoped and default to five seconds
2026-10-07T14:38:09.7132024Z   ---
2026-10-07T14:38:09.7132679Z   duration_ms: 8.721293
2026-10-07T14:38:09.7133164Z   type: 'test'
2026-10-07T14:38:09.7133517Z   ...
2026-10-07T14:38:09.8205213Z # Subtest: R208 IP 429 and controlled upstream failures are JSON rather than false daily-quota pages
2026-10-07T14:38:09.8207136Z ok 11 - R208 IP 429 and controlled upstream failures are JSON rather than false daily-quota pages
2026-10-07T14:38:09.8208064Z   ---
2026-10-07T14:38:09.8208524Z   duration_ms: 107.547355
2026-10-07T14:38:09.8209059Z   type: 'test'
2026-10-07T14:38:09.8209480Z   ...
2026-10-07T14:38:09.9388276Z # Subtest: R208 application remaining time takes precedence when IP limit also expires
2026-10-07T14:38:09.9390162Z ok 12 - R208 application remaining time takes precedence when IP limit also expires
2026-10-07T14:38:09.9390998Z   ---
2026-10-07T14:38:09.9391462Z   duration_ms: 118.234201
2026-10-07T14:38:09.9393472Z   type: 'test'
2026-10-07T14:38:09.9393860Z   ...
2026-10-07T14:38:09.9897688Z # Subtest: R220 every platform and regional cluster has the correct endpoint family
2026-10-07T14:38:09.9900021Z ok 13 - R220 every platform and regional cluster has the correct endpoint family
2026-10-07T14:38:09.9901085Z   ---
2026-10-07T14:38:09.9901652Z   duration_ms: 50.825216
2026-10-07T14:38:09.9902100Z   type: 'test'
2026-10-07T14:38:09.9902453Z   ...
2026-10-07T14:38:09.9917654Z # Subtest: R220 validated platform headers isolate JP and KR cooldowns on shared ASIA without forwarding headers
2026-10-07T14:38:09.9919715Z ok 14 - R220 validated platform headers isolate JP and KR cooldowns on shared ASIA without forwarding headers
2026-10-07T14:38:09.9920595Z   ---
2026-10-07T14:38:09.9920986Z   duration_ms: 2.24134
2026-10-07T14:38:09.9921348Z   type: 'test'
2026-10-07T14:38:09.9921562Z   ...
2026-10-07T14:38:09.9940712Z # Subtest: R220 shared-cluster responses remain platform-scoped in the relay cache
2026-10-07T14:38:09.9943194Z ok 15 - R220 shared-cluster responses remain platform-scoped in the relay cache
2026-10-07T14:38:09.9944453Z   ---
2026-10-07T14:38:09.9945096Z   duration_ms: 2.415094
2026-10-07T14:38:09.9945851Z   type: 'test'
2026-10-07T14:38:09.9946487Z   ...
2026-10-07T14:38:09.9947939Z # Subtest: R231 health is header-only and makes no upstream/quota/identity calls
2026-10-07T14:38:09.9949669Z ok 16 - R231 health is header-only and makes no upstream/quota/identity calls
2026-10-07T14:38:09.9952273Z   ---
2026-10-07T14:38:09.9952749Z   duration_ms: 0.263253
2026-10-07T14:38:09.9953243Z   type: 'test'
2026-10-07T14:38:09.9953671Z   ...
2026-10-07T14:38:10.0089125Z 1..16
2026-10-07T14:38:10.0089668Z # tests 16
2026-10-07T14:38:10.0090123Z # suites 0
2026-10-07T14:38:10.0090571Z # pass 16
2026-10-07T14:38:10.0091100Z # fail 0
2026-10-07T14:38:10.0091651Z # cancelled 0
2026-10-07T14:38:10.0092148Z # skipped 0
2026-10-07T14:38:10.0092652Z # todo 0
2026-10-07T14:38:10.0093300Z # duration_ms 582.336451
2026-10-07T14:38:10.0188176Z ##[group]Run chrome="$(command -v google-chrome-stable || command -v google-chrome || command -v chromium-browser || command -v chromium || true)"
2026-10-07T14:38:10.0189205Z chrome="$(command -v google-chrome-stable || command -v google-chrome || command -v chromium-browser || command -v chromium || true)"
2026-10-07T14:38:10.0190126Z test -n "$chrome" || { echo "no Chrome/Chromium binary on the runner; browser guards must not silently skip" >&2; exit 1; }
2026-10-07T14:38:10.0190697Z echo "using $chrome"
2026-10-07T14:38:10.0191184Z CHROME_BIN="$chrome" R100_BROWSER_OUTPUT="$RUNNER_TEMP/r100-browser" node desktop/r100-browser.cjs
2026-10-07T14:38:10.0191900Z CHROME_BIN="$chrome" R117_BROWSER_OUTPUT="$RUNNER_TEMP/r117-browser" node desktop/r117-browser.cjs
2026-10-07T14:38:10.0254560Z shell: /usr/bin/bash -e {0}
2026-10-07T14:38:10.0254824Z ##[endgroup]
2026-10-07T14:38:10.0346514Z using /usr/bin/google-chrome-stable
2026-10-07T14:38:18.1950852Z CDP connected
2026-10-07T14:38:19.6128861Z R100 Chromium PASS {"elapsed":21.199999999953434,"peakImages":5}
2026-10-07T14:38:20.1358577Z CDP connected
2026-10-07T14:38:23.7039556Z R117 Chromium PASS {"frames":{"champions":58,"suite":34},"unstyledFrames":0,"styleBeforeModule":{"cssEnd":2306,"jsStart":2308},"sharedGeometry":{"display":"grid","tracks":"587.5px 587.5px","columns":2,"sideBySide":true,"minHeight":"70px"}}
2026-10-07T14:38:23.9724763Z ##[group]Run actions/upload-artifact@v4
2026-10-07T14:38:23.9725086Z with:
2026-10-07T14:38:23.9725305Z   name: chromium-guards-linux
2026-10-07T14:38:23.9725743Z   path: /home/runner/work/_temp/r100-browser/**
/home/runner/work/_temp/r117-browser/**

2026-10-07T14:38:23.9726198Z   if-no-files-found: warn
2026-10-07T14:38:23.9726448Z   compression-level: 6
2026-10-07T14:38:23.9726673Z   overwrite: false
2026-10-07T14:38:23.9727320Z   include-hidden-files: false
2026-10-07T14:38:23.9727780Z ##[endgroup]
2026-10-07T14:38:24.1367625Z (node:12871) [DEP0040] DeprecationWarning: The `punycode` module is deprecated. Please use a userland alternative instead.
2026-10-07T14:38:24.1369247Z (Use `node --trace-deprecation ...` to show where the warning was created)
2026-10-07T14:38:24.1468777Z Multiple search paths detected. Calculating the least common ancestor of all paths
2026-10-07T14:38:24.1470932Z The least common ancestor is /home/runner/work/_temp. This will be the root directory of the artifact
2026-10-07T14:38:24.1472057Z With the provided path, there will be 8 files uploaded
2026-10-07T14:38:24.1472945Z Artifact name is valid!
2026-10-07T14:38:24.1473458Z Root directory input is valid!
2026-10-07T14:38:24.5500718Z Beginning upload of artifact content to blob storage
2026-10-07T14:38:24.5832014Z (node:12871) [DEP0169] DeprecationWarning: `url.parse()` behavior is not standardized and prone to errors that have security implications. Use the WHATWG URL API instead. CVEs are not issued for `url.parse()` vulnerabilities.
2026-10-07T14:38:24.8424351Z Uploaded bytes 6679
2026-10-07T14:38:24.9160334Z Finished uploading artifact content to blob storage!
2026-10-07T14:38:24.9161538Z SHA256 digest of uploaded artifact zip is c5376e2d9aaec2bedb8d848ab41f11b0acc7207f39ed6fa707ce81ca796046db
2026-10-07T14:38:24.9162921Z Finalizing artifact upload
2026-10-07T14:38:25.2961088Z Artifact chromium-guards-linux.zip successfully finalized. Artifact ID 11491087646
2026-10-07T14:38:25.2962460Z Artifact chromium-guards-linux has been successfully uploaded! Final size is 6679 bytes. Artifact ID is 11491087646
2026-10-07T14:38:25.2967841Z Artifact download URL: https://github.com/LLYY0418/Deep-Legends/actions/runs/37637124819/artifacts/11491087646
2026-10-07T14:38:25.3103686Z ##[group]Run go test ./...
2026-10-07T14:38:25.3104008Z go test ./...
2026-10-07T14:38:25.3165750Z shell: /usr/bin/bash -e {0}
2026-10-07T14:38:25.3166020Z ##[endgroup]
2026-10-07T14:38:28.5428564Z ok  	deeplegends/installer	2.378s
2026-10-07T14:38:28.5429083Z ok  	deeplegends/installer/internal/webviewhost	0.027s
2026-10-07T14:38:28.5429578Z ?   	deeplegends/installer/payload	[no test files]
2026-10-07T14:38:28.5430040Z ?   	deeplegends/installer/ui	[no test files]
2026-10-07T14:38:28.5430436Z ok  	deeplegends/installer/uninstall	0.006s
2026-10-07T14:38:28.5544316Z ##[group]Run go vet ./...
2026-10-07T14:38:28.5544891Z go vet ./...
2026-10-07T14:38:28.5627609Z shell: /usr/bin/bash -e {0}
2026-10-07T14:38:28.5627898Z ##[endgroup]
2026-10-07T14:38:28.7433121Z Post job cleanup.
2026-10-07T14:38:28.8671377Z (node:13357) [DEP0040] DeprecationWarning: The `punycode` module is deprecated. Please use a userland alternative instead.
2026-10-07T14:38:28.8672317Z (Use `node --trace-deprecation ...` to show where the warning was created)
2026-10-07T14:38:28.8824762Z Post job cleanup.
2026-10-07T14:38:29.0106722Z (node:13365) [DEP0040] DeprecationWarning: The `punycode` module is deprecated. Please use a userland alternative instead.
2026-10-07T14:38:29.0108658Z (Use `node --trace-deprecation ...` to show where the warning was created)
2026-10-07T14:38:29.0193532Z [command]/opt/hostedtoolcache/go/1.24.13/x64/bin/go env GOMODCACHE
2026-10-07T14:38:29.0238348Z [command]/opt/hostedtoolcache/go/1.24.13/x64/bin/go env GOCACHE
2026-10-07T14:38:29.0267659Z /home/runner/go/pkg/mod
2026-10-07T14:38:29.0297434Z /home/runner/.cache/go-build
2026-10-07T14:38:29.0308447Z Cache hit occurred on the primary key setup-go-Linux-x64-ubuntu24-go-1.24.13-a9fc12c66c581ebd975c04924614d911b843067079247990d4be659063ce44db, not saving cache.
2026-10-07T14:38:29.0478660Z Post job cleanup.
2026-10-07T14:38:29.1372404Z [command]/usr/bin/git version
2026-10-07T14:38:29.1419989Z git version 2.55.0
2026-10-07T14:38:29.1462346Z Temporarily overriding HOME='/home/runner/work/_temp/a2e1f73d-5666-4738-89fe-5de44cfa56af' before making global git config changes
2026-10-07T14:38:29.1464402Z Adding repository directory to the temporary git global config as a safe directory
2026-10-07T14:38:29.1488555Z [command]/usr/bin/git config --global --add safe.directory /home/runner/work/Deep-Legends/Deep-Legends
2026-10-07T14:38:29.1516873Z [command]/usr/bin/git config --local --name-only --get-regexp core\.sshCommand
2026-10-07T14:38:29.1558020Z [command]/usr/bin/git submodule foreach --recursive sh -c "git config --local --name-only --get-regexp 'core\.sshCommand' && git config --local --unset-all 'core.sshCommand' || :"
2026-10-07T14:38:29.1859298Z [command]/usr/bin/git config --local --name-only --get-regexp http\.https\:\/\/github\.com\/\.extraheader
2026-10-07T14:38:29.1891283Z http.https://github.com/.extraheader
2026-10-07T14:38:29.1903588Z [command]/usr/bin/git config --local --unset-all http.https://github.com/.extraheader
2026-10-07T14:38:29.1943387Z [command]/usr/bin/git submodule foreach --recursive sh -c "git config --local --name-only --get-regexp 'http\.https\:\/\/github\.com\/\.extraheader' && git config --local --unset-all 'http.https://github.com/.extraheader' || :"
2026-10-07T14:38:29.2229910Z [command]/usr/bin/git config --local --name-only --get-regexp ^includeIf\.gitdir:
2026-10-07T14:38:29.2281165Z [command]/usr/bin/git submodule foreach --recursive git config --local --show-origin --name-only --get-regexp remote.origin.url
2026-10-07T14:38:29.2685649Z Cleaning up orphan processes
2026-10-07T14:38:29.3079699Z ##[warning]Node.js 20 is deprecated. The following actions target Node.js 20 but are being forced to run on Node.js 24: actions/checkout@v4, actions/setup-go@v5, actions/setup-node@v4, actions/upload-artifact@v4. For more information see: https://github.blog/changelog/2025-09-19-deprecation-of-node-20-on-github-actions-runners/
