2026-10-07T13:05:02.7813400Z Current runner version: '2.337.0'
2026-10-07T13:05:02.7852636Z ##[group]Runner Image Provisioner
2026-10-07T13:05:02.7854058Z Hosted Compute Agent
2026-10-07T13:05:02.7855125Z Version: 20260901.588
2026-10-07T13:05:02.7856336Z Commit: f88ec8081b781fac6c440065ac7ff9e710ce3d0b
2026-10-07T13:05:02.7857748Z Build Date: 2026-09-01T19:56:44Z
2026-10-07T13:05:02.7859114Z Worker ID: {d5bdf0a5-2e1e-4a10-9798-4a3a4a7daad3}
2026-10-07T13:05:02.7860487Z Azure Region: eastus
2026-10-07T13:05:02.7861470Z ##[endgroup]
2026-10-07T13:05:02.7864080Z ##[group]Operating System
2026-10-07T13:05:02.7865236Z Microsoft Windows Server 2025
2026-10-07T13:05:02.7866419Z 10.0.26100
2026-10-07T13:05:02.7867305Z Datacenter
2026-10-07T13:05:02.7868701Z ##[endgroup]
2026-10-07T13:05:02.7869726Z ##[group]Runner Image
2026-10-07T13:05:02.7870773Z Image: windows-2025-vs2026
2026-10-07T13:05:02.7871864Z Version: 20260925.250.1
2026-10-07T13:05:02.7874704Z Included Software: https://github.com/actions/runner-images/blob/win25-vs2026/20260925.250/images/windows/Windows2025-VS2026-Readme.md
2026-10-07T13:05:02.7877766Z Image Release: https://github.com/actions/runner-images/releases/tag/win25-vs2026%2F20260925.250
2026-10-07T13:05:02.7879648Z ##[endgroup]
2026-10-07T13:05:02.7881648Z ##[group]GITHUB_TOKEN Permissions
2026-10-07T13:05:02.7884656Z Contents: read
2026-10-07T13:05:02.7885721Z Metadata: read
2026-10-07T13:05:02.7886657Z ##[endgroup]
2026-10-07T13:05:02.7890187Z Secret source: Actions
2026-10-07T13:05:02.7891837Z Cache mode: write
2026-10-07T13:05:02.7893066Z Prepare workflow directory
2026-10-07T13:05:02.8297799Z Prepare all required actions
2026-10-07T13:05:02.8348124Z Getting action download info
2026-10-07T13:05:03.0497737Z Download action repository 'actions/checkout@v4' (SHA:11d5960a326750d5838078e36cf38b85af677262)
2026-10-07T13:05:03.1930894Z Download action repository 'actions/setup-go@v5' (SHA:40f1582b2485089dde7abd97c1529aa768e1baff)
2026-10-07T13:05:03.4703654Z Download action repository 'actions/setup-node@v4' (SHA:49933ea5288caeca8642d1e84afbd3f7d6820020)
2026-10-07T13:05:03.6551892Z Download action repository 'actions/upload-artifact@v4' (SHA:ea165f8d65b6e75b540449e92b4886f43607fa02)
2026-10-07T13:05:04.0613351Z Complete job name: windows-build
2026-10-07T13:05:04.2602264Z ##[group]Run actions/checkout@v4
2026-10-07T13:05:04.2604067Z with:
2026-10-07T13:05:04.2604530Z   repository: LLYY0418/Deep-Legends
2026-10-07T13:05:04.2612406Z   token: ***
2026-10-07T13:05:04.2612852Z   ssh-strict: true
2026-10-07T13:05:04.2613293Z   ssh-user: git
2026-10-07T13:05:04.2613768Z   persist-credentials: true
2026-10-07T13:05:04.2614284Z   clean: true
2026-10-07T13:05:04.2614744Z   sparse-checkout-cone-mode: true
2026-10-07T13:05:04.2615326Z   fetch-depth: 1
2026-10-07T13:05:04.2615755Z   fetch-tags: false
2026-10-07T13:05:04.2616201Z   show-progress: true
2026-10-07T13:05:04.2616673Z   lfs: false
2026-10-07T13:05:04.2617100Z   submodules: false
2026-10-07T13:05:04.2617550Z   set-safe-directory: true
2026-10-07T13:05:04.2618172Z   allow-unsafe-pr-checkout: false
2026-10-07T13:05:04.2619053Z ##[endgroup]
2026-10-07T13:05:04.4195819Z Syncing repository: LLYY0418/Deep-Legends
2026-10-07T13:05:04.4198023Z ##[group]Getting Git version info
2026-10-07T13:05:04.4198982Z Working directory is 'D:\a\Deep-Legends\Deep-Legends'
2026-10-07T13:05:04.5251236Z [command]"C:\Program Files\Git\bin\git.exe" version
2026-10-07T13:05:04.9636901Z git version 2.55.0.windows.5
2026-10-07T13:05:04.9694916Z ##[endgroup]
2026-10-07T13:05:04.9714548Z Temporarily overriding HOME='D:\a\_temp\4e75d666-ad06-40d9-a333-12825a41f03b' before making global git config changes
2026-10-07T13:05:04.9716458Z Adding repository directory to the temporary git global config as a safe directory
2026-10-07T13:05:04.9724685Z [command]"C:\Program Files\Git\bin\git.exe" config --global --add safe.directory D:\a\Deep-Legends\Deep-Legends
2026-10-07T13:05:05.0429439Z Deleting the contents of 'D:\a\Deep-Legends\Deep-Legends'
2026-10-07T13:05:05.0437470Z ##[group]Initializing the repository
2026-10-07T13:05:05.0447261Z [command]"C:\Program Files\Git\bin\git.exe" init D:\a\Deep-Legends\Deep-Legends
2026-10-07T13:05:05.1422646Z Initialized empty Git repository in D:/a/Deep-Legends/Deep-Legends/.git/
2026-10-07T13:05:05.1474247Z [command]"C:\Program Files\Git\bin\git.exe" remote add origin https://github.com/LLYY0418/Deep-Legends
2026-10-07T13:05:05.2182260Z ##[endgroup]
2026-10-07T13:05:05.2183201Z ##[group]Disabling automatic garbage collection
2026-10-07T13:05:05.2191731Z [command]"C:\Program Files\Git\bin\git.exe" config --local gc.auto 0
2026-10-07T13:05:05.2516073Z ##[endgroup]
2026-10-07T13:05:05.2516874Z ##[group]Setting up auth
2026-10-07T13:05:05.2529804Z [command]"C:\Program Files\Git\bin\git.exe" config --local --name-only --get-regexp core\.sshCommand
2026-10-07T13:05:05.2894589Z [command]"C:\Program Files\Git\bin\git.exe" submodule foreach --recursive "sh -c \"git config --local --name-only --get-regexp 'core\.sshCommand' && git config --local --unset-all 'core.sshCommand' || :\""
2026-10-07T13:05:06.9748147Z [command]"C:\Program Files\Git\bin\git.exe" config --local --name-only --get-regexp http\.https\:\/\/github\.com\/\.extraheader
2026-10-07T13:05:07.0075425Z [command]"C:\Program Files\Git\bin\git.exe" submodule foreach --recursive "sh -c \"git config --local --name-only --get-regexp 'http\.https\:\/\/github\.com\/\.extraheader' && git config --local --unset-all 'http.https://github.com/.extraheader' || :\""
2026-10-07T13:05:07.6025054Z [command]"C:\Program Files\Git\bin\git.exe" config --local --name-only --get-regexp ^includeIf\.gitdir:
2026-10-07T13:05:07.6357909Z [command]"C:\Program Files\Git\bin\git.exe" submodule foreach --recursive "git config --local --show-origin --name-only --get-regexp remote.origin.url"
2026-10-07T13:05:08.2164063Z [command]"C:\Program Files\Git\bin\git.exe" config --local http.https://github.com/.extraheader "AUTHORIZATION: basic ***"
2026-10-07T13:05:08.2509640Z ##[endgroup]
2026-10-07T13:05:08.2510246Z ##[group]Fetching the repository
2026-10-07T13:05:08.2532370Z [command]"C:\Program Files\Git\bin\git.exe" -c protocol.version=2 fetch --no-tags --prune --no-recurse-submodules --depth=1 origin +078cc6de7f072927fa9f21ef1b55992f517961a9:refs/remotes/origin/codex/release-0.12.77
2026-10-07T13:05:14.4073376Z From https://github.com/LLYY0418/Deep-Legends
2026-10-07T13:05:14.4074454Z  * [new ref]         078cc6de7f072927fa9f21ef1b55992f517961a9 -> origin/codex/release-0.12.77
2026-10-07T13:05:14.4117831Z ##[endgroup]
2026-10-07T13:05:14.4118542Z ##[group]Determining the checkout info
2026-10-07T13:05:14.4122654Z ##[endgroup]
2026-10-07T13:05:14.4133123Z [command]"C:\Program Files\Git\bin\git.exe" sparse-checkout disable
2026-10-07T13:05:14.4600861Z [command]"C:\Program Files\Git\bin\git.exe" config --local --unset-all extensions.worktreeConfig
2026-10-07T13:05:14.4918014Z ##[group]Checking out the ref
2026-10-07T13:05:14.4927085Z [command]"C:\Program Files\Git\bin\git.exe" checkout --progress --force -B codex/release-0.12.77 refs/remotes/origin/codex/release-0.12.77
2026-10-07T13:05:15.5572920Z Updating files:  40% (1842/4545)
2026-10-07T13:05:15.5740243Z Updating files:  41% (1864/4545)
2026-10-07T13:05:15.6152270Z Updating files:  42% (1909/4545)
2026-10-07T13:05:15.6648799Z Updating files:  43% (1955/4545)
2026-10-07T13:05:15.7005815Z Updating files:  44% (2000/4545)
2026-10-07T13:05:15.7387885Z Updating files:  45% (2046/4545)
2026-10-07T13:05:15.7517833Z Updating files:  46% (2091/4545)
2026-10-07T13:05:15.7654713Z Updating files:  47% (2137/4545)
2026-10-07T13:05:15.7795509Z Updating files:  48% (2182/4545)
2026-10-07T13:05:15.8023131Z Updating files:  49% (2228/4545)
2026-10-07T13:05:15.8211142Z Updating files:  50% (2273/4545)
2026-10-07T13:05:15.8623720Z Updating files:  51% (2318/4545)
2026-10-07T13:05:15.8997397Z Updating files:  52% (2364/4545)
2026-10-07T13:05:15.9200094Z Updating files:  53% (2409/4545)
2026-10-07T13:05:15.9449861Z Updating files:  54% (2455/4545)
2026-10-07T13:05:15.9672657Z Updating files:  55% (2500/4545)
2026-10-07T13:05:15.9918792Z Updating files:  56% (2546/4545)
2026-10-07T13:05:16.0286886Z Updating files:  57% (2591/4545)
2026-10-07T13:05:16.0570605Z Updating files:  58% (2637/4545)
2026-10-07T13:05:16.0895509Z Updating files:  59% (2682/4545)
2026-10-07T13:05:16.1052358Z Updating files:  60% (2727/4545)
2026-10-07T13:05:16.1251396Z Updating files:  61% (2773/4545)
2026-10-07T13:05:16.1436299Z Updating files:  62% (2818/4545)
2026-10-07T13:05:16.1626346Z Updating files:  63% (2864/4545)
2026-10-07T13:05:16.1773243Z Updating files:  64% (2909/4545)
2026-10-07T13:05:16.1894909Z Updating files:  65% (2955/4545)
2026-10-07T13:05:16.2041444Z Updating files:  66% (3000/4545)
2026-10-07T13:05:16.2190967Z Updating files:  67% (3046/4545)
2026-10-07T13:05:16.2340917Z Updating files:  68% (3091/4545)
2026-10-07T13:05:16.2489078Z Updating files:  69% (3137/4545)
2026-10-07T13:05:16.2618914Z Updating files:  70% (3182/4545)
2026-10-07T13:05:16.2766535Z Updating files:  71% (3227/4545)
2026-10-07T13:05:16.2921871Z Updating files:  72% (3273/4545)
2026-10-07T13:05:16.3059821Z Updating files:  73% (3318/4545)
2026-10-07T13:05:16.3183665Z Updating files:  74% (3364/4545)
2026-10-07T13:05:16.3313258Z Updating files:  75% (3409/4545)
2026-10-07T13:05:16.3507933Z Updating files:  76% (3455/4545)
2026-10-07T13:05:16.3658740Z Updating files:  77% (3500/4545)
2026-10-07T13:05:16.3891070Z Updating files:  78% (3546/4545)
2026-10-07T13:05:16.3999528Z Updating files:  79% (3591/4545)
2026-10-07T13:05:16.4343412Z Updating files:  80% (3636/4545)
2026-10-07T13:05:16.4455810Z Updating files:  81% (3682/4545)
2026-10-07T13:05:16.4632753Z Updating files:  82% (3727/4545)
2026-10-07T13:05:16.4896764Z Updating files:  83% (3773/4545)
2026-10-07T13:05:16.5532617Z Updating files:  84% (3818/4545)
2026-10-07T13:05:16.5556566Z Updating files:  84% (3857/4545)
2026-10-07T13:05:16.5724043Z Updating files:  85% (3864/4545)
2026-10-07T13:05:16.6092046Z Updating files:  86% (3909/4545)
2026-10-07T13:05:16.6278852Z Updating files:  87% (3955/4545)
2026-10-07T13:05:16.6396963Z Updating files:  88% (4000/4545)
2026-10-07T13:05:16.6600173Z Updating files:  89% (4046/4545)
2026-10-07T13:05:16.6724211Z Updating files:  90% (4091/4545)
2026-10-07T13:05:16.6840048Z Updating files:  91% (4136/4545)
2026-10-07T13:05:16.7005097Z Updating files:  92% (4182/4545)
2026-10-07T13:05:16.7154367Z Updating files:  93% (4227/4545)
2026-10-07T13:05:16.7251397Z Updating files:  94% (4273/4545)
2026-10-07T13:05:16.7363047Z Updating files:  95% (4318/4545)
2026-10-07T13:05:16.7496392Z Updating files:  96% (4364/4545)
2026-10-07T13:05:16.7620268Z Updating files:  97% (4409/4545)
2026-10-07T13:05:16.7738197Z Updating files:  98% (4455/4545)
2026-10-07T13:05:16.7857834Z Updating files:  99% (4500/4545)
2026-10-07T13:05:16.7858402Z Updating files: 100% (4545/4545)
2026-10-07T13:05:16.7858882Z Updating files: 100% (4545/4545), done.
2026-10-07T13:05:16.8055334Z Switched to a new branch 'codex/release-0.12.77'
2026-10-07T13:05:16.8132943Z branch 'codex/release-0.12.77' set up to track 'origin/codex/release-0.12.77'.
2026-10-07T13:05:16.8452541Z ##[endgroup]
2026-10-07T13:05:16.9253415Z [command]"C:\Program Files\Git\bin\git.exe" log -1 --format=%H
2026-10-07T13:05:16.9608656Z 078cc6de7f072927fa9f21ef1b55992f517961a9
2026-10-07T13:05:17.0123305Z ##[group]Run actions/setup-go@v5
2026-10-07T13:05:17.0123637Z with:
2026-10-07T13:05:17.0123828Z   go-version-file: go.mod
2026-10-07T13:05:17.0124042Z   cache: true
2026-10-07T13:05:17.0124230Z   check-latest: false
2026-10-07T13:05:17.0126976Z   token: ***
2026-10-07T13:05:17.0127171Z ##[endgroup]
2026-10-07T13:05:17.1803162Z Setup go version spec 1.24
2026-10-07T13:05:17.2063058Z Found in cache @ C:\hostedtoolcache\windows\go\1.24.13\x64
2026-10-07T13:05:17.2066516Z (node:5056) [DEP0040] DeprecationWarning: The `punycode` module is deprecated. Please use a userland alternative instead.
2026-10-07T13:05:17.2067887Z (Use `node --trace-deprecation ...` to show where the warning was created)
2026-10-07T13:05:17.2075384Z Added go to the path
2026-10-07T13:05:17.2080270Z Successfully set up Go version 1.24
2026-10-07T13:05:18.7781368Z [command]C:\hostedtoolcache\windows\go\1.24.13\x64\bin\go.exe env GOMODCACHE
2026-10-07T13:05:18.7831684Z [command]C:\hostedtoolcache\windows\go\1.24.13\x64\bin\go.exe env GOCACHE
2026-10-07T13:05:18.8183646Z C:\Users\runneradmin\go\pkg\mod
2026-10-07T13:05:18.8215012Z C:\Users\runneradmin\AppData\Local\go-build
2026-10-07T13:05:19.0663444Z Cache hit for: setup-go-Windows-x64-go-1.24.13-a9fc12c66c581ebd975c04924614d911b843067079247990d4be659063ce44db
2026-10-07T13:05:19.0786890Z (node:5056) [DEP0169] DeprecationWarning: `url.parse()` behavior is not standardized and prone to errors that have security implications. Use the WHATWG URL API instead. CVEs are not issued for `url.parse()` vulnerabilities.
2026-10-07T13:05:20.1251104Z Received 171966464 of 183118592 (93.9%), 163.7 MBs/sec
2026-10-07T13:05:20.2139076Z Received 183118592 of 183118592 (100.0%), 159.9 MBs/sec
2026-10-07T13:05:20.2142617Z Cache Size: ~175 MB (183118592 B)
2026-10-07T13:05:20.2277029Z [command]"C:\Program Files\Git\usr\bin\tar.exe" -xf D:/a/_temp/6eb51d2a-96fd-483b-a41c-972d33994a9f/cache.tzst -P -C D:/a/Deep-Legends/Deep-Legends --force-local --use-compress-program "zstd -d"
2026-10-07T13:05:28.9026157Z Cache restored successfully
2026-10-07T13:05:28.9147852Z Cache restored from key: setup-go-Windows-x64-go-1.24.13-a9fc12c66c581ebd975c04924614d911b843067079247990d4be659063ce44db
2026-10-07T13:05:28.9173440Z go version go1.24.13 windows/amd64
2026-10-07T13:05:28.9173657Z 
2026-10-07T13:05:28.9173952Z ##[group]go env
2026-10-07T13:05:30.9311414Z set AR=ar
2026-10-07T13:05:30.9311763Z set CC=gcc
2026-10-07T13:05:30.9312106Z set CGO_CFLAGS=-O2 -g
2026-10-07T13:05:30.9312494Z set CGO_CPPFLAGS=
2026-10-07T13:05:30.9312852Z set CGO_CXXFLAGS=-O2 -g
2026-10-07T13:05:30.9313220Z set CGO_ENABLED=1
2026-10-07T13:05:30.9313590Z set CGO_FFLAGS=-O2 -g
2026-10-07T13:05:30.9313959Z set CGO_LDFLAGS=-O2 -g
2026-10-07T13:05:30.9314287Z set CXX=g++
2026-10-07T13:05:30.9314572Z set GCCGO=gccgo
2026-10-07T13:05:30.9314875Z set GO111MODULE=
2026-10-07T13:05:30.9315191Z set GOAMD64=v1
2026-10-07T13:05:30.9315495Z set GOARCH=amd64
2026-10-07T13:05:30.9315826Z set GOAUTH=netrc
2026-10-07T13:05:30.9316120Z set GOBIN=
2026-10-07T13:05:30.9316529Z set GOCACHE=C:\Users\runneradmin\AppData\Local\go-build
2026-10-07T13:05:30.9317056Z set GOCACHEPROG=
2026-10-07T13:05:30.9317359Z set GODEBUG=
2026-10-07T13:05:30.9317940Z set GOENV=C:\Users\runneradmin\AppData\Roaming\go\env
2026-10-07T13:05:30.9318446Z set GOEXE=.exe
2026-10-07T13:05:30.9318758Z set GOEXPERIMENT=
2026-10-07T13:05:30.9319076Z set GOFIPS140=off
2026-10-07T13:05:30.9319379Z set GOFLAGS=
2026-10-07T13:05:30.9320655Z set GOGCCFLAGS=-m64 -mthreads -Wl,--no-gc-sections -fmessage-length=0 -ffile-prefix-map=C:\Users\RUNNER~1\AppData\Local\Temp\go-build167836592=/tmp/go-build -gno-record-gcc-switches
2026-10-07T13:05:30.9322029Z set GOHOSTARCH=amd64
2026-10-07T13:05:30.9322380Z set GOHOSTOS=windows
2026-10-07T13:05:30.9322702Z set GOINSECURE=
2026-10-07T13:05:30.9323090Z set GOMOD=D:\a\Deep-Legends\Deep-Legends\go.mod
2026-10-07T13:05:30.9323911Z set GOMODCACHE=C:\Users\runneradmin\go\pkg\mod
2026-10-07T13:05:30.9326874Z set GONOPROXY=
2026-10-07T13:05:30.9327248Z set GONOSUMDB=
2026-10-07T13:05:30.9327555Z set GOOS=windows
2026-10-07T13:05:30.9327909Z set GOPATH=C:\Users\runneradmin\go
2026-10-07T13:05:30.9328663Z set GOPRIVATE=
2026-10-07T13:05:30.9329103Z set GOPROXY=https://proxy.golang.org,direct
2026-10-07T13:05:30.9329691Z set GOROOT=C:\hostedtoolcache\windows\go\1.24.13\x64
2026-10-07T13:05:30.9330222Z set GOSUMDB=sum.golang.org
2026-10-07T13:05:30.9330594Z set GOTELEMETRY=local
2026-10-07T13:05:30.9331143Z set GOTELEMETRYDIR=C:\Users\runneradmin\AppData\Roaming\go\telemetry
2026-10-07T13:05:30.9331754Z set GOTMPDIR=
2026-10-07T13:05:30.9332065Z set GOTOOLCHAIN=auto
2026-10-07T13:05:30.9332912Z set GOTOOLDIR=C:\hostedtoolcache\windows\go\1.24.13\x64\pkg\tool\windows_amd64
2026-10-07T13:05:30.9333565Z set GOVCS=
2026-10-07T13:05:30.9333864Z set GOVERSION=go1.24.13
2026-10-07T13:05:30.9334206Z set GOWORK=
2026-10-07T13:05:30.9334520Z set PKG_CONFIG=pkg-config
2026-10-07T13:05:30.9334836Z 
2026-10-07T13:05:30.9335339Z ##[endgroup]
2026-10-07T13:05:30.9766601Z ##[group]Run actions/setup-node@v4
2026-10-07T13:05:30.9766959Z with:
2026-10-07T13:05:30.9767150Z   node-version: 22
2026-10-07T13:05:30.9767342Z   cache: npm
2026-10-07T13:05:30.9767585Z   cache-dependency-path: desktop/package-lock.json
2026-10-07T13:05:30.9767884Z   always-auth: false
2026-10-07T13:05:30.9768077Z   check-latest: false
2026-10-07T13:05:30.9770744Z   token: ***
2026-10-07T13:05:30.9770936Z ##[endgroup]
2026-10-07T13:05:31.1672452Z Found in cache @ C:\hostedtoolcache\windows\node\22.23.3\x64
2026-10-07T13:05:31.1680902Z (node:7008) [DEP0040] DeprecationWarning: The `punycode` module is deprecated. Please use a userland alternative instead.
2026-10-07T13:05:31.1682184Z (Use `node --trace-deprecation ...` to show where the warning was created)
2026-10-07T13:05:31.1685002Z ##[group]Environment details
2026-10-07T13:05:36.4173884Z node: v22.23.3
2026-10-07T13:05:36.4174312Z npm: 10.9.9
2026-10-07T13:05:36.4174514Z yarn: 1.22.22
2026-10-07T13:05:36.4175604Z ##[endgroup]
2026-10-07T13:05:36.5121100Z [command]C:\Windows\system32\cmd.exe /D /S /C "C:\hostedtoolcache\windows\node\22.23.3\x64\npm.cmd config get cache"
2026-10-07T13:05:37.1088832Z C:\npm\cache
2026-10-07T13:05:37.3265499Z npm cache is not found
2026-10-07T13:05:37.3643683Z ##[group]Run node scripts/prepare-r238-update-fixture.cjs
2026-10-07T13:05:37.3644514Z node scripts/prepare-r238-update-fixture.cjs
2026-10-07T13:05:37.4267807Z shell: C:\Program Files\PowerShell\7\pwsh.EXE -command ". '{0}'"
2026-10-07T13:05:37.4268228Z ##[endgroup]
2026-10-07T13:05:39.3268743Z {"version":"0.12.76","public":true,"size":111854592,"sha256":"01014312b60e591a05bfc87f86e098adf6c5fc5e59520db5aedac5b5dba02ff3","directory":"D:\\a\\Deep-Legends\\Deep-Legends\\docs\\history\\reports\\release-0.12.76\\anonymous-assets"}
2026-10-07T13:05:39.5004230Z ##[group]Run npm ci --prefix desktop
2026-10-07T13:05:39.5004630Z npm ci --prefix desktop
2026-10-07T13:05:39.5078991Z shell: C:\Program Files\PowerShell\7\pwsh.EXE -command ". '{0}'"
2026-10-07T13:05:39.5079361Z ##[endgroup]
2026-10-07T13:05:44.5112578Z npm warn deprecated rimraf@2.6.3: Rimraf versions prior to v4 are no longer supported
2026-10-07T13:05:48.1205484Z npm warn deprecated inflight@1.0.6: This module is not supported, and leaks memory. Do not use it. Check out lru-cache if you want a good and tested way to coalesce async requests by a key value, which is much more comprehensive and powerful.
2026-10-07T13:05:48.2795503Z npm warn deprecated glob@7.2.3: Glob versions prior to v9 are no longer supported
2026-10-07T13:05:48.8709995Z npm warn deprecated boolean@3.2.0: Package no longer supported. Contact Support at https://www.npmjs.com/support for more info.
2026-10-07T13:05:53.4626157Z 
2026-10-07T13:05:53.4627443Z added 323 packages, and audited 324 packages in 13s
2026-10-07T13:05:53.4627950Z 
2026-10-07T13:05:53.4628259Z 56 packages are looking for funding
2026-10-07T13:05:53.4628785Z   run `npm fund` for details
2026-10-07T13:05:53.5334374Z 
2026-10-07T13:05:53.5335172Z 16 vulnerabilities (8 moderate, 8 high)
2026-10-07T13:05:53.5335569Z 
2026-10-07T13:05:53.5335936Z To address issues that do not require attention, run:
2026-10-07T13:05:53.5336741Z   npm audit fix
2026-10-07T13:05:53.5336952Z 
2026-10-07T13:05:53.5337309Z To address all issues (including breaking changes), run:
2026-10-07T13:05:53.5337930Z   npm audit fix --force
2026-10-07T13:05:53.5338155Z 
2026-10-07T13:05:53.5338351Z Run `npm audit` for details.
2026-10-07T13:05:55.2015518Z ##[group]Run node scripts/run-ci-tests.cjs go backend
2026-10-07T13:05:55.2015999Z node scripts/run-ci-tests.cjs go backend
2026-10-07T13:05:55.2017425Z if ($LASTEXITCODE -ne 0) { throw "Windows backend tests or pass inventory failed" }
2026-10-07T13:05:55.2017915Z node scripts/run-ci-tests.cjs go installer
2026-10-07T13:05:55.2018375Z if ($LASTEXITCODE -ne 0) { throw "Windows installer tests or pass inventory failed" }
2026-10-07T13:05:55.2095088Z shell: C:\Program Files\PowerShell\7\pwsh.EXE -command ". '{0}'"
2026-10-07T13:05:55.2095450Z ##[endgroup]
2026-10-07T13:06:41.0924805Z === RUN   TestAcceptFocusPreferencesNeverLogTokensOrStrings
2026-10-07T13:06:41.0931038Z --- PASS: TestAcceptFocusPreferencesNeverLogTokensOrStrings (0.00s)
2026-10-07T13:06:41.0932068Z === RUN   TestAcceptFocusHelpOnlyCandidateSymbols
2026-10-07T13:06:41.0932937Z --- PASS: TestAcceptFocusHelpOnlyCandidateSymbols (0.00s)
2026-10-07T13:06:41.0933852Z === RUN   TestAcceptFocusHistoryBoundedAndRedacted
2026-10-07T13:06:41.0975999Z --- PASS: TestAcceptFocusHistoryBoundedAndRedacted (0.01s)
2026-10-07T13:06:41.0986064Z === RUN   TestAcceptFocusExportRetainsRotationAndRejectsSymlink
2026-10-07T13:06:41.1026478Z --- PASS: TestAcceptFocusExportRetainsRotationAndRejectsSymlink (0.00s)
2026-10-07T13:06:41.1031944Z === RUN   TestAcceptFocusHelpContractHasOnlySafeMetadata
2026-10-07T13:06:41.1034527Z --- PASS: TestAcceptFocusHelpContractHasOnlySafeMetadata (0.00s)
2026-10-07T13:06:41.1035638Z === RUN   TestAcceptFocusCanceledJobHasTerminalRecord
2026-10-07T13:06:41.1036819Z --- PASS: TestAcceptFocusCanceledJobHasTerminalRecord (0.00s)
2026-10-07T13:06:41.1037796Z === RUN   TestAcceptFocusRequestHasExactStatusAndSharedTrace
2026-10-07T13:06:41.1068359Z --- PASS: TestAcceptFocusRequestHasExactStatusAndSharedTrace (0.00s)
2026-10-07T13:06:41.1069351Z === RUN   TestAcceptFocusSamplerStopsOnCancellationAndSingleFlight
2026-10-07T13:06:41.1098520Z --- PASS: TestAcceptFocusSamplerStopsOnCancellationAndSingleFlight (0.00s)
2026-10-07T13:06:41.1099926Z === RUN   TestAcceptFocusExportInspectionReadOnlyAndRedacted
2026-10-07T13:06:41.1251108Z --- PASS: TestAcceptFocusExportInspectionReadOnlyAndRedacted (0.02s)
2026-10-07T13:06:41.1251792Z === RUN   TestAramkitRatingSuccessUsesExactIdentityAndOmitsRoster
2026-10-07T13:06:41.1257734Z --- PASS: TestAramkitRatingSuccessUsesExactIdentityAndOmitsRoster (0.00s)
2026-10-07T13:06:41.1258892Z === RUN   TestAramkitRatingBodyCodeAndTransportFailuresDegrade
2026-10-07T13:06:41.1260013Z === RUN   TestAramkitRatingBodyCodeAndTransportFailuresDegrade/not_recorded
2026-10-07T13:06:41.1261283Z --- PASS: TestAramkitRatingBodyCodeAndTransportFailuresDegrade/not_recorded (0.00s)
2026-10-07T13:06:41.1262425Z === RUN   TestAramkitRatingBodyCodeAndTransportFailuresDegrade/nil_data
2026-10-07T13:06:41.1263590Z --- PASS: TestAramkitRatingBodyCodeAndTransportFailuresDegrade/nil_data (0.00s)
2026-10-07T13:06:41.1264569Z === RUN   TestAramkitRatingBodyCodeAndTransportFailuresDegrade/invalid_rating
2026-10-07T13:06:41.1265473Z --- PASS: TestAramkitRatingBodyCodeAndTransportFailuresDegrade/invalid_rating (0.00s)
2026-10-07T13:06:41.1266189Z === RUN   TestAramkitRatingBodyCodeAndTransportFailuresDegrade/upstream_status
2026-10-07T13:06:41.1266909Z --- PASS: TestAramkitRatingBodyCodeAndTransportFailuresDegrade/upstream_status (0.00s)
2026-10-07T13:06:41.1267609Z === RUN   TestAramkitRatingBodyCodeAndTransportFailuresDegrade/invalid_json
2026-10-07T13:06:41.1268278Z --- PASS: TestAramkitRatingBodyCodeAndTransportFailuresDegrade/invalid_json (0.00s)
2026-10-07T13:06:41.1268925Z --- PASS: TestAramkitRatingBodyCodeAndTransportFailuresDegrade (0.00s)
2026-10-07T13:06:41.1269496Z === RUN   TestAramkitRatingTimeoutFeatureGateSingleFlightAndPacing
2026-10-07T13:06:41.1270087Z === RUN   TestAramkitRatingTimeoutFeatureGateSingleFlightAndPacing/timeout
2026-10-07T13:06:41.1368859Z --- PASS: TestAramkitRatingTimeoutFeatureGateSingleFlightAndPacing/timeout (0.01s)
2026-10-07T13:06:41.1370245Z === RUN   TestAramkitRatingTimeoutFeatureGateSingleFlightAndPacing/feature_gate
2026-10-07T13:06:41.1371948Z --- PASS: TestAramkitRatingTimeoutFeatureGateSingleFlightAndPacing/feature_gate (0.00s)
2026-10-07T13:06:41.1373299Z === RUN   TestAramkitRatingTimeoutFeatureGateSingleFlightAndPacing/single_flight
2026-10-07T13:06:41.1374605Z --- PASS: TestAramkitRatingTimeoutFeatureGateSingleFlightAndPacing/single_flight (0.00s)
2026-10-07T13:06:41.1375871Z === RUN   TestAramkitRatingTimeoutFeatureGateSingleFlightAndPacing/global_pacing
2026-10-07T13:06:41.1377181Z --- PASS: TestAramkitRatingTimeoutFeatureGateSingleFlightAndPacing/global_pacing (0.00s)
2026-10-07T13:06:41.1378610Z --- PASS: TestAramkitRatingTimeoutFeatureGateSingleFlightAndPacing (0.01s)
2026-10-07T13:06:41.1379697Z === RUN   TestAramkitRatingHandlerUsesOpaqueReferenceAndRejectsKR
2026-10-07T13:06:41.1380753Z --- PASS: TestAramkitRatingHandlerUsesOpaqueReferenceAndRejectsKR (0.00s)
2026-10-07T13:06:41.1381721Z === RUN   TestAramkitDiagnosticsContainOnlyHashedIdentity
2026-10-07T13:06:41.1382901Z --- PASS: TestAramkitDiagnosticsContainOnlyHashedIdentity (0.00s)
2026-10-07T13:06:41.1383856Z === RUN   TestArenaCapturedItemsSurviveStructuredDetail
2026-10-07T13:06:41.1606240Z === RUN   TestArenaCapturedItemsSurviveStructuredDetail/core
2026-10-07T13:06:41.1607311Z --- PASS: TestArenaCapturedItemsSurviveStructuredDetail/core (0.00s)
2026-10-07T13:06:41.1608317Z === RUN   TestArenaCapturedItemsSurviveStructuredDetail/prismatic
2026-10-07T13:06:41.1609341Z --- PASS: TestArenaCapturedItemsSurviveStructuredDetail/prismatic (0.00s)
2026-10-07T13:06:41.1611641Z --- PASS: TestArenaCapturedItemsSurviveStructuredDetail (0.02s)
2026-10-07T13:06:41.1612414Z === RUN   TestValidArenaRiotMatchID
2026-10-07T13:06:41.1613010Z --- PASS: TestValidArenaRiotMatchID (0.00s)
2026-10-07T13:06:41.1613920Z === RUN   TestArenaMatchDetailIsMemoryCachedAndPublicizesPlayerReferences
2026-10-07T13:06:41.1628725Z --- PASS: TestArenaMatchDetailIsMemoryCachedAndPublicizesPlayerReferences (0.00s)
2026-10-07T13:06:41.1629984Z === RUN   TestArenaMatchDetailRejectsInvalidIDBeforeRiotRequest
2026-10-07T13:06:41.1630812Z --- PASS: TestArenaMatchDetailRejectsInvalidIDBeforeRiotRequest (0.00s)
2026-10-07T13:06:41.1631370Z === RUN   TestArenaMatchDetailWithoutAPIKeyFailsClosed
2026-10-07T13:06:41.1653744Z --- PASS: TestArenaMatchDetailWithoutAPIKeyFailsClosed (0.00s)
2026-10-07T13:06:41.1654601Z === RUN   TestLoadAssetDeduplicatesConcurrentFetches
2026-10-07T13:06:41.1758373Z --- PASS: TestLoadAssetDeduplicatesConcurrentFetches (0.01s)
2026-10-07T13:06:41.1759320Z === RUN   TestLoadAssetNegativeCacheAvoidsImmediateRetry
2026-10-07T13:06:41.1760862Z --- PASS: TestLoadAssetNegativeCacheAvoidsImmediateRetry (0.00s)
2026-10-07T13:06:41.1762041Z === RUN   TestAssetCacheEvictsIncrementally
2026-10-07T13:06:41.1763745Z --- PASS: TestAssetCacheEvictsIncrementally (0.00s)
2026-10-07T13:06:41.1764310Z === RUN   TestEmbeddedPoolHas554UniqueEntries
2026-10-07T13:06:41.1770220Z --- PASS: TestEmbeddedPoolHas554UniqueEntries (0.00s)
2026-10-07T13:06:41.1770999Z === RUN   TestEmbeddedPoolHas554UniqueStableIDs
2026-10-07T13:06:41.1783222Z --- PASS: TestEmbeddedPoolHas554UniqueStableIDs (0.00s)
2026-10-07T13:06:41.1784101Z === RUN   TestLoadSnapshotIndependentRefreshesOverlap
2026-10-07T13:06:41.3135924Z --- PASS: TestLoadSnapshotIndependentRefreshesOverlap (0.13s)
2026-10-07T13:06:41.3136955Z === RUN   TestR87LoadCollectionSnapshotReusesOwnershipPayloads
2026-10-07T13:06:41.6409930Z --- PASS: TestR87LoadCollectionSnapshotReusesOwnershipPayloads (0.33s)
2026-10-07T13:06:41.6410956Z === RUN   TestEmbeddedPoolMapsOneToOneWithoutOmissions
2026-10-07T13:06:41.6421749Z --- PASS: TestEmbeddedPoolMapsOneToOneWithoutOmissions (0.00s)
2026-10-07T13:06:41.6422541Z === RUN   TestNormalizeName
2026-10-07T13:06:41.6423352Z --- PASS: TestNormalizeName (0.00s)
2026-10-07T13:06:41.6424142Z === RUN   TestTencentRegionRarityHierarchyAndMythicSubgroups
2026-10-07T13:06:41.6426881Z --- PASS: TestTencentRegionRarityHierarchyAndMythicSubgroups (0.00s)
2026-10-07T13:06:41.6428025Z === RUN   TestParsePoolNamesDeduplicates
2026-10-07T13:06:41.6428705Z --- PASS: TestParsePoolNamesDeduplicates (0.00s)
2026-10-07T13:06:41.6429264Z === RUN   TestExtractOwnedIDs
2026-10-07T13:06:41.6429778Z --- PASS: TestExtractOwnedIDs (0.00s)
2026-10-07T13:06:41.6430511Z === RUN   TestPresenceInventoryRequiresPermanentChampionSkin
2026-10-07T13:06:41.6431483Z --- PASS: TestPresenceInventoryRequiresPermanentChampionSkin (0.00s)
2026-10-07T13:06:41.6432503Z === RUN   TestPresenceInventoryReadsTencentItemKeyContainers
2026-10-07T13:06:41.6433536Z --- PASS: TestPresenceInventoryReadsTencentItemKeyContainers (0.00s)
2026-10-07T13:06:41.6434683Z === RUN   TestQuestSkinVariantKeepsIndependentDynamicArtwork
2026-10-07T13:06:41.6435447Z --- PASS: TestQuestSkinVariantKeepsIndependentDynamicArtwork (0.00s)
2026-10-07T13:06:41.6436073Z === RUN   TestOwnedCollectionKeepsQuestVariantsOutOfOrdinarySkinCount
2026-10-07T13:06:41.6436708Z --- PASS: TestOwnedCollectionKeepsQuestVariantsOutOfOrdinarySkinCount (0.00s)
2026-10-07T13:06:41.6437300Z === RUN   TestQuestVariantDoesNotInheritParentOwnership
2026-10-07T13:06:41.6438062Z --- PASS: TestQuestVariantDoesNotInheritParentOwnership (0.00s)
2026-10-07T13:06:41.6438630Z === RUN   TestChromaPresenceExtractionRequiresOwnedPositiveInventory
2026-10-07T13:06:41.6439255Z --- PASS: TestChromaPresenceExtractionRequiresOwnedPositiveInventory (0.00s)
2026-10-07T13:06:41.6439795Z === RUN   TestTencentClassicArtworkIsNotCountedAsChroma
2026-10-07T13:06:41.6487665Z --- PASS: TestTencentClassicArtworkIsNotCountedAsChroma (0.01s)
2026-10-07T13:06:41.6488872Z === RUN   TestIndependentArtworkChromaRequiresBothParentEvidenceAndSplash
2026-10-07T13:06:41.6490145Z --- PASS: TestIndependentArtworkChromaRequiresBothParentEvidenceAndSplash (0.00s)
2026-10-07T13:06:41.6491284Z === RUN   TestOfficialPrestigeCatalogEnrichesKnownChineseChromas
2026-10-07T13:06:41.6492400Z --- PASS: TestOfficialPrestigeCatalogEnrichesKnownChineseChromas (0.00s)
2026-10-07T13:06:41.6493657Z === RUN   TestChampionSkinsContainerIsTraversed
2026-10-07T13:06:41.6494501Z --- PASS: TestChampionSkinsContainerIsTraversed (0.00s)
2026-10-07T13:06:41.6495388Z === RUN   TestConflictingOwnershipEvidenceIsRejected
2026-10-07T13:06:41.6495973Z --- PASS: TestConflictingOwnershipEvidenceIsRejected (0.00s)
2026-10-07T13:06:41.6496520Z === RUN   TestOwnedSourcesMustAgree
2026-10-07T13:06:41.6507058Z --- PASS: TestOwnedSourcesMustAgree (0.00s)
2026-10-07T13:06:41.6509257Z === RUN   TestPartialOwnedSourceStopsCalculation
2026-10-07T13:06:41.6522126Z --- PASS: TestPartialOwnedSourceStopsCalculation (0.00s)
2026-10-07T13:06:41.6523292Z === RUN   TestAuthoritativeOwnedSourcesStillMustAgree
2026-10-07T13:06:41.6537764Z --- PASS: TestAuthoritativeOwnedSourcesStillMustAgree (0.00s)
2026-10-07T13:06:41.6539239Z === RUN   TestStalePresenceSubsetRetainsAuthoritativeNewIDs
2026-10-07T13:06:41.6555616Z --- PASS: TestStalePresenceSubsetRetainsAuthoritativeNewIDs (0.00s)
2026-10-07T13:06:41.6556810Z === RUN   TestPresenceExtraIDsDoNotCorroborateConflictingAuthorities
2026-10-07T13:06:41.6570311Z --- PASS: TestPresenceExtraIDsDoNotCorroborateConflictingAuthorities (0.00s)
2026-10-07T13:06:41.6572134Z === RUN   TestCatalogIntersectionIgnoresBaseChromaAndAttachmentIDs
2026-10-07T13:06:41.6585494Z --- PASS: TestCatalogIntersectionIgnoresBaseChromaAndAttachmentIDs (0.00s)
2026-10-07T13:06:41.6586683Z === RUN   TestOwnershipDiagnosticsExposeOnlyPublicInventoryIDs
2026-10-07T13:06:41.6587789Z --- PASS: TestOwnershipDiagnosticsExposeOnlyPublicInventoryIDs (0.00s)
2026-10-07T13:06:41.6588565Z === RUN   TestCorroboratedExplicitSourceSurvivesSecondarySchemaDifference
2026-10-07T13:06:41.6601313Z --- PASS: TestCorroboratedExplicitSourceSurvivesSecondarySchemaDifference (0.00s)
2026-10-07T13:06:41.6602507Z === RUN   TestVerifiedInventorySupersetCompletesTencentOwnedCollection
2026-10-07T13:06:41.6617538Z --- PASS: TestVerifiedInventorySupersetCompletesTencentOwnedCollection (0.00s)
2026-10-07T13:06:41.6618958Z === RUN   TestTencentInventoryEvidencePatternFromDiagnosticLog
2026-10-07T13:06:41.6821316Z --- PASS: TestTencentInventoryEvidencePatternFromDiagnosticLog (0.02s)
2026-10-07T13:06:41.6823238Z === RUN   TestMatchPoolFailsClosed
2026-10-07T13:06:41.6824215Z --- PASS: TestMatchPoolFailsClosed (0.00s)
2026-10-07T13:06:41.6824948Z === RUN   TestStablePoolMatchesByIDWhenClientNameChanges
2026-10-07T13:06:41.6825850Z --- PASS: TestStablePoolMatchesByIDWhenClientNameChanges (0.00s)
2026-10-07T13:06:41.6826707Z === RUN   TestPoolMembershipIsAnnotatedOnAllCatalogSkins
2026-10-07T13:06:41.6828722Z --- PASS: TestPoolMembershipIsAnnotatedOnAllCatalogSkins (0.00s)
2026-10-07T13:06:41.6829707Z === RUN   TestMatchPoolDoesNotApplyUnverifiedCorrection
2026-10-07T13:06:41.6830643Z --- PASS: TestMatchPoolDoesNotApplyUnverifiedCorrection (0.00s)
2026-10-07T13:06:41.6831582Z === RUN   TestMatchPoolRejectsCrossChampionCorrection
2026-10-07T13:06:41.6832455Z --- PASS: TestMatchPoolRejectsCrossChampionCorrection (0.00s)
2026-10-07T13:06:41.6833352Z === RUN   TestMatchPoolRejectsNormalizedNameCollision
2026-10-07T13:06:41.6834262Z --- PASS: TestMatchPoolRejectsNormalizedNameCollision (0.00s)
2026-10-07T13:06:41.6835096Z === RUN   TestCatalogObjectsIgnoreNestedChromas
2026-10-07T13:06:41.6836180Z --- PASS: TestCatalogObjectsIgnoreNestedChromas (0.00s)
2026-10-07T13:06:41.6836930Z === RUN   TestChromaCatalogRecordsAreRejected
2026-10-07T13:06:41.6837626Z --- PASS: TestChromaCatalogRecordsAreRejected (0.00s)
2026-10-07T13:06:41.6838299Z === RUN   TestBaseSkinRequiresChampionIdentity
2026-10-07T13:06:41.6839034Z --- PASS: TestBaseSkinRequiresChampionIdentity (0.00s)
2026-10-07T13:06:41.6839771Z === RUN   TestLegacyChampionCatalogEntriesAreRejected
2026-10-07T13:06:41.6840609Z --- PASS: TestLegacyChampionCatalogEntriesAreRejected (0.00s)
2026-10-07T13:06:41.6841445Z === RUN   TestCatalogJSONNumbersRemainSupported
2026-10-07T13:06:41.6842273Z --- PASS: TestCatalogJSONNumbersRemainSupported (0.00s)
2026-10-07T13:06:41.6843044Z === RUN   TestMatchPoolDoesNotAutoAcceptFuzzyOnly
2026-10-07T13:06:41.6843828Z --- PASS: TestMatchPoolDoesNotAutoAcceptFuzzyOnly (0.00s)
2026-10-07T13:06:41.6844427Z === RUN   TestLevenshtein
2026-10-07T13:06:41.6844894Z --- PASS: TestLevenshtein (0.00s)
2026-10-07T13:06:41.6845624Z === RUN   TestPruneStaleHexdataBuildsRemovesExpiredBuildsOnly
2026-10-07T13:06:41.7603606Z --- PASS: TestPruneStaleHexdataBuildsRemovesExpiredBuildsOnly (0.08s)
2026-10-07T13:06:41.7604684Z === RUN   TestPruneStaleHexdataBuildsHonorsGracePeriod
2026-10-07T13:06:41.7710149Z --- PASS: TestPruneStaleHexdataBuildsHonorsGracePeriod (0.01s)
2026-10-07T13:06:41.7711254Z === RUN   TestPruneStaleHexdataBuildsBoundsDiskAcrossPatchHistory
2026-10-07T13:06:41.7712330Z === PAUSE TestPruneStaleHexdataBuildsBoundsDiskAcrossPatchHistory
2026-10-07T13:06:41.7713360Z === RUN   TestPruneStaleHexdataBuildsIgnoresUnreadableFiles
2026-10-07T13:06:41.7889637Z --- PASS: TestPruneStaleHexdataBuildsIgnoresUnreadableFiles (0.02s)
2026-10-07T13:06:41.7890722Z === RUN   TestPruneStaleHexdataBuildsRequiresValidBuildID
2026-10-07T13:06:41.8253175Z --- PASS: TestPruneStaleHexdataBuildsRequiresValidBuildID (0.04s)
2026-10-07T13:06:41.8254003Z === RUN   TestAdoptingNewBuildIDPrunesStaleHexdataFilesAsynchronously
2026-10-07T13:06:41.9235183Z --- PASS: TestAdoptingNewBuildIDPrunesStaleHexdataFilesAsynchronously (0.10s)
2026-10-07T13:06:41.9236416Z === RUN   TestPruneDiskStillProtectsHexdataFilesFromGenericLRU
2026-10-07T13:06:41.9491239Z --- PASS: TestPruneDiskStillProtectsHexdataFilesFromGenericLRU (0.03s)
2026-10-07T13:06:41.9492387Z === RUN   TestPruneStaleHexdataBuildsReportsMigrationFailure
2026-10-07T13:06:41.9780753Z --- PASS: TestPruneStaleHexdataBuildsReportsMigrationFailure (0.03s)
2026-10-07T13:06:41.9781528Z === RUN   TestPruneStaleHexdataBuildsMakesNoRequests
2026-10-07T13:06:42.0030439Z --- PASS: TestPruneStaleHexdataBuildsMakesNoRequests (0.02s)
2026-10-07T13:06:42.0032040Z === RUN   TestHandleChampionAssetCommunityDragonFallsBackFromLargeToSmall
2026-10-07T13:06:42.0063954Z --- PASS: TestHandleChampionAssetCommunityDragonFallsBackFromLargeToSmall (0.00s)
2026-10-07T13:06:42.0066495Z === RUN   TestHandleChampionAssetCommunityDragonReportsFinalAugmentFailure
2026-10-07T13:06:42.0068217Z --- PASS: TestHandleChampionAssetCommunityDragonReportsFinalAugmentFailure (0.00s)
2026-10-07T13:06:42.0069777Z === RUN   TestR154CommunityDragonChampionIconFallsBackToDataDragon
2026-10-07T13:06:42.0070999Z === RUN   TestR154CommunityDragonChampionIconFallsBackToDataDragon/blocked=false
2026-10-07T13:06:42.0072343Z --- PASS: TestR154CommunityDragonChampionIconFallsBackToDataDragon/blocked=false (0.00s)
2026-10-07T13:06:42.0073620Z === RUN   TestR154CommunityDragonChampionIconFallsBackToDataDragon/blocked=true
2026-10-07T13:06:42.0075050Z --- PASS: TestR154CommunityDragonChampionIconFallsBackToDataDragon/blocked=true (0.00s)
2026-10-07T13:06:42.0076491Z --- PASS: TestR154CommunityDragonChampionIconFallsBackToDataDragon (0.00s)
2026-10-07T13:06:42.0077742Z === RUN   TestR154OfflineProfileIconFallsBackAfterCommunityDragonNegativeCache
2026-10-07T13:06:42.0078604Z --- PASS: TestR154OfflineProfileIconFallsBackAfterCommunityDragonNegativeCache (0.00s)
2026-10-07T13:06:42.0079280Z === RUN   TestR154CommunityDragonItemFallbackUsesExactDataDragonID
2026-10-07T13:06:42.0079900Z --- PASS: TestR154CommunityDragonItemFallbackUsesExactDataDragonID (0.00s)
2026-10-07T13:06:42.0080404Z === RUN   TestChampionNetworkSettingsValidation
2026-10-07T13:06:42.0080820Z --- PASS: TestChampionNetworkSettingsValidation (0.00s)
2026-10-07T13:06:42.0081264Z === RUN   TestChampionAutoProxyUsesDesktopResolution
2026-10-07T13:06:42.0081724Z --- PASS: TestChampionAutoProxyUsesDesktopResolution (0.00s)
2026-10-07T13:06:42.0082198Z === RUN   TestSystemProxyEndpoint
2026-10-07T13:06:42.0082846Z --- PASS: TestSystemProxyEndpoint (0.00s)
2026-10-07T13:06:42.0083303Z === RUN   TestChampionDataCacheSingleflightAndStaleFallback
2026-10-07T13:06:42.0229926Z --- PASS: TestChampionDataCacheSingleflightAndStaleFallback (0.01s)
2026-10-07T13:06:42.0230840Z === RUN   TestChampionDataCacheReportsLoadState
2026-10-07T13:06:42.0363959Z --- PASS: TestChampionDataCacheReportsLoadState (0.01s)
2026-10-07T13:06:42.0364512Z === RUN   TestStructuredDetailPreservesStaleCacheFetchedAt
2026-10-07T13:06:42.2868643Z --- PASS: TestStructuredDetailPreservesStaleCacheFetchedAt (0.25s)
2026-10-07T13:06:42.2869598Z === RUN   TestOPGGModeSpecURLMatrix
2026-10-07T13:06:42.2871895Z === RUN   TestOPGGModeSpecURLMatrix/ranked
2026-10-07T13:06:42.2872688Z --- PASS: TestOPGGModeSpecURLMatrix/ranked (0.00s)
2026-10-07T13:06:42.2873472Z === RUN   TestOPGGModeSpecURLMatrix/aram
2026-10-07T13:06:42.2874182Z --- PASS: TestOPGGModeSpecURLMatrix/aram (0.00s)
2026-10-07T13:06:42.2874935Z === RUN   TestOPGGModeSpecURLMatrix/arena
2026-10-07T13:06:42.2875763Z --- PASS: TestOPGGModeSpecURLMatrix/arena (0.00s)
2026-10-07T13:06:42.2876406Z === RUN   TestOPGGModeSpecURLMatrix/urf
2026-10-07T13:06:42.2877032Z --- PASS: TestOPGGModeSpecURLMatrix/urf (0.00s)
2026-10-07T13:06:42.2877721Z === RUN   TestOPGGModeSpecURLMatrix/nexus-blitz
2026-10-07T13:06:42.2878414Z --- PASS: TestOPGGModeSpecURLMatrix/nexus-blitz (0.00s)
2026-10-07T13:06:42.2879122Z --- PASS: TestOPGGModeSpecURLMatrix (0.00s)
2026-10-07T13:06:42.2879797Z === RUN   TestOPGGPatchFreshnessUsesNumericSegments
2026-10-07T13:06:42.2880574Z --- PASS: TestOPGGPatchFreshnessUsesNumericSegments (0.00s)
2026-10-07T13:06:42.2881384Z === RUN   TestOPGGDetailCacheIdentityIncludesModeAndRegion
2026-10-07T13:06:42.2882371Z --- PASS: TestOPGGDetailCacheIdentityIncludesModeAndRegion (0.00s)
2026-10-07T13:06:42.2883720Z === RUN   TestStructuredMetricsRejectsTinyAndRelativeLongTailSamples
2026-10-07T13:06:42.2884917Z --- PASS: TestStructuredMetricsRejectsTinyAndRelativeLongTailSamples (0.00s)
2026-10-07T13:06:42.2888776Z === RUN   TestStructuredMetricsFallbackKeepsHighestSamplesAndReportsGate
2026-10-07T13:06:42.2890942Z --- PASS: TestStructuredMetricsFallbackKeepsHighestSamplesAndReportsGate (0.00s)
2026-10-07T13:06:42.2892577Z === RUN   TestStructuredRecommendationMetricsPrioritizeLargeSamplesBeforeWinRate
2026-10-07T13:06:42.2894021Z --- PASS: TestStructuredRecommendationMetricsPrioritizeLargeSamplesBeforeWinRate (0.00s)
2026-10-07T13:06:42.2895650Z === RUN   TestStructuredRecommendationMetricsFollowPickRateAcrossEveryOPGGRecommendationKind
2026-10-07T13:06:42.2897317Z === RUN   TestStructuredRecommendationMetricsFollowPickRateAcrossEveryOPGGRecommendationKind/spell
2026-10-07T13:06:42.2898478Z --- PASS: TestStructuredRecommendationMetricsFollowPickRateAcrossEveryOPGGRecommendationKind/spell (0.00s)
2026-10-07T13:06:42.2899447Z === RUN   TestStructuredRecommendationMetricsFollowPickRateAcrossEveryOPGGRecommendationKind/starter
2026-10-07T13:06:42.2900425Z --- PASS: TestStructuredRecommendationMetricsFollowPickRateAcrossEveryOPGGRecommendationKind/starter (0.00s)
2026-10-07T13:06:42.2901376Z === RUN   TestStructuredRecommendationMetricsFollowPickRateAcrossEveryOPGGRecommendationKind/boots
2026-10-07T13:06:42.2902328Z --- PASS: TestStructuredRecommendationMetricsFollowPickRateAcrossEveryOPGGRecommendationKind/boots (0.00s)
2026-10-07T13:06:42.2903762Z === RUN   TestStructuredRecommendationMetricsFollowPickRateAcrossEveryOPGGRecommendationKind/core
2026-10-07T13:06:42.2904712Z --- PASS: TestStructuredRecommendationMetricsFollowPickRateAcrossEveryOPGGRecommendationKind/core (0.00s)
2026-10-07T13:06:42.2905648Z --- PASS: TestStructuredRecommendationMetricsFollowPickRateAcrossEveryOPGGRecommendationKind (0.00s)
2026-10-07T13:06:42.2906399Z === RUN   TestRankedDepthCacheSharesDetailSnapshotAndUsesOlderFetchedAt
2026-10-07T13:06:42.2907060Z --- PASS: TestRankedDepthCacheSharesDetailSnapshotAndUsesOlderFetchedAt (0.00s)
2026-10-07T13:06:42.2907946Z === RUN   TestStructuredRecommendationMetricsKeepUnknownSamplesInUpstreamOrder
2026-10-07T13:06:42.2908859Z --- PASS: TestStructuredRecommendationMetricsKeepUnknownSamplesInUpstreamOrder (0.00s)
2026-10-07T13:06:42.2909568Z === RUN   TestStructuredSampleAllowedRequiresAbsoluteAndRelativeMinimums
2026-10-07T13:06:42.2910258Z === RUN   TestStructuredSampleAllowedRequiresAbsoluteAndRelativeMinimums/both_boundaries
2026-10-07T13:06:42.2911050Z --- PASS: TestStructuredSampleAllowedRequiresAbsoluteAndRelativeMinimums/both_boundaries (0.00s)
2026-10-07T13:06:42.2911872Z === RUN   TestStructuredSampleAllowedRequiresAbsoluteAndRelativeMinimums/below_absolute_minimum
2026-10-07T13:06:42.2912730Z --- PASS: TestStructuredSampleAllowedRequiresAbsoluteAndRelativeMinimums/below_absolute_minimum (0.00s)
2026-10-07T13:06:42.2913556Z === RUN   TestStructuredSampleAllowedRequiresAbsoluteAndRelativeMinimums/below_head_ratio
2026-10-07T13:06:42.2914529Z --- PASS: TestStructuredSampleAllowedRequiresAbsoluteAndRelativeMinimums/below_head_ratio (0.00s)
2026-10-07T13:06:42.2915398Z === RUN   TestStructuredSampleAllowedRequiresAbsoluteAndRelativeMinimums/larger_sample_below_head_ratio
2026-10-07T13:06:42.2916315Z --- PASS: TestStructuredSampleAllowedRequiresAbsoluteAndRelativeMinimums/larger_sample_below_head_ratio (0.00s)
2026-10-07T13:06:42.2917183Z === RUN   TestStructuredSampleAllowedRequiresAbsoluteAndRelativeMinimums/representative_sample
2026-10-07T13:06:42.2918030Z --- PASS: TestStructuredSampleAllowedRequiresAbsoluteAndRelativeMinimums/representative_sample (0.00s)
2026-10-07T13:06:42.2918856Z === RUN   TestStructuredSampleAllowedRequiresAbsoluteAndRelativeMinimums/zero_leading_sample
2026-10-07T13:06:42.2919848Z --- PASS: TestStructuredSampleAllowedRequiresAbsoluteAndRelativeMinimums/zero_leading_sample (0.00s)
2026-10-07T13:06:42.2920675Z === RUN   TestStructuredSampleAllowedRequiresAbsoluteAndRelativeMinimums/negative_leading_sample
2026-10-07T13:06:42.2921536Z --- PASS: TestStructuredSampleAllowedRequiresAbsoluteAndRelativeMinimums/negative_leading_sample (0.00s)
2026-10-07T13:06:42.2922523Z --- PASS: TestStructuredSampleAllowedRequiresAbsoluteAndRelativeMinimums (0.00s)
2026-10-07T13:06:42.2923337Z === RUN   TestStructuredSpellSampleGateIsRelaxedOnlyForSpells
2026-10-07T13:06:42.2924011Z --- PASS: TestStructuredSpellSampleGateIsRelaxedOnlyForSpells (0.00s)
2026-10-07T13:06:42.2924699Z === RUN   TestChampionUpstreamDiagnosticUsesSafeFields
2026-10-07T13:06:42.2925182Z --- PASS: TestChampionUpstreamDiagnosticUsesSafeFields (0.00s)
2026-10-07T13:06:42.2925651Z === RUN   TestChampionDataCachePersistsAcrossInstances
2026-10-07T13:06:42.3019534Z --- PASS: TestChampionDataCachePersistsAcrossInstances (0.01s)
2026-10-07T13:06:42.3021205Z === RUN   TestChampionCachePersistentPoliciesUseDiskWhitelistedKeys
2026-10-07T13:06:42.3022733Z === RUN   TestChampionCachePersistentPoliciesUseDiskWhitelistedKeys/Data_Dragon
2026-10-07T13:06:42.3024039Z --- PASS: TestChampionCachePersistentPoliciesUseDiskWhitelistedKeys/Data_Dragon (0.00s)
2026-10-07T13:06:42.3024862Z === RUN   TestChampionCachePersistentPoliciesUseDiskWhitelistedKeys/Community_Dragon
2026-10-07T13:06:42.3025666Z --- PASS: TestChampionCachePersistentPoliciesUseDiskWhitelistedKeys/Community_Dragon (0.00s)
2026-10-07T13:06:42.3026416Z === RUN   TestChampionCachePersistentPoliciesUseDiskWhitelistedKeys/OP.GG_page
2026-10-07T13:06:42.3027118Z --- PASS: TestChampionCachePersistentPoliciesUseDiskWhitelistedKeys/OP.GG_page (0.00s)
2026-10-07T13:06:42.3028713Z === RUN   TestChampionCachePersistentPoliciesUseDiskWhitelistedKeys/OP.GG_champion
2026-10-07T13:06:42.3029462Z --- PASS: TestChampionCachePersistentPoliciesUseDiskWhitelistedKeys/OP.GG_champion (0.00s)
2026-10-07T13:06:42.3030187Z === RUN   TestChampionCachePersistentPoliciesUseDiskWhitelistedKeys/OP.GG_detail
2026-10-07T13:06:42.3030907Z --- PASS: TestChampionCachePersistentPoliciesUseDiskWhitelistedKeys/OP.GG_detail (0.00s)
2026-10-07T13:06:42.3031600Z --- PASS: TestChampionCachePersistentPoliciesUseDiskWhitelistedKeys (0.00s)
2026-10-07T13:06:42.3032135Z === RUN   TestChampionDataCacheKeepsYourGGMemoryOnly
2026-10-07T13:06:42.3041835Z --- PASS: TestChampionDataCacheKeepsYourGGMemoryOnly (0.00s)
2026-10-07T13:06:42.3042397Z === RUN   TestChampionDataCachePurgesLegacyYourGGDiskEntry
2026-10-07T13:06:42.3066375Z --- PASS: TestChampionDataCachePurgesLegacyYourGGDiskEntry (0.00s)
2026-10-07T13:06:42.3067857Z === RUN   TestStructuredOPGGDetailSchema
2026-10-07T13:06:42.5576151Z --- PASS: TestStructuredOPGGDetailSchema (0.25s)
2026-10-07T13:06:42.5577112Z === RUN   TestStructuredDetailOmitsPositionsOutsideRanked
2026-10-07T13:06:42.5578088Z === RUN   TestStructuredDetailOmitsPositionsOutsideRanked/arena
2026-10-07T13:06:42.5580401Z --- PASS: TestStructuredDetailOmitsPositionsOutsideRanked/arena (0.00s)
2026-10-07T13:06:42.5581510Z === RUN   TestStructuredDetailOmitsPositionsOutsideRanked/aram
2026-10-07T13:06:42.5582540Z --- PASS: TestStructuredDetailOmitsPositionsOutsideRanked/aram (0.00s)
2026-10-07T13:06:42.5583499Z === RUN   TestStructuredDetailOmitsPositionsOutsideRanked/urf
2026-10-07T13:06:42.5584558Z --- PASS: TestStructuredDetailOmitsPositionsOutsideRanked/urf (0.00s)
2026-10-07T13:06:42.5585583Z === RUN   TestStructuredDetailOmitsPositionsOutsideRanked/nexus-blitz
2026-10-07T13:06:42.5592905Z --- PASS: TestStructuredDetailOmitsPositionsOutsideRanked/nexus-blitz (0.00s)
2026-10-07T13:06:42.5594085Z --- PASS: TestStructuredDetailOmitsPositionsOutsideRanked (0.00s)
2026-10-07T13:06:42.5595050Z === RUN   TestStructuredDetailFallbackKeepsFallbackPositions
2026-10-07T13:06:42.5596060Z --- PASS: TestStructuredDetailFallbackKeepsFallbackPositions (0.00s)
2026-10-07T13:06:42.5597035Z === RUN   TestArenaAugmentRowsUseCommunityDragonMetadata
2026-10-07T13:06:42.5597987Z --- PASS: TestArenaAugmentRowsUseCommunityDragonMetadata (0.00s)
2026-10-07T13:06:42.5599009Z === RUN   TestArenaAugmentMetadataSupplementOnlyFillsMissingFields
2026-10-07T13:06:42.5600140Z --- PASS: TestArenaAugmentMetadataSupplementOnlyFillsMissingFields (0.00s)
2026-10-07T13:06:42.5601754Z === RUN   TestLoadCommunityDragonAugmentsSupplementsArenaMetadata
2026-10-07T13:06:42.5602847Z --- PASS: TestLoadCommunityDragonAugmentsSupplementsArenaMetadata (0.00s)
2026-10-07T13:06:42.5604209Z === RUN   TestArenaAugmentDescriptionRendersDataValuesAndRemovesTemplates
2026-10-07T13:06:42.5605479Z --- PASS: TestArenaAugmentDescriptionRendersDataValuesAndRemovesTemplates (0.00s)
2026-10-07T13:06:42.5607006Z === RUN   TestArenaAugmentDescriptionDropsRuntimeCounterLines
2026-10-07T13:06:42.5608076Z --- PASS: TestArenaAugmentDescriptionDropsRuntimeCounterLines (0.00s)
2026-10-07T13:06:42.5609039Z === RUN   TestArenaAugmentDescriptionRendersCalculations
2026-10-07T13:06:42.5609924Z --- PASS: TestArenaAugmentDescriptionRendersCalculations (0.00s)
2026-10-07T13:06:42.5610973Z === RUN   TestArenaAugmentCalculationTrimsZeroScalingAndBareRatios
2026-10-07T13:06:42.5612109Z --- PASS: TestArenaAugmentCalculationTrimsZeroScalingAndBareRatios (0.00s)
2026-10-07T13:06:42.5613385Z === RUN   TestArenaAugmentDescriptionDropsOnlyTheUnresolvableSentence
2026-10-07T13:06:42.5614651Z --- PASS: TestArenaAugmentDescriptionDropsOnlyTheUnresolvableSentence (0.00s)
2026-10-07T13:06:42.5615813Z === RUN   TestArenaAugmentCalculationWalksLevelBreakpoints
2026-10-07T13:06:42.5616812Z --- PASS: TestArenaAugmentCalculationWalksLevelBreakpoints (0.00s)
2026-10-07T13:06:42.5617945Z === RUN   TestCommunityDragonMayhemCatalogShapeReportsBelowKiwiMinimum
2026-10-07T13:06:42.5619197Z --- PASS: TestCommunityDragonMayhemCatalogShapeReportsBelowKiwiMinimum (0.00s)
2026-10-07T13:06:42.5620478Z === RUN   TestCommunityDragonAugmentIndexIgnoresIconDirectory
2026-10-07T13:06:42.5621365Z --- PASS: TestCommunityDragonAugmentIndexIgnoresIconDirectory (0.00s)
2026-10-07T13:06:42.5621936Z === RUN   TestArenaAugmentRowsSurviveMissingCommunityDragonMetadata
2026-10-07T13:06:42.5622526Z --- PASS: TestArenaAugmentRowsSurviveMissingCommunityDragonMetadata (0.00s)
2026-10-07T13:06:42.5623058Z === RUN   TestArenaAugmentRowsPreserveAllQualityRows
2026-10-07T13:06:42.5623750Z --- PASS: TestArenaAugmentRowsPreserveAllQualityRows (0.00s)
2026-10-07T13:06:42.5624246Z === RUN   TestStructuredArenaDetailPreservesAllAugmentRows
2026-10-07T13:06:42.5624773Z --- PASS: TestStructuredArenaDetailPreservesAllAugmentRows (0.00s)
2026-10-07T13:06:42.5625257Z === RUN   TestArenaAugmentDiagnosticsUseSafeFields
2026-10-07T13:06:42.5625695Z --- PASS: TestArenaAugmentDiagnosticsUseSafeFields (0.00s)
2026-10-07T13:06:42.5626103Z === RUN   TestDDragonItemCatalogParsesGoldTotal
2026-10-07T13:06:42.5626512Z --- PASS: TestDDragonItemCatalogParsesGoldTotal (0.00s)
2026-10-07T13:06:42.5627861Z === RUN   TestLoadStaticDescriptionsReportsDDragonPurchasabilityFields
2026-10-07T13:06:42.5629224Z --- PASS: TestLoadStaticDescriptionsReportsDDragonPurchasabilityFields (0.00s)
2026-10-07T13:06:42.5630187Z === RUN   TestValidateChampionAssetPath
2026-10-07T13:06:42.5630856Z --- PASS: TestValidateChampionAssetPath (0.00s)
2026-10-07T13:06:42.5631605Z === RUN   TestRuneShardSlotsUsePositionalMatching
2026-10-07T13:06:42.5632432Z --- PASS: TestRuneShardSlotsUsePositionalMatching (0.00s)
2026-10-07T13:06:42.5633234Z === RUN   TestLoadTopPlayersParsesLeaderboardFlight
2026-10-07T13:06:42.5634068Z --- PASS: TestLoadTopPlayersParsesLeaderboardFlight (0.00s)
2026-10-07T13:06:42.5635041Z === RUN   TestLoadTopPlayersUsesLeaderboardTableAndCapsFive
2026-10-07T13:06:42.5636027Z --- PASS: TestLoadTopPlayersUsesLeaderboardTableAndCapsFive (0.00s)
2026-10-07T13:06:42.5637024Z === RUN   TestValidateChampionAssetPathAllowsOPGGProfileIcons
2026-10-07T13:06:42.5638069Z --- PASS: TestValidateChampionAssetPathAllowsOPGGProfileIcons (0.00s)
2026-10-07T13:06:42.5639029Z === RUN   TestCommunityDragonAugmentAssetPathsStayScoped
2026-10-07T13:06:42.5639956Z --- PASS: TestCommunityDragonAugmentAssetPathsStayScoped (0.00s)
2026-10-07T13:06:42.5641024Z === RUN   TestAugmentMetadataMergeUsesRealIDsAndPreservesLCUDescriptions
2026-10-07T13:06:42.5642283Z --- PASS: TestAugmentMetadataMergeUsesRealIDsAndPreservesLCUDescriptions (0.00s)
2026-10-07T13:06:42.5643853Z === RUN   TestAugmentOfflineGuidanceOnlyFillsMissingMayhemDescriptions
2026-10-07T13:06:42.5645145Z --- PASS: TestAugmentOfflineGuidanceOnlyFillsMissingMayhemDescriptions (0.00s)
2026-10-07T13:06:42.5646472Z === RUN   TestChampionAssetFallbackMapsGtimgOntoDataDragon
2026-10-07T13:06:42.5647783Z --- PASS: TestChampionAssetFallbackMapsGtimgOntoDataDragon (0.00s)
2026-10-07T13:06:42.5648700Z === RUN   TestChampionAssetLCUPathUsesGameDataRoutes
2026-10-07T13:06:42.5649515Z --- PASS: TestChampionAssetLCUPathUsesGameDataRoutes (0.00s)
2026-10-07T13:06:42.5650522Z === RUN   TestLoadRankedFiltersUnknownPositionsBeforeChoosingDefaults
2026-10-07T13:06:42.5651710Z --- PASS: TestLoadRankedFiltersUnknownPositionsBeforeChoosingDefaults (0.00s)
2026-10-07T13:06:42.5652674Z === RUN   TestDecodeNextFlightAndExtractBestArray
2026-10-07T13:06:42.5653458Z --- PASS: TestDecodeNextFlightAndExtractBestArray (0.00s)
2026-10-07T13:06:42.5654287Z === RUN   TestParseArenaTeamCompositionsAndStats
2026-10-07T13:06:42.5655043Z --- PASS: TestParseArenaTeamCompositionsAndStats (0.00s)
2026-10-07T13:06:42.5655810Z === RUN   TestParseArenaAugmentsKeepsMetricsAndTooltip
2026-10-07T13:06:42.5656655Z --- PASS: TestParseArenaAugmentsKeepsMetricsAndTooltip (0.00s)
2026-10-07T13:06:42.5657468Z === RUN   TestBalancedJSONArrayHandlesQuotedBrackets
2026-10-07T13:06:42.5658321Z --- PASS: TestBalancedJSONArrayHandlesQuotedBrackets (0.00s)
2026-10-07T13:06:42.5659344Z === RUN   TestNormalizeArenaBuildSeparatesBootsAndRemovesPlaceholder
2026-10-07T13:06:42.5660562Z --- PASS: TestNormalizeArenaBuildSeparatesBootsAndRemovesPlaceholder (0.00s)
2026-10-07T13:06:42.5661599Z === RUN   TestChampionSearchTermsAndAliases
2026-10-07T13:06:42.5662318Z --- PASS: TestChampionSearchTermsAndAliases (0.00s)
2026-10-07T13:06:42.5663211Z === RUN   TestParseChampionAbilityDescriptionsIncludesConcreteValues
2026-10-07T13:06:42.5664361Z --- PASS: TestParseChampionAbilityDescriptionsIncludesConcreteValues (0.00s)
2026-10-07T13:06:42.5665283Z === RUN   TestCleanMarkupAndRarity
2026-10-07T13:06:42.5665911Z --- PASS: TestCleanMarkupAndRarity (0.00s)
2026-10-07T13:06:42.5666530Z === RUN   TestParseChampionCounters
2026-10-07T13:06:42.5667126Z --- PASS: TestParseChampionCounters (0.00s)
2026-10-07T13:06:42.5668408Z === RUN   TestParseChampionCountersAcceptsNonDivSectionHeadings
2026-10-07T13:06:42.5669519Z --- PASS: TestParseChampionCountersAcceptsNonDivSectionHeadings (0.00s)
2026-10-07T13:06:42.5670440Z === RUN   TestParseChampionRunesKeepsFullTreeAndShards
2026-10-07T13:06:42.5671284Z --- PASS: TestParseChampionRunesKeepsFullTreeAndShards (0.00s)
2026-10-07T13:06:42.5672111Z === RUN   TestDecorateChampionAssetAddsTooltipMetadata
2026-10-07T13:06:42.5672935Z --- PASS: TestDecorateChampionAssetAddsTooltipMetadata (0.00s)
2026-10-07T13:06:42.5673885Z === RUN   TestFilterChampionItemComponentsKeepsFinalAndUnknownItems
2026-10-07T13:06:42.5674962Z --- PASS: TestFilterChampionItemComponentsKeepsFinalAndUnknownItems (0.00s)
2026-10-07T13:06:42.5676007Z === RUN   TestFillMissingChampionCountersPreservesAvailableSide
2026-10-07T13:06:42.5677017Z --- PASS: TestFillMissingChampionCountersPreservesAvailableSide (0.00s)
2026-10-07T13:06:42.5678005Z === RUN   TestLoadStructuredCountersUsesOnlyOPGGDetailPayload
2026-10-07T13:06:42.5678898Z --- PASS: TestLoadStructuredCountersUsesOnlyOPGGDetailPayload (0.00s)
2026-10-07T13:06:42.5679903Z === RUN   TestStructuredCountersDropsSubjectAndDuplicateRows
2026-10-07T13:06:42.5680882Z --- PASS: TestStructuredCountersDropsSubjectAndDuplicateRows (0.00s)
2026-10-07T13:06:42.5682057Z === RUN   TestLoadStructuredCountersUsesCompletePositionFilteredTopLevelCounters
2026-10-07T13:06:42.5683409Z --- PASS: TestLoadStructuredCountersUsesCompletePositionFilteredTopLevelCounters (0.00s)
2026-10-07T13:06:42.5684747Z === RUN   TestLoadStructuredDetailUsesCompletePositionFilteredTopLevelCounters
2026-10-07T13:06:42.5686128Z --- PASS: TestLoadStructuredDetailUsesCompletePositionFilteredTopLevelCounters (0.00s)
2026-10-07T13:06:42.5688954Z === RUN   TestStructuredCountersNeverCallLosingMatchupsStrong
2026-10-07T13:06:42.5690055Z --- PASS: TestStructuredCountersNeverCallLosingMatchupsStrong (0.00s)
2026-10-07T13:06:42.5691318Z === RUN   TestStructuredCountersNeverCallWinningMatchupsWeak
2026-10-07T13:06:42.5692297Z --- PASS: TestStructuredCountersNeverCallWinningMatchupsWeak (0.00s)
2026-10-07T13:06:42.5693250Z === RUN   TestParseOPGGItemDepthsExpandsDelayedFifthItemGames
2026-10-07T13:06:42.5693815Z --- PASS: TestParseOPGGItemDepthsExpandsDelayedFifthItemGames (0.00s)
2026-10-07T13:06:42.5694449Z === RUN   TestOPGGItemDepthDiagnosticsSeparateNetworkFailureFromParsedZero
2026-10-07T13:06:42.5695154Z --- PASS: TestOPGGItemDepthDiagnosticsSeparateNetworkFailureFromParsedZero (0.00s)
2026-10-07T13:06:42.5696137Z === RUN   TestParseOPGGItemDepthsDeduplicatesExpandedRowsBeforeApplyingLimit
2026-10-07T13:06:42.5696864Z --- PASS: TestParseOPGGItemDepthsDeduplicatesExpandedRowsBeforeApplyingLimit (0.00s)
2026-10-07T13:06:42.5697596Z === RUN   TestRankedCoreRecommendationsKeepCompleteOPGGOrderBelowLocalSampleGate
2026-10-07T13:06:42.5698347Z --- PASS: TestRankedCoreRecommendationsKeepCompleteOPGGOrderBelowLocalSampleGate (0.00s)
2026-10-07T13:06:42.5699011Z === RUN   TestParseOPGGItemDepthsAcceptsCurrentNumericRSCPercentages
2026-10-07T13:06:42.5699634Z --- PASS: TestParseOPGGItemDepthsAcceptsCurrentNumericRSCPercentages (0.00s)
2026-10-07T13:06:42.5700242Z === RUN   TestParseOPGGItemDepthsKeepsZeroWinRateWithRealGames
2026-10-07T13:06:42.5700796Z --- PASS: TestParseOPGGItemDepthsKeepsZeroWinRateWithRealGames (0.00s)
2026-10-07T13:06:42.5701287Z === RUN   TestParseOPGGItemDepthsIncludesSixthItem
2026-10-07T13:06:42.5701728Z --- PASS: TestParseOPGGItemDepthsIncludesSixthItem (0.00s)
2026-10-07T13:06:42.5702196Z === RUN   TestLoadOPGGDepthRowsAllowsMissingSixthItemDepth
2026-10-07T13:06:42.5702696Z --- PASS: TestLoadOPGGDepthRowsAllowsMissingSixthItemDepth (0.00s)
2026-10-07T13:06:42.5703229Z === RUN   TestLoadOPGGDepthRowsKeepsOtherStagesWhenFifthIsAbsent
2026-10-07T13:06:42.5703803Z --- PASS: TestLoadOPGGDepthRowsKeepsOtherStagesWhenFifthIsAbsent (0.00s)
2026-10-07T13:06:42.5704403Z === RUN   TestParseOPGGItemDepthsKeepsThreeRowsForFiveChampionFixtures
2026-10-07T13:06:42.5705037Z --- PASS: TestParseOPGGItemDepthsKeepsThreeRowsForFiveChampionFixtures (0.00s)
2026-10-07T13:06:42.5706418Z === RUN   TestOPGGDepthRowsAreNotDeduplicatedAgainstCoreItems
2026-10-07T13:06:42.5707096Z --- PASS: TestOPGGDepthRowsAreNotDeduplicatedAgainstCoreItems (0.00s)
2026-10-07T13:06:42.5707556Z === RUN   TestFractionToPercentContracts
2026-10-07T13:06:42.5707939Z --- PASS: TestFractionToPercentContracts (0.00s)
2026-10-07T13:06:42.5708473Z === RUN   TestExecutionPlanningNeverBansAndAutomaticallyIntentsWithoutToggle
2026-10-07T13:06:42.5712953Z --- PASS: TestExecutionPlanningNeverBansAndAutomaticallyIntentsWithoutToggle (0.00s)
2026-10-07T13:06:42.5714354Z === RUN   TestExecutionReplay1030IntentThenSentinelBanHoverConfirmationAndLock
2026-10-07T13:06:42.5779642Z --- PASS: TestExecutionReplay1030IntentThenSentinelBanHoverConfirmationAndLock (0.01s)
2026-10-07T13:06:42.5781538Z === RUN   TestChampSelectRuntimeRecordChampionIDRoundTripAndLimit
2026-10-07T13:06:42.5782683Z --- PASS: TestChampSelectRuntimeRecordChampionIDRoundTripAndLimit (0.00s)
2026-10-07T13:06:42.5783860Z === RUN   TestExecutionCustomCompatibilityAlwaysConfirmsHoverEvenLockNow
2026-10-07T13:06:42.5820741Z --- PASS: TestExecutionCustomCompatibilityAlwaysConfirmsHoverEvenLockNow (0.00s)
2026-10-07T13:06:42.5821815Z === RUN   TestExecutionCompatibilityIsNotAWildcard
2026-10-07T13:06:42.5822604Z === RUN   TestExecutionCompatibilityIsNotAWildcard/empty
2026-10-07T13:06:42.5823495Z --- PASS: TestExecutionCompatibilityIsNotAWildcard/empty (0.00s)
2026-10-07T13:06:42.5824482Z === RUN   TestExecutionCompatibilityIsNotAWildcard/read-failed
2026-10-07T13:06:42.5827540Z --- PASS: TestExecutionCompatibilityIsNotAWildcard/read-failed (0.00s)
2026-10-07T13:06:42.5829127Z === RUN   TestExecutionCompatibilityIsNotAWildcard/no-action
2026-10-07T13:06:42.5831749Z --- PASS: TestExecutionCompatibilityIsNotAWildcard/no-action (0.00s)
2026-10-07T13:06:42.5833039Z === RUN   TestExecutionCompatibilityIsNotAWildcard/planning
2026-10-07T13:06:42.5836212Z --- PASS: TestExecutionCompatibilityIsNotAWildcard/planning (0.00s)
2026-10-07T13:06:42.5837597Z === RUN   TestExecutionCompatibilityIsNotAWildcard/unknown-phase
2026-10-07T13:06:42.5841236Z --- PASS: TestExecutionCompatibilityIsNotAWildcard/unknown-phase (0.00s)
2026-10-07T13:06:42.5842250Z === RUN   TestExecutionCompatibilityIsNotAWildcard/banned
2026-10-07T13:06:42.5846188Z --- PASS: TestExecutionCompatibilityIsNotAWildcard/banned (0.00s)
2026-10-07T13:06:42.5847480Z === RUN   TestExecutionCompatibilityIsNotAWildcard/own-intent
2026-10-07T13:06:42.5851497Z --- PASS: TestExecutionCompatibilityIsNotAWildcard/own-intent (0.00s)
2026-10-07T13:06:42.5852511Z === RUN   TestExecutionCompatibilityIsNotAWildcard/ally-selected
2026-10-07T13:06:42.5856247Z --- PASS: TestExecutionCompatibilityIsNotAWildcard/ally-selected (0.00s)
2026-10-07T13:06:42.5857179Z === RUN   TestExecutionCompatibilityIsNotAWildcard/unknown-hero
2026-10-07T13:06:42.5860426Z --- PASS: TestExecutionCompatibilityIsNotAWildcard/unknown-hero (0.00s)
2026-10-07T13:06:42.5862365Z --- PASS: TestExecutionCompatibilityIsNotAWildcard (0.00s)
2026-10-07T13:06:42.5864124Z === RUN   TestExecutionIntentConflictSwitchAndManualTakeover
2026-10-07T13:06:42.5865039Z === RUN   TestExecutionIntentConflictSwitchAndManualTakeover/avoid
2026-10-07T13:06:42.5886084Z --- PASS: TestExecutionIntentConflictSwitchAndManualTakeover/avoid (0.00s)
2026-10-07T13:06:42.5887326Z === RUN   TestExecutionIntentConflictSwitchAndManualTakeover/ignore-intent
2026-10-07T13:06:42.5902011Z --- PASS: TestExecutionIntentConflictSwitchAndManualTakeover/ignore-intent (0.00s)
2026-10-07T13:06:42.5903688Z === RUN   TestExecutionIntentConflictSwitchAndManualTakeover/locked-always-excluded
2026-10-07T13:06:42.5918327Z --- PASS: TestExecutionIntentConflictSwitchAndManualTakeover/locked-always-excluded (0.00s)
2026-10-07T13:06:42.5919713Z === RUN   TestExecutionIntentConflictSwitchAndManualTakeover/manual-protected
2026-10-07T13:06:42.5923102Z --- PASS: TestExecutionIntentConflictSwitchAndManualTakeover/manual-protected (0.00s)
2026-10-07T13:06:42.5924347Z --- PASS: TestExecutionIntentConflictSwitchAndManualTakeover (0.01s)
2026-10-07T13:06:42.5924994Z === RUN   TestExecutionRechecksAllyIntentAfterOwnIntent
2026-10-07T13:06:42.5956269Z --- PASS: TestExecutionRechecksAllyIntentAfterOwnIntent (0.00s)
2026-10-07T13:06:42.5957257Z === RUN   TestExecutionHTTPAckWithoutApplicationRetriesOnceAndNeverReportsSuccess
2026-10-07T13:06:42.6003926Z --- PASS: TestExecutionHTTPAckWithoutApplicationRetriesOnceAndNeverReportsSuccess (0.00s)
2026-10-07T13:06:42.6005048Z === RUN   TestExecutionTransportFailureAppliedByClientDoesNotDuplicate
2026-10-07T13:06:42.6027833Z --- PASS: TestExecutionTransportFailureAppliedByClientDoesNotDuplicate (0.00s)
2026-10-07T13:06:42.6028980Z === RUN   TestExecutionPreflightRechecksPhaseIntentAndOwnHover
2026-10-07T13:06:42.6032439Z --- PASS: TestExecutionPreflightRechecksPhaseIntentAndOwnHover (0.00s)
2026-10-07T13:06:42.6033843Z === RUN   TestExecutionOldBanEvidenceDoesNotLeakBetweenSessions
2026-10-07T13:06:42.6035188Z --- PASS: TestExecutionOldBanEvidenceDoesNotLeakBetweenSessions (0.00s)
2026-10-07T13:06:42.6036295Z === RUN   TestExecutionLateAcknowledgementCannotReviveCanceledAction
2026-10-07T13:06:42.6037307Z === RUN   TestExecutionLateAcknowledgementCannotReviveCanceledAction/master-off
2026-10-07T13:06:42.6043240Z --- PASS: TestExecutionLateAcknowledgementCannotReviveCanceledAction/master-off (0.00s)
2026-10-07T13:06:42.6044614Z === RUN   TestExecutionLateAcknowledgementCannotReviveCanceledAction/side-off
2026-10-07T13:06:42.6050867Z --- PASS: TestExecutionLateAcknowledgementCannotReviveCanceledAction/side-off (0.00s)
2026-10-07T13:06:42.6052736Z === RUN   TestExecutionLateAcknowledgementCannotReviveCanceledAction/manual-takeover
2026-10-07T13:06:42.6058946Z --- PASS: TestExecutionLateAcknowledgementCannotReviveCanceledAction/manual-takeover (0.00s)
2026-10-07T13:06:42.6060731Z === RUN   TestExecutionLateAcknowledgementCannotReviveCanceledAction/new-session
2026-10-07T13:06:42.6067080Z --- PASS: TestExecutionLateAcknowledgementCannotReviveCanceledAction/new-session (0.00s)
2026-10-07T13:06:42.6068373Z --- PASS: TestExecutionLateAcknowledgementCannotReviveCanceledAction (0.00s)
2026-10-07T13:06:42.6069610Z === RUN   Test1129RankedBanMigrationPreservesLegacyAndPickPools
2026-10-07T13:06:42.6522899Z --- PASS: Test1129RankedBanMigrationPreservesLegacyAndPickPools (0.05s)
2026-10-07T13:06:42.6523694Z === RUN   Test1129RankedSharedBanAcrossAllPositionsAndQueues
2026-10-07T13:06:42.6524422Z === RUN   Test1129RankedSharedBanAcrossAllPositionsAndQueues/420/top
2026-10-07T13:06:42.6544787Z --- PASS: Test1129RankedSharedBanAcrossAllPositionsAndQueues/420/top (0.00s)
2026-10-07T13:06:42.6546039Z === RUN   Test1129RankedSharedBanAcrossAllPositionsAndQueues/420/jungle
2026-10-07T13:06:42.6565407Z --- PASS: Test1129RankedSharedBanAcrossAllPositionsAndQueues/420/jungle (0.00s)
2026-10-07T13:06:42.6566623Z === RUN   Test1129RankedSharedBanAcrossAllPositionsAndQueues/420/middle
2026-10-07T13:06:42.6588371Z --- PASS: Test1129RankedSharedBanAcrossAllPositionsAndQueues/420/middle (0.00s)
2026-10-07T13:06:42.6589559Z === RUN   Test1129RankedSharedBanAcrossAllPositionsAndQueues/420/bottom
2026-10-07T13:06:42.6609072Z --- PASS: Test1129RankedSharedBanAcrossAllPositionsAndQueues/420/bottom (0.00s)
2026-10-07T13:06:42.6610325Z === RUN   Test1129RankedSharedBanAcrossAllPositionsAndQueues/420/utility
2026-10-07T13:06:42.6630090Z --- PASS: Test1129RankedSharedBanAcrossAllPositionsAndQueues/420/utility (0.00s)
2026-10-07T13:06:42.6631180Z === RUN   Test1129RankedSharedBanAcrossAllPositionsAndQueues/420/
2026-10-07T13:06:42.6648344Z --- PASS: Test1129RankedSharedBanAcrossAllPositionsAndQueues/420/ (0.00s)
2026-10-07T13:06:42.6649844Z === RUN   Test1129RankedSharedBanAcrossAllPositionsAndQueues/420/unknown
2026-10-07T13:06:42.6672075Z --- PASS: Test1129RankedSharedBanAcrossAllPositionsAndQueues/420/unknown (0.00s)
2026-10-07T13:06:42.6673467Z === RUN   Test1129RankedSharedBanAcrossAllPositionsAndQueues/440/top
2026-10-07T13:06:42.6693366Z --- PASS: Test1129RankedSharedBanAcrossAllPositionsAndQueues/440/top (0.00s)
2026-10-07T13:06:42.6694553Z === RUN   Test1129RankedSharedBanAcrossAllPositionsAndQueues/440/jungle
2026-10-07T13:06:42.6714370Z --- PASS: Test1129RankedSharedBanAcrossAllPositionsAndQueues/440/jungle (0.00s)
2026-10-07T13:06:42.6715744Z === RUN   Test1129RankedSharedBanAcrossAllPositionsAndQueues/440/middle
2026-10-07T13:06:42.6737670Z --- PASS: Test1129RankedSharedBanAcrossAllPositionsAndQueues/440/middle (0.00s)
2026-10-07T13:06:42.6738859Z === RUN   Test1129RankedSharedBanAcrossAllPositionsAndQueues/440/bottom
2026-10-07T13:06:42.6753742Z --- PASS: Test1129RankedSharedBanAcrossAllPositionsAndQueues/440/bottom (0.00s)
2026-10-07T13:06:42.6754908Z === RUN   Test1129RankedSharedBanAcrossAllPositionsAndQueues/440/utility
2026-10-07T13:06:42.6775666Z --- PASS: Test1129RankedSharedBanAcrossAllPositionsAndQueues/440/utility (0.00s)
2026-10-07T13:06:42.6777043Z === RUN   Test1129RankedSharedBanAcrossAllPositionsAndQueues/440/
2026-10-07T13:06:42.6797500Z --- PASS: Test1129RankedSharedBanAcrossAllPositionsAndQueues/440/ (0.00s)
2026-10-07T13:06:42.6798630Z === RUN   Test1129RankedSharedBanAcrossAllPositionsAndQueues/440/unknown
2026-10-07T13:06:42.6819171Z --- PASS: Test1129RankedSharedBanAcrossAllPositionsAndQueues/440/unknown (0.00s)
2026-10-07T13:06:42.6820614Z --- PASS: Test1129RankedSharedBanAcrossAllPositionsAndQueues (0.03s)
2026-10-07T13:06:42.6821613Z === RUN   Test1129RankedDiagnosticsReportSeparatePoolPositions
2026-10-07T13:06:42.6822662Z --- PASS: Test1129RankedDiagnosticsReportSeparatePoolPositions (0.00s)
2026-10-07T13:06:42.6824480Z === RUN   Test1129SkipLogsDeduplicateWithoutHidingChangedReasons
2026-10-07T13:06:42.6825564Z --- PASS: Test1129SkipLogsDeduplicateWithoutHidingChangedReasons (0.00s)
2026-10-07T13:06:42.6828067Z === RUN   Test1129SourceLogIgnoresOnlyRawOrderChanges
2026-10-07T13:06:42.6828929Z --- PASS: Test1129SourceLogIgnoresOnlyRawOrderChanges (0.00s)
2026-10-07T13:06:42.6829768Z === RUN   Test1129WriteLogNamesSeparateIntentHoverAndLock
2026-10-07T13:06:42.6830687Z --- PASS: Test1129WriteLogNamesSeparateIntentHoverAndLock (0.00s)
2026-10-07T13:06:42.6831647Z === RUN   TestTakeoverBenchManualSwapStopsOnceAndNextGameResets
2026-10-07T13:06:42.6879392Z --- PASS: TestTakeoverBenchManualSwapStopsOnceAndNextGameResets (0.00s)
2026-10-07T13:06:42.6880149Z === RUN   TestTakeoverBenchPendingSwapRechecksManualChoiceAndSession
2026-10-07T13:06:42.6881955Z === RUN   TestTakeoverBenchPendingSwapRechecksManualChoiceAndSession/manual
2026-10-07T13:06:42.8404281Z --- PASS: TestTakeoverBenchPendingSwapRechecksManualChoiceAndSession/manual (0.15s)
2026-10-07T13:06:42.8405379Z === RUN   TestTakeoverBenchPendingSwapRechecksManualChoiceAndSession/new-game
2026-10-07T13:06:42.9926645Z --- PASS: TestTakeoverBenchPendingSwapRechecksManualChoiceAndSession/new-game (0.15s)
2026-10-07T13:06:42.9927675Z === RUN   TestTakeoverBenchPendingSwapRechecksManualChoiceAndSession/target-gone
2026-10-07T13:06:43.1449402Z --- PASS: TestTakeoverBenchPendingSwapRechecksManualChoiceAndSession/target-gone (0.15s)
2026-10-07T13:06:43.1450735Z --- PASS: TestTakeoverBenchPendingSwapRechecksManualChoiceAndSession (0.46s)
2026-10-07T13:06:43.1451479Z === RUN   TestTakeoverBenchUnappliedSwapDoesNotBlockNewTargets
2026-10-07T13:06:43.1482620Z --- PASS: TestTakeoverBenchUnappliedSwapDoesNotBlockNewTargets (0.00s)
2026-10-07T13:06:43.1484269Z === RUN   TestTakeoverClearingNonWildcardHoverYieldsButUnavailableHeroCanRecover
2026-10-07T13:06:43.1485457Z === RUN   TestTakeoverClearingNonWildcardHoverYieldsButUnavailableHeroCanRecover/ranked/manual
2026-10-07T13:06:43.1509968Z --- PASS: TestTakeoverClearingNonWildcardHoverYieldsButUnavailableHeroCanRecover/ranked/manual (0.00s)
2026-10-07T13:06:43.1511512Z === RUN   TestTakeoverClearingNonWildcardHoverYieldsButUnavailableHeroCanRecover/ranked/teammate-picked
2026-10-07T13:06:43.1543540Z --- PASS: TestTakeoverClearingNonWildcardHoverYieldsButUnavailableHeroCanRecover/ranked/teammate-picked (0.00s)
2026-10-07T13:06:43.1545128Z === RUN   TestTakeoverClearingNonWildcardHoverYieldsButUnavailableHeroCanRecover/ranked/banned
2026-10-07T13:06:43.1572176Z --- PASS: TestTakeoverClearingNonWildcardHoverYieldsButUnavailableHeroCanRecover/ranked/banned (0.00s)
2026-10-07T13:06:43.1573866Z === RUN   TestTakeoverClearingNonWildcardHoverYieldsButUnavailableHeroCanRecover/normal/manual
2026-10-07T13:06:43.1595382Z --- PASS: TestTakeoverClearingNonWildcardHoverYieldsButUnavailableHeroCanRecover/normal/manual (0.00s)
2026-10-07T13:06:43.1596785Z === RUN   TestTakeoverClearingNonWildcardHoverYieldsButUnavailableHeroCanRecover/normal/teammate-picked
2026-10-07T13:06:43.1632894Z --- PASS: TestTakeoverClearingNonWildcardHoverYieldsButUnavailableHeroCanRecover/normal/teammate-picked (0.00s)
2026-10-07T13:06:43.1634559Z === RUN   TestTakeoverClearingNonWildcardHoverYieldsButUnavailableHeroCanRecover/normal/banned
2026-10-07T13:06:43.1661782Z --- PASS: TestTakeoverClearingNonWildcardHoverYieldsButUnavailableHeroCanRecover/normal/banned (0.00s)
2026-10-07T13:06:43.1663553Z === RUN   TestTakeoverClearingNonWildcardHoverYieldsButUnavailableHeroCanRecover/arena/manual
2026-10-07T13:06:43.1682819Z --- PASS: TestTakeoverClearingNonWildcardHoverYieldsButUnavailableHeroCanRecover/arena/manual (0.00s)
2026-10-07T13:06:43.1684600Z === RUN   TestTakeoverClearingNonWildcardHoverYieldsButUnavailableHeroCanRecover/arena/teammate-picked
2026-10-07T13:06:43.1722276Z --- PASS: TestTakeoverClearingNonWildcardHoverYieldsButUnavailableHeroCanRecover/arena/teammate-picked (0.00s)
2026-10-07T13:06:43.1724093Z === RUN   TestTakeoverClearingNonWildcardHoverYieldsButUnavailableHeroCanRecover/arena/banned
2026-10-07T13:06:43.1764506Z --- PASS: TestTakeoverClearingNonWildcardHoverYieldsButUnavailableHeroCanRecover/arena/banned (0.00s)
2026-10-07T13:06:43.1766745Z --- PASS: TestTakeoverClearingNonWildcardHoverYieldsButUnavailableHeroCanRecover (0.03s)
2026-10-07T13:06:43.1768071Z === RUN   TestTakeoverBenchOwnEchoBeforeLateAckAndAutomaticUpgrade
2026-10-07T13:06:43.1792890Z --- PASS: TestTakeoverBenchOwnEchoBeforeLateAckAndAutomaticUpgrade (0.00s)
2026-10-07T13:06:43.1794063Z === RUN   TestTakeoverPickTenSecondsAfterHoverAndManualChangeYields
2026-10-07T13:06:43.1795072Z === RUN   TestTakeoverPickTenSecondsAfterHoverAndManualChangeYields/ranked
2026-10-07T13:06:43.1825234Z --- PASS: TestTakeoverPickTenSecondsAfterHoverAndManualChangeYields/ranked (0.00s)
2026-10-07T13:06:43.1826577Z === RUN   TestTakeoverPickTenSecondsAfterHoverAndManualChangeYields/normal
2026-10-07T13:06:43.1857163Z --- PASS: TestTakeoverPickTenSecondsAfterHoverAndManualChangeYields/normal (0.00s)
2026-10-07T13:06:43.1858463Z === RUN   TestTakeoverPickTenSecondsAfterHoverAndManualChangeYields/arena
2026-10-07T13:06:43.1885843Z --- PASS: TestTakeoverPickTenSecondsAfterHoverAndManualChangeYields/arena (0.00s)
2026-10-07T13:06:43.1887116Z --- PASS: TestTakeoverPickTenSecondsAfterHoverAndManualChangeYields (0.01s)
2026-10-07T13:06:43.1887800Z === RUN   TestTakeoverPickLockTimerActuallyWaitsAndPreflightLatches
2026-10-07T13:06:43.1888633Z === RUN   TestTakeoverPickLockTimerActuallyWaitsAndPreflightLatches/lock
2026-10-07T13:06:43.3128810Z --- PASS: TestTakeoverPickLockTimerActuallyWaitsAndPreflightLatches/lock (0.12s)
2026-10-07T13:06:43.3130477Z === RUN   TestTakeoverPickLockTimerActuallyWaitsAndPreflightLatches/manual-before-lock
2026-10-07T13:06:43.4361612Z --- PASS: TestTakeoverPickLockTimerActuallyWaitsAndPreflightLatches/manual-before-lock (0.12s)
2026-10-07T13:06:43.4363232Z --- PASS: TestTakeoverPickLockTimerActuallyWaitsAndPreflightLatches (0.25s)
2026-10-07T13:06:43.4364349Z === RUN   TestTakeoverLockDelayMigrationAndTimeAnchor
2026-10-07T13:06:43.4365296Z --- PASS: TestTakeoverLockDelayMigrationAndTimeAnchor (0.00s)
2026-10-07T13:06:43.4365918Z === RUN   TestTakeoverDefaultPickWaitIsClampedToRemainingTurn
2026-10-07T13:06:44.4412117Z --- PASS: TestTakeoverDefaultPickWaitIsClampedToRemainingTurn (1.00s)
2026-10-07T13:06:44.4413136Z === RUN   TestSplitRegistryPathSupportsNativeTencentKeys
2026-10-07T13:06:44.4413978Z --- PASS: TestSplitRegistryPathSupportsNativeTencentKeys (0.00s)
2026-10-07T13:06:44.4414595Z === RUN   TestR86ConnectionBackoffResetsAfterSuccessfulDiscovery
2026-10-07T13:06:44.4415282Z --- PASS: TestR86ConnectionBackoffResetsAfterSuccessfulDiscovery (0.00s)
2026-10-07T13:06:44.4415915Z === RUN   TestR86ManualDisconnectPausesDiscoveryUntilRefresh
2026-10-07T13:06:44.4721423Z --- PASS: TestR86ManualDisconnectPausesDiscoveryUntilRefresh (0.03s)
2026-10-07T13:06:44.4722200Z === RUN   TestR86WebsocketDropKeepsLiveLCUConnection
2026-10-07T13:06:44.4723784Z === PAUSE TestR86WebsocketDropKeepsLiveLCUConnection
2026-10-07T13:06:44.4724290Z === RUN   TestConvenienceSettingsPersist
2026-10-07T13:06:44.4817907Z --- PASS: TestConvenienceSettingsPersist (0.01s)
2026-10-07T13:06:44.4818683Z === RUN   TestHandleGameplayConvenienceRoundTrip
2026-10-07T13:06:44.4934605Z --- PASS: TestHandleGameplayConvenienceRoundTrip (0.01s)
2026-10-07T13:06:44.4935910Z === RUN   TestHandleGameplayConvenienceNilRunner
2026-10-07T13:06:44.4937251Z --- PASS: TestHandleGameplayConvenienceNilRunner (0.00s)
2026-10-07T13:06:44.4937778Z === RUN   TestConvenienceHandlePhaseIsNilSafe
2026-10-07T13:06:44.4938226Z --- PASS: TestConvenienceHandlePhaseIsNilSafe (0.00s)
2026-10-07T13:06:44.4938663Z === RUN   TestConvenienceReadyCheckPostsAcceptOnce
2026-10-07T13:06:44.6963144Z --- PASS: TestConvenienceReadyCheckPostsAcceptOnce (0.20s)
2026-10-07T13:06:44.6963880Z === RUN   TestConvenienceDisabledPhaseDoesNotCallClient
2026-10-07T13:06:44.8475847Z --- PASS: TestConvenienceDisabledPhaseDoesNotCallClient (0.15s)
2026-10-07T13:06:44.8477372Z === RUN   TestConvenienceReconnectPostsAndNotifies
2026-10-07T13:06:44.8490011Z --- PASS: TestConvenienceReconnectPostsAndNotifies (0.00s)
2026-10-07T13:06:44.8491660Z === RUN   TestResolveRankDataSourcesMatrix
2026-10-07T13:06:44.8492936Z === RUN   TestResolveRankDataSourcesMatrix/local_prefers_LCU
2026-10-07T13:06:44.8494136Z --- PASS: TestResolveRankDataSourcesMatrix/local_prefers_LCU (0.00s)
2026-10-07T13:06:44.8495092Z === RUN   TestResolveRankDataSourcesMatrix/remote_uses_SGP
2026-10-07T13:06:44.8495924Z --- PASS: TestResolveRankDataSourcesMatrix/remote_uses_SGP (0.00s)
2026-10-07T13:06:44.8496890Z === RUN   TestResolveRankDataSourcesMatrix/disconnected_uses_SGP
2026-10-07T13:06:44.8497885Z --- PASS: TestResolveRankDataSourcesMatrix/disconnected_uses_SGP (0.00s)
2026-10-07T13:06:44.8498871Z === RUN   TestResolveRankDataSourcesMatrix/invalid_reference
2026-10-07T13:06:44.8499793Z --- PASS: TestResolveRankDataSourcesMatrix/invalid_reference (0.00s)
2026-10-07T13:06:44.8500660Z --- PASS: TestResolveRankDataSourcesMatrix (0.00s)
2026-10-07T13:06:44.8501876Z === RUN   TestResolveMatchHistoryDataSourcesMatrix
2026-10-07T13:06:44.8502974Z === RUN   TestResolveMatchHistoryDataSourcesMatrix/local_prefers_complete_SGP_roster
2026-10-07T13:06:44.8503753Z --- PASS: TestResolveMatchHistoryDataSourcesMatrix/local_prefers_complete_SGP_roster (0.00s)
2026-10-07T13:06:44.8504892Z === RUN   TestResolveMatchHistoryDataSourcesMatrix/remote_never_reads_current_LCU
2026-10-07T13:06:44.8505601Z --- PASS: TestResolveMatchHistoryDataSourcesMatrix/remote_never_reads_current_LCU (0.00s)
2026-10-07T13:06:44.8506312Z === RUN   TestResolveMatchHistoryDataSourcesMatrix/local_falls_back_when_SGP_unavailable
2026-10-07T13:06:44.8507053Z --- PASS: TestResolveMatchHistoryDataSourcesMatrix/local_falls_back_when_SGP_unavailable (0.00s)
2026-10-07T13:06:44.8507691Z === RUN   TestResolveMatchHistoryDataSourcesMatrix/invalid_reference
2026-10-07T13:06:44.8508275Z --- PASS: TestResolveMatchHistoryDataSourcesMatrix/invalid_reference (0.00s)
2026-10-07T13:06:44.8508881Z --- PASS: TestResolveMatchHistoryDataSourcesMatrix (0.00s)
2026-10-07T13:06:44.8509855Z === RUN   TestResolveTimelineDataSourcesRejectsCrossServerLCU
2026-10-07T13:06:44.8510481Z --- PASS: TestResolveTimelineDataSourcesRejectsCrossServerLCU (0.00s)
2026-10-07T13:06:44.8510974Z === RUN   TestRankScoreCacheDoesNotCrossReadSources
2026-10-07T13:06:44.8511410Z --- PASS: TestRankScoreCacheDoesNotCrossReadSources (0.00s)
2026-10-07T13:06:44.8512088Z === RUN   TestTimelineCacheDoesNotCrossReadSources
2026-10-07T13:06:44.8512788Z --- PASS: TestTimelineCacheDoesNotCrossReadSources (0.00s)
2026-10-07T13:06:44.8513617Z === RUN   TestSummonerCacheDoesNotCrossReadSources
2026-10-07T13:06:44.8514413Z --- PASS: TestSummonerCacheDoesNotCrossReadSources (0.00s)
2026-10-07T13:06:44.8515260Z === RUN   TestDesktopStartupStageHTTPValidationAndDiskWrite
2026-10-07T13:06:44.8516202Z === RUN   TestDesktopStartupStageHTTPValidationAndDiskWrite/backend
2026-10-07T13:06:44.8544892Z --- PASS: TestDesktopStartupStageHTTPValidationAndDiskWrite/backend (0.00s)
2026-10-07T13:06:44.8546425Z === RUN   TestDesktopStartupStageHTTPValidationAndDiskWrite/created
2026-10-07T13:06:44.8583809Z --- PASS: TestDesktopStartupStageHTTPValidationAndDiskWrite/created (0.00s)
2026-10-07T13:06:44.8584952Z === RUN   TestDesktopStartupStageHTTPValidationAndDiskWrite/loaded
2026-10-07T13:06:44.8623272Z --- PASS: TestDesktopStartupStageHTTPValidationAndDiskWrite/loaded (0.00s)
2026-10-07T13:06:44.8624056Z === RUN   TestDesktopStartupStageHTTPValidationAndDiskWrite/shown
2026-10-07T13:06:44.8662055Z --- PASS: TestDesktopStartupStageHTTPValidationAndDiskWrite/shown (0.00s)
2026-10-07T13:06:44.8663323Z === RUN   TestDesktopStartupStageHTTPValidationAndDiskWrite/negative
2026-10-07T13:06:44.8700059Z --- PASS: TestDesktopStartupStageHTTPValidationAndDiskWrite/negative (0.00s)
2026-10-07T13:06:44.8701309Z === RUN   TestDesktopStartupStageHTTPValidationAndDiskWrite/oversized_time
2026-10-07T13:06:44.8739220Z --- PASS: TestDesktopStartupStageHTTPValidationAndDiskWrite/oversized_time (0.00s)
2026-10-07T13:06:44.8740151Z === RUN   TestDesktopStartupStageHTTPValidationAndDiskWrite/unknown_field
2026-10-07T13:06:44.8766875Z --- PASS: TestDesktopStartupStageHTTPValidationAndDiskWrite/unknown_field (0.00s)
2026-10-07T13:06:44.8767602Z === RUN   TestDesktopStartupStageHTTPValidationAndDiskWrite/unknown_stage
2026-10-07T13:06:44.8793987Z --- PASS: TestDesktopStartupStageHTTPValidationAndDiskWrite/unknown_stage (0.00s)
2026-10-07T13:06:44.8794687Z === RUN   TestDesktopStartupStageHTTPValidationAndDiskWrite/wrong_type
2026-10-07T13:06:44.8822011Z --- PASS: TestDesktopStartupStageHTTPValidationAndDiskWrite/wrong_type (0.00s)
2026-10-07T13:06:44.8822703Z === RUN   TestDesktopStartupStageHTTPValidationAndDiskWrite/trailing
2026-10-07T13:06:44.8848461Z --- PASS: TestDesktopStartupStageHTTPValidationAndDiskWrite/trailing (0.00s)
2026-10-07T13:06:44.8849672Z === RUN   TestDesktopStartupStageHTTPValidationAndDiskWrite/empty
2026-10-07T13:06:44.8876367Z --- PASS: TestDesktopStartupStageHTTPValidationAndDiskWrite/empty (0.00s)
2026-10-07T13:06:44.8877209Z === RUN   TestDesktopStartupStageHTTPValidationAndDiskWrite/oversized_body
2026-10-07T13:06:45.3911700Z --- PASS: TestDesktopStartupStageHTTPValidationAndDiskWrite/oversized_body (0.50s)
2026-10-07T13:06:45.3913046Z === RUN   TestDesktopStartupStageHTTPValidationAndDiskWrite/unauthorized
2026-10-07T13:06:45.3942131Z --- PASS: TestDesktopStartupStageHTTPValidationAndDiskWrite/unauthorized (0.00s)
2026-10-07T13:06:45.3943394Z --- PASS: TestDesktopStartupStageHTTPValidationAndDiskWrite (0.54s)
2026-10-07T13:06:45.3944560Z === RUN   TestDesktopStartupStageMissingLogDirectoryCannotAcknowledgeSuccess
2026-10-07T13:06:45.3966108Z --- PASS: TestDesktopStartupStageMissingLogDirectoryCannotAcknowledgeSuccess (0.00s)
2026-10-07T13:06:45.3967324Z === RUN   TestDesktopStartupStageShellAndExportEndToEnd
2026-10-07T13:06:45.3968288Z === RUN   TestDesktopStartupStageShellAndExportEndToEnd/normal
2026-10-07T13:06:45.5146236Z --- PASS: TestDesktopStartupStageShellAndExportEndToEnd/normal (0.12s)
2026-10-07T13:06:45.5147263Z === RUN   TestDesktopStartupStageShellAndExportEndToEnd/stuck-created
2026-10-07T13:06:45.6157386Z --- PASS: TestDesktopStartupStageShellAndExportEndToEnd/stuck-created (0.10s)
2026-10-07T13:06:45.6158217Z === RUN   TestDesktopStartupStageShellAndExportEndToEnd/stuck-loaded
2026-10-07T13:06:45.7258231Z --- PASS: TestDesktopStartupStageShellAndExportEndToEnd/stuck-loaded (0.11s)
2026-10-07T13:06:45.7259126Z --- PASS: TestDesktopStartupStageShellAndExportEndToEnd (0.33s)
2026-10-07T13:06:45.7260090Z === RUN   TestDesktopStartupStageShellMutationsFailRealExport
2026-10-07T13:06:45.7260746Z === RUN   TestDesktopStartupStageShellMutationsFailRealExport/delay_until_window_shows
2026-10-07T13:06:45.8257231Z --- PASS: TestDesktopStartupStageShellMutationsFailRealExport/delay_until_window_shows (0.10s)
2026-10-07T13:06:45.8258760Z === RUN   TestDesktopStartupStageShellMutationsFailRealExport/unknown_payload_field
2026-10-07T13:06:45.9225356Z --- PASS: TestDesktopStartupStageShellMutationsFailRealExport/unknown_payload_field (0.10s)
2026-10-07T13:06:45.9226645Z --- PASS: TestDesktopStartupStageShellMutationsFailRealExport (0.20s)
2026-10-07T13:06:45.9227380Z === RUN   TestDesktopStartupStageProductionRouteRemainsAuthenticated
2026-10-07T13:06:45.9228181Z --- PASS: TestDesktopStartupStageProductionRouteRemainsAuthenticated (0.00s)
2026-10-07T13:06:45.9228891Z === RUN   TestDesktopStartupPhasesReachTheDiagnosticLog
2026-10-07T13:06:45.9253017Z --- PASS: TestDesktopStartupPhasesReachTheDiagnosticLog (0.00s)
2026-10-07T13:06:45.9254149Z === RUN   TestDesktopStartupRejectsMalformedPayloads
2026-10-07T13:06:45.9255320Z === RUN   TestDesktopStartupRejectsMalformedPayloads/unknown_field
2026-10-07T13:06:45.9273446Z --- PASS: TestDesktopStartupRejectsMalformedPayloads/unknown_field (0.00s)
2026-10-07T13:06:45.9274975Z === RUN   TestDesktopStartupRejectsMalformedPayloads/trailing_json
2026-10-07T13:06:45.9361590Z --- PASS: TestDesktopStartupRejectsMalformedPayloads/trailing_json (0.00s)
2026-10-07T13:06:45.9363255Z === RUN   TestDesktopStartupRejectsMalformedPayloads/not_an_object
2026-10-07T13:06:45.9364631Z --- PASS: TestDesktopStartupRejectsMalformedPayloads/not_an_object (0.00s)
2026-10-07T13:06:45.9365506Z === RUN   TestDesktopStartupRejectsMalformedPayloads/wrong_type
2026-10-07T13:06:45.9366441Z --- PASS: TestDesktopStartupRejectsMalformedPayloads/wrong_type (0.00s)
2026-10-07T13:06:45.9367429Z === RUN   TestDesktopStartupRejectsMalformedPayloads/empty_body
2026-10-07T13:06:45.9368419Z --- PASS: TestDesktopStartupRejectsMalformedPayloads/empty_body (0.00s)
2026-10-07T13:06:45.9369417Z --- PASS: TestDesktopStartupRejectsMalformedPayloads (0.01s)
2026-10-07T13:06:45.9370238Z === RUN   TestDesktopStartupClampsOutOfRangePhases
2026-10-07T13:06:45.9391338Z --- PASS: TestDesktopStartupClampsOutOfRangePhases (0.00s)
2026-10-07T13:06:45.9392017Z === RUN   TestR86DiagnosticEmittersAreDiscoveredAcrossSourceFiles
2026-10-07T13:06:46.0765718Z --- PASS: TestR86DiagnosticEmittersAreDiscoveredAcrossSourceFiles (0.14s)
2026-10-07T13:06:46.0767426Z === RUN   Test1042ClaimSettlementSuppressesLagNotNewEntitlements
2026-10-07T13:06:46.0768510Z --- PASS: Test1042ClaimSettlementSuppressesLagNotNewEntitlements (0.00s)
2026-10-07T13:06:46.0769502Z === RUN   Test1042ObjectiveClearOnlyUnreadIDsAndReadback
2026-10-07T13:06:46.0770395Z === RUN   Test1042ObjectiveClearOnlyUnreadIDsAndReadback/success
2026-10-07T13:06:46.0819463Z --- PASS: Test1042ObjectiveClearOnlyUnreadIDsAndReadback/success (0.01s)
2026-10-07T13:06:46.0820525Z === RUN   Test1042ObjectiveClearOnlyUnreadIDsAndReadback/rejected
2026-10-07T13:06:46.0865149Z --- PASS: Test1042ObjectiveClearOnlyUnreadIDsAndReadback/rejected (0.00s)
2026-10-07T13:06:46.0866220Z --- PASS: Test1042ObjectiveClearOnlyUnreadIDsAndReadback (0.01s)
2026-10-07T13:06:46.0867148Z === RUN   Test1042ObjectiveUnreadRejectsMalformedAndUnknown
2026-10-07T13:06:46.0868106Z --- PASS: Test1042ObjectiveUnreadRejectsMalformedAndUnknown (0.00s)
2026-10-07T13:06:46.0869008Z === RUN   Test1110CustomDraftUsesPracticePoolAndBans
2026-10-07T13:06:46.0872709Z --- PASS: Test1110CustomDraftUsesPracticePoolAndBans (0.00s)
2026-10-07T13:06:46.0873870Z === RUN   Test1110CustomDraftNeverBorrowsNormalPool
2026-10-07T13:06:46.1185707Z --- PASS: Test1110CustomDraftNeverBorrowsNormalPool (0.03s)
2026-10-07T13:06:46.1187093Z === RUN   Test1110RankedPickUsesOnlyAssignedLaneNotTopFirst
2026-10-07T13:06:46.1191097Z --- PASS: Test1110RankedPickUsesOnlyAssignedLaneNotTopFirst (0.00s)
2026-10-07T13:06:46.1192293Z === RUN   Test1110ARAMDefaultsAndSavedPreferences
2026-10-07T13:06:46.1193131Z --- PASS: Test1110ARAMDefaultsAndSavedPreferences (0.00s)
2026-10-07T13:06:46.1193734Z === RUN   Test1110DiagnosticReportsAutomationGatesNotPlayerData
2026-10-07T13:06:46.1194375Z --- PASS: Test1110DiagnosticReportsAutomationGatesNotPlayerData (0.00s)
2026-10-07T13:06:46.1194962Z === RUN   Test1412SavedBanSwitchReachesRunnerAndLCU
2026-10-07T13:06:46.1361256Z --- PASS: Test1412SavedBanSwitchReachesRunnerAndLCU (0.02s)
2026-10-07T13:06:46.1361886Z === RUN   Test1412CustomQueueOverridesFalseFlagAndNeverSearches
2026-10-07T13:06:46.1367277Z === RUN   Test1412CustomQueueOverridesFalseFlagAndNeverSearches/3100
2026-10-07T13:06:46.1470010Z --- PASS: Test1412CustomQueueOverridesFalseFlagAndNeverSearches/3100 (0.01s)
2026-10-07T13:06:46.1470945Z === RUN   Test1412CustomQueueOverridesFalseFlagAndNeverSearches/3110
2026-10-07T13:06:46.1577732Z --- PASS: Test1412CustomQueueOverridesFalseFlagAndNeverSearches/3110 (0.01s)
2026-10-07T13:06:46.1578758Z === RUN   Test1412CustomQueueOverridesFalseFlagAndNeverSearches/3200
2026-10-07T13:06:46.1686048Z --- PASS: Test1412CustomQueueOverridesFalseFlagAndNeverSearches/3200 (0.01s)
2026-10-07T13:06:46.1687333Z --- PASS: Test1412CustomQueueOverridesFalseFlagAndNeverSearches (0.03s)
2026-10-07T13:06:46.1689536Z === RUN   Test1412DisabledBanPoolExplainsWhyThenEnabledBanSubmits
2026-10-07T13:06:46.1697525Z --- PASS: Test1412DisabledBanPoolExplainsWhyThenEnabledBanSubmits (0.00s)
2026-10-07T13:06:46.1699280Z === RUN   Test1412GridReadFailureIsVisibleAndDeduplicated
2026-10-07T13:06:46.1702681Z --- PASS: Test1412GridReadFailureIsVisibleAndDeduplicated (0.00s)
2026-10-07T13:06:46.1703629Z === RUN   Test1412ChampSelectDiagnosticPathsStayDistinct
2026-10-07T13:06:46.1704552Z --- PASS: Test1412ChampSelectDiagnosticPathsStayDistinct (0.00s)
2026-10-07T13:06:46.1705458Z === RUN   Test1555AniviaKeepsFourthItemsWithoutFifthSamples
2026-10-07T13:06:46.1706367Z --- PASS: Test1555AniviaKeepsFourthItemsWithoutFifthSamples (0.00s)
2026-10-07T13:06:46.1707280Z === RUN   Test1555MalformedFifthKeepsValidFourthButReportsFailure
2026-10-07T13:06:46.1708306Z --- PASS: Test1555MalformedFifthKeepsValidFourthButReportsFailure (0.00s)
2026-10-07T13:06:46.1709453Z === RUN   Test1945FacadeApplyUsesDisplayedCatalogAndCanonicalChampionIdentity
2026-10-07T13:06:46.1775665Z --- PASS: Test1945FacadeApplyUsesDisplayedCatalogAndCanonicalChampionIdentity (0.01s)
2026-10-07T13:06:46.1776683Z === RUN   Test1945YourGGArenaRankingsMatchRealPage
2026-10-07T13:06:46.1793435Z --- PASS: Test1945YourGGArenaRankingsMatchRealPage (0.00s)
2026-10-07T13:06:46.1794328Z === RUN   Test1945ProShardMultiplicityAndAmbiguity
2026-10-07T13:06:46.1795469Z --- PASS: Test1945ProShardMultiplicityAndAmbiguity (0.00s)
2026-10-07T13:06:46.1796233Z === RUN   Test1945DropBearArtworkAcrossClientAndWebCatalogs
2026-10-07T13:06:46.1797246Z --- PASS: Test1945DropBearArtworkAcrossClientAndWebCatalogs (0.00s)
2026-10-07T13:06:46.1798331Z === RUN   Test1945RecommendedSerializationMatchesUserAkariFileByteForByte
2026-10-07T13:06:46.1800842Z --- PASS: Test1945RecommendedSerializationMatchesUserAkariFileByteForByte (0.00s)
2026-10-07T13:06:46.1801897Z === RUN   Test1945ProSupplementRetriesNetworkNotIdentityAndPublishesIndependently
2026-10-07T13:06:46.4809101Z --- PASS: Test1945ProSupplementRetriesNetworkNotIdentityAndPublishesIndependently (0.30s)
2026-10-07T13:06:46.4810267Z === RUN   Test1945LivePublicSources
2026-10-07T13:06:46.4811222Z     diagnostics_1945_regression_test.go:234: opt-in network test
2026-10-07T13:06:46.4812023Z --- SKIP: Test1945LivePublicSources (0.00s)
2026-10-07T13:06:46.4812881Z === RUN   Test2024CurrentRarityDatasetDateAndDistribution
2026-10-07T13:06:46.4827579Z --- PASS: Test2024CurrentRarityDatasetDateAndDistribution (0.00s)
2026-10-07T13:06:46.4828529Z === RUN   Test2024RarityProviderAcceptsCurrentPage
2026-10-07T13:06:46.4841574Z --- PASS: Test2024RarityProviderAcceptsCurrentPage (0.00s)
2026-10-07T13:06:46.4844265Z === RUN   Test2024AugmentUnsuffixedArtworkBeforeSmall
2026-10-07T13:06:46.4846609Z === RUN   Test2024AugmentUnsuffixedArtworkBeforeSmall/kiwi
2026-10-07T13:06:46.4847638Z --- PASS: Test2024AugmentUnsuffixedArtworkBeforeSmall/kiwi (0.00s)
2026-10-07T13:06:46.4849917Z === RUN   Test2024AugmentUnsuffixedArtworkBeforeSmall/cherry
2026-10-07T13:06:46.4852420Z --- PASS: Test2024AugmentUnsuffixedArtworkBeforeSmall/cherry (0.00s)
2026-10-07T13:06:46.4854099Z --- PASS: Test2024AugmentUnsuffixedArtworkBeforeSmall (0.00s)
2026-10-07T13:06:46.4855183Z === RUN   Test2055CredentialIDsIsolateOwnerKindRotationAndBoundMemory
2026-10-07T13:06:46.4857060Z --- PASS: Test2055CredentialIDsIsolateOwnerKindRotationAndBoundMemory (0.00s)
2026-10-07T13:06:46.4858455Z === RUN   Test2055AuthUnknownFieldsAndCodesAreCountedNotExported
2026-10-07T13:06:46.4859286Z --- PASS: Test2055AuthUnknownFieldsAndCodesAreCountedNotExported (0.00s)
2026-10-07T13:06:46.4859824Z === RUN   Test2055TokenReadFailureStagesAreExplicit
2026-10-07T13:06:46.4860467Z === RUN   Test2055TokenReadFailureStagesAreExplicit/none"secret"
2026-10-07T13:06:46.4861309Z --- PASS: Test2055TokenReadFailureStagesAreExplicit/none"secret" (0.00s)
2026-10-07T13:06:46.4861935Z === RUN   Test2055TokenReadFailureStagesAreExplicit/decode{broken
2026-10-07T13:06:46.4862784Z --- PASS: Test2055TokenReadFailureStagesAreExplicit/decode{broken (0.00s)
2026-10-07T13:06:46.4863331Z === RUN   Test2055TokenReadFailureStagesAreExplicit/decode{}
2026-10-07T13:06:46.4864001Z --- PASS: Test2055TokenReadFailureStagesAreExplicit/decode{} (0.00s)
2026-10-07T13:06:46.4864517Z === RUN   Test2055TokenReadFailureStagesAreExplicit/http-401"secret"
2026-10-07T13:06:46.4865090Z --- PASS: Test2055TokenReadFailureStagesAreExplicit/http-401"secret" (0.00s)
2026-10-07T13:06:46.4865660Z === RUN   Test2055TokenReadFailureStagesAreExplicit/empty-token""
2026-10-07T13:06:46.4866226Z --- PASS: Test2055TokenReadFailureStagesAreExplicit/empty-token"" (0.00s)
2026-10-07T13:06:46.4867151Z --- PASS: Test2055TokenReadFailureStagesAreExplicit (0.00s)
2026-10-07T13:06:46.4867631Z === RUN   Test2055ClientDiagnosticNewFieldsAreAllowlisted
2026-10-07T13:06:46.4897601Z --- PASS: Test2055ClientDiagnosticNewFieldsAreAllowlisted (0.00s)
2026-10-07T13:06:46.4898335Z === RUN   Test2055DiagnosticWriteRecoveryAndReadLimit
2026-10-07T13:06:46.4952718Z --- PASS: Test2055DiagnosticWriteRecoveryAndReadLimit (0.01s)
2026-10-07T13:06:46.4954031Z === RUN   Test2055DiagnosticExportWriteFailureIsRecorded
2026-10-07T13:06:46.4985236Z --- PASS: Test2055DiagnosticExportWriteFailureIsRecorded (0.00s)
2026-10-07T13:06:46.4986017Z === RUN   Test2055RankingHandlerAcceptsCanonicalFivePositions
2026-10-07T13:06:46.5037743Z --- PASS: Test2055RankingHandlerAcceptsCanonicalFivePositions (0.00s)
2026-10-07T13:06:46.5038827Z === RUN   Test2135ObservedCurrentActionUndefinedEmptyIDPartialRoster
2026-10-07T13:06:46.5083496Z --- PASS: Test2135ObservedCurrentActionUndefinedEmptyIDPartialRoster (0.00s)
2026-10-07T13:06:46.5084177Z === RUN   Test2135CurrentActionReferencesAndOptionalFields
2026-10-07T13:06:46.5154964Z --- PASS: Test2135CurrentActionReferencesAndOptionalFields (0.01s)
2026-10-07T13:06:46.5155732Z === RUN   Test2135LivePublicCurrentGame
2026-10-07T13:06:46.5156251Z     diagnostics_2135_test.go:86: opt-in public read-only request
2026-10-07T13:06:46.5156843Z --- SKIP: Test2135LivePublicCurrentGame (0.00s)
2026-10-07T13:06:46.5157491Z === RUN   Test2143CustomBanAvailabilityUpdatesAndPickWithWatchOff
2026-10-07T13:06:46.5178480Z --- PASS: Test2143CustomBanAvailabilityUpdatesAndPickWithWatchOff (0.00s)
2026-10-07T13:06:46.5179696Z === RUN   Test2143TeammateChangingHoverReleasesPreviousCandidate
2026-10-07T13:06:46.5185502Z --- PASS: Test2143TeammateChangingHoverReleasesPreviousCandidate (0.00s)
2026-10-07T13:06:46.5186572Z === RUN   Test2143OwnHoverEventBeforeHTTPAckDoesNotYield
2026-10-07T13:06:46.5189985Z --- PASS: Test2143OwnHoverEventBeforeHTTPAckDoesNotYield (0.00s)
2026-10-07T13:06:46.5191189Z === RUN   Test2143EarlierUnfinishedInactiveBanDoesNotHideActivePick
2026-10-07T13:06:46.5196032Z --- PASS: Test2143EarlierUnfinishedInactiveBanDoesNotHideActivePick (0.00s)
2026-10-07T13:06:46.5197569Z === RUN   Test2244CustomLifecycleSuppressesAllRulesAndCancelsJobs
2026-10-07T13:06:46.6209646Z --- PASS: Test2244CustomLifecycleSuppressesAllRulesAndCancelsJobs (0.10s)
2026-10-07T13:06:46.6210602Z === RUN   Test2244OfficialOpponentTeamSpacing
2026-10-07T13:06:46.6211372Z --- PASS: Test2244OfficialOpponentTeamSpacing (0.00s)
2026-10-07T13:06:46.6212194Z === RUN   Test2244EventNameAndRewardGroupIdentityNotAmounts
2026-10-07T13:06:46.6213097Z --- PASS: Test2244EventNameAndRewardGroupIdentityNotAmounts (0.00s)
2026-10-07T13:06:46.6213941Z === RUN   Test2244AuthorizedExactOPGGArchiveOnce
2026-10-07T13:06:46.6402723Z --- PASS: Test2244AuthorizedExactOPGGArchiveOnce (0.02s)
2026-10-07T13:06:46.6403667Z === RUN   Test2244OverviewAnimationUsesExactSkinAndCenteredVariant
2026-10-07T13:06:46.6405115Z --- PASS: Test2244OverviewAnimationUsesExactSkinAndCenteredVariant (0.00s)
2026-10-07T13:06:46.6406139Z === RUN   Test2244CustomTransitionCancelsAdmittedHTTPWrites
2026-10-07T13:06:46.6415495Z --- PASS: Test2244CustomTransitionCancelsAdmittedHTTPWrites (0.00s)
2026-10-07T13:06:46.6416635Z === RUN   Test2244ScanOfficialEventOptionsAndDeduplicateEndpoints
2026-10-07T13:06:46.6430739Z --- PASS: Test2244ScanOfficialEventOptionsAndDeduplicateEndpoints (0.00s)
2026-10-07T13:06:46.6432277Z === RUN   Test2253SameServerAliasObjectResponse
2026-10-07T13:06:46.6432982Z --- PASS: Test2253SameServerAliasObjectResponse (0.00s)
2026-10-07T13:06:46.6433393Z === RUN   Test2253ActionZeroHoverThenLock
2026-10-07T13:06:46.6444895Z --- PASS: Test2253ActionZeroHoverThenLock (0.00s)
2026-10-07T13:06:46.6446390Z === RUN   Test2253AliasResponseSupportsOnlyObjectAndArray
2026-10-07T13:06:46.6447465Z --- PASS: Test2253AliasResponseSupportsOnlyObjectAndArray (0.00s)
2026-10-07T13:06:46.6448383Z === RUN   Test2253SameServerAliasRejectsMultiplePlayers
2026-10-07T13:06:46.6449265Z --- PASS: Test2253SameServerAliasRejectsMultiplePlayers (0.00s)
2026-10-07T13:06:46.6450081Z === RUN   Test2253PendingPickRechecksTurnBeforeWriting
2026-10-07T13:06:46.6465273Z --- PASS: Test2253PendingPickRechecksTurnBeforeWriting (0.00s)
2026-10-07T13:06:46.6466215Z === RUN   Test2253CustomLegacyBanAndPickUseSameVerifiedModule
2026-10-07T13:06:46.6489607Z --- PASS: Test2253CustomLegacyBanAndPickUseSameVerifiedModule (0.00s)
2026-10-07T13:06:46.6490666Z === RUN   Test2253LegacySessionRequiresExactGameAndPlayer
2026-10-07T13:06:46.6491664Z === RUN   Test2253LegacySessionRequiresExactGameAndPlayer/inactive
2026-10-07T13:06:46.6492763Z --- PASS: Test2253LegacySessionRequiresExactGameAndPlayer/inactive (0.00s)
2026-10-07T13:06:46.6493884Z === RUN   Test2253LegacySessionRequiresExactGameAndPlayer/other-game
2026-10-07T13:06:46.6495889Z --- PASS: Test2253LegacySessionRequiresExactGameAndPlayer/other-game (0.00s)
2026-10-07T13:06:46.6497340Z === RUN   Test2253LegacySessionRequiresExactGameAndPlayer/other-player
2026-10-07T13:06:46.6498536Z --- PASS: Test2253LegacySessionRequiresExactGameAndPlayer/other-player (0.00s)
2026-10-07T13:06:46.6499608Z === RUN   Test2253LegacySessionRequiresExactGameAndPlayer/same
2026-10-07T13:06:46.6501100Z --- PASS: Test2253LegacySessionRequiresExactGameAndPlayer/same (0.00s)
2026-10-07T13:06:46.6502425Z --- PASS: Test2253LegacySessionRequiresExactGameAndPlayer (0.00s)
2026-10-07T13:06:46.6502952Z === RUN   Test2253SubmitRechecksOriginalCellAndQueue
2026-10-07T13:06:46.6503415Z === RUN   Test2253SubmitRechecksOriginalCellAndQueue/cell
2026-10-07T13:06:46.6503981Z --- PASS: Test2253SubmitRechecksOriginalCellAndQueue/cell (0.00s)
2026-10-07T13:06:46.6504583Z === RUN   Test2253SubmitRechecksOriginalCellAndQueue/queue
2026-10-07T13:06:46.6505066Z --- PASS: Test2253SubmitRechecksOriginalCellAndQueue/queue (0.00s)
2026-10-07T13:06:46.6505557Z --- PASS: Test2253SubmitRechecksOriginalCellAndQueue (0.00s)
2026-10-07T13:06:46.6506049Z === RUN   Test2351PickSkipsTeammateChampionEvenWithoutIntentFlag
2026-10-07T13:06:46.6526653Z --- PASS: Test2351PickSkipsTeammateChampionEvenWithoutIntentFlag (0.00s)
2026-10-07T13:06:46.6527998Z === RUN   Test2351OwnHoverFallsThroughWhenTeammateTakesChampion
2026-10-07T13:06:46.6558711Z --- PASS: Test2351OwnHoverFallsThroughWhenTeammateTakesChampion (0.00s)
2026-10-07T13:06:46.6560066Z === RUN   Test2351PreflightRejectsTeammatePickArrivingDuringDelay
2026-10-07T13:06:46.6561202Z --- PASS: Test2351PreflightRejectsTeammatePickArrivingDuringDelay (0.00s)
2026-10-07T13:06:46.6562443Z === RUN   Test2351BanSentinelHoversOnceWithoutLocking
2026-10-07T13:06:46.6579921Z --- PASS: Test2351BanSentinelHoversOnceWithoutLocking (0.00s)
2026-10-07T13:06:46.6580761Z === RUN   Test2351AuthDiagnosticNeverExportsSecrets
2026-10-07T13:06:46.6581549Z --- PASS: Test2351AuthDiagnosticNeverExportsSecrets (0.00s)
2026-10-07T13:06:46.6582508Z === RUN   Test2351SourceDiagnosticIncludesRawBanIDsAndTeamWithoutIdentity
2026-10-07T13:06:46.6586266Z --- PASS: Test2351SourceDiagnosticIncludesRawBanIDsAndTeamWithoutIdentity (0.00s)
2026-10-07T13:06:46.6587683Z === RUN   Test2351DelayedPickCancelsThenAdvancesOnFreshSession
2026-10-07T13:06:46.6614591Z --- PASS: Test2351DelayedPickCancelsThenAdvancesOnFreshSession (0.00s)
2026-10-07T13:06:46.6617477Z === RUN   Test2351AuthRequestLogsRefreshWithoutChangingTokenContract
2026-10-07T13:06:46.6618576Z --- PASS: Test2351AuthRequestLogsRefreshWithoutChangingTokenContract (0.00s)
2026-10-07T13:06:46.6620097Z === RUN   TestR248DisabledHTTPAndPrivacy
2026-10-07T13:06:46.6620808Z --- PASS: TestR248DisabledHTTPAndPrivacy (0.00s)
2026-10-07T13:06:46.6621807Z === RUN   TestR248DisabledStartupNoAuthorizationNetwork
2026-10-07T13:06:46.6626574Z --- PASS: TestR248DisabledStartupNoAuthorizationNetwork (0.00s)
2026-10-07T13:06:46.6627047Z === RUN   TestR248Existing01276ReleaseAsset
2026-10-07T13:06:46.8759643Z --- PASS: TestR248Existing01276ReleaseAsset (0.21s)
2026-10-07T13:06:46.8761322Z === RUN   TestFeatureGatesUseDefaultsAndApplyKnownOverrides
2026-10-07T13:06:46.8762386Z --- PASS: TestFeatureGatesUseDefaultsAndApplyKnownOverrides (0.00s)
2026-10-07T13:06:46.8763243Z === RUN   TestFeatureGateRejectsNonHTTPSRemote
2026-10-07T13:06:46.8764006Z --- PASS: TestFeatureGateRejectsNonHTTPSRemote (0.00s)
2026-10-07T13:06:46.8764726Z === RUN   TestFeatureGateMapsQQ101Host
2026-10-07T13:06:46.8765347Z --- PASS: TestFeatureGateMapsQQ101Host (0.00s)
2026-10-07T13:06:46.8765972Z === RUN   TestFeatureGateMapsARAMKitHost
2026-10-07T13:06:46.8766615Z --- PASS: TestFeatureGateMapsARAMKitHost (0.00s)
2026-10-07T13:06:46.8767405Z === RUN   TestClientDiagnosticAcceptsMultipleEventWhitelists
2026-10-07T13:06:46.8774882Z --- PASS: TestClientDiagnosticAcceptsMultipleEventWhitelists (0.00s)
2026-10-07T13:06:46.8776290Z === RUN   TestClientDiagnosticRejectsAndLogsUnknownEvent
2026-10-07T13:06:46.8803621Z --- PASS: TestClientDiagnosticRejectsAndLogsUnknownEvent (0.00s)
2026-10-07T13:06:46.8805779Z === RUN   TestClientDiagnosticTruncatesKeyBeforeWriting
2026-10-07T13:06:46.8833218Z --- PASS: TestClientDiagnosticTruncatesKeyBeforeWriting (0.00s)
2026-10-07T13:06:46.8833820Z === RUN   TestClientDiagnosticWritesSanitizedEvent
2026-10-07T13:06:46.8861387Z --- PASS: TestClientDiagnosticWritesSanitizedEvent (0.00s)
2026-10-07T13:06:46.8862170Z === RUN   TestR165LiveRosterRenderedKeepsSeparateHiddenCountsOnly
2026-10-07T13:06:46.8887788Z --- PASS: TestR165LiveRosterRenderedKeepsSeparateHiddenCountsOnly (0.00s)
2026-10-07T13:06:46.8889350Z === RUN   TestMatchTierOverviewDiagnosticKeepsOnlyAggregateCounts
2026-10-07T13:06:46.8915657Z --- PASS: TestMatchTierOverviewDiagnosticKeepsOnlyAggregateCounts (0.00s)
2026-10-07T13:06:46.8916755Z === RUN   TestFlowDiagnosticsPreflightReasonsAndNoWrites
2026-10-07T13:06:46.8917976Z --- PASS: TestFlowDiagnosticsPreflightReasonsAndNoWrites (0.00s)
2026-10-07T13:06:46.8918796Z === RUN   TestFlowDiagnosticsPostflightDistinguishesAckFromApplied
2026-10-07T13:06:46.8919557Z --- PASS: TestFlowDiagnosticsPostflightDistinguishesAckFromApplied (0.00s)
2026-10-07T13:06:46.8920658Z === RUN   TestFlowDiagnosticsDedupHeartbeatAndExportCounts
2026-10-07T13:06:46.8922687Z --- PASS: TestFlowDiagnosticsDedupHeartbeatAndExportCounts (0.00s)
2026-10-07T13:06:46.8923836Z === RUN   TestFlowDiagnosticsRunAndSequenceAreOrderedUnderConcurrency
2026-10-07T13:06:46.8962414Z --- PASS: TestFlowDiagnosticsRunAndSequenceAreOrderedUnderConcurrency (0.00s)
2026-10-07T13:06:46.8963273Z === RUN   TestFlowDiagnosticsExportKeepsFiveOrderedGenerations
2026-10-07T13:06:46.9033615Z --- PASS: TestFlowDiagnosticsExportKeepsFiveOrderedGenerations (0.01s)
2026-10-07T13:06:46.9035262Z === RUN   TestFlowDiagnosticsClientAllowlistDiscardsIdentityText
2026-10-07T13:06:46.9064885Z --- PASS: TestFlowDiagnosticsClientAllowlistDiscardsIdentityText (0.00s)
2026-10-07T13:06:46.9066348Z === RUN   TestFlowDiagnosticsCanceledEventsRemainExportable
2026-10-07T13:06:46.9092929Z --- PASS: TestFlowDiagnosticsCanceledEventsRemainExportable (0.00s)
2026-10-07T13:06:46.9094086Z === RUN   TestFlowDiagnosticsRosterSummaryAndNestedAuthArePrivate
2026-10-07T13:06:46.9095284Z --- PASS: TestFlowDiagnosticsRosterSummaryAndNestedAuthArePrivate (0.00s)
2026-10-07T13:06:46.9096671Z === RUN   TestFlowDiagnosticsEarlyRequestFailuresKeepTrace
2026-10-07T13:06:46.9097493Z === RUN   TestFlowDiagnosticsEarlyRequestFailuresKeepTrace/invalid
2026-10-07T13:06:46.9125378Z --- PASS: TestFlowDiagnosticsEarlyRequestFailuresKeepTrace/invalid (0.00s)
2026-10-07T13:06:46.9127057Z === RUN   TestFlowDiagnosticsEarlyRequestFailuresKeepTrace/expired
2026-10-07T13:06:46.9155975Z --- PASS: TestFlowDiagnosticsEarlyRequestFailuresKeepTrace/expired (0.00s)
2026-10-07T13:06:46.9157164Z === RUN   TestFlowDiagnosticsEarlyRequestFailuresKeepTrace/private
2026-10-07T13:06:46.9184464Z --- PASS: TestFlowDiagnosticsEarlyRequestFailuresKeepTrace/private (0.00s)
2026-10-07T13:06:46.9185295Z --- PASS: TestFlowDiagnosticsEarlyRequestFailuresKeepTrace (0.01s)
2026-10-07T13:06:46.9186198Z === RUN   TestFlowDiagnosticsRotationMarkerSequence
2026-10-07T13:06:46.9251616Z --- PASS: TestFlowDiagnosticsRotationMarkerSequence (0.01s)
2026-10-07T13:06:46.9252195Z === RUN   TestFlowDiagnosticsRotationFailurePreservesEvidence
2026-10-07T13:06:46.9295371Z --- PASS: TestFlowDiagnosticsRotationFailurePreservesEvidence (0.00s)
2026-10-07T13:06:46.9296368Z === RUN   TestFlowDiagnosticsSamplingMemoryIsBounded
2026-10-07T13:06:46.9375757Z --- PASS: TestFlowDiagnosticsSamplingMemoryIsBounded (0.01s)
2026-10-07T13:06:46.9377452Z === RUN   TestSettingsLockRejectsUnverifiedResult
2026-10-07T13:06:46.9378343Z === RUN   TestSettingsLockRejectsUnverifiedResult/lock-reverted
2026-10-07T13:06:46.9465120Z --- PASS: TestSettingsLockRejectsUnverifiedResult/lock-reverted (0.01s)
2026-10-07T13:06:46.9465805Z === RUN   TestSettingsLockRejectsUnverifiedResult/unlock-reverted
2026-10-07T13:06:46.9548979Z --- PASS: TestSettingsLockRejectsUnverifiedResult/unlock-reverted (0.01s)
2026-10-07T13:06:46.9550173Z === RUN   TestSettingsLockRejectsUnverifiedResult/lock-file-missing
2026-10-07T13:06:46.9611888Z --- PASS: TestSettingsLockRejectsUnverifiedResult/lock-file-missing (0.01s)
2026-10-07T13:06:46.9613410Z === RUN   TestSettingsLockRejectsUnverifiedResult/unlock-file-missing
2026-10-07T13:06:46.9677125Z --- PASS: TestSettingsLockRejectsUnverifiedResult/unlock-file-missing (0.01s)
2026-10-07T13:06:46.9678196Z --- PASS: TestSettingsLockRejectsUnverifiedResult (0.03s)
2026-10-07T13:06:46.9679617Z === RUN   TestGameplayRecommendationBundleDropsAugmentStages
2026-10-07T13:06:47.2305419Z     gameplay_r116b_test.go:83: 海克斯段 JSON：详情页 13005 B → 局内 4583 B（省 8422 B，64.8%，夹具 10 条 augment）
2026-10-07T13:06:47.2331016Z --- PASS: TestGameplayRecommendationBundleDropsAugmentStages (0.27s)
2026-10-07T13:06:47.2332451Z === RUN   TestGameplayMatchupNoticesSingleHitProducesExactlyOneNotice
2026-10-07T13:06:47.2342598Z --- PASS: TestGameplayMatchupNoticesSingleHitProducesExactlyOneNotice (0.00s)
2026-10-07T13:06:47.2343960Z === RUN   TestGameplayMatchupNoticesMissProducesNothing
2026-10-07T13:06:47.2353884Z --- PASS: TestGameplayMatchupNoticesMissProducesNothing (0.00s)
2026-10-07T13:06:47.2361313Z === RUN   TestGameplaySynergyNoticesHitAndSelfExclusion
2026-10-07T13:06:47.2368183Z --- PASS: TestGameplaySynergyNoticesHitAndSelfExclusion (0.00s)
2026-10-07T13:06:47.2369643Z === RUN   TestGameplayRosterNoticesSortByAbsoluteDeltaAndCapAtFive
2026-10-07T13:06:47.2370882Z     gameplay_r116d_test.go:179: roster length 7 exceeds one side of a 5v5
2026-10-07T13:06:47.2371808Z --- PASS: TestGameplayRosterNoticesSortByAbsoluteDeltaAndCapAtFive (0.00s)
2026-10-07T13:06:47.2372926Z === RUN   TestGameplayRosterNoticeJSONTagsEmitBothConfidenceBounds
2026-10-07T13:06:47.2374275Z --- PASS: TestGameplayRosterNoticeJSONTagsEmitBothConfidenceBounds (0.00s)
2026-10-07T13:06:47.2375270Z === RUN   TestGameplayRosterNoticesPassThroughWeakEvidence
2026-10-07T13:06:47.2376226Z --- PASS: TestGameplayRosterNoticesPassThroughWeakEvidence (0.00s)
2026-10-07T13:06:47.2377125Z === RUN   TestGameplayRosterChampionIDsStrictParsing
2026-10-07T13:06:47.2377957Z --- PASS: TestGameplayRosterChampionIDsStrictParsing (0.00s)
2026-10-07T13:06:47.2378935Z === RUN   TestGameplayMatchupNoticesNeverMatchDegenerationIsDetected
2026-10-07T13:06:47.2386402Z --- PASS: TestGameplayMatchupNoticesNeverMatchDegenerationIsDetected (0.00s)
2026-10-07T13:06:47.2387378Z === RUN   TestGameplayRosterInsightsAddZeroHexdataRequests
2026-10-07T13:06:47.7295674Z --- PASS: TestGameplayRosterInsightsAddZeroHexdataRequests (0.49s)
2026-10-07T13:06:47.7296524Z === RUN   TestGameplayRosterInsightsSuppressEnemiesDuringChampSelect
2026-10-07T13:06:47.9745295Z --- PASS: TestGameplayRosterInsightsSuppressEnemiesDuringChampSelect (0.24s)
2026-10-07T13:06:47.9746673Z === RUN   TestGameplayRosterInsightsAllowEnemiesInProgress
2026-10-07T13:06:48.2403098Z --- PASS: TestGameplayRosterInsightsAllowEnemiesInProgress (0.27s)
2026-10-07T13:06:48.2404189Z === RUN   TestGameplayRosterMatchupPhaseWhitelist
2026-10-07T13:06:48.2405041Z --- PASS: TestGameplayRosterMatchupPhaseWhitelist (0.00s)
2026-10-07T13:06:48.2405973Z === RUN   TestGameplayRosterInsightsStaySilentOutsideMayhem
2026-10-07T13:06:48.2406937Z --- PASS: TestGameplayRosterInsightsStaySilentOutsideMayhem (0.00s)
2026-10-07T13:06:48.2407917Z === RUN   TestGameplayPeekCachedHexdataPageNeverHitsUpstream
2026-10-07T13:06:48.4739957Z --- PASS: TestGameplayPeekCachedHexdataPageNeverHitsUpstream (0.23s)
2026-10-07T13:06:48.4741052Z === RUN   TestParseLiveClientPlayerListReadsItems
2026-10-07T13:06:48.4742229Z --- PASS: TestParseLiveClientPlayerListReadsItems (0.00s)
2026-10-07T13:06:48.4744527Z === RUN   TestParseLiveClientItemsToleratesMalformedShapes
2026-10-07T13:06:48.4748644Z === RUN   TestParseLiveClientItemsToleratesMalformedShapes/no_items_key
2026-10-07T13:06:48.4753178Z --- PASS: TestParseLiveClientItemsToleratesMalformedShapes/no_items_key (0.00s)
2026-10-07T13:06:48.4755134Z === RUN   TestParseLiveClientItemsToleratesMalformedShapes/items_is_null
2026-10-07T13:06:48.4757282Z --- PASS: TestParseLiveClientItemsToleratesMalformedShapes/items_is_null (0.00s)
2026-10-07T13:06:48.4758459Z === RUN   TestParseLiveClientItemsToleratesMalformedShapes/items_is_an_object
2026-10-07T13:06:48.4759723Z --- PASS: TestParseLiveClientItemsToleratesMalformedShapes/items_is_an_object (0.00s)
2026-10-07T13:06:48.4761008Z === RUN   TestParseLiveClientItemsToleratesMalformedShapes/items_is_a_string
2026-10-07T13:06:48.4762317Z --- PASS: TestParseLiveClientItemsToleratesMalformedShapes/items_is_a_string (0.00s)
2026-10-07T13:06:48.4763625Z === RUN   TestParseLiveClientItemsToleratesMalformedShapes/element_is_not_an_object
2026-10-07T13:06:48.4765052Z --- PASS: TestParseLiveClientItemsToleratesMalformedShapes/element_is_not_an_object (0.00s)
2026-10-07T13:06:48.4766317Z === RUN   TestParseLiveClientItemsToleratesMalformedShapes/itemID_is_not_numeric
2026-10-07T13:06:48.4767700Z --- PASS: TestParseLiveClientItemsToleratesMalformedShapes/itemID_is_not_numeric (0.00s)
2026-10-07T13:06:48.4768966Z === RUN   TestParseLiveClientItemsToleratesMalformedShapes/itemID_missing
2026-10-07T13:06:48.4770169Z --- PASS: TestParseLiveClientItemsToleratesMalformedShapes/itemID_missing (0.00s)
2026-10-07T13:06:48.4771385Z === RUN   TestParseLiveClientItemsToleratesMalformedShapes/itemID_is_zero
2026-10-07T13:06:48.4773007Z --- PASS: TestParseLiveClientItemsToleratesMalformedShapes/itemID_is_zero (0.00s)
2026-10-07T13:06:48.4774278Z === RUN   TestParseLiveClientItemsToleratesMalformedShapes/itemID_is_fractional
2026-10-07T13:06:48.4775615Z --- PASS: TestParseLiveClientItemsToleratesMalformedShapes/itemID_is_fractional (0.00s)
2026-10-07T13:06:48.4776970Z === RUN   TestParseLiveClientItemsToleratesMalformedShapes/itemID_is_a_numeric_string
2026-10-07T13:06:48.4778380Z --- PASS: TestParseLiveClientItemsToleratesMalformedShapes/itemID_is_a_numeric_string (0.00s)
2026-10-07T13:06:48.4779821Z === RUN   TestParseLiveClientItemsToleratesMalformedShapes/lowercase_key_spelling
2026-10-07T13:06:48.4781201Z --- PASS: TestParseLiveClientItemsToleratesMalformedShapes/lowercase_key_spelling (0.00s)
2026-10-07T13:06:48.4782641Z === RUN   TestParseLiveClientItemsToleratesMalformedShapes/mixed_valid_and_invalid_elements
2026-10-07T13:06:48.4784500Z --- PASS: TestParseLiveClientItemsToleratesMalformedShapes/mixed_valid_and_invalid_elements (0.00s)
2026-10-07T13:06:48.4786015Z --- PASS: TestParseLiveClientItemsToleratesMalformedShapes (0.00s)
2026-10-07T13:06:48.4787279Z === RUN   TestCloneLiveClientSnapshotDeepCopiesItems
2026-10-07T13:06:48.4788169Z --- PASS: TestCloneLiveClientSnapshotDeepCopiesItems (0.00s)
2026-10-07T13:06:48.4789243Z === RUN   TestLiveClientItemsForIdentitiesDistinguishesEmptyFromMissing
2026-10-07T13:06:48.4790528Z --- PASS: TestLiveClientItemsForIdentitiesDistinguishesEmptyFromMissing (0.00s)
2026-10-07T13:06:48.4791716Z === RUN   TestRecordLiveClientItemsParsedEmitsBoundedDiagnostic
2026-10-07T13:06:48.4795266Z --- PASS: TestRecordLiveClientItemsParsedEmitsBoundedDiagnostic (0.00s)
2026-10-07T13:06:48.4796582Z === RUN   TestGameplayOwnedTerminalItemIDsFiltersConsumablesAndJunk
2026-10-07T13:06:48.4797710Z --- PASS: TestGameplayOwnedTerminalItemIDsFiltersConsumablesAndJunk (0.00s)
2026-10-07T13:06:48.4798719Z === RUN   TestGameplayNextItemSuggestionMatchesTrioPrefix
2026-10-07T13:06:48.4808350Z --- PASS: TestGameplayNextItemSuggestionMatchesTrioPrefix (0.00s)
2026-10-07T13:06:48.4809367Z === RUN   TestGameplayNextItemSuggestionDegradesToNothing
2026-10-07T13:06:48.4821682Z === RUN   TestGameplayNextItemSuggestionDegradesToNothing/no_items_at_all
2026-10-07T13:06:48.4823273Z --- PASS: TestGameplayNextItemSuggestionDegradesToNothing/no_items_at_all (0.00s)
2026-10-07T13:06:48.4824666Z === RUN   TestGameplayNextItemSuggestionDegradesToNothing/only_one_item
2026-10-07T13:06:48.4825823Z --- PASS: TestGameplayNextItemSuggestionDegradesToNothing/only_one_item (0.00s)
2026-10-07T13:06:48.4826831Z === RUN   TestGameplayNextItemSuggestionDegradesToNothing/two_items_but_no_trio
2026-10-07T13:06:48.4827519Z --- PASS: TestGameplayNextItemSuggestionDegradesToNothing/two_items_but_no_trio (0.00s)
2026-10-07T13:06:48.4828189Z === RUN   TestGameplayNextItemSuggestionDegradesToNothing/prefix_does_not_match
2026-10-07T13:06:48.4828895Z --- PASS: TestGameplayNextItemSuggestionDegradesToNothing/prefix_does_not_match (0.00s)
2026-10-07T13:06:48.4829578Z === RUN   TestGameplayNextItemSuggestionDegradesToNothing/already_owns_all_three
2026-10-07T13:06:48.4830471Z --- PASS: TestGameplayNextItemSuggestionDegradesToNothing/already_owns_all_three (0.00s)
2026-10-07T13:06:48.4831351Z === RUN   TestGameplayNextItemSuggestionDegradesToNothing/trio_has_wrong_length
2026-10-07T13:06:48.4832036Z --- PASS: TestGameplayNextItemSuggestionDegradesToNothing/trio_has_wrong_length (0.00s)
2026-10-07T13:06:48.4832689Z === RUN   TestGameplayNextItemSuggestionDegradesToNothing/trio_has_a_zero_id
2026-10-07T13:06:48.4833517Z --- PASS: TestGameplayNextItemSuggestionDegradesToNothing/trio_has_a_zero_id (0.00s)
2026-10-07T13:06:48.4834175Z === RUN   TestGameplayNextItemSuggestionDegradesToNothing/owned_ids_are_all_junk
2026-10-07T13:06:48.4834845Z --- PASS: TestGameplayNextItemSuggestionDegradesToNothing/owned_ids_are_all_junk (0.00s)
2026-10-07T13:06:48.4835478Z --- PASS: TestGameplayNextItemSuggestionDegradesToNothing (0.00s)
2026-10-07T13:06:48.4836279Z === RUN   TestR116DStageTwoStaysUnwired
2026-10-07T13:06:48.4854699Z --- PASS: TestR116DStageTwoStaysUnwired (0.00s)
2026-10-07T13:06:48.4855682Z === RUN   TestGameplayTeamPortraitFlagsGlassCannonComp
2026-10-07T13:06:48.4931170Z --- PASS: TestGameplayTeamPortraitFlagsGlassCannonComp (0.01s)
2026-10-07T13:06:48.4932191Z === RUN   TestGameplayTeamPortraitBalancedCompProducesNoLabels
2026-10-07T13:06:48.4986215Z --- PASS: TestGameplayTeamPortraitBalancedCompProducesNoLabels (0.01s)
2026-10-07T13:06:48.4987362Z === RUN   TestGameplayTeamPortraitEmptyLabelDegenerationIsDetected
2026-10-07T13:06:48.5042723Z --- PASS: TestGameplayTeamPortraitEmptyLabelDegenerationIsDetected (0.01s)
2026-10-07T13:06:48.5043814Z === RUN   TestGameplayTeamPortraitAveragesMatchDocumentedMeans
2026-10-07T13:06:48.5095852Z --- PASS: TestGameplayTeamPortraitAveragesMatchDocumentedMeans (0.01s)
2026-10-07T13:06:48.5096481Z === RUN   TestGameplayTeamPortraitLabelsRequireUsableAverages
2026-10-07T13:06:48.5149902Z --- PASS: TestGameplayTeamPortraitLabelsRequireUsableAverages (0.01s)
2026-10-07T13:06:48.5151359Z === RUN   TestGameplayTeamPortraitFromRequiresEnoughResolvedHeroes
2026-10-07T13:06:48.5207132Z --- PASS: TestGameplayTeamPortraitFromRequiresEnoughResolvedHeroes (0.01s)
2026-10-07T13:06:48.5208048Z === RUN   TestGameplayTeamPortraitEndToEnd
2026-10-07T13:06:49.0418320Z --- PASS: TestGameplayTeamPortraitEndToEnd (0.52s)
2026-10-07T13:06:49.0419646Z === RUN   TestR116EMayhemTabOnlyContainsMayhemGames
2026-10-07T13:06:49.0420505Z --- PASS: TestR116EMayhemTabOnlyContainsMayhemGames (0.00s)
2026-10-07T13:06:49.0423829Z === RUN   TestR116EMayhemTabRendersNoPositionsAndNoAbilityRadar
2026-10-07T13:06:49.0426075Z --- PASS: TestR116EMayhemTabRendersNoPositionsAndNoAbilityRadar (0.00s)
2026-10-07T13:06:49.0427570Z === RUN   TestR116EClassicTabsAreUnaffectedByMayhemSamples
2026-10-07T13:06:49.0428498Z --- PASS: TestR116EClassicTabsAreUnaffectedByMayhemSamples (0.00s)
2026-10-07T13:06:49.0429252Z === RUN   TestR116EKoreanPathStillProducesExactlyTwoQueues
2026-10-07T13:06:49.0429791Z --- PASS: TestR116EKoreanPathStillProducesExactlyTwoQueues (0.00s)
2026-10-07T13:06:49.0430304Z === RUN   TestR116EMayhemTabOnlyAppearsWhenSamplesExist
2026-10-07T13:06:49.0430784Z --- PASS: TestR116EMayhemTabOnlyAppearsWhenSamplesExist (0.00s)
2026-10-07T13:06:49.0431279Z === RUN   TestR116ERecentRankedSummaryForQueueNeverMixesQueues
2026-10-07T13:06:49.0432347Z --- PASS: TestR116ERecentRankedSummaryForQueueNeverMixesQueues (0.00s)
2026-10-07T13:06:49.0432930Z === RUN   TestR116ERankedQueueLabelCoversMayhemAndRefusesUnknownQueues
2026-10-07T13:06:49.0433543Z --- PASS: TestR116ERankedQueueLabelCoversMayhemAndRefusesUnknownQueues (0.00s)
2026-10-07T13:06:49.0434049Z === RUN   TestR116EChampionStatsStaysRankedOnly
2026-10-07T13:06:49.0434447Z --- PASS: TestR116EChampionStatsStaysRankedOnly (0.00s)
2026-10-07T13:06:49.0434954Z === RUN   TestR116ESeasonMayhemBuildsEndpointAggregatesPersonalSamples
2026-10-07T13:06:49.0595334Z --- PASS: TestR116ESeasonMayhemBuildsEndpointAggregatesPersonalSamples (0.02s)
2026-10-07T13:06:49.0596281Z === RUN   TestR116ESeasonMayhemBuildsEndpointHidesInsufficientSamples
2026-10-07T13:06:49.0752644Z --- PASS: TestR116ESeasonMayhemBuildsEndpointHidesInsufficientSamples (0.02s)
2026-10-07T13:06:49.0754422Z === RUN   TestR116ESeasonMayhemBuildsEndpointRejectsBadInputAndReportsMissingData
2026-10-07T13:06:49.0876581Z --- PASS: TestR116ESeasonMayhemBuildsEndpointRejectsBadInputAndReportsMissingData (0.01s)
2026-10-07T13:06:49.0877912Z === RUN   TestGameplayReferenceDoesNotExposeStablePlayerID
2026-10-07T13:06:49.0878897Z --- PASS: TestGameplayReferenceDoesNotExposeStablePlayerID (0.00s)
2026-10-07T13:06:49.0880234Z === RUN   TestGameplayReferenceCacheEvictsBothTablesTogether
2026-10-07T13:06:49.1073448Z --- PASS: TestGameplayReferenceCacheEvictsBothTablesTogether (0.02s)
2026-10-07T13:06:49.1074414Z === RUN   TestGameplayReferenceCacheUpdatesWithoutGrowing
2026-10-07T13:06:49.1074991Z --- PASS: TestGameplayReferenceCacheUpdatesWithoutGrowing (0.00s)
2026-10-07T13:06:49.1075541Z === RUN   TestGameplayOverviewRejectsUnregisteredStablePlayerID
2026-10-07T13:06:49.1108091Z --- PASS: TestGameplayOverviewRejectsUnregisteredStablePlayerID (0.00s)
2026-10-07T13:06:49.1108867Z === RUN   TestGameplayOverviewTencentLookupHTTPErrorIsExplainedAndRecorded
2026-10-07T13:06:49.1137866Z --- PASS: TestGameplayOverviewTencentLookupHTTPErrorIsExplainedAndRecorded (0.00s)
2026-10-07T13:06:49.1138852Z === RUN   TestTencentLookupRetriesOneTransportFailure
2026-10-07T13:06:49.6143016Z --- PASS: TestTencentLookupRetriesOneTransportFailure (0.50s)
2026-10-07T13:06:49.6144021Z === RUN   TestGameplayOverviewRecordsCompletePhaseTiming
2026-10-07T13:06:49.6863093Z --- PASS: TestGameplayOverviewRecordsCompletePhaseTiming (0.07s)
2026-10-07T13:06:49.6864210Z === RUN   TestGameplayOverviewOverlapsIndependentUpstreams
2026-10-07T13:06:49.8637918Z --- PASS: TestGameplayOverviewOverlapsIndependentUpstreams (0.18s)
2026-10-07T13:06:49.8639470Z === RUN   TestGameplayOverviewReturnsPartialBeforeTwentySeconds
2026-10-07T13:06:49.9949223Z --- PASS: TestGameplayOverviewReturnsPartialBeforeTwentySeconds (0.13s)
2026-10-07T13:06:49.9951701Z === RUN   TestGameplayOverviewHistoryWindowUsesCacheAcrossRequests
2026-10-07T13:06:50.0165715Z --- PASS: TestGameplayOverviewHistoryWindowUsesCacheAcrossRequests (0.02s)
2026-10-07T13:06:50.0166524Z === RUN   TestGameplayOverviewSkipsHistoryWindowWhenFirstPageHasMatches
2026-10-07T13:06:50.0380246Z --- PASS: TestGameplayOverviewSkipsHistoryWindowWhenFirstPageHasMatches (0.02s)
2026-10-07T13:06:50.0381583Z === RUN   TestGameplayOverviewSearchOtherPlayerLoadsBothRankedSamples
2026-10-07T13:06:50.0597022Z --- PASS: TestGameplayOverviewSearchOtherPlayerLoadsBothRankedSamples (0.02s)
2026-10-07T13:06:50.0598356Z === RUN   TestOverviewHistoryOnlyLoadsWhenTheFirstScreenHasNoMatches
2026-10-07T13:06:50.0599468Z --- PASS: TestOverviewHistoryOnlyLoadsWhenTheFirstScreenHasNoMatches (0.00s)
2026-10-07T13:06:50.0600919Z === RUN   TestGameplayCoreOptionsPreserveTheFullUpstreamLimit
2026-10-07T13:06:50.0601860Z --- PASS: TestGameplayCoreOptionsPreserveTheFullUpstreamLimit (0.00s)
2026-10-07T13:06:50.0602823Z === RUN   TestGameplayHistoryUsesRequestedPageWindow
2026-10-07T13:06:50.0617607Z --- PASS: TestGameplayHistoryUsesRequestedPageWindow (0.00s)
2026-10-07T13:06:50.0618659Z === RUN   TestGameplayPerkStylesAcceptClientWrapperAndBareArray
2026-10-07T13:06:50.0621222Z === RUN   TestGameplayPerkStylesAcceptClientWrapperAndBareArray/objects
2026-10-07T13:06:50.0642617Z --- PASS: TestGameplayPerkStylesAcceptClientWrapperAndBareArray/objects (0.00s)
2026-10-07T13:06:50.0644990Z === RUN   TestGameplayPerkStylesAcceptClientWrapperAndBareArray/wrapped
2026-10-07T13:06:50.0663987Z --- PASS: TestGameplayPerkStylesAcceptClientWrapperAndBareArray/wrapped (0.00s)
2026-10-07T13:06:50.0665226Z === RUN   TestGameplayPerkStylesAcceptClientWrapperAndBareArray/array
2026-10-07T13:06:50.0687050Z --- PASS: TestGameplayPerkStylesAcceptClientWrapperAndBareArray/array (0.00s)
2026-10-07T13:06:50.0688147Z --- PASS: TestGameplayPerkStylesAcceptClientWrapperAndBareArray (0.01s)
2026-10-07T13:06:50.0689083Z === RUN   TestGameplayPerkCatalogCachesLCUFiles
2026-10-07T13:06:50.0705671Z --- PASS: TestGameplayPerkCatalogCachesLCUFiles (0.00s)
2026-10-07T13:06:50.0707337Z === RUN   TestSanitizeAssetPathKeepsDataDragonFallback
2026-10-07T13:06:50.0708366Z --- PASS: TestSanitizeAssetPathKeepsDataDragonFallback (0.00s)
2026-10-07T13:06:50.0709494Z === RUN   TestNormalizeGameplayPerkCatalogReportsEnrichmentAndMissingIcons
2026-10-07T13:06:50.0710737Z --- PASS: TestNormalizeGameplayPerkCatalogReportsEnrichmentAndMissingIcons (0.00s)
2026-10-07T13:06:50.0711705Z === RUN   TestLCUFullHistoryPageKeepsPaginationOpen
2026-10-07T13:06:50.0736005Z --- PASS: TestLCUFullHistoryPageKeepsPaginationOpen (0.00s)
2026-10-07T13:06:50.0737046Z === RUN   TestLCUSingleParticipantSummaryFetchesFullGameDetail
2026-10-07T13:06:50.0761135Z --- PASS: TestLCUSingleParticipantSummaryFetchesFullGameDetail (0.00s)
2026-10-07T13:06:50.0762301Z === RUN   TestLCUSingleParticipantDetailRemainsExplicitlyIncomplete
2026-10-07T13:06:50.0780957Z --- PASS: TestLCUSingleParticipantDetailRemainsExplicitlyIncomplete (0.00s)
2026-10-07T13:06:50.0782008Z === RUN   TestCustomGamesAreRecognizedAcrossModes
2026-10-07T13:06:50.0783543Z --- PASS: TestCustomGamesAreRecognizedAcrossModes (0.00s)
2026-10-07T13:06:50.0784528Z === RUN   TestGameplayFilterDiagnosticsSplitEmptyAndCustomMatches
2026-10-07T13:06:50.0785682Z --- PASS: TestGameplayFilterDiagnosticsSplitEmptyAndCustomMatches (0.00s)
2026-10-07T13:06:50.0786811Z === RUN   TestSummarizeRiotParticipantsDetectsShortNonArenaRosters
2026-10-07T13:06:50.0787940Z --- PASS: TestSummarizeRiotParticipantsDetectsShortNonArenaRosters (0.00s)
2026-10-07T13:06:50.0789291Z === RUN   TestSummarizeRiotParticipantsIgnoresCustomRosters
2026-10-07T13:06:50.0790322Z --- PASS: TestSummarizeRiotParticipantsIgnoresCustomRosters (0.00s)
2026-10-07T13:06:50.0791727Z === RUN   TestVerifiedRankWinRateRejectsMissingLosses
2026-10-07T13:06:50.0792652Z --- PASS: TestVerifiedRankWinRateRejectsMissingLosses (0.00s)
2026-10-07T13:06:50.0793856Z === RUN   TestRiotParticipantAcceptsBothSummonerSpellFieldNames
2026-10-07T13:06:50.0795779Z === RUN   TestRiotParticipantAcceptsBothSummonerSpellFieldNames/match-v5
2026-10-07T13:06:50.0797054Z --- PASS: TestRiotParticipantAcceptsBothSummonerSpellFieldNames/match-v5 (0.00s)
2026-10-07T13:06:50.0798333Z === RUN   TestRiotParticipantAcceptsBothSummonerSpellFieldNames/sgp-legacy
2026-10-07T13:06:50.0799596Z --- PASS: TestRiotParticipantAcceptsBothSummonerSpellFieldNames/sgp-legacy (0.00s)
2026-10-07T13:06:50.0800849Z --- PASS: TestRiotParticipantAcceptsBothSummonerSpellFieldNames (0.00s)
2026-10-07T13:06:50.0801730Z === RUN   TestRemakeFallbackIsConservative
2026-10-07T13:06:50.0802906Z === RUN   TestRemakeFallbackIsConservative/riot_explicit_signal_wins
2026-10-07T13:06:50.0804347Z --- PASS: TestRemakeFallbackIsConservative/riot_explicit_signal_wins (0.00s)
2026-10-07T13:06:50.0805400Z === RUN   TestRemakeFallbackIsConservative/short_match_without_winner
2026-10-07T13:06:50.0806541Z --- PASS: TestRemakeFallbackIsConservative/short_match_without_winner (0.00s)
2026-10-07T13:06:50.0807545Z === RUN   TestRemakeFallbackIsConservative/short_match_with_winner
2026-10-07T13:06:50.0808478Z --- PASS: TestRemakeFallbackIsConservative/short_match_with_winner (0.00s)
2026-10-07T13:06:50.0809442Z === RUN   TestRemakeFallbackIsConservative/ordinary_surrender
2026-10-07T13:06:50.0810371Z --- PASS: TestRemakeFallbackIsConservative/ordinary_surrender (0.00s)
2026-10-07T13:06:50.0811244Z === RUN   TestRemakeFallbackIsConservative/long_match
2026-10-07T13:06:50.0812058Z --- PASS: TestRemakeFallbackIsConservative/long_match (0.00s)
2026-10-07T13:06:50.0812872Z === RUN   TestRemakeFallbackIsConservative/arena
2026-10-07T13:06:50.0813600Z --- PASS: TestRemakeFallbackIsConservative/arena (0.00s)
2026-10-07T13:06:50.0814390Z === RUN   TestRemakeFallbackIsConservative/bot_game
2026-10-07T13:06:50.0815229Z --- PASS: TestRemakeFallbackIsConservative/bot_game (0.00s)
2026-10-07T13:06:50.0816072Z === RUN   TestRemakeFallbackIsConservative/custom_game
2026-10-07T13:06:50.0816626Z --- PASS: TestRemakeFallbackIsConservative/custom_game (0.00s)
2026-10-07T13:06:50.0817076Z === RUN   TestRemakeFallbackIsConservative/unknown_queue
2026-10-07T13:06:50.0817693Z --- PASS: TestRemakeFallbackIsConservative/unknown_queue (0.00s)
2026-10-07T13:06:50.0818156Z --- PASS: TestRemakeFallbackIsConservative (0.00s)
2026-10-07T13:06:50.0818895Z === RUN   TestGameplayNormalizersDoNotMarkOrdinarySurrenderAsRemake
2026-10-07T13:06:50.0820143Z === RUN   TestGameplayNormalizersDoNotMarkOrdinarySurrenderAsRemake/lcu_participant_field
2026-10-07T13:06:50.0821640Z --- PASS: TestGameplayNormalizersDoNotMarkOrdinarySurrenderAsRemake/lcu_participant_field (0.00s)
2026-10-07T13:06:50.0823157Z === RUN   TestGameplayNormalizersDoNotMarkOrdinarySurrenderAsRemake/riot_participant_field
2026-10-07T13:06:50.0825075Z --- PASS: TestGameplayNormalizersDoNotMarkOrdinarySurrenderAsRemake/riot_participant_field (0.00s)
2026-10-07T13:06:50.0826494Z --- PASS: TestGameplayNormalizersDoNotMarkOrdinarySurrenderAsRemake (0.00s)
2026-10-07T13:06:50.0827387Z === RUN   TestGameplayNormalizersMarkEarlySurrenderAsRemake
2026-10-07T13:06:50.0828473Z === RUN   TestGameplayNormalizersMarkEarlySurrenderAsRemake/lcu_participant_field
2026-10-07T13:06:50.0829790Z --- PASS: TestGameplayNormalizersMarkEarlySurrenderAsRemake/lcu_participant_field (0.00s)
2026-10-07T13:06:50.0830930Z === RUN   TestGameplayNormalizersMarkEarlySurrenderAsRemake/riot_participant_field
2026-10-07T13:06:50.0832283Z --- PASS: TestGameplayNormalizersMarkEarlySurrenderAsRemake/riot_participant_field (0.00s)
2026-10-07T13:06:50.0833510Z --- PASS: TestGameplayNormalizersMarkEarlySurrenderAsRemake (0.00s)
2026-10-07T13:06:50.0834429Z === RUN   TestRemakesAreExcludedFromWinRateAggregates
2026-10-07T13:06:50.0835640Z --- PASS: TestRemakesAreExcludedFromWinRateAggregates (0.00s)
2026-10-07T13:06:50.0836509Z === RUN   TestRecentRankedSummaryUsesLatestTwentyRankedGames
2026-10-07T13:06:50.0837724Z --- PASS: TestRecentRankedSummaryUsesLatestTwentyRankedGames (0.00s)
2026-10-07T13:06:50.0838587Z === RUN   TestRecentRankedSummaryDoesNotInventTeamKills
2026-10-07T13:06:50.0839469Z --- PASS: TestRecentRankedSummaryDoesNotInventTeamKills (0.00s)
2026-10-07T13:06:50.0840722Z === RUN   TestRecentRankedSummaryUsesSoloThenFallsBackToFlex
2026-10-07T13:06:50.0841701Z --- PASS: TestRecentRankedSummaryUsesSoloThenFallsBackToFlex (0.00s)
2026-10-07T13:06:50.0843013Z === RUN   TestPositionStatsExcludeOtherAndNormalizeKnownPositions
2026-10-07T13:06:50.0844153Z --- PASS: TestPositionStatsExcludeOtherAndNormalizeKnownPositions (0.00s)
2026-10-07T13:06:50.0845649Z === RUN   TestRankedQueueStatsKeepQueuesSeparateWhenSoloHasNoSample
2026-10-07T13:06:50.0847079Z --- PASS: TestRankedQueueStatsKeepQueuesSeparateWhenSoloHasNoSample (0.00s)
2026-10-07T13:06:50.0848930Z === RUN   TestRankedQueueAbilityUsesTheSameRecentMatchesAsTheSummary
2026-10-07T13:06:50.0850151Z --- PASS: TestRankedQueueAbilityUsesTheSameRecentMatchesAsTheSummary (0.00s)
2026-10-07T13:06:50.0851800Z === RUN   TestRecentRankedSamplesStayIndependentFromRightSideFilter
2026-10-07T13:06:50.0852903Z --- PASS: TestRecentRankedSamplesStayIndependentFromRightSideFilter (0.00s)
2026-10-07T13:06:50.0854031Z === RUN   TestLoadSGPMatchHistoryPageFlexUsesOneQueueTagRequest
2026-10-07T13:06:50.0855099Z --- PASS: TestLoadSGPMatchHistoryPageFlexUsesOneQueueTagRequest (0.00s)
2026-10-07T13:06:50.0856140Z === RUN   TestRecentRankedSamplesCacheEachQueueSeparately
2026-10-07T13:06:50.0857122Z --- PASS: TestRecentRankedSamplesCacheEachQueueSeparately (0.00s)
2026-10-07T13:06:50.0858041Z === RUN   TestCurrentProfileBackgroundUsesClientProfile
2026-10-07T13:06:50.0858947Z --- PASS: TestCurrentProfileBackgroundUsesClientProfile (0.00s)
2026-10-07T13:06:50.0859797Z === RUN   TestApplyMasteryBackgroundFallback
2026-10-07T13:06:50.0860542Z --- PASS: TestApplyMasteryBackgroundFallback (0.00s)
2026-10-07T13:06:50.0861509Z === RUN   TestDiagnosticRankedQueueSamplesCompareQueuesAndQueueMap
2026-10-07T13:06:50.0862590Z --- PASS: TestDiagnosticRankedQueueSamplesCompareQueuesAndQueueMap (0.00s)
2026-10-07T13:06:50.0863204Z === RUN   TestGameplayRankMilestonesNormalizeAndSuppressMissingValues
2026-10-07T13:06:50.0863840Z --- PASS: TestGameplayRankMilestonesNormalizeAndSuppressMissingValues (0.00s)
2026-10-07T13:06:50.0864432Z === RUN   TestRankMilestonesOnlySerializeForTencentResponses
2026-10-07T13:06:50.0864966Z --- PASS: TestRankMilestonesOnlySerializeForTencentResponses (0.00s)
2026-10-07T13:06:50.0865463Z === RUN   TestRankedQueueEntriesCoversBothPayloadShapes
2026-10-07T13:06:50.0866346Z --- PASS: TestRankedQueueEntriesCoversBothPayloadShapes (0.00s)
2026-10-07T13:06:50.0867148Z === RUN   TestLCURankedEntryParsesAllHistoricalFields
2026-10-07T13:06:50.0868075Z --- PASS: TestLCURankedEntryParsesAllHistoricalFields (0.00s)
2026-10-07T13:06:50.0868554Z === RUN   TestLCURankedShapeDiagnosticIsProcessScoped
2026-10-07T13:06:50.0884004Z --- PASS: TestLCURankedShapeDiagnosticIsProcessScoped (0.00s)
2026-10-07T13:06:50.0884976Z === RUN   TestRankedStatsPreferCompleteLCUWithoutCallingSGP
2026-10-07T13:06:50.0897267Z --- PASS: TestRankedStatsPreferCompleteLCUWithoutCallingSGP (0.00s)
2026-10-07T13:06:50.0898226Z === RUN   TestRankedStatsFallBackToSGPWhenLCUFails
2026-10-07T13:06:50.0916451Z --- PASS: TestRankedStatsFallBackToSGPWhenLCUFails (0.00s)
2026-10-07T13:06:50.0917523Z === RUN   TestRankedStatsCompletionGateStopsOnlyUnproductiveLCUFallbacks
2026-10-07T13:06:50.1003991Z --- PASS: TestRankedStatsCompletionGateStopsOnlyUnproductiveLCUFallbacks (0.01s)
2026-10-07T13:06:50.1005616Z === RUN   TestPlayerRankScoreCachesSGPFallbackUnderPreferredLCUKey
2026-10-07T13:06:50.1022492Z --- PASS: TestPlayerRankScoreCachesSGPFallbackUnderPreferredLCUKey (0.00s)
2026-10-07T13:06:50.1023977Z === RUN   TestLoadQueueLabelsCachesPerLCUClientInstance
2026-10-07T13:06:50.1059502Z --- PASS: TestLoadQueueLabelsCachesPerLCUClientInstance (0.00s)
2026-10-07T13:06:50.1061741Z === RUN   TestRecentRankedSampleCacheEvictsOldestLargeEntries
2026-10-07T13:06:50.1062815Z --- PASS: TestRecentRankedSampleCacheEvictsOldestLargeEntries (0.00s)
2026-10-07T13:06:50.1064096Z === RUN   TestPlayerRankScoreUsesRiotForKROpponentAndCachesMetadata
2026-10-07T13:06:50.1065275Z --- PASS: TestPlayerRankScoreUsesRiotForKROpponentAndCachesMetadata (0.00s)
2026-10-07T13:06:50.1066227Z === RUN   TestCanceledRankedRequestIsSilent
2026-10-07T13:06:50.1094027Z --- PASS: TestCanceledRankedRequestIsSilent (0.00s)
2026-10-07T13:06:50.1095322Z === RUN   TestCanceledPartialSGPHistoryIsSilent
2026-10-07T13:06:50.1132692Z --- PASS: TestCanceledPartialSGPHistoryIsSilent (0.00s)
2026-10-07T13:06:50.1133656Z === RUN   TestRankedWinRateDiagnosticsRecordSGPAndLCUSources
2026-10-07T13:06:50.1134645Z === RUN   TestRankedWinRateDiagnosticsRecordSGPAndLCUSources/lcu
2026-10-07T13:06:50.1173287Z --- PASS: TestRankedWinRateDiagnosticsRecordSGPAndLCUSources/lcu (0.00s)
2026-10-07T13:06:50.1173975Z === RUN   TestRankedWinRateDiagnosticsRecordSGPAndLCUSources/sgp
2026-10-07T13:06:50.1213049Z --- PASS: TestRankedWinRateDiagnosticsRecordSGPAndLCUSources/sgp (0.00s)
2026-10-07T13:06:50.1214989Z --- PASS: TestRankedWinRateDiagnosticsRecordSGPAndLCUSources (0.01s)
2026-10-07T13:06:50.1216075Z === RUN   TestRankedWinRateDiagnosticPlayerHashIsStableAndDistinct
2026-10-07T13:06:50.1217825Z --- PASS: TestRankedWinRateDiagnosticPlayerHashIsStableAndDistinct (0.00s)
2026-10-07T13:06:50.1218497Z === RUN   TestSeasonRankWinRateFallbackFillsOnlyIncompleteSGPRanks
2026-10-07T13:06:50.1219119Z --- PASS: TestSeasonRankWinRateFallbackFillsOnlyIncompleteSGPRanks (0.00s)
2026-10-07T13:06:50.1219720Z === RUN   TestSeasonRankWinRateFallbackDoesNotFillIncompleteScan
2026-10-07T13:06:50.1220342Z --- PASS: TestSeasonRankWinRateFallbackDoesNotFillIncompleteScan (0.00s)
2026-10-07T13:06:50.1220948Z === RUN   TestSeasonRankFallbackAppearsAfterRefreshSnapshotCompletes
2026-10-07T13:06:50.1368881Z --- PASS: TestSeasonRankFallbackAppearsAfterRefreshSnapshotCompletes (0.02s)
2026-10-07T13:06:50.1370485Z === RUN   TestGameplayOverviewAppliesSeasonFallbackToIncompleteSGPRanks
2026-10-07T13:06:50.1856303Z --- PASS: TestGameplayOverviewAppliesSeasonFallbackToIncompleteSGPRanks (0.05s)
2026-10-07T13:06:50.1857006Z === RUN   TestGameplayOverviewReturnsCoreBeforeSlowSeasonScan
2026-10-07T13:06:50.2808925Z --- PASS: TestGameplayOverviewReturnsCoreBeforeSlowSeasonScan (0.10s)
2026-10-07T13:06:50.2809870Z === RUN   TestNormalizeGameplayMatchIncludesStatPerks
2026-10-07T13:06:50.2810733Z --- PASS: TestNormalizeGameplayMatchIncludesStatPerks (0.00s)
2026-10-07T13:06:50.2811676Z === RUN   TestRecentPlayersAggregatesNamedParticipantsWithoutPUUID
2026-10-07T13:06:50.2812700Z --- PASS: TestRecentPlayersAggregatesNamedParticipantsWithoutPUUID (0.00s)
2026-10-07T13:06:50.2813882Z === RUN   TestHiddenPlayerUsesTheSameRankAndMatchHistoryLoaders
2026-10-07T13:06:50.2844554Z --- PASS: TestHiddenPlayerUsesTheSameRankAndMatchHistoryLoaders (0.00s)
2026-10-07T13:06:50.2845604Z === RUN   TestChampSelectKeepsObfuscatedIdentityQueryable
2026-10-07T13:06:50.2846919Z --- PASS: TestChampSelectKeepsObfuscatedIdentityQueryable (0.00s)
2026-10-07T13:06:50.2847973Z === RUN   TestChampSelectMergesObfuscatedIdentityWithGameflowPUUID
2026-10-07T13:06:50.2849034Z --- PASS: TestChampSelectMergesObfuscatedIdentityWithGameflowPUUID (0.00s)
2026-10-07T13:06:50.2849999Z === RUN   TestArenaChampSelectModeAndIdentityFilter
2026-10-07T13:06:50.2850827Z --- PASS: TestArenaChampSelectModeAndIdentityFilter (0.00s)
2026-10-07T13:06:50.2851660Z === RUN   TestChampSelectCellIdentityMarksCurrentPlayer
2026-10-07T13:06:50.2852526Z --- PASS: TestChampSelectCellIdentityMarksCurrentPlayer (0.00s)
2026-10-07T13:06:50.2853319Z === RUN   TestCurrentChampionFallbackDrivesRecommendationTarget
2026-10-07T13:06:50.2867310Z --- PASS: TestCurrentChampionFallbackDrivesRecommendationTarget (0.00s)
2026-10-07T13:06:50.2868926Z === RUN   TestChampSelectActionsAreLastRecommendationChampionFallback
2026-10-07T13:06:50.2870725Z --- PASS: TestChampSelectActionsAreLastRecommendationChampionFallback (0.00s)
2026-10-07T13:06:50.2871844Z === RUN   TestRecommendationPayloadSanitizesNegativePickIntent
2026-10-07T13:06:50.2872937Z --- PASS: TestRecommendationPayloadSanitizesNegativePickIntent (0.00s)
2026-10-07T13:06:50.2874025Z === RUN   TestGameplayLiveResolvesRandomChampSelectActionWithout400
2026-10-07T13:06:50.2875210Z === RUN   TestGameplayLiveResolvesRandomChampSelectActionWithout400/resolved_pick
2026-10-07T13:06:50.4693837Z --- PASS: TestGameplayLiveResolvesRandomChampSelectActionWithout400/resolved_pick (0.18s)
2026-10-07T13:06:50.4695384Z === RUN   TestGameplayLiveResolvesRandomChampSelectActionWithout400/still_pending
2026-10-07T13:06:50.4717333Z --- PASS: TestGameplayLiveResolvesRandomChampSelectActionWithout400/still_pending (0.00s)
2026-10-07T13:06:50.4718194Z --- PASS: TestGameplayLiveResolvesRandomChampSelectActionWithout400 (0.19s)
2026-10-07T13:06:50.4718808Z === RUN   TestGameplayLiveSecondRefreshReusesRankedStatsCache
2026-10-07T13:06:50.5180636Z --- PASS: TestGameplayLiveSecondRefreshReusesRankedStatsCache (0.05s)
2026-10-07T13:06:50.5181716Z === RUN   TestR58ChampSelectDropsStaleGameflowRoster
2026-10-07T13:06:50.5574363Z --- PASS: TestR58ChampSelectDropsStaleGameflowRoster (0.04s)
2026-10-07T13:06:50.5576212Z === RUN   TestR58InProgressKeepsGameflowRoster
2026-10-07T13:06:50.5607315Z --- PASS: TestR58InProgressKeepsGameflowRoster (0.00s)
2026-10-07T13:06:50.5608417Z === RUN   TestR58LiveClientPlayerListGroupsSixArenaTeamsAndRedactsDiagnostics
2026-10-07T13:06:50.5684051Z --- PASS: TestR58LiveClientPlayerListGroupsSixArenaTeamsAndRedactsDiagnostics (0.01s)
2026-10-07T13:06:50.5684898Z === RUN   TestR68LiveClientPlayerListPositionsOverrideGameflowForAllTenPlayers
2026-10-07T13:06:50.5745190Z --- PASS: TestR68LiveClientPlayerListPositionsOverrideGameflowForAllTenPlayers (0.01s)
2026-10-07T13:06:50.5746339Z === RUN   TestR68LiveClientPositionMatchedCountIsNotPlayerCount
2026-10-07T13:06:50.5779240Z --- PASS: TestR68LiveClientPositionMatchedCountIsNotPlayerCount (0.00s)
2026-10-07T13:06:50.5780150Z === RUN   TestR58LiveClientPlayerListUnavailableFallsBackWithoutError
2026-10-07T13:06:50.5830617Z --- PASS: TestR58LiveClientPlayerListUnavailableFallsBackWithoutError (0.01s)
2026-10-07T13:06:50.5832024Z === RUN   TestArena1750UsesCorroboratedGameflowRosterOrderWhenPlayerListHasNoSubteams
2026-10-07T13:06:50.5925384Z --- PASS: TestArena1750UsesCorroboratedGameflowRosterOrderWhenPlayerListHasNoSubteams (0.01s)
2026-10-07T13:06:50.5926147Z === RUN   TestR62ArenaPlayerListRetriesAndGroupsSeventeenPlayers
2026-10-07T13:06:50.6065973Z --- PASS: TestR62ArenaPlayerListRetriesAndGroupsSeventeenPlayers (0.01s)
2026-10-07T13:06:50.6067608Z === RUN   TestR62ArenaPlayerListProbesReconnectAndInvalidatesGameCache
2026-10-07T13:06:50.6210899Z --- PASS: TestR62ArenaPlayerListProbesReconnectAndInvalidatesGameCache (0.01s)
2026-10-07T13:06:50.6212142Z === RUN   TestR62ArenaGroupValidationRejectsOversizedGroups
2026-10-07T13:06:50.6213174Z --- PASS: TestR62ArenaGroupValidationRejectsOversizedGroups (0.00s)
2026-10-07T13:06:50.6214210Z === RUN   TestLiveRecommendationRejectionRecordsOnlyInputShape
2026-10-07T13:06:50.6245472Z --- PASS: TestLiveRecommendationRejectionRecordsOnlyInputShape (0.00s)
2026-10-07T13:06:50.6246686Z === RUN   TestGameplayLiveUsesCurrentChampionWhenRosterIsUnavailable
2026-10-07T13:06:51.5950178Z --- PASS: TestGameplayLiveUsesCurrentChampionWhenRosterIsUnavailable (0.97s)
2026-10-07T13:06:51.5950989Z === RUN   TestGameplayLiveMarksCurrentPlayerFromChampSelectCellIdentity
2026-10-07T13:06:51.6316922Z --- PASS: TestGameplayLiveMarksCurrentPlayerFromChampSelectCellIdentity (0.04s)
2026-10-07T13:06:51.6319064Z === RUN   TestGameplayLiveArenaChampSelectFiltersAnonymousCells
2026-10-07T13:06:51.6695784Z --- PASS: TestGameplayLiveArenaChampSelectFiltersAnonymousCells (0.04s)
2026-10-07T13:06:51.6697426Z === RUN   TestGameplayLiveChampSelectDropsStaleGameflowRoster
2026-10-07T13:06:51.6755604Z --- PASS: TestGameplayLiveChampSelectDropsStaleGameflowRoster (0.01s)
2026-10-07T13:06:51.6757067Z === RUN   TestGameplayLiveInProgressPreservesGameflowRoster
2026-10-07T13:06:51.6778520Z --- PASS: TestGameplayLiveInProgressPreservesGameflowRoster (0.00s)
2026-10-07T13:06:51.6779500Z === RUN   TestArenaLiveClientPlayerListGroupingAndFallback
2026-10-07T13:06:51.6784209Z --- PASS: TestArenaLiveClientPlayerListGroupingAndFallback (0.00s)
2026-10-07T13:06:51.6785386Z === RUN   TestArenaPlayerListDoesNotCachePositionOnlySnapshotAsFinalGrouping
2026-10-07T13:06:51.6789736Z --- PASS: TestArenaPlayerListDoesNotCachePositionOnlySnapshotAsFinalGrouping (0.00s)
2026-10-07T13:06:51.6791298Z === RUN   TestArenaSessionOrderGroupingIgnoresPremadePartyBoundaries
2026-10-07T13:06:51.6792555Z --- PASS: TestArenaSessionOrderGroupingIgnoresPremadePartyBoundaries (0.00s)
2026-10-07T13:06:51.6793805Z === RUN   TestLiveClientPlayerListDiagnosticIsStructuralAndDeduplicated
2026-10-07T13:06:51.6823613Z --- PASS: TestLiveClientPlayerListDiagnosticIsStructuralAndDeduplicated (0.00s)
2026-10-07T13:06:51.6826090Z === RUN   TestChampSelectWithoutGameflowRosterKeepsEveryCell
2026-10-07T13:06:51.6826852Z --- PASS: TestChampSelectWithoutGameflowRosterKeepsEveryCell (0.00s)
2026-10-07T13:06:51.6827580Z === RUN   TestChampSelectWithGameflowRosterDoesNotAppendPastTeamSizeLimit
2026-10-07T13:06:51.6829256Z --- PASS: TestChampSelectWithGameflowRosterDoesNotAppendPastTeamSizeLimit (0.00s)
2026-10-07T13:06:51.6830181Z === RUN   TestGameplayReferencePreservesPrivacy
2026-10-07T13:06:51.6830956Z --- PASS: TestGameplayReferencePreservesPrivacy (0.00s)
2026-10-07T13:06:51.6831660Z === RUN   TestChampSelectKeepsLockedChampionAndPickIntentSeparate
2026-10-07T13:06:51.6832608Z --- PASS: TestChampSelectKeepsLockedChampionAndPickIntentSeparate (0.00s)
2026-10-07T13:06:51.6834568Z === RUN   TestHiddenPlayerFallsBackToSummonerIDBeforeLoadingStats
2026-10-07T13:06:51.6840875Z --- PASS: TestHiddenPlayerFallsBackToSummonerIDBeforeLoadingStats (0.00s)
2026-10-07T13:06:51.6842578Z === RUN   TestChampionAbilitiesUseClientDescriptionsAndSafeAssetPaths
2026-10-07T13:06:51.6844108Z --- PASS: TestChampionAbilitiesUseClientDescriptionsAndSafeAssetPaths (0.00s)
2026-10-07T13:06:51.6845610Z === RUN   TestChampionAbilitiesFallBackToDataDragonWhenClientFails
2026-10-07T13:06:51.6846761Z --- PASS: TestChampionAbilitiesFallBackToDataDragonWhenClientFails (0.00s)
2026-10-07T13:06:51.6848027Z === RUN   TestGameplaySummonerSpellsExposeDescriptionsWithoutExternalAssetPaths
2026-10-07T13:06:51.6849917Z --- PASS: TestGameplaySummonerSpellsExposeDescriptionsWithoutExternalAssetPaths (0.00s)
2026-10-07T13:06:51.6851341Z === RUN   TestGameplayItemsExposeDescriptionsWithoutExternalAssetPaths
2026-10-07T13:06:51.6852921Z --- PASS: TestGameplayItemsExposeDescriptionsWithoutExternalAssetPaths (0.00s)
2026-10-07T13:06:51.6854139Z === RUN   TestFallbackGameplayItemsExposePricesInStableIDOrder
2026-10-07T13:06:51.6854955Z --- PASS: TestFallbackGameplayItemsExposePricesInStableIDOrder (0.00s)
2026-10-07T13:06:51.6855882Z === RUN   TestNormalizeGameplayAugmentsUsesChineseNamesAndSafeAssets
2026-10-07T13:06:51.6857031Z --- PASS: TestNormalizeGameplayAugmentsUsesChineseNamesAndSafeAssets (0.00s)
2026-10-07T13:06:51.6857751Z === RUN   TestFallbackGameplayAugmentsRetainsKiwiAndCherryIcons
2026-10-07T13:06:51.6859362Z --- PASS: TestFallbackGameplayAugmentsRetainsKiwiAndCherryIcons (0.00s)
2026-10-07T13:06:51.6860126Z === RUN   TestRequestJSONAuthenticatesAndRejectsUnsafePaths
2026-10-07T13:06:51.6860689Z --- PASS: TestRequestJSONAuthenticatesAndRejectsUnsafePaths (0.00s)
2026-10-07T13:06:51.6861237Z === RUN   TestApplyRunePageCreatesNewPageAndMakesItCurrent
2026-10-07T13:06:51.6874644Z --- PASS: TestApplyRunePageCreatesNewPageAndMakesItCurrent (0.00s)
2026-10-07T13:06:51.6876293Z === RUN   TestApplyRunePageFullWithOnlyUserPagesNeverDeletes
2026-10-07T13:06:51.6886613Z --- PASS: TestApplyRunePageFullWithOnlyUserPagesNeverDeletes (0.00s)
2026-10-07T13:06:51.6888860Z === RUN   TestApplyRunePageFullDeletesOnlyOldestOwnedPageThenCreates
2026-10-07T13:06:51.6907097Z --- PASS: TestApplyRunePageFullDeletesOnlyOldestOwnedPageThenCreates (0.00s)
2026-10-07T13:06:51.6909462Z === RUN   TestApplyRunePageSortsMissingLastModifiedByID
2026-10-07T13:06:51.6924598Z --- PASS: TestApplyRunePageSortsMissingLastModifiedByID (0.00s)
2026-10-07T13:06:51.6925517Z === RUN   TestApplyRunePagePrefixMatchMustBeExact
2026-10-07T13:06:51.6934879Z --- PASS: TestApplyRunePagePrefixMatchMustBeExact (0.00s)
2026-10-07T13:06:51.6935929Z === RUN   TestApplyRunePageSkipsExplicitlyNonDeletableOwnedPage
2026-10-07T13:06:51.6947528Z --- PASS: TestApplyRunePageSkipsExplicitlyNonDeletableOwnedPage (0.00s)
2026-10-07T13:06:51.6948996Z === RUN   TestApplyRunePageRecycleLoopStopsAfterFiveDeletes
2026-10-07T13:06:51.6973588Z --- PASS: TestApplyRunePageRecycleLoopStopsAfterFiveDeletes (0.00s)
2026-10-07T13:06:51.6975315Z === RUN   TestRuneApplyValidationAndReplayActionValidation
2026-10-07T13:06:51.6977426Z --- PASS: TestRuneApplyValidationAndReplayActionValidation (0.00s)
2026-10-07T13:06:51.6978076Z === RUN   TestRuneApplyHandlerNeverWritesOutsideChampionSelect
2026-10-07T13:06:51.6986304Z --- PASS: TestRuneApplyHandlerNeverWritesOutsideChampionSelect (0.00s)
2026-10-07T13:06:51.6987819Z === RUN   TestRuneApplyHandlerExplainsClientPageLimit
2026-10-07T13:06:51.7000701Z --- PASS: TestRuneApplyHandlerExplainsClientPageLimit (0.00s)
2026-10-07T13:06:51.7001762Z === RUN   TestRuneApplyHandlerReturnsAndRecordsAppliedPerks
2026-10-07T13:06:51.7048527Z --- PASS: TestRuneApplyHandlerReturnsAndRecordsAppliedPerks (0.00s)
2026-10-07T13:06:51.7050420Z === RUN   TestRuneApplySummonerSpellPatchAndPartialSuccess
2026-10-07T13:06:51.7051458Z === RUN   TestRuneApplySummonerSpellPatchAndPartialSuccess/both_applied
2026-10-07T13:06:51.7098898Z --- PASS: TestRuneApplySummonerSpellPatchAndPartialSuccess/both_applied (0.00s)
2026-10-07T13:06:51.7100279Z === RUN   TestRuneApplySummonerSpellPatchAndPartialSuccess/spell_rejected_after_runes
2026-10-07T13:06:51.7148201Z --- PASS: TestRuneApplySummonerSpellPatchAndPartialSuccess/spell_rejected_after_runes (0.00s)
2026-10-07T13:06:51.7149563Z === RUN   TestRuneApplySummonerSpellPatchAndPartialSuccess/legacy_runes_only
2026-10-07T13:06:51.7196154Z --- PASS: TestRuneApplySummonerSpellPatchAndPartialSuccess/legacy_runes_only (0.00s)
2026-10-07T13:06:51.7197427Z --- PASS: TestRuneApplySummonerSpellPatchAndPartialSuccess (0.01s)
2026-10-07T13:06:51.7198668Z === RUN   TestGameplayItemSetValidation
2026-10-07T13:06:51.7199260Z --- PASS: TestGameplayItemSetValidation (0.00s)
2026-10-07T13:06:51.7200247Z === RUN   TestGameplayItemSetContextAcceptsLocalChampSelectCellIdentity
2026-10-07T13:06:51.7208350Z --- PASS: TestGameplayItemSetContextAcceptsLocalChampSelectCellIdentity (0.00s)
2026-10-07T13:06:51.7209887Z === RUN   TestGameplayRecommendationsAdaptCompleteOPGGData
2026-10-07T13:06:51.7211271Z --- PASS: TestGameplayRecommendationsAdaptCompleteOPGGData (0.00s)
2026-10-07T13:06:51.7212287Z === RUN   TestGameplayRecommendationsExplainMissingPositionSample
2026-10-07T13:06:51.7213324Z --- PASS: TestGameplayRecommendationsExplainMissingPositionSample (0.00s)
2026-10-07T13:06:51.7214429Z === RUN   TestGameplayRecommendationsPreserveAllArenaAugments
2026-10-07T13:06:51.7215475Z --- PASS: TestGameplayRecommendationsPreserveAllArenaAugments (0.00s)
2026-10-07T13:06:51.7216586Z === RUN   TestGameplayRecommendationsHandlerResolvesPositionThroughHTTP
2026-10-07T13:06:51.7218215Z === RUN   TestGameplayRecommendationsHandlerResolvesPositionThroughHTTP/R220_practice_NONE_and_Smite_use_the_hero_primary_lane
2026-10-07T13:06:51.7220356Z --- PASS: TestGameplayRecommendationsHandlerResolvesPositionThroughHTTP/R220_practice_NONE_and_Smite_use_the_hero_primary_lane (0.00s)
2026-10-07T13:06:51.7223071Z === RUN   TestGameplayRecommendationsHandlerResolvesPositionThroughHTTP/missing_live_position_uses_the_OP.GG_primary_lane
2026-10-07T13:06:51.7225409Z --- PASS: TestGameplayRecommendationsHandlerResolvesPositionThroughHTTP/missing_live_position_uses_the_OP.GG_primary_lane (0.00s)
2026-10-07T13:06:51.7227571Z === RUN   TestGameplayRecommendationsHandlerResolvesPositionThroughHTTP/smite_lane_outside_the_candidates_uses_the_OP.GG_primary_lane
2026-10-07T13:06:51.7229833Z --- PASS: TestGameplayRecommendationsHandlerResolvesPositionThroughHTTP/smite_lane_outside_the_candidates_uses_the_OP.GG_primary_lane (0.00s)
2026-10-07T13:06:51.7232020Z === RUN   TestGameplayRecommendationsHandlerResolvesPositionThroughHTTP/Ryze_top_request_resolves_to_the_OP.GG_primary_mid_lane
2026-10-07T13:06:51.7234203Z --- PASS: TestGameplayRecommendationsHandlerResolvesPositionThroughHTTP/Ryze_top_request_resolves_to_the_OP.GG_primary_mid_lane (0.00s)
2026-10-07T13:06:51.7235652Z === RUN   TestGameplayRecommendationsHandlerResolvesPositionThroughHTTP/requested_lane_in_the_candidates_is_retained
2026-10-07T13:06:51.7238739Z --- PASS: TestGameplayRecommendationsHandlerResolvesPositionThroughHTTP/requested_lane_in_the_candidates_is_retained (0.00s)
2026-10-07T13:06:51.7241300Z === RUN   TestGameplayRecommendationsHandlerResolvesPositionThroughHTTP/a_secondary_candidate_remains_selectable
2026-10-07T13:06:51.7244397Z --- PASS: TestGameplayRecommendationsHandlerResolvesPositionThroughHTTP/a_secondary_candidate_remains_selectable (0.00s)
2026-10-07T13:06:51.7245457Z --- PASS: TestGameplayRecommendationsHandlerResolvesPositionThroughHTTP (0.00s)
2026-10-07T13:06:51.7246671Z === RUN   TestGameplayRecommendationsHandlerKeepsGameIDDiagnosticOnlyAndReturnsUsefulData
2026-10-07T13:06:51.7255257Z === RUN   TestGameplayRecommendationsHandlerKeepsGameIDDiagnosticOnlyAndReturnsUsefulData/real_ten_digit_game_id
2026-10-07T13:06:51.7267529Z --- PASS: TestGameplayRecommendationsHandlerKeepsGameIDDiagnosticOnlyAndReturnsUsefulData/real_ten_digit_game_id (0.00s)
2026-10-07T13:06:51.7269349Z === RUN   TestGameplayRecommendationsHandlerKeepsGameIDDiagnosticOnlyAndReturnsUsefulData/malformed_diagnostic_game_id
2026-10-07T13:06:51.7275349Z --- PASS: TestGameplayRecommendationsHandlerKeepsGameIDDiagnosticOnlyAndReturnsUsefulData/malformed_diagnostic_game_id (0.00s)
2026-10-07T13:06:51.7293430Z --- PASS: TestGameplayRecommendationsHandlerKeepsGameIDDiagnosticOnlyAndReturnsUsefulData (0.00s)
2026-10-07T13:06:51.7295230Z === RUN   TestGameplayRecommendationModeResolutionMatrix
2026-10-07T13:06:51.7296368Z === RUN   TestGameplayRecommendationModeResolutionMatrix/solo_queue_wins_over_payload
2026-10-07T13:06:51.7297965Z --- PASS: TestGameplayRecommendationModeResolutionMatrix/solo_queue_wins_over_payload (0.00s)
2026-10-07T13:06:51.7299914Z === RUN   TestGameplayRecommendationModeResolutionMatrix/flex_queue
2026-10-07T13:06:51.7301485Z --- PASS: TestGameplayRecommendationModeResolutionMatrix/flex_queue (0.00s)
2026-10-07T13:06:51.7302640Z === RUN   TestGameplayRecommendationModeResolutionMatrix/normal_queue
2026-10-07T13:06:51.7306398Z --- PASS: TestGameplayRecommendationModeResolutionMatrix/normal_queue (0.00s)
2026-10-07T13:06:51.7308625Z === RUN   TestGameplayRecommendationModeResolutionMatrix/classic_by_shape_before_queue_resolves
2026-10-07T13:06:51.7311105Z --- PASS: TestGameplayRecommendationModeResolutionMatrix/classic_by_shape_before_queue_resolves (0.00s)
2026-10-07T13:06:51.7312515Z === RUN   TestGameplayRecommendationModeResolutionMatrix/custom_classic_queue
2026-10-07T13:06:51.7313462Z --- PASS: TestGameplayRecommendationModeResolutionMatrix/custom_classic_queue (0.00s)
2026-10-07T13:06:51.7314207Z === RUN   TestGameplayRecommendationModeResolutionMatrix/custom_queue_3100
2026-10-07T13:06:51.7315243Z --- PASS: TestGameplayRecommendationModeResolutionMatrix/custom_queue_3100 (0.00s)
2026-10-07T13:06:51.7316160Z === RUN   TestGameplayRecommendationModeResolutionMatrix/aram_queue_has_no_top_players
2026-10-07T13:06:51.7318314Z --- PASS: TestGameplayRecommendationModeResolutionMatrix/aram_queue_has_no_top_players (0.00s)
2026-10-07T13:06:51.7319741Z === RUN   TestGameplayRecommendationModeResolutionMatrix/Tencent_ARAM_variant
2026-10-07T13:06:51.7321344Z --- PASS: TestGameplayRecommendationModeResolutionMatrix/Tencent_ARAM_variant (0.00s)
2026-10-07T13:06:51.7322134Z === RUN   TestGameplayRecommendationModeResolutionMatrix/arena_queue_has_no_top_players
2026-10-07T13:06:51.7322900Z --- PASS: TestGameplayRecommendationModeResolutionMatrix/arena_queue_has_no_top_players (0.00s)
2026-10-07T13:06:51.7323896Z === RUN   TestGameplayRecommendationModeResolutionMatrix/hextech_queue
2026-10-07T13:06:51.7325057Z --- PASS: TestGameplayRecommendationModeResolutionMatrix/hextech_queue (0.00s)
2026-10-07T13:06:51.7326332Z === RUN   TestGameplayRecommendationModeResolutionMatrix/queue_2400_is_ordinary_hextech
2026-10-07T13:06:51.7327489Z --- PASS: TestGameplayRecommendationModeResolutionMatrix/queue_2400_is_ordinary_hextech (0.00s)
2026-10-07T13:06:51.7328689Z === RUN   TestGameplayRecommendationModeResolutionMatrix/queue_3270_is_ordinary_hextech
2026-10-07T13:06:51.7329907Z --- PASS: TestGameplayRecommendationModeResolutionMatrix/queue_3270_is_ordinary_hextech (0.00s)
2026-10-07T13:06:51.7330705Z === RUN   TestGameplayRecommendationModeResolutionMatrix/classic_semantics_win_over_queue_2400
2026-10-07T13:06:51.7332128Z --- PASS: TestGameplayRecommendationModeResolutionMatrix/classic_semantics_win_over_queue_2400 (0.00s)
2026-10-07T13:06:51.7333359Z === RUN   TestGameplayRecommendationModeResolutionMatrix/classic_semantics_on_a_new_queue
2026-10-07T13:06:51.7334500Z --- PASS: TestGameplayRecommendationModeResolutionMatrix/classic_semantics_on_a_new_queue (0.00s)
2026-10-07T13:06:51.7335346Z === RUN   TestGameplayRecommendationModeResolutionMatrix/arena_by_shape
2026-10-07T13:06:51.7336537Z --- PASS: TestGameplayRecommendationModeResolutionMatrix/arena_by_shape (0.00s)
2026-10-07T13:06:51.7337651Z === RUN   TestGameplayRecommendationModeResolutionMatrix/aram_by_shape
2026-10-07T13:06:51.7338648Z --- PASS: TestGameplayRecommendationModeResolutionMatrix/aram_by_shape (0.00s)
2026-10-07T13:06:51.7339387Z === RUN   TestGameplayRecommendationModeResolutionMatrix/urf_queue
2026-10-07T13:06:51.7340645Z --- PASS: TestGameplayRecommendationModeResolutionMatrix/urf_queue (0.00s)
2026-10-07T13:06:51.7341471Z === RUN   TestGameplayRecommendationModeResolutionMatrix/urf_by_shape
2026-10-07T13:06:51.7342569Z --- PASS: TestGameplayRecommendationModeResolutionMatrix/urf_by_shape (0.00s)
2026-10-07T13:06:51.7343645Z === RUN   TestGameplayRecommendationModeResolutionMatrix/nexus_by_shape
2026-10-07T13:06:51.7344736Z --- PASS: TestGameplayRecommendationModeResolutionMatrix/nexus_by_shape (0.00s)
2026-10-07T13:06:51.7345538Z === RUN   TestGameplayRecommendationModeResolutionMatrix/unknown_fallback
2026-10-07T13:06:51.7346195Z --- PASS: TestGameplayRecommendationModeResolutionMatrix/unknown_fallback (0.00s)
2026-10-07T13:06:51.7346971Z --- PASS: TestGameplayRecommendationModeResolutionMatrix (0.00s)
2026-10-07T13:06:51.7347911Z === RUN   TestR66LivePremadeAssignmentsUseSharedGameIDsAndUnionFind
2026-10-07T13:06:51.7349111Z --- PASS: TestR66LivePremadeAssignmentsUseSharedGameIDsAndUnionFind (0.00s)
2026-10-07T13:06:51.7350235Z === RUN   TestR66LivePremadeAssignmentsFailClosedWhenHistoryCoverageIsLow
2026-10-07T13:06:51.7350921Z --- PASS: TestR66LivePremadeAssignmentsFailClosedWhenHistoryCoverageIsLow (0.00s)
2026-10-07T13:06:51.7351844Z === RUN   TestR68ArenaNeverAppliesSessionPremadeGroups
2026-10-07T13:06:51.7352607Z --- PASS: TestR68ArenaNeverAppliesSessionPremadeGroups (0.00s)
2026-10-07T13:06:51.7353096Z === RUN   TestR69SessionPremadesSurviveEmptyHistoryCoverage
2026-10-07T13:06:51.7353666Z --- PASS: TestR69SessionPremadesSurviveEmptyHistoryCoverage (0.00s)
2026-10-07T13:06:51.7354260Z === RUN   TestR69HistoryOnlyPremadeIsMarkedInferred
2026-10-07T13:06:51.7354834Z --- PASS: TestR69HistoryOnlyPremadeIsMarkedInferred (0.00s)
2026-10-07T13:06:51.7356552Z === RUN   TestR69SessionPremadesNeverCrossTeams
2026-10-07T13:06:51.7357296Z --- PASS: TestR69SessionPremadesNeverCrossTeams (0.00s)
2026-10-07T13:06:51.7358577Z === RUN   TestR69LiveHistoryStatesDistinguishUnavailableEmptyAndFailed
2026-10-07T13:06:51.7359519Z === RUN   TestR69LiveHistoryStatesDistinguishUnavailableEmptyAndFailed/empty
2026-10-07T13:06:51.7360845Z --- PASS: TestR69LiveHistoryStatesDistinguishUnavailableEmptyAndFailed/empty (0.00s)
2026-10-07T13:06:51.7361716Z === RUN   TestR69LiveHistoryStatesDistinguishUnavailableEmptyAndFailed/failed
2026-10-07T13:06:51.7362724Z --- PASS: TestR69LiveHistoryStatesDistinguishUnavailableEmptyAndFailed/failed (0.00s)
2026-10-07T13:06:51.7364242Z === RUN   TestR69LiveHistoryStatesDistinguishUnavailableEmptyAndFailed/failed_SGP_fallback_is_not_cached_as_empty
2026-10-07T13:06:51.7365244Z --- PASS: TestR69LiveHistoryStatesDistinguishUnavailableEmptyAndFailed/failed_SGP_fallback_is_not_cached_as_empty (0.00s)
2026-10-07T13:06:51.7366080Z --- PASS: TestR69LiveHistoryStatesDistinguishUnavailableEmptyAndFailed (0.01s)
2026-10-07T13:06:51.7366665Z === RUN   TestR69LivePositionSnapshotDiagnosticsExposeHitAndMiss
2026-10-07T13:06:51.7367234Z --- PASS: TestR69LivePositionSnapshotDiagnosticsExposeHitAndMiss (0.00s)
2026-10-07T13:06:51.7367956Z === RUN   TestR69GameflowShapeCountsOnlyNonzeroFields
2026-10-07T13:06:51.7368427Z --- PASS: TestR69GameflowShapeCountsOnlyNonzeroFields (0.00s)
2026-10-07T13:06:51.7368893Z === RUN   TestR69LiveClientPositionsUseEnrichedRiotIDs
2026-10-07T13:06:51.7463524Z --- PASS: TestR69LiveClientPositionsUseEnrichedRiotIDs (0.01s)
2026-10-07T13:06:51.7464407Z === RUN   TestR69MeasureLiveRosterConcurrency
2026-10-07T13:06:51.9933235Z     gameplay_test.go:4869: live concurrency=4 cold_ms=245 cold_lcu_requests=30 cold_req_per_s=122.0 warm_ms=0 warm_lcu_requests=0 warm_req_per_s=0.0
2026-10-07T13:06:52.1598301Z     gameplay_test.go:4869: live concurrency=6 cold_ms=165 cold_lcu_requests=30 cold_req_per_s=181.0 warm_ms=0 warm_lcu_requests=0 warm_req_per_s=0.0
2026-10-07T13:06:52.3260836Z     gameplay_test.go:4869: live concurrency=8 cold_ms=164 cold_lcu_requests=30 cold_req_per_s=182.8 warm_ms=1 warm_lcu_requests=0 warm_req_per_s=0.0
2026-10-07T13:06:52.3262399Z --- PASS: TestR69MeasureLiveRosterConcurrency (0.58s)
2026-10-07T13:06:52.3263339Z === RUN   TestR66LivePlayerMatchesCachePreventsRepeatedLCUReads
2026-10-07T13:06:52.3273982Z --- PASS: TestR66LivePlayerMatchesCachePreventsRepeatedLCUReads (0.00s)
2026-10-07T13:06:52.3274918Z === RUN   TestR168LiveIdentityDistinguishesPrivacyFromUnresolvedNames
2026-10-07T13:06:52.3275707Z --- PASS: TestR168LiveIdentityDistinguishesPrivacyFromUnresolvedNames (0.00s)
2026-10-07T13:06:52.3276372Z === RUN   TestR168LaneMatchupDiagnosticIsAcceptedAndKeepsOnlySafeFields
2026-10-07T13:06:52.3307588Z --- PASS: TestR168LaneMatchupDiagnosticIsAcceptedAndKeepsOnlySafeFields (0.00s)
2026-10-07T13:06:52.3308720Z === RUN   TestR168LiveHistoryWindowFindsOlderSameQueueGames
2026-10-07T13:06:52.3309718Z === RUN   TestR168LiveHistoryWindowFindsOlderSameQueueGames/mixed_queues
2026-10-07T13:06:52.3384006Z --- PASS: TestR168LiveHistoryWindowFindsOlderSameQueueGames/mixed_queues (0.01s)
2026-10-07T13:06:52.3384773Z === RUN   TestR168LiveHistoryWindowFindsOlderSameQueueGames/genuinely_sparse
2026-10-07T13:06:52.3485001Z --- PASS: TestR168LiveHistoryWindowFindsOlderSameQueueGames/genuinely_sparse (0.01s)
2026-10-07T13:06:52.3487002Z --- PASS: TestR168LiveHistoryWindowFindsOlderSameQueueGames (0.02s)
2026-10-07T13:06:52.3488051Z === RUN   TestLiveRecentGamesKeepNewestTenInCurrentQueue
2026-10-07T13:06:52.3488963Z --- PASS: TestLiveRecentGamesKeepNewestTenInCurrentQueue (0.00s)
2026-10-07T13:06:52.3490141Z === RUN   TestR170LiveModeStatsUseTheSameRecentQueueGames
2026-10-07T13:06:52.3491255Z === RUN   TestR170LiveModeStatsUseTheSameRecentQueueGames/fifteen_current-queue_games
2026-10-07T13:06:52.3492687Z --- PASS: TestR170LiveModeStatsUseTheSameRecentQueueGames/fifteen_current-queue_games (0.00s)
2026-10-07T13:06:52.3494914Z === RUN   TestR170LiveModeStatsUseTheSameRecentQueueGames/three_current-queue_games
2026-10-07T13:06:52.3496630Z --- PASS: TestR170LiveModeStatsUseTheSameRecentQueueGames/three_current-queue_games (0.00s)
2026-10-07T13:06:52.3498369Z --- PASS: TestR170LiveModeStatsUseTheSameRecentQueueGames (0.00s)
2026-10-07T13:06:52.3502696Z === RUN   TestGameplayLiveUnsupportedModeUsesSemanticTFTField
2026-10-07T13:06:52.3503732Z --- PASS: TestGameplayLiveUnsupportedModeUsesSemanticTFTField (0.00s)
2026-10-07T13:06:52.3504726Z === RUN   TestGameplayLiveReturnsExplicitTFTUnsupportedState
2026-10-07T13:06:52.3505448Z --- PASS: TestGameplayLiveReturnsExplicitTFTUnsupportedState (0.00s)
2026-10-07T13:06:52.3506024Z === RUN   TestGameplayRecommendationBundleEncodesEmptyAugmentsAsArray
2026-10-07T13:06:52.3506645Z --- PASS: TestGameplayRecommendationBundleEncodesEmptyAugmentsAsArray (0.00s)
2026-10-07T13:06:52.3507249Z === RUN   TestRecommendationModeDiagnosticIsRecordedOncePerGame
2026-10-07T13:06:52.3535948Z --- PASS: TestRecommendationModeDiagnosticIsRecordedOncePerGame (0.00s)
2026-10-07T13:06:52.3537056Z === RUN   TestUnknownQueueDiagnosticIsRecordedOncePerQueueID
2026-10-07T13:06:52.3612492Z --- PASS: TestUnknownQueueDiagnosticIsRecordedOncePerQueueID (0.01s)
2026-10-07T13:06:52.3613599Z === RUN   TestRecommendationRequestDiagnosticRecordsInvalidArrival
2026-10-07T13:06:52.3649304Z --- PASS: TestRecommendationRequestDiagnosticRecordsInvalidArrival (0.00s)
2026-10-07T13:06:52.3650473Z === RUN   TestDiagnosticDeduplicationResetsAfterLogRotation
2026-10-07T13:06:52.3739631Z --- PASS: TestDiagnosticDeduplicationResetsAfterLogRotation (0.01s)
2026-10-07T13:06:52.3742767Z === RUN   TestDiagnosticRotationCallbackRunsOutsideGeneralStorageMutex
2026-10-07T13:06:52.3819687Z --- PASS: TestDiagnosticRotationCallbackRunsOutsideGeneralStorageMutex (0.01s)
2026-10-07T13:06:52.3820949Z === RUN   TestRankedWinrateDiagnosticsAggregateByMinuteAndSource
2026-10-07T13:06:52.3860083Z --- PASS: TestRankedWinrateDiagnosticsAggregateByMinuteAndSource (0.00s)
2026-10-07T13:06:52.3860856Z === RUN   TestRankedWinrateDiagnosticAggregationKeepsSourceDimensionBounded
2026-10-07T13:06:52.3883268Z --- PASS: TestRankedWinrateDiagnosticAggregationKeepsSourceDimensionBounded (0.00s)
2026-10-07T13:06:52.3884058Z === RUN   TestDiagnosticEventShareStaysBelowThirtyPercent
2026-10-07T13:06:52.3916475Z --- PASS: TestDiagnosticEventShareStaysBelowThirtyPercent (0.00s)
2026-10-07T13:06:52.3917821Z === RUN   TestDiagnosticEventShareAggregatesDistinctRankedPayloadsBelowThirtyPercent
2026-10-07T13:06:52.3948502Z --- PASS: TestDiagnosticEventShareAggregatesDistinctRankedPayloadsBelowThirtyPercent (0.00s)
2026-10-07T13:06:52.3949398Z === RUN   TestNoisyDiagnosticDeduplicationResetsAfterLogRotation
2026-10-07T13:06:52.4064282Z --- PASS: TestNoisyDiagnosticDeduplicationResetsAfterLogRotation (0.01s)
2026-10-07T13:06:52.4065297Z === RUN   TestLiveRosterShapeDiagnosticDeduplicatesByFingerprint
2026-10-07T13:06:52.4095693Z --- PASS: TestLiveRosterShapeDiagnosticDeduplicatesByFingerprint (0.00s)
2026-10-07T13:06:52.4097558Z === RUN   TestR68LiveRosterShapeRecordsStatsProgressFiveSevenTen
2026-10-07T13:06:52.4133452Z --- PASS: TestR68LiveRosterShapeRecordsStatsProgressFiveSevenTen (0.00s)
2026-10-07T13:06:52.4134556Z === RUN   TestLCUSessionShapePayloadsContainOnlyStructuralStatistics
2026-10-07T13:06:52.4138797Z --- PASS: TestLCUSessionShapePayloadsContainOnlyStructuralStatistics (0.00s)
2026-10-07T13:06:52.4140374Z === RUN   TestLCUSessionShapeDiagnosticsDeduplicateByModeAndRotate
2026-10-07T13:06:52.4186905Z --- PASS: TestLCUSessionShapeDiagnosticsDeduplicateByModeAndRotate (0.00s)
2026-10-07T13:06:52.4192608Z === RUN   TestGameplayQueueModeClassificationMatrix
2026-10-07T13:06:52.4193905Z === RUN   TestGameplayQueueModeClassificationMatrix/ordinary_hextech_2300
2026-10-07T13:06:52.4195065Z --- PASS: TestGameplayQueueModeClassificationMatrix/ordinary_hextech_2300 (0.00s)
2026-10-07T13:06:52.4209664Z === RUN   TestGameplayQueueModeClassificationMatrix/ordinary_hextech_2400
2026-10-07T13:06:52.4210914Z --- PASS: TestGameplayQueueModeClassificationMatrix/ordinary_hextech_2400 (0.00s)
2026-10-07T13:06:52.4212469Z === RUN   TestGameplayQueueModeClassificationMatrix/qualifier_by_Chinese_label
2026-10-07T13:06:52.4213722Z --- PASS: TestGameplayQueueModeClassificationMatrix/qualifier_by_Chinese_label (0.00s)
2026-10-07T13:06:52.4214877Z === RUN   TestGameplayQueueModeClassificationMatrix/classic_by_game_mode
2026-10-07T13:06:52.4215988Z --- PASS: TestGameplayQueueModeClassificationMatrix/classic_by_game_mode (0.00s)
2026-10-07T13:06:52.4217028Z === RUN   TestGameplayQueueModeClassificationMatrix/classic_by_label
2026-10-07T13:06:52.4218148Z --- PASS: TestGameplayQueueModeClassificationMatrix/classic_by_label (0.00s)
2026-10-07T13:06:52.4219168Z === RUN   TestGameplayQueueModeClassificationMatrix/arena_1700
2026-10-07T13:06:52.4220127Z --- PASS: TestGameplayQueueModeClassificationMatrix/arena_1700 (0.00s)
2026-10-07T13:06:52.4221092Z === RUN   TestGameplayQueueModeClassificationMatrix/arena_1710
2026-10-07T13:06:52.4222076Z --- PASS: TestGameplayQueueModeClassificationMatrix/arena_1710 (0.00s)
2026-10-07T13:06:52.4223028Z === RUN   TestGameplayQueueModeClassificationMatrix/aram_450
2026-10-07T13:06:52.4224508Z --- PASS: TestGameplayQueueModeClassificationMatrix/aram_450 (0.00s)
2026-10-07T13:06:52.4225499Z === RUN   TestGameplayQueueModeClassificationMatrix/swiftplay_480
2026-10-07T13:06:52.4226517Z --- PASS: TestGameplayQueueModeClassificationMatrix/swiftplay_480 (0.00s)
2026-10-07T13:06:52.4227455Z === RUN   TestGameplayQueueModeClassificationMatrix/aram_930
2026-10-07T13:06:52.4228375Z --- PASS: TestGameplayQueueModeClassificationMatrix/aram_930 (0.00s)
2026-10-07T13:06:52.4229380Z === RUN   TestGameplayQueueModeClassificationMatrix/match_400
2026-10-07T13:06:52.4230339Z --- PASS: TestGameplayQueueModeClassificationMatrix/match_400 (0.00s)
2026-10-07T13:06:52.4231306Z === RUN   TestGameplayQueueModeClassificationMatrix/match_430
2026-10-07T13:06:52.4232156Z --- PASS: TestGameplayQueueModeClassificationMatrix/match_430 (0.00s)
2026-10-07T13:06:52.4232873Z === RUN   TestGameplayQueueModeClassificationMatrix/match_490
2026-10-07T13:06:52.4233703Z --- PASS: TestGameplayQueueModeClassificationMatrix/match_490 (0.00s)
2026-10-07T13:06:52.4234469Z === RUN   TestGameplayQueueModeClassificationMatrix/urf_1900
2026-10-07T13:06:52.4235451Z --- PASS: TestGameplayQueueModeClassificationMatrix/urf_1900 (0.00s)
2026-10-07T13:06:52.4236407Z === RUN   TestGameplayQueueModeClassificationMatrix/nexus_blitz
2026-10-07T13:06:52.4237442Z --- PASS: TestGameplayQueueModeClassificationMatrix/nexus_blitz (0.00s)
2026-10-07T13:06:52.4238303Z === RUN   TestGameplayQueueModeClassificationMatrix/bots
2026-10-07T13:06:52.4238807Z --- PASS: TestGameplayQueueModeClassificationMatrix/bots (0.00s)
2026-10-07T13:06:52.4239540Z === RUN   TestGameplayQueueModeClassificationMatrix/clash
2026-10-07T13:06:52.4240429Z --- PASS: TestGameplayQueueModeClassificationMatrix/clash (0.00s)
2026-10-07T13:06:52.4241428Z === RUN   TestGameplayQueueModeClassificationMatrix/doombots
2026-10-07T13:06:52.4242195Z --- PASS: TestGameplayQueueModeClassificationMatrix/doombots (0.00s)
2026-10-07T13:06:52.4242792Z === RUN   TestGameplayQueueModeClassificationMatrix/unknown_special
2026-10-07T13:06:52.4243731Z --- PASS: TestGameplayQueueModeClassificationMatrix/unknown_special (0.00s)
2026-10-07T13:06:52.4244496Z --- PASS: TestGameplayQueueModeClassificationMatrix (0.00s)
2026-10-07T13:06:52.4245331Z === RUN   TestGameplayRecommendationStatsDistinguishZeroFromMissing
2026-10-07T13:06:52.4246447Z --- PASS: TestGameplayRecommendationStatsDistinguishZeroFromMissing (0.00s)
2026-10-07T13:06:52.4247497Z === RUN   TestRecentRankedRecordDoesNotOverwriteSeasonRank
2026-10-07T13:06:52.4248439Z --- PASS: TestRecentRankedRecordDoesNotOverwriteSeasonRank (0.00s)
2026-10-07T13:06:52.4249445Z === RUN   TestItemSetApplyPreservesUserSetsAndStoresIdempotently
2026-10-07T13:06:52.4295682Z --- PASS: TestItemSetApplyPreservesUserSetsAndStoresIdempotently (0.01s)
2026-10-07T13:06:52.4297069Z === RUN   TestNewLCUItemSetNormalizesExplicitUnpurchasableIDsAndDeduplicates
2026-10-07T13:06:52.4298746Z --- PASS: TestNewLCUItemSetNormalizesExplicitUnpurchasableIDsAndDeduplicates (0.00s)
2026-10-07T13:06:52.4299826Z === RUN   TestItemSetNameUsesCompactPositionLabel
2026-10-07T13:06:52.4300615Z --- PASS: TestItemSetNameUsesCompactPositionLabel (0.00s)
2026-10-07T13:06:52.4301546Z === RUN   TestR58ItemSetUsesNonZeroSortRankAndRuneSafeTitleLimit
2026-10-07T13:06:52.4302976Z --- PASS: TestR58ItemSetUsesNonZeroSortRankAndRuneSafeTitleLimit (0.00s)
2026-10-07T13:06:52.4303962Z === RUN   TestItemSetApplyDecodeFailuresRecordStage
2026-10-07T13:06:52.4304762Z === RUN   TestItemSetApplyDecodeFailuresRecordStage/malformed
2026-10-07T13:06:52.4324729Z --- PASS: TestItemSetApplyDecodeFailuresRecordStage/malformed (0.00s)
2026-10-07T13:06:52.4325371Z === RUN   TestItemSetApplyDecodeFailuresRecordStage/unknown-field
2026-10-07T13:06:52.4352863Z --- PASS: TestItemSetApplyDecodeFailuresRecordStage/unknown-field (0.00s)
2026-10-07T13:06:52.4353604Z === RUN   TestItemSetApplyDecodeFailuresRecordStage/trailing-value
2026-10-07T13:06:52.4382404Z --- PASS: TestItemSetApplyDecodeFailuresRecordStage/trailing-value (0.00s)
2026-10-07T13:06:52.4383292Z === RUN   TestItemSetApplyDecodeFailuresRecordStage/oversized
2026-10-07T13:06:52.4412098Z --- PASS: TestItemSetApplyDecodeFailuresRecordStage/oversized (0.00s)
2026-10-07T13:06:52.4413335Z --- PASS: TestItemSetApplyDecodeFailuresRecordStage (0.01s)
2026-10-07T13:06:52.4414743Z === RUN   TestItemSetNormalizationRecordsSortedReplacementAndDropOrder
2026-10-07T13:06:52.4415978Z --- PASS: TestItemSetNormalizationRecordsSortedReplacementAndDropOrder (0.00s)
2026-10-07T13:06:52.4417247Z === RUN   TestItemSetNormalizationReportsWrittenCountsAfterUpgradeCollapse
2026-10-07T13:06:52.4418573Z --- PASS: TestItemSetNormalizationReportsWrittenCountsAfterUpgradeCollapse (0.00s)
2026-10-07T13:06:52.4419887Z === RUN   TestItemSetApplyHandlerReportsWrittenCountsAfterUpgradeCollapse
2026-10-07T13:06:52.4470808Z --- PASS: TestItemSetApplyHandlerReportsWrittenCountsAfterUpgradeCollapse (0.01s)
2026-10-07T13:06:52.4472032Z === RUN   TestUpsertLCUItemSetRemovesOnlyStaleDeepLegendsSets
2026-10-07T13:06:52.4473054Z --- PASS: TestUpsertLCUItemSetRemovesOnlyStaleDeepLegendsSets (0.00s)
2026-10-07T13:06:52.4474224Z === RUN   TestSortGameplayItemSetBlocksByPriceKeepsUnknownSlotsAndStableTies
2026-10-07T13:06:52.4475902Z --- PASS: TestSortGameplayItemSetBlocksByPriceKeepsUnknownSlotsAndStableTies (0.00s)
2026-10-07T13:06:52.4477102Z === RUN   TestItemSetApplyNeverReadsOrWritesSetsOutsideChampionSelect
2026-10-07T13:06:52.4484596Z --- PASS: TestItemSetApplyNeverReadsOrWritesSetsOutsideChampionSelect (0.00s)
2026-10-07T13:06:52.4485408Z === RUN   TestSecurityHeadersRemainStrictForGameplayPages
2026-10-07T13:06:52.4486017Z --- PASS: TestSecurityHeadersRemainStrictForGameplayPages (0.00s)
2026-10-07T13:06:52.4486560Z === RUN   TestHexdataRequestCarriesRefererAndUpstreamAccepts
2026-10-07T13:06:52.5010664Z --- PASS: TestHexdataRequestCarriesRefererAndUpstreamAccepts (0.05s)
2026-10-07T13:06:52.5011314Z === RUN   TestHexdataLoadFailsWhenRefererIsMissing
2026-10-07T13:06:52.5143029Z --- PASS: TestHexdataLoadFailsWhenRefererIsMissing (0.01s)
2026-10-07T13:06:52.5144047Z === RUN   TestHexdataAllowedPathCoversJSONAPIAndRejectsHeroList
2026-10-07T13:06:52.5145090Z --- PASS: TestHexdataAllowedPathCoversJSONAPIAndRejectsHeroList (0.00s)
2026-10-07T13:06:52.5146108Z === RUN   TestInspectHexdataPayloadValidatesMetaSnapshot
2026-10-07T13:06:52.5147099Z --- PASS: TestInspectHexdataPayloadValidatesMetaSnapshot (0.00s)
2026-10-07T13:06:52.5148489Z === RUN   TestInspectHexdataPayloadRejectsHeroJSONWithoutAugments
2026-10-07T13:06:52.5149809Z --- PASS: TestInspectHexdataPayloadRejectsHeroJSONWithoutAugments (0.00s)
2026-10-07T13:06:52.5151878Z === RUN   TestInspectHexdataPayloadAcceptsRealHeroJSONFixture
2026-10-07T13:06:52.5162063Z --- PASS: TestInspectHexdataPayloadAcceptsRealHeroJSONFixture (0.00s)
2026-10-07T13:06:52.5163283Z === RUN   TestInspectHexdataPayloadValidatesPostmatch
2026-10-07T13:06:52.5335182Z --- PASS: TestInspectHexdataPayloadValidatesPostmatch (0.02s)
2026-10-07T13:06:52.5335992Z === RUN   TestInspectHexdataPayloadValidatesHextechInsights
2026-10-07T13:06:52.5684447Z --- PASS: TestInspectHexdataPayloadValidatesHextechInsights (0.03s)
2026-10-07T13:06:52.5686126Z === RUN   TestHexdataJSONCitationComesFromMetaSnapshotAndPointsAtHTMLPage
2026-10-07T13:06:52.5687642Z --- PASS: TestHexdataJSONCitationComesFromMetaSnapshotAndPointsAtHTMLPage (0.00s)
2026-10-07T13:06:52.5689156Z === RUN   TestParseHexdataHeroJSONMatchesRealUpstreamFixture
2026-10-07T13:06:52.5699215Z --- PASS: TestParseHexdataHeroJSONMatchesRealUpstreamFixture (0.00s)
2026-10-07T13:06:52.5700606Z === RUN   TestParseHexdataHeroJSONDropsRowsWithUnparseableIDs
2026-10-07T13:06:52.5701686Z --- PASS: TestParseHexdataHeroJSONDropsRowsWithUnparseableIDs (0.00s)
2026-10-07T13:06:52.5702675Z === RUN   TestParseHexdataHeroJSONTrimsTriosToTopFiftyByGames
2026-10-07T13:06:52.5878645Z --- PASS: TestParseHexdataHeroJSONTrimsTriosToTopFiftyByGames (0.02s)
2026-10-07T13:06:52.5879741Z === RUN   TestR148MayhemDetailRunsHeroAndAggregatesConcurrently
2026-10-07T13:06:52.8889090Z --- PASS: TestR148MayhemDetailRunsHeroAndAggregatesConcurrently (0.30s)
2026-10-07T13:06:52.8890651Z === RUN   TestR148MayhemHeroFailureStillAttemptsOPGGRSC
2026-10-07T13:06:52.8891639Z === RUN   TestR148MayhemHeroFailureStillAttemptsOPGGRSC/http_504
2026-10-07T13:06:53.0977093Z --- PASS: TestR148MayhemHeroFailureStillAttemptsOPGGRSC/http_504 (0.21s)
2026-10-07T13:06:53.0978267Z === RUN   TestR148MayhemHeroFailureStillAttemptsOPGGRSC/timeout
2026-10-07T13:06:53.3130970Z --- PASS: TestR148MayhemHeroFailureStillAttemptsOPGGRSC/timeout (0.22s)
2026-10-07T13:06:53.3132188Z --- PASS: TestR148MayhemHeroFailureStillAttemptsOPGGRSC (0.42s)
2026-10-07T13:06:53.3133267Z === RUN   TestLoadMayhemDetailRequestsHeroJSONMetaAndTokenPage
2026-10-07T13:06:53.5655310Z --- PASS: TestLoadMayhemDetailRequestsHeroJSONMetaAndTokenPage (0.25s)
2026-10-07T13:06:53.5656803Z === RUN   TestLoadMayhemDetailColdHeroCostsFiveHexdataRequestsWithWarmSiteMetadata
2026-10-07T13:06:53.9208739Z --- PASS: TestLoadMayhemDetailColdHeroCostsFiveHexdataRequestsWithWarmSiteMetadata (0.36s)
2026-10-07T13:06:53.9210073Z === RUN   TestLoadMayhemDetailHeroTierStaysNilWithoutInsights
2026-10-07T13:06:54.1278262Z --- PASS: TestLoadMayhemDetailHeroTierStaysNilWithoutInsights (0.21s)
2026-10-07T13:06:54.1279543Z === RUN   TestLoadMayhemDetailItemIDsSurviveDuplicateAndSpecialCharacterNames
2026-10-07T13:06:54.3559744Z --- PASS: TestLoadMayhemDetailItemIDsSurviveDuplicateAndSpecialCharacterNames (0.23s)
2026-10-07T13:06:54.3560847Z === RUN   TestEmptyAugmentDescriptionDegradesToOfflinePlaceholder
2026-10-07T13:06:54.6243243Z --- PASS: TestEmptyAugmentDescriptionDegradesToOfflinePlaceholder (0.27s)
2026-10-07T13:06:54.6244562Z === RUN   TestHexdataJSONKindsSurviveSoftTTLBecauseTheyArePromoted
2026-10-07T13:06:55.2046112Z --- PASS: TestHexdataJSONKindsSurviveSoftTTLBecauseTheyArePromoted (0.58s)
2026-10-07T13:06:55.2047426Z === RUN   TestLoadHexdataPostmatchFetchesOnceAcrossTwoCalls
2026-10-07T13:06:55.3665773Z --- PASS: TestLoadHexdataPostmatchFetchesOnceAcrossTwoCalls (0.16s)
2026-10-07T13:06:55.3666943Z === RUN   TestLoadHexdataHextechInsightsFetchesOnceAndParsesIDs
2026-10-07T13:06:55.5538813Z --- PASS: TestLoadHexdataHextechInsightsFetchesOnceAndParsesIDs (0.19s)
2026-10-07T13:06:55.5539530Z === RUN   TestParseHexdataAggregatesDropUnparseableIDs
2026-10-07T13:06:55.5546292Z --- PASS: TestParseHexdataAggregatesDropUnparseableIDs (0.00s)
2026-10-07T13:06:55.5548270Z === RUN   TestHexdataDeadHTMLChainIsGone
2026-10-07T13:06:55.5561884Z --- PASS: TestHexdataDeadHTMLChainIsGone (0.00s)
2026-10-07T13:06:55.5562937Z === RUN   TestLoadMayhemDetailEmitsAugmentStagesInParentUnits
2026-10-07T13:06:55.7837298Z --- PASS: TestLoadMayhemDetailEmitsAugmentStagesInParentUnits (0.23s)
2026-10-07T13:06:55.7838594Z === RUN   TestLoadMayhemDetailKeepsMissingAugmentStagesAbsent
2026-10-07T13:06:56.0382565Z --- PASS: TestLoadMayhemDetailKeepsMissingAugmentStagesAbsent (0.25s)
2026-10-07T13:06:56.0383654Z === RUN   TestLoadMayhemDetailWithoutAnyStageRowsOmitsStagesKey
2026-10-07T13:06:56.2781998Z --- PASS: TestLoadMayhemDetailWithoutAnyStageRowsOmitsStagesKey (0.24s)
2026-10-07T13:06:56.2783163Z === RUN   TestMayhemDetailResponseSerializesAugmentStagesForFrontend
2026-10-07T13:06:56.5406748Z --- PASS: TestMayhemDetailResponseSerializesAugmentStagesForFrontend (0.26s)
2026-10-07T13:06:56.5407916Z === RUN   TestMayhemHeroStageRaritySumsToOnePerStageOnRealHero157
2026-10-07T13:06:56.5420220Z --- PASS: TestMayhemHeroStageRaritySumsToOnePerStageOnRealHero157 (0.00s)
2026-10-07T13:06:56.5421026Z === RUN   TestMayhemHeroStageRaritySkipsMissingStageRowsInsteadOfZeroFilling
2026-10-07T13:06:56.5435155Z --- PASS: TestMayhemHeroStageRaritySkipsMissingStageRowsInsteadOfZeroFilling (0.00s)
2026-10-07T13:06:56.5436086Z === RUN   TestMayhemHeroStageRarityMustNotUseTopLevelPickRate
2026-10-07T13:06:56.5448096Z --- PASS: TestMayhemHeroStageRarityMustNotUseTopLevelPickRate (0.00s)
2026-10-07T13:06:56.5449445Z === RUN   TestMayhemHeroStageRarityDegradesOnUnknownRarityAndIllegalStage
2026-10-07T13:06:56.5450869Z --- PASS: TestMayhemHeroStageRarityDegradesOnUnknownRarityAndIllegalStage (0.00s)
2026-10-07T13:06:56.5452094Z === RUN   TestMayhemNegativeRecommendationRequiresAllThreeCriteria
2026-10-07T13:06:56.5453296Z --- PASS: TestMayhemNegativeRecommendationRequiresAllThreeCriteria (0.00s)
2026-10-07T13:06:56.5454342Z === RUN   TestMayhemNegativeRecommendationMedianIsGroupedByRarity
2026-10-07T13:06:56.5455374Z --- PASS: TestMayhemNegativeRecommendationMedianIsGroupedByRarity (0.00s)
2026-10-07T13:06:56.5456401Z === RUN   TestMayhemNegativeRecommendationOnRealHero157Augments
2026-10-07T13:06:56.5470423Z --- PASS: TestMayhemNegativeRecommendationOnRealHero157Augments (0.00s)
2026-10-07T13:06:56.5471581Z === RUN   TestLoadMayhemDetailCarriesHeroStageRarityAndCautionFlags
2026-10-07T13:06:56.7838600Z --- PASS: TestLoadMayhemDetailCarriesHeroStageRarityAndCautionFlags (0.24s)
2026-10-07T13:06:56.7839448Z === RUN   TestLoadMayhemDetailSkipsCautionFlagsWhenSamplePolicyIsUnavailable
2026-10-07T13:06:56.7840199Z --- PASS: TestLoadMayhemDetailSkipsCautionFlagsWhenSamplePolicyIsUnavailable (0.00s)
2026-10-07T13:06:56.7840776Z === RUN   TestR149AnswerAndTokenPageStartTogether
2026-10-07T13:06:56.9534494Z --- PASS: TestR149AnswerAndTokenPageStartTogether (0.17s)
2026-10-07T13:06:56.9535553Z === RUN   TestR149MayhemCatalogsWarmConcurrentlyAndRestartFromDisk
2026-10-07T13:06:57.0032013Z --- PASS: TestR149MayhemCatalogsWarmConcurrentlyAndRestartFromDisk (0.05s)
2026-10-07T13:06:57.0033085Z === RUN   TestR149PrimaryDecorationStartsBeforeRSCFinishes
2026-10-07T13:06:57.2373322Z --- PASS: TestR149PrimaryDecorationStartsBeforeRSCFinishes (0.23s)
2026-10-07T13:06:57.2374513Z === RUN   TestHexdataUpstreamRejectionIsDiagnosedWithErrorCodeOnly
2026-10-07T13:06:57.2499401Z --- PASS: TestHexdataUpstreamRejectionIsDiagnosedWithErrorCodeOnly (0.01s)
2026-10-07T13:06:57.2500717Z === RUN   TestParseHexdataAugmentsAcceptsMetricSeparatorsAndURLShapes
2026-10-07T13:06:57.2502557Z === RUN   TestParseHexdataAugmentsAcceptsMetricSeparatorsAndURLShapes/·
2026-10-07T13:06:57.2511917Z --- PASS: TestParseHexdataAugmentsAcceptsMetricSeparatorsAndURLShapes/· (0.00s)
2026-10-07T13:06:57.2513372Z === RUN   TestParseHexdataAugmentsAcceptsMetricSeparatorsAndURLShapes/，
2026-10-07T13:06:57.2522773Z --- PASS: TestParseHexdataAugmentsAcceptsMetricSeparatorsAndURLShapes/， (0.00s)
2026-10-07T13:06:57.2524000Z === RUN   TestParseHexdataAugmentsAcceptsMetricSeparatorsAndURLShapes/,
2026-10-07T13:06:57.2533704Z --- PASS: TestParseHexdataAugmentsAcceptsMetricSeparatorsAndURLShapes/, (0.00s)
2026-10-07T13:06:57.2535837Z --- PASS: TestParseHexdataAugmentsAcceptsMetricSeparatorsAndURLShapes (0.00s)
2026-10-07T13:06:57.2537021Z === RUN   TestParseHexdataAugmentsAcceptsThreeColumnIconAndNameShape
2026-10-07T13:06:57.2550349Z --- PASS: TestParseHexdataAugmentsAcceptsThreeColumnIconAndNameShape (0.00s)
2026-10-07T13:06:57.2551548Z === RUN   TestHexdataHeroShapeReportsActualRecommendationAndItemCounts
2026-10-07T13:06:57.2552784Z --- PASS: TestHexdataHeroShapeReportsActualRecommendationAndItemCounts (0.00s)
2026-10-07T13:06:57.2554000Z === RUN   TestParseHexdataAugmentDetailAndRarityRequireExactRows
2026-10-07T13:06:57.2555024Z --- PASS: TestParseHexdataAugmentDetailAndRarityRequireExactRows (0.00s)
2026-10-07T13:06:57.2556089Z === RUN   TestHexdataShapeFailureDistinguishesParseFromEmptyPayload
2026-10-07T13:06:57.2557190Z --- PASS: TestHexdataShapeFailureDistinguishesParseFromEmptyPayload (0.00s)
2026-10-07T13:06:57.2558306Z === RUN   TestInspectHexdataPayloadReportsRawFieldsWhenRowsAreRejected
2026-10-07T13:06:57.2580953Z --- PASS: TestInspectHexdataPayloadReportsRawFieldsWhenRowsAreRejected (0.00s)
2026-10-07T13:06:57.2582164Z === RUN   TestParseHexdataAugmentDetailUsesGuideParagraphNotSEOBlurb
2026-10-07T13:06:57.2583322Z --- PASS: TestParseHexdataAugmentDetailUsesGuideParagraphNotSEOBlurb (0.00s)
2026-10-07T13:06:57.2584429Z === RUN   TestParseHexdataAugmentDetailRejectsUnanchoredGuideProse
2026-10-07T13:06:57.2585540Z --- PASS: TestParseHexdataAugmentDetailRejectsUnanchoredGuideProse (0.00s)
2026-10-07T13:06:57.2586450Z === RUN   TestParseMayhemRSCResolvesDelayedRows
2026-10-07T13:06:57.2587583Z --- PASS: TestParseMayhemRSCResolvesDelayedRows (0.00s)
2026-10-07T13:06:57.2588413Z === RUN   TestParseMayhemRSCRejectsNonItemCoreAssets
2026-10-07T13:06:57.2589348Z --- PASS: TestParseMayhemRSCRejectsNonItemCoreAssets (0.00s)
2026-10-07T13:06:57.2590263Z === RUN   TestReportRSCRejectedItemsEmitsActualIDAndReason
2026-10-07T13:06:57.2591230Z --- PASS: TestReportRSCRejectedItemsEmitsActualIDAndReason (0.00s)
2026-10-07T13:06:57.2592191Z === RUN   TestRSCSpellRowsIgnoreExpandedAugmentMetadata
2026-10-07T13:06:57.2593097Z --- PASS: TestRSCSpellRowsIgnoreExpandedAugmentMetadata (0.00s)
2026-10-07T13:06:57.2594124Z === RUN   TestMergeMayhemAugmentRowsPreservesPrimaryAndFillsNine
2026-10-07T13:06:57.2595220Z --- PASS: TestMergeMayhemAugmentRowsPreservesPrimaryAndFillsNine (0.00s)
2026-10-07T13:06:57.2596239Z === RUN   TestLocalAugmentGradesAndMeasurementAreExplicit
2026-10-07T13:06:57.2597155Z --- PASS: TestLocalAugmentGradesAndMeasurementAreExplicit (0.00s)
2026-10-07T13:06:57.2597924Z === RUN   TestParseMayhemRSCRealFixture
2026-10-07T13:06:57.2599227Z     hexdata_test.go:397: set MAYHEM_RSC_FIXTURE to an OP.GG aram-mayhem RSC payload
2026-10-07T13:06:57.2600090Z --- SKIP: TestParseMayhemRSCRealFixture (0.00s)
2026-10-07T13:06:57.2600833Z === RUN   TestHexdataColdRankingBudgetAndDiskRestart
2026-10-07T13:06:57.5350835Z --- PASS: TestHexdataColdRankingBudgetAndDiskRestart (0.28s)
2026-10-07T13:06:57.5353188Z === RUN   TestHexdataRankingRowsUseOfficialInsightsMetricsAndPageOrder
2026-10-07T13:06:57.5353984Z --- PASS: TestHexdataRankingRowsUseOfficialInsightsMetricsAndPageOrder (0.00s)
2026-10-07T13:06:57.5354777Z === RUN   TestHexdataSameHeroTenConcurrentLoadsUseOneRequestAndRestartUsesNone
2026-10-07T13:06:57.5884981Z --- PASS: TestHexdataSameHeroTenConcurrentLoadsUseOneRequestAndRestartUsesNone (0.05s)
2026-10-07T13:06:57.5886339Z === RUN   TestHexdataBuildSoftTTLRefreshesThroughUserRequestedPage
2026-10-07T13:06:57.6240158Z --- PASS: TestHexdataBuildSoftTTLRefreshesThroughUserRequestedPage (0.04s)
2026-10-07T13:06:57.6241279Z === RUN   TestHexdataCircuitStatePersistsAcrossRestart
2026-10-07T13:06:57.6531247Z --- PASS: TestHexdataCircuitStatePersistsAcrossRestart (0.03s)
2026-10-07T13:06:57.6532363Z === RUN   TestR154HeroJSONCircuitAppliesAcrossChampionIDs
2026-10-07T13:06:57.6533329Z --- PASS: TestR154HeroJSONCircuitAppliesAcrossChampionIDs (0.00s)
2026-10-07T13:06:57.6534289Z === RUN   TestHexdataRestartClearsLongLivedPersistedCircuit
2026-10-07T13:06:57.6670925Z --- PASS: TestHexdataRestartClearsLongLivedPersistedCircuit (0.01s)
2026-10-07T13:06:57.6672278Z === RUN   TestHexdataShapeCircuitBacksOffAndSuccessResetsIt
2026-10-07T13:06:57.7427384Z --- PASS: TestHexdataShapeCircuitBacksOffAndSuccessResetsIt (0.08s)
2026-10-07T13:06:57.7428458Z === RUN   TestHexdataCircuitStateWorksWithoutPersistentStore
2026-10-07T13:06:57.7429487Z --- PASS: TestHexdataCircuitStateWorksWithoutPersistentStore (0.00s)
2026-10-07T13:06:57.7430605Z === RUN   TestHexdataHTTP429OpensPersistentCircuitBeforeNextRequest
2026-10-07T13:06:57.7867270Z --- PASS: TestHexdataHTTP429OpensPersistentCircuitBeforeNextRequest (0.04s)
2026-10-07T13:06:57.7868733Z === RUN   TestHexdataEmptyPayloadKeepsLastSuccessfulCacheAndTripsOnlyAfterThreeFailures
2026-10-07T13:06:57.8507498Z --- PASS: TestHexdataEmptyPayloadKeepsLastSuccessfulCacheAndTripsOnlyAfterThreeFailures (0.06s)
2026-10-07T13:06:57.8508287Z === RUN   TestHexdataCircuitProbesLazilyOnNextLoadAndClosesOnSuccess
2026-10-07T13:06:57.8835001Z --- PASS: TestHexdataCircuitProbesLazilyOnNextLoadAndClosesOnSuccess (0.03s)
2026-10-07T13:06:57.8837449Z === RUN   TestNormalizeAugmentRarityIsShared
2026-10-07T13:06:57.8838792Z --- PASS: TestNormalizeAugmentRarityIsShared (0.00s)
2026-10-07T13:06:57.8839745Z === RUN   TestHexdataMethodologyValuesComeFromAnswerCards
2026-10-07T13:06:57.8841166Z --- PASS: TestHexdataMethodologyValuesComeFromAnswerCards (0.00s)
2026-10-07T13:06:57.8842010Z === RUN   TestHexdataRequestUsesHonestUserAgent
2026-10-07T13:06:57.8842737Z --- PASS: TestHexdataRequestUsesHonestUserAgent (0.00s)
2026-10-07T13:06:57.8843561Z === RUN   TestHexdataPaceAllowsFourIdleBurstRequestsThenJitters
2026-10-07T13:06:57.8844625Z --- PASS: TestHexdataPaceAllowsFourIdleBurstRequestsThenJitters (0.00s)
2026-10-07T13:06:57.8845603Z === RUN   TestHexdataPaceWaitDoesNotHoldGlobalMutex
2026-10-07T13:06:57.8846440Z --- PASS: TestHexdataPaceWaitDoesNotHoldGlobalMutex (0.00s)
2026-10-07T13:06:57.8847652Z === RUN   TestDecorateHexdataAugmentsKeepsOfflineDescriptionWhenAugmentsAreUnavailable
2026-10-07T13:06:57.8849238Z --- PASS: TestDecorateHexdataAugmentsKeepsOfflineDescriptionWhenAugmentsAreUnavailable (0.00s)
2026-10-07T13:06:57.8850656Z === RUN   TestDecorateHexdataAugmentsPersistsMissingMetadataDiagnostic
2026-10-07T13:06:57.8880363Z --- PASS: TestDecorateHexdataAugmentsPersistsMissingMetadataDiagnostic (0.00s)
2026-10-07T13:06:57.8881936Z === RUN   TestHexdataPageTokenAcquiredBeforeJSONAndRefreshedBeforeExpiry
2026-10-07T13:06:57.9089523Z --- PASS: TestHexdataPageTokenAcquiredBeforeJSONAndRefreshedBeforeExpiry (0.02s)
2026-10-07T13:06:57.9091033Z === RUN   TestHexdataPageTokenRefreshesOnceAndFinalFailureCountsOnce
2026-10-07T13:06:57.9188780Z --- PASS: TestHexdataPageTokenRefreshesOnceAndFinalFailureCountsOnce (0.01s)
2026-10-07T13:06:57.9189889Z === RUN   TestHexdataPageTokenRecoveredRequestDoesNotCountCircuitFailure
2026-10-07T13:06:57.9310348Z --- PASS: TestHexdataPageTokenRecoveredRequestDoesNotCountCircuitFailure (0.01s)
2026-10-07T13:06:57.9311132Z === RUN   TestHexdataTokenJarIsHostLimited
2026-10-07T13:06:57.9328123Z --- PASS: TestHexdataTokenJarIsHostLimited (0.00s)
2026-10-07T13:06:57.9328991Z === RUN   TestHexdataPageTokenTenConcurrentRequestsUseOnePage
2026-10-07T13:06:58.0358121Z --- PASS: TestHexdataPageTokenTenConcurrentRequestsUseOnePage (0.10s)
2026-10-07T13:06:58.0360025Z === RUN   TestHexdataPageTokenNeverAppearsInDiagnosticsOrDisk
2026-10-07T13:06:58.0460930Z --- PASS: TestHexdataPageTokenNeverAppearsInDiagnosticsOrDisk (0.01s)
2026-10-07T13:06:58.0461921Z === RUN   TestRankedItemDepthPresenceMatrix
2026-10-07T13:06:58.0462711Z === RUN   TestRankedItemDepthPresenceMatrix/rsc/stages_001
2026-10-07T13:06:58.0463631Z --- PASS: TestRankedItemDepthPresenceMatrix/rsc/stages_001 (0.00s)
2026-10-07T13:06:58.0464505Z === RUN   TestRankedItemDepthPresenceMatrix/rsc/stages_010
2026-10-07T13:06:58.0465015Z --- PASS: TestRankedItemDepthPresenceMatrix/rsc/stages_010 (0.00s)
2026-10-07T13:06:58.0466817Z === RUN   TestRankedItemDepthPresenceMatrix/rsc/stages_011
2026-10-07T13:06:58.0469999Z --- PASS: TestRankedItemDepthPresenceMatrix/rsc/stages_011 (0.00s)
2026-10-07T13:06:58.0471704Z === RUN   TestRankedItemDepthPresenceMatrix/rsc/stages_100
2026-10-07T13:06:58.0472248Z --- PASS: TestRankedItemDepthPresenceMatrix/rsc/stages_100 (0.00s)
2026-10-07T13:06:58.0472740Z === RUN   TestRankedItemDepthPresenceMatrix/rsc/stages_101
2026-10-07T13:06:58.0475508Z --- PASS: TestRankedItemDepthPresenceMatrix/rsc/stages_101 (0.00s)
2026-10-07T13:06:58.0476637Z === RUN   TestRankedItemDepthPresenceMatrix/rsc/stages_110
2026-10-07T13:06:58.0479810Z --- PASS: TestRankedItemDepthPresenceMatrix/rsc/stages_110 (0.00s)
2026-10-07T13:06:58.0480635Z === RUN   TestRankedItemDepthPresenceMatrix/rsc/stages_111
2026-10-07T13:06:58.0485029Z --- PASS: TestRankedItemDepthPresenceMatrix/rsc/stages_111 (0.00s)
2026-10-07T13:06:58.0485959Z === RUN   TestRankedItemDepthPresenceMatrix/html/stages_001
2026-10-07T13:06:58.0488730Z --- PASS: TestRankedItemDepthPresenceMatrix/html/stages_001 (0.00s)
2026-10-07T13:06:58.0489710Z === RUN   TestRankedItemDepthPresenceMatrix/html/stages_010
2026-10-07T13:06:58.0491890Z --- PASS: TestRankedItemDepthPresenceMatrix/html/stages_010 (0.00s)
2026-10-07T13:06:58.0493429Z === RUN   TestRankedItemDepthPresenceMatrix/html/stages_011
2026-10-07T13:06:58.0496723Z --- PASS: TestRankedItemDepthPresenceMatrix/html/stages_011 (0.00s)
2026-10-07T13:06:58.0497803Z === RUN   TestRankedItemDepthPresenceMatrix/html/stages_100
2026-10-07T13:06:58.0499236Z --- PASS: TestRankedItemDepthPresenceMatrix/html/stages_100 (0.00s)
2026-10-07T13:06:58.0500301Z === RUN   TestRankedItemDepthPresenceMatrix/html/stages_101
2026-10-07T13:06:58.0504361Z --- PASS: TestRankedItemDepthPresenceMatrix/html/stages_101 (0.00s)
2026-10-07T13:06:58.0505365Z === RUN   TestRankedItemDepthPresenceMatrix/html/stages_110
2026-10-07T13:06:58.0508549Z --- PASS: TestRankedItemDepthPresenceMatrix/html/stages_110 (0.00s)
2026-10-07T13:06:58.0509483Z === RUN   TestRankedItemDepthPresenceMatrix/html/stages_111
2026-10-07T13:06:58.0513981Z --- PASS: TestRankedItemDepthPresenceMatrix/html/stages_111 (0.00s)
2026-10-07T13:06:58.0516077Z --- PASS: TestRankedItemDepthPresenceMatrix (0.01s)
2026-10-07T13:06:58.0516995Z === RUN   TestRankedItemDepthFallbackPreservesAvailableStages
2026-10-07T13:06:58.0519034Z === RUN   TestRankedItemDepthFallbackPreservesAvailableStages/fourth_plus_fallback_fifth
2026-10-07T13:06:58.0520565Z --- PASS: TestRankedItemDepthFallbackPreservesAvailableStages/fourth_plus_fallback_fifth (0.00s)
2026-10-07T13:06:58.0522942Z === RUN   TestRankedItemDepthFallbackPreservesAvailableStages/fifth_plus_fallback_fourth
2026-10-07T13:06:58.0524438Z --- PASS: TestRankedItemDepthFallbackPreservesAvailableStages/fifth_plus_fallback_fourth (0.00s)
2026-10-07T13:06:58.0526458Z === RUN   TestRankedItemDepthFallbackPreservesAvailableStages/sixth_survives_incomplete_fallback
2026-10-07T13:06:58.0528987Z --- PASS: TestRankedItemDepthFallbackPreservesAvailableStages/sixth_survives_incomplete_fallback (0.00s)
2026-10-07T13:06:58.0530818Z === RUN   TestRankedItemDepthFallbackPreservesAvailableStages/overlapping_fallback_cannot_replace_primary
2026-10-07T13:06:58.0533045Z --- PASS: TestRankedItemDepthFallbackPreservesAvailableStages/overlapping_fallback_cannot_replace_primary (0.00s)
2026-10-07T13:06:58.0534658Z === RUN   TestRankedItemDepthFallbackPreservesAvailableStages/empty_fallback_keeps_primary
2026-10-07T13:06:58.0536122Z --- PASS: TestRankedItemDepthFallbackPreservesAvailableStages/empty_fallback_keeps_primary (0.00s)
2026-10-07T13:06:58.0537510Z === RUN   TestRankedItemDepthFallbackPreservesAvailableStages/all_primary_rows_failed
2026-10-07T13:06:58.0538843Z --- PASS: TestRankedItemDepthFallbackPreservesAvailableStages/all_primary_rows_failed (0.00s)
2026-10-07T13:06:58.0540215Z === RUN   TestRankedItemDepthFallbackPreservesAvailableStages/broken_sixth_remains_an_error
2026-10-07T13:06:58.0542126Z --- PASS: TestRankedItemDepthFallbackPreservesAvailableStages/broken_sixth_remains_an_error (0.00s)
2026-10-07T13:06:58.0544590Z === RUN   TestRankedItemDepthFallbackPreservesAvailableStages/fallback_repairs_sixth
2026-10-07T13:06:58.0546335Z --- PASS: TestRankedItemDepthFallbackPreservesAvailableStages/fallback_repairs_sixth (0.00s)
2026-10-07T13:06:58.0548143Z === RUN   TestRankedItemDepthFallbackPreservesAvailableStages/absent_fifth_does_not_replace_valid_source
2026-10-07T13:06:58.0549658Z --- PASS: TestRankedItemDepthFallbackPreservesAvailableStages/absent_fifth_does_not_replace_valid_source (0.00s)
2026-10-07T13:06:58.0550976Z --- PASS: TestRankedItemDepthFallbackPreservesAvailableStages (0.00s)
2026-10-07T13:06:58.0552233Z === RUN   TestRankedItemDepthDelayedStatisticsAndEmptySlots
2026-10-07T13:06:58.0553251Z --- PASS: TestRankedItemDepthDelayedStatisticsAndEmptySlots (0.00s)
2026-10-07T13:06:58.0554271Z === RUN   TestRankedItemDepthEmptyAndErrorPagesStayUnavailable
2026-10-07T13:06:58.0555338Z --- PASS: TestRankedItemDepthEmptyAndErrorPagesStayUnavailable (0.00s)
2026-10-07T13:06:58.0556349Z === RUN   TestRankedItemDepthPartialCacheKeepsOlderTimestamp
2026-10-07T13:06:58.0557370Z --- PASS: TestRankedItemDepthPartialCacheKeepsOlderTimestamp (0.00s)
2026-10-07T13:06:58.0558229Z === RUN   TestCapturedChampionItemDepthPages
2026-10-07T13:06:58.0559419Z     item_depth_completeness_test.go:188: set DEEP_LEGENDS_ITEM_DEPTH_MANIFESTS to captured-page manifests
2026-10-07T13:06:58.0560522Z --- SKIP: TestCapturedChampionItemDepthPages (0.00s)
2026-10-07T13:06:58.0561486Z === RUN   TestLegacyDiskMigrationPreservesForeignAndArchivesExactUIDs
2026-10-07T13:06:58.0923913Z --- PASS: TestLegacyDiskMigrationPreservesForeignAndArchivesExactUIDs (0.04s)
2026-10-07T13:06:58.0925537Z === RUN   TestLegacyDiskMigrationRejectsBackupSymlinkAndSessionChange
2026-10-07T13:06:58.0927086Z === RUN   TestLegacyDiskMigrationRejectsBackupSymlinkAndSessionChange/symlink
2026-10-07T13:06:58.1010163Z --- PASS: TestLegacyDiskMigrationRejectsBackupSymlinkAndSessionChange/symlink (0.01s)
2026-10-07T13:06:58.1011584Z === RUN   TestLegacyDiskMigrationRejectsBackupSymlinkAndSessionChange/session
2026-10-07T13:06:58.1086267Z --- PASS: TestLegacyDiskMigrationRejectsBackupSymlinkAndSessionChange/session (0.01s)
2026-10-07T13:06:58.1087617Z === RUN   TestLegacyDiskMigrationRejectsBackupSymlinkAndSessionChange/edit
2026-10-07T13:06:58.1191042Z --- PASS: TestLegacyDiskMigrationRejectsBackupSymlinkAndSessionChange/edit (0.01s)
2026-10-07T13:06:58.1192968Z --- PASS: TestLegacyDiskMigrationRejectsBackupSymlinkAndSessionChange (0.03s)
2026-10-07T13:06:58.1194573Z === RUN   TestLegacyDiskMigrationDoesNotFollowChampionSymlinkOrAlterSettings
2026-10-07T13:06:58.1353854Z --- PASS: TestLegacyDiskMigrationDoesNotFollowChampionSymlinkOrAlterSettings (0.02s)
2026-10-07T13:06:58.1355674Z === RUN   TestOptionalReadOnlyAPIsAndCapabilityDegradation
2026-10-07T13:06:58.1370338Z --- PASS: TestOptionalReadOnlyAPIsAndCapabilityDegradation (0.00s)
2026-10-07T13:06:58.1371625Z === RUN   TestOptionalCapability404DoesNotBecomeHardFailure
2026-10-07T13:06:58.1381827Z --- PASS: TestOptionalCapability404DoesNotBecomeHardFailure (0.00s)
2026-10-07T13:06:58.1383992Z === RUN   TestLCUClientCloseErasesCredential
2026-10-07T13:06:58.1384714Z --- PASS: TestLCUClientCloseErasesCredential (0.00s)
2026-10-07T13:06:58.1385404Z === RUN   TestRelevantLCUEventClassification
2026-10-07T13:06:58.1386013Z --- PASS: TestRelevantLCUEventClassification (0.00s)
2026-10-07T13:06:58.1386790Z === RUN   TestAccountEndpointDoesNotExposeStableIdentifiersOrToken
2026-10-07T13:06:58.1391167Z --- PASS: TestAccountEndpointDoesNotExposeStableIdentifiersOrToken (0.00s)
2026-10-07T13:06:58.1392249Z === RUN   TestChampionMasteryDecoderSupportsBothLCUShapes
2026-10-07T13:06:58.1394351Z --- PASS: TestChampionMasteryDecoderSupportsBothLCUShapes (0.00s)
2026-10-07T13:06:58.1395286Z === RUN   TestSkinAcquisitionDatesRequireOwnedPurchaseDate
2026-10-07T13:06:58.1397093Z --- PASS: TestSkinAcquisitionDatesRequireOwnedPurchaseDate (0.00s)
2026-10-07T13:06:58.1398059Z === RUN   TestSkinAcquisitionDatesUseVerifiedOwnershipAcrossTencentShapes
2026-10-07T13:06:58.1400148Z --- PASS: TestSkinAcquisitionDatesUseVerifiedOwnershipAcrossTencentShapes (0.00s)
2026-10-07T13:06:58.1400764Z === RUN   TestSkinAcquisitionDatesReadNestedTencentItemKey
2026-10-07T13:06:58.1401291Z --- PASS: TestSkinAcquisitionDatesReadNestedTencentItemKey (0.00s)
2026-10-07T13:06:58.1401869Z === RUN   TestSkinLootClassificationUsesClientTypeInsteadOfDisplayName
2026-10-07T13:06:58.1402503Z --- PASS: TestSkinLootClassificationUsesClientTypeInsteadOfDisplayName (0.00s)
2026-10-07T13:06:58.1403093Z === RUN   TestEnrichLootItemsUsesChineseNamesAndCatalogSkinNames
2026-10-07T13:06:58.1403655Z --- PASS: TestEnrichLootItemsUsesChineseNamesAndCatalogSkinNames (0.00s)
2026-10-07T13:06:58.1404304Z === RUN   TestEnrichLootItemsRetainsTheLCUPendingShell
2026-10-07T13:06:58.1405019Z --- PASS: TestEnrichLootItemsRetainsTheLCUPendingShell (0.00s)
2026-10-07T13:06:58.1405491Z === RUN   TestPromotionChestUsesRequestedChineseName
2026-10-07T13:06:58.1405934Z --- PASS: TestPromotionChestUsesRequestedChineseName (0.00s)
2026-10-07T13:06:58.1406501Z === RUN   TestGenericAndPromotionChestsStayDistinctAndUseCurrentClientArtwork
2026-10-07T13:06:58.1407199Z --- PASS: TestGenericAndPromotionChestsStayDistinctAndUseCurrentClientArtwork (0.00s)
2026-10-07T13:06:58.1407937Z === RUN   TestCommunityDragonLootMetadataNamesMasterworkChestAndKeepsPromotionFallback
2026-10-07T13:06:58.1409173Z --- PASS: TestCommunityDragonLootMetadataNamesMasterworkChestAndKeepsPromotionFallback (0.00s)
2026-10-07T13:06:58.1417776Z === RUN   TestLootDiagnosticsAllPersistWithReviewedFields
2026-10-07T13:06:58.1440611Z --- PASS: TestLootDiagnosticsAllPersistWithReviewedFields (0.00s)
2026-10-07T13:06:58.1441978Z === RUN   TestLootEmptyShellFilteringStillReportsItsShape
2026-10-07T13:06:58.1480710Z --- PASS: TestLootEmptyShellFilteringStillReportsItsShape (0.00s)
2026-10-07T13:06:58.1482720Z === RUN   TestLootIDPrefixCoversKnownLCUTypes
2026-10-07T13:06:58.1483535Z --- PASS: TestLootIDPrefixCoversKnownLCUTypes (0.00s)
2026-10-07T13:06:58.1484465Z === RUN   TestLCURequestDiagnosticsCaptureRealTLSAndConnectionReuse
2026-10-07T13:06:58.1521898Z --- PASS: TestLCURequestDiagnosticsCaptureRealTLSAndConnectionReuse (0.00s)
2026-10-07T13:06:58.1522983Z === RUN   TestRewardTitleFiltersClientPlaceholders
2026-10-07T13:06:58.1523835Z --- PASS: TestRewardTitleFiltersClientPlaceholders (0.00s)
2026-10-07T13:06:58.1524410Z === RUN   TestPendingGrantPlaceholderDoesNotInventPassSource
2026-10-07T13:06:58.1534032Z --- PASS: TestPendingGrantPlaceholderDoesNotInventPassSource (0.00s)
2026-10-07T13:06:58.1535701Z === RUN   TestOptionalCapabilityCancellationIsNotFailure
2026-10-07T13:06:58.1536679Z --- PASS: TestOptionalCapabilityCancellationIsNotFailure (0.00s)
2026-10-07T13:06:58.1538145Z === RUN   TestSanctumSparkWalletSupportsTencentWalletShapes
2026-10-07T13:06:58.1588521Z --- PASS: TestSanctumSparkWalletSupportsTencentWalletShapes (0.01s)
2026-10-07T13:06:58.1589999Z === RUN   TestOwnedChampionIDsDoNotConfuseNestedSkins
2026-10-07T13:06:58.1591960Z --- PASS: TestOwnedChampionIDsDoNotConfuseNestedSkins (0.00s)
2026-10-07T13:06:58.1593149Z === RUN   TestRPPriceRequiresExplicitRPCurrency
2026-10-07T13:06:58.1594017Z --- PASS: TestRPPriceRequiresExplicitRPCurrency (0.00s)
2026-10-07T13:06:58.1594876Z === RUN   TestSkinBorderRequiresMatchingSkinAugment
2026-10-07T13:06:58.1595408Z --- PASS: TestSkinBorderRequiresMatchingSkinAugment (0.00s)
2026-10-07T13:06:58.1596007Z === RUN   TestLCUEventRefreshScopes
2026-10-07T13:06:58.1596825Z === RUN   TestLCUEventRefreshScopes//lol-champions/v1/inventories/123
2026-10-07T13:06:58.1597883Z --- PASS: TestLCUEventRefreshScopes//lol-champions/v1/inventories/123 (0.00s)
2026-10-07T13:06:58.1599394Z === RUN   TestLCUEventRefreshScopes//lol-champion-mastery/v1/player/123
2026-10-07T13:06:58.1600950Z --- PASS: TestLCUEventRefreshScopes//lol-champion-mastery/v1/player/123 (0.00s)
2026-10-07T13:06:58.1602058Z === RUN   TestLCUEventRefreshScopes//lol-inventory/v2/inventory/CHAMPION_SKIN
2026-10-07T13:06:58.1603410Z --- PASS: TestLCUEventRefreshScopes//lol-inventory/v2/inventory/CHAMPION_SKIN (0.00s)
2026-10-07T13:06:58.1604076Z === RUN   TestLCUEventRefreshScopes//lol-summoner/v1/current-summoner
2026-10-07T13:06:58.1604685Z --- PASS: TestLCUEventRefreshScopes//lol-summoner/v1/current-summoner (0.00s)
2026-10-07T13:06:58.1605354Z === RUN   TestLCUEventRefreshScopes//lol-summoner/v1/current-summoner/summoner-profile
2026-10-07T13:06:58.1606083Z --- PASS: TestLCUEventRefreshScopes//lol-summoner/v1/current-summoner/summoner-profile (0.00s)
2026-10-07T13:06:58.1606640Z === RUN   TestLCUEventRefreshScopes//lol-chat/v1/me
2026-10-07T13:06:58.1607079Z --- PASS: TestLCUEventRefreshScopes//lol-chat/v1/me (0.00s)
2026-10-07T13:06:58.1607576Z === RUN   TestLCUEventRefreshScopes//lol-loot/v1/player-loot-map/item
2026-10-07T13:06:58.1608149Z --- PASS: TestLCUEventRefreshScopes//lol-loot/v1/player-loot-map/item (0.00s)
2026-10-07T13:06:58.1608711Z === RUN   TestLCUEventRefreshScopes//lol-rewards/v1/grants/1
2026-10-07T13:06:58.1609364Z --- PASS: TestLCUEventRefreshScopes//lol-rewards/v1/grants/1 (0.00s)
2026-10-07T13:06:58.1609801Z --- PASS: TestLCUEventRefreshScopes (0.00s)
2026-10-07T13:06:58.1610184Z === RUN   TestLCUEventStreamAcceptsMessageAboveOneMiB
2026-10-07T13:06:58.2026374Z --- PASS: TestLCUEventStreamAcceptsMessageAboveOneMiB (0.04s)
2026-10-07T13:06:58.2027411Z === RUN   TestLCUEventStreamReadLimitReportsRecentTopURIs
2026-10-07T13:06:58.2501762Z --- PASS: TestLCUEventStreamReadLimitReportsRecentTopURIs (0.05s)
2026-10-07T13:06:58.2502725Z === RUN   TestCollectionDebounceOnlyMarksDirty
2026-10-07T13:06:58.2503578Z --- PASS: TestCollectionDebounceOnlyMarksDirty (0.00s)
2026-10-07T13:06:58.2504293Z === RUN   TestDebouncedAccountAndCollectionScopesPreserveBothActions
2026-10-07T13:06:58.2505199Z --- PASS: TestDebouncedAccountAndCollectionScopesPreserveBothActions (0.00s)
2026-10-07T13:06:58.2505875Z === RUN   TestSuccessfulSnapshotCommitClearsOnlyExistingCollectionDirtyState
2026-10-07T13:06:58.2506603Z --- PASS: TestSuccessfulSnapshotCommitClearsOnlyExistingCollectionDirtyState (0.00s)
2026-10-07T13:06:58.2507227Z === RUN   TestRefreshWithClientSuccessClearsCollectionDirty
2026-10-07T13:06:58.2647054Z --- PASS: TestRefreshWithClientSuccessClearsCollectionDirty (0.01s)
2026-10-07T13:06:58.2647908Z === RUN   TestStatusReportsCollectionDirty
2026-10-07T13:06:58.2649314Z --- PASS: TestStatusReportsCollectionDirty (0.00s)
2026-10-07T13:06:58.2650279Z === RUN   TestSettleBlankLootEndsPendingStateWithoutMutatingTheSharedSlice
2026-10-07T13:06:58.2652095Z --- PASS: TestSettleBlankLootEndsPendingStateWithoutMutatingTheSharedSlice (0.00s)
2026-10-07T13:06:58.2653100Z === RUN   TestRetryExhaustionStopsPresentingTheBlankRecordAsNotSyncedYet
2026-10-07T13:06:58.2697563Z --- PASS: TestRetryExhaustionStopsPresentingTheBlankRecordAsNotSyncedYet (0.00s)
2026-10-07T13:06:58.2698701Z === RUN   TestRetryBudgetNotSpentYetDoesNotSettle
2026-10-07T13:06:58.2699407Z --- PASS: TestRetryBudgetNotSpentYetDoesNotSettle (0.00s)
2026-10-07T13:06:58.2699986Z === RUN   TestPlayerLootKeepsTheBlankRecordLastAndLogsOnlyItsFieldNames
2026-10-07T13:06:58.2736770Z --- PASS: TestPlayerLootKeepsTheBlankRecordLastAndLogsOnlyItsFieldNames (0.00s)
2026-10-07T13:06:58.2738525Z === RUN   TestBlankLootDropsImagePathsButKeepsDiagnosticAsset
2026-10-07T13:06:58.2739721Z --- PASS: TestBlankLootDropsImagePathsButKeepsDiagnosticAsset (0.00s)
2026-10-07T13:06:58.2740315Z === RUN   TestStripSolidPNGBackgroundRemovesOnlyTheBackground
2026-10-07T13:06:58.2754635Z --- PASS: TestStripSolidPNGBackgroundRemovesOnlyTheBackground (0.00s)
2026-10-07T13:06:58.2756303Z === RUN   TestStripSolidPNGBackgroundLeavesOtherImagesAlone
2026-10-07T13:06:58.2768353Z --- PASS: TestStripSolidPNGBackgroundLeavesOtherImagesAlone (0.00s)
2026-10-07T13:06:58.2769871Z === RUN   TestCommunityDragonImagePathsCoverFrontendLootIcons
2026-10-07T13:06:58.2770966Z --- PASS: TestCommunityDragonImagePathsCoverFrontendLootIcons (0.00s)
2026-10-07T13:06:58.2772284Z === RUN   TestHandleImageReturns404ForMissingLegacyLootIcons
2026-10-07T13:06:58.2773324Z --- PASS: TestHandleImageReturns404ForMissingLegacyLootIcons (0.00s)
2026-10-07T13:06:58.2774375Z === RUN   TestLootNamingAccountRefreshUsesClientCatalogs
2026-10-07T13:06:58.2808576Z --- PASS: TestLootNamingAccountRefreshUsesClientCatalogs (0.00s)
2026-10-07T13:06:58.2810329Z === RUN   TestLootNamingPublicCatalogFallbackIsCachedAndPrivate
2026-10-07T13:06:58.2839850Z --- PASS: TestLootNamingPublicCatalogFallbackIsCachedAndPrivate (0.00s)
2026-10-07T13:06:58.2840762Z === RUN   TestLootNamingSharedDeadlineAndOfflineFallback
2026-10-07T13:06:58.4349240Z --- PASS: TestLootNamingSharedDeadlineAndOfflineFallback (0.15s)
2026-10-07T13:06:58.4351616Z === RUN   TestLootNamingPreservesLocalNamesAndReportsUnresolvedCategories
2026-10-07T13:06:58.4352530Z --- PASS: TestLootNamingPreservesLocalNamesAndReportsUnresolvedCategories (0.00s)
2026-10-07T13:06:58.4353141Z === RUN   TestRankAbsoluteScore
2026-10-07T13:06:58.4353531Z --- PASS: TestRankAbsoluteScore (0.00s)
2026-10-07T13:06:58.4353927Z === RUN   TestRankFromScoreRoundTrip
2026-10-07T13:06:58.4354340Z --- PASS: TestRankFromScoreRoundTrip (0.00s)
2026-10-07T13:06:58.4354736Z === RUN   TestLPSnapshotTrustworthy
2026-10-07T13:06:58.4355129Z === RUN   TestLPSnapshotTrustworthy/complete
2026-10-07T13:06:58.4355591Z --- PASS: TestLPSnapshotTrustworthy/complete (0.00s)
2026-10-07T13:06:58.4356014Z === RUN   TestLPSnapshotTrustworthy/missing_losses
2026-10-07T13:06:58.4356666Z --- PASS: TestLPSnapshotTrustworthy/missing_losses (0.00s)
2026-10-07T13:06:58.4357220Z === RUN   TestLPSnapshotTrustworthy/unplayed
2026-10-07T13:06:58.4357603Z --- PASS: TestLPSnapshotTrustworthy/unplayed (0.00s)
2026-10-07T13:06:58.4357984Z === RUN   TestLPSnapshotTrustworthy/losses_only
2026-10-07T13:06:58.4358398Z --- PASS: TestLPSnapshotTrustworthy/losses_only (0.00s)
2026-10-07T13:06:58.4358783Z --- PASS: TestLPSnapshotTrustworthy (0.00s)
2026-10-07T13:06:58.4359194Z === RUN   TestLPTrackerObserveRejectsIncompleteSnapshot
2026-10-07T13:06:58.4366414Z --- PASS: TestLPTrackerObserveRejectsIncompleteSnapshot (0.00s)
2026-10-07T13:06:58.4367623Z === RUN   TestLPTrackerCaptureRecordsDiagnostics
2026-10-07T13:06:58.4521383Z --- PASS: TestLPTrackerCaptureRecordsDiagnostics (0.02s)
2026-10-07T13:06:58.4522294Z === RUN   TestLPTrackerCaptureTimeoutDiagnostics
2026-10-07T13:06:58.4629277Z --- PASS: TestLPTrackerCaptureTimeoutDiagnostics (0.01s)
2026-10-07T13:06:58.4629839Z === RUN   TestLPTrackerCaptureRejectsIncompleteSnapshot
2026-10-07T13:06:58.4732790Z --- PASS: TestLPTrackerCaptureRejectsIncompleteSnapshot (0.01s)
2026-10-07T13:06:58.4734297Z === RUN   TestLPTrackerCaptureReportsSkippedReasons
2026-10-07T13:06:58.4735276Z === RUN   TestLPTrackerCaptureReportsSkippedReasons/no_baseline
2026-10-07T13:06:58.4834841Z --- PASS: TestLPTrackerCaptureReportsSkippedReasons/no_baseline (0.01s)
2026-10-07T13:06:58.4835959Z === RUN   TestLPTrackerCaptureReportsSkippedReasons/games_jumped
2026-10-07T13:06:58.4971886Z --- PASS: TestLPTrackerCaptureReportsSkippedReasons/games_jumped (0.01s)
2026-10-07T13:06:58.4973127Z === RUN   TestLPTrackerCaptureReportsSkippedReasons/score_unresolved
2026-10-07T13:06:58.5080423Z --- PASS: TestLPTrackerCaptureReportsSkippedReasons/score_unresolved (0.01s)
2026-10-07T13:06:58.5081928Z --- PASS: TestLPTrackerCaptureReportsSkippedReasons (0.03s)
2026-10-07T13:06:58.5082820Z === RUN   TestLPTrackerCaptureReportsEarlyExitReasons
2026-10-07T13:06:58.5106633Z --- PASS: TestLPTrackerCaptureReportsEarlyExitReasons (0.00s)
2026-10-07T13:06:58.5107445Z === RUN   TestLPTrackerObserveAnnotatePersist
2026-10-07T13:06:58.5313244Z --- PASS: TestLPTrackerObserveAnnotatePersist (0.02s)
2026-10-07T13:06:58.5314153Z === RUN   TestLPTrackerInvalidatesLegacyPlaintextHistory
2026-10-07T13:06:58.5449549Z --- PASS: TestLPTrackerInvalidatesLegacyPlaintextHistory (0.01s)
2026-10-07T13:06:58.5450682Z === RUN   TestLPHistoryRejectsMoreThanTheRetentionLimit
2026-10-07T13:06:58.5451983Z --- PASS: TestLPHistoryRejectsMoreThanTheRetentionLimit (0.00s)
2026-10-07T13:06:58.5452807Z === RUN   TestItemSlotsKeepPositions
2026-10-07T13:06:58.5453440Z --- PASS: TestItemSlotsKeepPositions (0.00s)
2026-10-07T13:06:58.5454024Z === RUN   TestR182LossGapTwoUsesGameStartScore
2026-10-07T13:06:58.5648382Z --- PASS: TestR182LossGapTwoUsesGameStartScore (0.02s)
2026-10-07T13:06:58.5649645Z === RUN   TestR182ProjectedLossWinWithUnchangedGames
2026-10-07T13:06:58.5885133Z --- PASS: TestR182ProjectedLossWinWithUnchangedGames (0.02s)
2026-10-07T13:06:58.5886817Z === RUN   TestR182ScoreSettlesBeforeDelayedGameCount
2026-10-07T13:06:58.5887660Z === RUN   TestR182ScoreSettlesBeforeDelayedGameCount/score-first
2026-10-07T13:06:58.6101174Z --- PASS: TestR182ScoreSettlesBeforeDelayedGameCount/score-first (0.02s)
2026-10-07T13:06:58.6102377Z === RUN   TestR182ScoreSettlesBeforeDelayedGameCount/changes-twice
2026-10-07T13:06:58.6292180Z --- PASS: TestR182ScoreSettlesBeforeDelayedGameCount/changes-twice (0.02s)
2026-10-07T13:06:58.6292934Z === RUN   TestR182ScoreSettlesBeforeDelayedGameCount/never-stable
2026-10-07T13:06:58.6524015Z --- PASS: TestR182ScoreSettlesBeforeDelayedGameCount/never-stable (0.02s)
2026-10-07T13:06:58.6525422Z --- PASS: TestR182ScoreSettlesBeforeDelayedGameCount (0.06s)
2026-10-07T13:06:58.6526425Z === RUN   TestR182ProtectionTimeoutAndSourceMismatch
2026-10-07T13:06:58.6527003Z === RUN   TestR182ProtectionTimeoutAndSourceMismatch/unchanged
2026-10-07T13:06:58.6715277Z --- PASS: TestR182ProtectionTimeoutAndSourceMismatch/unchanged (0.02s)
2026-10-07T13:06:58.6717636Z === RUN   TestR182ProtectionTimeoutAndSourceMismatch/same-source-unchanged-after-fallback
2026-10-07T13:06:58.6940497Z --- PASS: TestR182ProtectionTimeoutAndSourceMismatch/same-source-unchanged-after-fallback (0.02s)
2026-10-07T13:06:58.6942396Z === RUN   TestR182ProtectionTimeoutAndSourceMismatch/false
2026-10-07T13:06:58.7161320Z --- PASS: TestR182ProtectionTimeoutAndSourceMismatch/false (0.02s)
2026-10-07T13:06:58.7162674Z === RUN   TestR182ProtectionTimeoutAndSourceMismatch/true
2026-10-07T13:06:58.7363944Z --- PASS: TestR182ProtectionTimeoutAndSourceMismatch/true (0.02s)
2026-10-07T13:06:58.7365356Z --- PASS: TestR182ProtectionTimeoutAndSourceMismatch (0.08s)
2026-10-07T13:06:58.7366024Z === RUN   TestR182ObserveCannotReplaceGameStart
2026-10-07T13:06:58.7626366Z --- PASS: TestR182ObserveCannotReplaceGameStart (0.03s)
2026-10-07T13:06:58.7627337Z === RUN   TestR182SeasonFallbackSkippedAndDiagnosticsDedup
2026-10-07T13:06:58.8000758Z --- PASS: TestR182SeasonFallbackSkippedAndDiagnosticsDedup (0.04s)
2026-10-07T13:06:58.8001558Z === RUN   TestR182HistorySchemaOneCompatibilityAndStartRoundTrip
2026-10-07T13:06:58.8119543Z --- PASS: TestR182HistorySchemaOneCompatibilityAndStartRoundTrip (0.01s)
2026-10-07T13:06:58.8120511Z === RUN   TestR182StartRetryBudgetAndPhaseDedup
2026-10-07T13:06:58.8381654Z --- PASS: TestR182StartRetryBudgetAndPhaseDedup (0.03s)
2026-10-07T13:06:58.8382477Z === RUN   TestR182DiagnosticPrivacyAndBaselineAge
2026-10-07T13:06:58.8577720Z --- PASS: TestR182DiagnosticPrivacyAndBaselineAge (0.02s)
2026-10-07T13:06:58.8578981Z === RUN   TestR182GameflowEventsStartThenSettlement
2026-10-07T13:06:58.8863049Z --- PASS: TestR182GameflowEventsStartThenSettlement (0.03s)
2026-10-07T13:06:58.8864011Z === RUN   TestR182NoStartKeepsFirstEligibleDecision
2026-10-07T13:06:58.9064700Z --- PASS: TestR182NoStartKeepsFirstEligibleDecision (0.02s)
2026-10-07T13:06:58.9066273Z === RUN   TestBootstrapSetsHttpOnlyCookieAndRedirects
2026-10-07T13:06:58.9067934Z --- PASS: TestBootstrapSetsHttpOnlyCookieAndRedirects (0.00s)
2026-10-07T13:06:58.9068693Z === RUN   TestLootIconPNGsUseRGBAColorType
2026-10-07T13:06:58.9098101Z --- PASS: TestLootIconPNGsUseRGBAColorType (0.00s)
2026-10-07T13:06:58.9099011Z === RUN   TestR117EmbeddedRasterBudgetsStayDownsampled
2026-10-07T13:06:58.9117917Z --- PASS: TestR117EmbeddedRasterBudgetsStayDownsampled (0.00s)
2026-10-07T13:06:58.9119211Z === RUN   TestBootstrapReissuesCookieForTrustedNavigation
2026-10-07T13:06:58.9120497Z --- PASS: TestBootstrapReissuesCookieForTrustedNavigation (0.00s)
2026-10-07T13:06:58.9121349Z === RUN   TestStatusIncludesBuildFingerprint
2026-10-07T13:06:58.9123538Z --- PASS: TestStatusIncludesBuildFingerprint (0.00s)
2026-10-07T13:06:58.9124560Z === RUN   TestEmbeddedFilesystemExcludesDevOnlyFiles
2026-10-07T13:06:58.9130526Z --- PASS: TestEmbeddedFilesystemExcludesDevOnlyFiles (0.00s)
2026-10-07T13:06:58.9132010Z === RUN   TestWoff2ContentTypeIsRegistered
2026-10-07T13:06:58.9432455Z --- PASS: TestWoff2ContentTypeIsRegistered (0.03s)
2026-10-07T13:06:58.9433084Z === RUN   TestFontAssetsServeWithCorrectContentType
2026-10-07T13:06:58.9447525Z --- PASS: TestFontAssetsServeWithCorrectContentType (0.00s)
2026-10-07T13:06:58.9449119Z === RUN   TestBootstrapIgnoresCrossSiteAndNonNavigationRequests
2026-10-07T13:06:58.9450219Z --- PASS: TestBootstrapIgnoresCrossSiteAndNonNavigationRequests (0.00s)
2026-10-07T13:06:58.9451198Z === RUN   TestSessionTokenPersistsAcrossRestarts
2026-10-07T13:06:58.9629083Z --- PASS: TestSessionTokenPersistsAcrossRestarts (0.02s)
2026-10-07T13:06:58.9630722Z === RUN   TestAuthorizedAcceptsCookieAndRejectsMissingToken
2026-10-07T13:06:58.9632440Z --- PASS: TestAuthorizedAcceptsCookieAndRejectsMissingToken (0.00s)
2026-10-07T13:06:58.9633369Z === RUN   TestImagePathTraversalRejected
2026-10-07T13:06:58.9634059Z --- PASS: TestImagePathTraversalRejected (0.00s)
2026-10-07T13:06:58.9634941Z === RUN   TestCommunityDragonImagePathsCoverPluginAndGameAssets
2026-10-07T13:06:58.9636041Z --- PASS: TestCommunityDragonImagePathsCoverPluginAndGameAssets (0.00s)
2026-10-07T13:06:58.9637067Z === RUN   TestPrestigeArtworkURLIsFixedToTencentImageHost
2026-10-07T13:06:58.9638030Z --- PASS: TestPrestigeArtworkURLIsFixedToTencentImageHost (0.00s)
2026-10-07T13:06:58.9639086Z === RUN   TestPrestigeImageRejectsUnknownCatalogIDWithoutNetwork
2026-10-07T13:06:58.9640212Z --- PASS: TestPrestigeImageRejectsUnknownCatalogIDWithoutNetwork (0.00s)
2026-10-07T13:06:58.9641634Z === RUN   TestSkinArtworkURLIsFixedToTencentImageHost
2026-10-07T13:06:58.9642569Z --- PASS: TestSkinArtworkURLIsFixedToTencentImageHost (0.00s)
2026-10-07T13:06:58.9643414Z === RUN   TestSkinArtRejectsInvalidIDWithoutNetwork
2026-10-07T13:06:58.9644240Z --- PASS: TestSkinArtRejectsInvalidIDWithoutNetwork (0.00s)
2026-10-07T13:06:58.9645055Z === RUN   TestSkinArtServesValidatedCachedArtwork
2026-10-07T13:06:58.9645947Z --- PASS: TestSkinArtServesValidatedCachedArtwork (0.00s)
2026-10-07T13:06:58.9646841Z === RUN   TestPrestigeImageServesOnlyValidatedCachedArtwork
2026-10-07T13:06:58.9647843Z --- PASS: TestPrestigeImageServesOnlyValidatedCachedArtwork (0.00s)
2026-10-07T13:06:58.9648781Z === RUN   TestDesktopReadyUsesSingleMachineReadableLine
2026-10-07T13:06:58.9649695Z --- PASS: TestDesktopReadyUsesSingleMachineReadableLine (0.00s)
2026-10-07T13:06:58.9650564Z === RUN   TestClientLaunchRejectsUnknownInstallation
2026-10-07T13:06:58.9693928Z --- PASS: TestClientLaunchRejectsUnknownInstallation (0.01s)
2026-10-07T13:06:58.9695376Z === RUN   TestMergeClientLaunchCandidatePreservesOrderAndDeduplicates
2026-10-07T13:06:58.9696553Z --- PASS: TestMergeClientLaunchCandidatePreservesOrderAndDeduplicates (0.00s)
2026-10-07T13:06:58.9697698Z === RUN   TestWindowsClientDetectionUsesOrderedProductionBuilder
2026-10-07T13:06:58.9698782Z --- PASS: TestWindowsClientDetectionUsesOrderedProductionBuilder (0.00s)
2026-10-07T13:06:58.9700235Z === RUN   TestBuildDetectedClientInstallationsPutsShortcutsLast
2026-10-07T13:06:58.9914620Z --- PASS: TestBuildDetectedClientInstallationsPutsShortcutsLast (0.02s)
2026-10-07T13:06:58.9917133Z === RUN   TestLaunchClientCandidatesFallsBackInOrderAndStopsOnSuccess
2026-10-07T13:06:58.9918403Z --- PASS: TestLaunchClientCandidatesFallsBackInOrderAndStopsOnSuccess (0.00s)
2026-10-07T13:06:58.9920426Z === RUN   TestLaunchClientCandidatesReturnsSanitizedFailures
2026-10-07T13:06:58.9921533Z --- PASS: TestLaunchClientCandidatesReturnsSanitizedFailures (0.00s)
2026-10-07T13:06:58.9923114Z === RUN   TestOfficialLoginLaunchUsesOnlyDetectedTCLSAndRecordsSafeDiagnostics
2026-10-07T13:06:58.9949310Z --- PASS: TestOfficialLoginLaunchUsesOnlyDetectedTCLSAndRecordsSafeDiagnostics (0.00s)
2026-10-07T13:06:58.9951708Z === RUN   TestOfficialLoginLaunchRejectsCredentialFieldsBeforeLaunching
2026-10-07T13:06:58.9953111Z --- PASS: TestOfficialLoginLaunchRejectsCredentialFieldsBeforeLaunching (0.00s)
2026-10-07T13:06:58.9955548Z === RUN   TestOfficialLoginLaunchRejectsTrailingJSONBeforeLaunching
2026-10-07T13:06:58.9956218Z --- PASS: TestOfficialLoginLaunchRejectsTrailingJSONBeforeLaunching (0.00s)
2026-10-07T13:06:58.9956855Z === RUN   TestOfficialLoginLaunchRejectsOversizedBodyBeforeLaunching
2026-10-07T13:06:58.9957465Z --- PASS: TestOfficialLoginLaunchRejectsOversizedBodyBeforeLaunching (0.00s)
2026-10-07T13:06:58.9958091Z === RUN   TestClientLaunchSerializesRequestsAndAppliesSuccessCooldown
2026-10-07T13:06:58.9958734Z --- PASS: TestClientLaunchSerializesRequestsAndAppliesSuccessCooldown (0.00s)
2026-10-07T13:06:58.9959290Z === RUN   TestClientLaunchFailureReleasesServerLock
2026-10-07T13:06:58.9959746Z --- PASS: TestClientLaunchFailureReleasesServerLock (0.00s)
2026-10-07T13:06:58.9960459Z === RUN   TestOfficialLoginLaunchFailureDoesNotLogUnderlyingError
2026-10-07T13:06:58.9986862Z --- PASS: TestOfficialLoginLaunchFailureDoesNotLogUnderlyingError (0.00s)
2026-10-07T13:06:58.9988344Z === RUN   TestClientInstallationsDoNotExposeExecutableField
2026-10-07T13:06:58.9989126Z --- PASS: TestClientInstallationsDoNotExposeExecutableField (0.00s)
2026-10-07T13:06:58.9989702Z === RUN   TestClientInstallationScanDiagnosticDoesNotExposePaths
2026-10-07T13:06:59.0018191Z --- PASS: TestClientInstallationScanDiagnosticDoesNotExposePaths (0.00s)
2026-10-07T13:06:59.0019051Z === RUN   TestClassifyClientShortcut
2026-10-07T13:06:59.0020119Z --- PASS: TestClassifyClientShortcut (0.00s)
2026-10-07T13:06:59.0020946Z === RUN   TestPoolSkinsReturnsOnlySelectedPoolCatalog
2026-10-07T13:06:59.0021722Z --- PASS: TestPoolSkinsReturnsOnlySelectedPoolCatalog (0.00s)
2026-10-07T13:06:59.0022471Z === RUN   TestSnapshotPhaseOnlyReportsConnectedAfterSnapshotIsReady
2026-10-07T13:06:59.0023092Z --- PASS: TestSnapshotPhaseOnlyReportsConnectedAfterSnapshotIsReady (0.00s)
2026-10-07T13:06:59.0023665Z === RUN   TestOverviewColdBackgroundBeforeCollectionAndStatus
2026-10-07T13:06:59.0298159Z --- PASS: TestOverviewColdBackgroundBeforeCollectionAndStatus (0.03s)
2026-10-07T13:06:59.0300645Z === RUN   TestOverviewDirectBackdropSurvivesUnavailableCatalog
2026-10-07T13:06:59.0337321Z --- PASS: TestOverviewDirectBackdropSurvivesUnavailableCatalog (0.00s)
2026-10-07T13:06:59.0339281Z === RUN   TestOverviewUnavailableArtKeepsVerifiedFallback
2026-10-07T13:06:59.0340697Z --- PASS: TestOverviewUnavailableArtKeepsVerifiedFallback (0.00s)
2026-10-07T13:06:59.0341338Z === RUN   TestOverviewSlowCatalogDoesNotSkipBackdropOrBlockStatus
2026-10-07T13:06:59.1872303Z --- PASS: TestOverviewSlowCatalogDoesNotSkipBackdropOrBlockStatus (0.15s)
2026-10-07T13:06:59.1873522Z === RUN   TestParseTimelineFramesAcceptsKnownWrappers
2026-10-07T13:06:59.1874787Z === RUN   TestParseTimelineFramesAcceptsKnownWrappers/info
2026-10-07T13:06:59.1875828Z --- PASS: TestParseTimelineFramesAcceptsKnownWrappers/info (0.00s)
2026-10-07T13:06:59.1877210Z === RUN   TestParseTimelineFramesAcceptsKnownWrappers/json
2026-10-07T13:06:59.1878218Z --- PASS: TestParseTimelineFramesAcceptsKnownWrappers/json (0.00s)
2026-10-07T13:06:59.1878814Z === RUN   TestParseTimelineFramesAcceptsKnownWrappers/bare
2026-10-07T13:06:59.1879415Z --- PASS: TestParseTimelineFramesAcceptsKnownWrappers/bare (0.00s)
2026-10-07T13:06:59.1880176Z === RUN   TestParseTimelineFramesAcceptsKnownWrappers/top-level
2026-10-07T13:06:59.1881179Z --- PASS: TestParseTimelineFramesAcceptsKnownWrappers/top-level (0.00s)
2026-10-07T13:06:59.1881759Z --- PASS: TestParseTimelineFramesAcceptsKnownWrappers (0.00s)
2026-10-07T13:06:59.1882402Z === RUN   TestTimelineWrapperSourceKeepsExplicitEmptyLayer
2026-10-07T13:06:59.1882912Z --- PASS: TestTimelineWrapperSourceKeepsExplicitEmptyLayer (0.00s)
2026-10-07T13:06:59.1883512Z === RUN   TestTimelineEventDiagnosticsCaptureKeysWithoutValues
2026-10-07T13:06:59.1884551Z --- PASS: TestTimelineEventDiagnosticsCaptureKeysWithoutValues (0.00s)
2026-10-07T13:06:59.1885636Z === RUN   TestTimelineEventDiagnosticsScanAcrossFramesAndPreferUsefulEvents
2026-10-07T13:06:59.1886617Z --- PASS: TestTimelineEventDiagnosticsScanAcrossFramesAndPreferUsefulEvents (0.00s)
2026-10-07T13:06:59.1887821Z === RUN   TestTimelineEventDiagnosticsFallbackUsesMostInformativeEvent
2026-10-07T13:06:59.1888705Z --- PASS: TestTimelineEventDiagnosticsFallbackUsesMostInformativeEvent (0.00s)
2026-10-07T13:06:59.1889297Z === RUN   TestTimelineParticipantEventValidity
2026-10-07T13:06:59.1889979Z --- PASS: TestTimelineParticipantEventValidity (0.00s)
2026-10-07T13:06:59.1890731Z === RUN   TestTimelineDecisionReturnsStructuredAttempts
2026-10-07T13:06:59.1892862Z --- PASS: TestTimelineDecisionReturnsStructuredAttempts (0.00s)
2026-10-07T13:06:59.1894410Z === RUN   TestExtractParticipantTimelineGroupsPurchasesByMinute
2026-10-07T13:06:59.1895604Z --- PASS: TestExtractParticipantTimelineGroupsPurchasesByMinute (0.00s)
2026-10-07T13:06:59.1896972Z === RUN   TestExtractParticipantTimelineAcceptsEventTypeAlias
2026-10-07T13:06:59.1897682Z --- PASS: TestExtractParticipantTimelineAcceptsEventTypeAlias (0.00s)
2026-10-07T13:06:59.1898236Z === RUN   TestExtractParticipantTimelineUndoCancelsPurchase
2026-10-07T13:06:59.1898782Z --- PASS: TestExtractParticipantTimelineUndoCancelsPurchase (0.00s)
2026-10-07T13:06:59.1899320Z === RUN   TestExtractParticipantTimelineSkipsEvolveSkillUps
2026-10-07T13:06:59.1899852Z --- PASS: TestExtractParticipantTimelineSkipsEvolveSkillUps (0.00s)
2026-10-07T13:06:59.1900348Z === RUN   TestMatchTimelineCacheEvictsOldestEntries
2026-10-07T13:06:59.1900791Z --- PASS: TestMatchTimelineCacheEvictsOldestEntries (0.00s)
2026-10-07T13:06:59.1901538Z === RUN   TestR136MayhemSamplerRetriesUntilBothShapesSucceed
2026-10-07T13:06:59.1933061Z --- PASS: TestR136MayhemSamplerRetriesUntilBothShapesSucceed (0.00s)
2026-10-07T13:06:59.1934136Z === RUN   TestR136MayhemSamplerStopsAtFiveMinutes
2026-10-07T13:06:59.1966461Z --- PASS: TestR136MayhemSamplerStopsAtFiveMinutes (0.00s)
2026-10-07T13:06:59.1967594Z === RUN   TestR136MayhemSamplerStopsWhenGameflowLeaves
2026-10-07T13:06:59.2047429Z --- PASS: TestR136MayhemSamplerStopsWhenGameflowLeaves (0.01s)
2026-10-07T13:06:59.2048350Z === RUN   TestR136MayhemSamplerIsSingletonPerGame
2026-10-07T13:06:59.2130619Z --- PASS: TestR136MayhemSamplerIsSingletonPerGame (0.01s)
2026-10-07T13:06:59.2131817Z === RUN   TestR136MayhemSamplerErrorKinds
2026-10-07T13:06:59.2132600Z --- PASS: TestR136MayhemSamplerErrorKinds (0.00s)
2026-10-07T13:06:59.2133597Z === RUN   TestObjectiveDiagnosticsReadonlyContractAndStateTransition
2026-10-07T13:06:59.2189955Z --- PASS: TestObjectiveDiagnosticsReadonlyContractAndStateTransition (0.01s)
2026-10-07T13:06:59.2191414Z === RUN   TestObjectiveDiagnosticsShapesBoundedAndOpaquePaths
2026-10-07T13:06:59.2192313Z --- PASS: TestObjectiveDiagnosticsShapesBoundedAndOpaquePaths (0.00s)
2026-10-07T13:06:59.2193037Z === RUN   TestOverviewCatalogPreservesBothCompositions
2026-10-07T13:06:59.2235134Z --- PASS: TestOverviewCatalogPreservesBothCompositions (0.00s)
2026-10-07T13:06:59.2236157Z === RUN   TestAcceptWindowDiagnosticsDoNotSerializeHandles
2026-10-07T13:06:59.2237533Z --- PASS: TestAcceptWindowDiagnosticsDoNotSerializeHandles (0.00s)
2026-10-07T13:06:59.2239034Z === RUN   TestObjectiveEventRecorderDoesNotBlockSocketOnDiagnosticLock
2026-10-07T13:06:59.2239771Z --- PASS: TestObjectiveEventRecorderDoesNotBlockSocketOnDiagnosticLock (0.00s)
2026-10-07T13:06:59.2240760Z === RUN   TestOverviewDoesNotMixCenteredPosterWithCollectionAnimation
2026-10-07T13:06:59.2241444Z --- PASS: TestOverviewDoesNotMixCenteredPosterWithCollectionAnimation (0.00s)
2026-10-07T13:06:59.2242154Z === RUN   TestMatchOPGGAverageTierUsesClosestValidGame
2026-10-07T13:06:59.2242852Z --- PASS: TestMatchOPGGAverageTierUsesClosestValidGame (0.00s)
2026-10-07T13:06:59.2243401Z === RUN   TestParseOPGGHistoricalRanksKeeps2023AndNewerRankedSeasons
2026-10-07T13:06:59.2244001Z --- PASS: TestParseOPGGHistoricalRanksKeeps2023AndNewerRankedSeasons (0.00s)
2026-10-07T13:06:59.2244555Z === RUN   TestParseOPGGHistoricalRanksPreservesMissingLP
2026-10-07T13:06:59.2245051Z --- PASS: TestParseOPGGHistoricalRanksPreservesMissingLP (0.00s)
2026-10-07T13:06:59.2245521Z === RUN   TestOPGGHistoricalRanksSkipsPrivatePlayer
2026-10-07T13:06:59.2245978Z --- PASS: TestOPGGHistoricalRanksSkipsPrivatePlayer (0.00s)
2026-10-07T13:06:59.2246456Z === RUN   TestOPGGHistoricalRanksStartDoesNotBlockCaller
2026-10-07T13:06:59.2344404Z --- PASS: TestOPGGHistoricalRanksStartDoesNotBlockCaller (0.01s)
2026-10-07T13:06:59.2345626Z === RUN   TestGameplayMatchTiersKeepsCNContract
2026-10-07T13:06:59.2364061Z --- PASS: TestGameplayMatchTiersKeepsCNContract (0.00s)
2026-10-07T13:06:59.2364565Z === RUN   TestPlayerRankScoreCoalescesConcurrentLookup
2026-10-07T13:06:59.2373929Z --- PASS: TestPlayerRankScoreCoalescesConcurrentLookup (0.00s)
2026-10-07T13:06:59.2375092Z === RUN   TestPlayerRankScoreAllConcurrentFollowersReceiveLeaderResult
2026-10-07T13:06:59.2385285Z --- PASS: TestPlayerRankScoreAllConcurrentFollowersReceiveLeaderResult (0.00s)
2026-10-07T13:06:59.2386514Z === RUN   TestPlayerRankScoreNegativeCacheStopsImmediateLCURetry
2026-10-07T13:06:59.2396069Z --- PASS: TestPlayerRankScoreNegativeCacheStopsImmediateLCURetry (0.00s)
2026-10-07T13:06:59.2397215Z === RUN   TestGameplayMatchTiersUsesOneGlobalLCUConcurrencyGate
2026-10-07T13:06:59.3239478Z --- PASS: TestGameplayMatchTiersUsesOneGlobalLCUConcurrencyGate (0.08s)
2026-10-07T13:06:59.3240373Z === RUN   TestGameplayMatchTiersPropagatesReferencePrivacy
2026-10-07T13:06:59.3250635Z --- PASS: TestGameplayMatchTiersPropagatesReferencePrivacy (0.00s)
2026-10-07T13:06:59.3251556Z === RUN   TestGameplayMatchTiersBatchesKRWithoutLCU
2026-10-07T13:06:59.3254716Z --- PASS: TestGameplayMatchTiersBatchesKRWithoutLCU (0.00s)
2026-10-07T13:06:59.3256007Z === RUN   TestGameplayMatchTiersKRFailureAndCancellationDegrade
2026-10-07T13:06:59.3257085Z --- PASS: TestGameplayMatchTiersKRFailureAndCancellationDegrade (0.00s)
2026-10-07T13:06:59.3258007Z === RUN   TestGameplayMatchTiersKRHTTPFailureAndExpiredReference
2026-10-07T13:06:59.3260183Z --- PASS: TestGameplayMatchTiersKRHTTPFailureAndExpiredReference (0.00s)
2026-10-07T13:06:59.3261181Z === RUN   TestOPGGGameTiersCacheExpandsForOlderPages
2026-10-07T13:06:59.3266837Z --- PASS: TestOPGGGameTiersCacheExpandsForOlderPages (0.00s)
2026-10-07T13:06:59.3268082Z === RUN   TestOPGGGameTiersCoalescesConcurrentRequests
2026-10-07T13:06:59.3475787Z --- PASS: TestOPGGGameTiersCoalescesConcurrentRequests (0.02s)
2026-10-07T13:06:59.3476951Z === RUN   TestLoadRiotOverviewLoadsOPGGHistoryWithoutMatchTierRequests
2026-10-07T13:06:59.3483565Z --- PASS: TestLoadRiotOverviewLoadsOPGGHistoryWithoutMatchTierRequests (0.00s)
2026-10-07T13:06:59.3484777Z === RUN   TestRiotRateLimitRecordsDiagnosticAndRequestScopedCount
2026-10-07T13:06:59.3486330Z --- PASS: TestRiotRateLimitRecordsDiagnosticAndRequestScopedCount (0.00s)
2026-10-07T13:06:59.3487540Z === RUN   TestR117OPGGHistoricalRanksCachesConfirmedEmptyButNotFailure
2026-10-07T13:06:59.3489886Z === RUN   TestR117OPGGHistoricalRanksCachesConfirmedEmptyButNotFailure/confirmed-empty
2026-10-07T13:06:59.3491942Z --- PASS: TestR117OPGGHistoricalRanksCachesConfirmedEmptyButNotFailure/confirmed-empty (0.00s)
2026-10-07T13:06:59.3493452Z === RUN   TestR117OPGGHistoricalRanksCachesConfirmedEmptyButNotFailure/failure-not-cached
2026-10-07T13:06:59.3495919Z --- PASS: TestR117OPGGHistoricalRanksCachesConfirmedEmptyButNotFailure/failure-not-cached (0.00s)
2026-10-07T13:06:59.3497670Z --- PASS: TestR117OPGGHistoricalRanksCachesConfirmedEmptyButNotFailure (0.00s)
2026-10-07T13:06:59.3498843Z === RUN   TestOPGGProfileSeparatesProviderIDs
2026-10-07T13:06:59.3499552Z --- PASS: TestOPGGProfileSeparatesProviderIDs (0.00s)
2026-10-07T13:06:59.3500276Z === RUN   TestOPGGCurrentPageFreshnessAndReferences
2026-10-07T13:06:59.3557592Z --- PASS: TestOPGGCurrentPageFreshnessAndReferences (0.01s)
2026-10-07T13:06:59.3558483Z === RUN   TestOPGGSeasonRejectsConflictingMetadata
2026-10-07T13:06:59.3559701Z --- PASS: TestOPGGSeasonRejectsConflictingMetadata (0.00s)
2026-10-07T13:06:59.3560377Z === RUN   TestOPGGUserReportCapture
2026-10-07T13:06:59.3561198Z     opgg_player_page_test.go:92: local user-report capture
2026-10-07T13:06:59.3561721Z --- SKIP: TestOPGGUserReportCapture (0.00s)
2026-10-07T13:06:59.3562204Z === RUN   TestOPGGSeasonSummaryUsesExplicitAllRowAndPerGameAverages
2026-10-07T13:06:59.3562855Z --- PASS: TestOPGGSeasonSummaryUsesExplicitAllRowAndPerGameAverages (0.00s)
2026-10-07T13:06:59.3563414Z === RUN   TestOPGGSeasonSummarySingleFlightCacheAndPrivacy
2026-10-07T13:06:59.3766177Z --- PASS: TestOPGGSeasonSummarySingleFlightCacheAndPrivacy (0.02s)
2026-10-07T13:06:59.3767215Z === RUN   TestOPGGSeasonSummaryHandlerRequiresOpaqueKRReference
2026-10-07T13:06:59.3973302Z --- PASS: TestOPGGSeasonSummaryHandlerRequiresOpaqueKRReference (0.02s)
2026-10-07T13:06:59.3974345Z === RUN   TestOPGGSeasonSummaryObservedResponse
2026-10-07T13:06:59.3975289Z     opgg_season_summary_test.go:141: explicit local fixture probe
2026-10-07T13:06:59.3976192Z --- SKIP: TestOPGGSeasonSummaryObservedResponse (0.00s)
2026-10-07T13:06:59.3977192Z === RUN   TestOverviewQuerySnapshotKeyIncludesAllRequestDimensions
2026-10-07T13:06:59.3978374Z --- PASS: TestOverviewQuerySnapshotKeyIncludesAllRequestDimensions (0.00s)
2026-10-07T13:06:59.3979859Z === RUN   TestOverviewQuerySnapshotReusesIdenticalResponse
2026-10-07T13:06:59.3980905Z --- PASS: TestOverviewQuerySnapshotReusesIdenticalResponse (0.00s)
2026-10-07T13:06:59.3982007Z === RUN   TestOverviewQueryCacheRemovesExpiredEntriesAndCapsCapacity
2026-10-07T13:06:59.4037908Z --- PASS: TestOverviewQueryCacheRemovesExpiredEntriesAndCapsCapacity (0.01s)
2026-10-07T13:06:59.4040509Z === RUN   TestOverviewQueryCacheRefreshesExistingEntryWithoutGrowing
2026-10-07T13:06:59.4041590Z --- PASS: TestOverviewQueryCacheRefreshesExistingEntryWithoutGrowing (0.00s)
2026-10-07T13:06:59.4042211Z === RUN   TestCanceledOverviewOwnerDoesNotPopulateSnapshot
2026-10-07T13:06:59.4042786Z --- PASS: TestCanceledOverviewOwnerDoesNotPopulateSnapshot (0.00s)
2026-10-07T13:06:59.4043416Z === RUN   TestSeasonQuerySnapshotKeyIncludesSourceAndQueueScope
2026-10-07T13:06:59.4044060Z --- PASS: TestSeasonQuerySnapshotKeyIncludesSourceAndQueueScope (0.00s)
2026-10-07T13:06:59.4044736Z === RUN   TestRiotOverviewQuerySnapshotKeyIncludesSourceAndPagination
2026-10-07T13:06:59.4045777Z --- PASS: TestRiotOverviewQuerySnapshotKeyIncludesSourceAndPagination (0.00s)
2026-10-07T13:06:59.4046489Z === RUN   TestOverviewCurrentGameObservedContract
2026-10-07T13:06:59.4148425Z --- PASS: TestOverviewCurrentGameObservedContract (0.01s)
2026-10-07T13:06:59.4149307Z === RUN   TestOverviewCurrentGameReadOnlyCacheAndPrivacy
2026-10-07T13:06:59.4187510Z --- PASS: TestOverviewCurrentGameReadOnlyCacheAndPrivacy (0.00s)
2026-10-07T13:06:59.4188140Z === RUN   TestOverviewCurrentGameRejectsCNWithoutRequests
2026-10-07T13:06:59.4200665Z --- PASS: TestOverviewCurrentGameRejectsCNWithoutRequests (0.00s)
2026-10-07T13:06:59.4201552Z === RUN   TestOverviewCurrentGamePublicProbe
2026-10-07T13:06:59.4203259Z     overview_current_game_test.go:162: opt-in public-network verification
2026-10-07T13:06:59.4204069Z --- SKIP: TestOverviewCurrentGamePublicProbe (0.00s)
2026-10-07T13:06:59.4204821Z === RUN   TestOPGGSupplementsRecoverColdChampionCatalog
2026-10-07T13:06:59.4205629Z === RUN   TestOPGGSupplementsRecoverColdChampionCatalog/season
2026-10-07T13:06:59.4224844Z --- PASS: TestOPGGSupplementsRecoverColdChampionCatalog/season (0.00s)
2026-10-07T13:06:59.4225876Z === RUN   TestOPGGSupplementsRecoverColdChampionCatalog/current
2026-10-07T13:06:59.4265529Z --- PASS: TestOPGGSupplementsRecoverColdChampionCatalog/current (0.00s)
2026-10-07T13:06:59.4266529Z === RUN   TestOPGGSupplementsRecoverColdChampionCatalog/none
2026-10-07T13:06:59.4281177Z --- PASS: TestOPGGSupplementsRecoverColdChampionCatalog/none (0.00s)
2026-10-07T13:06:59.4283317Z --- PASS: TestOPGGSupplementsRecoverColdChampionCatalog (0.01s)
2026-10-07T13:06:59.4284474Z === RUN   TestBuildGameplayAbilityProfileUsesSamePositionRankedBaseline
2026-10-07T13:06:59.4285662Z --- PASS: TestBuildGameplayAbilityProfileUsesSamePositionRankedBaseline (0.00s)
2026-10-07T13:06:59.4286789Z === RUN   TestBuildGameplayAbilityProfileRequiresThreeComparableGames
2026-10-07T13:06:59.4287925Z --- PASS: TestBuildGameplayAbilityProfileRequiresThreeComparableGames (0.00s)
2026-10-07T13:06:59.4289734Z === RUN   TestBuildGameplayAbilityProfileIgnoresNonRankedMatches
2026-10-07T13:06:59.4291171Z --- PASS: TestBuildGameplayAbilityProfileIgnoresNonRankedMatches (0.00s)
2026-10-07T13:06:59.4292772Z === RUN   TestBuildGameplayAbilityProfileFallsBackToFlexWhenSoloSamplesAreInsufficient
2026-10-07T13:06:59.4294766Z --- PASS: TestBuildGameplayAbilityProfileFallsBackToFlexWhenSoloSamplesAreInsufficient (0.00s)
2026-10-07T13:06:59.4296069Z === RUN   TestAbilityGradeRange
2026-10-07T13:06:59.4296664Z --- PASS: TestAbilityGradeRange (0.00s)
2026-10-07T13:06:59.4297720Z === RUN   TestAbilityProfileFallsBackToSeasonSnapshotWhenDetailWindowHasNoFlexGames
2026-10-07T13:06:59.4299253Z --- PASS: TestAbilityProfileFallsBackToSeasonSnapshotWhenDetailWindowHasNoFlexGames (0.00s)
2026-10-07T13:06:59.4300939Z === RUN   TestSeasonSnapshotAbilityIgnoresEntriesWithoutTheNewFields
2026-10-07T13:06:59.4302127Z --- PASS: TestSeasonSnapshotAbilityIgnoresEntriesWithoutTheNewFields (0.00s)
2026-10-07T13:06:59.4303228Z === RUN   TestSeasonRecordRankedMatchCapturesAbilitySample
2026-10-07T13:06:59.4304219Z --- PASS: TestSeasonRecordRankedMatchCapturesAbilitySample (0.00s)
2026-10-07T13:06:59.4305303Z === RUN   TestBuildGameplayRankedQueuesUsesOnlyTheSharedRecentSample
2026-10-07T13:06:59.4306476Z --- PASS: TestBuildGameplayRankedQueuesUsesOnlyTheSharedRecentSample (0.00s)
2026-10-07T13:06:59.4307691Z === RUN   TestBuildGameplayRankedQueuesCapsEveryRecentCardAtTwentyMatches
2026-10-07T13:06:59.4308979Z --- PASS: TestBuildGameplayRankedQueuesCapsEveryRecentCardAtTwentyMatches (0.00s)
2026-10-07T13:06:59.4310089Z === RUN   TestPrestigeArtworkDiskCacheSurvivesStoreRestart
2026-10-07T13:06:59.4568077Z --- PASS: TestPrestigeArtworkDiskCacheSurvivesStoreRestart (0.03s)
2026-10-07T13:06:59.4568860Z === RUN   TestPrestigeArtworkDiskCacheRejectsExpiredAndCorruptFiles
2026-10-07T13:06:59.4893354Z --- PASS: TestPrestigeArtworkDiskCacheRejectsExpiredAndCorruptFiles (0.03s)
2026-10-07T13:06:59.4894386Z === RUN   TestProSupplementIdentityAllKRAccountsAndRank
2026-10-07T13:06:59.4900756Z --- PASS: TestProSupplementIdentityAllKRAccountsAndRank (0.00s)
2026-10-07T13:06:59.4912508Z === RUN   TestProSupplementFailureDoesNotEraseOPGG
2026-10-07T13:06:59.4913912Z --- PASS: TestProSupplementFailureDoesNotEraseOPGG (0.00s)
2026-10-07T13:06:59.4915016Z === RUN   TestProCapturedSupplements
2026-10-07T13:06:59.4916659Z     pro_players_supplement_test.go:71: set PRO_PLAYERS_SUPPLEMENT_CAPTURE to directory containing locally captured identity HTML
2026-10-07T13:06:59.4918937Z --- SKIP: TestProCapturedSupplements (0.00s)
2026-10-07T13:06:59.4920165Z === RUN   TestProIdentityGraphDeduplicatesRenameChainsAndTransitiveConflicts
2026-10-07T13:06:59.4921394Z --- PASS: TestProIdentityGraphDeduplicatesRenameChainsAndTransitiveConflicts (0.00s)
2026-10-07T13:06:59.4922526Z === RUN   TestProSupplementRetainsOnlyBoundedIdentitySnapshot
2026-10-07T13:06:59.4923529Z --- PASS: TestProSupplementRetainsOnlyBoundedIdentitySnapshot (0.00s)
2026-10-07T13:06:59.4924879Z === RUN   TestProPublicFetchRejectsUnsafeRedirectsAndCookies
2026-10-07T13:06:59.4926093Z === RUN   TestProPublicFetchRejectsUnsafeRedirectsAndCookies/directoryhttps://op.gg:8443/
2026-10-07T13:06:59.4927958Z --- PASS: TestProPublicFetchRejectsUnsafeRedirectsAndCookies/directoryhttps://op.gg:8443/ (0.00s)
2026-10-07T13:06:59.4929472Z === RUN   TestProPublicFetchRejectsUnsafeRedirectsAndCookies/directoryhttps://example.com/
2026-10-07T13:06:59.4930957Z --- PASS: TestProPublicFetchRejectsUnsafeRedirectsAndCookies/directoryhttps://example.com/ (0.00s)
2026-10-07T13:06:59.4932416Z === RUN   TestProPublicFetchRejectsUnsafeRedirectsAndCookies/directoryhttp://op.gg/
2026-10-07T13:06:59.4933829Z --- PASS: TestProPublicFetchRejectsUnsafeRedirectsAndCookies/directoryhttp://op.gg/ (0.00s)
2026-10-07T13:06:59.4935306Z === RUN   TestProPublicFetchRejectsUnsafeRedirectsAndCookies/directoryhttps://op.gg/other
2026-10-07T13:06:59.4936774Z --- PASS: TestProPublicFetchRejectsUnsafeRedirectsAndCookies/directoryhttps://op.gg/other (0.00s)
2026-10-07T13:06:59.4939031Z === RUN   TestProPublicFetchRejectsUnsafeRedirectsAndCookies/directoryhttps://op.gg/zh-cn/lol/spectate/list/pro-gamer?region=na
2026-10-07T13:06:59.4941200Z --- PASS: TestProPublicFetchRejectsUnsafeRedirectsAndCookies/directoryhttps://op.gg/zh-cn/lol/spectate/list/pro-gamer?region=na (0.00s)
2026-10-07T13:06:59.4943087Z === RUN   TestProPublicFetchRejectsUnsafeRedirectsAndCookies/directoryhttps://www.trackingthepros.com/player/Other
2026-10-07T13:06:59.4945018Z --- PASS: TestProPublicFetchRejectsUnsafeRedirectsAndCookies/directoryhttps://www.trackingthepros.com/player/Other (0.00s)
2026-10-07T13:06:59.4946689Z === RUN   TestProPublicFetchRejectsUnsafeRedirectsAndCookies/directoryhttps://www.trackingthepros.com:8443/player/TheShy
2026-10-07T13:06:59.4947802Z --- PASS: TestProPublicFetchRejectsUnsafeRedirectsAndCookies/directoryhttps://www.trackingthepros.com:8443/player/TheShy (0.00s)
2026-10-07T13:06:59.4948756Z === RUN   TestProPublicFetchRejectsUnsafeRedirectsAndCookies/supplementhttps://op.gg:8443/
2026-10-07T13:06:59.4949898Z --- PASS: TestProPublicFetchRejectsUnsafeRedirectsAndCookies/supplementhttps://op.gg:8443/ (0.00s)
2026-10-07T13:06:59.4950735Z === RUN   TestProPublicFetchRejectsUnsafeRedirectsAndCookies/supplementhttps://example.com/
2026-10-07T13:06:59.4951553Z --- PASS: TestProPublicFetchRejectsUnsafeRedirectsAndCookies/supplementhttps://example.com/ (0.00s)
2026-10-07T13:06:59.4952469Z === RUN   TestProPublicFetchRejectsUnsafeRedirectsAndCookies/supplementhttp://op.gg/
2026-10-07T13:06:59.4953418Z --- PASS: TestProPublicFetchRejectsUnsafeRedirectsAndCookies/supplementhttp://op.gg/ (0.00s)
2026-10-07T13:06:59.4954186Z === RUN   TestProPublicFetchRejectsUnsafeRedirectsAndCookies/supplementhttps://op.gg/other
2026-10-07T13:06:59.4954990Z --- PASS: TestProPublicFetchRejectsUnsafeRedirectsAndCookies/supplementhttps://op.gg/other (0.00s)
2026-10-07T13:06:59.4955955Z === RUN   TestProPublicFetchRejectsUnsafeRedirectsAndCookies/supplementhttps://op.gg/zh-cn/lol/spectate/list/pro-gamer?region=na
2026-10-07T13:06:59.4957056Z --- PASS: TestProPublicFetchRejectsUnsafeRedirectsAndCookies/supplementhttps://op.gg/zh-cn/lol/spectate/list/pro-gamer?region=na (0.00s)
2026-10-07T13:06:59.4958498Z === RUN   TestProPublicFetchRejectsUnsafeRedirectsAndCookies/supplementhttps://www.trackingthepros.com/player/Other
2026-10-07T13:06:59.4959536Z --- PASS: TestProPublicFetchRejectsUnsafeRedirectsAndCookies/supplementhttps://www.trackingthepros.com/player/Other (0.00s)
2026-10-07T13:06:59.4960593Z === RUN   TestProPublicFetchRejectsUnsafeRedirectsAndCookies/supplementhttps://www.trackingthepros.com:8443/player/TheShy
2026-10-07T13:06:59.4961696Z --- PASS: TestProPublicFetchRejectsUnsafeRedirectsAndCookies/supplementhttps://www.trackingthepros.com:8443/player/TheShy (0.00s)
2026-10-07T13:06:59.4962516Z --- PASS: TestProPublicFetchRejectsUnsafeRedirectsAndCookies (0.00s)
2026-10-07T13:06:59.4963045Z === RUN   TestProDirectoryParsesAllFlightRecordsAndRequiresKR
2026-10-07T13:06:59.4963855Z --- PASS: TestProDirectoryParsesAllFlightRecordsAndRequiresKR (0.00s)
2026-10-07T13:06:59.4964520Z === RUN   TestProRosterIdentityMergeExcludesAcademyCoachesHistoricalAndCollisions
2026-10-07T13:06:59.4965418Z --- PASS: TestProRosterIdentityMergeExcludesAcademyCoachesHistoricalAndCollisions (0.00s)
2026-10-07T13:06:59.4965991Z === RUN   TestProAccountRankingAndMissingRank
2026-10-07T13:06:59.4966390Z --- PASS: TestProAccountRankingAndMissingRank (0.00s)
2026-10-07T13:06:59.4966839Z === RUN   TestParseOPGGLadderRankUsesRequestedHighlightedRow
2026-10-07T13:06:59.4967365Z --- PASS: TestParseOPGGLadderRankUsesRequestedHighlightedRow (0.00s)
2026-10-07T13:06:59.4967903Z === RUN   TestFetchAndEnrichProLadderRankUsesFixedKRLeaderboard
2026-10-07T13:06:59.4968453Z --- PASS: TestFetchAndEnrichProLadderRankUsesFixedKRLeaderboard (0.00s)
2026-10-07T13:06:59.4968967Z === RUN   TestProCacheSingleflightRefreshBackoffAndStale
2026-10-07T13:06:59.5182701Z --- PASS: TestProCacheSingleflightRefreshBackoffAndStale (0.02s)
2026-10-07T13:06:59.5203469Z === RUN   TestProDirectoryPublishesBeforeSlowSupplements
2026-10-07T13:06:59.5210823Z     pro_players_test.go:391: P2-2 精确计数：目录 1 次、补充源 0 次、后台补种子/阶梯 0 次
2026-10-07T13:06:59.5213898Z --- PASS: TestProDirectoryPublishesBeforeSlowSupplements (0.00s)
2026-10-07T13:06:59.5215612Z === RUN   TestProDirectoryFailureRetainsRosterAndAuth
2026-10-07T13:06:59.5216484Z --- PASS: TestProDirectoryFailureRetainsRosterAndAuth (0.00s)
2026-10-07T13:06:59.5217311Z === RUN   TestProCapturedDirectory
2026-10-07T13:06:59.5218319Z     pro_players_test.go:440: set PRO_PLAYERS_CAPTURE to a locally captured OP.GG KR HTML file
2026-10-07T13:06:59.5219234Z --- SKIP: TestProCapturedDirectory (0.00s)
2026-10-07T13:06:59.5219818Z === RUN   TestProCapturedLadder
2026-10-07T13:06:59.5221664Z     pro_players_test.go:470: set PRO_LADDER_CAPTURE, PRO_LADDER_GAME_NAME and PRO_LADDER_TAG_LINE to a local OP.GG leaderboard capture
2026-10-07T13:06:59.5222800Z --- SKIP: TestProCapturedLadder (0.00s)
2026-10-07T13:06:59.5223583Z === RUN   TestR97ProAccountOptionalRegionSurvivesKRDirectory
2026-10-07T13:06:59.5224512Z === RUN   TestR97ProAccountOptionalRegionSurvivesKRDirectory/null
2026-10-07T13:06:59.5225571Z --- PASS: TestR97ProAccountOptionalRegionSurvivesKRDirectory/null (0.00s)
2026-10-07T13:06:59.5227732Z === RUN   TestR97ProAccountOptionalRegionSurvivesKRDirectory/missing
2026-10-07T13:06:59.5229102Z --- PASS: TestR97ProAccountOptionalRegionSurvivesKRDirectory/missing (0.00s)
2026-10-07T13:06:59.5230211Z === RUN   TestR97ProAccountOptionalRegionSurvivesKRDirectory/empty
2026-10-07T13:06:59.5231331Z --- PASS: TestR97ProAccountOptionalRegionSurvivesKRDirectory/empty (0.00s)
2026-10-07T13:06:59.5232449Z === RUN   TestR97ProAccountOptionalRegionSurvivesKRDirectory/whitespace
2026-10-07T13:06:59.5233593Z --- PASS: TestR97ProAccountOptionalRegionSurvivesKRDirectory/whitespace (0.00s)
2026-10-07T13:06:59.5234725Z === RUN   TestR97ProAccountOptionalRegionSurvivesKRDirectory/KR
2026-10-07T13:06:59.5239202Z --- PASS: TestR97ProAccountOptionalRegionSurvivesKRDirectory/KR (0.00s)
2026-10-07T13:06:59.5240861Z === RUN   TestR97ProAccountOptionalRegionSurvivesKRDirectory/non-KR
2026-10-07T13:06:59.5248568Z --- PASS: TestR97ProAccountOptionalRegionSurvivesKRDirectory/non-KR (0.00s)
2026-10-07T13:06:59.5258176Z --- PASS: TestR97ProAccountOptionalRegionSurvivesKRDirectory (0.00s)
2026-10-07T13:06:59.5259881Z === RUN   TestR97ManagementAndBadgesShareReviewedSixTeams
2026-10-07T13:06:59.5285263Z --- PASS: TestR97ManagementAndBadgesShareReviewedSixTeams (0.00s)
2026-10-07T13:06:59.5286455Z === RUN   TestProRuneLiveCaptureReplay
2026-10-07T13:06:59.5287368Z     pro_runes_live_test.go:22: set R75_CAPTURE to the public capture directory
2026-10-07T13:06:59.5288123Z --- SKIP: TestProRuneLiveCaptureReplay (0.00s)
2026-10-07T13:06:59.5288720Z === RUN   TestProRuneLiveSupplementLatency
2026-10-07T13:06:59.5289535Z     pro_runes_live_test.go:126: set R75_LIVE=1 for public network requests
2026-10-07T13:06:59.5290728Z --- SKIP: TestProRuneLiveSupplementLatency (0.00s)
2026-10-07T13:06:59.5291346Z === RUN   TestProRuneLiveIndex
2026-10-07T13:06:59.5292499Z     pro_runes_live_test.go:193: set R75_LIVE=1 for public index validation
2026-10-07T13:06:59.5293303Z --- SKIP: TestProRuneLiveIndex (0.00s)
2026-10-07T13:06:59.5293889Z === RUN   TestProRuneWhiteLists
2026-10-07T13:06:59.5294414Z --- PASS: TestProRuneWhiteLists (0.00s)
2026-10-07T13:06:59.5295144Z === RUN   TestProRuneExactIdentityAndPersistentMapping
2026-10-07T13:06:59.5400256Z --- PASS: TestProRuneExactIdentityAndPersistentMapping (0.01s)
2026-10-07T13:06:59.5401205Z === RUN   TestProRuneNewestAndShards
2026-10-07T13:06:59.5401852Z --- PASS: TestProRuneNewestAndShards (0.00s)
2026-10-07T13:06:59.5402508Z === RUN   TestProRuneWinnerConstraints
2026-10-07T13:06:59.5403177Z --- PASS: TestProRuneWinnerConstraints (0.00s)
2026-10-07T13:06:59.5403963Z === RUN   TestProRunePublicTransportAndAlignedSupplement
2026-10-07T13:06:59.6190454Z --- PASS: TestProRunePublicTransportAndAlignedSupplement (0.08s)
2026-10-07T13:06:59.6191675Z === RUN   TestProRuneColdIndexNonblockingAndConcurrency
2026-10-07T13:06:59.6192628Z --- PASS: TestProRuneColdIndexNonblockingAndConcurrency (0.00s)
2026-10-07T13:06:59.6193818Z === RUN   TestProRuneRecommendationUnknownRecordAndOffline
2026-10-07T13:06:59.6196070Z --- PASS: TestProRuneRecommendationUnknownRecordAndOffline (0.00s)
2026-10-07T13:06:59.6197129Z === RUN   TestProRuneCapturedAllSeries
2026-10-07T13:06:59.6253100Z     pro_runes_test.go:335: R75 official capture: indexed=104 unknown=4 missing=1 rejected=0 unknown-rate=3.85%
2026-10-07T13:06:59.6254144Z --- PASS: TestProRuneCapturedAllSeries (0.01s)
2026-10-07T13:06:59.6254786Z === RUN   TestProRuneCapturedLivestatsSides
2026-10-07T13:06:59.6311364Z --- PASS: TestProRuneCapturedLivestatsSides (0.01s)
2026-10-07T13:06:59.6312268Z === RUN   TestProRuneHandlerValidation
2026-10-07T13:06:59.6313092Z --- PASS: TestProRuneHandlerValidation (0.00s)
2026-10-07T13:06:59.6313840Z === RUN   TestProRuneOpponentCatalogFailureIsBounded
2026-10-07T13:06:59.6314352Z --- PASS: TestProRuneOpponentCatalogFailureIsBounded (0.00s)
2026-10-07T13:06:59.6314838Z === RUN   TestProRuneCacheWriteFailureRemainsVisible
2026-10-07T13:06:59.6334212Z --- PASS: TestProRuneCacheWriteFailureRemainsVisible (0.00s)
2026-10-07T13:06:59.6335179Z === RUN   TestProRuneIndexGameRejectsLivestatsTeamMismatch
2026-10-07T13:06:59.6336091Z === RUN   TestProRuneIndexGameRejectsLivestatsTeamMismatch/valid
2026-10-07T13:06:59.6337134Z --- PASS: TestProRuneIndexGameRejectsLivestatsTeamMismatch/valid (0.00s)
2026-10-07T13:06:59.6338277Z === RUN   TestProRuneIndexGameRejectsLivestatsTeamMismatch/valid_reversed
2026-10-07T13:06:59.6339435Z --- PASS: TestProRuneIndexGameRejectsLivestatsTeamMismatch/valid_reversed (0.00s)
2026-10-07T13:06:59.6340631Z === RUN   TestProRuneIndexGameRejectsLivestatsTeamMismatch/unrelated_blue
2026-10-07T13:06:59.6341824Z --- PASS: TestProRuneIndexGameRejectsLivestatsTeamMismatch/unrelated_blue (0.00s)
2026-10-07T13:06:59.6342956Z === RUN   TestProRuneIndexGameRejectsLivestatsTeamMismatch/unrelated_red
2026-10-07T13:06:59.6344097Z --- PASS: TestProRuneIndexGameRejectsLivestatsTeamMismatch/unrelated_red (0.00s)
2026-10-07T13:06:59.6345185Z === RUN   TestProRuneIndexGameRejectsLivestatsTeamMismatch/same_A
2026-10-07T13:06:59.6346607Z --- PASS: TestProRuneIndexGameRejectsLivestatsTeamMismatch/same_A (0.00s)
2026-10-07T13:06:59.6347669Z === RUN   TestProRuneIndexGameRejectsLivestatsTeamMismatch/same_B
2026-10-07T13:06:59.6348716Z --- PASS: TestProRuneIndexGameRejectsLivestatsTeamMismatch/same_B (0.00s)
2026-10-07T13:06:59.6349793Z --- PASS: TestProRuneIndexGameRejectsLivestatsTeamMismatch (0.00s)
2026-10-07T13:06:59.6350597Z === RUN   TestProRunePartialFailureCounts
2026-10-07T13:06:59.6351265Z === RUN   TestProRunePartialFailureCounts/1-of-99
2026-10-07T13:06:59.6399536Z --- PASS: TestProRunePartialFailureCounts/1-of-99 (0.01s)
2026-10-07T13:06:59.6400691Z === RUN   TestProRunePartialFailureCounts/10-of-30
2026-10-07T13:06:59.6440474Z --- PASS: TestProRunePartialFailureCounts/10-of-30 (0.00s)
2026-10-07T13:06:59.6441656Z === RUN   TestProRunePartialFailureCounts/1-of-10
2026-10-07T13:06:59.6451092Z --- PASS: TestProRunePartialFailureCounts/1-of-10 (0.00s)
2026-10-07T13:06:59.6452248Z === RUN   TestProRunePartialFailureCounts/0-of-0
2026-10-07T13:06:59.6456099Z --- PASS: TestProRunePartialFailureCounts/0-of-0 (0.00s)
2026-10-07T13:06:59.6457404Z --- PASS: TestProRunePartialFailureCounts (0.01s)
2026-10-07T13:06:59.6458572Z === RUN   TestProRuneFailureCountsDeduplicateDetailAndTerminal
2026-10-07T13:06:59.6459710Z --- PASS: TestProRuneFailureCountsDeduplicateDetailAndTerminal (0.00s)
2026-10-07T13:06:59.6460744Z === RUN   TestProRuneFailureCountsAcrossIndexTerminalAndDetail
2026-10-07T13:06:59.6466317Z --- PASS: TestProRuneFailureCountsAcrossIndexTerminalAndDetail (0.00s)
2026-10-07T13:06:59.6467376Z === RUN   TestProRunePerPlayerLimitAndStrictPosition
2026-10-07T13:06:59.6468118Z --- PASS: TestProRunePerPlayerLimitAndStrictPosition (0.00s)
2026-10-07T13:06:59.6468659Z === RUN   TestProRuneMultiPlayerRecommendationKeepsFullRecord
2026-10-07T13:06:59.6473816Z --- PASS: TestProRuneMultiPlayerRecommendationKeepsFullRecord (0.00s)
2026-10-07T13:06:59.6474676Z === RUN   TestProHitParallelProcessesAllSelectedGames
2026-10-07T13:06:59.6579368Z --- PASS: TestProHitParallelProcessesAllSelectedGames (0.01s)
2026-10-07T13:06:59.6580174Z === RUN   TestProBackgroundWorkersLeaveForegroundSlot
2026-10-07T13:06:59.6785398Z --- PASS: TestProBackgroundWorkersLeaveForegroundSlot (0.02s)
2026-10-07T13:06:59.6786631Z === RUN   TestQQ101LatestPatchUsesVersionNameAndRejectsNumericID
2026-10-07T13:06:59.6788079Z --- PASS: TestQQ101LatestPatchUsesVersionNameAndRejectsNumericID (0.00s)
2026-10-07T13:06:59.6789239Z === RUN   TestQQ101TierMappingRejectsIncompatibleExactTiers
2026-10-07T13:06:59.6790674Z --- PASS: TestQQ101TierMappingRejectsIncompatibleExactTiers (0.00s)
2026-10-07T13:06:59.6791618Z === RUN   TestQQ101BuildRowsParseRatesAndItemCombinations
2026-10-07T13:06:59.6792530Z --- PASS: TestQQ101BuildRowsParseRatesAndItemCombinations (0.00s)
2026-10-07T13:06:59.6793534Z === RUN   TestQQ101BuildRowsPreserveExtremeRatesWithoutInventingGames
2026-10-07T13:06:59.6794396Z --- PASS: TestQQ101BuildRowsPreserveExtremeRatesWithoutInventingGames (0.00s)
2026-10-07T13:06:59.6795050Z === RUN   TestQQ101BuildRequestUsesPatchNameInVersionQuery
2026-10-07T13:06:59.6795662Z --- PASS: TestQQ101BuildRequestUsesPatchNameInVersionQuery (0.00s)
2026-10-07T13:06:59.6796288Z === RUN   TestOPGGVersionFailureUsesPatchScopedFallbackCacheKey
2026-10-07T13:06:59.6797247Z --- PASS: TestOPGGVersionFailureUsesPatchScopedFallbackCacheKey (0.00s)
2026-10-07T13:06:59.6798118Z === RUN   TestQQ101PositionsParseSingleAndDualLaneShares
2026-10-07T13:06:59.6798717Z --- PASS: TestQQ101PositionsParseSingleAndDualLaneShares (0.00s)
2026-10-07T13:06:59.6799277Z === RUN   TestMergeQQ101PositionSharesOnlyAppendsMissingLanes
2026-10-07T13:06:59.6799811Z --- PASS: TestMergeQQ101PositionSharesOnlyAppendsMissingLanes (0.00s)
2026-10-07T13:06:59.6800259Z === RUN   TestQQ101ProbeKeepsPartialResults
2026-10-07T13:06:59.9612758Z --- PASS: TestQQ101ProbeKeepsPartialResults (0.28s)
2026-10-07T13:06:59.9613323Z === RUN   TestQQ101ProbeCooldownIsScopedByPatch
2026-10-07T13:07:00.0126593Z --- PASS: TestQQ101ProbeCooldownIsScopedByPatch (0.05s)
2026-10-07T13:07:00.0127857Z === RUN   TestQQ101FeatureGateStopsUpstreamRequests
2026-10-07T13:07:00.0129008Z --- PASS: TestQQ101FeatureGateStopsUpstreamRequests (0.00s)
2026-10-07T13:07:00.0131278Z === RUN   TestStructuredDetailUsesQQ101SharesAndExplicitOPGGVersion
2026-10-07T13:07:00.0143929Z --- PASS: TestStructuredDetailUsesQQ101SharesAndExplicitOPGGVersion (0.00s)
2026-10-07T13:07:00.0144965Z === RUN   TestStructuredDetailFallsBackWhenQQ101PositionsAreEmpty
2026-10-07T13:07:00.0145922Z --- PASS: TestStructuredDetailFallsBackWhenQQ101PositionsAreEmpty (0.00s)
2026-10-07T13:07:00.0161339Z === RUN   TestStructuredDetailFallsBackWhenQQ101BuildTimesOut
2026-10-07T13:07:00.0249656Z --- PASS: TestStructuredDetailFallsBackWhenQQ101BuildTimesOut (0.01s)
2026-10-07T13:07:00.0251055Z === RUN   TestStructuredDetailReportsBothItemDepthFailures
2026-10-07T13:07:00.0252925Z --- PASS: TestStructuredDetailReportsBothItemDepthFailures (0.00s)
2026-10-07T13:07:00.0254454Z === RUN   TestStructuredDetailQQ101TimeoutDoesNotLeakGoroutines
2026-10-07T13:07:00.1379109Z     qq101_test.go:548: P2-1 无泄漏：baseline=14 now=14 qq101Hits=2
2026-10-07T13:07:00.1380212Z --- PASS: TestStructuredDetailQQ101TimeoutDoesNotLeakGoroutines (0.11s)
2026-10-07T13:07:00.1381302Z === RUN   TestEmptyOwnedInventoryIsValidWhenTwoSourcesAgree
2026-10-07T13:07:00.1394761Z --- PASS: TestEmptyOwnedInventoryIsValidWhenTwoSourcesAgree (0.00s)
2026-10-07T13:07:00.1397637Z === RUN   TestEmptyAndNonEmptyOwnedSourcesDisagree
2026-10-07T13:07:00.1418677Z --- PASS: TestEmptyAndNonEmptyOwnedSourcesDisagree (0.00s)
2026-10-07T13:07:00.1420478Z === RUN   TestOneExplicitFullCoverageSourceIsSufficient
2026-10-07T13:07:00.1434557Z --- PASS: TestOneExplicitFullCoverageSourceIsSufficient (0.00s)
2026-10-07T13:07:00.1435562Z === RUN   TestTransientOwnedSourceFailureStopsCalculation
2026-10-07T13:07:00.1451411Z --- PASS: TestTransientOwnedSourceFailureStopsCalculation (0.00s)
2026-10-07T13:07:00.1452600Z === RUN   TestExplicitOwnershipDoesNotWalkUnknownNestedObjects
2026-10-07T13:07:00.1455123Z --- PASS: TestExplicitOwnershipDoesNotWalkUnknownNestedObjects (0.00s)
2026-10-07T13:07:00.1457431Z === RUN   TestFailedRefreshStateCannotServeOldSnapshot
2026-10-07T13:07:00.1458778Z --- PASS: TestFailedRefreshStateCannotServeOldSnapshot (0.00s)
2026-10-07T13:07:00.1459937Z === RUN   TestChromaEndpointKeepsCatalogAndOwnershipSeparate
2026-10-07T13:07:00.1460933Z --- PASS: TestChromaEndpointKeepsCatalogAndOwnershipSeparate (0.00s)
2026-10-07T13:07:00.1462030Z === RUN   TestSnapshotValidationErrorRetainsHealthyClientButNotSnapshot
2026-10-07T13:07:00.1463267Z --- PASS: TestSnapshotValidationErrorRetainsHealthyClientButNotSnapshot (0.00s)
2026-10-07T13:07:00.1464220Z === RUN   TestReadLimitedRejectsOversizedBody
2026-10-07T13:07:00.1464940Z --- PASS: TestReadLimitedRejectsOversizedBody (0.00s)
2026-10-07T13:07:00.1465820Z === RUN   TestStatusResponseDoesNotExposeStableAccountIdentifiers
2026-10-07T13:07:00.1466884Z --- PASS: TestStatusResponseDoesNotExposeStableAccountIdentifiers (0.00s)
2026-10-07T13:07:00.1467885Z === RUN   TestPoolManifestValidationAndHashAreDeterministic
2026-10-07T13:07:00.1468834Z --- PASS: TestPoolManifestValidationAndHashAreDeterministic (0.00s)
2026-10-07T13:07:00.1469666Z === RUN   TestCSVFormulaInjectionIsNeutralized
2026-10-07T13:07:00.1470390Z --- PASS: TestCSVFormulaInjectionIsNeutralized (0.00s)
2026-10-07T13:07:00.1471167Z === RUN   TestSnapshotDiffRejectsDifferentAccountOrPool
2026-10-07T13:07:00.1472107Z --- PASS: TestSnapshotDiffRejectsDifferentAccountOrPool (0.00s)
2026-10-07T13:07:00.1472881Z === RUN   TestSnapshotPersistenceIsRedacted
2026-10-07T13:07:00.1607039Z --- PASS: TestSnapshotPersistenceIsRedacted (0.01s)
2026-10-07T13:07:00.1608124Z === RUN   TestLatestMatchingSnapshotRequiresAccountAndPoolIdentity
2026-10-07T13:07:00.1833715Z --- PASS: TestLatestMatchingSnapshotRequiresAccountAndPoolIdentity (0.02s)
2026-10-07T13:07:00.1834374Z === RUN   TestSnapshotExportUsesSelectedHistoryRecord
2026-10-07T13:07:00.1958870Z === RUN   TestSnapshotExportUsesSelectedHistoryRecord/json
2026-10-07T13:07:00.1961548Z --- PASS: TestSnapshotExportUsesSelectedHistoryRecord/json (0.00s)
2026-10-07T13:07:00.1962584Z === RUN   TestSnapshotExportUsesSelectedHistoryRecord/csv
2026-10-07T13:07:00.1963933Z --- PASS: TestSnapshotExportUsesSelectedHistoryRecord/csv (0.00s)
2026-10-07T13:07:00.1964841Z === RUN   TestSnapshotExportUsesSelectedHistoryRecord/html
2026-10-07T13:07:00.1970378Z --- PASS: TestSnapshotExportUsesSelectedHistoryRecord/html (0.00s)
2026-10-07T13:07:00.1987844Z --- PASS: TestSnapshotExportUsesSelectedHistoryRecord (0.02s)
2026-10-07T13:07:00.1988816Z === RUN   TestLockfileParsingValidatesProtocolAndClient
2026-10-07T13:07:00.2011921Z --- PASS: TestLockfileParsingValidatesProtocolAndClient (0.00s)
2026-10-07T13:07:00.2012754Z === RUN   TestTencentClientCommandLineParsing
2026-10-07T13:07:00.2013469Z --- PASS: TestTencentClientCommandLineParsing (0.00s)
2026-10-07T13:07:00.2014338Z === RUN   TestSnapshotRecordJSONContainsOnlyExpectedAccountHash
2026-10-07T13:07:00.2015416Z --- PASS: TestSnapshotRecordJSONContainsOnlyExpectedAccountHash (0.00s)
2026-10-07T13:07:00.2016266Z === RUN   TestPrivacyListsEveryClientWrite
2026-10-07T13:07:00.2016918Z --- PASS: TestPrivacyListsEveryClientWrite (0.00s)
2026-10-07T13:07:00.2017649Z === RUN   TestPrivacyStoresDeclareEveryLocalDirectory
2026-10-07T13:07:00.5038521Z     quality_test.go:618: 从源码枚举到 19 个本地存储目录：[champion-data champion-images client-history community-images logs match-tiers perk-catalog pools prestige-artwork pro-directory pro-profiles pro-runes-v1 profile-icons riot-identities riot-matches rune-starters season-stats snapshots updates]
2026-10-07T13:07:00.5039978Z --- PASS: TestPrivacyStoresDeclareEveryLocalDirectory (0.30s)
2026-10-07T13:07:00.5040526Z === RUN   TestPrivacyStoreDirectoryCreationCallSitesArePinned
2026-10-07T13:07:00.5182999Z --- PASS: TestPrivacyStoreDirectoryCreationCallSitesArePinned (0.01s)
2026-10-07T13:07:00.5184223Z === RUN   TestLootFallbackDiagnosticRuntimePayloadNeverStoresItemDetails
2026-10-07T13:07:00.5185574Z --- PASS: TestLootFallbackDiagnosticRuntimePayloadNeverStoresItemDetails (0.00s)
2026-10-07T13:07:00.5187113Z === RUN   TestFriendlyErrorDoesNotExposeLocalDetails
2026-10-07T13:07:00.5187928Z --- PASS: TestFriendlyErrorDoesNotExposeLocalDetails (0.00s)
2026-10-07T13:07:00.5188796Z === RUN   TestFriendlyDiscoveryErrorsAreActionableAndRedacted
2026-10-07T13:07:00.5189748Z --- PASS: TestFriendlyDiscoveryErrorsAreActionableAndRedacted (0.00s)
2026-10-07T13:07:00.5190642Z === RUN   TestDiagnosticsExposeOnlyDiscoveryCounts
2026-10-07T13:07:00.5191406Z --- PASS: TestDiagnosticsExposeOnlyDiscoveryCounts (0.00s)
2026-10-07T13:07:00.5192198Z === RUN   TestDiagnosticSourcesExcludeStableIdentifiers
2026-10-07T13:07:00.5252165Z --- PASS: TestDiagnosticSourcesExcludeStableIdentifiers (0.01s)
2026-10-07T13:07:00.5253266Z === RUN   TestConcurrentIdenticalSnapshotsAreDeduplicated
2026-10-07T13:07:00.5391290Z --- PASS: TestConcurrentIdenticalSnapshotsAreDeduplicated (0.01s)
2026-10-07T13:07:00.5392270Z === RUN   TestDiagnosticLogRotationRemainsBounded
2026-10-07T13:07:00.5490199Z --- PASS: TestDiagnosticLogRotationRemainsBounded (0.01s)
2026-10-07T13:07:00.5490791Z === RUN   TestDiagnosticRotationImmediatelyRestoresBuildSnapshot
2026-10-07T13:07:00.5547387Z --- PASS: TestDiagnosticRotationImmediatelyRestoresBuildSnapshot (0.01s)
2026-10-07T13:07:00.5548475Z === RUN   TestAppStartDiagnosticIdentifiesBuild
2026-10-07T13:07:00.5574015Z --- PASS: TestAppStartDiagnosticIdentifiesBuild (0.00s)
2026-10-07T13:07:00.5576263Z === RUN   TestDiagnosticLogDownloadUsesTrustedFixedFile
2026-10-07T13:07:00.5608760Z --- PASS: TestDiagnosticLogDownloadUsesTrustedFixedFile (0.00s)
2026-10-07T13:07:00.5610619Z === RUN   TestDiagnosticLogExportFilenameChangesWithExportTime
2026-10-07T13:07:00.5611227Z --- PASS: TestDiagnosticLogExportFilenameChangesWithExportTime (0.00s)
2026-10-07T13:07:00.5612635Z === RUN   TestDiagnosticsExposeCurrentLogSizeAndEventCount
2026-10-07T13:07:00.5638267Z --- PASS: TestDiagnosticsExposeCurrentLogSizeAndEventCount (0.00s)
2026-10-07T13:07:00.5639294Z === RUN   TestDiagnosticLogReaderRejectsSymlink
2026-10-07T13:07:00.5668300Z --- PASS: TestDiagnosticLogReaderRejectsSymlink (0.00s)
2026-10-07T13:07:00.5669646Z === RUN   TestDiagnosticLogWriterRejectsSymlink
2026-10-07T13:07:00.5701519Z --- PASS: TestDiagnosticLogWriterRejectsSymlink (0.00s)
2026-10-07T13:07:00.5702861Z === RUN   TestSupportedQueueDefinitionsMatchCanonicalGroups
2026-10-07T13:07:00.5704630Z --- PASS: TestSupportedQueueDefinitionsMatchCanonicalGroups (0.00s)
2026-10-07T13:07:00.5705601Z === RUN   TestQueueGroupsForClientExposeAugmentSources
2026-10-07T13:07:00.5708736Z --- PASS: TestQueueGroupsForClientExposeAugmentSources (0.00s)
2026-10-07T13:07:00.5709709Z === RUN   TestMatchHistoryFilterSpecsUseDocumentedSGPTags
2026-10-07T13:07:00.5710718Z --- PASS: TestMatchHistoryFilterSpecsUseDocumentedSGPTags (0.00s)
2026-10-07T13:07:00.5711731Z === RUN   TestArenaFilterTagsSurviveSGPNormalizationAndKeep3x6
2026-10-07T13:07:00.5712808Z --- PASS: TestArenaFilterTagsSurviveSGPNormalizationAndKeep3x6 (0.00s)
2026-10-07T13:07:00.5713837Z === RUN   TestR100OverviewLongRoundUsesFreshSingleWaitBudget
2026-10-07T13:07:07.0227076Z --- PASS: TestR100OverviewLongRoundUsesFreshSingleWaitBudget (6.45s)
2026-10-07T13:07:07.0227951Z === RUN   TestR100QueueCallersKeepDistinctSemantics
2026-10-07T13:07:07.0251843Z --- PASS: TestR100QueueCallersKeepDistinctSemantics (0.00s)
2026-10-07T13:07:07.0252836Z === RUN   TestR100SuccessfulDetailSurvivesCallerCancellation
2026-10-07T13:07:07.0408090Z --- PASS: TestR100SuccessfulDetailSurvivesCallerCancellation (0.02s)
2026-10-07T13:07:07.0409620Z === RUN   TestR100AssetHasWholeHandlerDeadline
2026-10-07T13:07:07.0410096Z === PAUSE TestR100AssetHasWholeHandlerDeadline
2026-10-07T13:07:07.0410623Z === RUN   TestR100PerksNeverWaitForOptionalAugmentsAndPersist
2026-10-07T13:07:07.0741475Z --- PASS: TestR100PerksNeverWaitForOptionalAugmentsAndPersist (0.03s)
2026-10-07T13:07:07.0742090Z === RUN   TestR100ProSnapshotAndLadderSurviveRestart
2026-10-07T13:07:07.1054488Z --- PASS: TestR100ProSnapshotAndLadderSurviveRestart (0.03s)
2026-10-07T13:07:07.1055092Z === RUN   TestR100QueueLabelsAndArenaRegistry
2026-10-07T13:07:07.1055588Z --- PASS: TestR100QueueLabelsAndArenaRegistry (0.00s)
2026-10-07T13:07:07.1056187Z === RUN   TestR100ProgressPublishesReadyMetadataAndQueueDiagnostic
2026-10-07T13:07:08.2075855Z --- PASS: TestR100ProgressPublishesReadyMetadataAndQueueDiagnostic (1.10s)
2026-10-07T13:07:08.2077045Z === RUN   TestR101IconOwnershipParsedFromInventory
2026-10-07T13:07:08.2339466Z --- PASS: TestR101IconOwnershipParsedFromInventory (0.03s)
2026-10-07T13:07:08.2340489Z === RUN   TestR101IconOwnershipStillFallsBackOpen
2026-10-07T13:07:08.2622808Z --- PASS: TestR101IconOwnershipStillFallsBackOpen (0.03s)
2026-10-07T13:07:08.2623502Z === RUN   TestR101BannerCatalogIs35AndIDsAreStrings
2026-10-07T13:07:08.2639830Z --- PASS: TestR101BannerCatalogIs35AndIDsAreStrings (0.00s)
2026-10-07T13:07:08.2641014Z === RUN   TestR101BannerOwnershipUsesRegaliaV3Only
2026-10-07T13:07:08.2656313Z --- PASS: TestR101BannerOwnershipUsesRegaliaV3Only (0.00s)
2026-10-07T13:07:08.2657152Z === RUN   TestR101PreviousBannerActionRemoved
2026-10-07T13:07:08.2662084Z --- PASS: TestR101PreviousBannerActionRemoved (0.00s)
2026-10-07T13:07:08.2662840Z === RUN   TestR101ClearChallengesStillPreservesTitle
2026-10-07T13:07:08.2679203Z --- PASS: TestR101ClearChallengesStillPreservesTitle (0.00s)
2026-10-07T13:07:08.2679967Z === RUN   TestR101ChampSelectDefaultsOn
2026-10-07T13:07:08.2680569Z --- PASS: TestR101ChampSelectDefaultsOn (0.00s)
2026-10-07T13:07:08.2681248Z === RUN   TestR101ExistingProfileKeepsItsOwnSetting
2026-10-07T13:07:08.2702063Z --- PASS: TestR101ExistingProfileKeepsItsOwnSetting (0.00s)
2026-10-07T13:07:08.2703004Z === RUN   TestR101EnabledWithEmptySequencesSendsNothing
2026-10-07T13:07:08.2703885Z === RUN   TestR101EnabledWithEmptySequencesSendsNothing/normalban
2026-10-07T13:07:08.3224548Z --- PASS: TestR101EnabledWithEmptySequencesSendsNothing/normalban (0.05s)
2026-10-07T13:07:08.3225903Z === RUN   TestR101EnabledWithEmptySequencesSendsNothing/normalpick
2026-10-07T13:07:08.3746355Z --- PASS: TestR101EnabledWithEmptySequencesSendsNothing/normalpick (0.05s)
2026-10-07T13:07:08.3747067Z === RUN   TestR101EnabledWithEmptySequencesSendsNothing/rankedban
2026-10-07T13:07:08.4273683Z --- PASS: TestR101EnabledWithEmptySequencesSendsNothing/rankedban (0.05s)
2026-10-07T13:07:08.4274860Z === RUN   TestR101EnabledWithEmptySequencesSendsNothing/rankedpick
2026-10-07T13:07:08.4792932Z --- PASS: TestR101EnabledWithEmptySequencesSendsNothing/rankedpick (0.05s)
2026-10-07T13:07:08.4795021Z === RUN   TestR101EnabledWithEmptySequencesSendsNothing/aramban
2026-10-07T13:07:08.5313527Z --- PASS: TestR101EnabledWithEmptySequencesSendsNothing/aramban (0.05s)
2026-10-07T13:07:08.5314753Z === RUN   TestR101EnabledWithEmptySequencesSendsNothing/arampick
2026-10-07T13:07:08.5838442Z --- PASS: TestR101EnabledWithEmptySequencesSendsNothing/arampick (0.05s)
2026-10-07T13:07:08.5839201Z === RUN   TestR101EnabledWithEmptySequencesSendsNothing/arenaban
2026-10-07T13:07:08.6361977Z --- PASS: TestR101EnabledWithEmptySequencesSendsNothing/arenaban (0.05s)
2026-10-07T13:07:08.6362933Z === RUN   TestR101EnabledWithEmptySequencesSendsNothing/arenapick
2026-10-07T13:07:08.6879094Z --- PASS: TestR101EnabledWithEmptySequencesSendsNothing/arenapick (0.05s)
2026-10-07T13:07:08.6879961Z --- PASS: TestR101EnabledWithEmptySequencesSendsNothing (0.42s)
2026-10-07T13:07:08.6880498Z === RUN   TestR101SeedResolvesSoloQueueRank
2026-10-07T13:07:08.7266821Z --- PASS: TestR101SeedResolvesSoloQueueRank (0.04s)
2026-10-07T13:07:08.7268457Z === RUN   TestR101SeedRecentActivityBeforeOlderUpstream
2026-10-07T13:07:08.7551672Z --- PASS: TestR101SeedRecentActivityBeforeOlderUpstream (0.03s)
2026-10-07T13:07:08.7552561Z === RUN   TestR101SeedRankMapsRomanDivision
2026-10-07T13:07:08.8792828Z --- PASS: TestR101SeedRankMapsRomanDivision (0.12s)
2026-10-07T13:07:08.8793730Z === RUN   TestR101SeedWithoutSoloQueueStaysUnavailable
2026-10-07T13:07:08.9103062Z --- PASS: TestR101SeedWithoutSoloQueueStaysUnavailable (0.03s)
2026-10-07T13:07:08.9103681Z === RUN   TestR104SeedRank24HourCacheSeparateFromOverview
2026-10-07T13:07:08.9482977Z --- PASS: TestR104SeedRank24HourCacheSeparateFromOverview (0.04s)
2026-10-07T13:07:08.9483988Z === RUN   TestR101SeedRankRespectsQuotaBudget
2026-10-07T13:07:08.9980667Z --- PASS: TestR101SeedRankRespectsQuotaBudget (0.05s)
2026-10-07T13:07:08.9981304Z === RUN   TestR101IconOwnershipCacheIsClientScoped
2026-10-07T13:07:09.0007249Z --- PASS: TestR101IconOwnershipCacheIsClientScoped (0.00s)
2026-10-07T13:07:09.0008271Z === RUN   TestR123FacadeIconAndBannerActionsRemoved
2026-10-07T13:07:09.0012761Z --- PASS: TestR123FacadeIconAndBannerActionsRemoved (0.00s)
2026-10-07T13:07:09.0014072Z === RUN   TestR102SeedAccountSupportsMultipleAccountsPerPlayer
2026-10-07T13:07:09.0581672Z --- PASS: TestR102SeedAccountSupportsMultipleAccountsPerPlayer (0.06s)
2026-10-07T13:07:09.0582714Z === RUN   TestR102SeedAnchorKeysAreUniquePerAccount
2026-10-07T13:07:09.1143532Z --- PASS: TestR102SeedAnchorKeysAreUniquePerAccount (0.06s)
2026-10-07T13:07:09.1144519Z === RUN   TestR102SeedRealNameAndPositionComeFromRoster
2026-10-07T13:07:09.1145445Z --- PASS: TestR102SeedRealNameAndPositionComeFromRoster (0.00s)
2026-10-07T13:07:09.1146298Z === RUN   TestR102AllThirtyThreePlayersHaveSeeds
2026-10-07T13:07:09.1147115Z --- PASS: TestR102AllThirtyThreePlayersHaveSeeds (0.00s)
2026-10-07T13:07:09.1147834Z === RUN   TestR102DyjkbysbBelongsToWei
2026-10-07T13:07:09.1148426Z --- PASS: TestR102DyjkbysbBelongsToWei (0.00s)
2026-10-07T13:07:09.1149009Z === RUN   TestR102SeedAccountsMatchVerificationDoc
2026-10-07T13:07:09.1149498Z --- PASS: TestR102SeedAccountsMatchVerificationDoc (0.00s)
2026-10-07T13:07:09.1150025Z === RUN   TestR102LastMatchStartParsesGameStartTimestamp
2026-10-07T13:07:09.1507856Z --- PASS: TestR102LastMatchStartParsesGameStartTimestamp (0.04s)
2026-10-07T13:07:09.1735609Z === RUN   TestR102LastMatchStartHandlesNoMatches
2026-10-07T13:07:09.1736588Z --- PASS: TestR102LastMatchStartHandlesNoMatches (0.02s)
2026-10-07T13:07:09.1737392Z === RUN   TestR102LastMatchStartCachedSevenDays
2026-10-07T13:07:09.2432013Z --- PASS: TestR102LastMatchStartCachedSevenDays (0.07s)
2026-10-07T13:07:09.2432700Z === RUN   TestR102LastMatchErrorsRemainUnknownAndRetry
2026-10-07T13:07:09.2433258Z === RUN   TestR102LastMatchErrorsRemainUnknownAndRetry/ids
2026-10-07T13:07:09.2459315Z --- PASS: TestR102LastMatchErrorsRemainUnknownAndRetry/ids (0.00s)
2026-10-07T13:07:09.2460632Z === RUN   TestR102LastMatchErrorsRemainUnknownAndRetry/detail
2026-10-07T13:07:09.2605498Z --- PASS: TestR102LastMatchErrorsRemainUnknownAndRetry/detail (0.01s)
2026-10-07T13:07:09.2606654Z === RUN   TestR102LastMatchErrorsRemainUnknownAndRetry/missing-start
2026-10-07T13:07:09.2951542Z --- PASS: TestR102LastMatchErrorsRemainUnknownAndRetry/missing-start (0.03s)
2026-10-07T13:07:09.2952676Z --- PASS: TestR102LastMatchErrorsRemainUnknownAndRetry (0.05s)
2026-10-07T13:07:09.2953352Z === RUN   TestR104SeedTotalBudgetIsBoundedRegardlessOfAccountCount
2026-10-07T13:07:09.2954069Z --- PASS: TestR104SeedTotalBudgetIsBoundedRegardlessOfAccountCount (0.00s)
2026-10-07T13:07:09.2954723Z === RUN   TestR102SeedOneAccountFailureDoesNotBlockOthers
2026-10-07T13:07:09.5923194Z --- PASS: TestR102SeedOneAccountFailureDoesNotBlockOthers (0.30s)
2026-10-07T13:07:09.5923918Z === RUN   TestR102SeedKeepsPerAccountLastSnapshotOnQuotaExhausted
2026-10-07T13:07:09.5949997Z --- PASS: TestR102SeedKeepsPerAccountLastSnapshotOnQuotaExhausted (0.00s)
2026-10-07T13:07:09.5951275Z === RUN   TestR102SortsByLastMatchTimeDescending
2026-10-07T13:07:09.5952097Z --- PASS: TestR102SortsByLastMatchTimeDescending (0.00s)
2026-10-07T13:07:09.5953313Z === RUN   TestR102KnownAlwaysBeforeUnknown
2026-10-07T13:07:09.5954084Z --- PASS: TestR102KnownAlwaysBeforeUnknown (0.00s)
2026-10-07T13:07:09.5954882Z === RUN   TestR102UnknownLastMatchFallsBackToRankOrder
2026-10-07T13:07:09.5955769Z --- PASS: TestR102UnknownLastMatchFallsBackToRankOrder (0.00s)
2026-10-07T13:07:09.5956523Z === RUN   TestR102PrimaryFieldRemoved
2026-10-07T13:07:09.5957122Z --- PASS: TestR102PrimaryFieldRemoved (0.00s)
2026-10-07T13:07:09.5957817Z === RUN   TestR102UnrankedAccountBacksOffRankQuery
2026-10-07T13:07:09.6195227Z --- PASS: TestR102UnrankedAccountBacksOffRankQuery (0.02s)
2026-10-07T13:07:09.6195976Z === RUN   TestR102FailedQueryDoesNotTriggerBackoff
2026-10-07T13:07:09.6221455Z --- PASS: TestR102FailedQueryDoesNotTriggerBackoff (0.00s)
2026-10-07T13:07:09.6222886Z === RUN   TestR102UnrankedBackoffDoesNotAffectLastMatchQuery
2026-10-07T13:07:09.6653839Z --- PASS: TestR102UnrankedBackoffDoesNotAffectLastMatchQuery (0.04s)
2026-10-07T13:07:09.6654517Z === RUN   TestR102NewlyRankedAccountResetsToNormalTTL
2026-10-07T13:07:09.7228986Z --- PASS: TestR102NewlyRankedAccountResetsToNormalTTL (0.06s)
2026-10-07T13:07:09.7230378Z === RUN   TestR102UpstreamActivityAndSnapshotRemainPrivate
2026-10-07T13:07:09.7889059Z --- PASS: TestR102UpstreamActivityAndSnapshotRemainPrivate (0.07s)
2026-10-07T13:07:09.7890163Z === RUN   TestR102ColdIdentityFailurePreservesReviewedAccounts
2026-10-07T13:07:09.7916402Z --- PASS: TestR102ColdIdentityFailurePreservesReviewedAccounts (0.00s)
2026-10-07T13:07:09.7917455Z === RUN   TestR103ProseedEntriesNeverSelectedForEviction
2026-10-07T13:07:09.8006138Z --- PASS: TestR103ProseedEntriesNeverSelectedForEviction (0.01s)
2026-10-07T13:07:09.8007149Z === RUN   TestR103AllCandidatesProtectedReturnsErrorNotEviction
2026-10-07T13:07:09.8030184Z --- PASS: TestR103AllCandidatesProtectedReturnsErrorNotEviction (0.00s)
2026-10-07T13:07:09.8030842Z === RUN   TestR104RealOPGGFixtureProvidesRevisionTimeAndZeroRiot
2026-10-07T13:07:09.8317066Z --- PASS: TestR104RealOPGGFixtureProvidesRevisionTimeAndZeroRiot (0.03s)
2026-10-07T13:07:09.8318212Z === RUN   TestR104ExactDirectoryMatchAvoidsRiotAndMissFallsBack
2026-10-07T13:07:09.8854989Z --- PASS: TestR104ExactDirectoryMatchAvoidsRiotAndMissFallsBack (0.05s)
2026-10-07T13:07:09.8856111Z === RUN   TestR104BackgroundAdmissionYieldsAtThirtyOrForegroundQueue
2026-10-07T13:07:09.8857225Z --- PASS: TestR104BackgroundAdmissionYieldsAtThirtyOrForegroundQueue (0.00s)
2026-10-07T13:07:09.8858208Z === RUN   TestR104OldSnapshotWithoutRevisionRemainsUnknown
2026-10-07T13:07:09.8859090Z --- PASS: TestR104OldSnapshotWithoutRevisionRemainsUnknown (0.00s)
2026-10-07T13:07:09.8860256Z === RUN   TestR104ColdStartupDripProtectsForegroundTwentyMatches
2026-10-07T13:07:10.5300201Z     r104_test.go:331: cold startup: 0 Riot; first minute: 4 background; second minute yields; foreground: 20/20, 25 requests
2026-10-07T13:07:10.5593742Z --- PASS: TestR104ColdStartupDripProtectsForegroundTwentyMatches (0.67s)
2026-10-07T13:07:10.5594915Z === RUN   TestR104RefreshDiagnosticsCountRequestsAndBudgetSkips
2026-10-07T13:07:10.6309378Z --- PASS: TestR104RefreshDiagnosticsCountRequestsAndBudgetSkips (0.07s)
2026-10-07T13:07:10.6310389Z === RUN   TestR105_EmbeddedAccountCounts
2026-10-07T13:07:10.6311061Z --- PASS: TestR105_EmbeddedAccountCounts (0.00s)
2026-10-07T13:07:10.6311712Z === RUN   TestR105_PlayerAccountCounts
2026-10-07T13:07:10.6312332Z --- PASS: TestR105_PlayerAccountCounts (0.00s)
2026-10-07T13:07:10.6313004Z === RUN   TestR105_CriticalAccountFixes
2026-10-07T13:07:10.6313644Z --- PASS: TestR105_CriticalAccountFixes (0.00s)
2026-10-07T13:07:10.6314712Z === RUN   TestR105_SpecialCharacters
2026-10-07T13:07:10.6315325Z --- PASS: TestR105_SpecialCharacters (0.00s)
2026-10-07T13:07:10.6316126Z === RUN   TestR105_ReviewedPageSurvivesOldSnapshotAndWrongOwner
2026-10-07T13:07:10.6448833Z --- PASS: TestR105_ReviewedPageSurvivesOldSnapshotAndWrongOwner (0.01s)
2026-10-07T13:07:10.6449893Z === RUN   TestR105_AllPublicationsAndOfflineKeepReviewedAccounts
2026-10-07T13:07:10.6647126Z --- PASS: TestR105_AllPublicationsAndOfflineKeepReviewedAccounts (0.02s)
2026-10-07T13:07:10.6648236Z === RUN   TestR106ProProfileCapturedCurrentRanks
2026-10-07T13:07:10.6651306Z --- PASS: TestR106ProProfileCapturedCurrentRanks (0.00s)
2026-10-07T13:07:10.6652420Z === RUN   TestR106ProfileUnrankedIsExplicitAndHistoryIsExcluded
2026-10-07T13:07:10.6655355Z --- PASS: TestR106ProfileUnrankedIsExplicitAndHistoryIsExcluded (0.00s)
2026-10-07T13:07:10.6656132Z === RUN   TestR106RanksStartBeforeMatchIDsReturn
2026-10-07T13:07:10.7550493Z --- PASS: TestR106RanksStartBeforeMatchIDsReturn (0.09s)
2026-10-07T13:07:10.7551511Z === RUN   TestR106AllReviewedAccountsBatchAndPersistentCache
2026-10-07T13:07:11.4855373Z --- PASS: TestR106AllReviewedAccountsBatchAndPersistentCache (0.73s)
2026-10-07T13:07:11.4856569Z === RUN   TestR106CancelledFacadeReaderDoesNotCancelSharedRead
2026-10-07T13:07:11.4857653Z --- PASS: TestR106CancelledFacadeReaderDoesNotCancelSharedRead (0.00s)
2026-10-07T13:07:11.4858957Z === RUN   TestR106ProfileIconPersistsOnlySuccessfulImage
2026-10-07T13:07:11.4973667Z --- PASS: TestR106ProfileIconPersistsOnlySuccessfulImage (0.01s)
2026-10-07T13:07:11.4974553Z === RUN   TestR106MutationDetachesAnOlderFacadeRead
2026-10-07T13:07:11.4975389Z --- PASS: TestR106MutationDetachesAnOlderFacadeRead (0.00s)
2026-10-07T13:07:11.4976106Z === RUN   TestR106LiveProfileBatch
2026-10-07T13:07:11.4976749Z     r106_test.go:247: opt-in public profile read
2026-10-07T13:07:11.4977361Z --- SKIP: TestR106LiveProfileBatch (0.00s)
2026-10-07T13:07:11.4977985Z === RUN   TestR107PublicMatchStartAndIdentity
2026-10-07T13:07:11.4982710Z --- PASS: TestR107PublicMatchStartAndIdentity (0.00s)
2026-10-07T13:07:11.4983601Z === RUN   TestR107ProfileCacheRestoresActivityAfterRestart
2026-10-07T13:07:11.5130478Z --- PASS: TestR107ProfileCacheRestoresActivityAfterRestart (0.01s)
2026-10-07T13:07:11.5131982Z === RUN   TestR107EmptyLocalBackgroundReadsSameAccountProfile
2026-10-07T13:07:11.5132978Z --- PASS: TestR107EmptyLocalBackgroundReadsSameAccountProfile (0.00s)
2026-10-07T13:07:11.5133611Z === RUN   TestR107DoubleEscapedPublicMatchIdentity
2026-10-07T13:07:11.5134069Z --- PASS: TestR107DoubleEscapedPublicMatchIdentity (0.00s)
2026-10-07T13:07:11.5134595Z === RUN   TestR107MissingPublicActivityUsesOwnRiotIdentityAndCaches
2026-10-07T13:07:11.5135190Z === RUN   TestR107MissingPublicActivityUsesOwnRiotIdentityAndCaches/false
2026-10-07T13:07:11.5593598Z --- PASS: TestR107MissingPublicActivityUsesOwnRiotIdentityAndCaches/false (0.05s)
2026-10-07T13:07:11.5620231Z === RUN   TestR107MissingPublicActivityUsesOwnRiotIdentityAndCaches/true
2026-10-07T13:07:11.5621501Z --- PASS: TestR107MissingPublicActivityUsesOwnRiotIdentityAndCaches/true (0.00s)
2026-10-07T13:07:11.5624108Z --- PASS: TestR107MissingPublicActivityUsesOwnRiotIdentityAndCaches (0.05s)
2026-10-07T13:07:11.5625019Z === RUN   TestR107LiveProfileActivityBatch
2026-10-07T13:07:11.5625737Z     r107_test.go:135: opt-in network verification
2026-10-07T13:07:11.5626461Z --- SKIP: TestR107LiveProfileActivityBatch (0.00s)
2026-10-07T13:07:11.5627283Z === RUN   TestR107ImageBudgetReachesUnderlyingTransport
2026-10-07T13:07:11.5628152Z === RUN   TestR107ImageBudgetReachesUnderlyingTransport/client
2026-10-07T13:07:11.5629139Z --- PASS: TestR107ImageBudgetReachesUnderlyingTransport/client (0.00s)
2026-10-07T13:07:11.5630133Z === RUN   TestR107ImageBudgetReachesUnderlyingTransport/public
2026-10-07T13:07:11.5631165Z --- PASS: TestR107ImageBudgetReachesUnderlyingTransport/public (0.00s)
2026-10-07T13:07:11.5632248Z --- PASS: TestR107ImageBudgetReachesUnderlyingTransport (0.00s)
2026-10-07T13:07:11.5633020Z === RUN   TestR107LiveImagesWithoutClient
2026-10-07T13:07:11.5633667Z     r107_test.go:210: opt-in public image read
2026-10-07T13:07:11.5634167Z --- SKIP: TestR107LiveImagesWithoutClient (0.00s)
2026-10-07T13:07:11.5634531Z === RUN   TestR117ImageETagRevalidation
2026-10-07T13:07:11.5634888Z --- PASS: TestR117ImageETagRevalidation (0.00s)
2026-10-07T13:07:11.5635425Z === RUN   TestR117CommunityImageFanoutNegativeCacheIsPerAssetPathAndMinuteLevel
2026-10-07T13:07:11.5636607Z === RUN   TestR117CommunityImageFanoutNegativeCacheIsPerAssetPathAndMinuteLevel/every_candidate_failing_is_remembered_per_assetPath
2026-10-07T13:07:11.5637766Z --- PASS: TestR117CommunityImageFanoutNegativeCacheIsPerAssetPathAndMinuteLevel/every_candidate_failing_is_remembered_per_assetPath (0.00s)
2026-10-07T13:07:11.5638936Z === RUN   TestR117CommunityImageFanoutNegativeCacheIsPerAssetPathAndMinuteLevel/partial_failure_does_not_replay_the_missing_candidates
2026-10-07T13:07:11.5640132Z --- PASS: TestR117CommunityImageFanoutNegativeCacheIsPerAssetPathAndMinuteLevel/partial_failure_does_not_replay_the_missing_candidates (0.00s)
2026-10-07T13:07:11.5641093Z --- PASS: TestR117CommunityImageFanoutNegativeCacheIsPerAssetPathAndMinuteLevel (0.00s)
2026-10-07T13:07:11.5641929Z === RUN   TestR117ProfileUsesJSONLDStartOverDirectoryRevision
2026-10-07T13:07:11.5642853Z --- PASS: TestR117ProfileUsesJSONLDStartOverDirectoryRevision (0.00s)
2026-10-07T13:07:11.5643393Z === RUN   TestR117ProfileThrottleIsPendingWithoutShortTTL
2026-10-07T13:07:11.5662291Z --- PASS: TestR117ProfileThrottleIsPendingWithoutShortTTL (0.00s)
2026-10-07T13:07:11.5663494Z === RUN   TestR108RefreshDoesNotInheritCanceledFlight
2026-10-07T13:07:11.5664373Z --- PASS: TestR108RefreshDoesNotInheritCanceledFlight (0.00s)
2026-10-07T13:07:11.5665332Z === RUN   TestR108ModeHistoryQueriesOnlyMatchingQueuesAndCachesEmpty
2026-10-07T13:07:11.5665937Z === RUN   TestR108ModeHistoryQueriesOnlyMatchingQueuesAndCachesEmpty/solo
2026-10-07T13:07:11.5838888Z --- PASS: TestR108ModeHistoryQueriesOnlyMatchingQueuesAndCachesEmpty/solo (0.02s)
2026-10-07T13:07:11.5840293Z === RUN   TestR108ModeHistoryQueriesOnlyMatchingQueuesAndCachesEmpty/flex
2026-10-07T13:07:11.5997337Z --- PASS: TestR108ModeHistoryQueriesOnlyMatchingQueuesAndCachesEmpty/flex (0.02s)
2026-10-07T13:07:11.5998707Z === RUN   TestR108ModeHistoryQueriesOnlyMatchingQueuesAndCachesEmpty/hextech-aram
2026-10-07T13:07:11.6303183Z --- PASS: TestR108ModeHistoryQueriesOnlyMatchingQueuesAndCachesEmpty/hextech-aram (0.03s)
2026-10-07T13:07:11.6304614Z === RUN   TestR108ModeHistoryQueriesOnlyMatchingQueuesAndCachesEmpty/arena
2026-10-07T13:07:11.7202875Z --- PASS: TestR108ModeHistoryQueriesOnlyMatchingQueuesAndCachesEmpty/arena (0.09s)
2026-10-07T13:07:11.7204246Z === RUN   TestR108ModeHistoryQueriesOnlyMatchingQueuesAndCachesEmpty/ranked
2026-10-07T13:07:11.7407581Z --- PASS: TestR108ModeHistoryQueriesOnlyMatchingQueuesAndCachesEmpty/ranked (0.02s)
2026-10-07T13:07:11.7410355Z --- PASS: TestR108ModeHistoryQueriesOnlyMatchingQueuesAndCachesEmpty (0.17s)
2026-10-07T13:07:11.7411434Z === RUN   TestR108MultiQueuePagesMergeAndReusePrefixes
2026-10-07T13:07:11.7778597Z --- PASS: TestR108MultiQueuePagesMergeAndReusePrefixes (0.04s)
2026-10-07T13:07:11.7780196Z === RUN   TestR108OverviewCacheKeepsModesSeparateAndReusesRecentKR
2026-10-07T13:07:11.7781395Z --- PASS: TestR108OverviewCacheKeepsModesSeparateAndReusesRecentKR (0.00s)
2026-10-07T13:07:11.7782390Z === RUN   TestR108CareerUsesActualClientBackdrop
2026-10-07T13:07:11.7783206Z === RUN   TestR108CareerUsesActualClientBackdrop/recently-played
2026-10-07T13:07:11.7783986Z --- PASS: TestR108CareerUsesActualClientBackdrop/recently-played (0.00s)
2026-10-07T13:07:11.7784796Z === RUN   TestR108CareerUsesActualClientBackdrop/highest-mastery
2026-10-07T13:07:11.7785377Z --- PASS: TestR108CareerUsesActualClientBackdrop/highest-mastery (0.00s)
2026-10-07T13:07:11.7786367Z === RUN   TestR108CareerUsesActualClientBackdrop/specified-skin
2026-10-07T13:07:11.7787423Z --- PASS: TestR108CareerUsesActualClientBackdrop/specified-skin (0.00s)
2026-10-07T13:07:11.7788310Z === RUN   TestR108CareerUsesActualClientBackdrop/summoner-icon
2026-10-07T13:07:11.7788853Z --- PASS: TestR108CareerUsesActualClientBackdrop/summoner-icon (0.00s)
2026-10-07T13:07:11.7789348Z === RUN   TestR108CareerUsesActualClientBackdrop/foreign
2026-10-07T13:07:11.7789816Z --- PASS: TestR108CareerUsesActualClientBackdrop/foreign (0.00s)
2026-10-07T13:07:11.7790541Z --- PASS: TestR108CareerUsesActualClientBackdrop (0.00s)
2026-10-07T13:07:11.7791010Z === RUN   TestR108FacadeStateReturnsResolvedBackdropAndBanner
2026-10-07T13:07:11.7791566Z --- PASS: TestR108FacadeStateReturnsResolvedBackdropAndBanner (0.00s)
2026-10-07T13:07:11.7792109Z === RUN   TestR117MultiQueueHistoryHasBoundedConcurrentIDRequests
2026-10-07T13:07:11.9577698Z --- PASS: TestR117MultiQueueHistoryHasBoundedConcurrentIDRequests (0.18s)
2026-10-07T13:07:11.9578885Z === RUN   TestR109OverviewBackgroundUsesOnlySubjectAndPrefersVerifiedProfile
2026-10-07T13:07:11.9580249Z === RUN   TestR109OverviewBackgroundUsesOnlySubjectAndPrefersVerifiedProfile/remote_without_mastery
2026-10-07T13:07:11.9581944Z --- PASS: TestR109OverviewBackgroundUsesOnlySubjectAndPrefersVerifiedProfile/remote_without_mastery (0.00s)
2026-10-07T13:07:11.9583573Z === RUN   TestR109OverviewBackgroundUsesOnlySubjectAndPrefersVerifiedProfile/highest_mastery
2026-10-07T13:07:11.9585195Z --- PASS: TestR109OverviewBackgroundUsesOnlySubjectAndPrefersVerifiedProfile/highest_mastery (0.00s)
2026-10-07T13:07:11.9586855Z === RUN   TestR109OverviewBackgroundUsesOnlySubjectAndPrefersVerifiedProfile/actual_client_background
2026-10-07T13:07:11.9588595Z --- PASS: TestR109OverviewBackgroundUsesOnlySubjectAndPrefersVerifiedProfile/actual_client_background (0.00s)
2026-10-07T13:07:11.9590213Z --- PASS: TestR109OverviewBackgroundUsesOnlySubjectAndPrefersVerifiedProfile (0.00s)
2026-10-07T13:07:11.9591638Z === RUN   TestR109RiotProgressAndCompleteCarryBackgroundAndProfileWithoutExtraReads
2026-10-07T13:07:11.9593189Z === RUN   TestR109RiotProgressAndCompleteCarryBackgroundAndProfileWithoutExtraReads/with_matches
2026-10-07T13:07:12.0104613Z --- PASS: TestR109RiotProgressAndCompleteCarryBackgroundAndProfileWithoutExtraReads/with_matches (0.05s)
2026-10-07T13:07:12.0106366Z === RUN   TestR109RiotProgressAndCompleteCarryBackgroundAndProfileWithoutExtraReads/empty_mode
2026-10-07T13:07:12.0657350Z --- PASS: TestR109RiotProgressAndCompleteCarryBackgroundAndProfileWithoutExtraReads/empty_mode (0.06s)
2026-10-07T13:07:12.0659047Z --- PASS: TestR109RiotProgressAndCompleteCarryBackgroundAndProfileWithoutExtraReads (0.11s)
2026-10-07T13:07:12.0659965Z === RUN   TestR109IncompleteHeaderDoesNotBecomeFreshSnapshot
2026-10-07T13:07:12.0660552Z --- PASS: TestR109IncompleteHeaderDoesNotBecomeFreshSnapshot (0.00s)
2026-10-07T13:07:12.0661081Z === RUN   TestR109CNMatchTimeoutKeepsReadyRankAndMastery
2026-10-07T13:07:12.2367891Z --- PASS: TestR109CNMatchTimeoutKeepsReadyRankAndMastery (0.17s)
2026-10-07T13:07:12.2369547Z === RUN   TestR110ProductionHeadersReplacePersonalCapAndHostsHaveSeparateBudgets
2026-10-07T13:07:12.2371205Z --- PASS: TestR110ProductionHeadersReplacePersonalCapAndHostsHaveSeparateBudgets (0.00s)
2026-10-07T13:07:12.2376139Z === RUN   TestR110MethodQuotaAndShared429Cooldown
2026-10-07T13:07:12.2376858Z --- PASS: TestR110MethodQuotaAndShared429Cooldown (0.00s)
2026-10-07T13:07:12.2377408Z === RUN   TestR110OutOfOrderCountsKeepReservationsAndBackgroundYields
2026-10-07T13:07:12.2378059Z --- PASS: TestR110OutOfOrderCountsKeepReservationsAndBackgroundYields (0.00s)
2026-10-07T13:07:12.2378627Z === RUN   TestR110InvalidRateHeadersKeepConservativeFallback
2026-10-07T13:07:12.2379380Z --- PASS: TestR110InvalidRateHeadersKeepConservativeFallback (0.00s)
2026-10-07T13:07:12.2380098Z === RUN   TestR110HTTPAdmissionsLearnProductionHeadersUnderConcurrency
2026-10-07T13:07:12.2448267Z --- PASS: TestR110HTTPAdmissionsLearnProductionHeadersUnderConcurrency (0.01s)
2026-10-07T13:07:12.2449619Z === RUN   TestR111DetectEndpointNeverWritesOrResetsClientPreferences
2026-10-07T13:07:12.2468462Z --- PASS: TestR111DetectEndpointNeverWritesOrResetsClientPreferences (0.00s)
2026-10-07T13:07:12.2469740Z === RUN   TestR111QuotaDiagnosticsDistinguishLocalBudgetAndObservedLimits
2026-10-07T13:07:12.2471136Z --- PASS: TestR111QuotaDiagnosticsDistinguishLocalBudgetAndObservedLimits (0.00s)
2026-10-07T13:07:12.2471756Z === RUN   TestR111Headerless429DoesNotInventAnObservedPolicy
2026-10-07T13:07:12.2472384Z --- PASS: TestR111Headerless429DoesNotInventAnObservedPolicy (0.00s)
2026-10-07T13:07:12.2473293Z === RUN   TestR112AverageTierMixedPublicResponse
2026-10-07T13:07:12.2475118Z --- PASS: TestR112AverageTierMixedPublicResponse (0.00s)
2026-10-07T13:07:12.2476141Z === RUN   TestR112AverageTierActionReferenceAndMissingShapes
2026-10-07T13:07:12.2477099Z --- PASS: TestR112AverageTierActionReferenceAndMissingShapes (0.00s)
2026-10-07T13:07:12.2477820Z === RUN   TestR112AverageTierIdentityMismatchNeverPosts
2026-10-07T13:07:12.2480336Z --- PASS: TestR112AverageTierIdentityMismatchNeverPosts (0.00s)
2026-10-07T13:07:12.2481365Z === RUN   TestR112FullPublicCapture
2026-10-07T13:07:12.2482929Z     r112_test.go:90: optional public response capture
2026-10-07T13:07:12.2483633Z --- SKIP: TestR112FullPublicCapture (0.00s)
2026-10-07T13:07:12.2484301Z === RUN   TestR112EmptyAverageTierPageIsCached
2026-10-07T13:07:12.2485048Z --- PASS: TestR112EmptyAverageTierPageIsCached (0.00s)
2026-10-07T13:07:12.2485870Z === RUN   TestR112AverageTierFailureExpiresAndRecovers
2026-10-07T13:07:12.2486800Z --- PASS: TestR112AverageTierFailureExpiresAndRecovers (0.00s)
2026-10-07T13:07:12.2488762Z === RUN   TestR113ChatJIDAndPhaseCancellation
2026-10-07T13:07:12.2489860Z === RUN   TestR113ChatJIDAndPhaseCancellation/false
2026-10-07T13:07:12.2490718Z --- PASS: TestR113ChatJIDAndPhaseCancellation/false (0.00s)
2026-10-07T13:07:12.2491189Z === RUN   TestR113ChatJIDAndPhaseCancellation/true
2026-10-07T13:07:12.2491668Z --- PASS: TestR113ChatJIDAndPhaseCancellation/true (0.00s)
2026-10-07T13:07:12.2492369Z --- PASS: TestR113ChatJIDAndPhaseCancellation (0.00s)
2026-10-07T13:07:12.2493166Z === RUN   TestR113BroadcastEventStormIsBoundedAndRearmsNextSession
2026-10-07T13:07:12.2494578Z === PAUSE TestR113BroadcastEventStormIsBoundedAndRearmsNextSession
2026-10-07T13:07:12.2495155Z === RUN   TestR113PrewarmDeduplicatesAndDoesNotWaitForRoster
2026-10-07T13:07:12.2496006Z --- PASS: TestR113PrewarmDeduplicatesAndDoesNotWaitForRoster (0.00s)
2026-10-07T13:07:12.2496870Z === RUN   TestR113ARAMSkipsRankRequestsAndStartsRecommendationsBeforeHistory
2026-10-07T13:07:12.2914186Z --- PASS: TestR113ARAMSkipsRankRequestsAndStartsRecommendationsBeforeHistory (0.04s)
2026-10-07T13:07:12.2917908Z === RUN   TestR113MayhemMergeKeepsSilverAfterFirstNine
2026-10-07T13:07:12.2918816Z --- PASS: TestR113MayhemMergeKeepsSilverAfterFirstNine (0.00s)
2026-10-07T13:07:12.2920103Z === RUN   TestR113RSCDoesNotDiscardLaterRarityRows
2026-10-07T13:07:12.2920903Z --- PASS: TestR113RSCDoesNotDiscardLaterRarityRows (0.00s)
2026-10-07T13:07:12.2921931Z === RUN   TestR113FailedHistoryDoesNotFreezeForWholeGame
2026-10-07T13:07:12.2922808Z --- PASS: TestR113FailedHistoryDoesNotFreezeForWholeGame (0.00s)
2026-10-07T13:07:12.2923975Z === RUN   TestR115AbilityPairsExactlyTheSameGames
2026-10-07T13:07:12.2924730Z --- PASS: TestR115AbilityPairsExactlyTheSameGames (0.00s)
2026-10-07T13:07:12.2925590Z === RUN   TestR115AbilityMissingMetricDoesNotEraseOtherMetrics
2026-10-07T13:07:12.2926574Z --- PASS: TestR115AbilityMissingMetricDoesNotEraseOtherMetrics (0.00s)
2026-10-07T13:07:12.2927578Z === RUN   TestR115AbilityKDAIsInvariantWhenZeroDeathGamesRepeat
2026-10-07T13:07:12.2928601Z --- PASS: TestR115AbilityKDAIsInvariantWhenZeroDeathGamesRepeat (0.00s)
2026-10-07T13:07:12.2929498Z === RUN   TestR115AbilityBoundedGradeScaleAndTrueZero
2026-10-07T13:07:12.2930337Z --- PASS: TestR115AbilityBoundedGradeScaleAndTrueZero (0.00s)
2026-10-07T13:07:12.2931178Z === RUN   TestR115SeasonAbilityRejectsAmbiguousOpponents
2026-10-07T13:07:12.2932049Z --- PASS: TestR115SeasonAbilityRejectsAmbiguousOpponents (0.00s)
2026-10-07T13:07:12.2932780Z === RUN   TestR115_LCUEventRoutingParity
2026-10-07T13:07:12.2933447Z --- PASS: TestR115_LCUEventRoutingParity (0.00s)
2026-10-07T13:07:12.2936493Z === RUN   TestR115_BroadcastContentsAndGuards
2026-10-07T13:07:12.2938005Z === RUN   TestR115_BroadcastContentsAndGuards/legacy
2026-10-07T13:07:12.2938882Z --- PASS: TestR115_BroadcastContentsAndGuards/legacy (0.00s)
2026-10-07T13:07:12.2940046Z === RUN   TestR115_BroadcastContentsAndGuards/combined
2026-10-07T13:07:12.2941158Z --- PASS: TestR115_BroadcastContentsAndGuards/combined (0.00s)
2026-10-07T13:07:12.2942063Z === RUN   TestR115_BroadcastContentsAndGuards/invalid_visibility
2026-10-07T13:07:12.2942985Z --- PASS: TestR115_BroadcastContentsAndGuards/invalid_visibility (0.00s)
2026-10-07T13:07:12.2943855Z === RUN   TestR115_BroadcastContentsAndGuards/unsafe_id
2026-10-07T13:07:12.2944647Z --- PASS: TestR115_BroadcastContentsAndGuards/unsafe_id (0.00s)
2026-10-07T13:07:12.2945572Z === RUN   TestR115_BroadcastContentsAndGuards/pause_before_reads
2026-10-07T13:07:12.2946502Z --- PASS: TestR115_BroadcastContentsAndGuards/pause_before_reads (0.00s)
2026-10-07T13:07:12.2947410Z === RUN   TestR115_BroadcastContentsAndGuards/pause_before_write
2026-10-07T13:07:12.2948318Z --- PASS: TestR115_BroadcastContentsAndGuards/pause_before_write (0.00s)
2026-10-07T13:07:12.2949275Z === RUN   TestR115_BroadcastContentsAndGuards/uncertain_write
2026-10-07T13:07:12.2950142Z --- PASS: TestR115_BroadcastContentsAndGuards/uncertain_write (0.00s)
2026-10-07T13:07:12.2950961Z --- PASS: TestR115_BroadcastContentsAndGuards (0.00s)
2026-10-07T13:07:12.2951652Z === RUN   TestR115_BroadcastDefaultsAndMissingData
2026-10-07T13:07:12.2952392Z --- PASS: TestR115_BroadcastDefaultsAndMissingData (0.00s)
2026-10-07T13:07:12.2953255Z === RUN   TestR139_BroadcastAssignedPositionLegacyOffIsNormalized
2026-10-07T13:07:12.3087528Z --- PASS: TestR139_BroadcastAssignedPositionLegacyOffIsNormalized (0.01s)
2026-10-07T13:07:12.3088584Z === RUN   TestR115_BroadcastUncertainWriteIsNotRetried
2026-10-07T13:07:12.3110568Z --- PASS: TestR115_BroadcastUncertainWriteIsNotRetried (0.00s)
2026-10-07T13:07:12.3111391Z === RUN   TestR115_AssetSingleflight
2026-10-07T13:07:12.3114246Z --- PASS: TestR115_AssetSingleflight (0.00s)
2026-10-07T13:07:12.3115262Z === RUN   TestR119AutofillCandidatesOnlyMarkMissingIndividualPosition
2026-10-07T13:07:12.3117115Z === RUN   TestR119AutofillCandidatesOnlyMarkMissingIndividualPosition/纯空白
2026-10-07T13:07:12.3118973Z --- PASS: TestR119AutofillCandidatesOnlyMarkMissingIndividualPosition/纯空白 (0.00s)
2026-10-07T13:07:12.3120230Z === RUN   TestR119AutofillCandidatesOnlyMarkMissingIndividualPosition/空串
2026-10-07T13:07:12.3121431Z --- PASS: TestR119AutofillCandidatesOnlyMarkMissingIndividualPosition/空串 (0.00s)
2026-10-07T13:07:12.3122987Z === RUN   TestR119AutofillCandidatesOnlyMarkMissingIndividualPosition/Invalid
2026-10-07T13:07:12.3124373Z --- PASS: TestR119AutofillCandidatesOnlyMarkMissingIndividualPosition/Invalid (0.00s)
2026-10-07T13:07:12.3126313Z === RUN   TestR119AutofillCandidatesOnlyMarkMissingIndividualPosition/invalid_小写
2026-10-07T13:07:12.3127857Z --- PASS: TestR119AutofillCandidatesOnlyMarkMissingIndividualPosition/invalid_小写 (0.00s)
2026-10-07T13:07:12.3129121Z --- PASS: TestR119AutofillCandidatesOnlyMarkMissingIndividualPosition (0.00s)
2026-10-07T13:07:12.3130232Z === RUN   TestR119AutofillCandidatesDegradeWhenWholeGameLacksEvidence
2026-10-07T13:07:12.3131339Z --- PASS: TestR119AutofillCandidatesDegradeWhenWholeGameLacksEvidence (0.00s)
2026-10-07T13:07:12.3132399Z === RUN   TestR119AutofillCandidatesStayInsideClassicRankedQueues
2026-10-07T13:07:12.3133449Z --- PASS: TestR119AutofillCandidatesStayInsideClassicRankedQueues (0.00s)
2026-10-07T13:07:12.3134828Z === RUN   TestR119ConvertRiotMatchInfoAutofillKeyFollowsGate
2026-10-07T13:07:12.3135804Z --- PASS: TestR119ConvertRiotMatchInfoAutofillKeyFollowsGate (0.00s)
2026-10-07T13:07:12.3136790Z === RUN   TestR119SummarizeRiotParticipantsCountsAutofillEvidence
2026-10-07T13:07:12.3137490Z --- PASS: TestR119SummarizeRiotParticipantsCountsAutofillEvidence (0.00s)
2026-10-07T13:07:12.3138276Z === RUN   TestR119RiotPositionKeyBehaviourIsUnchangedByLaneHelper
2026-10-07T13:07:12.3138996Z --- PASS: TestR119RiotPositionKeyBehaviourIsUnchangedByLaneHelper (0.00s)
2026-10-07T13:07:12.3139512Z === RUN   TestR121AutofillLabelGateIsClosedByDefault
2026-10-07T13:07:12.3139958Z --- PASS: TestR121AutofillLabelGateIsClosedByDefault (0.00s)
2026-10-07T13:07:12.3140452Z === RUN   TestR121GateClosedSuppressesFlagsButKeepsCandidateMath
2026-10-07T13:07:12.3141025Z --- PASS: TestR121GateClosedSuppressesFlagsButKeepsCandidateMath (0.00s)
2026-10-07T13:07:12.3141591Z === RUN   TestR121ConvertRiotMatchInfoTagsCandidateOnlyWhenGateOpens
2026-10-07T13:07:12.3142189Z --- PASS: TestR121ConvertRiotMatchInfoTagsCandidateOnlyWhenGateOpens (0.00s)
2026-10-07T13:07:12.3142748Z === RUN   TestR121ParticipantWithoutTeamPositionIsNeverTagged
2026-10-07T13:07:12.3143263Z === RUN   TestR121ParticipantWithoutTeamPositionIsNeverTagged/Invalid
2026-10-07T13:07:12.3143978Z --- PASS: TestR121ParticipantWithoutTeamPositionIsNeverTagged/Invalid (0.00s)
2026-10-07T13:07:12.3144870Z === RUN   TestR121ParticipantWithoutTeamPositionIsNeverTagged/空串
2026-10-07T13:07:12.3145490Z --- PASS: TestR121ParticipantWithoutTeamPositionIsNeverTagged/空串 (0.00s)
2026-10-07T13:07:12.3146061Z --- PASS: TestR121ParticipantWithoutTeamPositionIsNeverTagged (0.00s)
2026-10-07T13:07:12.3146541Z === RUN   TestR121WholeGameDegradesWhenCoverageIsLow
2026-10-07T13:07:12.3147124Z === RUN   TestR121WholeGameDegradesWhenCoverageIsLow/只有_1_人有个人位置、其余_9_人缺失
2026-10-07T13:07:12.3147785Z --- PASS: TestR121WholeGameDegradesWhenCoverageIsLow/只有_1_人有个人位置、其余_9_人缺失 (0.00s)
2026-10-07T13:07:12.3148407Z === RUN   TestR121WholeGameDegradesWhenCoverageIsLow/5_人缺失、5_人正常
2026-10-07T13:07:12.3148982Z --- PASS: TestR121WholeGameDegradesWhenCoverageIsLow/5_人缺失、5_人正常 (0.00s)
2026-10-07T13:07:12.3149639Z === RUN   TestR121WholeGameDegradesWhenCoverageIsLow/2_人缺失（覆盖率_80%）
2026-10-07T13:07:12.3150444Z --- PASS: TestR121WholeGameDegradesWhenCoverageIsLow/2_人缺失（覆盖率_80%） (0.00s)
2026-10-07T13:07:12.3151081Z === RUN   TestR121WholeGameDegradesWhenCoverageIsLow/1_人缺失（覆盖率_90%，恰好达标）
2026-10-07T13:07:12.3151720Z --- PASS: TestR121WholeGameDegradesWhenCoverageIsLow/1_人缺失（覆盖率_90%，恰好达标） (0.00s)
2026-10-07T13:07:12.3152311Z === RUN   TestR121WholeGameDegradesWhenCoverageIsLow/全员齐全
2026-10-07T13:07:12.3152840Z --- PASS: TestR121WholeGameDegradesWhenCoverageIsLow/全员齐全 (0.00s)
2026-10-07T13:07:12.3153327Z --- PASS: TestR121WholeGameDegradesWhenCoverageIsLow (0.00s)
2026-10-07T13:07:12.3153735Z === RUN   TestR121CoverageAndRatioThresholds
2026-10-07T13:07:12.3154105Z --- PASS: TestR121CoverageAndRatioThresholds (0.00s)
2026-10-07T13:07:12.3155073Z === RUN   TestR121DiagnosticsKeepCountingWhileGateClosed
2026-10-07T13:07:12.3155821Z --- PASS: TestR121DiagnosticsKeepCountingWhileGateClosed (0.00s)
2026-10-07T13:07:12.3156444Z === RUN   TestR121NoUnprovenWordingInBusinessCode
2026-10-07T13:07:12.3160390Z --- PASS: TestR121NoUnprovenWordingInBusinessCode (0.00s)
2026-10-07T13:07:12.3161683Z === RUN   TestR122AutofillDiagnosticFieldsCarryExactlyThreeNeutralKeys
2026-10-07T13:07:12.3162440Z --- PASS: TestR122AutofillDiagnosticFieldsCarryExactlyThreeNeutralKeys (0.00s)
2026-10-07T13:07:12.3163019Z === RUN   TestR122SGPMatchHistoryEventCarriesAutofillCounts
2026-10-07T13:07:12.3235241Z --- PASS: TestR122SGPMatchHistoryEventCarriesAutofillCounts (0.01s)
2026-10-07T13:07:12.3236241Z === RUN   TestR122SGPSummaryHistoryEventCarriesAutofillCounts
2026-10-07T13:07:12.3310387Z --- PASS: TestR122SGPSummaryHistoryEventCarriesAutofillCounts (0.01s)
2026-10-07T13:07:12.3312381Z === RUN   TestR126CareerCollectionCatalogKeepsBaseSkinForAutomaticBackdrop
2026-10-07T13:07:12.3313742Z --- PASS: TestR126CareerCollectionCatalogKeepsBaseSkinForAutomaticBackdrop (0.00s)
2026-10-07T13:07:12.3315403Z === RUN   TestR126AutomaticBackdropKeepsChampionWhenCatalogCannotMatch
2026-10-07T13:07:12.3316115Z --- PASS: TestR126AutomaticBackdropKeepsChampionWhenCatalogCannotMatch (0.00s)
2026-10-07T13:07:12.3316738Z === RUN   TestR126AutomaticBackdropKeepsChampionWithoutUsableImage
2026-10-07T13:07:12.3317342Z --- PASS: TestR126AutomaticBackdropKeepsChampionWithoutUsableImage (0.00s)
2026-10-07T13:07:12.3317903Z === RUN   TestR126CollectionRefreshInstallsFullCatalogForCareer
2026-10-07T13:07:12.3318448Z --- PASS: TestR126CollectionRefreshInstallsFullCatalogForCareer (0.00s)
2026-10-07T13:07:12.3318931Z === RUN   TestR127ImageFailureDiagnosticReachesLog
2026-10-07T13:07:12.3344004Z --- PASS: TestR127ImageFailureDiagnosticReachesLog (0.00s)
2026-10-07T13:07:12.3344861Z === RUN   TestR127ClientDiagnosticAcceptsNewFailureEndpoints
2026-10-07T13:07:12.3440148Z --- PASS: TestR127ClientDiagnosticAcceptsNewFailureEndpoints (0.01s)
2026-10-07T13:07:12.3440902Z === RUN   TestR127MatchTierBatchReportsDuration
2026-10-07T13:07:12.3469691Z --- PASS: TestR127MatchTierBatchReportsDuration (0.00s)
2026-10-07T13:07:12.3470805Z === RUN   TestR127DiagnosticAllowlistStaysClosed
2026-10-07T13:07:12.3520299Z --- PASS: TestR127DiagnosticAllowlistStaysClosed (0.00s)
2026-10-07T13:07:12.3521370Z === RUN   TestR127OPGGCreatedAtIsGameEndNotStart
2026-10-07T13:07:12.3525430Z     r127_test.go:250: created_at 当开局时间：3 处重叠（最差 -574000ms）；当结束时间：0 处重叠
2026-10-07T13:07:12.3526355Z --- PASS: TestR127OPGGCreatedAtIsGameEndNotStart (0.00s)
2026-10-07T13:07:12.3527119Z === RUN   TestR127MatchOPGGAverageTierUsesRealRiotTimeBases
2026-10-07T13:07:12.3528923Z --- PASS: TestR127MatchOPGGAverageTierUsesRealRiotTimeBases (0.00s)
2026-10-07T13:07:12.3529908Z === RUN   TestR127OPGGNearestRowGapExposesTheMissingEvidence
2026-10-07T13:07:12.3531765Z --- PASS: TestR127OPGGNearestRowGapExposesTheMissingEvidence (0.00s)
2026-10-07T13:07:12.3532845Z === RUN   TestR127RemoteHostBackoffStopsRepeatedTimeouts
2026-10-07T13:07:12.3559524Z --- PASS: TestR127RemoteHostBackoffStopsRepeatedTimeouts (0.00s)
2026-10-07T13:07:12.3560999Z === RUN   TestR127RemoteImageBudgetSeparatesIconsFromArtwork
2026-10-07T13:07:12.3561887Z --- PASS: TestR127RemoteImageBudgetSeparatesIconsFromArtwork (0.00s)
2026-10-07T13:07:12.3562747Z === RUN   TestR127AugmentIconFetchReportsLCUStatus
2026-10-07T13:07:12.3586222Z --- PASS: TestR127AugmentIconFetchReportsLCUStatus (0.00s)
2026-10-07T13:07:12.3587947Z === RUN   TestR127TierOnlyRankModePrefersSGPAndSkipsWinLossCompletion
2026-10-07T13:07:12.3620079Z --- PASS: TestR127TierOnlyRankModePrefersSGPAndSkipsWinLossCompletion (0.00s)
2026-10-07T13:07:12.3621411Z === RUN   TestR127MatchTierLongTermCacheRoundTrip
2026-10-07T13:07:12.3845110Z --- PASS: TestR127MatchTierLongTermCacheRoundTrip (0.02s)
2026-10-07T13:07:12.3846097Z === RUN   TestR127MatchTierLongTermCacheSkipsOPGGEntirely
2026-10-07T13:07:12.3971934Z --- PASS: TestR127MatchTierLongTermCacheSkipsOPGGEntirely (0.01s)
2026-10-07T13:07:12.3973203Z === RUN   TestR127HostBackoffSurvivesAggregateErrorsAndSparesCachedAssets
2026-10-07T13:07:12.3999102Z --- PASS: TestR127HostBackoffSurvivesAggregateErrorsAndSparesCachedAssets (0.00s)
2026-10-07T13:07:12.4000166Z === RUN   TestR130CardImageStalledReachesLog
2026-10-07T13:07:12.4029138Z --- PASS: TestR130CardImageStalledReachesLog (0.00s)
2026-10-07T13:07:12.4029981Z === RUN   TestR130CardImageStalledIsWhitelisted
2026-10-07T13:07:12.4060867Z --- PASS: TestR130CardImageStalledIsWhitelisted (0.00s)
2026-10-07T13:07:12.4061967Z === RUN   TestR130CardImageStalledClampsAndDropsUnsafeValues
2026-10-07T13:07:12.4063375Z === RUN   TestR130CardImageStalledClampsAndDropsUnsafeValues/越界值夹到上限
2026-10-07T13:07:12.4093919Z --- PASS: TestR130CardImageStalledClampsAndDropsUnsafeValues/越界值夹到上限 (0.00s)
2026-10-07T13:07:12.4095142Z === RUN   TestR130CardImageStalledClampsAndDropsUnsafeValues/负值夹到_0
2026-10-07T13:07:12.4128653Z --- PASS: TestR130CardImageStalledClampsAndDropsUnsafeValues/负值夹到_0 (0.00s)
2026-10-07T13:07:12.4130121Z === RUN   TestR130CardImageStalledClampsAndDropsUnsafeValues/枚举内的来源类别照记
2026-10-07T13:07:12.4161706Z --- PASS: TestR130CardImageStalledClampsAndDropsUnsafeValues/枚举内的来源类别照记 (0.00s)
2026-10-07T13:07:12.4163127Z === RUN   TestR130CardImageStalledClampsAndDropsUnsafeValues/枚举外的来源整个键丢弃
2026-10-07T13:07:12.4192251Z --- PASS: TestR130CardImageStalledClampsAndDropsUnsafeValues/枚举外的来源整个键丢弃 (0.00s)
2026-10-07T13:07:12.4193694Z --- PASS: TestR130CardImageStalledClampsAndDropsUnsafeValues (0.01s)
2026-10-07T13:07:12.4194772Z === RUN   TestR130CardImageStalledNeverLeaksResourcePaths
2026-10-07T13:07:12.4219758Z --- PASS: TestR130CardImageStalledNeverLeaksResourcePaths (0.00s)
2026-10-07T13:07:12.4220833Z === RUN   TestR130CardImageStalledFieldsStayScopedToThatEvent
2026-10-07T13:07:12.4247753Z --- PASS: TestR130CardImageStalledFieldsStayScopedToThatEvent (0.00s)
2026-10-07T13:07:12.4250066Z === RUN   TestR132CurrentGamePlayersOrderedTopToSupport
2026-10-07T13:07:12.4251254Z --- PASS: TestR132CurrentGamePlayersOrderedTopToSupport (0.00s)
2026-10-07T13:07:12.4252477Z === RUN   TestR132AbilityRadarShowsRealGapWithoutFormulaText
2026-10-07T13:07:12.4253513Z --- PASS: TestR132AbilityRadarShowsRealGapWithoutFormulaText (0.00s)
2026-10-07T13:07:12.4254362Z === RUN   TestR150NormalizeChampionGrade
2026-10-07T13:07:12.4255104Z --- PASS: TestR150NormalizeChampionGrade (0.00s)
2026-10-07T13:07:12.4255793Z === RUN   TestR150YourGGOPAndSKeepDistinctGradesAndOrder
2026-10-07T13:07:12.4256302Z --- PASS: TestR150YourGGOPAndSKeepDistinctGradesAndOrder (0.00s)
2026-10-07T13:07:12.4256800Z === RUN   TestR150LocalGradeNeverBecomesDisplayedScore
2026-10-07T13:07:12.4257268Z --- PASS: TestR150LocalGradeNeverBecomesDisplayedScore (0.00s)
2026-10-07T13:07:12.4257759Z === RUN   TestR150ArenaHeaderDiagnosticOnlyRecordsListMetadata
2026-10-07T13:07:12.4284354Z --- PASS: TestR150ArenaHeaderDiagnosticOnlyRecordsListMetadata (0.00s)
2026-10-07T13:07:12.4286118Z === RUN   TestR150ArenaDetailResponseOmitsRemovedMixedSourceStats
2026-10-07T13:07:12.4287317Z --- PASS: TestR150ArenaDetailResponseOmitsRemovedMixedSourceStats (0.00s)
2026-10-07T13:07:12.4288470Z === RUN   TestR151YourGGAugmentsKeepOfficialGradesScoresAndCatalogRarity
2026-10-07T13:07:12.4289704Z --- PASS: TestR151YourGGAugmentsKeepOfficialGradesScoresAndCatalogRarity (0.00s)
2026-10-07T13:07:12.4290669Z === RUN   TestR151PartialYourGGAugmentsFallBackAsAWhole
2026-10-07T13:07:12.4291495Z --- PASS: TestR151PartialYourGGAugmentsFallBackAsAWhole (0.00s)
2026-10-07T13:07:12.4292432Z === RUN   TestR151StructuredArenaUsesYourGGAugmentsAndFallsBackToOPGG
2026-10-07T13:07:12.4293554Z === RUN   TestR151StructuredArenaUsesYourGGAugmentsAndFallsBackToOPGG/official
2026-10-07T13:07:12.4295923Z --- PASS: TestR151StructuredArenaUsesYourGGAugmentsAndFallsBackToOPGG/official (0.00s)
2026-10-07T13:07:12.4297753Z === RUN   TestR151StructuredArenaUsesYourGGAugmentsAndFallsBackToOPGG/aggregate_failure
2026-10-07T13:07:12.4301489Z --- PASS: TestR151StructuredArenaUsesYourGGAugmentsAndFallsBackToOPGG/aggregate_failure (0.00s)
2026-10-07T13:07:12.4304000Z === RUN   TestR151StructuredArenaUsesYourGGAugmentsAndFallsBackToOPGG/missing_augments
2026-10-07T13:07:12.4308736Z --- PASS: TestR151StructuredArenaUsesYourGGAugmentsAndFallsBackToOPGG/missing_augments (0.00s)
2026-10-07T13:07:12.4310212Z --- PASS: TestR151StructuredArenaUsesYourGGAugmentsAndFallsBackToOPGG (0.00s)
2026-10-07T13:07:12.4311172Z === RUN   TestR152AugmentRowToleranceAndCounters
2026-10-07T13:07:12.4313796Z === RUN   TestR152AugmentRowToleranceAndCounters/matches
2026-10-07T13:07:12.4315237Z --- PASS: TestR152AugmentRowToleranceAndCounters/matches (0.00s)
2026-10-07T13:07:12.4316066Z === RUN   TestR152AugmentRowToleranceAndCounters/score
2026-10-07T13:07:12.4316740Z --- PASS: TestR152AugmentRowToleranceAndCounters/score (0.00s)
2026-10-07T13:07:12.4317526Z === RUN   TestR152AugmentRowToleranceAndCounters/grade
2026-10-07T13:07:12.4318319Z --- PASS: TestR152AugmentRowToleranceAndCounters/grade (0.00s)
2026-10-07T13:07:12.4319016Z === RUN   TestR152AugmentRowToleranceAndCounters/id
2026-10-07T13:07:12.4320706Z --- PASS: TestR152AugmentRowToleranceAndCounters/id (0.00s)
2026-10-07T13:07:12.4321585Z --- PASS: TestR152AugmentRowToleranceAndCounters (0.00s)
2026-10-07T13:07:12.4322430Z === RUN   TestR152DuplicateAugmentKeepsMostMatchesAndFirstTie
2026-10-07T13:07:12.4323414Z === RUN   TestR152DuplicateAugmentKeepsMostMatchesAndFirstTie/more_matches
2026-10-07T13:07:12.4324547Z --- PASS: TestR152DuplicateAugmentKeepsMostMatchesAndFirstTie/more_matches (0.00s)
2026-10-07T13:07:12.4325705Z === RUN   TestR152DuplicateAugmentKeepsMostMatchesAndFirstTie/equal_matches
2026-10-07T13:07:12.4327123Z --- PASS: TestR152DuplicateAugmentKeepsMostMatchesAndFirstTie/equal_matches (0.00s)
2026-10-07T13:07:12.4336429Z === RUN   TestR152DuplicateAugmentKeepsMostMatchesAndFirstTie/fewer_matches
2026-10-07T13:07:12.4337740Z --- PASS: TestR152DuplicateAugmentKeepsMostMatchesAndFirstTie/fewer_matches (0.00s)
2026-10-07T13:07:12.4338983Z --- PASS: TestR152DuplicateAugmentKeepsMostMatchesAndFirstTie (0.00s)
2026-10-07T13:07:12.4340005Z === RUN   TestR152AugmentFallbackThresholdAndQualities
2026-10-07T13:07:12.4340902Z --- PASS: TestR152AugmentFallbackThresholdAndQualities (0.00s)
2026-10-07T13:07:12.4341953Z === RUN   TestR152StructuredArenaAugmentDiagnostics
2026-10-07T13:07:12.4342807Z === RUN   TestR152StructuredArenaAugmentDiagnostics/single_invalid_row
2026-10-07T13:07:12.4343846Z --- PASS: TestR152StructuredArenaAugmentDiagnostics/single_invalid_row (0.00s)
2026-10-07T13:07:12.4344855Z === RUN   TestR152StructuredArenaAugmentDiagnostics/too_many_invalid
2026-10-07T13:07:12.4345887Z --- PASS: TestR152StructuredArenaAugmentDiagnostics/too_many_invalid (0.00s)
2026-10-07T13:07:12.4346956Z === RUN   TestR152StructuredArenaAugmentDiagnostics/quality_missing
2026-10-07T13:07:12.4348079Z --- PASS: TestR152StructuredArenaAugmentDiagnostics/quality_missing (0.00s)
2026-10-07T13:07:12.4349145Z === RUN   TestR152StructuredArenaAugmentDiagnostics/aggregate_failed
2026-10-07T13:07:12.4350003Z --- PASS: TestR152StructuredArenaAugmentDiagnostics/aggregate_failed (0.00s)
2026-10-07T13:07:12.4350572Z === RUN   TestR152StructuredArenaAugmentDiagnostics/augment_missing
2026-10-07T13:07:12.4356949Z --- PASS: TestR152StructuredArenaAugmentDiagnostics/augment_missing (0.00s)
2026-10-07T13:07:12.4358000Z === RUN   TestR152StructuredArenaAugmentDiagnostics/catalog_failed
2026-10-07T13:07:12.4367442Z --- PASS: TestR152StructuredArenaAugmentDiagnostics/catalog_failed (0.00s)
2026-10-07T13:07:12.4368458Z === RUN   TestR152StructuredArenaAugmentDiagnostics/catalog_empty
2026-10-07T13:07:12.4439404Z --- PASS: TestR152StructuredArenaAugmentDiagnostics/catalog_empty (0.00s)
2026-10-07T13:07:12.4442855Z --- PASS: TestR152StructuredArenaAugmentDiagnostics (0.01s)
2026-10-07T13:07:12.4446860Z === RUN   TestR153AllGameDataSkinNameIsKnownShapeKey
2026-10-07T13:07:12.4470860Z --- PASS: TestR153AllGameDataSkinNameIsKnownShapeKey (0.00s)
2026-10-07T13:07:12.4480487Z === RUN   TestR156InvitationQueueAndActionDiagnostics
2026-10-07T13:07:12.4481902Z === RUN   TestR156InvitationQueueAndActionDiagnostics/nested_accept_takes_precedence
2026-10-07T13:07:12.4495205Z --- PASS: TestR156InvitationQueueAndActionDiagnostics/nested_accept_takes_precedence (0.01s)
2026-10-07T13:07:12.4497228Z === RUN   TestR156InvitationQueueAndActionDiagnostics/flat_accept_fallback
2026-10-07T13:07:12.4503439Z --- PASS: TestR156InvitationQueueAndActionDiagnostics/flat_accept_fallback (0.00s)
2026-10-07T13:07:12.4505142Z === RUN   TestR156InvitationQueueAndActionDiagnostics/flat_decline_fallback
2026-10-07T13:07:12.4513644Z --- PASS: TestR156InvitationQueueAndActionDiagnostics/flat_decline_fallback (0.00s)
2026-10-07T13:07:12.4515916Z === RUN   TestR156InvitationQueueAndActionDiagnostics/nested_decline
2026-10-07T13:07:12.4526273Z --- PASS: TestR156InvitationQueueAndActionDiagnostics/nested_decline (0.00s)
2026-10-07T13:07:12.4527852Z === RUN   TestR156InvitationQueueAndActionDiagnostics/no_policy
2026-10-07T13:07:12.4536207Z --- PASS: TestR156InvitationQueueAndActionDiagnostics/no_policy (0.00s)
2026-10-07T13:07:12.4537100Z === RUN   TestR156InvitationQueueAndActionDiagnostics/get_failure
2026-10-07T13:07:12.4546195Z --- PASS: TestR156InvitationQueueAndActionDiagnostics/get_failure (0.00s)
2026-10-07T13:07:12.4547287Z === RUN   TestR156InvitationQueueAndActionDiagnostics/post_failure
2026-10-07T13:07:12.4558658Z --- PASS: TestR156InvitationQueueAndActionDiagnostics/post_failure (0.00s)
2026-10-07T13:07:12.4559790Z === RUN   TestR156InvitationQueueAndActionDiagnostics/custom_paused
2026-10-07T13:07:12.4562898Z --- PASS: TestR156InvitationQueueAndActionDiagnostics/custom_paused (0.00s)
2026-10-07T13:07:12.4564188Z === RUN   TestR156InvitationQueueAndActionDiagnostics/custom_paused_after_list
2026-10-07T13:07:12.4572492Z --- PASS: TestR156InvitationQueueAndActionDiagnostics/custom_paused_after_list (0.00s)
2026-10-07T13:07:12.4574151Z --- PASS: TestR156InvitationQueueAndActionDiagnostics (0.02s)
2026-10-07T13:07:12.4575609Z === RUN   TestR156InvitationShapeRecordedOnceAndKeysOnly
2026-10-07T13:07:12.4576979Z --- PASS: TestR156InvitationShapeRecordedOnceAndKeysOnly (0.00s)
2026-10-07T13:07:12.4577998Z === RUN   TestR156SimulatedInvitationActionReachesDiagnosticLog
2026-10-07T13:07:12.4617548Z --- PASS: TestR156SimulatedInvitationActionReachesDiagnosticLog (0.00s)
2026-10-07T13:07:12.4618571Z === RUN   TestR156IdleLCURequestBucketFlushesDuringSession
2026-10-07T13:07:12.4619509Z --- PASS: TestR156IdleLCURequestBucketFlushesDuringSession (0.00s)
2026-10-07T13:07:12.4620387Z === RUN   TestR156LCURequestWindowRolloverAndCloseStillFlush
2026-10-07T13:07:12.4621343Z --- PASS: TestR156LCURequestWindowRolloverAndCloseStillFlush (0.00s)
2026-10-07T13:07:12.4622213Z === RUN   TestR156InvitationRequestDiagnosticPathHidesInvitationID
2026-10-07T13:07:12.4623330Z --- PASS: TestR156InvitationRequestDiagnosticPathHidesInvitationID (0.00s)
2026-10-07T13:07:12.4624378Z === RUN   TestR157CommunityDragonAugmentBackoffAndRecovery
2026-10-07T13:07:12.4625376Z --- PASS: TestR157CommunityDragonAugmentBackoffAndRecovery (0.00s)
2026-10-07T13:07:12.4626526Z === RUN   TestR157CommunityDragonHTTPResponsesNeverCreateBackoff
2026-10-07T13:07:12.4627313Z === RUN   TestR157CommunityDragonHTTPResponsesNeverCreateBackoff/Not_Found
2026-10-07T13:07:12.4627983Z --- PASS: TestR157CommunityDragonHTTPResponsesNeverCreateBackoff/Not_Found (0.00s)
2026-10-07T13:07:12.4628953Z === RUN   TestR157CommunityDragonHTTPResponsesNeverCreateBackoff/Service_Unavailable
2026-10-07T13:07:12.4629706Z --- PASS: TestR157CommunityDragonHTTPResponsesNeverCreateBackoff/Service_Unavailable (0.00s)
2026-10-07T13:07:12.4630387Z --- PASS: TestR157CommunityDragonHTTPResponsesNeverCreateBackoff (0.00s)
2026-10-07T13:07:12.4630883Z === RUN   TestR157CommunityDragonNoResponseBacksOff
2026-10-07T13:07:12.4631615Z --- PASS: TestR157CommunityDragonNoResponseBacksOff (0.00s)
2026-10-07T13:07:12.4632080Z === RUN   TestR157CallerTimeoutDoesNotBackOffCatalog
2026-10-07T13:07:12.4825777Z --- PASS: TestR157CallerTimeoutDoesNotBackOffCatalog (0.02s)
2026-10-07T13:07:12.4826886Z === RUN   TestR157CommunityDragonArenaSupplementBacksOffWithoutLosingBase
2026-10-07T13:07:12.4828108Z --- PASS: TestR157CommunityDragonArenaSupplementBacksOffWithoutLosingBase (0.00s)
2026-10-07T13:07:12.4829250Z === RUN   TestR159MayhemDetailDoesNotWaitForFailedCatalog
2026-10-07T13:07:12.7505269Z --- PASS: TestR159MayhemDetailDoesNotWaitForFailedCatalog (0.27s)
2026-10-07T13:07:12.7506701Z === RUN   TestR157ArenaDetailLoadsFailedCatalogOnce
2026-10-07T13:07:12.7507536Z --- PASS: TestR157ArenaDetailLoadsFailedCatalogOnce (0.00s)
2026-10-07T13:07:12.7508450Z === RUN   TestR157ArenaDetailReturnsQuicklyAfterCatalogTimeout
2026-10-07T13:07:12.7517922Z --- PASS: TestR157ArenaDetailReturnsQuicklyAfterCatalogTimeout (0.00s)
2026-10-07T13:07:12.7519241Z === RUN   TestR157SlowCommunityDragonDoesNotExhaustGameplayOrManualDetail
2026-10-07T13:07:13.1464099Z --- PASS: TestR157SlowCommunityDragonDoesNotExhaustGameplayOrManualDetail (0.39s)
2026-10-07T13:07:13.1465140Z === RUN   TestR159HexdataIconProxyStaysScopedAndServesImage
2026-10-07T13:07:13.1465710Z --- PASS: TestR159HexdataIconProxyStaysScopedAndServesImage (0.00s)
2026-10-07T13:07:13.1466234Z === RUN   TestR159HexdataHeroIconsAndObservedCatalogPersist
2026-10-07T13:07:13.1613276Z --- PASS: TestR159HexdataHeroIconsAndObservedCatalogPersist (0.01s)
2026-10-07T13:07:13.1614251Z === RUN   TestR159HexdataIconSurvivesCatalogEnrichment
2026-10-07T13:07:13.1615106Z --- PASS: TestR159HexdataIconSurvivesCatalogEnrichment (0.00s)
2026-10-07T13:07:13.1616027Z === RUN   TestR159OfflinePerksCatalogSeesHeroIconsAfterBaseCache
2026-10-07T13:07:13.1626149Z --- PASS: TestR159OfflinePerksCatalogSeesHeroIconsAfterBaseCache (0.00s)
2026-10-07T13:07:13.1627110Z === RUN   TestR160BundledAugmentArtMatchesScreenshotIDs
2026-10-07T13:07:13.1628031Z --- PASS: TestR160BundledAugmentArtMatchesScreenshotIDs (0.00s)
2026-10-07T13:07:13.1628951Z === RUN   TestR160ArenaAugmentsResolveWithoutCommunityDragon
2026-10-07T13:07:13.1630821Z --- PASS: TestR160ArenaAugmentsResolveWithoutCommunityDragon (0.00s)
2026-10-07T13:07:13.1631752Z === RUN   TestR160OverviewAugmentCatalogDoesNotWaitForPerks
2026-10-07T13:07:13.1642663Z --- PASS: TestR160OverviewAugmentCatalogDoesNotWaitForPerks (0.00s)
2026-10-07T13:07:13.1643430Z === RUN   TestR160ArenaAggregateHasBoundedDetailBudget
2026-10-07T13:07:14.1650385Z --- PASS: TestR160ArenaAggregateHasBoundedDetailBudget (1.00s)
2026-10-07T13:07:14.1651440Z === RUN   TestR160MayhemUsesBundledArtAndStrictProxy
2026-10-07T13:07:14.1661399Z --- PASS: TestR160MayhemUsesBundledArtAndStrictProxy (0.00s)
2026-10-07T13:07:14.1662269Z === RUN   TestR160OverviewChampionNamesColdStart
2026-10-07T13:07:14.1663048Z --- PASS: TestR160OverviewChampionNamesColdStart (0.00s)
2026-10-07T13:07:14.1663782Z === RUN   TestR160OfflineOverviewChampionIcon
2026-10-07T13:07:14.1664485Z --- PASS: TestR160OfflineOverviewChampionIcon (0.00s)
2026-10-07T13:07:14.1665332Z === RUN   TestR160SuccessfulSlowImageDiagnosticReachesLog
2026-10-07T13:07:14.1692868Z --- PASS: TestR160SuccessfulSlowImageDiagnosticReachesLog (0.00s)
2026-10-07T13:07:14.1693965Z === RUN   TestR161IncompleteRankedRosterDoesNotFreeze
2026-10-07T13:07:14.1694815Z --- PASS: TestR161IncompleteRankedRosterDoesNotFreeze (0.00s)
2026-10-07T13:07:14.1695992Z === RUN   TestR161LiveClientRosterIdentityIsParsedAndCloned
2026-10-07T13:07:14.1697003Z --- PASS: TestR161LiveClientRosterIdentityIsParsedAndCloned (0.00s)
2026-10-07T13:07:14.1698007Z === RUN   TestR161RecoverMissingOpponentsFromVerifiedPlayerlist
2026-10-07T13:07:14.1699106Z --- PASS: TestR161RecoverMissingOpponentsFromVerifiedPlayerlist (0.00s)
2026-10-07T13:07:14.1700045Z === RUN   TestR163TenPlayerQueueAndSnapshotCompleteness
2026-10-07T13:07:14.1700957Z --- PASS: TestR163TenPlayerQueueAndSnapshotCompleteness (0.00s)
2026-10-07T13:07:14.1702229Z === RUN   TestR163PositionlessHextechPlayerlistRequiresAllTen
2026-10-07T13:07:14.1703251Z --- PASS: TestR163PositionlessHextechPlayerlistRequiresAllTen (0.00s)
2026-10-07T13:07:14.1704397Z === RUN   TestR163AnonymousSlotOnlyOnVerifiedShortTeam
2026-10-07T13:07:14.1707457Z --- PASS: TestR163AnonymousSlotOnlyOnVerifiedShortTeam (0.00s)
2026-10-07T13:07:14.1708807Z === RUN   TestR165ChampSelectAutofillOnlyUsesMyTeam
2026-10-07T13:07:14.1709668Z --- PASS: TestR165ChampSelectAutofillOnlyUsesMyTeam (0.00s)
2026-10-07T13:07:14.1710499Z === RUN   TestR165LiveAutofillSnapshotStaysInOneGame
2026-10-07T13:07:14.1711377Z --- PASS: TestR165LiveAutofillSnapshotStaysInOneGame (0.00s)
2026-10-07T13:07:14.1712226Z === RUN   TestR165LivePrivacyAndAutofillAcrossPhases
2026-10-07T13:07:14.1815113Z --- PASS: TestR165LivePrivacyAndAutofillAcrossPhases (0.01s)
2026-10-07T13:07:14.1815918Z === RUN   TestR166AbilityRadarGradeAnchorsAndBounds
2026-10-07T13:07:14.1816686Z --- PASS: TestR166AbilityRadarGradeAnchorsAndBounds (0.00s)
2026-10-07T13:07:14.1817128Z === RUN   TestR166RSCDiagnosticHasSafeFields
2026-10-07T13:07:14.1817531Z --- PASS: TestR166RSCDiagnosticHasSafeFields (0.00s)
2026-10-07T13:07:14.1817976Z === RUN   TestR166MayhemRSCPrefetchMergesWithDetailFlight
2026-10-07T13:07:14.2026056Z --- PASS: TestR166MayhemRSCPrefetchMergesWithDetailFlight (0.02s)
2026-10-07T13:07:14.2027622Z === RUN   TestR166ArenaAggregateStartsBeforeOPGGVersionCompletes
2026-10-07T13:07:14.2028576Z --- PASS: TestR166ArenaAggregateStartsBeforeOPGGVersionCompletes (0.00s)
2026-10-07T13:07:14.2029536Z === RUN   TestR166ArenaVersionWarmupSkipsDetailLookupUntilExpiry
2026-10-07T13:07:14.2030593Z --- PASS: TestR166ArenaVersionWarmupSkipsDetailLookupUntilExpiry (0.00s)
2026-10-07T13:07:14.2031718Z === RUN   TestR173StarterNetOpeningInventory
2026-10-07T13:07:14.2032439Z --- PASS: TestR173StarterNetOpeningInventory (0.00s)
2026-10-07T13:07:14.2033319Z === RUN   TestR173SpecialistListNeverWaitsForStarterTimeline
2026-10-07T13:07:14.2220138Z --- PASS: TestR173SpecialistListNeverWaitsForStarterTimeline (0.02s)
2026-10-07T13:07:14.2221165Z === RUN   TestR173ProOpeningCacheAndRawShapePrivacy
2026-10-07T13:07:14.2932676Z --- PASS: TestR173ProOpeningCacheAndRawShapePrivacy (0.07s)
2026-10-07T13:07:14.2933744Z === RUN   TestR173ProOpeningWorkersReserveForegroundSlot
2026-10-07T13:07:14.2934699Z --- PASS: TestR173ProOpeningWorkersReserveForegroundSlot (0.00s)
2026-10-07T13:07:14.2935688Z === RUN   TestR173StartupUsesOnlyDiskProfilesThenPageRefreshes
2026-10-07T13:07:14.3109021Z --- PASS: TestR173StartupUsesOnlyDiskProfilesThenPageRefreshes (0.02s)
2026-10-07T13:07:14.3110085Z === RUN   TestR173StarterRequestBudgetAndOptionalFailure
2026-10-07T13:07:14.3110682Z --- PASS: TestR173StarterRequestBudgetAndOptionalFailure (0.00s)
2026-10-07T13:07:14.3111274Z === RUN   TestR173OpeningInventoryCapsAndUndoSale
2026-10-07T13:07:14.3111889Z --- PASS: TestR173OpeningInventoryCapsAndUndoSale (0.00s)
2026-10-07T13:07:14.3112414Z === RUN   TestR173BackgroundTerminalAndOpeningShareThreeSlots
2026-10-07T13:07:14.3418705Z --- PASS: TestR173BackgroundTerminalAndOpeningShareThreeSlots (0.03s)
2026-10-07T13:07:14.3419366Z === RUN   TestR175RecoveredRosterEndToEnd
2026-10-07T13:07:14.3419843Z === RUN   TestR175RecoveredRosterEndToEnd/anonymous-ally
2026-10-07T13:07:14.3483330Z --- PASS: TestR175RecoveredRosterEndToEnd/anonymous-ally (0.01s)
2026-10-07T13:07:14.3483933Z === RUN   TestR175RecoveredRosterEndToEnd/ranked-anonymous-ally
2026-10-07T13:07:14.3543604Z --- PASS: TestR175RecoveredRosterEndToEnd/ranked-anonymous-ally (0.01s)
2026-10-07T13:07:14.3544620Z === RUN   TestR175RecoveredRosterEndToEnd/named-ally
2026-10-07T13:07:14.3603650Z --- PASS: TestR175RecoveredRosterEndToEnd/named-ally (0.01s)
2026-10-07T13:07:14.3604525Z === RUN   TestR175RecoveredRosterEndToEnd/partial-ally
2026-10-07T13:07:14.3660353Z --- PASS: TestR175RecoveredRosterEndToEnd/partial-ally (0.01s)
2026-10-07T13:07:14.3661531Z --- PASS: TestR175RecoveredRosterEndToEnd (0.02s)
2026-10-07T13:07:14.3662300Z === RUN   TestR175CachePanicReleasesAllWaiters
2026-10-07T13:07:14.3997088Z --- PASS: TestR175CachePanicReleasesAllWaiters (0.03s)
2026-10-07T13:07:14.3997904Z === RUN   TestR175PrewarmPanicIsContained
2026-10-07T13:07:14.4034770Z --- PASS: TestR175PrewarmPanicIsContained (0.00s)
2026-10-07T13:07:14.4035507Z === RUN   TestR175AuthorizedHTTPPanic
2026-10-07T13:07:14.4062453Z --- PASS: TestR175AuthorizedHTTPPanic (0.00s)
2026-10-07T13:07:14.4063657Z === RUN   TestR175PanicDiagnosticPrivacyAndKinds
2026-10-07T13:07:14.4064827Z === RUN   TestR175PanicDiagnosticPrivacyAndKinds/index-out-of-range
2026-10-07T13:07:14.4065875Z --- PASS: TestR175PanicDiagnosticPrivacyAndKinds/index-out-of-range (0.00s)
2026-10-07T13:07:14.4066840Z === RUN   TestR175PanicDiagnosticPrivacyAndKinds/nil-pointer
2026-10-07T13:07:14.4068113Z --- PASS: TestR175PanicDiagnosticPrivacyAndKinds/nil-pointer (0.00s)
2026-10-07T13:07:14.4069043Z === RUN   TestR175PanicDiagnosticPrivacyAndKinds/slice-bounds
2026-10-07T13:07:14.4069937Z --- PASS: TestR175PanicDiagnosticPrivacyAndKinds/slice-bounds (0.00s)
2026-10-07T13:07:14.4070865Z === RUN   TestR175PanicDiagnosticPrivacyAndKinds/type-assertion
2026-10-07T13:07:14.4071826Z --- PASS: TestR175PanicDiagnosticPrivacyAndKinds/type-assertion (0.00s)
2026-10-07T13:07:14.4072731Z === RUN   TestR175PanicDiagnosticPrivacyAndKinds/closed-channel
2026-10-07T13:07:14.4073660Z --- PASS: TestR175PanicDiagnosticPrivacyAndKinds/closed-channel (0.00s)
2026-10-07T13:07:14.4074482Z === RUN   TestR175PanicDiagnosticPrivacyAndKinds/other
2026-10-07T13:07:14.4075301Z --- PASS: TestR175PanicDiagnosticPrivacyAndKinds/other (0.00s)
2026-10-07T13:07:14.4076168Z --- PASS: TestR175PanicDiagnosticPrivacyAndKinds (0.00s)
2026-10-07T13:07:14.4076959Z === RUN   TestR175EveryBackendGoroutineHasItsOwnRecovery
2026-10-07T13:07:14.5399404Z --- PASS: TestR175EveryBackendGoroutineHasItsOwnRecovery (0.13s)
2026-10-07T13:07:14.5400441Z === RUN   TestR175PanicInPoolJobsDoesNotStrandProducer
2026-10-07T13:07:14.5454038Z --- PASS: TestR175PanicInPoolJobsDoesNotStrandProducer (0.01s)
2026-10-07T13:07:14.5455059Z === RUN   TestR177StarterForegroundReserve
2026-10-07T13:07:14.5502881Z --- PASS: TestR177StarterForegroundReserve (0.00s)
2026-10-07T13:07:14.5503814Z === RUN   TestR177StarterFullQuotaHasRetryWithoutFailureCooldown
2026-10-07T13:07:14.5540709Z --- PASS: TestR177StarterFullQuotaHasRetryWithoutFailureCooldown (0.00s)
2026-10-07T13:07:14.5541681Z === RUN   TestR177StarterOtherErrorsKeepCooldown
2026-10-07T13:07:14.5542413Z === RUN   TestR177StarterOtherErrorsKeepCooldown/404
2026-10-07T13:07:14.5583101Z --- PASS: TestR177StarterOtherErrorsKeepCooldown/404 (0.00s)
2026-10-07T13:07:14.5584152Z === RUN   TestR177StarterOtherErrorsKeepCooldown/500
2026-10-07T13:07:14.5624880Z --- PASS: TestR177StarterOtherErrorsKeepCooldown/500 (0.00s)
2026-10-07T13:07:14.5626380Z --- PASS: TestR177StarterOtherErrorsKeepCooldown (0.01s)
2026-10-07T13:07:14.5626873Z === RUN   TestR177StarterBatchMixedCountsAndPrivacy
2026-10-07T13:07:14.5665885Z --- PASS: TestR177StarterBatchMixedCountsAndPrivacy (0.00s)
2026-10-07T13:07:14.5666865Z === RUN   TestR177ChampionLanesExistingProviderCacheAndValidation
2026-10-07T13:07:14.5696871Z --- PASS: TestR177ChampionLanesExistingProviderCacheAndValidation (0.00s)
2026-10-07T13:07:14.5697831Z === RUN   TestR177LaneDiagnosticShapeAllowlist
2026-10-07T13:07:14.5725992Z --- PASS: TestR177LaneDiagnosticShapeAllowlist (0.00s)
2026-10-07T13:07:14.5726772Z === RUN   TestR177StarterShortQueueWaitIsObserved
2026-10-07T13:07:14.5795141Z --- PASS: TestR177StarterShortQueueWaitIsObserved (0.01s)
2026-10-07T13:07:14.5796043Z === RUN   TestR177StarterUpstream429IsNotMatchFailure
2026-10-07T13:07:14.5838567Z --- PASS: TestR177StarterUpstream429IsNotMatchFailure (0.00s)
2026-10-07T13:07:14.5839394Z === RUN   TestR178GameflowExactPosition
2026-10-07T13:07:14.5840110Z --- PASS: TestR178GameflowExactPosition (0.00s)
2026-10-07T13:07:14.5841210Z === RUN   TestR178RealRosterPositionsAndPendingCache
2026-10-07T13:07:14.5905204Z --- PASS: TestR178RealRosterPositionsAndPendingCache (0.01s)
2026-10-07T13:07:14.5906803Z === RUN   TestR178NonLaneOtherPreserved
2026-10-07T13:07:14.5937034Z --- PASS: TestR178NonLaneOtherPreserved (0.00s)
2026-10-07T13:07:14.5937776Z === RUN   TestR178FreshnessEvidenceSwitchAndSelf
2026-10-07T13:07:16.6203479Z --- PASS: TestR178FreshnessEvidenceSwitchAndSelf (2.03s)
2026-10-07T13:07:16.6204358Z === RUN   TestR178FreshnessSampleFailure
2026-10-07T13:07:16.6447545Z --- PASS: TestR178FreshnessSampleFailure (0.02s)
2026-10-07T13:07:16.6448135Z === RUN   TestR178FreshnessConcurrentAllPlayers
2026-10-07T13:07:16.6699365Z --- PASS: TestR178FreshnessConcurrentAllPlayers (0.03s)
2026-10-07T13:07:16.6700303Z === RUN   TestR178FreshnessMixedQueues
2026-10-07T13:07:16.6701087Z --- PASS: TestR178FreshnessMixedQueues (0.00s)
2026-10-07T13:07:16.6702065Z === RUN   TestR179SpecialistPrefetchCoalescesVisibleRows
2026-10-07T13:07:16.6960619Z --- PASS: TestR179SpecialistPrefetchCoalescesVisibleRows (0.03s)
2026-10-07T13:07:16.6961661Z === RUN   TestR179ChampselectLobbyInferenceAndStableGroups
2026-10-07T13:07:16.6962656Z === RUN   TestR179ChampselectLobbyInferenceAndStableGroups/lobby-two
2026-10-07T13:07:16.7010864Z --- PASS: TestR179ChampselectLobbyInferenceAndStableGroups/lobby-two (0.01s)
2026-10-07T13:07:16.7012079Z === RUN   TestR179ChampselectLobbyInferenceAndStableGroups/self-only
2026-10-07T13:07:16.7067217Z --- PASS: TestR179ChampselectLobbyInferenceAndStableGroups/self-only (0.01s)
2026-10-07T13:07:16.7068854Z === RUN   TestR179ChampselectLobbyInferenceAndStableGroups/lobby-failed
2026-10-07T13:07:16.7150027Z --- PASS: TestR179ChampselectLobbyInferenceAndStableGroups/lobby-failed (0.01s)
2026-10-07T13:07:16.7151346Z --- PASS: TestR179ChampselectLobbyInferenceAndStableGroups (0.02s)
2026-10-07T13:07:16.7153372Z === RUN   TestR179ClientDiagnosticsTransportToLog
2026-10-07T13:07:16.7230152Z --- PASS: TestR179ClientDiagnosticsTransportToLog (0.01s)
2026-10-07T13:07:16.7231191Z === RUN   TestR179PrefetchedCountRequiresSuccessfulPrefetchLoader
2026-10-07T13:07:16.7275255Z --- PASS: TestR179PrefetchedCountRequiresSuccessfulPrefetchLoader (0.00s)
2026-10-07T13:07:16.7276292Z === RUN   TestR180MergedLatestSameQueueAndDedup
2026-10-07T13:07:16.7518576Z --- PASS: TestR180MergedLatestSameQueueAndDedup (0.02s)
2026-10-07T13:07:16.7519539Z === RUN   TestR180BypassStaleSGPCacheWithoutWriting
2026-10-07T13:07:16.7769051Z --- PASS: TestR180BypassStaleSGPCacheWithoutWriting (0.02s)
2026-10-07T13:07:16.7769903Z === RUN   TestR180SourceFailuresAndSelf
2026-10-07T13:07:16.7770615Z === RUN   TestR180SourceFailuresAndSelf/sgp-failed
2026-10-07T13:07:16.8018890Z --- PASS: TestR180SourceFailuresAndSelf/sgp-failed (0.02s)
2026-10-07T13:07:16.8019594Z === RUN   TestR180SourceFailuresAndSelf/lcu-failed
2026-10-07T13:07:16.8255655Z --- PASS: TestR180SourceFailuresAndSelf/lcu-failed (0.02s)
2026-10-07T13:07:16.8256566Z === RUN   TestR180SourceFailuresAndSelf/sgp-unavailable
2026-10-07T13:07:16.8490011Z --- PASS: TestR180SourceFailuresAndSelf/sgp-unavailable (0.02s)
2026-10-07T13:07:16.8491292Z === RUN   TestR180SourceFailuresAndSelf/self
2026-10-07T13:07:16.8732592Z --- PASS: TestR180SourceFailuresAndSelf/self (0.02s)
2026-10-07T13:07:16.8733424Z --- PASS: TestR180SourceFailuresAndSelf (0.10s)
2026-10-07T13:07:16.8734051Z === RUN   TestR180PollingFlightsAndExpiry
2026-10-07T13:07:16.9013450Z --- PASS: TestR180PollingFlightsAndExpiry (0.03s)
2026-10-07T13:07:16.9014279Z === RUN   TestR180SGPFirstAvoidsSlowLCU
2026-10-07T13:07:16.9257088Z --- PASS: TestR180SGPFirstAvoidsSlowLCU (0.02s)
2026-10-07T13:07:16.9257876Z === RUN   TestR180QualitySkippedCountsAndSlots
2026-10-07T13:07:16.9258417Z --- PASS: TestR180QualitySkippedCountsAndSlots (0.00s)
2026-10-07T13:07:16.9258915Z === RUN   TestR180RealRosterStageDiagnostics
2026-10-07T13:07:16.9673244Z --- PASS: TestR180RealRosterStageDiagnostics (0.04s)
2026-10-07T13:07:16.9674524Z === RUN   TestR181SelfLatestMergeAndPreviousGame
2026-10-07T13:07:16.9922404Z --- PASS: TestR181SelfLatestMergeAndPreviousGame (0.02s)
2026-10-07T13:07:16.9924380Z === RUN   TestR181SelfSGPFailureKeepsLCU
2026-10-07T13:07:17.0181006Z --- PASS: TestR181SelfSGPFailureKeepsLCU (0.03s)
2026-10-07T13:07:17.0181840Z === RUN   TestR181SelfRefreshRecordsOnlyChangedLatest
2026-10-07T13:07:17.0440016Z --- PASS: TestR181SelfRefreshRecordsOnlyChangedLatest (0.03s)
2026-10-07T13:07:17.0440997Z === RUN   TestR181FreshnessSixRecordCapAndQueueBoundary
2026-10-07T13:07:17.0441898Z === RUN   TestR181FreshnessSixRecordCapAndQueueBoundary/cap
2026-10-07T13:07:17.0718595Z --- PASS: TestR181FreshnessSixRecordCapAndQueueBoundary/cap (0.03s)
2026-10-07T13:07:17.0719570Z === RUN   TestR181FreshnessSixRecordCapAndQueueBoundary/0
2026-10-07T13:07:17.0965425Z --- PASS: TestR181FreshnessSixRecordCapAndQueueBoundary/0 (0.02s)
2026-10-07T13:07:17.0966736Z === RUN   TestR181FreshnessSixRecordCapAndQueueBoundary/420
2026-10-07T13:07:17.1219480Z --- PASS: TestR181FreshnessSixRecordCapAndQueueBoundary/420 (0.03s)
2026-10-07T13:07:17.1220438Z === RUN   TestR181FreshnessSixRecordCapAndQueueBoundary/next-inprogress
2026-10-07T13:07:17.1441683Z --- PASS: TestR181FreshnessSixRecordCapAndQueueBoundary/next-inprogress (0.02s)
2026-10-07T13:07:17.1442899Z --- PASS: TestR181FreshnessSixRecordCapAndQueueBoundary (0.10s)
2026-10-07T13:07:17.1443957Z === RUN   TestR181LaneMatchupFullRowsAndRecommendationCache
2026-10-07T13:07:17.1453666Z --- PASS: TestR181LaneMatchupFullRowsAndRecommendationCache (0.00s)
2026-10-07T13:07:17.1454486Z === RUN   TestR181DiagnosticsFromActualSenders
2026-10-07T13:07:17.1493925Z --- PASS: TestR181DiagnosticsFromActualSenders (0.00s)
2026-10-07T13:07:17.1494905Z === RUN   TestR181RealSelfCanonicalReferenceAndObservedPrevious
2026-10-07T13:07:17.1748043Z --- PASS: TestR181RealSelfCanonicalReferenceAndObservedPrevious (0.03s)
2026-10-07T13:07:17.1749619Z === RUN   TestR183RankedAnonymousEnemy
2026-10-07T13:07:17.1750444Z === RUN   TestR183RankedAnonymousEnemy/440
2026-10-07T13:07:17.1788944Z --- PASS: TestR183RankedAnonymousEnemy/440 (0.00s)
2026-10-07T13:07:17.1789741Z === RUN   TestR183RankedAnonymousEnemy/420
2026-10-07T13:07:17.1822113Z --- PASS: TestR183RankedAnonymousEnemy/420 (0.00s)
2026-10-07T13:07:17.1822977Z --- PASS: TestR183RankedAnonymousEnemy (0.01s)
2026-10-07T13:07:17.1823643Z === RUN   TestR183AnonymousSafetyGates
2026-10-07T13:07:17.1824387Z === RUN   TestR183AnonymousSafetyGates/too-many-anonymous
2026-10-07T13:07:17.1853662Z --- PASS: TestR183AnonymousSafetyGates/too-many-anonymous (0.00s)
2026-10-07T13:07:17.1854576Z === RUN   TestR183AnonymousSafetyGates/named-unresolved
2026-10-07T13:07:17.1884482Z --- PASS: TestR183AnonymousSafetyGates/named-unresolved (0.00s)
2026-10-07T13:07:17.1886046Z === RUN   TestR183AnonymousSafetyGates/teams-unverified
2026-10-07T13:07:17.1916625Z --- PASS: TestR183AnonymousSafetyGates/teams-unverified (0.00s)
2026-10-07T13:07:17.1917568Z === RUN   TestR183AnonymousSafetyGates/self-unverified
2026-10-07T13:07:17.1944634Z --- PASS: TestR183AnonymousSafetyGates/self-unverified (0.00s)
2026-10-07T13:07:17.1945357Z === RUN   TestR183AnonymousSafetyGates/self-live-unverified
2026-10-07T13:07:17.1971463Z --- PASS: TestR183AnonymousSafetyGates/self-live-unverified (0.00s)
2026-10-07T13:07:17.1972670Z --- PASS: TestR183AnonymousSafetyGates (0.01s)
2026-10-07T13:07:17.1973362Z === RUN   TestR183RecoveryCacheLifecycle
2026-10-07T13:07:17.2020826Z --- PASS: TestR183RecoveryCacheLifecycle (0.00s)
2026-10-07T13:07:17.2021386Z === RUN   TestR183PartialResultCached
2026-10-07T13:07:17.2059525Z --- PASS: TestR183PartialResultCached (0.00s)
2026-10-07T13:07:17.2060335Z === RUN   TestR183RankedAnonymousEnemyEndToEnd
2026-10-07T13:07:17.2204438Z --- PASS: TestR183RankedAnonymousEnemyEndToEnd (0.01s)
2026-10-07T13:07:17.2205335Z === RUN   TestR183RecoveryConcurrentAndStaleFlight
2026-10-07T13:07:17.2206152Z === RUN   TestR183RecoveryConcurrentAndStaleFlight/false
2026-10-07T13:07:17.2236409Z --- PASS: TestR183RecoveryConcurrentAndStaleFlight/false (0.00s)
2026-10-07T13:07:17.2237099Z === RUN   TestR183RecoveryConcurrentAndStaleFlight/true
2026-10-07T13:07:17.2274701Z --- PASS: TestR183RecoveryConcurrentAndStaleFlight/true (0.00s)
2026-10-07T13:07:17.2276056Z --- PASS: TestR183RecoveryConcurrentAndStaleFlight (0.01s)
2026-10-07T13:07:17.2276532Z === RUN   TestR184CandidatePrivacyAndSettingsFilter
2026-10-07T13:07:17.2868413Z --- PASS: TestR184CandidatePrivacyAndSettingsFilter (0.06s)
2026-10-07T13:07:17.2869039Z === RUN   TestR184ReadOnlyLockActionAndRigDiagnostics
2026-10-07T13:07:17.3727699Z --- PASS: TestR184ReadOnlyLockActionAndRigDiagnostics (0.09s)
2026-10-07T13:07:17.3728673Z === RUN   TestR184ChangeAttributionAndWriteBlocked
2026-10-07T13:07:17.3729497Z === RUN   TestR184ChangeAttributionAndWriteBlocked/game_end
2026-10-07T13:07:17.4476654Z --- PASS: TestR184ChangeAttributionAndWriteBlocked/game_end (0.07s)
2026-10-07T13:07:17.4477757Z === RUN   TestR184ChangeAttributionAndWriteBlocked/champselect
2026-10-07T13:07:17.5249578Z --- PASS: TestR184ChangeAttributionAndWriteBlocked/champselect (0.08s)
2026-10-07T13:07:17.5250827Z === RUN   TestR184ChangeAttributionAndWriteBlocked/read-only-no-change
2026-10-07T13:07:17.6199343Z --- PASS: TestR184ChangeAttributionAndWriteBlocked/read-only-no-change (0.09s)
2026-10-07T13:07:17.6200370Z === RUN   TestR184ChangeAttributionAndWriteBlocked/changed-and-restored-not-blocked
2026-10-07T13:07:17.7128836Z --- PASS: TestR184ChangeAttributionAndWriteBlocked/changed-and-restored-not-blocked (0.09s)
2026-10-07T13:07:17.7130063Z --- PASS: TestR184ChangeAttributionAndWriteBlocked (0.34s)
2026-10-07T13:07:17.7130864Z === RUN   TestR184StageDedupAndConnectionPrime
2026-10-07T13:07:17.8586895Z --- PASS: TestR184StageDedupAndConnectionPrime (0.15s)
2026-10-07T13:07:17.8587739Z === RUN   TestR184DelayedStageLifecycle
2026-10-07T13:07:18.0713704Z --- PASS: TestR184DelayedStageLifecycle (0.21s)
2026-10-07T13:07:18.0714298Z === RUN   TestR184BoundedAndSymlinkReads
2026-10-07T13:07:18.1522963Z --- PASS: TestR184BoundedAndSymlinkReads (0.08s)
2026-10-07T13:07:18.1523867Z === RUN   TestR184WatchOwnershipAndOutsideInstallation
2026-10-07T13:07:18.2369124Z --- PASS: TestR184WatchOwnershipAndOutsideInstallation (0.08s)
2026-10-07T13:07:18.2369697Z === RUN   TestR185FacadeFingerprintAndSummary
2026-10-07T13:07:18.2399655Z --- PASS: TestR185FacadeFingerprintAndSummary (0.00s)
2026-10-07T13:07:18.2419245Z === RUN   TestR185FacadeFiveSecondTrailingAndProjection
2026-10-07T13:07:18.2420149Z --- PASS: TestR185FacadeFiveSecondTrailingAndProjection (0.00s)
2026-10-07T13:07:18.2420901Z === RUN   TestR185FacadeStateWithoutSkins
2026-10-07T13:07:18.2450953Z --- PASS: TestR185FacadeStateWithoutSkins (0.00s)
2026-10-07T13:07:18.2451691Z === RUN   TestR185BackendRuntimeMetricsAndHTTP
2026-10-07T13:07:18.2535526Z --- PASS: TestR185BackendRuntimeMetricsAndHTTP (0.01s)
2026-10-07T13:07:18.2536038Z === RUN   TestR185RendererAndRequestDiagnosticSchema
2026-10-07T13:07:18.2569969Z --- PASS: TestR185RendererAndRequestDiagnosticSchema (0.00s)
2026-10-07T13:07:18.2570822Z === RUN   TestR186InstallDetectionFiveReasons
2026-10-07T13:07:18.2786556Z --- PASS: TestR186InstallDetectionFiveReasons (0.02s)
2026-10-07T13:07:18.2787422Z === RUN   TestR186PortableDownloadApplyAndFailures
2026-10-07T13:07:18.3107772Z --- PASS: TestR186PortableDownloadApplyAndFailures (0.03s)
2026-10-07T13:07:18.3108897Z === RUN   TestR186DataMigrationNeverOverwritesAndKeepsSourceOnFailure
2026-10-07T13:07:18.3231238Z --- PASS: TestR186DataMigrationNeverOverwritesAndKeepsSourceOnFailure (0.01s)
2026-10-07T13:07:18.3232220Z === RUN   TestR186AllSettingChangesAndLCUABComparison
2026-10-07T13:07:18.3232724Z --- PASS: TestR186AllSettingChangesAndLCUABComparison (0.00s)
2026-10-07T13:07:18.3233224Z === RUN   TestSettlementSettingsWatchDoesNotSynchronize
2026-10-07T13:07:18.3964233Z --- PASS: TestSettlementSettingsWatchDoesNotSynchronize (0.07s)
2026-10-07T13:07:18.3966055Z === RUN   TestR186MigrationPreflightStopsInstallerAndRejectsNestedTarget
2026-10-07T13:07:18.4025577Z --- PASS: TestR186MigrationPreflightStopsInstallerAndRejectsNestedTarget (0.01s)
2026-10-07T13:07:18.4027149Z === RUN   TestR187InvalidatePlayerAllSourcesScopesAndFlights
2026-10-07T13:07:18.4027718Z --- PASS: TestR187InvalidatePlayerAllSourcesScopesAndFlights (0.00s)
2026-10-07T13:07:18.4028915Z === RUN   TestR187InvalidatedWaiterAndLeaderReceiveFreshRank
2026-10-07T13:07:18.4030958Z --- PASS: TestR187InvalidatedWaiterAndLeaderReceiveFreshRank (0.00s)
2026-10-07T13:07:18.4032113Z === RUN   TestR187ObserveRejectsPostCaptureRegressionAndFallbackNextGame
2026-10-07T13:07:18.4461289Z --- PASS: TestR187ObserveRejectsPostCaptureRegressionAndFallbackNextGame (0.04s)
2026-10-07T13:07:18.4462709Z === RUN   TestR187ObserveAllowsSameGamesAndIncreasingGames
2026-10-07T13:07:18.4633916Z --- PASS: TestR187ObserveAllowsSameGamesAndIncreasingGames (0.02s)
2026-10-07T13:07:18.4634717Z === RUN   TestR187EndOfGameOverviewReadsFreshRank
2026-10-07T13:07:18.4704361Z --- PASS: TestR187EndOfGameOverviewReadsFreshRank (0.01s)
2026-10-07T13:07:18.4707510Z === RUN   TestR187ForceOverviewReadsAndRepopulatesRankCache
2026-10-07T13:07:18.4766482Z --- PASS: TestR187ForceOverviewReadsAndRepopulatesRankCache (0.01s)
2026-10-07T13:07:18.4767352Z === RUN   TestR187CaptureInvalidatesEveryCompletion
2026-10-07T13:07:18.4768124Z === RUN   TestR187CaptureInvalidatesEveryCompletion/record
2026-10-07T13:07:18.4959575Z --- PASS: TestR187CaptureInvalidatesEveryCompletion/record (0.02s)
2026-10-07T13:07:18.4960290Z === RUN   TestR187CaptureInvalidatesEveryCompletion/skip
2026-10-07T13:07:18.5201932Z --- PASS: TestR187CaptureInvalidatesEveryCompletion/skip (0.02s)
2026-10-07T13:07:18.5202920Z === RUN   TestR187CaptureInvalidatesEveryCompletion/timeout
2026-10-07T13:07:18.5388768Z --- PASS: TestR187CaptureInvalidatesEveryCompletion/timeout (0.02s)
2026-10-07T13:07:18.5390683Z === RUN   TestR187CaptureInvalidatesEveryCompletion/session-failed
2026-10-07T13:07:18.5499633Z --- PASS: TestR187CaptureInvalidatesEveryCompletion/session-failed (0.01s)
2026-10-07T13:07:18.5501557Z === RUN   TestR187CaptureInvalidatesEveryCompletion/unranked
2026-10-07T13:07:18.5641554Z --- PASS: TestR187CaptureInvalidatesEveryCompletion/unranked (0.01s)
2026-10-07T13:07:18.5642522Z --- PASS: TestR187CaptureInvalidatesEveryCompletion (0.09s)
2026-10-07T13:07:18.5643700Z === RUN   TestR187EndOfGameInvalidatesTierOnlyAndOtherSources
2026-10-07T13:07:18.5645480Z --- PASS: TestR187EndOfGameInvalidatesTierOnlyAndOtherSources (0.00s)
2026-10-07T13:07:18.5646114Z === RUN   TestR187FallbackWithoutStartKeepsLatestQueueBaseline
2026-10-07T13:07:18.5834711Z --- PASS: TestR187FallbackWithoutStartKeepsLatestQueueBaseline (0.02s)
2026-10-07T13:07:18.5836754Z === RUN   TestR188LaneMatchupPlacementDiagnosticAllowlist
2026-10-07T13:07:18.5866925Z --- PASS: TestR188LaneMatchupPlacementDiagnosticAllowlist (0.00s)
2026-10-07T13:07:18.5868126Z === RUN   TestR189ParseLootEmoteCatalog
2026-10-07T13:07:18.5868874Z --- PASS: TestR189ParseLootEmoteCatalog (0.00s)
2026-10-07T13:07:18.5869703Z === RUN   TestR189RegisteredEmoteCatalogEnrichment
2026-10-07T13:07:18.5884283Z --- PASS: TestR189RegisteredEmoteCatalogEnrichment (0.00s)
2026-10-07T13:07:18.5885147Z === RUN   TestR189UnknownLootFallbackAndDiagnostic
2026-10-07T13:07:18.5886007Z === RUN   TestR189UnknownLootFallbackAndDiagnostic/EMOTE_1468
2026-10-07T13:07:18.5887286Z --- PASS: TestR189UnknownLootFallbackAndDiagnostic/EMOTE_1468 (0.00s)
2026-10-07T13:07:18.5888980Z === RUN   TestR189UnknownLootFallbackAndDiagnostic/EMOTE_FUTURE
2026-10-07T13:07:18.5890141Z --- PASS: TestR189UnknownLootFallbackAndDiagnostic/EMOTE_FUTURE (0.00s)
2026-10-07T13:07:18.5891197Z === RUN   TestR189UnknownLootFallbackAndDiagnostic/WARD_SKIN_RENTAL_123
2026-10-07T13:07:18.5892251Z --- PASS: TestR189UnknownLootFallbackAndDiagnostic/WARD_SKIN_RENTAL_123 (0.00s)
2026-10-07T13:07:18.5893308Z === RUN   TestR189UnknownLootFallbackAndDiagnostic/SUMMONER_ICON_456
2026-10-07T13:07:18.5894774Z --- PASS: TestR189UnknownLootFallbackAndDiagnostic/SUMMONER_ICON_456 (0.00s)
2026-10-07T13:07:18.5895731Z === RUN   TestR189UnknownLootFallbackAndDiagnostic/CHEST_999999
2026-10-07T13:07:18.5896733Z --- PASS: TestR189UnknownLootFallbackAndDiagnostic/CHEST_999999 (0.00s)
2026-10-07T13:07:18.5897737Z === RUN   TestR189UnknownLootFallbackAndDiagnostic/MATERIAL_FUTURE
2026-10-07T13:07:18.5898414Z --- PASS: TestR189UnknownLootFallbackAndDiagnostic/MATERIAL_FUTURE (0.00s)
2026-10-07T13:07:18.5899415Z --- PASS: TestR189UnknownLootFallbackAndDiagnostic (0.00s)
2026-10-07T13:07:18.5900135Z === RUN   TestR189OwnershipFromItemStatus
2026-10-07T13:07:18.5900768Z --- PASS: TestR189OwnershipFromItemStatus (0.00s)
2026-10-07T13:07:18.5902369Z === RUN   TestR189EmotePublicFallbackAndBothUnavailable
2026-10-07T13:07:18.5903135Z === RUN   TestR189EmotePublicFallbackAndBothUnavailable/true
2026-10-07T13:07:18.5903900Z --- PASS: TestR189EmotePublicFallbackAndBothUnavailable/true (0.00s)
2026-10-07T13:07:18.5904638Z === RUN   TestR189EmotePublicFallbackAndBothUnavailable/false
2026-10-07T13:07:18.5905614Z --- PASS: TestR189EmotePublicFallbackAndBothUnavailable/false (0.00s)
2026-10-07T13:07:18.5906207Z --- PASS: TestR189EmotePublicFallbackAndBothUnavailable (0.00s)
2026-10-07T13:07:18.5906610Z === RUN   TestR190LCUAndRiotPerkStats
2026-10-07T13:07:18.5906943Z --- PASS: TestR190LCUAndRiotPerkStats (0.00s)
2026-10-07T13:07:18.5907318Z === RUN   TestR190RiotOldCacheInvalidationV4AndHTTP
2026-10-07T13:07:18.6383409Z --- PASS: TestR190RiotOldCacheInvalidationV4AndHTTP (0.05s)
2026-10-07T13:07:18.6384240Z === RUN   TestR190PerkCatalogTemplates
2026-10-07T13:07:18.6384880Z --- PASS: TestR190PerkCatalogTemplates (0.00s)
2026-10-07T13:07:18.6385571Z === RUN   TestR190AugmentDescriptionSources
2026-10-07T13:07:18.6386845Z === RUN   TestR190AugmentDescriptionSources/攻击时施加攻击特效。
2026-10-07T13:07:18.7719449Z --- PASS: TestR190AugmentDescriptionSources/攻击时施加攻击特效。 (0.13s)
2026-10-07T13:07:18.7720483Z === RUN   TestR190AugmentDescriptionSources/#00
2026-10-07T13:07:18.9372268Z --- PASS: TestR190AugmentDescriptionSources/#00 (0.17s)
2026-10-07T13:07:18.9373715Z === RUN   TestR190AugmentDescriptionSources/海克斯图鉴中可读取说明
2026-10-07T13:07:19.0693164Z --- PASS: TestR190AugmentDescriptionSources/海克斯图鉴中可读取说明 (0.13s)
2026-10-07T13:07:19.0693756Z --- PASS: TestR190AugmentDescriptionSources (0.43s)
2026-10-07T13:07:19.0694244Z === RUN   TestR190AugmentDescriptionValidationAndConcurrency
2026-10-07T13:07:19.1016283Z --- PASS: TestR190AugmentDescriptionValidationAndConcurrency (0.03s)
2026-10-07T13:07:19.1017050Z === RUN   TestR190CommunityDragonTemplatesMergeAndFailure
2026-10-07T13:07:19.1017647Z === RUN   TestR190CommunityDragonTemplatesMergeAndFailure/false
2026-10-07T13:07:19.1147165Z --- PASS: TestR190CommunityDragonTemplatesMergeAndFailure/false (0.01s)
2026-10-07T13:07:19.1148094Z === RUN   TestR190CommunityDragonTemplatesMergeAndFailure/true
2026-10-07T13:07:19.1167203Z --- PASS: TestR190CommunityDragonTemplatesMergeAndFailure/true (0.00s)
2026-10-07T13:07:19.1168267Z --- PASS: TestR190CommunityDragonTemplatesMergeAndFailure (0.02s)
2026-10-07T13:07:19.1169126Z === RUN   TestR191_01RiotSGPPresence
2026-10-07T13:07:19.1173382Z --- PASS: TestR191_01RiotSGPPresence (0.00s)
2026-10-07T13:07:19.1174731Z === RUN   TestR191_02LCUPresence
2026-10-07T13:07:19.1177282Z --- PASS: TestR191_02LCUPresence (0.00s)
2026-10-07T13:07:19.1177904Z === RUN   TestR191_03OneMissingDropsGroup
2026-10-07T13:07:19.1185675Z --- PASS: TestR191_03OneMissingDropsGroup (0.00s)
2026-10-07T13:07:19.1186318Z === RUN   TestR191_04V2CacheRoundtrip
2026-10-07T13:07:19.1447858Z --- PASS: TestR191_04V2CacheRoundtrip (0.03s)
2026-10-07T13:07:19.1448486Z === RUN   TestR191_05PresenceCountsAndCaps
2026-10-07T13:07:19.1489208Z --- PASS: TestR191_05PresenceCountsAndCaps (0.00s)
2026-10-07T13:07:19.1489732Z === RUN   TestR191_06SubjectSamples
2026-10-07T13:07:19.1490062Z === RUN   TestR191_06SubjectSamples/riot
2026-10-07T13:07:19.1520979Z --- PASS: TestR191_06SubjectSamples/riot (0.00s)
2026-10-07T13:07:19.1521530Z === RUN   TestR191_06SubjectSamples/sgp
2026-10-07T13:07:19.1554090Z --- PASS: TestR191_06SubjectSamples/sgp (0.00s)
2026-10-07T13:07:19.1554853Z === RUN   TestR191_06SubjectSamples/lcu
2026-10-07T13:07:19.1585337Z --- PASS: TestR191_06SubjectSamples/lcu (0.00s)
2026-10-07T13:07:19.1615476Z --- PASS: TestR191_06SubjectSamples (0.01s)
2026-10-07T13:07:19.1616328Z === RUN   TestR191_07SampleCap
2026-10-07T13:07:19.1646395Z --- PASS: TestR191_07SampleCap (0.00s)
2026-10-07T13:07:19.1647065Z === RUN   TestR191_08DiagnosticExport
2026-10-07T13:07:19.1679879Z --- PASS: TestR191_08DiagnosticExport (0.00s)
2026-10-07T13:07:19.1680577Z === RUN   TestR191_11DirectoryFallbackHTTP
2026-10-07T13:07:19.1681218Z === RUN   TestR191_11DirectoryFallbackHTTP/error
2026-10-07T13:07:19.2123545Z --- PASS: TestR191_11DirectoryFallbackHTTP/error (0.04s)
2026-10-07T13:07:19.2124414Z === RUN   TestR191_11DirectoryFallbackHTTP/invalid
2026-10-07T13:07:19.2639512Z --- PASS: TestR191_11DirectoryFallbackHTTP/invalid (0.05s)
2026-10-07T13:07:19.2640389Z === RUN   TestR191_11DirectoryFallbackHTTP/not-found
2026-10-07T13:07:19.3366618Z --- PASS: TestR191_11DirectoryFallbackHTTP/not-found (0.07s)
2026-10-07T13:07:19.3367396Z --- PASS: TestR191_11DirectoryFallbackHTTP (0.17s)
2026-10-07T13:07:19.3368044Z === RUN   TestR191_12FallbackBuildUnavailable
2026-10-07T13:07:19.3797978Z --- PASS: TestR191_12FallbackBuildUnavailable (0.04s)
2026-10-07T13:07:19.3798561Z === RUN   TestR191_13NormalGuide
2026-10-07T13:07:19.5501771Z --- PASS: TestR191_13NormalGuide (0.17s)
2026-10-07T13:07:19.5502405Z === RUN   TestR194QuickplayAnonymousTopEndToEnd
2026-10-07T13:07:19.5594610Z --- PASS: TestR194QuickplayAnonymousTopEndToEnd (0.01s)
2026-10-07T13:07:19.5595507Z === RUN   TestR194TenPlayerQueues
2026-10-07T13:07:19.5596120Z --- PASS: TestR194TenPlayerQueues (0.00s)
2026-10-07T13:07:19.5596794Z === RUN   TestR194BotsAndUnsupportedDiagnostic
2026-10-07T13:07:19.5597639Z === RUN   TestR194BotsAndUnsupportedDiagnostic/880-once-per-game
2026-10-07T13:07:19.5737884Z --- PASS: TestR194BotsAndUnsupportedDiagnostic/880-once-per-game (0.01s)
2026-10-07T13:07:19.5738690Z === RUN   TestR194BotsAndUnsupportedDiagnostic/isBot-independent-gate-and-cache
2026-10-07T13:07:19.5807728Z --- PASS: TestR194BotsAndUnsupportedDiagnostic/isBot-independent-gate-and-cache (0.01s)
2026-10-07T13:07:19.5808946Z --- PASS: TestR194BotsAndUnsupportedDiagnostic (0.02s)
2026-10-07T13:07:19.5809704Z === RUN   TestR194QuickplaySnapshotComplete
2026-10-07T13:07:19.5856220Z --- PASS: TestR194QuickplaySnapshotComplete (0.00s)
2026-10-07T13:07:19.5856847Z === RUN   TestR195InstallationPathNormalization
2026-10-07T13:07:19.5984791Z --- PASS: TestR195InstallationPathNormalization (0.01s)
2026-10-07T13:07:19.5985611Z === RUN   TestR195InstallationSymlinkNormalization
2026-10-07T13:07:19.6030606Z --- PASS: TestR195InstallationSymlinkNormalization (0.00s)
2026-10-07T13:07:19.6031198Z === RUN   TestR195InstallationDefaultFallbackAndDiagnostics
2026-10-07T13:07:19.6318633Z --- PASS: TestR195InstallationDefaultFallbackAndDiagnostics (0.03s)
2026-10-07T13:07:19.6319563Z === RUN   TestR196ProbeSelectsFastMirror
2026-10-07T13:07:21.7646846Z --- PASS: TestR196ProbeSelectsFastMirror (2.13s)
2026-10-07T13:07:21.7647441Z === RUN   TestR196SlowSourceSwitchResumesAndHashes
2026-10-07T13:07:22.0043270Z --- PASS: TestR196SlowSourceSwitchResumesAndHashes (0.24s)
2026-10-07T13:07:22.0044428Z === RUN   TestR196AllSlowStayFastest
2026-10-07T13:07:22.1278686Z --- PASS: TestR196AllSlowStayFastest (0.12s)
2026-10-07T13:07:22.1279344Z === RUN   TestR196PreferredSourcePersistedAndCheckedFirst
2026-10-07T13:07:22.1692035Z --- PASS: TestR196PreferredSourcePersistedAndCheckedFirst (0.04s)
2026-10-07T13:07:22.1693004Z === RUN   TestR196AllProbesFailRetainsFallback
2026-10-07T13:07:22.1901156Z --- PASS: TestR196AllProbesFailRetainsFallback (0.02s)
2026-10-07T13:07:22.1902175Z === RUN   TestR196CancelDeletesPartialAndRecords
2026-10-07T13:07:22.1937211Z --- PASS: TestR196CancelDeletesPartialAndRecords (0.00s)
2026-10-07T13:07:22.1938045Z === RUN   TestR196DiagnosticPrivacyAndProxyPresence
2026-10-07T13:07:22.2261576Z --- PASS: TestR196DiagnosticPrivacyAndProxyPresence (0.03s)
2026-10-07T13:07:22.2262514Z === RUN   TestR196RestartRestoresReadySnapshot
2026-10-07T13:07:22.2781944Z --- PASS: TestR196RestartRestoresReadySnapshot (0.05s)
2026-10-07T13:07:22.2783279Z === RUN   TestR196CustomSourceRetainsBuiltins
2026-10-07T13:07:22.2812042Z --- PASS: TestR196CustomSourceRetainsBuiltins (0.00s)
2026-10-07T13:07:22.2812592Z === RUN   TestR197SennaPostGameReveal
2026-10-07T13:07:22.2812964Z === RUN   TestR197SennaPostGameReveal/2400
2026-10-07T13:07:22.2893305Z --- PASS: TestR197SennaPostGameReveal/2400 (0.01s)
2026-10-07T13:07:22.2894045Z === RUN   TestR197SennaPostGameReveal/440
2026-10-07T13:07:22.2952988Z --- PASS: TestR197SennaPostGameReveal/440 (0.01s)
2026-10-07T13:07:22.2953959Z --- PASS: TestR197SennaPostGameReveal (0.01s)
2026-10-07T13:07:22.2954391Z === RUN   TestR197MatchNotReadyRetries
2026-10-07T13:07:22.2954734Z === RUN   TestR197MatchNotReadyRetries/1
2026-10-07T13:07:22.3021857Z --- PASS: TestR197MatchNotReadyRetries/1 (0.01s)
2026-10-07T13:07:22.3022626Z === RUN   TestR197MatchNotReadyRetries/3
2026-10-07T13:07:22.3064428Z --- PASS: TestR197MatchNotReadyRetries/3 (0.00s)
2026-10-07T13:07:22.3065385Z --- PASS: TestR197MatchNotReadyRetries (0.01s)
2026-10-07T13:07:22.3066127Z === RUN   TestR197AmbiguousAndHiddenParticipants
2026-10-07T13:07:22.3066924Z === RUN   TestR197AmbiguousAndHiddenParticipants/ambiguous
2026-10-07T13:07:22.3114022Z --- PASS: TestR197AmbiguousAndHiddenParticipants/ambiguous (0.00s)
2026-10-07T13:07:22.3115029Z === RUN   TestR197AmbiguousAndHiddenParticipants/hidden
2026-10-07T13:07:22.3160872Z --- PASS: TestR197AmbiguousAndHiddenParticipants/hidden (0.00s)
2026-10-07T13:07:22.3162059Z === RUN   TestR197AmbiguousAndHiddenParticipants/already-present
2026-10-07T13:07:22.3212525Z --- PASS: TestR197AmbiguousAndHiddenParticipants/already-present (0.01s)
2026-10-07T13:07:22.3213458Z === RUN   TestR197AmbiguousAndHiddenParticipants/no-candidate
2026-10-07T13:07:22.3261432Z --- PASS: TestR197AmbiguousAndHiddenParticipants/no-candidate (0.00s)
2026-10-07T13:07:22.3262454Z --- PASS: TestR197AmbiguousAndHiddenParticipants (0.02s)
2026-10-07T13:07:22.3263232Z === RUN   TestR197InProgressNeverLoadsMatch
2026-10-07T13:07:22.3897510Z --- PASS: TestR197InProgressNeverLoadsMatch (0.06s)
2026-10-07T13:07:22.3898320Z === RUN   TestR197NewChampSelectStopsRetries
2026-10-07T13:07:22.3931135Z --- PASS: TestR197NewChampSelectStopsRetries (0.00s)
2026-10-07T13:07:22.3932260Z === RUN   TestR197SnapshotGameMismatchDoesNothing
2026-10-07T13:07:22.3960118Z --- PASS: TestR197SnapshotGameMismatchDoesNothing (0.00s)
2026-10-07T13:07:22.3960982Z === RUN   TestR197RetryGameChangeStopsBeforeHistory
2026-10-07T13:07:22.3993842Z --- PASS: TestR197RetryGameChangeStopsBeforeHistory (0.00s)
2026-10-07T13:07:22.3994670Z === RUN   TestR197PhaseLifecycleRetainsAndCancelsSnapshot
2026-10-07T13:07:22.4022297Z --- PASS: TestR197PhaseLifecycleRetainsAndCancelsSnapshot (0.00s)
2026-10-07T13:07:22.4023026Z === RUN   TestR198CameraSingleFieldPatchAndSave
2026-10-07T13:07:22.4492460Z --- PASS: TestR198CameraSingleFieldPatchAndSave (0.05s)
2026-10-07T13:07:22.4493364Z === RUN   TestR198CameraAlreadyTargetDoesNotPatch
2026-10-07T13:07:22.4940221Z --- PASS: TestR198CameraAlreadyTargetDoesNotPatch (0.04s)
2026-10-07T13:07:22.4940721Z === RUN   TestR198CameraFileBytesPreserved
2026-10-07T13:07:22.5449816Z --- PASS: TestR198CameraFileBytesPreserved (0.05s)
2026-10-07T13:07:22.5450726Z === RUN   TestR198MalformedJSONIsRejected
2026-10-07T13:07:22.5451417Z --- PASS: TestR198MalformedJSONIsRejected (0.00s)
2026-10-07T13:07:22.5451905Z === RUN   TestR198ReadOnlyStillPatchesLCU
2026-10-07T13:07:22.5952469Z --- PASS: TestR198ReadOnlyStillPatchesLCU (0.05s)
2026-10-07T13:07:22.5953600Z === RUN   TestR198NoWritesDuringGame
2026-10-07T13:07:22.5954330Z === RUN   TestR198NoWritesDuringGame/InProgress
2026-10-07T13:07:22.6130861Z --- PASS: TestR198NoWritesDuringGame/InProgress (0.02s)
2026-10-07T13:07:22.6132193Z === RUN   TestR198NoWritesDuringGame/Reconnect
2026-10-07T13:07:22.6268312Z --- PASS: TestR198NoWritesDuringGame/Reconnect (0.01s)
2026-10-07T13:07:22.6268900Z --- PASS: TestR198NoWritesDuringGame (0.03s)
2026-10-07T13:07:22.6269526Z === RUN   TestR198NoneDoesNotReadOrWrite
2026-10-07T13:07:22.6558011Z --- PASS: TestR198NoneDoesNotReadOrWrite (0.03s)
2026-10-07T13:07:22.6559197Z === RUN   TestR198WASDNeverChanges
2026-10-07T13:07:22.6559649Z === RUN   TestR198WASDNeverChanges/dynamic
2026-10-07T13:07:22.7080818Z --- PASS: TestR198WASDNeverChanges/dynamic (0.05s)
2026-10-07T13:07:22.7081626Z === RUN   TestR198WASDNeverChanges/locked
2026-10-07T13:07:22.7355428Z --- PASS: TestR198WASDNeverChanges/locked (0.03s)
2026-10-07T13:07:22.7356328Z === RUN   TestR198WASDNeverChanges/free
2026-10-07T13:07:22.7893837Z --- PASS: TestR198WASDNeverChanges/free (0.05s)
2026-10-07T13:07:22.7895291Z --- PASS: TestR198WASDNeverChanges (0.13s)
2026-10-07T13:07:22.7895742Z === RUN   TestR198UnsafeFilePathsRejected
2026-10-07T13:07:22.8042322Z === RUN   TestR198UnsafeFilePathsRejected/outside
2026-10-07T13:07:22.8043234Z --- PASS: TestR198UnsafeFilePathsRejected/outside (0.00s)
2026-10-07T13:07:22.8043991Z === RUN   TestR198UnsafeFilePathsRejected/symlink
2026-10-07T13:07:22.8051706Z --- PASS: TestR198UnsafeFilePathsRejected/symlink (0.00s)
2026-10-07T13:07:22.8052567Z === RUN   TestR198UnsafeFilePathsRejected/directory-link
2026-10-07T13:07:22.8059848Z --- PASS: TestR198UnsafeFilePathsRejected/directory-link (0.00s)
2026-10-07T13:07:22.8092828Z --- PASS: TestR198UnsafeFilePathsRejected (0.02s)
2026-10-07T13:07:22.8093663Z === RUN   TestR198LobbyOnlyLCUAndPreferencesRetained
2026-10-07T13:07:22.8448805Z --- PASS: TestR198LobbyOnlyLCUAndPreferencesRetained (0.04s)
2026-10-07T13:07:22.8449943Z === RUN   TestR198GameStartRunningProcessSkipsFilesAndVerifyFailure
2026-10-07T13:07:22.9082813Z --- PASS: TestR198GameStartRunningProcessSkipsFilesAndVerifyFailure (0.06s)
2026-10-07T13:07:22.9083612Z === RUN   TestR198JSONShapesAndAmbiguousFields
2026-10-07T13:07:22.9084224Z --- PASS: TestR198JSONShapesAndAmbiguousFields (0.00s)
2026-10-07T13:07:22.9084655Z === RUN   TestR198InGameSnapshotReportsActualFiles
2026-10-07T13:07:22.9711688Z --- PASS: TestR198InGameSnapshotReportsActualFiles (0.06s)
2026-10-07T13:07:22.9712285Z === RUN   TestR198FinalRecheckAfterStageProbe
2026-10-07T13:07:22.9712795Z === RUN   TestR198FinalRecheckAfterStageProbe/read-only
2026-10-07T13:07:23.0030635Z --- PASS: TestR198FinalRecheckAfterStageProbe/read-only (0.03s)
2026-10-07T13:07:23.0031445Z === RUN   TestR198FinalRecheckAfterStageProbe/changed
2026-10-07T13:07:23.0665867Z --- PASS: TestR198FinalRecheckAfterStageProbe/changed (0.06s)
2026-10-07T13:07:23.0666801Z === RUN   TestR198FinalRecheckAfterStageProbe/symlink
2026-10-07T13:07:23.0959071Z --- PASS: TestR198FinalRecheckAfterStageProbe/symlink (0.03s)
2026-10-07T13:07:23.0959985Z --- PASS: TestR198FinalRecheckAfterStageProbe (0.12s)
2026-10-07T13:07:23.0960668Z === RUN   TestR200OfferedSubsetOnly
2026-10-07T13:07:23.0981902Z --- PASS: TestR200OfferedSubsetOnly (0.00s)
2026-10-07T13:07:23.0982580Z === RUN   TestR200NoPoolChampion
2026-10-07T13:07:23.0990236Z --- PASS: TestR200NoPoolChampion (0.00s)
2026-10-07T13:07:23.0990943Z === RUN   TestR200SubsetUnavailableNeverFallsBack
2026-10-07T13:07:23.0998156Z --- PASS: TestR200SubsetUnavailableNeverFallsBack (0.00s)
2026-10-07T13:07:23.0998938Z === RUN   TestR200SubsetDiscoveryAndParsing
2026-10-07T13:07:23.1006585Z === RUN   TestR200SubsetDiscoveryAndParsing/help-object
2026-10-07T13:07:23.1021266Z --- PASS: TestR200SubsetDiscoveryAndParsing/help-object (0.00s)
2026-10-07T13:07:23.1021929Z === RUN   TestR200SubsetDiscoveryAndParsing/first-integers
2026-10-07T13:07:23.1043309Z --- PASS: TestR200SubsetDiscoveryAndParsing/first-integers (0.00s)
2026-10-07T13:07:23.1043925Z === RUN   TestR200SubsetDiscoveryAndParsing/second-objects
2026-10-07T13:07:23.1062923Z --- PASS: TestR200SubsetDiscoveryAndParsing/second-objects (0.00s)
2026-10-07T13:07:23.1064184Z === RUN   TestR200SubsetDiscoveryAndParsing/malformed-first
2026-10-07T13:07:23.1081723Z --- PASS: TestR200SubsetDiscoveryAndParsing/malformed-first (0.00s)
2026-10-07T13:07:23.1082327Z === RUN   TestR200SubsetDiscoveryAndParsing/non-200-first
2026-10-07T13:07:23.1102853Z --- PASS: TestR200SubsetDiscoveryAndParsing/non-200-first (0.00s)
2026-10-07T13:07:23.1103796Z --- PASS: TestR200SubsetDiscoveryAndParsing (0.01s)
2026-10-07T13:07:23.1104598Z === RUN   TestR200ChangedCardsPreferEarlierPoolHero
2026-10-07T13:07:23.1158345Z --- PASS: TestR200ChangedCardsPreferEarlierPoolHero (0.01s)
2026-10-07T13:07:23.1159325Z === RUN   TestR200PickFailureAdvancesAndStopsAtSix
2026-10-07T13:07:23.1266467Z --- PASS: TestR200PickFailureAdvancesAndStopsAtSix (0.01s)
2026-10-07T13:07:23.1267374Z === RUN   TestR200BenchPostflight
2026-10-07T13:07:23.1268065Z === RUN   TestR200BenchPostflight/applied
2026-10-07T13:07:23.1290051Z --- PASS: TestR200BenchPostflight/applied (0.00s)
2026-10-07T13:07:23.1290564Z === RUN   TestR200BenchPostflight/not-applied
2026-10-07T13:07:23.1338202Z --- PASS: TestR200BenchPostflight/not-applied (0.00s)
2026-10-07T13:07:23.1338944Z === RUN   TestR200BenchPostflight/target-gone
2026-10-07T13:07:23.1373459Z --- PASS: TestR200BenchPostflight/target-gone (0.00s)
2026-10-07T13:07:23.1374180Z --- PASS: TestR200BenchPostflight (0.01s)
2026-10-07T13:07:23.1374811Z === RUN   TestR200UnfinishedPickBlocksBench
2026-10-07T13:07:23.1377605Z --- PASS: TestR200UnfinishedPickBlocksBench (0.00s)
2026-10-07T13:07:23.1378344Z === RUN   TestR200CameraSaveHelpThenProbe
2026-10-07T13:07:23.1379595Z === RUN   TestR200CameraSaveHelpThenProbe/ok-help{"functions":[{"name":"POST_/lol-game-settings/v1/save"}]}
2026-10-07T13:07:23.1381036Z --- PASS: TestR200CameraSaveHelpThenProbe/ok-help{"functions":[{"name":"POST_/lol-game-settings/v1/save"}]} (0.00s)
2026-10-07T13:07:23.1382486Z === RUN   TestR200CameraSaveHelpThenProbe/ok-probe{}
2026-10-07T13:07:23.1383247Z --- PASS: TestR200CameraSaveHelpThenProbe/ok-probe{} (0.00s)
2026-10-07T13:07:23.1384061Z === RUN   TestR200CameraSaveHelpThenProbe/unsupported{}
2026-10-07T13:07:23.1384919Z --- PASS: TestR200CameraSaveHelpThenProbe/unsupported{} (0.00s)
2026-10-07T13:07:23.1385800Z === RUN   TestR200CameraSaveHelpThenProbe/unsupported{}#01
2026-10-07T13:07:23.1386690Z --- PASS: TestR200CameraSaveHelpThenProbe/unsupported{}#01 (0.00s)
2026-10-07T13:07:23.1387526Z === RUN   TestR200CameraSaveHelpThenProbe/failed{}
2026-10-07T13:07:23.1388321Z --- PASS: TestR200CameraSaveHelpThenProbe/failed{} (0.00s)
2026-10-07T13:07:23.1389099Z --- PASS: TestR200CameraSaveHelpThenProbe (0.00s)
2026-10-07T13:07:23.1389776Z === RUN   TestR201ReadOnlyCameraAndRelockRetry
2026-10-07T13:07:23.1390479Z === RUN   TestR201ReadOnlyCameraAndRelockRetry/0
2026-10-07T13:07:23.1843759Z --- PASS: TestR201ReadOnlyCameraAndRelockRetry/0 (0.05s)
2026-10-07T13:07:23.1844650Z === RUN   TestR201ReadOnlyCameraAndRelockRetry/1
2026-10-07T13:07:23.2331403Z --- PASS: TestR201ReadOnlyCameraAndRelockRetry/1 (0.05s)
2026-10-07T13:07:23.2332328Z === RUN   TestR201ReadOnlyCameraAndRelockRetry/2
2026-10-07T13:07:23.2769546Z --- PASS: TestR201ReadOnlyCameraAndRelockRetry/2 (0.04s)
2026-10-07T13:07:23.2770620Z --- PASS: TestR201ReadOnlyCameraAndRelockRetry (0.14s)
2026-10-07T13:07:23.2771409Z === RUN   TestR201MissingLCUCameraIsNotPresent
2026-10-07T13:07:23.3164109Z --- PASS: TestR201MissingLCUCameraIsNotPresent (0.04s)
2026-10-07T13:07:23.3164838Z === RUN   TestR201InGameAndNoneNeverUnlock
2026-10-07T13:07:23.3165270Z === RUN   TestR201InGameAndNoneNeverUnlock/InProgress
2026-10-07T13:07:23.3344589Z --- PASS: TestR201InGameAndNoneNeverUnlock/InProgress (0.02s)
2026-10-07T13:07:23.3345488Z === RUN   TestR201InGameAndNoneNeverUnlock/running
2026-10-07T13:07:23.3529138Z --- PASS: TestR201InGameAndNoneNeverUnlock/running (0.02s)
2026-10-07T13:07:23.3529773Z === RUN   TestR201InGameAndNoneNeverUnlock/none
2026-10-07T13:07:23.3782169Z --- PASS: TestR201InGameAndNoneNeverUnlock/none (0.03s)
2026-10-07T13:07:23.3782989Z === RUN   TestR201InGameAndNoneNeverUnlock/settings_changed
2026-10-07T13:07:23.3947646Z --- PASS: TestR201InGameAndNoneNeverUnlock/settings_changed (0.02s)
2026-10-07T13:07:23.3948587Z --- PASS: TestR201InGameAndNoneNeverUnlock (0.08s)
2026-10-07T13:07:23.3949322Z === RUN   TestR201TimingConsumedOnceAndInvalidDeleted
2026-10-07T13:07:23.3986750Z --- PASS: TestR201TimingConsumedOnceAndInvalidDeleted (0.00s)
2026-10-07T13:07:23.3987778Z === RUN   TestR201ProbeWindowCancelsSlowRoutes
2026-10-07T13:07:23.3988433Z === PAUSE TestR201ProbeWindowCancelsSlowRoutes
2026-10-07T13:07:23.3989078Z === RUN   TestR201BothUpdatePathsPassParent
2026-10-07T13:07:23.3989762Z --- PASS: TestR201BothUpdatePathsPassParent (0.00s)
2026-10-07T13:07:23.3990471Z === RUN   TestR204SubsetWithoutPoolChampionNeverSelects
2026-10-07T13:07:23.4008848Z --- PASS: TestR204SubsetWithoutPoolChampionNeverSelects (0.00s)
2026-10-07T13:07:23.4009571Z === RUN   TestR201SubsetConfiguredStrategies
2026-10-07T13:07:23.4010000Z === RUN   TestR201SubsetConfiguredStrategies/show-only
2026-10-07T13:07:23.4030679Z --- PASS: TestR201SubsetConfiguredStrategies/show-only (0.00s)
2026-10-07T13:07:23.4031595Z === RUN   TestR201SubsetConfiguredStrategies/show-then-lock
2026-10-07T13:07:23.4373266Z --- PASS: TestR201SubsetConfiguredStrategies/show-then-lock (0.03s)
2026-10-07T13:07:23.4374395Z === RUN   TestR201SubsetConfiguredStrategies/lock-now
2026-10-07T13:07:23.4391281Z --- PASS: TestR201SubsetConfiguredStrategies/lock-now (0.00s)
2026-10-07T13:07:23.4392067Z --- PASS: TestR201SubsetConfiguredStrategies (0.04s)
2026-10-07T13:07:23.4392802Z === RUN   TestR201CanceledProbeStillFallsBackAfterDownloadError
2026-10-07T13:07:24.4814998Z --- PASS: TestR201CanceledProbeStillFallsBackAfterDownloadError (1.04s)
2026-10-07T13:07:24.4816007Z === RUN   TestR202CardBenchWaitsForFinalization
2026-10-07T13:07:24.4839322Z --- PASS: TestR202CardBenchWaitsForFinalization (0.00s)
2026-10-07T13:07:24.4840284Z === RUN   TestR202PreFinalFailuresRefunded
2026-10-07T13:07:24.4840737Z === RUN   TestR202PreFinalFailuresRefunded/false
2026-10-07T13:07:24.4911862Z --- PASS: TestR202PreFinalFailuresRefunded/false (0.01s)
2026-10-07T13:07:24.4912988Z === RUN   TestR202PreFinalFailuresRefunded/true
2026-10-07T13:07:24.4984223Z --- PASS: TestR202PreFinalFailuresRefunded/true (0.01s)
2026-10-07T13:07:24.4985254Z --- PASS: TestR202PreFinalFailuresRefunded (0.01s)
2026-10-07T13:07:24.4986357Z === RUN   TestR202FirstCardDoesNotYieldButPoolHeroChangeDoes
2026-10-07T13:07:24.4987554Z === RUN   TestR202FirstCardDoesNotYieldButPoolHeroChangeDoes/76
2026-10-07T13:07:24.5007612Z --- PASS: TestR202FirstCardDoesNotYieldButPoolHeroChangeDoes/76 (0.00s)
2026-10-07T13:07:24.5008270Z === RUN   TestR202FirstCardDoesNotYieldButPoolHeroChangeDoes/57
2026-10-07T13:07:24.5017477Z --- PASS: TestR202FirstCardDoesNotYieldButPoolHeroChangeDoes/57 (0.00s)
2026-10-07T13:07:24.5018562Z --- PASS: TestR202FirstCardDoesNotYieldButPoolHeroChangeDoes (0.00s)
2026-10-07T13:07:24.5019319Z === RUN   TestR202BenchHolderPriority
2026-10-07T13:07:24.5019885Z --- PASS: TestR202BenchHolderPriority (0.00s)
2026-10-07T13:07:24.5020929Z === RUN   TestR202CameraSnapshotUsesPersistedOnly
2026-10-07T13:07:24.5945614Z --- PASS: TestR202CameraSnapshotUsesPersistedOnly (0.09s)
2026-10-07T13:07:24.5946200Z === RUN   TestR202LiveHistoryWindowAndPages
2026-10-07T13:07:24.5946800Z === RUN   TestR202LiveHistoryWindowAndPages/filtered
2026-10-07T13:07:24.6184590Z --- PASS: TestR202LiveHistoryWindowAndPages/filtered (0.02s)
2026-10-07T13:07:24.6185633Z === RUN   TestR202LiveHistoryWindowAndPages/filtered-old
2026-10-07T13:07:24.6422002Z --- PASS: TestR202LiveHistoryWindowAndPages/filtered-old (0.02s)
2026-10-07T13:07:24.6423756Z === RUN   TestR202LiveHistoryWindowAndPages/fallback-enough
2026-10-07T13:07:24.6688882Z --- PASS: TestR202LiveHistoryWindowAndPages/fallback-enough (0.03s)
2026-10-07T13:07:24.6690394Z === RUN   TestR202LiveHistoryWindowAndPages/fallback-window
2026-10-07T13:07:24.6958733Z --- PASS: TestR202LiveHistoryWindowAndPages/fallback-window (0.03s)
2026-10-07T13:07:24.6959518Z === RUN   TestR202LiveHistoryWindowAndPages/fallback-limit
2026-10-07T13:07:24.7230091Z --- PASS: TestR202LiveHistoryWindowAndPages/fallback-limit (0.03s)
2026-10-07T13:07:24.7231388Z === RUN   TestR202LiveHistoryWindowAndPages/fallback-exhausted
2026-10-07T13:07:24.7475593Z --- PASS: TestR202LiveHistoryWindowAndPages/fallback-exhausted (0.02s)
2026-10-07T13:07:24.7476555Z --- PASS: TestR202LiveHistoryWindowAndPages (0.15s)
2026-10-07T13:07:24.7477257Z === RUN   TestR202LiveHistoryCacheSeparatesQueue
2026-10-07T13:07:24.7719346Z --- PASS: TestR202LiveHistoryCacheSeparatesQueue (0.02s)
2026-10-07T13:07:24.7720301Z === RUN   TestR202RerollKeepsHeldPoolEvidence
2026-10-07T13:07:24.7726272Z --- PASS: TestR202RerollKeepsHeldPoolEvidence (0.00s)
2026-10-07T13:07:24.7726931Z === RUN   TestR204NoPoolCardThenUserFirstCardAndBench
2026-10-07T13:07:24.7753668Z --- PASS: TestR204NoPoolCardThenUserFirstCardAndBench (0.00s)
2026-10-07T13:07:24.7754601Z === RUN   TestR202DelayedBenchRechecksPhase
2026-10-07T13:07:24.9278954Z --- PASS: TestR202DelayedBenchRechecksPhase (0.15s)
2026-10-07T13:07:24.9279890Z === RUN   TestR203DirtyEventsRecordDuringRefreshAndSuppressFiveSecondsAfter
2026-10-07T13:07:24.9311141Z --- PASS: TestR203DirtyEventsRecordDuringRefreshAndSuppressFiveSecondsAfter (0.00s)
2026-10-07T13:07:24.9311904Z === RUN   TestR203RefreshSourcesAreAllowlistedAndPreserved
2026-10-07T13:07:24.9342300Z --- PASS: TestR203RefreshSourcesAreAllowlistedAndPreserved (0.00s)
2026-10-07T13:07:24.9343715Z === RUN   TestR203IdentityRetryNeverRequestsCatalogEvenForInitialIdentity
2026-10-07T13:07:24.9398292Z --- PASS: TestR203IdentityRetryNeverRequestsCatalogEvenForInitialIdentity (0.01s)
2026-10-07T13:07:24.9399402Z === RUN   TestR203IdentityAndLPWaitersHonorCancellation
2026-10-07T13:07:24.9400285Z --- PASS: TestR203IdentityAndLPWaitersHonorCancellation (0.00s)
2026-10-07T13:07:24.9401508Z === RUN   TestR203SkinDetailsPropagatesRequestCancellation
2026-10-07T13:07:24.9402442Z --- PASS: TestR203SkinDetailsPropagatesRequestCancellation (0.00s)
2026-10-07T13:07:24.9403336Z === RUN   TestR203HeapTopOnlyFunctionsAndMegabytesSorted
2026-10-07T13:07:24.9404204Z --- PASS: TestR203HeapTopOnlyFunctionsAndMegabytesSorted (0.00s)
2026-10-07T13:07:24.9405225Z === RUN   TestR203LobbyHeapProfileOncePerGameEvenWhenSettingsUnavailable
2026-10-07T13:07:24.9484223Z --- PASS: TestR203LobbyHeapProfileOncePerGameEvenWhenSettingsUnavailable (0.01s)
2026-10-07T13:07:24.9485250Z === RUN   TestR203FiveGamesCacheCountsStabilize
2026-10-07T13:07:24.9485814Z === PAUSE TestR203FiveGamesCacheCountsStabilize
2026-10-07T13:07:24.9486845Z === RUN   TestR203BlockingDiagnosticsAcceptOnlyFixedSources
2026-10-07T13:07:24.9516236Z --- PASS: TestR203BlockingDiagnosticsAcceptOnlyFixedSources (0.00s)
2026-10-07T13:07:24.9517208Z === RUN   TestR203SmallDiagnosticAndProfileCachesAreBounded
2026-10-07T13:07:24.9798459Z --- PASS: TestR203SmallDiagnosticAndProfileCachesAreBounded (0.03s)
2026-10-07T13:07:24.9800140Z === RUN   TestR203LPDiagnosticCallbackRunsWithoutTrackerLock
2026-10-07T13:07:24.9926719Z --- PASS: TestR203LPDiagnosticCallbackRunsWithoutTrackerLock (0.01s)
2026-10-07T13:07:24.9927374Z === RUN   TestR203LiveHistoryPanicReleasesFlightForNextRequest
2026-10-07T13:07:24.9930214Z 2026/10/07 13:07:24 {"event":"backend_panic","frames":["main.reportBackendPanic","main.(*app).recordRecoveredPanic","main.(*app).cachedLivePlayerMatches.func1","main.TestR203LiveHistoryPanicReleasesFlightForNextRequest.func1.2","main.(*app).cachedLivePlayerMatches","main.TestR203LiveHistoryPanicReleasesFlightForNextRequest.func1","main.TestR203LiveHistoryPanicReleasesFlightForNextRequest"],"panic_kind":"other","site":"cachedLivePlayerMatches"}
2026-10-07T13:07:24.9932863Z --- PASS: TestR203LiveHistoryPanicReleasesFlightForNextRequest (0.00s)
2026-10-07T13:07:24.9933573Z === RUN   TestR203CollectionRenderFieldsReachDiagnostics
2026-10-07T13:07:24.9956503Z --- PASS: TestR203CollectionRenderFieldsReachDiagnostics (0.00s)
2026-10-07T13:07:24.9957915Z === RUN   TestR203SkinDetailsPanicDoesNotReturnFalseSuccess
2026-10-07T13:07:24.9958853Z --- PASS: TestR203SkinDetailsPanicDoesNotReturnFalseSuccess (0.00s)
2026-10-07T13:07:24.9959805Z === RUN   TestR203FacadePanicReleasesWaitersAndAllowsRetry
2026-10-07T13:07:24.9963573Z 2026/10/07 13:07:24 {"event":"backend_panic","frames":["main.reportBackendPanic","main.(*app).recordRecoveredPanic","main.(*app).recoverPanic","main.TestR203SkinDetailsPanicDoesNotReturnFalseSuccess.func1","main.gameplayRoundTripFunc.RoundTrip","main.(*LCUClient).getBytes","main.(*LCUClient).GetBytesContext","main.SkinAppearanceAPI.BorderStatusContext"],"panic_kind":"other","site":"main.handleSkinDetails.2"}
2026-10-07T13:07:24.9969786Z 2026/10/07 13:07:24 {"event":"backend_panic","frames":["main.reportBackendPanic","main.(*app).recordRecoveredPanic","main.(*app).recoverPanic","main.TestR203SkinDetailsPanicDoesNotReturnFalseSuccess.func1","main.gameplayRoundTripFunc.RoundTrip","main.(*LCUClient).getBytes","main.(*LCUClient).GetBytesContext","main.StoreAPI.SkinPriceContext"],"panic_kind":"other","site":"main.handleSkinDetails.1"}
2026-10-07T13:07:24.9973479Z 2026/10/07 13:07:24 {"event":"backend_panic","frames":["main.reportBackendPanic","main.(*app).recordRecoveredPanic","main.(*app).recoverPanic","main.TestR203FacadePanicReleasesWaitersAndAllowsRetry.func1","main.(*app).cachedFacadeState.func1"],"panic_kind":"other","site":"facade_view_cache.cachedFacadeState.1"}
2026-10-07T13:07:24.9976141Z --- PASS: TestR203FacadePanicReleasesWaitersAndAllowsRetry (0.00s)
2026-10-07T13:07:24.9976822Z === RUN   TestR204KeyPriority
2026-10-07T13:07:25.0090212Z --- PASS: TestR204KeyPriority (0.01s)
2026-10-07T13:07:25.0090723Z === RUN   TestR204KeySaveAndClear
2026-10-07T13:07:25.0383187Z --- PASS: TestR204KeySaveAndClear (0.03s)
2026-10-07T13:07:25.0383884Z === RUN   TestR204KeyMigration
2026-10-07T13:07:25.0384471Z === RUN   TestR204KeyMigration/embedded
2026-10-07T13:07:25.0513810Z --- PASS: TestR204KeyMigration/embedded (0.01s)
2026-10-07T13:07:25.0514339Z === RUN   TestR204KeyMigration/user
2026-10-07T13:07:25.0612097Z --- PASS: TestR204KeyMigration/user (0.01s)
2026-10-07T13:07:25.0612807Z === RUN   TestR204KeyMigration/public
2026-10-07T13:07:25.0629973Z --- PASS: TestR204KeyMigration/public (0.00s)
2026-10-07T13:07:25.0631949Z === RUN   TestR204KeyMigration/cleared
2026-10-07T13:07:25.0708443Z --- PASS: TestR204KeyMigration/cleared (0.01s)
2026-10-07T13:07:25.0709130Z --- PASS: TestR204KeyMigration (0.03s)
2026-10-07T13:07:25.0709764Z === RUN   TestR204KeyRuntime401AndPrivacy
2026-10-07T13:07:25.0826581Z --- PASS: TestR204KeyRuntime401AndPrivacy (0.01s)
2026-10-07T13:07:25.0827344Z === RUN   TestR204CredentialChangeDetachesOldSpecialistFlight
2026-10-07T13:07:25.0846665Z --- PASS: TestR204CredentialChangeDetachesOldSpecialistFlight (0.00s)
2026-10-07T13:07:25.0847975Z === RUN   TestR204PartialInstallTiming
2026-10-07T13:07:25.0848380Z === RUN   TestR204PartialInstallTiming/partial
2026-10-07T13:07:25.0866723Z --- PASS: TestR204PartialInstallTiming/partial (0.00s)
2026-10-07T13:07:25.0868142Z === RUN   TestR204PartialInstallTiming/complete
2026-10-07T13:07:25.0884958Z --- PASS: TestR204PartialInstallTiming/complete (0.00s)
2026-10-07T13:07:25.0885486Z === RUN   TestR204PartialInstallTiming/parse
2026-10-07T13:07:25.0901870Z --- PASS: TestR204PartialInstallTiming/parse (0.00s)
2026-10-07T13:07:25.0902376Z === RUN   TestR204PartialInstallTiming/skew
2026-10-07T13:07:25.0919862Z --- PASS: TestR204PartialInstallTiming/skew (0.00s)
2026-10-07T13:07:25.0920794Z --- PASS: TestR204PartialInstallTiming (0.01s)
2026-10-07T13:07:25.0921287Z === RUN   TestR204ConfirmedPickThenHeroChangeNoFalseFailure
2026-10-07T13:07:25.0926589Z --- PASS: TestR204ConfirmedPickThenHeroChangeNoFalseFailure (0.00s)
2026-10-07T13:07:25.0927115Z === RUN   TestR204CustomHistoryOnePage
2026-10-07T13:07:25.1851053Z --- PASS: TestR204CustomHistoryOnePage (0.09s)
2026-10-07T13:07:25.1852243Z === RUN   TestR204EnoughSGPSkipsLCUExceptSelf
2026-10-07T13:07:25.2330054Z --- PASS: TestR204EnoughSGPSkipsLCUExceptSelf (0.05s)
2026-10-07T13:07:25.2331103Z === RUN   TestR204LiveProgressReplayAndCancellation
2026-10-07T13:07:25.2331821Z --- PASS: TestR204LiveProgressReplayAndCancellation (0.00s)
2026-10-07T13:07:25.2332429Z === RUN   TestR205ShortcutStateConsumedOnceAndPrivate
2026-10-07T13:07:25.2333442Z === RUN   TestR205ShortcutStateConsumedOnceAndPrivate/unchanged
2026-10-07T13:07:25.2356640Z --- PASS: TestR205ShortcutStateConsumedOnceAndPrivate/unchanged (0.00s)
2026-10-07T13:07:25.2357427Z === RUN   TestR205ShortcutStateConsumedOnceAndPrivate/recreated
2026-10-07T13:07:25.2376725Z --- PASS: TestR205ShortcutStateConsumedOnceAndPrivate/recreated (0.00s)
2026-10-07T13:07:25.2377409Z === RUN   TestR205ShortcutStateConsumedOnceAndPrivate/deleted_restored
2026-10-07T13:07:25.2398830Z --- PASS: TestR205ShortcutStateConsumedOnceAndPrivate/deleted_restored (0.00s)
2026-10-07T13:07:25.2400003Z === RUN   TestR205ShortcutStateConsumedOnceAndPrivate/pending
2026-10-07T13:07:25.2418455Z --- PASS: TestR205ShortcutStateConsumedOnceAndPrivate/pending (0.00s)
2026-10-07T13:07:25.2419056Z === RUN   TestR205ShortcutStateConsumedOnceAndPrivate/malformed
2026-10-07T13:07:25.2436556Z --- PASS: TestR205ShortcutStateConsumedOnceAndPrivate/malformed (0.00s)
2026-10-07T13:07:25.2437376Z === RUN   TestR205ShortcutStateConsumedOnceAndPrivate/unknown_field
2026-10-07T13:07:25.2455783Z --- PASS: TestR205ShortcutStateConsumedOnceAndPrivate/unknown_field (0.00s)
2026-10-07T13:07:25.2456520Z === RUN   TestR205ShortcutStateConsumedOnceAndPrivate/private_status
2026-10-07T13:07:25.2473726Z --- PASS: TestR205ShortcutStateConsumedOnceAndPrivate/private_status (0.00s)
2026-10-07T13:07:25.2475211Z === RUN   TestR205ShortcutStateConsumedOnceAndPrivate/private_scope
2026-10-07T13:07:25.2496478Z --- PASS: TestR205ShortcutStateConsumedOnceAndPrivate/private_scope (0.00s)
2026-10-07T13:07:25.2497681Z === RUN   TestR205ShortcutStateConsumedOnceAndPrivate/inaccurate_change
2026-10-07T13:07:25.2515607Z --- PASS: TestR205ShortcutStateConsumedOnceAndPrivate/inaccurate_change (0.00s)
2026-10-07T13:07:25.2516698Z === RUN   TestR205ShortcutStateConsumedOnceAndPrivate/oversize
2026-10-07T13:07:25.2533944Z --- PASS: TestR205ShortcutStateConsumedOnceAndPrivate/oversize (0.00s)
2026-10-07T13:07:25.2534988Z --- PASS: TestR205ShortcutStateConsumedOnceAndPrivate (0.02s)
2026-10-07T13:07:25.2535737Z === RUN   TestR205ShortcutStateRejectsLinkAndPreservesTiming
2026-10-07T13:07:25.2577956Z --- PASS: TestR205ShortcutStateRejectsLinkAndPreservesTiming (0.00s)
2026-10-07T13:07:25.2578797Z === RUN   TestR206ArenaRetryPartialAndAllFailed
2026-10-07T13:07:25.2579510Z === RUN   TestR206ArenaRetryPartialAndAllFailed/first-timeout
2026-10-07T13:07:26.2585027Z --- PASS: TestR206ArenaRetryPartialAndAllFailed/first-timeout (1.00s)
2026-10-07T13:07:26.2585765Z === RUN   TestR206ArenaRetryPartialAndAllFailed/yourgg-failed
2026-10-07T13:07:27.2592805Z --- PASS: TestR206ArenaRetryPartialAndAllFailed/yourgg-failed (1.00s)
2026-10-07T13:07:27.2593897Z === RUN   TestR206ArenaRetryPartialAndAllFailed/opgg-failed
2026-10-07T13:07:27.2595723Z --- PASS: TestR206ArenaRetryPartialAndAllFailed/opgg-failed (0.00s)
2026-10-07T13:07:27.2596595Z === RUN   TestR206ArenaRetryPartialAndAllFailed/both-failed
2026-10-07T13:07:28.2604014Z --- PASS: TestR206ArenaRetryPartialAndAllFailed/both-failed (1.00s)
2026-10-07T13:07:28.2604987Z === RUN   TestR206ArenaRetryPartialAndAllFailed/yourgg-404
2026-10-07T13:07:28.2607687Z --- PASS: TestR206ArenaRetryPartialAndAllFailed/yourgg-404 (0.00s)
2026-10-07T13:07:28.2608656Z --- PASS: TestR206ArenaRetryPartialAndAllFailed (3.00s)
2026-10-07T13:07:28.2610735Z === RUN   TestR206ArenaAttemptBudgetsAndConnectionRetry
2026-10-07T13:07:28.2611590Z --- PASS: TestR206ArenaAttemptBudgetsAndConnectionRetry (0.00s)
2026-10-07T13:07:28.2614000Z === RUN   TestR206ArenaBlockRetryOnlyQueriesRequestedSource
2026-10-07T13:07:28.2614949Z --- PASS: TestR206ArenaBlockRetryOnlyQueriesRequestedSource (0.00s)
2026-10-07T13:07:28.2616174Z === RUN   TestR206StartupPrefetchIdleAndGameBoundary
2026-10-07T13:07:28.2617047Z --- PASS: TestR206StartupPrefetchIdleAndGameBoundary (0.00s)
2026-10-07T13:07:28.2617987Z === RUN   TestR206CollectionEventsLogEveryEventAndThrottle
2026-10-07T13:07:28.2649989Z --- PASS: TestR206CollectionEventsLogEveryEventAndThrottle (0.00s)
2026-10-07T13:07:28.2650878Z === RUN   TestR206CollectionRetryDoesNotReadIdentity
2026-10-07T13:07:28.2655341Z --- PASS: TestR206CollectionRetryDoesNotReadIdentity (0.00s)
2026-10-07T13:07:28.2656598Z === RUN   TestR206LocalImage404NeverFetchesRemote
2026-10-07T13:07:28.2669402Z --- PASS: TestR206LocalImage404NeverFetchesRemote (0.00s)
2026-10-07T13:07:28.2672263Z === RUN   TestR206TranslationsTimeoutUsesPreviousCache
2026-10-07T13:07:28.2673074Z === PAUSE TestR206TranslationsTimeoutUsesPreviousCache
2026-10-07T13:07:28.2674450Z === RUN   TestR206FullCollectionRefreshTranslationTimeoutUnderThreeSeconds
2026-10-07T13:07:28.2675763Z === PAUSE TestR206FullCollectionRefreshTranslationTimeoutUnderThreeSeconds
2026-10-07T13:07:28.2677027Z === RUN   TestR206DisconnectResetsCollectionReadLifecycle
2026-10-07T13:07:28.2677928Z --- PASS: TestR206DisconnectResetsCollectionReadLifecycle (0.00s)
2026-10-07T13:07:28.2678665Z === RUN   TestR206RelayRoutingNoTokenAndDirectPriority
2026-10-07T13:07:28.2813634Z --- PASS: TestR206RelayRoutingNoTokenAndDirectPriority (0.01s)
2026-10-07T13:07:28.2814194Z === RUN   TestR206RelayEmptyAndFailureCooldown
2026-10-07T13:07:28.2834634Z --- PASS: TestR206RelayEmptyAndFailureCooldown (0.00s)
2026-10-07T13:07:28.2835485Z === RUN   TestR206Relay429PreservesBackoff
2026-10-07T13:07:28.2857000Z --- PASS: TestR206Relay429PreservesBackoff (0.00s)
2026-10-07T13:07:28.2857686Z === RUN   TestR207HonorBallotOnlyAtEndgame
2026-10-07T13:07:28.3181495Z --- PASS: TestR207HonorBallotOnlyAtEndgame (0.03s)
2026-10-07T13:07:28.3182442Z === RUN   TestR207ClientDiagnosticsPersistCompleteBoundedFields
2026-10-07T13:07:28.3245897Z --- PASS: TestR207ClientDiagnosticsPersistCompleteBoundedFields (0.01s)
2026-10-07T13:07:28.3246873Z === RUN   TestR207HonorStopsWhenPhaseChangesDuringRead
2026-10-07T13:07:28.3275605Z --- PASS: TestR207HonorStopsWhenPhaseChangesDuringRead (0.00s)
2026-10-07T13:07:28.3276419Z === RUN   TestR208RelayQuotaDaily
2026-10-07T13:07:28.3276794Z === RUN   TestR208RelayQuotaDaily/probe=true/html
2026-10-07T13:07:28.3451670Z --- PASS: TestR208RelayQuotaDaily/probe=true/html (0.02s)
2026-10-07T13:07:28.3452586Z === RUN   TestR208RelayQuotaDaily/probe=true/non-json-type
2026-10-07T13:07:28.3586427Z --- PASS: TestR208RelayQuotaDaily/probe=true/non-json-type (0.01s)
2026-10-07T13:07:28.3587109Z === RUN   TestR208RelayQuotaDaily/probe=true/1027-json
2026-10-07T13:07:28.3746380Z --- PASS: TestR208RelayQuotaDaily/probe=true/1027-json (0.02s)
2026-10-07T13:07:28.3747336Z === RUN   TestR208RelayQuotaDaily/probe=false/html
2026-10-07T13:07:28.3881316Z --- PASS: TestR208RelayQuotaDaily/probe=false/html (0.01s)
2026-10-07T13:07:28.3881933Z === RUN   TestR208RelayQuotaDaily/probe=false/non-json-type
2026-10-07T13:07:28.4053725Z --- PASS: TestR208RelayQuotaDaily/probe=false/non-json-type (0.02s)
2026-10-07T13:07:28.4054327Z === RUN   TestR208RelayQuotaDaily/probe=false/1027-json
2026-10-07T13:07:28.4216555Z --- PASS: TestR208RelayQuotaDaily/probe=false/1027-json (0.02s)
2026-10-07T13:07:28.4217091Z --- PASS: TestR208RelayQuotaDaily (0.09s)
2026-10-07T13:07:28.4217515Z === RUN   TestR208RelayApplicationSharedAcrossProviders
2026-10-07T13:07:28.4236248Z --- PASS: TestR208RelayApplicationSharedAcrossProviders (0.00s)
2026-10-07T13:07:28.4237165Z === RUN   TestR208RelayDiskBeforeQuotaAndProbe
2026-10-07T13:07:28.4388408Z --- PASS: TestR208RelayDiskBeforeQuotaAndProbe (0.01s)
2026-10-07T13:07:28.4389173Z === RUN   TestR208IPPartialResumeWithoutRepeatedSuccessfulDetails
2026-10-07T13:07:28.5544968Z --- PASS: TestR208IPPartialResumeWithoutRepeatedSuccessfulDetails (0.12s)
2026-10-07T13:07:28.5546106Z === RUN   TestR208RelaySummaryTenMinuteWindow
2026-10-07T13:07:28.5546893Z --- PASS: TestR208RelaySummaryTenMinuteWindow (0.00s)
2026-10-07T13:07:28.5547671Z === RUN   TestR208QuotaUTCAndConfiguredOrigin
2026-10-07T13:07:28.5548452Z --- PASS: TestR208QuotaUTCAndConfiguredOrigin (0.00s)
2026-10-07T13:07:28.5549314Z === RUN   TestR208QueuedRequestChecksSharedCooldownBeforeIO
2026-10-07T13:07:28.5566883Z --- PASS: TestR208QueuedRequestChecksSharedCooldownBeforeIO (0.00s)
2026-10-07T13:07:28.5568309Z === RUN   TestR209CardImageDiagnosticsPersistBoundedCompleteFields
2026-10-07T13:07:28.5632238Z --- PASS: TestR209CardImageDiagnosticsPersistBoundedCompleteFields (0.01s)
2026-10-07T13:07:28.5633502Z === RUN   TestR210SnapshotRejectsIdlePhasesAndClearsFinishedReveal
2026-10-07T13:07:28.5634630Z === RUN   TestR210SnapshotRejectsIdlePhasesAndClearsFinishedReveal/Lobby
2026-10-07T13:07:28.5735122Z --- PASS: TestR210SnapshotRejectsIdlePhasesAndClearsFinishedReveal/Lobby (0.01s)
2026-10-07T13:07:28.5736067Z === RUN   TestR210SnapshotRejectsIdlePhasesAndClearsFinishedReveal/None
2026-10-07T13:07:28.5802041Z --- PASS: TestR210SnapshotRejectsIdlePhasesAndClearsFinishedReveal/None (0.01s)
2026-10-07T13:07:28.5803540Z === RUN   TestR210SnapshotRejectsIdlePhasesAndClearsFinishedReveal/Matchmaking
2026-10-07T13:07:28.5869556Z --- PASS: TestR210SnapshotRejectsIdlePhasesAndClearsFinishedReveal/Matchmaking (0.01s)
2026-10-07T13:07:28.5870545Z === RUN   TestR210SnapshotRejectsIdlePhasesAndClearsFinishedReveal/ReadyCheck
2026-10-07T13:07:28.5932310Z --- PASS: TestR210SnapshotRejectsIdlePhasesAndClearsFinishedReveal/ReadyCheck (0.01s)
2026-10-07T13:07:28.5933220Z === RUN   TestR210SnapshotRejectsIdlePhasesAndClearsFinishedReveal/ChampSelect
2026-10-07T13:07:28.5991390Z --- PASS: TestR210SnapshotRejectsIdlePhasesAndClearsFinishedReveal/ChampSelect (0.01s)
2026-10-07T13:07:28.5992898Z --- PASS: TestR210SnapshotRejectsIdlePhasesAndClearsFinishedReveal (0.04s)
2026-10-07T13:07:28.5994082Z === RUN   TestR210ObserveLeavingEndStopsWaitingAndFinishedReveal
2026-10-07T13:07:28.6072708Z --- PASS: TestR210ObserveLeavingEndStopsWaitingAndFinishedReveal (0.01s)
2026-10-07T13:07:28.6073917Z === RUN   TestR210RetentionExpiresTwoMinutesAfterCompletionWithoutRestart
2026-10-07T13:07:28.6169588Z --- PASS: TestR210RetentionExpiresTwoMinutesAfterCompletionWithoutRestart (0.01s)
2026-10-07T13:07:28.6170958Z === RUN   TestR210ExpiryTimerClearsWithoutSnapshotReadsAndFencesOldGeneration
2026-10-07T13:07:28.6240814Z --- PASS: TestR210ExpiryTimerClearsWithoutSnapshotReadsAndFencesOldGeneration (0.01s)
2026-10-07T13:07:28.6242026Z === RUN   TestR210LiveScopeResetLeftEndDiagnosticAccepted
2026-10-07T13:07:28.6269470Z --- PASS: TestR210LiveScopeResetLeftEndDiagnosticAccepted (0.00s)
2026-10-07T13:07:28.6270598Z === RUN   TestR211SGPForceSummaryFreshAndAllExpectedReusesFirstPage
2026-10-07T13:07:28.6926261Z --- PASS: TestR211SGPForceSummaryFreshAndAllExpectedReusesFirstPage (0.07s)
2026-10-07T13:07:28.6927430Z === RUN   TestR211MasteryRealRiotFieldsAndFullCache
2026-10-07T13:07:28.7288981Z --- PASS: TestR211MasteryRealRiotFieldsAndFullCache (0.04s)
2026-10-07T13:07:28.7290222Z === RUN   TestR211SeasonFinalizeNeverMutatesAccumulator
2026-10-07T13:07:28.7291161Z --- PASS: TestR211SeasonFinalizeNeverMutatesAccumulator (0.00s)
2026-10-07T13:07:28.7292051Z === RUN   TestR211SeasonCacheRoundTripAndIncrement
2026-10-07T13:07:28.7292873Z --- PASS: TestR211SeasonCacheRoundTripAndIncrement (0.00s)
2026-10-07T13:07:28.7293919Z === RUN   TestR211ExpectedGameUsesAllIDsAndRiotFreshBypassesIdentityCache
2026-10-07T13:07:28.7424560Z --- PASS: TestR211ExpectedGameUsesAllIDsAndRiotFreshBypassesIdentityCache (0.01s)
2026-10-07T13:07:28.7425654Z === RUN   TestR211DirtyDiagnosticKeepsAttempts
2026-10-07T13:07:28.7456312Z --- PASS: TestR211DirtyDiagnosticKeepsAttempts (0.00s)
2026-10-07T13:07:28.7457514Z === RUN   TestR211TimelineWholeGameSingleFetchAndLegacyExtraction
2026-10-07T13:07:28.7484870Z --- PASS: TestR211TimelineWholeGameSingleFetchAndLegacyExtraction (0.00s)
2026-10-07T13:07:28.7485909Z === RUN   TestR212RelayNotFoundAndHTTPStatusSummary
2026-10-07T13:07:28.7486781Z === RUN   TestR212RelayNotFoundAndHTTPStatusSummary/Not_Found
2026-10-07T13:07:28.7506802Z --- PASS: TestR212RelayNotFoundAndHTTPStatusSummary/Not_Found (0.00s)
2026-10-07T13:07:28.7507811Z === RUN   TestR212RelayNotFoundAndHTTPStatusSummary/Bad_Request
2026-10-07T13:07:28.7527002Z --- PASS: TestR212RelayNotFoundAndHTTPStatusSummary/Bad_Request (0.00s)
2026-10-07T13:07:28.7528770Z --- PASS: TestR212RelayNotFoundAndHTTPStatusSummary (0.00s)
2026-10-07T13:07:28.7529588Z === RUN   TestR212RelayCategoriesAndSummaryReset
2026-10-07T13:07:28.7530394Z --- PASS: TestR212RelayCategoriesAndSummaryReset (0.00s)
2026-10-07T13:07:28.7531218Z === RUN   TestR212RelayQuotaPageKeepsR208Priority
2026-10-07T13:07:28.7549084Z --- PASS: TestR212RelayQuotaPageKeepsR208Priority (0.00s)
2026-10-07T13:07:28.7550305Z === RUN   TestR212InstallTimingDetailsAndLegacy
2026-10-07T13:07:28.7551114Z === RUN   TestR212InstallTimingDetailsAndLegacy/complete
2026-10-07T13:07:28.7568449Z --- PASS: TestR212InstallTimingDetailsAndLegacy/complete (0.00s)
2026-10-07T13:07:28.7571527Z === RUN   TestR212InstallTimingDetailsAndLegacy/missing
2026-10-07T13:07:28.7586923Z --- PASS: TestR212InstallTimingDetailsAndLegacy/missing (0.00s)
2026-10-07T13:07:28.7588598Z === RUN   TestR212InstallTimingDetailsAndLegacy/legacy
2026-10-07T13:07:28.7603803Z --- PASS: TestR212InstallTimingDetailsAndLegacy/legacy (0.00s)
2026-10-07T13:07:28.7605408Z === RUN   TestR212InstallTimingDetailsAndLegacy/skew
2026-10-07T13:07:28.7619926Z --- PASS: TestR212InstallTimingDetailsAndLegacy/skew (0.00s)
2026-10-07T13:07:28.7621170Z --- PASS: TestR212InstallTimingDetailsAndLegacy (0.01s)
2026-10-07T13:07:28.7622369Z === RUN   TestR213ProgressAndRebuildDiagnosticWhitelist
2026-10-07T13:07:28.7622944Z === RUN   TestR213ProgressAndRebuildDiagnosticWhitelist/progress
2026-10-07T13:07:28.7651929Z --- PASS: TestR213ProgressAndRebuildDiagnosticWhitelist/progress (0.00s)
2026-10-07T13:07:28.7653005Z === RUN   TestR213ProgressAndRebuildDiagnosticWhitelist/rebuild
2026-10-07T13:07:28.7683013Z --- PASS: TestR213ProgressAndRebuildDiagnosticWhitelist/rebuild (0.00s)
2026-10-07T13:07:28.7684204Z --- PASS: TestR213ProgressAndRebuildDiagnosticWhitelist (0.01s)
2026-10-07T13:07:28.7685424Z === RUN   TestR214FreshRecentRankedBypassesBothCaches
2026-10-07T13:07:28.7714801Z     r214_test.go:71: fresh recent ranked: upstream=1 history_calls=1 sgp_history_cache_hits=0
2026-10-07T13:07:28.7733529Z --- PASS: TestR214FreshRecentRankedBypassesBothCaches (0.00s)
2026-10-07T13:07:28.7734623Z === RUN   TestR214FreshSeasonHeadSharesR241RecentGate
2026-10-07T13:07:28.8524867Z     r214_test.go:133: fresh season head: upstream=1 sgp_history_cache_hits=0 scanned=0
2026-10-07T13:07:28.8551455Z --- PASS: TestR214FreshSeasonHeadSharesR241RecentGate (0.08s)
2026-10-07T13:07:28.8552568Z === RUN   TestR216PythonV2MigrationConsistency260
2026-10-07T13:07:28.8636153Z     r216_score_test.go:14: missing 260 of 260 raw samples; checked every remaining sample
2026-10-07T13:07:28.8637555Z     r216_score_test.go:14: 校准原始样本已清理，见 R220
2026-10-07T13:07:28.8639094Z --- SKIP: TestR216PythonV2MigrationConsistency260 (0.01s)
2026-10-07T13:07:28.8639722Z === RUN   TestR216PythonV21GoldenConsistency260
2026-10-07T13:07:28.8738098Z     r216_score_test.go:17: missing 260 of 260 raw samples; checked every remaining sample
2026-10-07T13:07:28.8739335Z     r216_score_test.go:17: 校准原始样本已清理，见 R220
2026-10-07T13:07:28.8740018Z --- SKIP: TestR216PythonV21GoldenConsistency260 (0.01s)
2026-10-07T13:07:28.8740665Z === RUN   TestR216LegacyV2JSGolden20
2026-10-07T13:07:28.8833821Z --- PASS: TestR216LegacyV2JSGolden20 (0.01s)
2026-10-07T13:07:28.8835458Z === RUN   TestR216V21GameplayGolden20
2026-10-07T13:07:28.8952621Z --- PASS: TestR216V21GameplayGolden20 (0.01s)
2026-10-07T13:07:28.8955165Z === RUN   TestR216LegacyScoringInvariants
2026-10-07T13:07:28.8955929Z --- PASS: TestR216LegacyScoringInvariants (0.00s)
2026-10-07T13:07:28.8956671Z === RUN   TestR216RoleReferencesAndOutliers
2026-10-07T13:07:28.8958126Z --- PASS: TestR216RoleReferencesAndOutliers (0.00s)
2026-10-07T13:07:28.8959026Z === RUN   TestR216PresenceRoundTripAndExtraFields
2026-10-07T13:07:28.8961497Z --- PASS: TestR216PresenceRoundTripAndExtraFields (0.00s)
2026-10-07T13:07:28.8962757Z === RUN   TestR216V21ScoreDiagnosticDedupPrivacy
2026-10-07T13:07:28.8992885Z --- PASS: TestR216V21ScoreDiagnosticDedupPrivacy (0.00s)
2026-10-07T13:07:28.8993623Z === RUN   TestR216ScoreDump
2026-10-07T13:07:28.8995112Z     r216_score_test.go:300: offline bridge not requested
2026-10-07T13:07:28.8995889Z --- SKIP: TestR216ScoreDump (0.00s)
2026-10-07T13:07:28.8996630Z === RUN   TestR216LegacyRankBadgesAndHiddenPrecision
2026-10-07T13:07:28.8997604Z --- PASS: TestR216LegacyRankBadgesAndHiddenPrecision (0.00s)
2026-10-07T13:07:28.8999041Z === RUN   TestR216V21ProductionFrozenParams
2026-10-07T13:07:28.8999809Z --- PASS: TestR216V21ProductionFrozenParams (0.00s)
2026-10-07T13:07:28.9000540Z === RUN   TestR216ChampionTableThreeGamesAndMissing
2026-10-07T13:07:28.9004199Z --- PASS: TestR216ChampionTableThreeGamesAndMissing (0.00s)
2026-10-07T13:07:28.9005071Z === RUN   TestR216ChampionTableOpponentEvidence
2026-10-07T13:07:28.9006398Z --- PASS: TestR216ChampionTableOpponentEvidence (0.00s)
2026-10-07T13:07:28.9007195Z === RUN   TestR216OPGGChampionTableObservedPage
2026-10-07T13:07:28.9007921Z === PAUSE TestR216OPGGChampionTableObservedPage
2026-10-07T13:07:28.9008576Z === RUN   TestR216FourteenKeywords
2026-10-07T13:07:28.9009208Z --- PASS: TestR216FourteenKeywords (0.00s)
2026-10-07T13:07:28.9009974Z === RUN   TestR216MatchTagsPersistAndPrivacy
2026-10-07T13:07:28.9172830Z --- PASS: TestR216MatchTagsPersistAndPrivacy (0.02s)
2026-10-07T13:07:28.9173659Z === RUN   TestR216HistoricalKeywordDump
2026-10-07T13:07:28.9174496Z     r216_tags_test.go:87: historical export not requested
2026-10-07T13:07:28.9175547Z --- SKIP: TestR216HistoricalKeywordDump (0.00s)
2026-10-07T13:07:28.9176558Z === RUN   TestR216TimelineKeywordCheckpointUsesPastEventsAndOptionalFields
2026-10-07T13:07:28.9177902Z --- PASS: TestR216TimelineKeywordCheckpointUsesPastEventsAndOptionalFields (0.00s)
2026-10-07T13:07:28.9179091Z === RUN   TestR217SixKeywordsKeepCacheVersionAndReadOnlyFiltering
2026-10-07T13:07:28.9384361Z --- PASS: TestR217SixKeywordsKeepCacheVersionAndReadOnlyFiltering (0.02s)
2026-10-07T13:07:28.9385857Z === RUN   TestR217ComputedKeywordsFollowHoldoutDisplayWithoutFallback
2026-10-07T13:07:28.9387024Z --- PASS: TestR217ComputedKeywordsFollowHoldoutDisplayWithoutFallback (0.00s)
2026-10-07T13:07:28.9387833Z === RUN   TestR217KeywordDump
2026-10-07T13:07:28.9388518Z     r217_test.go:14: offline bridge not requested
2026-10-07T13:07:28.9388960Z --- SKIP: TestR217KeywordDump (0.00s)
2026-10-07T13:07:28.9389675Z === RUN   TestR217CurveDirectionsAndFourEndingClasses
2026-10-07T13:07:28.9390588Z --- PASS: TestR217CurveDirectionsAndFourEndingClasses (0.00s)
2026-10-07T13:07:28.9391615Z === RUN   TestR217LookupCoversAllFrozenCombinationsAndRejectsUnseen
2026-10-07T13:07:28.9392489Z --- PASS: TestR217LookupCoversAllFrozenCombinationsAndRejectsUnseen (0.00s)
2026-10-07T13:07:28.9393015Z === RUN   TestR217MinuteCheckpointsAndUnknownFrames
2026-10-07T13:07:28.9400294Z --- PASS: TestR217MinuteCheckpointsAndUnknownFrames (0.00s)
2026-10-07T13:07:28.9401422Z === RUN   TestR219StatusClientDiscovery
2026-10-07T13:07:28.9402321Z === RUN   TestR219StatusClientDiscovery/process-not-foundprocess-not-found
2026-10-07T13:07:28.9405609Z --- PASS: TestR219StatusClientDiscovery/process-not-foundprocess-not-found (0.00s)
2026-10-07T13:07:28.9407641Z === RUN   TestR219StatusClientDiscovery/process-query-failedprocess-query-failed
2026-10-07T13:07:28.9409018Z --- PASS: TestR219StatusClientDiscovery/process-query-failedprocess-query-failed (0.00s)
2026-10-07T13:07:28.9411762Z === RUN   TestR219StatusClientDiscovery/credentials-unreadablecredentials-unreadable
2026-10-07T13:07:28.9413492Z --- PASS: TestR219StatusClientDiscovery/credentials-unreadablecredentials-unreadable (0.00s)
2026-10-07T13:07:28.9414969Z === RUN   TestR219StatusClientDiscovery/probe-failedprobe-failed
2026-10-07T13:07:28.9416553Z --- PASS: TestR219StatusClientDiscovery/probe-failedprobe-failed (0.00s)
2026-10-07T13:07:28.9417467Z === RUN   TestR219StatusClientDiscovery/searching
2026-10-07T13:07:28.9418246Z --- PASS: TestR219StatusClientDiscovery/searching (0.00s)
2026-10-07T13:07:28.9419736Z === RUN   TestR219StatusClientDiscovery/#00
2026-10-07T13:07:28.9420381Z --- PASS: TestR219StatusClientDiscovery/#00 (0.00s)
2026-10-07T13:07:28.9421145Z === RUN   TestR219StatusClientDiscovery/PRIVATE-PATH
2026-10-07T13:07:28.9422691Z --- PASS: TestR219StatusClientDiscovery/PRIVATE-PATH (0.00s)
2026-10-07T13:07:28.9423671Z === RUN   TestR219StatusClientDiscovery/process-not-foundconnected
2026-10-07T13:07:28.9425416Z --- PASS: TestR219StatusClientDiscovery/process-not-foundconnected (0.00s)
2026-10-07T13:07:28.9426617Z --- PASS: TestR219StatusClientDiscovery (0.00s)
2026-10-07T13:07:28.9427491Z === RUN   TestR219RenderFailureAndHideDiagnosticFields
2026-10-07T13:07:28.9428350Z === RUN   TestR219RenderFailureAndHideDiagnosticFields/known
2026-10-07T13:07:28.9455883Z --- PASS: TestR219RenderFailureAndHideDiagnosticFields/known (0.00s)
2026-10-07T13:07:28.9456484Z === RUN   TestR219RenderFailureAndHideDiagnosticFields/unapproved
2026-10-07T13:07:28.9483439Z --- PASS: TestR219RenderFailureAndHideDiagnosticFields/unapproved (0.00s)
2026-10-07T13:07:28.9484495Z === RUN   TestR219RenderFailureAndHideDiagnosticFields/hide
2026-10-07T13:07:28.9511127Z --- PASS: TestR219RenderFailureAndHideDiagnosticFields/hide (0.00s)
2026-10-07T13:07:28.9512631Z === RUN   TestR219RenderFailureAndHideDiagnosticFields/hide-private
2026-10-07T13:07:28.9539019Z --- PASS: TestR219RenderFailureAndHideDiagnosticFields/hide-private (0.00s)
2026-10-07T13:07:28.9540136Z --- PASS: TestR219RenderFailureAndHideDiagnosticFields (0.01s)
2026-10-07T13:07:28.9540930Z === RUN   TestR220PlatformRoutingAndIsolation
2026-10-07T13:07:28.9545718Z --- PASS: TestR220PlatformRoutingAndIsolation (0.00s)
2026-10-07T13:07:28.9546829Z === RUN   TestR220ClientStatusAndDiagnosticWhitelist
2026-10-07T13:07:28.9567820Z --- PASS: TestR220ClientStatusAndDiagnosticWhitelist (0.00s)
2026-10-07T13:07:28.9568644Z === RUN   TestR220HistoryRetryCadence
2026-10-07T13:07:28.9569329Z --- PASS: TestR220HistoryRetryCadence (0.00s)
2026-10-07T13:07:28.9570077Z === RUN   TestR220HistoryDecisionAndFallback
2026-10-07T13:07:28.9574299Z --- PASS: TestR220HistoryDecisionAndFallback (0.00s)
2026-10-07T13:07:28.9575130Z === RUN   TestR220CooldownPlatformIsolation
2026-10-07T13:07:28.9575868Z --- PASS: TestR220CooldownPlatformIsolation (0.00s)
2026-10-07T13:07:28.9576594Z === RUN   TestR220PracticeModeAndPrimaryPosition
2026-10-07T13:07:28.9577431Z --- PASS: TestR220PracticeModeAndPrimaryPosition (0.00s)
2026-10-07T13:07:28.9578127Z === RUN   TestR220LocalOverviewRetryBudget
2026-10-07T13:07:28.9578761Z --- PASS: TestR220LocalOverviewRetryBudget (0.00s)
2026-10-07T13:07:28.9579567Z === RUN   TestR220JPHistoryUsesMatchDetailsAndRegionScopedTags
2026-10-07T13:07:28.9584541Z --- PASS: TestR220JPHistoryUsesMatchDetailsAndRegionScopedTags (0.00s)
2026-10-07T13:07:28.9585483Z === RUN   TestR220MatchTierDiskCacheIsPlatformScoped
2026-10-07T13:07:28.9864952Z --- PASS: TestR220MatchTierDiskCacheIsPlatformScoped (0.03s)
2026-10-07T13:07:28.9865531Z === RUN   TestR220RiotFailureAttemptsKeepSpecificSafeReasons
2026-10-07T13:07:28.9866466Z --- PASS: TestR220RiotFailureAttemptsKeepSpecificSafeReasons (0.00s)
2026-10-07T13:07:28.9866958Z === RUN   TestR222ArenaTruthRetryCancellation
2026-10-07T13:07:28.9867661Z --- PASS: TestR222ArenaTruthRetryCancellation (0.00s)
2026-10-07T13:07:28.9868086Z === RUN   TestR223OptionalStatsAcrossRiotAndLCU
2026-10-07T13:07:28.9924872Z --- PASS: TestR223OptionalStatsAcrossRiotAndLCU (0.01s)
2026-10-07T13:07:28.9925660Z === RUN   TestR223DecodeFallbackAndPrivacy
2026-10-07T13:07:28.9927125Z --- PASS: TestR223DecodeFallbackAndPrivacy (0.00s)
2026-10-07T13:07:28.9927842Z === RUN   TestR223SGPDoesNotRefillDecodedPage
2026-10-07T13:07:28.9958418Z --- PASS: TestR223SGPDoesNotRefillDecodedPage (0.00s)
2026-10-07T13:07:28.9959194Z === RUN   TestR223RegionAliasesAndAuthority
2026-10-07T13:07:28.9964444Z --- PASS: TestR223RegionAliasesAndAuthority (0.00s)
2026-10-07T13:07:28.9965387Z === RUN   TestR223UnknownPlatformRetriesAndPreservesEnum
2026-10-07T13:07:28.9966335Z --- PASS: TestR223UnknownPlatformRetriesAndPreservesEnum (0.00s)
2026-10-07T13:07:28.9967132Z === RUN   TestR223UnknownLCUHistoryRetries
2026-10-07T13:07:28.9967826Z --- PASS: TestR223UnknownLCUHistoryRetries (0.00s)
2026-10-07T13:07:28.9968749Z === RUN   TestR223CancelledLaunchStopsImmediately
2026-10-07T13:07:28.9969681Z --- PASS: TestR223CancelledLaunchStopsImmediately (0.00s)
2026-10-07T13:07:28.9970199Z === RUN   TestR223NoDirectLeagueCandidatesAndRiotPaths
2026-10-07T13:07:28.9984452Z --- PASS: TestR223NoDirectLeagueCandidatesAndRiotPaths (0.00s)
2026-10-07T13:07:28.9985661Z === RUN   TestR223TwentyTenPlayerGamesKeepSeasonPeersAndCurves
2026-10-07T13:07:29.0125160Z --- PASS: TestR223TwentyTenPlayerGamesKeepSeasonPeersAndCurves (0.01s)
2026-10-07T13:07:29.0126231Z === RUN   TestR223ChallengesWholeShapeIsOptional
2026-10-07T13:07:29.0127985Z --- PASS: TestR223ChallengesWholeShapeIsOptional (0.00s)
2026-10-07T13:07:29.0129025Z === RUN   TestR223ForeignAndUnknownClientCannotUseExplicitTencentReferences
2026-10-07T13:07:29.0130633Z --- PASS: TestR223ForeignAndUnknownClientCannotUseExplicitTencentReferences (0.00s)
2026-10-07T13:07:29.0131611Z === RUN   TestR223LaunchLocksArePerEntry
2026-10-07T13:07:29.0132293Z --- PASS: TestR223LaunchLocksArePerEntry (0.00s)
2026-10-07T13:07:29.0133124Z === RUN   TestR224BraverySkipsPlanningThenExecutesStrategies
2026-10-07T13:07:29.0134112Z === RUN   TestR224BraverySkipsPlanningThenExecutesStrategies/lock-now
2026-10-07T13:07:29.0154138Z --- PASS: TestR224BraverySkipsPlanningThenExecutesStrategies/lock-now (0.00s)
2026-10-07T13:07:29.0155478Z === RUN   TestR224BraverySkipsPlanningThenExecutesStrategies/show-then-lock
2026-10-07T13:07:29.0188346Z --- PASS: TestR224BraverySkipsPlanningThenExecutesStrategies/show-then-lock (0.00s)
2026-10-07T13:07:29.0189554Z === RUN   TestR224BraverySkipsPlanningThenExecutesStrategies/show-only
2026-10-07T13:07:29.0216340Z --- PASS: TestR224BraverySkipsPlanningThenExecutesStrategies/show-only (0.00s)
2026-10-07T13:07:29.0217508Z --- PASS: TestR224BraverySkipsPlanningThenExecutesStrategies (0.01s)
2026-10-07T13:07:29.0218438Z === RUN   TestR224IntentFailureDoesNotConsumeLockBudget
2026-10-07T13:07:29.0293610Z --- PASS: TestR224IntentFailureDoesNotConsumeLockBudget (0.01s)
2026-10-07T13:07:29.0294937Z === RUN   TestR224SingleCandidateFailureExplainsStopAndResetsOnDodge
2026-10-07T13:07:29.0351011Z --- PASS: TestR224SingleCandidateFailureExplainsStopAndResetsOnDodge (0.01s)
2026-10-07T13:07:29.0352373Z === RUN   TestR224BraveryRandomChampionConfirmsCompletedOnly
2026-10-07T13:07:29.0353534Z === RUN   TestR224BraveryRandomChampionConfirmsCompletedOnly/true
2026-10-07T13:07:29.0373069Z --- PASS: TestR224BraveryRandomChampionConfirmsCompletedOnly/true (0.00s)
2026-10-07T13:07:29.0374266Z === RUN   TestR224BraveryRandomChampionConfirmsCompletedOnly/false
2026-10-07T13:07:29.0397197Z --- PASS: TestR224BraveryRandomChampionConfirmsCompletedOnly/false (0.00s)
2026-10-07T13:07:29.0398647Z --- PASS: TestR224BraveryRandomChampionConfirmsCompletedOnly (0.00s)
2026-10-07T13:07:29.0399931Z === RUN   TestR224RosterDropsStaleArenaTeamTwoAndDuplicateRefs
2026-10-07T13:07:29.0400967Z === RUN   TestR224RosterDropsStaleArenaTeamTwoAndDuplicateRefs/false
2026-10-07T13:07:29.0543302Z --- PASS: TestR224RosterDropsStaleArenaTeamTwoAndDuplicateRefs/false (0.01s)
2026-10-07T13:07:29.0545592Z === RUN   TestR224RosterDropsStaleArenaTeamTwoAndDuplicateRefs/true
2026-10-07T13:07:29.0676088Z --- PASS: TestR224RosterDropsStaleArenaTeamTwoAndDuplicateRefs/true (0.01s)
2026-10-07T13:07:29.0677621Z --- PASS: TestR224RosterDropsStaleArenaTeamTwoAndDuplicateRefs (0.03s)
2026-10-07T13:07:29.0678623Z === RUN   TestR227GateChangesDuringSessionReadDoNotStopPick
2026-10-07T13:07:29.0679565Z === RUN   TestR227GateChangesDuringSessionReadDoNotStopPick/pause
2026-10-07T13:07:29.0699274Z --- PASS: TestR227GateChangesDuringSessionReadDoNotStopPick/pause (0.00s)
2026-10-07T13:07:29.0700143Z === RUN   TestR227GateChangesDuringSessionReadDoNotStopPick/takeover
2026-10-07T13:07:29.0721213Z --- PASS: TestR227GateChangesDuringSessionReadDoNotStopPick/takeover (0.00s)
2026-10-07T13:07:29.0722587Z === RUN   TestR227GateChangesDuringSessionReadDoNotStopPick/leave-phase
2026-10-07T13:07:29.0743664Z --- PASS: TestR227GateChangesDuringSessionReadDoNotStopPick/leave-phase (0.00s)
2026-10-07T13:07:29.0744867Z === RUN   TestR227GateChangesDuringSessionReadDoNotStopPick/disabled
2026-10-07T13:07:29.0766041Z --- PASS: TestR227GateChangesDuringSessionReadDoNotStopPick/disabled (0.00s)
2026-10-07T13:07:29.0767594Z --- PASS: TestR227GateChangesDuringSessionReadDoNotStopPick (0.01s)
2026-10-07T13:07:29.0768635Z === RUN   TestR227TakeoverAfterCandidateEvaluationDoesNotStopPick
2026-10-07T13:07:29.0787347Z --- PASS: TestR227TakeoverAfterCandidateEvaluationDoesNotStopPick (0.00s)
2026-10-07T13:07:29.0788286Z === RUN   TestR229ClientHistoryUsesPublicIdentityAndHighlightsSelf
2026-10-07T13:07:29.0794836Z --- PASS: TestR229ClientHistoryUsesPublicIdentityAndHighlightsSelf (0.00s)
2026-10-07T13:07:29.0796383Z === RUN   TestR229IdentityFlightCannotRepopulateAfterAccountSwitch
2026-10-07T13:07:29.0797878Z --- PASS: TestR229IdentityFlightCannotRepopulateAfterAccountSwitch (0.00s)
2026-10-07T13:07:29.0799242Z === RUN   TestR229MissingRiotIDFallsBackWithoutPublicRequest
2026-10-07T13:07:29.0801685Z --- PASS: TestR229MissingRiotIDFallsBackWithoutPublicRequest (0.00s)
2026-10-07T13:07:29.0802929Z === RUN   TestR229Decrypt400IsAnEnumAndDoesNotRetainBody
2026-10-07T13:07:29.0804129Z --- PASS: TestR229Decrypt400IsAnEnumAndDoesNotRetainBody (0.00s)
2026-10-07T13:07:29.0804718Z === RUN   TestR229WeGameRegistryShortcutAndCancel
2026-10-07T13:07:29.0818212Z --- PASS: TestR229WeGameRegistryShortcutAndCancel (0.00s)
2026-10-07T13:07:29.0819708Z === RUN   TestR229FastDiscoveryWindowAndNumericMilestones
2026-10-07T13:07:29.0848541Z --- PASS: TestR229FastDiscoveryWindowAndNumericMilestones (0.00s)
2026-10-07T13:07:29.0855217Z === RUN   TestR230SeasonParseLossRetriesSamePage
2026-10-07T13:07:29.1086869Z --- PASS: TestR230SeasonParseLossRetriesSamePage (0.02s)
2026-10-07T13:07:29.1087989Z === RUN   TestR230SeasonCompletionRequiresBoundaryOrCleanTerminalPage
2026-10-07T13:07:29.1088903Z === RUN   TestR230SeasonCompletionRequiresBoundaryOrCleanTerminalPage/season-boundary
2026-10-07T13:07:29.1299556Z --- PASS: TestR230SeasonCompletionRequiresBoundaryOrCleanTerminalPage/season-boundary (0.02s)
2026-10-07T13:07:29.1300826Z === RUN   TestR230SeasonCompletionRequiresBoundaryOrCleanTerminalPage/clean-terminal
2026-10-07T13:07:29.1509291Z --- PASS: TestR230SeasonCompletionRequiresBoundaryOrCleanTerminalPage/clean-terminal (0.02s)
2026-10-07T13:07:29.1510542Z === RUN   TestR230SeasonCompletionRequiresBoundaryOrCleanTerminalPage/more-upstream
2026-10-07T13:07:29.1716185Z --- PASS: TestR230SeasonCompletionRequiresBoundaryOrCleanTerminalPage/more-upstream (0.02s)
2026-10-07T13:07:29.1717479Z --- PASS: TestR230SeasonCompletionRequiresBoundaryOrCleanTerminalPage (0.06s)
2026-10-07T13:07:29.1719239Z === RUN   TestR230Schema12FalseCompleteTriggersBackfill
2026-10-07T13:07:29.2683627Z --- PASS: TestR230Schema12FalseCompleteTriggersBackfill (0.10s)
2026-10-07T13:07:29.2685499Z === RUN   TestR230NamesWithoutCollectionOnBothEndpoints
2026-10-07T13:07:29.3038979Z --- PASS: TestR230NamesWithoutCollectionOnBothEndpoints (0.04s)
2026-10-07T13:07:29.3040411Z === RUN   TestR230ArenaSquadRestoresSameGameAndExpires
2026-10-07T13:07:29.3040961Z === RUN   TestR230ArenaSquadRestoresSameGameAndExpires/same
2026-10-07T13:07:29.3158940Z --- PASS: TestR230ArenaSquadRestoresSameGameAndExpires/same (0.01s)
2026-10-07T13:07:29.3160216Z === RUN   TestR230ArenaSquadRestoresSameGameAndExpires/different
2026-10-07T13:07:29.3268916Z --- PASS: TestR230ArenaSquadRestoresSameGameAndExpires/different (0.01s)
2026-10-07T13:07:29.3270146Z === RUN   TestR230ArenaSquadRestoresSameGameAndExpires/expired
2026-10-07T13:07:29.3482738Z --- PASS: TestR230ArenaSquadRestoresSameGameAndExpires/expired (0.02s)
2026-10-07T13:07:29.3484882Z --- PASS: TestR230ArenaSquadRestoresSameGameAndExpires (0.04s)
2026-10-07T13:07:29.3485939Z === RUN   TestR230OverviewNavigationReusesHistoryAndManualRefreshBypasses
2026-10-07T13:07:29.3704975Z --- PASS: TestR230OverviewNavigationReusesHistoryAndManualRefreshBypasses (0.02s)
2026-10-07T13:07:29.3706546Z === RUN   TestR230ArenaSquadDoesNotRestoreAcrossAccounts
2026-10-07T13:07:29.3808795Z --- PASS: TestR230ArenaSquadDoesNotRestoreAcrossAccounts (0.01s)
2026-10-07T13:07:29.3809715Z === RUN   TestR230RepeatedOverviewHasCacheHitsAndHalfBytes
2026-10-07T13:07:29.3819737Z     r230_test.go:256: first=&{mu:{_:{} mu:{state:0 sema:0}} requests:4 bytes:718 historyCalls:3 historyCacheHits:0 participantShapeSampled:true decodeFailed:0} second=&{mu:{_:{} mu:{state:0 sema:0}} requests:1 bytes:13 historyCalls:1 historyCacheHits:1 participantShapeSampled:false decodeFailed:0}
2026-10-07T13:07:29.4030870Z --- PASS: TestR230RepeatedOverviewHasCacheHitsAndHalfBytes (0.02s)
2026-10-07T13:07:29.4031998Z === RUN   TestR230ClientDiagnosticsUseOnlySafeFields
2026-10-07T13:07:29.4063454Z --- PASS: TestR230ClientDiagnosticsUseOnlySafeFields (0.00s)
2026-10-07T13:07:29.4064538Z === RUN   TestR230IncompleteHeadWithoutResumeAdvancesAcrossKnownGames
2026-10-07T13:07:29.4272643Z --- PASS: TestR230IncompleteHeadWithoutResumeAdvancesAcrossKnownGames (0.02s)
2026-10-07T13:07:29.4273735Z === RUN   TestR231TaggedSeasonBeyondMixedWindowAndCap
2026-10-07T13:07:29.4274385Z === RUN   TestR231TaggedSeasonBeyondMixedWindowAndCap/season_start
2026-10-07T13:07:29.4394190Z --- PASS: TestR231TaggedSeasonBeyondMixedWindowAndCap/season_start (0.01s)
2026-10-07T13:07:29.4395191Z === RUN   TestR231TaggedSeasonBeyondMixedWindowAndCap/upstream_window
2026-10-07T13:07:29.4651162Z --- PASS: TestR231TaggedSeasonBeyondMixedWindowAndCap/upstream_window (0.03s)
2026-10-07T13:07:29.4652285Z --- PASS: TestR231TaggedSeasonBeyondMixedWindowAndCap (0.04s)
2026-10-07T13:07:29.4653141Z === RUN   TestR231HeadAlwaysZeroAndAddsNewGames
2026-10-07T13:07:29.4728494Z --- PASS: TestR231HeadAlwaysZeroAndAddsNewGames (0.01s)
2026-10-07T13:07:29.4729928Z === RUN   TestR231ConcurrentWritesMergeGamesAndAggregates
2026-10-07T13:07:29.5042640Z --- PASS: TestR231ConcurrentWritesMergeGamesAndAggregates (0.03s)
2026-10-07T13:07:29.5043418Z === RUN   TestR231BackgroundSuppressesHead
2026-10-07T13:07:29.5065898Z --- PASS: TestR231BackgroundSuppressesHead (0.00s)
2026-10-07T13:07:29.5067011Z === RUN   TestR231SeasonSummaryIsNetworkFree
2026-10-07T13:07:29.5234657Z --- PASS: TestR231SeasonSummaryIsNetworkFree (0.02s)
2026-10-07T13:07:29.5235513Z === RUN   TestR231RelayForceBackoffAndSlowBody
2026-10-07T13:07:29.5255457Z --- PASS: TestR231RelayForceBackoffAndSlowBody (0.00s)
2026-10-07T13:07:29.5257452Z === RUN   TestR231ClientShutdownSignalAndRestore
2026-10-07T13:07:29.5283412Z --- PASS: TestR231ClientShutdownSignalAndRestore (0.00s)
2026-10-07T13:07:29.5285308Z === RUN   TestR231RatingTemporaryAndNotRecordedTTL
2026-10-07T13:07:29.5286765Z === RUN   TestR231RatingTemporaryAndNotRecordedTTL/false
2026-10-07T13:07:29.5287746Z --- PASS: TestR231RatingTemporaryAndNotRecordedTTL/false (0.00s)
2026-10-07T13:07:29.5288647Z === RUN   TestR231RatingTemporaryAndNotRecordedTTL/true
2026-10-07T13:07:29.5290717Z --- PASS: TestR231RatingTemporaryAndNotRecordedTTL/true (0.00s)
2026-10-07T13:07:29.5291612Z --- PASS: TestR231RatingTemporaryAndNotRecordedTTL (0.00s)
2026-10-07T13:07:29.5292709Z === RUN   TestR231CurrentForeignHistoryDoesNotWaitForRiot
2026-10-07T13:07:29.5310343Z --- PASS: TestR231CurrentForeignHistoryDoesNotWaitForRiot (0.00s)
2026-10-07T13:07:29.5310940Z === RUN   TestR231QueueLabelsReturnBeforeSlowLCU
2026-10-07T13:07:31.0325350Z --- PASS: TestR231QueueLabelsReturnBeforeSlowLCU (1.50s)
2026-10-07T13:07:31.0326416Z === RUN   TestR231OPGGZeroIsExplicitAndRegionCopy
2026-10-07T13:07:31.0327324Z --- PASS: TestR231OPGGZeroIsExplicitAndRegionCopy (0.00s)
2026-10-07T13:07:31.0328144Z === RUN   TestR231ShutdownChatSignalsMustBeRecent
2026-10-07T13:07:31.0354341Z --- PASS: TestR231ShutdownChatSignalsMustBeRecent (0.00s)
2026-10-07T13:07:31.0355017Z === RUN   TestR231ForceJoinsProbeDuringBackoff
2026-10-07T13:07:31.0585475Z --- PASS: TestR231ForceJoinsProbeDuringBackoff (0.02s)
2026-10-07T13:07:31.0586388Z === RUN   TestR231ShutdownTraceRedactsDynamicPaths
2026-10-07T13:07:31.0586994Z --- PASS: TestR231ShutdownTraceRedactsDynamicPaths (0.00s)
2026-10-07T13:07:31.0588476Z === RUN   TestR231RankedAndMayhemStreamsStayIndependent
2026-10-07T13:07:31.0707960Z --- PASS: TestR231RankedAndMayhemStreamsStayIndependent (0.01s)
2026-10-07T13:07:31.0708948Z === RUN   TestR231ProbeCountsReadErrorResponseBytes
2026-10-07T13:07:31.0727632Z --- PASS: TestR231ProbeCountsReadErrorResponseBytes (0.00s)
2026-10-07T13:07:31.0728900Z === RUN   TestR235MigrationKeepsHistoricalGames
2026-10-07T13:07:31.2065468Z --- PASS: TestR235MigrationKeepsHistoricalGames (0.13s)
2026-10-07T13:07:31.2066387Z === RUN   TestR235UpstreamWindowAndSupplementDedup
2026-10-07T13:07:31.2179738Z --- PASS: TestR235UpstreamWindowAndSupplementDedup (0.01s)
2026-10-07T13:07:31.2180532Z === RUN   TestR235HeadStreamsConcurrentAndFirstPagePush
2026-10-07T13:07:31.7292811Z --- PASS: TestR235HeadStreamsConcurrentAndFirstPagePush (0.51s)
2026-10-07T13:07:31.7293363Z === RUN   TestR235RelayProbeIndependentBudgets
2026-10-07T13:07:40.7296403Z --- PASS: TestR235RelayProbeIndependentBudgets (9.00s)
2026-10-07T13:07:40.7297305Z === RUN   TestR235RelayThreeErrorsAndRecentSuccess
2026-10-07T13:07:40.7297951Z --- PASS: TestR235RelayThreeErrorsAndRecentSuccess (0.00s)
2026-10-07T13:07:40.7298539Z === RUN   TestR235RatingHeaderAndBodyBudgetsAndFailureRetry
2026-10-07T13:08:03.7302423Z --- PASS: TestR235RatingHeaderAndBodyBudgetsAndFailureRetry (23.00s)
2026-10-07T13:08:03.7303483Z === RUN   TestR235ArenaResultBoundariesAndOptionalFields
2026-10-07T13:08:03.7304446Z --- PASS: TestR235ArenaResultBoundariesAndOptionalFields (0.00s)
2026-10-07T13:08:03.7305414Z === RUN   TestR235CurrentHistorySnapshotImmediateAndSSE
2026-10-07T13:08:09.7587428Z --- PASS: TestR235CurrentHistorySnapshotImmediateAndSSE (6.03s)
2026-10-07T13:08:09.7588447Z === RUN   TestR235HistoryPublicReferencesDoNotMutateFlight
2026-10-07T13:08:09.7589468Z --- PASS: TestR235HistoryPublicReferencesDoNotMutateFlight (0.00s)
2026-10-07T13:08:09.7590390Z === RUN   TestR235RelayTTFBWindowAndPathCategories
2026-10-07T13:08:09.7594145Z     r235_test.go:285: synthetic 10-minute summary: map[string]interface {}{"categories":map[string]int{"match":4}, "event":"riot_relay_request_summary", "failures":map[string]interface {}{"auth":map[string]int{"match":1}, "network":map[string]int{"match":1}}, "http_statuses":map[string]int{"200":4}, "not_found":0, "rate_limited":0, "requests":4, "ttfb_median_ms":250, "ttfb_p90_ms":400, "ttfb_samples":4, "window_ms":600000}
2026-10-07T13:08:09.7597344Z --- PASS: TestR235RelayTTFBWindowAndPathCategories (0.00s)
2026-10-07T13:08:09.7598281Z === RUN   TestR235HeadPersistsEachPageWithoutLosingAccumulator
2026-10-07T13:08:09.7660121Z --- PASS: TestR235HeadPersistsEachPageWithoutLosingAccumulator (0.01s)
2026-10-07T13:08:09.7661004Z === RUN   TestR235FastHistoryReturnsIndependentParticipantsForSharedFlight
2026-10-07T13:08:09.7678779Z --- PASS: TestR235FastHistoryReturnsIndependentParticipantsForSharedFlight (0.00s)
2026-10-07T13:08:09.7680000Z === RUN   TestR235SelfOverviewBypassesRelayAndColdHistory
2026-10-07T13:08:09.7682007Z === RUN   TestR235SelfOverviewBypassesRelayAndColdHistory/true
2026-10-07T13:08:15.7911087Z     r235_test.go:385: cached=true overview=2.1416ms; history=6s; relay=0
2026-10-07T13:08:15.7941990Z --- PASS: TestR235SelfOverviewBypassesRelayAndColdHistory/true (6.03s)
2026-10-07T13:08:15.7943107Z === RUN   TestR235SelfOverviewBypassesRelayAndColdHistory/false
2026-10-07T13:08:21.8070499Z     r235_test.go:385: cached=false overview=3.0004222s; history=6s; relay=0
2026-10-07T13:08:21.8105653Z --- PASS: TestR235SelfOverviewBypassesRelayAndColdHistory/false (6.02s)
2026-10-07T13:08:21.8106609Z --- PASS: TestR235SelfOverviewBypassesRelayAndColdHistory (12.04s)
2026-10-07T13:08:21.8107189Z === RUN   TestR238BadSGPEntryKeepsOtherGamesAndShapeOnly
2026-10-07T13:08:21.8138329Z --- PASS: TestR238BadSGPEntryKeepsOtherGamesAndShapeOnly (0.00s)
2026-10-07T13:08:21.8139238Z === RUN   TestR238TruncatedSGPPageRetriesOnce
2026-10-07T13:08:22.3217274Z --- PASS: TestR238TruncatedSGPPageRetriesOnce (0.51s)
2026-10-07T13:08:22.3218433Z === RUN   TestR238BadHeadPageRetainsValidStatsWithoutFalseCompletion
2026-10-07T13:08:22.3268139Z --- PASS: TestR238BadHeadPageRetainsValidStatsWithoutFalseCompletion (0.01s)
2026-10-07T13:08:22.3268985Z === RUN   TestR238HeadRefreshReportsDecodeFailures
2026-10-07T13:08:22.3533023Z --- PASS: TestR238HeadRefreshReportsDecodeFailures (0.03s)
2026-10-07T13:08:22.3534178Z === RUN   TestR238ProIdentityTenPlayersTenOverviewOpensAreBounded
2026-10-07T13:08:22.3577399Z --- PASS: TestR238ProIdentityTenPlayersTenOverviewOpensAreBounded (0.00s)
2026-10-07T13:08:22.3578302Z === RUN   TestR238DefaultOnline076To077
2026-10-07T13:08:22.4036432Z --- PASS: TestR238DefaultOnline076To077 (0.05s)
2026-10-07T13:08:22.4037182Z === RUN   TestR241HeadFreshnessSmallRequestNewGamesAndRecentGate
2026-10-07T13:08:22.5071771Z     r241_test.go:96: head fixture bytes cold=3784 no_new=1261 new_one=3796 recent=0
2026-10-07T13:08:22.5297896Z --- PASS: TestR241HeadFreshnessSmallRequestNewGamesAndRecentGate (0.13s)
2026-10-07T13:08:22.5298941Z === RUN   TestR241CollectionRetriesSamplesPersistentNegativeTTLAndCatalogInvalidation
2026-10-07T13:08:22.5495082Z     r241_test.go:162: diagnostic fixture: map[attempts:3 blank_entries:1 blank_kinds:map[类型未知:1] blank_samples:[map[id:0 kind:类型未知]] build_fingerprint:dev event:collection_data_retry_exhausted last_error_kind:empty_identity log_seq:4 run_id:63aabaa928e1bd3ff5547e6c time:2026-10-07T13:08:22.5478697Z]
2026-10-07T13:08:22.5516676Z --- PASS: TestR241CollectionRetriesSamplesPersistentNegativeTTLAndCatalogInvalidation (0.02s)
2026-10-07T13:08:22.5517980Z === RUN   TestR241CanceledHeadDoesNotAdvanceFreshnessMarker
2026-10-07T13:08:22.6009469Z --- PASS: TestR241CanceledHeadDoesNotAdvanceFreshnessMarker (0.05s)
2026-10-07T13:08:22.6011545Z === RUN   TestR244OldLiveHistoryAndHeaderShareRows
2026-10-07T13:08:22.6012532Z === RUN   TestR244OldLiveHistoryAndHeaderShareRows/10
2026-10-07T13:08:22.6013343Z --- PASS: TestR244OldLiveHistoryAndHeaderShareRows/10 (0.00s)
2026-10-07T13:08:22.6014315Z === RUN   TestR244OldLiveHistoryAndHeaderShareRows/3
2026-10-07T13:08:22.6015301Z --- PASS: TestR244OldLiveHistoryAndHeaderShareRows/3 (0.00s)
2026-10-07T13:08:22.6016019Z === RUN   TestR244OldLiveHistoryAndHeaderShareRows/0
2026-10-07T13:08:22.6017063Z --- PASS: TestR244OldLiveHistoryAndHeaderShareRows/0 (0.00s)
2026-10-07T13:08:22.6018925Z --- PASS: TestR244OldLiveHistoryAndHeaderShareRows (0.00s)
2026-10-07T13:08:22.6019974Z === RUN   TestR244UnfilteredHistoryStopsAfterTwoPages
2026-10-07T13:08:22.6275662Z --- PASS: TestR244UnfilteredHistoryStopsAfterTwoPages (0.03s)
2026-10-07T13:08:22.6276416Z === RUN   TestR244SGPAuthoritativeShortEmptyAndSelfCatchUp
2026-10-07T13:08:22.8162089Z --- PASS: TestR244SGPAuthoritativeShortEmptyAndSelfCatchUp (0.19s)
2026-10-07T13:08:22.8163410Z === RUN   TestR244SGPFailureFallsBackLCU
2026-10-07T13:08:22.8411895Z --- PASS: TestR244SGPFailureFallsBackLCU (0.02s)
2026-10-07T13:08:22.8413540Z === RUN   TestR244LightDiscoveryAndOneSweepPerLaunch
2026-10-07T13:08:22.8480097Z --- PASS: TestR244LightDiscoveryAndOneSweepPerLaunch (0.01s)
2026-10-07T13:08:22.8481295Z === RUN   TestR244ProbeReasonsAndTimeout
2026-10-07T13:08:22.8482797Z --- PASS: TestR244ProbeReasonsAndTimeout (0.00s)
2026-10-07T13:08:22.8483599Z === RUN   TestR244ColdConnectionSequenceAndSummonerEvent
2026-10-07T13:08:22.8557854Z --- PASS: TestR244ColdConnectionSequenceAndSummonerEvent (0.01s)
2026-10-07T13:08:22.8558716Z === RUN   TestR244OverviewParallelAndEarlyMatches
2026-10-07T13:08:23.3774509Z --- PASS: TestR244OverviewParallelAndEarlyMatches (0.52s)
2026-10-07T13:08:23.3775380Z === RUN   TestR244OverviewProgressDoesNotMutateAggregation
2026-10-07T13:08:23.3984889Z --- PASS: TestR244OverviewProgressDoesNotMutateAggregation (0.02s)
2026-10-07T13:08:23.3985774Z === RUN   TestR244OverviewFlightReplaysEarlyCard
2026-10-07T13:08:23.3986323Z --- PASS: TestR244OverviewFlightReplaysEarlyCard (0.00s)
2026-10-07T13:08:23.3986917Z === RUN   TestR244SelfCatchUpPublishesOtherPlayersBeforeLCU
2026-10-07T13:08:23.4252273Z --- PASS: TestR244SelfCatchUpPublishesOtherPlayersBeforeLCU (0.03s)
2026-10-07T13:08:23.4253213Z === RUN   TestSnapshotRetryDelayBacksOffAndCaps
2026-10-07T13:08:23.4253995Z --- PASS: TestSnapshotRetryDelayBacksOffAndCaps (0.00s)
2026-10-07T13:08:23.4254999Z === RUN   TestStalePresenceChoosesSmallestSupportedAuthoritativeSet
2026-10-07T13:08:23.4256159Z --- PASS: TestStalePresenceChoosesSmallestSupportedAuthoritativeSet (0.00s)
2026-10-07T13:08:23.4257322Z === RUN   TestPresenceExtraIDCannotSupportEitherAuthoritativeSet
2026-10-07T13:08:23.4258614Z --- PASS: TestPresenceExtraIDCannotSupportEitherAuthoritativeSet (0.00s)
2026-10-07T13:08:23.4259845Z === RUN   TestInventoryV1EndpointDisablesAfterRepeatedFailures
2026-10-07T13:08:23.4260789Z --- PASS: TestInventoryV1EndpointDisablesAfterRepeatedFailures (0.00s)
2026-10-07T13:08:23.4261812Z === RUN   TestInventoryV1EndpointIsRemovedFromLiveArbitrationAfterFailures
2026-10-07T13:08:23.4263038Z --- PASS: TestInventoryV1EndpointIsRemovedFromLiveArbitrationAfterFailures (0.00s)
2026-10-07T13:08:23.4264082Z === RUN   TestSkinsFromSnapshotMarksHistoricalOwnership
2026-10-07T13:08:23.4265002Z --- PASS: TestSkinsFromSnapshotMarksHistoricalOwnership (0.00s)
2026-10-07T13:08:23.4266108Z === RUN   TestHistoricalFallbackSkinsAreServedAsStaleWithoutSnapshotReady
2026-10-07T13:08:23.4267719Z --- PASS: TestHistoricalFallbackSkinsAreServedAsStaleWithoutSnapshotReady (0.00s)
2026-10-07T13:08:23.4268870Z === RUN   TestStatusExposesRetryBudgetAndHistoricalFallback
2026-10-07T13:08:23.4269861Z --- PASS: TestStatusExposesRetryBudgetAndHistoricalFallback (0.00s)
2026-10-07T13:08:23.4270859Z === RUN   TestWatchSettingsMigrateLegacyAndDefaultNewRulesOff
2026-10-07T13:08:23.4287060Z --- PASS: TestWatchSettingsMigrateLegacyAndDefaultNewRulesOff (0.00s)
2026-10-07T13:08:23.4287675Z === RUN   TestWatchSettingsFreshDefaultsAllAutomationOff
2026-10-07T13:08:23.4298487Z --- PASS: TestWatchSettingsFreshDefaultsAllAutomationOff (0.00s)
2026-10-07T13:08:23.4299686Z === RUN   TestWatchSettingsNormalizeEnumsAndSelectionBounds
2026-10-07T13:08:23.4300587Z --- PASS: TestWatchSettingsNormalizeEnumsAndSelectionBounds (0.00s)
2026-10-07T13:08:23.4301497Z === RUN   TestWatchApplyCancelsPendingActionsWhenDisabled
2026-10-07T13:08:23.4302438Z --- PASS: TestWatchApplyCancelsPendingActionsWhenDisabled (0.00s)
2026-10-07T13:08:23.4303300Z === RUN   TestWatchReadFailuresBroadcastAndDoNotWrite
2026-10-07T13:08:23.4316037Z --- PASS: TestWatchReadFailuresBroadcastAndDoNotWrite (0.00s)
2026-10-07T13:08:23.4317106Z === RUN   TestWatchEventsRouteSkipCelebrationAndInvitationPolicies
2026-10-07T13:08:23.4334033Z --- PASS: TestWatchEventsRouteSkipCelebrationAndInvitationPolicies (0.00s)
2026-10-07T13:08:23.4335320Z === RUN   TestWatchHonorEventNeverSelectsEnemy
2026-10-07T13:08:23.4348276Z --- PASS: TestWatchHonorEventNeverSelectsEnemy (0.00s)
2026-10-07T13:08:23.4349258Z === RUN   TestSettingsLockUsesTencentConfigAndRejectsSymlink
2026-10-07T13:08:23.4490110Z --- PASS: TestSettingsLockUsesTencentConfigAndRejectsSymlink (0.01s)
2026-10-07T13:08:23.4491085Z === RUN   TestSettingsLockRejectsAncestorSymlinkEscape
2026-10-07T13:08:23.4542969Z --- PASS: TestSettingsLockRejectsAncestorSymlinkEscape (0.01s)
2026-10-07T13:08:23.4544478Z === RUN   TestClientMaintenanceUsesLeadingSlashAndRejectsUnknownAction
2026-10-07T13:08:23.4558768Z --- PASS: TestClientMaintenanceUsesLeadingSlashAndRejectsUnknownAction (0.00s)
2026-10-07T13:08:23.4559864Z === RUN   TestFacadeRankAndLoginResetValidation
2026-10-07T13:08:23.4696862Z --- PASS: TestFacadeRankAndLoginResetValidation (0.01s)
2026-10-07T13:08:23.4697573Z === RUN   TestFacadeBackgroundWritesOnlySkinID
2026-10-07T13:08:23.4707743Z --- PASS: TestFacadeBackgroundWritesOnlySkinID (0.00s)
2026-10-07T13:08:23.4709206Z === RUN   TestClaimExecuteContinuesAfterLCUFailureAndParsesBody
2026-10-07T13:08:23.4730243Z --- PASS: TestClaimExecuteContinuesAfterLCUFailureAndParsesBody (0.00s)
2026-10-07T13:08:23.4731513Z === RUN   TestEventClaimDetailConcurrencyIsLimitedToFour
2026-10-07T13:08:23.5565472Z --- PASS: TestEventClaimDetailConcurrencyIsLimitedToFour (0.08s)
2026-10-07T13:08:23.5566621Z === RUN   TestEventClaimDetailsAllFailedAreNotReportedAvailable
2026-10-07T13:08:23.5577190Z --- PASS: TestEventClaimDetailsAllFailedAreNotReportedAvailable (0.00s)
2026-10-07T13:08:23.5578177Z === RUN   TestClaimCenterHasNoPersistenceOrDiagnosticWritePath
2026-10-07T13:08:23.5583510Z --- PASS: TestClaimCenterHasNoPersistenceOrDiagnosticWritePath (0.00s)
2026-10-07T13:08:23.5585038Z === RUN   TestR54RetainedSnapshotExposesIdentityButNotAccount
2026-10-07T13:08:23.5586460Z --- PASS: TestR54RetainedSnapshotExposesIdentityButNotAccount (0.00s)
2026-10-07T13:08:23.5587103Z === RUN   TestR54CollectionProbeRetriesUntilReady
2026-10-07T13:08:23.5587876Z === PAUSE TestR54CollectionProbeRetriesUntilReady
2026-10-07T13:08:23.5588335Z === RUN   TestR54CollectionRefreshRunsProbeBeforeSnapshot
2026-10-07T13:08:23.5589028Z --- PASS: TestR54CollectionRefreshRunsProbeBeforeSnapshot (0.00s)
2026-10-07T13:08:23.5589518Z === RUN   TestR54AcquisitionLoadersRunInParallel
2026-10-07T13:08:23.8595697Z --- PASS: TestR54AcquisitionLoadersRunInParallel (0.30s)
2026-10-07T13:08:23.8596797Z === RUN   TestR54IdentitySucceedsWhenProfileRequestFails
2026-10-07T13:08:23.8613339Z --- PASS: TestR54IdentitySucceedsWhenProfileRequestFails (0.00s)
2026-10-07T13:08:23.8615000Z === RUN   TestR54IdentityRefreshUpdatesProfileWhenAvailable
2026-10-07T13:08:23.8631237Z --- PASS: TestR54IdentityRefreshUpdatesProfileWhenAvailable (0.00s)
2026-10-07T13:08:23.8632408Z === RUN   TestR54IdentityRefreshSkipsCollectionEndpoints
2026-10-07T13:08:23.8648739Z --- PASS: TestR54IdentityRefreshSkipsCollectionEndpoints (0.00s)
2026-10-07T13:08:23.8649906Z === RUN   TestR54InstallationScanUsesCacheUnlessForced
2026-10-07T13:08:23.8650862Z --- PASS: TestR54InstallationScanUsesCacheUnlessForced (0.00s)
2026-10-07T13:08:23.8651819Z === RUN   TestR54NoisyDiagnosticsIncludeDiscoveryAndInstallations
2026-10-07T13:08:23.8652960Z --- PASS: TestR54NoisyDiagnosticsIncludeDiscoveryAndInstallations (0.00s)
2026-10-07T13:08:23.8654186Z === RUN   TestR55ClaimSelectionShapes
2026-10-07T13:08:23.8654862Z === RUN   TestR55ClaimSelectionShapes/one_of_one_is_completed_automatically
2026-10-07T13:08:23.8662768Z --- PASS: TestR55ClaimSelectionShapes/one_of_one_is_completed_automatically (0.00s)
2026-10-07T13:08:23.8663891Z === RUN   TestR55ClaimSelectionShapes/one_of_three_remains_a_user_choice
2026-10-07T13:08:23.8666410Z --- PASS: TestR55ClaimSelectionShapes/one_of_three_remains_a_user_choice (0.00s)
2026-10-07T13:08:23.8668478Z === RUN   TestR55ClaimSelectionShapes/three_of_three_are_completed_automatically
2026-10-07T13:08:23.8677225Z --- PASS: TestR55ClaimSelectionShapes/three_of_three_are_completed_automatically (0.00s)
2026-10-07T13:08:23.8679554Z --- PASS: TestR55ClaimSelectionShapes (0.00s)
2026-10-07T13:08:23.8680395Z === RUN   TestR55ClaimScanOnlyFlagsAmbiguousChoices
2026-10-07T13:08:23.8691556Z --- PASS: TestR55ClaimScanOnlyFlagsAmbiguousChoices (0.00s)
2026-10-07T13:08:23.8692957Z === RUN   TestR55ReadyCheckSignalsTriggerOneAccept
2026-10-07T13:08:23.8693801Z === RUN   TestR55ReadyCheckSignalsTriggerOneAccept/ready-check_event
2026-10-07T13:08:23.9163395Z --- PASS: TestR55ReadyCheckSignalsTriggerOneAccept/ready-check_event (0.05s)
2026-10-07T13:08:23.9164589Z === RUN   TestR55ReadyCheckSignalsTriggerOneAccept/phase_event
2026-10-07T13:08:23.9626901Z --- PASS: TestR55ReadyCheckSignalsTriggerOneAccept/phase_event (0.05s)
2026-10-07T13:08:23.9628134Z === RUN   TestR55ReadyCheckSignalsTriggerOneAccept/both_signals_are_deduplicated
2026-10-07T13:08:24.0291356Z --- PASS: TestR55ReadyCheckSignalsTriggerOneAccept/both_signals_are_deduplicated (0.07s)
2026-10-07T13:08:24.0292540Z --- PASS: TestR55ReadyCheckSignalsTriggerOneAccept (0.16s)
2026-10-07T13:08:24.0293366Z === RUN   TestR66CustomReadyCheckNeverAutoAccepts
2026-10-07T13:08:24.0294123Z === RUN   TestR66CustomReadyCheckNeverAutoAccepts/phase
2026-10-07T13:08:24.0565150Z --- PASS: TestR66CustomReadyCheckNeverAutoAccepts/phase (0.03s)
2026-10-07T13:08:24.0566186Z === RUN   TestR66CustomReadyCheckNeverAutoAccepts/event
2026-10-07T13:08:24.0837872Z --- PASS: TestR66CustomReadyCheckNeverAutoAccepts/event (0.03s)
2026-10-07T13:08:24.0838783Z --- PASS: TestR66CustomReadyCheckNeverAutoAccepts (0.05s)
2026-10-07T13:08:24.0839563Z === RUN   TestR66AcceptTransitionRaceDoesNotToast
2026-10-07T13:08:24.1118399Z --- PASS: TestR66AcceptTransitionRaceDoesNotToast (0.03s)
2026-10-07T13:08:24.1119181Z === RUN   TestR55PrimeWatchStateReadsPhaseAndLobby
2026-10-07T13:08:24.1140951Z --- PASS: TestR55PrimeWatchStateReadsPhaseAndLobby (0.00s)
2026-10-07T13:08:24.1142057Z === RUN   TestR55WatchFailureIncludesReasonAndRedactedDiagnostic
2026-10-07T13:08:24.1159008Z --- PASS: TestR55WatchFailureIncludesReasonAndRedactedDiagnostic (0.00s)
2026-10-07T13:08:24.1159940Z === RUN   TestR55EventRetryBackoffBounds
2026-10-07T13:08:24.1160643Z --- PASS: TestR55EventRetryBackoffBounds (0.00s)
2026-10-07T13:08:24.1161578Z === RUN   TestR56ReadyCheckAcceptIsOncePerWindowAndResetsForNextRound
2026-10-07T13:08:24.1230229Z --- PASS: TestR56ReadyCheckAcceptIsOncePerWindowAndResetsForNextRound (0.01s)
2026-10-07T13:08:24.1232015Z === RUN   TestR56EventStreamDropReasonUsesFiniteCategories
2026-10-07T13:08:24.1233103Z === RUN   TestR56EventStreamDropReasonUsesFiniteCategories/read_limit
2026-10-07T13:08:24.1233779Z --- PASS: TestR56EventStreamDropReasonUsesFiniteCategories/read_limit (0.00s)
2026-10-07T13:08:24.1234437Z === RUN   TestR56EventStreamDropReasonUsesFiniteCategories/normal_close
2026-10-07T13:08:24.1235097Z --- PASS: TestR56EventStreamDropReasonUsesFiniteCategories/normal_close (0.00s)
2026-10-07T13:08:24.1236136Z === RUN   TestR56EventStreamDropReasonUsesFiniteCategories/abnormal_close
2026-10-07T13:08:24.1236805Z --- PASS: TestR56EventStreamDropReasonUsesFiniteCategories/abnormal_close (0.00s)
2026-10-07T13:08:24.1237431Z === RUN   TestR56EventStreamDropReasonUsesFiniteCategories/eof
2026-10-07T13:08:24.1237991Z --- PASS: TestR56EventStreamDropReasonUsesFiniteCategories/eof (0.00s)
2026-10-07T13:08:24.1238563Z === RUN   TestR56EventStreamDropReasonUsesFiniteCategories/timeout
2026-10-07T13:08:24.1239178Z --- PASS: TestR56EventStreamDropReasonUsesFiniteCategories/timeout (0.00s)
2026-10-07T13:08:24.1239762Z === RUN   TestR56EventStreamDropReasonUsesFiniteCategories/other
2026-10-07T13:08:24.1240346Z --- PASS: TestR56EventStreamDropReasonUsesFiniteCategories/other (0.00s)
2026-10-07T13:08:24.1241280Z --- PASS: TestR56EventStreamDropReasonUsesFiniteCategories (0.00s)
2026-10-07T13:08:24.1241848Z === RUN   TestR56FacadeIdentityShapeIsRecordedOnceWithoutValues
2026-10-07T13:08:24.1266105Z --- PASS: TestR56FacadeIdentityShapeIsRecordedOnceWithoutValues (0.00s)
2026-10-07T13:08:24.1267647Z === RUN   TestR56FacadeSummaryLoadsForStateAndShapeDiagnosticIsOncePerConnection
2026-10-07T13:08:24.1335077Z --- PASS: TestR56FacadeSummaryLoadsForStateAndShapeDiagnosticIsOncePerConnection (0.01s)
2026-10-07T13:08:24.1336369Z === RUN   TestR58ClearTitleRetriesWithNullAfterEmptyString
2026-10-07T13:08:24.1347423Z --- PASS: TestR58ClearTitleRetriesWithNullAfterEmptyString (0.00s)
2026-10-07T13:08:24.1348376Z === RUN   TestR58ClearTitleFailureDiagnosticIncludesOnlyHTTPStatus
2026-10-07T13:08:24.1393446Z --- PASS: TestR58ClearTitleFailureDiagnosticIncludesOnlyHTTPStatus (0.00s)
2026-10-07T13:08:24.1394953Z === RUN   TestR60FacadeLCUEventsBroadcastOnlyForFacadePrefixes
2026-10-07T13:08:24.1395859Z === RUN   TestR60FacadeLCUEventsBroadcastOnlyForFacadePrefixes//lol-challenges/v1/summary-player-data/local-player
2026-10-07T13:08:24.1396903Z --- PASS: TestR60FacadeLCUEventsBroadcastOnlyForFacadePrefixes//lol-challenges/v1/summary-player-data/local-player (0.00s)
2026-10-07T13:08:24.1398259Z === RUN   TestR60FacadeLCUEventsBroadcastOnlyForFacadePrefixes//lol-challenges/v1/summary-player-data/local-player/title
2026-10-07T13:08:24.1399677Z --- PASS: TestR60FacadeLCUEventsBroadcastOnlyForFacadePrefixes//lol-challenges/v1/summary-player-data/local-player/title (0.00s)
2026-10-07T13:08:24.1400552Z === RUN   TestR60FacadeLCUEventsBroadcastOnlyForFacadePrefixes//LOL-CHAT/V1/ME
2026-10-07T13:08:24.1401232Z --- PASS: TestR60FacadeLCUEventsBroadcastOnlyForFacadePrefixes//LOL-CHAT/V1/ME (0.00s)
2026-10-07T13:08:24.1402051Z === RUN   TestR60FacadeLCUEventsBroadcastOnlyForFacadePrefixes//lol-regalia/v2/current-summoner/regalia/banner
2026-10-07T13:08:24.1402995Z --- PASS: TestR60FacadeLCUEventsBroadcastOnlyForFacadePrefixes//lol-regalia/v2/current-summoner/regalia/banner (0.00s)
2026-10-07T13:08:24.1403788Z === RUN   TestR60FacadeLCUEventsBroadcastOnlyForFacadePrefixes//lol-chat/v1/medley
2026-10-07T13:08:24.1602296Z --- PASS: TestR60FacadeLCUEventsBroadcastOnlyForFacadePrefixes//lol-chat/v1/medley (0.02s)
2026-10-07T13:08:24.1603305Z === RUN   TestR60FacadeLCUEventsBroadcastOnlyForFacadePrefixes//lol-rewards/v1/grants/1
2026-10-07T13:08:24.1807653Z --- PASS: TestR60FacadeLCUEventsBroadcastOnlyForFacadePrefixes//lol-rewards/v1/grants/1 (0.02s)
2026-10-07T13:08:24.1808525Z --- PASS: TestR60FacadeLCUEventsBroadcastOnlyForFacadePrefixes (0.04s)
2026-10-07T13:08:24.1809170Z === RUN   TestR60FacadeSelectedChallengesUseCachedCompactCatalog
2026-10-07T13:08:24.1968661Z --- PASS: TestR60FacadeSelectedChallengesUseCachedCompactCatalog (0.02s)
2026-10-07T13:08:24.1969787Z === RUN   TestR60FacadeChallengesFallbackAndEmptyStates
2026-10-07T13:08:24.1971152Z === RUN   TestR60FacadeChallengesFallbackAndEmptyStates/malformed_selected_uses_topChallenges_when_catalog_is_404
2026-10-07T13:08:24.1998992Z --- PASS: TestR60FacadeChallengesFallbackAndEmptyStates/malformed_selected_uses_topChallenges_when_catalog_is_404 (0.00s)
2026-10-07T13:08:24.2001193Z === RUN   TestR60FacadeChallengesFallbackAndEmptyStates/missing_startup_summary_stays_empty_and_requests_one_retry
2026-10-07T13:08:24.2027013Z --- PASS: TestR60FacadeChallengesFallbackAndEmptyStates/missing_startup_summary_stays_empty_and_requests_one_retry (0.00s)
2026-10-07T13:08:24.2029171Z --- PASS: TestR60FacadeChallengesFallbackAndEmptyStates (0.01s)
2026-10-07T13:08:24.2030368Z === RUN   TestR117FacadeChallengeCatalogRetriesAfterFailureAndSharesFlight
2026-10-07T13:08:24.2355125Z --- PASS: TestR117FacadeChallengeCatalogRetriesAfterFailureAndSharesFlight (0.03s)
2026-10-07T13:08:24.2356181Z === RUN   TestR64FacadeEventBurstIsThrottled
2026-10-07T13:08:24.2356823Z === PAUSE TestR64FacadeEventBurstIsThrottled
2026-10-07T13:08:24.2357772Z === RUN   TestR64ClearChallengesPreservesTitle
2026-10-07T13:08:24.2369467Z --- PASS: TestR64ClearChallengesPreservesTitle (0.00s)
2026-10-07T13:08:24.2370432Z === RUN   TestR64ClearChallengesRefusesToDropUnsupportedTitle
2026-10-07T13:08:24.2384450Z --- PASS: TestR64ClearChallengesRefusesToDropUnsupportedTitle (0.00s)
2026-10-07T13:08:24.2385874Z === RUN   TestR64TitleRestoreValuesAreStaticEnums
2026-10-07T13:08:24.2386738Z --- PASS: TestR64TitleRestoreValuesAreStaticEnums (0.00s)
2026-10-07T13:08:24.2387945Z === RUN   TestR65FacadeStateOnlyExposesStableRenderFields
2026-10-07T13:08:24.2422348Z --- PASS: TestR65FacadeStateOnlyExposesStableRenderFields (0.00s)
2026-10-07T13:08:24.2423641Z === RUN   TestR66TitleRestoreCandidatesAreTriedInOrder
2026-10-07T13:08:24.2424716Z === RUN   TestR66TitleRestoreCandidatesAreTriedInOrder/clear-challenges/string_itemId
2026-10-07T13:08:24.2438590Z --- PASS: TestR66TitleRestoreCandidatesAreTriedInOrder/clear-challenges/string_itemId (0.00s)
2026-10-07T13:08:24.2440714Z === RUN   TestR66TitleRestoreCandidatesAreTriedInOrder/clear-challenges/contentId
2026-10-07T13:08:24.2454471Z --- PASS: TestR66TitleRestoreCandidatesAreTriedInOrder/clear-challenges/contentId (0.00s)
2026-10-07T13:08:24.2455964Z === RUN   TestR66TitleRestoreCandidatesAreTriedInOrder/clear-challenges/playerTitleSelected
2026-10-07T13:08:24.2471382Z --- PASS: TestR66TitleRestoreCandidatesAreTriedInOrder/clear-challenges/playerTitleSelected (0.00s)
2026-10-07T13:08:24.2472882Z --- PASS: TestR66TitleRestoreCandidatesAreTriedInOrder (0.00s)
2026-10-07T13:08:24.2473767Z === RUN   TestR66TitleRestoreRefusalNeverPostsWithoutTitle
2026-10-07T13:08:24.2474839Z === RUN   TestR66TitleRestoreRefusalNeverPostsWithoutTitle/clear-challenges
2026-10-07T13:08:24.2488599Z --- PASS: TestR66TitleRestoreRefusalNeverPostsWithoutTitle/clear-challenges (0.00s)
2026-10-07T13:08:24.2490183Z --- PASS: TestR66TitleRestoreRefusalNeverPostsWithoutTitle (0.00s)
2026-10-07T13:08:24.2490816Z === RUN   TestR66NoCurrentTitleMayPostPreferencesWithoutTitle
2026-10-07T13:08:24.2491671Z === RUN   TestR66NoCurrentTitleMayPostPreferencesWithoutTitle/clear-challenges
2026-10-07T13:08:24.2501919Z --- PASS: TestR66NoCurrentTitleMayPostPreferencesWithoutTitle/clear-challenges (0.00s)
2026-10-07T13:08:24.2503262Z --- PASS: TestR66NoCurrentTitleMayPostPreferencesWithoutTitle (0.00s)
2026-10-07T13:08:24.2504762Z === RUN   TestR66FacadeApplyLogsIntermediateStatusesWithoutCandidateValues
2026-10-07T13:08:24.2579345Z --- PASS: TestR66FacadeApplyLogsIntermediateStatusesWithoutCandidateValues (0.01s)
2026-10-07T13:08:24.2580649Z === RUN   TestR66LCURequestDiagnosticsIncludePreferencePOSTWithoutBody
2026-10-07T13:08:24.2588935Z --- PASS: TestR66LCURequestDiagnosticsIncludePreferencePOSTWithoutBody (0.00s)
2026-10-07T13:08:24.2590386Z === RUN   TestR68EventClaimWithoutParsedItemsIsOmitted
2026-10-07T13:08:24.2602178Z --- PASS: TestR68EventClaimWithoutParsedItemsIsOmitted (0.00s)
2026-10-07T13:08:24.2603046Z === RUN   TestR68EventRewardStateDiagnosticContainsOnlyDistribution
2026-10-07T13:08:24.2616195Z --- PASS: TestR68EventRewardStateDiagnosticContainsOnlyDistribution (0.00s)
2026-10-07T13:08:24.2617435Z === RUN   TestR68HonorContinuationFiresCanceledPlayAgainExactlyOnce
2026-10-07T13:08:24.8645800Z --- PASS: TestR68HonorContinuationFiresCanceledPlayAgainExactlyOnce (0.60s)
2026-10-07T13:08:24.8646882Z === RUN   TestR68CanceledWatchActionIsRecorded
2026-10-07T13:08:24.8664036Z     r68_test.go:149: canceled diagnostic persisted: {"action":"reconnect","build_fingerprint":"dev","event":"watch_action","log_seq":1,"result":"armed","run_id":"3ae4c7c86577c564db59d0ef","time":"2026-10-07T13:08:24.8651644Z"}
2026-10-07T13:08:24.8666075Z         {"action":"reconnect","build_fingerprint":"dev","event":"watch_action","log_seq":2,"result":"canceled","run_id":"3ae4c7c86577c564db59d0ef","time":"2026-10-07T13:08:24.8651644Z"}
2026-10-07T13:08:24.8676838Z --- PASS: TestR68CanceledWatchActionIsRecorded (0.00s)
2026-10-07T13:08:24.8677829Z === RUN   TestR68CanceledOlderWatchJobCannotLoseNewPendingJob
2026-10-07T13:08:25.3494337Z --- PASS: TestR68CanceledOlderWatchJobCannotLoseNewPendingJob (0.48s)
2026-10-07T13:08:25.3495486Z === RUN   TestR68AutoMatchmakingPreflightSkipsLostLeaderAndCustom
2026-10-07T13:08:25.3497270Z === RUN   TestR68AutoMatchmakingPreflightSkipsLostLeaderAndCustom/lost_leader
2026-10-07T13:08:25.3924937Z --- PASS: TestR68AutoMatchmakingPreflightSkipsLostLeaderAndCustom/lost_leader (0.04s)
2026-10-07T13:08:25.3926684Z === RUN   TestR68AutoMatchmakingPreflightSkipsLostLeaderAndCustom/custom_lobby
2026-10-07T13:08:25.4352646Z --- PASS: TestR68AutoMatchmakingPreflightSkipsLostLeaderAndCustom/custom_lobby (0.04s)
2026-10-07T13:08:25.4354030Z --- PASS: TestR68AutoMatchmakingPreflightSkipsLostLeaderAndCustom (0.09s)
2026-10-07T13:08:25.4355150Z === RUN   TestR68AutoMatchmakingRetriesTwoBadRequestsThenFires
2026-10-07T13:08:25.4484306Z --- PASS: TestR68AutoMatchmakingRetriesTwoBadRequestsThenFires (0.01s)
2026-10-07T13:08:25.4485760Z === RUN   TestR68AutoMatchmakingGivesUpAndRequiresExplicitRetry
2026-10-07T13:08:25.4933802Z --- PASS: TestR68AutoMatchmakingGivesUpAndRequiresExplicitRetry (0.04s)
2026-10-07T13:08:25.4934893Z === RUN   TestR68AutoMatchmakingBackoffAndQueueReadiness
2026-10-07T13:08:25.4974615Z --- PASS: TestR68AutoMatchmakingBackoffAndQueueReadiness (0.00s)
2026-10-07T13:08:25.4975659Z === RUN   TestR68LobbyShapeDiagnosticRecordsOnlyStructuralKeys
2026-10-07T13:08:25.4976702Z --- PASS: TestR68LobbyShapeDiagnosticRecordsOnlyStructuralKeys (0.00s)
2026-10-07T13:08:25.4977654Z === RUN   TestR68WatchActionLifecycleHasNoArmedOrphans
2026-10-07T13:08:25.4990959Z --- PASS: TestR68WatchActionLifecycleHasNoArmedOrphans (0.00s)
2026-10-07T13:08:25.4991905Z === RUN   TestR68PositionBroadcastModesTeamLookupAndRetryGate
2026-10-07T13:08:25.4992763Z === RUN   TestR68PositionBroadcastModesTeamLookupAndRetryGate/aram
2026-10-07T13:08:25.5023834Z     r68_test.go:494: position broadcast diagnostic persisted: {"action":"position-broadcast","build_fingerprint":"dev","event":"watch_action","log_seq":1,"result":"armed","run_id":"50b8c37089bfdcbf538e4e4a","time":"2026-10-07T13:08:25.5001189Z"}
2026-10-07T13:08:25.5027181Z         {"action":"position-broadcast","build_fingerprint":"dev","event":"watch_action","log_seq":2,"reason":"sent","result":"fired","run_id":"50b8c37089bfdcbf538e4e4a","time":"2026-10-07T13:08:25.5010305Z"}
2026-10-07T13:08:25.5041249Z --- PASS: TestR68PositionBroadcastModesTeamLookupAndRetryGate/aram (0.00s)
2026-10-07T13:08:25.5042493Z === RUN   TestR68PositionBroadcastModesTeamLookupAndRetryGate/aram_mayhem
2026-10-07T13:08:25.5058835Z --- PASS: TestR68PositionBroadcastModesTeamLookupAndRetryGate/aram_mayhem (0.00s)
2026-10-07T13:08:25.5060753Z === RUN   TestR68PositionBroadcastModesTeamLookupAndRetryGate/classic
2026-10-07T13:08:25.5072397Z --- PASS: TestR68PositionBroadcastModesTeamLookupAndRetryGate/classic (0.00s)
2026-10-07T13:08:26.5101618Z --- PASS: TestR68PositionBroadcastModesTeamLookupAndRetryGate (1.01s)
2026-10-07T13:08:26.5102856Z === RUN   TestR68LivePositionSnapshotUsesAnonymousKeyAndGameBoundary
2026-10-07T13:08:26.5104097Z --- PASS: TestR68LivePositionSnapshotUsesAnonymousKeyAndGameBoundary (0.00s)
2026-10-07T13:08:26.5105185Z === RUN   TestR68LiveHandlerCarriesChampSelectPositionIntoSameGame
2026-10-07T13:08:26.5165980Z --- PASS: TestR68LiveHandlerCarriesChampSelectPositionIntoSameGame (0.01s)
2026-10-07T13:08:26.5167024Z === RUN   TestR68ChampSelectQueueIDSurvivesLobbyFailure
2026-10-07T13:08:26.5183821Z --- PASS: TestR68ChampSelectQueueIDSurvivesLobbyFailure (0.00s)
2026-10-07T13:08:26.5184712Z === RUN   TestR68LivePositionShapeDistributionAndPrivacy
2026-10-07T13:08:26.5207068Z     r68_test.go:681: live position diagnostic persisted: {"assigned_position_counts":{"BOTTOM":1},"build_fingerprint":"dev","event":"live_position_shape","game_id":68,"game_mode":"CLASSIC","log_seq":1,"normalized_position_counts":{"":1,"bottom":1,"jungle":1},"phase":"ChampSelect","position_source_counts":{"gameflow":0,"liveclient":0,"none":3,"snapshot":0},"position_swaps_element_keys":["id","state"],"position_swaps_length":1,"queue_id":420,"run_id":"c7b91bb1f88738c375571f3e","selected_position_counts":{"":1,"JUNGLE":1,"TOP":1},"selected_role_counts":{"":2,"DUO":1},"self_assigned_position":"BOTTOM","self_selected_position":"TOP","smite_count":1,"snapshot_applied_count":0,"snapshot_game_id":0,"snapshot_size":0,"team_duplicate_positions":{"0":0},"time":"2026-10-07T13:08:26.5192502Z"}
2026-10-07T13:08:26.5258027Z --- PASS: TestR68LivePositionShapeDistributionAndPrivacy (0.01s)
2026-10-07T13:08:26.5259161Z === RUN   TestR68WatchFailureDiagnosticIncludesSafeErrorCode
2026-10-07T13:08:26.5272666Z --- PASS: TestR68WatchFailureDiagnosticIncludesSafeErrorCode (0.00s)
2026-10-07T13:08:26.5273612Z === RUN   TestR68SharedARAMModeSet
2026-10-07T13:08:26.5274222Z --- PASS: TestR68SharedARAMModeSet (0.00s)
2026-10-07T13:08:26.5275019Z === RUN   TestR69FacadeTitleRestorePlanUsesValuesNotObjectKeys
2026-10-07T13:08:26.5276121Z === RUN   TestR69FacadeTitleRestorePlanUsesValuesNotObjectKeys/eleven_empty_keys
2026-10-07T13:08:26.5277422Z --- PASS: TestR69FacadeTitleRestorePlanUsesValuesNotObjectKeys/eleven_empty_keys (0.00s)
2026-10-07T13:08:26.5278710Z === RUN   TestR69FacadeTitleRestorePlanUsesValuesNotObjectKeys/itemId
2026-10-07T13:08:26.5279883Z --- PASS: TestR69FacadeTitleRestorePlanUsesValuesNotObjectKeys/itemId (0.00s)
2026-10-07T13:08:26.5281098Z === RUN   TestR69FacadeTitleRestorePlanUsesValuesNotObjectKeys/contentId
2026-10-07T13:08:26.5282359Z --- PASS: TestR69FacadeTitleRestorePlanUsesValuesNotObjectKeys/contentId (0.00s)
2026-10-07T13:08:26.5283615Z === RUN   TestR69FacadeTitleRestorePlanUsesValuesNotObjectKeys/chat_playerTitleSelected
2026-10-07T13:08:26.5284905Z --- PASS: TestR69FacadeTitleRestorePlanUsesValuesNotObjectKeys/chat_playerTitleSelected (0.00s)
2026-10-07T13:08:26.5285863Z --- PASS: TestR69FacadeTitleRestorePlanUsesValuesNotObjectKeys (0.00s)
2026-10-07T13:08:26.5286935Z === RUN   TestR69NameOnlyTitleReturnsNoCandidateWithoutPosting
2026-10-07T13:08:26.5288424Z --- PASS: TestR69NameOnlyTitleReturnsNoCandidateWithoutPosting (0.00s)
2026-10-07T13:08:26.5289384Z === RUN   TestR69FacadeApplyDiagnosticShapesReachJSONL
2026-10-07T13:08:26.5289989Z === RUN   TestR69FacadeApplyDiagnosticShapesReachJSONL/no_title_writes_normally
2026-10-07T13:08:26.5344005Z     r69_test.go:122: facade_apply_json={"action":"clear-challenges","build_fingerprint":"dev","event":"facade_apply","log_seq":13,"result":"ok","run_id":"7f58a17a543d1d52afe2a799","time":"2026-10-07T13:08:26.5330369Z","title_attempt_count":0,"title_attempt_status":[],"title_candidate_count":0,"title_has_title":false,"title_restore":"not-set"}
2026-10-07T13:08:26.5361113Z --- PASS: TestR69FacadeApplyDiagnosticShapesReachJSONL/no_title_writes_normally (0.01s)
2026-10-07T13:08:26.5362613Z === RUN   TestR69FacadeApplyDiagnosticShapesReachJSONL/title_without_identifier_stops_before_post
2026-10-07T13:08:26.5387910Z     r69_test.go:122: facade_apply_json={"action":"clear-challenges","build_fingerprint":"dev","event":"facade_apply","log_seq":1,"result":"failed","run_id":"45f51432bba04583f634a09e","time":"2026-10-07T13:08:26.53742Z","title_attempt_count":0,"title_attempt_status":[],"title_candidate_count":0,"title_has_title":true,"title_restore":"no-candidate"}
2026-10-07T13:08:26.5405371Z --- PASS: TestR69FacadeApplyDiagnosticShapesReachJSONL/title_without_identifier_stops_before_post (0.00s)
2026-10-07T13:08:26.5406393Z === RUN   TestR69FacadeApplyDiagnosticShapesReachJSONL/real_candidate_refused_after_attempt
2026-10-07T13:08:26.5434231Z     r69_test.go:122: facade_apply_json={"action":"clear-challenges","build_fingerprint":"dev","event":"facade_apply","log_seq":1,"result":"failed","run_id":"6e82bda8c6cd60dcc28585e5","status_code":400,"time":"2026-10-07T13:08:26.5419232Z","title_attempt_count":1,"title_attempt_status":[400],"title_candidate_count":1,"title_has_title":true,"title_restore":"refused"}
2026-10-07T13:08:26.5449393Z --- PASS: TestR69FacadeApplyDiagnosticShapesReachJSONL/real_candidate_refused_after_attempt (0.00s)
2026-10-07T13:08:26.5450673Z --- PASS: TestR69FacadeApplyDiagnosticShapesReachJSONL (0.02s)
2026-10-07T13:08:26.5451593Z === RUN   TestR69FacadeLoadCostWritesDurationsAndTrigger
2026-10-07T13:08:26.5514143Z --- PASS: TestR69FacadeLoadCostWritesDurationsAndTrigger (0.01s)
2026-10-07T13:08:26.5514984Z === RUN   TestR70OverviewInvalidationDetachesOldFlights
2026-10-07T13:08:26.5515800Z --- PASS: TestR70OverviewInvalidationDetachesOldFlights (0.00s)
2026-10-07T13:08:26.5516340Z === RUN   TestR70SSEOverflowRequestsResyncWithoutBlockingPeers
2026-10-07T13:08:26.5530905Z --- PASS: TestR70SSEOverflowRequestsResyncWithoutBlockingPeers (0.00s)
2026-10-07T13:08:26.5532449Z === RUN   TestR70ChestsClassifyContainerRatherThanContents
2026-10-07T13:08:26.5533860Z --- PASS: TestR70ChestsClassifyContainerRatherThanContents (0.00s)
2026-10-07T13:08:26.5534721Z === RUN   TestR70MalformedGrantsCannotWrite
2026-10-07T13:08:26.5535133Z --- PASS: TestR70MalformedGrantsCannotWrite (0.00s)
2026-10-07T13:08:26.5535686Z === RUN   TestR70ScanPreservesUnsafeRewardEvidenceWithoutAdvertisingClaim
2026-10-07T13:08:26.5548941Z --- PASS: TestR70ScanPreservesUnsafeRewardEvidenceWithoutAdvertisingClaim (0.00s)
2026-10-07T13:08:26.5549802Z === RUN   TestR70ClaimBatchRejectsDuplicateWithoutBlockingOtherRewards
2026-10-07T13:08:26.5566585Z --- PASS: TestR70ClaimBatchRejectsDuplicateWithoutBlockingOtherRewards (0.00s)
2026-10-07T13:08:26.5567420Z === RUN   TestR71RecommendedFilesAreBoundedBackedUpAndGameCompatible
2026-10-07T13:08:26.6179347Z --- PASS: TestR71RecommendedFilesAreBoundedBackedUpAndGameCompatible (0.06s)
2026-10-07T13:08:26.6180893Z === RUN   TestR71RecommendedFilesFailClosedOnForeignFilesAndLinks
2026-10-07T13:08:26.6181997Z === RUN   TestR71RecommendedFilesFailClosedOnForeignFilesAndLinks/file
2026-10-07T13:08:26.6235062Z --- PASS: TestR71RecommendedFilesFailClosedOnForeignFilesAndLinks/file (0.01s)
2026-10-07T13:08:26.6236820Z === RUN   TestR71RecommendedFilesFailClosedOnForeignFilesAndLinks/backup
2026-10-07T13:08:26.6292475Z --- PASS: TestR71RecommendedFilesFailClosedOnForeignFilesAndLinks/backup (0.01s)
2026-10-07T13:08:26.6293770Z === RUN   TestR71RecommendedFilesFailClosedOnForeignFilesAndLinks/directory
2026-10-07T13:08:26.6353010Z --- PASS: TestR71RecommendedFilesFailClosedOnForeignFilesAndLinks/directory (0.01s)
2026-10-07T13:08:26.6354334Z === RUN   TestR71RecommendedFilesFailClosedOnForeignFilesAndLinks/outside
2026-10-07T13:08:26.6392091Z --- PASS: TestR71RecommendedFilesFailClosedOnForeignFilesAndLinks/outside (0.00s)
2026-10-07T13:08:26.6393425Z === RUN   TestR71RecommendedFilesFailClosedOnForeignFilesAndLinks/missing-exe
2026-10-07T13:08:26.6436704Z --- PASS: TestR71RecommendedFilesFailClosedOnForeignFilesAndLinks/missing-exe (0.00s)
2026-10-07T13:08:26.6438040Z --- PASS: TestR71RecommendedFilesFailClosedOnForeignFilesAndLinks (0.03s)
2026-10-07T13:08:26.6439195Z === RUN   TestR71RecommendedGuardRunsBeforeAndImmediatelyBeforeWrite
2026-10-07T13:08:26.6492186Z --- PASS: TestR71RecommendedGuardRunsBeforeAndImmediatelyBeforeWrite (0.01s)
2026-10-07T13:08:26.6493270Z === RUN   TestR71RecommendedMigrationPreservesForeignItemSets
2026-10-07T13:08:26.6494149Z === RUN   TestR71RecommendedMigrationPreservesForeignItemSets/ok
2026-10-07T13:08:26.6513176Z --- PASS: TestR71RecommendedMigrationPreservesForeignItemSets/ok (0.00s)
2026-10-07T13:08:26.6515802Z === RUN   TestR71RecommendedMigrationPreservesForeignItemSets/missing-account
2026-10-07T13:08:26.6524552Z --- PASS: TestR71RecommendedMigrationPreservesForeignItemSets/missing-account (0.00s)
2026-10-07T13:08:26.6525905Z === RUN   TestR71RecommendedMigrationPreservesForeignItemSets/different-account
2026-10-07T13:08:26.6535242Z --- PASS: TestR71RecommendedMigrationPreservesForeignItemSets/different-account (0.00s)
2026-10-07T13:08:26.6536803Z === RUN   TestR71RecommendedMigrationPreservesForeignItemSets/guard
2026-10-07T13:08:26.6547616Z --- PASS: TestR71RecommendedMigrationPreservesForeignItemSets/guard (0.00s)
2026-10-07T13:08:26.6548697Z === RUN   TestR71RecommendedMigrationPreservesForeignItemSets/malformed
2026-10-07T13:08:26.6558789Z --- PASS: TestR71RecommendedMigrationPreservesForeignItemSets/malformed (0.00s)
2026-10-07T13:08:26.6560645Z === RUN   TestR71RecommendedMigrationPreservesForeignItemSets/put-failed
2026-10-07T13:08:26.6571660Z --- PASS: TestR71RecommendedMigrationPreservesForeignItemSets/put-failed (0.00s)
2026-10-07T13:08:26.6573247Z === RUN   TestR71RecommendedMigrationPreservesForeignItemSets/verify-failed
2026-10-07T13:08:26.6587137Z --- PASS: TestR71RecommendedMigrationPreservesForeignItemSets/verify-failed (0.00s)
2026-10-07T13:08:26.6588427Z === RUN   TestR71RecommendedMigrationPreservesForeignItemSets/preflight-account
2026-10-07T13:08:26.6598874Z --- PASS: TestR71RecommendedMigrationPreservesForeignItemSets/preflight-account (0.00s)
2026-10-07T13:08:26.6600241Z === RUN   TestR71RecommendedMigrationPreservesForeignItemSets/preflight-edit
2026-10-07T13:08:26.6610686Z --- PASS: TestR71RecommendedMigrationPreservesForeignItemSets/preflight-edit (0.00s)
2026-10-07T13:08:26.6611966Z === RUN   TestR71RecommendedMigrationPreservesForeignItemSets/verify-account
2026-10-07T13:08:26.6626905Z --- PASS: TestR71RecommendedMigrationPreservesForeignItemSets/verify-account (0.00s)
2026-10-07T13:08:26.6628493Z --- PASS: TestR71RecommendedMigrationPreservesForeignItemSets (0.01s)
2026-10-07T13:08:26.6629539Z === RUN   TestR71RecommendedTencentPathAndPartialCleanup
2026-10-07T13:08:26.6858887Z --- PASS: TestR71RecommendedTencentPathAndPartialCleanup (0.02s)
2026-10-07T13:08:26.6860600Z === RUN   TestR71RecommendedInternationalConfigAndExecutableRoots
2026-10-07T13:08:26.6861299Z === RUN   TestR71RecommendedInternationalConfigAndExecutableRoots/linked-game-false
2026-10-07T13:08:26.7019379Z --- PASS: TestR71RecommendedInternationalConfigAndExecutableRoots/linked-game-false (0.02s)
2026-10-07T13:08:26.7021125Z === RUN   TestR71RecommendedInternationalConfigAndExecutableRoots/linked-game-true
2026-10-07T13:08:26.7077141Z --- PASS: TestR71RecommendedInternationalConfigAndExecutableRoots/linked-game-true (0.01s)
2026-10-07T13:08:26.7078437Z --- PASS: TestR71RecommendedInternationalConfigAndExecutableRoots (0.02s)
2026-10-07T13:08:26.7079953Z === RUN   TestR71LiveRecentPositionsUseAtMostTenActualRankedSamples
2026-10-07T13:08:26.7082481Z --- PASS: TestR71LiveRecentPositionsUseAtMostTenActualRankedSamples (0.00s)
2026-10-07T13:08:26.7083962Z === RUN   TestR71CollectionRequestsCoalesceAcrossQueueProbeAndScan
2026-10-07T13:08:26.7085125Z --- PASS: TestR71CollectionRequestsCoalesceAcrossQueueProbeAndScan (0.00s)
2026-10-07T13:08:26.7086138Z === RUN   TestR71ClaimIdentityQuantityAndDiagnostics
2026-10-07T13:08:26.7087000Z --- PASS: TestR71ClaimIdentityQuantityAndDiagnostics (0.00s)
2026-10-07T13:08:26.7088086Z === RUN   TestR71ClaimScanKeepsConflictsNonActionableAndResolvesExactQuantities
2026-10-07T13:08:26.7089614Z === RUN   TestR71ClaimScanKeepsConflictsNonActionableAndResolvesExactQuantities/duplicate-conflict
2026-10-07T13:08:26.7099079Z --- PASS: TestR71ClaimScanKeepsConflictsNonActionableAndResolvesExactQuantities/duplicate-conflict (0.00s)
2026-10-07T13:08:26.7100900Z === RUN   TestR71ClaimScanKeepsConflictsNonActionableAndResolvesExactQuantities/quantity-fallback
2026-10-07T13:08:26.7112490Z --- PASS: TestR71ClaimScanKeepsConflictsNonActionableAndResolvesExactQuantities/quantity-fallback (0.00s)
2026-10-07T13:08:26.7114243Z === RUN   TestR71ClaimScanKeepsConflictsNonActionableAndResolvesExactQuantities/quantity-conflict
2026-10-07T13:08:26.7125433Z --- PASS: TestR71ClaimScanKeepsConflictsNonActionableAndResolvesExactQuantities/quantity-conflict (0.00s)
2026-10-07T13:08:26.7126530Z === RUN   TestR71ClaimScanKeepsConflictsNonActionableAndResolvesExactQuantities/foreign-element
2026-10-07T13:08:26.7137596Z --- PASS: TestR71ClaimScanKeepsConflictsNonActionableAndResolvesExactQuantities/foreign-element (0.00s)
2026-10-07T13:08:26.7139344Z === RUN   TestR71ClaimScanKeepsConflictsNonActionableAndResolvesExactQuantities/different-item
2026-10-07T13:08:26.7149926Z --- PASS: TestR71ClaimScanKeepsConflictsNonActionableAndResolvesExactQuantities/different-item (0.00s)
2026-10-07T13:08:26.7152119Z === RUN   TestR71ClaimScanKeepsConflictsNonActionableAndResolvesExactQuantities/different-type
2026-10-07T13:08:26.7162216Z --- PASS: TestR71ClaimScanKeepsConflictsNonActionableAndResolvesExactQuantities/different-type (0.00s)
2026-10-07T13:08:26.7165175Z --- PASS: TestR71ClaimScanKeepsConflictsNonActionableAndResolvesExactQuantities (0.01s)
2026-10-07T13:08:26.7166479Z === RUN   TestR71ItemSetDocumentComparisonPreservesIntegerPrecision
2026-10-07T13:08:26.7167663Z --- PASS: TestR71ItemSetDocumentComparisonPreservesIntegerPrecision (0.00s)
2026-10-07T13:08:26.7168732Z === RUN   TestR72RecommendedTraceSeparatesWriteAndReadback
2026-10-07T13:08:26.7170078Z === RUN   TestR72RecommendedTraceSeparatesWriteAndReadback/DL_·_中路
2026-10-07T13:08:26.7553809Z --- PASS: TestR72RecommendedTraceSeparatesWriteAndReadback/DL_·_中路 (0.04s)
2026-10-07T13:08:26.7555097Z === RUN   TestR72RecommendedTraceSeparatesWriteAndReadback/invalid�
2026-10-07T13:08:26.7710770Z --- PASS: TestR72RecommendedTraceSeparatesWriteAndReadback/invalid� (0.02s)
2026-10-07T13:08:26.7712073Z --- PASS: TestR72RecommendedTraceSeparatesWriteAndReadback (0.05s)
2026-10-07T13:08:26.7712856Z === RUN   TestR72RecommendedFailureStages
2026-10-07T13:08:26.7713654Z === RUN   TestR72RecommendedFailureStages/initial-session-guard
2026-10-07T13:08:26.7757575Z --- PASS: TestR72RecommendedFailureStages/initial-session-guard (0.00s)
2026-10-07T13:08:26.7758387Z === RUN   TestR72RecommendedFailureStages/recommended-directory
2026-10-07T13:08:26.7775408Z --- PASS: TestR72RecommendedFailureStages/recommended-directory (0.00s)
2026-10-07T13:08:26.7776049Z === RUN   TestR72RecommendedFailureStages/previous-file-ownership
2026-10-07T13:08:26.7842761Z --- PASS: TestR72RecommendedFailureStages/previous-file-ownership (0.01s)
2026-10-07T13:08:26.7844030Z === RUN   TestR72RecommendedFailureStages/backup-ownership
2026-10-07T13:08:26.7909837Z --- PASS: TestR72RecommendedFailureStages/backup-ownership (0.01s)
2026-10-07T13:08:26.7911190Z === RUN   TestR72RecommendedFailureStages/replace-session-guard
2026-10-07T13:08:26.7971933Z --- PASS: TestR72RecommendedFailureStages/replace-session-guard (0.01s)
2026-10-07T13:08:26.7972903Z === RUN   TestR72RecommendedFailureStages/backup-write
2026-10-07T13:08:26.8263641Z --- PASS: TestR72RecommendedFailureStages/backup-write (0.03s)
2026-10-07T13:08:26.8265434Z === RUN   TestR72RecommendedFailureStages/file-write
2026-10-07T13:08:26.8462607Z --- PASS: TestR72RecommendedFailureStages/file-write (0.02s)
2026-10-07T13:08:26.8463389Z --- PASS: TestR72RecommendedFailureStages (0.08s)
2026-10-07T13:08:26.8463867Z === RUN   TestR72DisplayConfigIsNumericAllowlistedAndBounded
2026-10-07T13:08:26.8525731Z --- PASS: TestR72DisplayConfigIsNumericAllowlistedAndBounded (0.01s)
2026-10-07T13:08:26.8526776Z === RUN   TestR72ExportSnapshotMissingUnsafeAndForeignFiles
2026-10-07T13:08:26.8639955Z --- PASS: TestR72ExportSnapshotMissingUnsafeAndForeignFiles (0.01s)
2026-10-07T13:08:26.8641146Z === RUN   TestR72ExportIncludesReadOnlyCheckpointWithoutSecrets
2026-10-07T13:08:26.8925371Z --- PASS: TestR72ExportIncludesReadOnlyCheckpointWithoutSecrets (0.03s)
2026-10-07T13:08:26.8926747Z === RUN   TestR72CleanupFailureStageDoesNotLeakRawError
2026-10-07T13:08:26.8927707Z --- PASS: TestR72CleanupFailureStageDoesNotLeakRawError (0.00s)
2026-10-07T13:08:26.8928555Z === RUN   TestR72FailureCodesOnlyExposeEnums
2026-10-07T13:08:26.8929301Z --- PASS: TestR72FailureCodesOnlyExposeEnums (0.00s)
2026-10-07T13:08:26.8930223Z === RUN   TestR72PersistedShopSnapshotUsesOnlyKnownNumericFields
2026-10-07T13:08:26.9018692Z --- PASS: TestR72PersistedShopSnapshotUsesOnlyKnownNumericFields (0.01s)
2026-10-07T13:08:26.9019848Z === RUN   TestR72PersistedSnapshotDistinguishesMissingGameConfig
2026-10-07T13:08:26.9074371Z --- PASS: TestR72PersistedSnapshotDistinguishesMissingGameConfig (0.01s)
2026-10-07T13:08:26.9075449Z === RUN   TestR72ApplyLogsVerifiedPartialAndFailedStates
2026-10-07T13:08:26.9076403Z === RUN   TestR72ApplyLogsVerifiedPartialAndFailedStates/verified
2026-10-07T13:08:26.9365541Z --- PASS: TestR72ApplyLogsVerifiedPartialAndFailedStates/verified (0.03s)
2026-10-07T13:08:26.9366540Z === RUN   TestR72ApplyLogsVerifiedPartialAndFailedStates/cleanup-failed
2026-10-07T13:08:26.9625789Z --- PASS: TestR72ApplyLogsVerifiedPartialAndFailedStates/cleanup-failed (0.03s)
2026-10-07T13:08:26.9627009Z === RUN   TestR72ApplyLogsVerifiedPartialAndFailedStates/locate-failed
2026-10-07T13:08:26.9691907Z --- PASS: TestR72ApplyLogsVerifiedPartialAndFailedStates/locate-failed (0.01s)
2026-10-07T13:08:26.9693143Z --- PASS: TestR72ApplyLogsVerifiedPartialAndFailedStates (0.06s)
2026-10-07T13:08:26.9693853Z === RUN   TestR73TeamGate
2026-10-07T13:08:26.9695274Z --- PASS: TestR73TeamGate (0.00s)
2026-10-07T13:08:26.9696393Z === RUN   TestR73StableIdentityAnchor
2026-10-07T13:08:26.9697252Z --- PASS: TestR73StableIdentityAnchor (0.00s)
2026-10-07T13:08:26.9697894Z === RUN   TestR73DormantUnknownActivityOrder
2026-10-07T13:08:26.9698594Z --- PASS: TestR73DormantUnknownActivityOrder (0.00s)
2026-10-07T13:08:26.9699307Z === RUN   TestR73AmbiguousLadderNoRequest
2026-10-07T13:08:26.9699957Z --- PASS: TestR73AmbiguousLadderNoRequest (0.00s)
2026-10-07T13:08:26.9700604Z === RUN   TestR73LazyTierComparison
2026-10-07T13:08:26.9701199Z --- PASS: TestR73LazyTierComparison (0.00s)
2026-10-07T13:08:26.9701930Z === RUN   TestR73OverviewComparisonDoesNotPolluteSnapshot
2026-10-07T13:08:26.9705136Z --- PASS: TestR73OverviewComparisonDoesNotPolluteSnapshot (0.00s)
2026-10-07T13:08:26.9705973Z === RUN   TestR73Riot404AndPublicOverview
2026-10-07T13:08:26.9710478Z --- PASS: TestR73Riot404AndPublicOverview (0.00s)
2026-10-07T13:08:26.9711189Z === RUN   TestR73CapturedTeamGateAudit
2026-10-07T13:08:26.9712942Z     r73_test.go:192: optional local source capture
2026-10-07T13:08:26.9713675Z --- SKIP: TestR73CapturedTeamGateAudit (0.00s)
2026-10-07T13:08:26.9714702Z === RUN   TestR74RiotTransientIdentityFailureIsNotCached
2026-10-07T13:08:26.9716089Z --- PASS: TestR74RiotTransientIdentityFailureIsNotCached (0.00s)
2026-10-07T13:08:26.9717030Z === RUN   TestR74FacadeCatalogLoadsWithoutOpeningCollection
2026-10-07T13:08:26.9788883Z --- PASS: TestR74FacadeCatalogLoadsWithoutOpeningCollection (0.01s)
2026-10-07T13:08:26.9790012Z === RUN   TestR74FacadeConnectionChangeInvalidatesStaleCatalog
2026-10-07T13:08:26.9791064Z --- PASS: TestR74FacadeConnectionChangeInvalidatesStaleCatalog (0.00s)
2026-10-07T13:08:26.9792575Z === RUN   TestR74RiotBudgetExhaustionReturnsRetryAfterWithoutWaitingForTimeout
2026-10-07T13:08:26.9793952Z --- PASS: TestR74RiotBudgetExhaustionReturnsRetryAfterWithoutWaitingForTimeout (0.00s)
2026-10-07T13:08:26.9795358Z === RUN   TestR74RecommendationInventoryFindsOtherNamespacesWithoutModifyingFiles
2026-10-07T13:08:26.9971759Z --- PASS: TestR74RecommendationInventoryFindsOtherNamespacesWithoutModifyingFiles (0.02s)
2026-10-07T13:08:26.9973578Z === RUN   TestR78ChampSelectNormalizationEnforcesModeLimitsAndIDs
2026-10-07T13:08:26.9974668Z --- PASS: TestR78ChampSelectNormalizationEnforcesModeLimitsAndIDs (0.00s)
2026-10-07T13:08:26.9975798Z === RUN   TestR78RankedFallsBackToDefaultPoolWhenPositionUnknown
2026-10-07T13:08:26.9976419Z === RUN   TestR78RankedFallsBackToDefaultPoolWhenPositionUnknown/#00
2026-10-07T13:08:26.9977068Z --- PASS: TestR78RankedFallsBackToDefaultPoolWhenPositionUnknown/#00 (0.00s)
2026-10-07T13:08:26.9977772Z === RUN   TestR78RankedFallsBackToDefaultPoolWhenPositionUnknown/FILL
2026-10-07T13:08:26.9978986Z --- PASS: TestR78RankedFallsBackToDefaultPoolWhenPositionUnknown/FILL (0.00s)
2026-10-07T13:08:26.9980221Z === RUN   TestR78RankedFallsBackToDefaultPoolWhenPositionUnknown/NONE
2026-10-07T13:08:26.9981601Z --- PASS: TestR78RankedFallsBackToDefaultPoolWhenPositionUnknown/NONE (0.00s)
2026-10-07T13:08:26.9982766Z === RUN   TestR78RankedFallsBackToDefaultPoolWhenPositionUnknown/unknown
2026-10-07T13:08:26.9983944Z --- PASS: TestR78RankedFallsBackToDefaultPoolWhenPositionUnknown/unknown (0.00s)
2026-10-07T13:08:26.9985098Z --- PASS: TestR78RankedFallsBackToDefaultPoolWhenPositionUnknown (0.00s)
2026-10-07T13:08:26.9986183Z === RUN   TestR78RankedUnassignedPositionStillBans
2026-10-07T13:08:26.9987110Z --- PASS: TestR78RankedUnassignedPositionStillBans (0.00s)
2026-10-07T13:08:26.9988200Z === RUN   TestR78MatchmakingQueuesUseNormalGroup
2026-10-07T13:08:26.9988998Z --- PASS: TestR78MatchmakingQueuesUseNormalGroup (0.00s)
2026-10-07T13:08:26.9989748Z === RUN   TestR78TradeCapabilityIndependentOfBench
2026-10-07T13:08:26.9990584Z --- PASS: TestR78TradeCapabilityIndependentOfBench (0.00s)
2026-10-07T13:08:26.9991380Z === RUN   TestR78PickableFailureStillSwapsBench
2026-10-07T13:08:26.9992173Z --- PASS: TestR78PickableFailureStillSwapsBench (0.00s)
2026-10-07T13:08:26.9993163Z === RUN   TestR78V2WatchMigrationPreservesRulesAndAddsEmptyChampSelect
2026-10-07T13:08:27.0010559Z --- PASS: TestR78V2WatchMigrationPreservesRulesAndAddsEmptyChampSelect (0.00s)
2026-10-07T13:08:27.0011741Z === RUN   TestR78ChampSelectCandidateNormalizesLaneAndHonorsIntent
2026-10-07T13:08:27.0012574Z --- PASS: TestR78ChampSelectCandidateNormalizesLaneAndHonorsIntent (0.00s)
2026-10-07T13:08:27.0013149Z === RUN   TestR78ChampSelectDelayNeverNegativeOrPastPhase
2026-10-07T13:08:27.0013820Z --- PASS: TestR78ChampSelectDelayNeverNegativeOrPastPhase (0.00s)
2026-10-07T13:08:27.0014401Z === RUN   TestR78ChampSelectActionRequiresInProgress
2026-10-07T13:08:27.0014863Z --- PASS: TestR78ChampSelectActionRequiresInProgress (0.00s)
2026-10-07T13:08:27.0015304Z === RUN   TestR78ChampSelectRequiresChampSelectPhase
2026-10-07T13:08:27.0320154Z --- PASS: TestR78ChampSelectRequiresChampSelectPhase (0.03s)
2026-10-07T13:08:27.0321225Z === RUN   TestR78ChampSelectStrategiesAndTradePriority
2026-10-07T13:08:27.0322280Z --- PASS: TestR78ChampSelectStrategiesAndTradePriority (0.00s)
2026-10-07T13:08:27.0323351Z === RUN   TestR78ChampSelectSessionCacheClearsOnEnterAndLeave
2026-10-07T13:08:27.0324595Z --- PASS: TestR78ChampSelectSessionCacheClearsOnEnterAndLeave (0.00s)
2026-10-07T13:08:27.0327474Z === RUN   TestR78ChampSelectExhaustedEmitsAndDoesNotPatch
2026-10-07T13:08:27.0328305Z --- PASS: TestR78ChampSelectExhaustedEmitsAndDoesNotPatch (0.00s)
2026-10-07T13:08:27.0328994Z === RUN   TestR78ChampSelectSubmissionDeduplicatesAndUsesSecondIntentSafeChoice
2026-10-07T13:08:27.0644115Z --- PASS: TestR78ChampSelectSubmissionDeduplicatesAndUsesSecondIntentSafeChoice (0.03s)
2026-10-07T13:08:27.0645535Z === RUN   TestR78ChampSelectUserTakeoverCancelsAutomation
2026-10-07T13:08:27.0646328Z --- PASS: TestR78ChampSelectUserTakeoverCancelsAutomation (0.00s)
2026-10-07T13:08:27.0646893Z === RUN   TestR78ARAMNeverSubmitsBan
2026-10-07T13:08:27.0951057Z --- PASS: TestR78ARAMNeverSubmitsBan (0.03s)
2026-10-07T13:08:27.0951980Z === RUN   TestR78ArenaWithoutBanActionStillPicks
2026-10-07T13:08:27.0957449Z --- PASS: TestR78ArenaWithoutBanActionStillPicks (0.00s)
2026-10-07T13:08:27.0958510Z === RUN   TestR78CustomPracticeChampSelectUsesItsOwnPauseGate
2026-10-07T13:08:27.0965171Z --- PASS: TestR78CustomPracticeChampSelectUsesItsOwnPauseGate (0.00s)
2026-10-07T13:08:27.0966228Z === RUN   TestR79ItemSetContextReportsObservedGameflowPhase
2026-10-07T13:08:27.0967198Z === RUN   TestR79ItemSetContextReportsObservedGameflowPhase/champ-select
2026-10-07T13:08:27.0980817Z --- PASS: TestR79ItemSetContextReportsObservedGameflowPhase/champ-select (0.00s)
2026-10-07T13:08:27.0982346Z === RUN   TestR79ItemSetContextReportsObservedGameflowPhase/in-progress
2026-10-07T13:08:27.0990810Z --- PASS: TestR79ItemSetContextReportsObservedGameflowPhase/in-progress (0.00s)
2026-10-07T13:08:27.0991583Z === RUN   TestR79ItemSetContextReportsObservedGameflowPhase/lobby
2026-10-07T13:08:27.0999749Z --- PASS: TestR79ItemSetContextReportsObservedGameflowPhase/lobby (0.00s)
2026-10-07T13:08:27.1000824Z === RUN   TestR79ItemSetContextReportsObservedGameflowPhase/unreadable
2026-10-07T13:08:27.1009002Z --- PASS: TestR79ItemSetContextReportsObservedGameflowPhase/unreadable (0.00s)
2026-10-07T13:08:27.1010046Z --- PASS: TestR79ItemSetContextReportsObservedGameflowPhase (0.00s)
2026-10-07T13:08:27.1012081Z === RUN   TestR79ItemSetApplyDiagnosticRecordsRejectedPhase
2026-10-07T13:08:27.1054975Z --- PASS: TestR79ItemSetApplyDiagnosticRecordsRejectedPhase (0.00s)
2026-10-07T13:08:27.1056101Z === RUN   TestR86RiotMatchSingleflightAndCanceledWaiter
2026-10-07T13:08:27.1371314Z --- PASS: TestR86RiotMatchSingleflightAndCanceledWaiter (0.03s)
2026-10-07T13:08:27.1373129Z === RUN   TestR86CanceledQuotaWaitDoesNotReserveTokens
2026-10-07T13:08:27.1374049Z --- PASS: TestR86CanceledQuotaWaitDoesNotReserveTokens (0.00s)
2026-10-07T13:08:27.1374919Z === RUN   TestR86ChampionNamesNegativeCacheAndExpiry
2026-10-07T13:08:27.1375772Z --- PASS: TestR86ChampionNamesNegativeCacheAndExpiry (0.00s)
2026-10-07T13:08:27.1376747Z === RUN   TestR86RankCacheDoesNotAcquireApplicationLock
2026-10-07T13:08:27.1377438Z --- PASS: TestR86RankCacheDoesNotAcquireApplicationLock (0.00s)
2026-10-07T13:08:27.1378335Z === RUN   TestR86RiotOverviewCancellationStopsQueuedDetails
2026-10-07T13:08:27.1381227Z --- PASS: TestR86RiotOverviewCancellationStopsQueuedDetails (0.00s)
2026-10-07T13:08:27.1382281Z === RUN   TestR86RiotQueuedDetailsExitWhileActiveRequestsHoldSlots
2026-10-07T13:08:27.1421863Z --- PASS: TestR86RiotQueuedDetailsExitWhileActiveRequestsHoldSlots (0.00s)
2026-10-07T13:08:27.1422636Z === RUN   TestR86PlayAgainEarlierPhaseRearmsWithoutDuplicateOrPostponement
2026-10-07T13:08:28.7174806Z --- PASS: TestR86PlayAgainEarlierPhaseRearmsWithoutDuplicateOrPostponement (1.58s)
2026-10-07T13:08:28.7176302Z === RUN   TestR86DiagnosticBufferBudgetAndImmediateRead
2026-10-07T13:08:28.7674884Z --- PASS: TestR86DiagnosticBufferBudgetAndImmediateRead (0.05s)
2026-10-07T13:08:28.7675939Z === RUN   TestR86DiagnosticTimerFlushAndAsyncFailureVisible
2026-10-07T13:08:28.9739569Z --- PASS: TestR86DiagnosticTimerFlushAndAsyncFailureVisible (0.21s)
2026-10-07T13:08:28.9740779Z === RUN   TestR86EmptyProcessDiscoverySkipsDiskButErrorsRetainFallback
2026-10-07T13:08:28.9742046Z === RUN   TestR86EmptyProcessDiscoverySkipsDiskButErrorsRetainFallback/empty
2026-10-07T13:08:28.9743396Z --- PASS: TestR86EmptyProcessDiscoverySkipsDiskButErrorsRetainFallback/empty (0.00s)
2026-10-07T13:08:28.9744743Z === RUN   TestR86EmptyProcessDiscoverySkipsDiskButErrorsRetainFallback/failed
2026-10-07T13:08:28.9746073Z --- PASS: TestR86EmptyProcessDiscoverySkipsDiskButErrorsRetainFallback/failed (0.00s)
2026-10-07T13:08:28.9747439Z === RUN   TestR86EmptyProcessDiscoverySkipsDiskButErrorsRetainFallback/unreadable
2026-10-07T13:08:28.9748817Z --- PASS: TestR86EmptyProcessDiscoverySkipsDiskButErrorsRetainFallback/unreadable (0.00s)
2026-10-07T13:08:28.9750201Z --- PASS: TestR86EmptyProcessDiscoverySkipsDiskButErrorsRetainFallback (0.00s)
2026-10-07T13:08:28.9751292Z === RUN   TestR86ChampionDiskMigrationPruneAndThrottle
2026-10-07T13:08:29.1842357Z --- PASS: TestR86ChampionDiskMigrationPruneAndThrottle (0.21s)
2026-10-07T13:08:29.1843387Z === RUN   TestR86OverviewDeadlineCancelsQueuesAndMastery
2026-10-07T13:08:29.1844881Z === RUN   TestR86OverviewDeadlineCancelsQueuesAndMastery//lol-game-queues/v1/queues
2026-10-07T13:08:29.2055406Z --- PASS: TestR86OverviewDeadlineCancelsQueuesAndMastery//lol-game-queues/v1/queues (0.02s)
2026-10-07T13:08:29.2056958Z === RUN   TestR86OverviewDeadlineCancelsQueuesAndMastery/champion-mastery
2026-10-07T13:08:29.2770045Z --- PASS: TestR86OverviewDeadlineCancelsQueuesAndMastery/champion-mastery (0.07s)
2026-10-07T13:08:29.2771189Z --- PASS: TestR86OverviewDeadlineCancelsQueuesAndMastery (0.09s)
2026-10-07T13:08:29.2772209Z === RUN   TestR86SGPThreeHundredPhysicalPagesStayWithinBudget
2026-10-07T13:08:29.2773179Z === PAUSE TestR86SGPThreeHundredPhysicalPagesStayWithinBudget
2026-10-07T13:08:29.2774183Z === RUN   TestR86TenPageSeasonBackfillDoesNotPopulateHistoryCache
2026-10-07T13:08:29.3395905Z --- PASS: TestR86TenPageSeasonBackfillDoesNotPopulateHistoryCache (0.06s)
2026-10-07T13:08:29.3397047Z === RUN   TestR86SnapshotsPruneByBytesAndCount
2026-10-07T13:08:29.3398271Z === RUN   TestR86SnapshotsPruneByBytesAndCount/8388608
2026-10-07T13:08:29.3644742Z --- PASS: TestR86SnapshotsPruneByBytesAndCount/8388608 (0.02s)
2026-10-07T13:08:29.3646464Z === RUN   TestR86SnapshotsPruneByBytesAndCount/1
2026-10-07T13:08:29.3885227Z --- PASS: TestR86SnapshotsPruneByBytesAndCount/1 (0.02s)
2026-10-07T13:08:29.3886452Z --- PASS: TestR86SnapshotsPruneByBytesAndCount (0.05s)
2026-10-07T13:08:29.3889099Z === RUN   TestR87P7EveryEndPhaseResetsMatchmakingExhaustion
2026-10-07T13:08:29.3890548Z === RUN   TestR87P7EveryEndPhaseResetsMatchmakingExhaustion/WaitingForStats
2026-10-07T13:08:29.3892122Z --- PASS: TestR87P7EveryEndPhaseResetsMatchmakingExhaustion/WaitingForStats (0.00s)
2026-10-07T13:08:29.3893343Z === RUN   TestR87P7EveryEndPhaseResetsMatchmakingExhaustion/PreEndOfGame
2026-10-07T13:08:29.3894547Z --- PASS: TestR87P7EveryEndPhaseResetsMatchmakingExhaustion/PreEndOfGame (0.00s)
2026-10-07T13:08:29.3895687Z === RUN   TestR87P7EveryEndPhaseResetsMatchmakingExhaustion/EndOfGame
2026-10-07T13:08:29.3896883Z --- PASS: TestR87P7EveryEndPhaseResetsMatchmakingExhaustion/EndOfGame (0.00s)
2026-10-07T13:08:29.3898038Z --- PASS: TestR87P7EveryEndPhaseResetsMatchmakingExhaustion (0.00s)
2026-10-07T13:08:29.3899169Z === RUN   TestR87P7FourStateGuardExplainsEachSkip
2026-10-07T13:08:29.3899884Z === RUN   TestR87P7FourStateGuardExplainsEachSkip/custom
2026-10-07T13:08:29.3900734Z --- PASS: TestR87P7FourStateGuardExplainsEachSkip/custom (0.00s)
2026-10-07T13:08:29.3901547Z === RUN   TestR87P7FourStateGuardExplainsEachSkip/started
2026-10-07T13:08:29.3903509Z --- PASS: TestR87P7FourStateGuardExplainsEachSkip/started (0.00s)
2026-10-07T13:08:29.3904779Z === RUN   TestR87P7FourStateGuardExplainsEachSkip/inflight
2026-10-07T13:08:29.3906240Z --- PASS: TestR87P7FourStateGuardExplainsEachSkip/inflight (0.00s)
2026-10-07T13:08:29.3907209Z === RUN   TestR87P7FourStateGuardExplainsEachSkip/exhausted
2026-10-07T13:08:29.3907743Z --- PASS: TestR87P7FourStateGuardExplainsEachSkip/exhausted (0.00s)
2026-10-07T13:08:29.3908978Z --- PASS: TestR87P7FourStateGuardExplainsEachSkip (0.00s)
2026-10-07T13:08:29.3909497Z === RUN   TestR87P7CanceledOldMatchmakingCannotPoisonNextGame
2026-10-07T13:08:29.3910059Z --- PASS: TestR87P7CanceledOldMatchmakingCannotPoisonNextGame (0.00s)
2026-10-07T13:08:29.3910586Z === RUN   TestR87P7CanceledJobsDoNotBlockReenabledMatchmaking
2026-10-07T13:08:29.3911126Z === RUN   TestR87P7CanceledJobsDoNotBlockReenabledMatchmaking/rule-toggle
2026-10-07T13:08:29.3911774Z --- PASS: TestR87P7CanceledJobsDoNotBlockReenabledMatchmaking/rule-toggle (0.00s)
2026-10-07T13:08:29.3912414Z === RUN   TestR87P7CanceledJobsDoNotBlockReenabledMatchmaking/master-toggle
2026-10-07T13:08:29.3913063Z --- PASS: TestR87P7CanceledJobsDoNotBlockReenabledMatchmaking/master-toggle (0.00s)
2026-10-07T13:08:29.3914115Z === RUN   TestR87P7CanceledJobsDoNotBlockReenabledMatchmaking/disabled-phase
2026-10-07T13:08:29.3915229Z --- PASS: TestR87P7CanceledJobsDoNotBlockReenabledMatchmaking/disabled-phase (0.00s)
2026-10-07T13:08:29.3915908Z === RUN   TestR87P7CanceledJobsDoNotBlockReenabledMatchmaking/custom-session
2026-10-07T13:08:29.3916583Z --- PASS: TestR87P7CanceledJobsDoNotBlockReenabledMatchmaking/custom-session (0.00s)
2026-10-07T13:08:29.3917226Z === RUN   TestR87P7CanceledJobsDoNotBlockReenabledMatchmaking/leave-lobby
2026-10-07T13:08:29.3917863Z --- PASS: TestR87P7CanceledJobsDoNotBlockReenabledMatchmaking/leave-lobby (0.00s)
2026-10-07T13:08:29.3918473Z --- PASS: TestR87P7CanceledJobsDoNotBlockReenabledMatchmaking (0.00s)
2026-10-07T13:08:29.3918960Z === RUN   TestR87P7AndP9ClientDiagnosticsReachExport
2026-10-07T13:08:29.3919388Z === RUN   TestR87P7AndP9ClientDiagnosticsReachExport/false
2026-10-07T13:08:29.3929034Z --- PASS: TestR87P7AndP9ClientDiagnosticsReachExport/false (0.00s)
2026-10-07T13:08:29.3930061Z === RUN   TestR87P7AndP9ClientDiagnosticsReachExport/true
2026-10-07T13:08:29.3956366Z --- PASS: TestR87P7AndP9ClientDiagnosticsReachExport/true (0.00s)
2026-10-07T13:08:29.4023923Z --- PASS: TestR87P7AndP9ClientDiagnosticsReachExport (0.01s)
2026-10-07T13:08:29.4024964Z === RUN   TestR87PrewarmRejectsDifferentGameWithoutPhaseEvent
2026-10-07T13:08:29.4026167Z --- PASS: TestR87PrewarmRejectsDifferentGameWithoutPhaseEvent (0.00s)
2026-10-07T13:08:29.4028577Z === RUN   TestR87PrewarmSurvivesLongHiddenWindow
2026-10-07T13:08:29.4032447Z --- PASS: TestR87PrewarmSurvivesLongHiddenWindow (0.00s)
2026-10-07T13:08:29.4033936Z === RUN   TestR87OldPhaseWarmCannotReplaceNewPhaseFlight
2026-10-07T13:08:29.4034921Z --- PASS: TestR87OldPhaseWarmCannotReplaceNewPhaseFlight (0.00s)
2026-10-07T13:08:29.4035898Z === RUN   TestR87ReconnectPreflightRejectsLostEndEvent
2026-10-07T13:08:29.4036775Z === RUN   TestR87ReconnectPreflightRejectsLostEndEvent/Reconnect
2026-10-07T13:08:29.4037794Z --- PASS: TestR87ReconnectPreflightRejectsLostEndEvent/Reconnect (0.00s)
2026-10-07T13:08:29.4038824Z === RUN   TestR87ReconnectPreflightRejectsLostEndEvent/WaitingForStats
2026-10-07T13:08:29.4039946Z --- PASS: TestR87ReconnectPreflightRejectsLostEndEvent/WaitingForStats (0.00s)
2026-10-07T13:08:29.4040987Z --- PASS: TestR87ReconnectPreflightRejectsLostEndEvent (0.00s)
2026-10-07T13:08:29.4041984Z === RUN   TestR87BannableProbeKeepsHTTPStatusAndActionGateSeparate
2026-10-07T13:08:29.4043046Z === RUN   TestR87BannableProbeKeepsHTTPStatusAndActionGateSeparate/0
2026-10-07T13:08:29.4044299Z --- PASS: TestR87BannableProbeKeepsHTTPStatusAndActionGateSeparate/0 (0.00s)
2026-10-07T13:08:29.4045732Z === RUN   TestR87BannableProbeKeepsHTTPStatusAndActionGateSeparate/200
2026-10-07T13:08:29.4049806Z --- PASS: TestR87BannableProbeKeepsHTTPStatusAndActionGateSeparate/200 (0.00s)
2026-10-07T13:08:29.4051336Z === RUN   TestR87BannableProbeKeepsHTTPStatusAndActionGateSeparate/204
2026-10-07T13:08:29.4055205Z --- PASS: TestR87BannableProbeKeepsHTTPStatusAndActionGateSeparate/204 (0.00s)
2026-10-07T13:08:29.4056526Z === RUN   TestR87BannableProbeKeepsHTTPStatusAndActionGateSeparate/503
2026-10-07T13:08:29.4059276Z --- PASS: TestR87BannableProbeKeepsHTTPStatusAndActionGateSeparate/503 (0.00s)
2026-10-07T13:08:29.4060390Z --- PASS: TestR87BannableProbeKeepsHTTPStatusAndActionGateSeparate (0.00s)
2026-10-07T13:08:29.4061156Z === RUN   TestR87CollectionThreeComparisonsAndBoundedPendingRetry
2026-10-07T13:08:29.8058978Z     r87_additional_test.go:199: mock medians old=124.6879ms new=8.3879ms improvement=93.3%
2026-10-07T13:08:29.8103753Z --- PASS: TestR87CollectionThreeComparisonsAndBoundedPendingRetry (0.40s)
2026-10-07T13:08:29.8104870Z === RUN   TestR87ClaimHandlerSuppliesOwnBudget
2026-10-07T13:08:29.8105781Z --- PASS: TestR87ClaimHandlerSuppliesOwnBudget (0.00s)
2026-10-07T13:08:29.8106708Z === RUN   TestR87PositionBroadcastEveryFailureReason
2026-10-07T13:08:29.8107766Z === RUN   TestR87PositionBroadcastEveryFailureReason/session-read-failed
2026-10-07T13:08:29.8109056Z --- PASS: TestR87PositionBroadcastEveryFailureReason/session-read-failed (0.00s)
2026-10-07T13:08:29.8110312Z === RUN   TestR87PositionBroadcastEveryFailureReason/gameflow-read-failed
2026-10-07T13:08:29.8111333Z --- PASS: TestR87PositionBroadcastEveryFailureReason/gameflow-read-failed (0.00s)
2026-10-07T13:08:29.8112369Z === RUN   TestR87PositionBroadcastEveryFailureReason/chat-read-failed
2026-10-07T13:08:29.8113409Z --- PASS: TestR87PositionBroadcastEveryFailureReason/chat-read-failed (0.00s)
2026-10-07T13:08:29.8114537Z === RUN   TestR87PositionBroadcastEveryFailureReason/conversation-unavailable
2026-10-07T13:08:29.8115832Z --- PASS: TestR87PositionBroadcastEveryFailureReason/conversation-unavailable (0.00s)
2026-10-07T13:08:29.8117174Z === RUN   TestR87PositionBroadcastEveryFailureReason/message-write-failed
2026-10-07T13:08:29.8118720Z --- PASS: TestR87PositionBroadcastEveryFailureReason/message-write-failed (0.00s)
2026-10-07T13:08:29.8119900Z === RUN   TestR87PositionBroadcastEveryFailureReason/team-unavailable
2026-10-07T13:08:29.8121025Z --- PASS: TestR87PositionBroadcastEveryFailureReason/team-unavailable (0.00s)
2026-10-07T13:08:29.8122420Z --- PASS: TestR87PositionBroadcastEveryFailureReason (0.00s)
2026-10-07T13:08:29.8123487Z === RUN   TestR87SGPForceInvalidationRejectsOldFlightAndKeepsOtherPlayer
2026-10-07T13:08:29.8125016Z --- PASS: TestR87SGPForceInvalidationRejectsOldFlightAndKeepsOtherPlayer (0.00s)
2026-10-07T13:08:29.8125826Z === RUN   TestR87CancellationScopes
2026-10-07T13:08:29.8126433Z --- PASS: TestR87CancellationScopes (0.00s)
2026-10-07T13:08:29.8127232Z === RUN   TestR87ClientDiagnosticsReachExportWithLifecycleFields
2026-10-07T13:08:29.8128282Z === RUN   TestR87ClientDiagnosticsReachExportWithLifecycleFields/overview
2026-10-07T13:08:29.8148808Z --- PASS: TestR87ClientDiagnosticsReachExportWithLifecycleFields/overview (0.00s)
2026-10-07T13:08:29.8150064Z === RUN   TestR87ClientDiagnosticsReachExportWithLifecycleFields/live
2026-10-07T13:08:29.8177093Z --- PASS: TestR87ClientDiagnosticsReachExportWithLifecycleFields/live (0.00s)
2026-10-07T13:08:29.8178693Z === RUN   TestR87ClientDiagnosticsReachExportWithLifecycleFields/champions
2026-10-07T13:08:29.8209352Z --- PASS: TestR87ClientDiagnosticsReachExportWithLifecycleFields/champions (0.00s)
2026-10-07T13:08:29.8210559Z === RUN   TestR87ClientDiagnosticsReachExportWithLifecycleFields/favorites
2026-10-07T13:08:29.8237724Z --- PASS: TestR87ClientDiagnosticsReachExportWithLifecycleFields/favorites (0.00s)
2026-10-07T13:08:29.8239138Z === RUN   TestR87ClientDiagnosticsReachExportWithLifecycleFields/suite
2026-10-07T13:08:29.8267070Z --- PASS: TestR87ClientDiagnosticsReachExportWithLifecycleFields/suite (0.00s)
2026-10-07T13:08:29.8295400Z --- PASS: TestR87ClientDiagnosticsReachExportWithLifecycleFields (0.02s)
2026-10-07T13:08:29.8296543Z === RUN   TestR87ClaimTimeoutBeforeScanStillPairsItemDiagnostics
2026-10-07T13:08:29.8520326Z --- PASS: TestR87ClaimTimeoutBeforeScanStillPairsItemDiagnostics (0.02s)
2026-10-07T13:08:29.8521190Z === RUN   TestR87ArenaSentinelActuallyPatches
2026-10-07T13:08:29.8521711Z === RUN   TestR87ArenaSentinelActuallyPatches/1700
2026-10-07T13:08:29.8539467Z --- PASS: TestR87ArenaSentinelActuallyPatches/1700 (0.00s)
2026-10-07T13:08:29.8540309Z === RUN   TestR87ArenaSentinelActuallyPatches/1710
2026-10-07T13:08:29.8557918Z --- PASS: TestR87ArenaSentinelActuallyPatches/1710 (0.00s)
2026-10-07T13:08:29.8558707Z === RUN   TestR87ArenaSentinelActuallyPatches/1750
2026-10-07T13:08:29.8578978Z --- PASS: TestR87ArenaSentinelActuallyPatches/1750 (0.00s)
2026-10-07T13:08:29.8579589Z --- PASS: TestR87ArenaSentinelActuallyPatches (0.01s)
2026-10-07T13:08:29.8580060Z === RUN   TestR87ArenaLiteralBoundary
2026-10-07T13:08:29.8782465Z --- PASS: TestR87ArenaLiteralBoundary (0.02s)
2026-10-07T13:08:29.8783353Z === RUN   TestR87WaitingForStatsInvalidatesOnlySubjectAndDetachesFlight
2026-10-07T13:08:29.8784126Z --- PASS: TestR87WaitingForStatsInvalidatesOnlySubjectAndDetachesFlight (0.00s)
2026-10-07T13:08:29.8784706Z === RUN   TestR87PhasePrewarmMakesFirstLiveResponseFast
2026-10-07T13:08:30.2597402Z     r87_test.go:141: cold=246.8681ms warm=5.8197ms
2026-10-07T13:08:30.2598481Z --- PASS: TestR87PhasePrewarmMakesFirstLiveResponseFast (0.38s)
2026-10-07T13:08:30.2599753Z === RUN   TestR87CollectionSharesPayloadsAndDoesNotCacheEmptyAcrossRefreshes
2026-10-07T13:08:30.2601357Z --- PASS: TestR87CollectionSharesPayloadsAndDoesNotCacheEmptyAcrossRefreshes (0.00s)
2026-10-07T13:08:30.2602807Z === RUN   TestR87NineClaimsScanOnceEachAndTimeoutBudgetIncludesLock
2026-10-07T13:08:30.2868780Z --- PASS: TestR87NineClaimsScanOnceEachAndTimeoutBudgetIncludesLock (0.03s)
2026-10-07T13:08:30.2871102Z === RUN   TestR87ReconnectRequiresSustainedPhase
2026-10-07T13:08:30.2871945Z --- PASS: TestR87ReconnectRequiresSustainedPhase (0.00s)
2026-10-07T13:08:30.2873215Z === RUN   TestR87PositionBroadcastFailureHasReason
2026-10-07T13:08:30.2874091Z --- PASS: TestR87PositionBroadcastFailureHasReason (0.00s)
2026-10-07T13:08:30.2874899Z === RUN   TestR87RosterLayoutPreservesMainAndStats
2026-10-07T13:08:30.2875737Z --- PASS: TestR87RosterLayoutPreservesMainAndStats (0.00s)
2026-10-07T13:08:30.2876846Z === RUN   TestR88QueueGuardMutations
2026-10-07T13:08:30.2877743Z --- PASS: TestR88QueueGuardMutations (0.00s)
2026-10-07T13:08:30.2878883Z === RUN   TestR88ArenaBanWildcardActuallyPatches
2026-10-07T13:08:30.2880260Z === RUN   TestR88ArenaBanWildcardActuallyPatches/1750
2026-10-07T13:08:30.2915400Z --- PASS: TestR88ArenaBanWildcardActuallyPatches/1750 (0.00s)
2026-10-07T13:08:30.2916249Z === RUN   TestR88ArenaBanWildcardActuallyPatches/3110
2026-10-07T13:08:30.2943070Z --- PASS: TestR88ArenaBanWildcardActuallyPatches/3110 (0.00s)
2026-10-07T13:08:30.2943642Z === RUN   TestR88ArenaBanWildcardActuallyPatches/3100
2026-10-07T13:08:30.2980359Z --- PASS: TestR88ArenaBanWildcardActuallyPatches/3100 (0.00s)
2026-10-07T13:08:30.2981339Z --- PASS: TestR88ArenaBanWildcardActuallyPatches (0.01s)
2026-10-07T13:08:30.2982374Z === RUN   TestR88OrdinaryLiveLoadsCacheAndReuseWithoutExtendingTTL
2026-10-07T13:08:30.2998054Z --- PASS: TestR88OrdinaryLiveLoadsCacheAndReuseWithoutExtendingTTL (0.00s)
2026-10-07T13:08:30.2999931Z === RUN   TestR88SummonerCacheCoalescesExpiresAndIsolatesClients
2026-10-07T13:08:30.3163104Z --- PASS: TestR88SummonerCacheCoalescesExpiresAndIsolatesClients (0.02s)
2026-10-07T13:08:30.3164444Z === RUN   TestR88ArenaRankingsOPAndPartialSchema
2026-10-07T13:08:30.3213097Z --- PASS: TestR88ArenaRankingsOPAndPartialSchema (0.01s)
2026-10-07T13:08:30.3213865Z === RUN   TestR88DiagnosticContractsAndBuildMarker
2026-10-07T13:08:30.3305578Z --- PASS: TestR88DiagnosticContractsAndBuildMarker (0.01s)
2026-10-07T13:08:30.3306478Z === RUN   TestR88ConcurrentCachedProbeRejectsSupersededSnapshot
2026-10-07T13:08:30.3309478Z --- PASS: TestR88ConcurrentCachedProbeRejectsSupersededSnapshot (0.00s)
2026-10-07T13:08:30.3311582Z === RUN   TestR89DiagnosticArenaParserDirectStoragePath
2026-10-07T13:08:30.3349610Z --- PASS: TestR89DiagnosticArenaParserDirectStoragePath (0.00s)
2026-10-07T13:08:30.3351396Z === RUN   TestR89DiagnosticStorageOverridesStaleProducerMarkerWithoutMutation
2026-10-07T13:08:30.3377796Z --- PASS: TestR89DiagnosticStorageOverridesStaleProducerMarkerWithoutMutation (0.00s)
2026-10-07T13:08:30.3380991Z === RUN   TestR89DiagnosticStandardEventsRetainFingerprint
2026-10-07T13:08:30.3407892Z --- PASS: TestR89DiagnosticStandardEventsRetainFingerprint (0.00s)
2026-10-07T13:08:30.3408598Z === RUN   TestR89DiagnosticStorageRotationMarkerAlsoHasFingerprint
2026-10-07T13:08:30.3469716Z --- PASS: TestR89DiagnosticStorageRotationMarkerAlsoHasFingerprint (0.01s)
2026-10-07T13:08:30.3470890Z === RUN   TestR89QueueGuardEquivalentMutations
2026-10-07T13:08:30.3472019Z === RUN   TestR89QueueGuardEquivalentMutations/bytes
2026-10-07T13:08:30.3472890Z --- PASS: TestR89QueueGuardEquivalentMutations/bytes (0.00s)
2026-10-07T13:08:30.3474028Z === RUN   TestR89QueueGuardEquivalentMutations/format
2026-10-07T13:08:30.3475188Z --- PASS: TestR89QueueGuardEquivalentMutations/format (0.00s)
2026-10-07T13:08:30.3476171Z === RUN   TestR89QueueGuardEquivalentMutations/string-constant
2026-10-07T13:08:30.3477437Z --- PASS: TestR89QueueGuardEquivalentMutations/string-constant (0.00s)
2026-10-07T13:08:30.3478477Z === RUN   TestR89QueueGuardEquivalentMutations/float-conversion
2026-10-07T13:08:30.3479525Z --- PASS: TestR89QueueGuardEquivalentMutations/float-conversion (0.00s)
2026-10-07T13:08:30.3480829Z === RUN   TestR89QueueGuardEquivalentMutations/constant-switch
2026-10-07T13:08:30.3481803Z --- PASS: TestR89QueueGuardEquivalentMutations/constant-switch (0.00s)
2026-10-07T13:08:30.3482771Z === RUN   TestR89QueueGuardEquivalentMutations/original-direct
2026-10-07T13:08:30.3483743Z --- PASS: TestR89QueueGuardEquivalentMutations/original-direct (0.00s)
2026-10-07T13:08:30.3484702Z === RUN   TestR89QueueGuardEquivalentMutations/original-switch
2026-10-07T13:08:30.3485657Z --- PASS: TestR89QueueGuardEquivalentMutations/original-switch (0.00s)
2026-10-07T13:08:30.3486555Z === RUN   TestR89QueueGuardEquivalentMutations/sprint
2026-10-07T13:08:30.3487724Z --- PASS: TestR89QueueGuardEquivalentMutations/sprint (0.00s)
2026-10-07T13:08:30.3488632Z === RUN   TestR89QueueGuardEquivalentMutations/cast-literal
2026-10-07T13:08:30.3489858Z --- PASS: TestR89QueueGuardEquivalentMutations/cast-literal (0.00s)
2026-10-07T13:08:30.3490901Z === RUN   TestR89QueueGuardEquivalentMutations/numeric-string-rhs
2026-10-07T13:08:30.3491911Z --- PASS: TestR89QueueGuardEquivalentMutations/numeric-string-rhs (0.00s)
2026-10-07T13:08:30.3492897Z === RUN   TestR89QueueGuardEquivalentMutations/receiver-string
2026-10-07T13:08:30.3493870Z --- PASS: TestR89QueueGuardEquivalentMutations/receiver-string (0.00s)
2026-10-07T13:08:30.3494817Z === RUN   TestR89QueueGuardEquivalentMutations/original-alias
2026-10-07T13:08:30.3495751Z --- PASS: TestR89QueueGuardEquivalentMutations/original-alias (0.00s)
2026-10-07T13:08:30.3496699Z === RUN   TestR89QueueGuardEquivalentMutations/float-exponent
2026-10-07T13:08:30.3497627Z --- PASS: TestR89QueueGuardEquivalentMutations/float-exponent (0.00s)
2026-10-07T13:08:30.3498536Z === RUN   TestR89QueueGuardEquivalentMutations/arithmetic
2026-10-07T13:08:30.3499432Z --- PASS: TestR89QueueGuardEquivalentMutations/arithmetic (0.00s)
2026-10-07T13:08:30.3500614Z === RUN   TestR89QueueGuardEquivalentMutations/reflect
2026-10-07T13:08:30.3501462Z --- PASS: TestR89QueueGuardEquivalentMutations/reflect (0.00s)
2026-10-07T13:08:30.3502338Z === RUN   TestR89QueueGuardEquivalentMutations/reflect-string
2026-10-07T13:08:30.3503277Z --- PASS: TestR89QueueGuardEquivalentMutations/reflect-string (0.00s)
2026-10-07T13:08:30.3504206Z === RUN   TestR89QueueGuardEquivalentMutations/reflect-alias
2026-10-07T13:08:30.3505126Z --- PASS: TestR89QueueGuardEquivalentMutations/reflect-alias (0.00s)
2026-10-07T13:08:30.3506020Z === RUN   TestR89QueueGuardEquivalentMutations/equal-fold
2026-10-07T13:08:30.3506905Z --- PASS: TestR89QueueGuardEquivalentMutations/equal-fold (0.00s)
2026-10-07T13:08:30.3507753Z === RUN   TestR89QueueGuardEquivalentMutations/compare
2026-10-07T13:08:30.3508600Z --- PASS: TestR89QueueGuardEquivalentMutations/compare (0.00s)
2026-10-07T13:08:30.3509534Z === RUN   TestR89QueueGuardEquivalentMutations/wrapper-extra-args
2026-10-07T13:08:30.3510630Z --- PASS: TestR89QueueGuardEquivalentMutations/wrapper-extra-args (0.00s)
2026-10-07T13:08:30.3511613Z === RUN   TestR89QueueGuardEquivalentMutations/named-queue-root
2026-10-07T13:08:30.3512483Z --- PASS: TestR89QueueGuardEquivalentMutations/named-queue-root (0.00s)
2026-10-07T13:08:30.3513443Z === RUN   TestR89QueueGuardEquivalentMutations/string-direct
2026-10-07T13:08:30.3514355Z --- PASS: TestR89QueueGuardEquivalentMutations/string-direct (0.00s)
2026-10-07T13:08:30.3515225Z === RUN   TestR89QueueGuardEquivalentMutations/itoa
2026-10-07T13:08:30.3516029Z --- PASS: TestR89QueueGuardEquivalentMutations/itoa (0.00s)
2026-10-07T13:08:30.3516862Z === RUN   TestR89QueueGuardEquivalentMutations/format-alias
2026-10-07T13:08:30.3517793Z --- PASS: TestR89QueueGuardEquivalentMutations/format-alias (0.00s)
2026-10-07T13:08:30.3518696Z === RUN   TestR89QueueGuardEquivalentMutations/constant-alias
2026-10-07T13:08:30.3519665Z --- PASS: TestR89QueueGuardEquivalentMutations/constant-alias (0.00s)
2026-10-07T13:08:30.3521128Z === RUN   TestR89QueueGuardEquivalentMutations/reassigned-literal
2026-10-07T13:08:30.3522330Z --- PASS: TestR89QueueGuardEquivalentMutations/reassigned-literal (0.00s)
2026-10-07T13:08:30.3523187Z === RUN   TestR89QueueGuardEquivalentMutations/shift-literal
2026-10-07T13:08:30.3523737Z --- PASS: TestR89QueueGuardEquivalentMutations/shift-literal (0.00s)
2026-10-07T13:08:30.3524767Z === RUN   TestR89QueueGuardEquivalentMutations/generic-compare
2026-10-07T13:08:30.3525370Z --- PASS: TestR89QueueGuardEquivalentMutations/generic-compare (0.00s)
2026-10-07T13:08:30.3525904Z === RUN   TestR89QueueGuardEquivalentMutations/string-switch
2026-10-07T13:08:30.3526401Z --- PASS: TestR89QueueGuardEquivalentMutations/string-switch (0.00s)
2026-10-07T13:08:30.3526881Z === RUN   TestR89QueueGuardEquivalentMutations/string-alias
2026-10-07T13:08:30.3527603Z --- PASS: TestR89QueueGuardEquivalentMutations/string-alias (0.00s)
2026-10-07T13:08:30.3528234Z === RUN   TestR89QueueGuardEquivalentMutations/unsigned-format
2026-10-07T13:08:30.3528760Z --- PASS: TestR89QueueGuardEquivalentMutations/unsigned-format (0.00s)
2026-10-07T13:08:30.3529666Z === RUN   TestR89QueueGuardEquivalentMutations/wrapper
2026-10-07T13:08:30.3530542Z --- PASS: TestR89QueueGuardEquivalentMutations/wrapper (0.00s)
2026-10-07T13:08:30.3531144Z --- PASS: TestR89QueueGuardEquivalentMutations (0.00s)
2026-10-07T13:08:30.3531644Z === RUN   TestR89QueueGuardAllowsRegisteredTablesAndUnrelatedValues
2026-10-07T13:08:30.3532290Z === RUN   TestR89QueueGuardAllowsRegisteredTablesAndUnrelatedValues/table-result-numeric
2026-10-07T13:08:30.3533063Z --- PASS: TestR89QueueGuardAllowsRegisteredTablesAndUnrelatedValues/table-result-numeric (0.00s)
2026-10-07T13:08:30.3533824Z === RUN   TestR89QueueGuardAllowsRegisteredTablesAndUnrelatedValues/table-lookup-local
2026-10-07T13:08:30.3534590Z --- PASS: TestR89QueueGuardAllowsRegisteredTablesAndUnrelatedValues/table-lookup-local (0.00s)
2026-10-07T13:08:30.3535332Z === RUN   TestR89QueueGuardAllowsRegisteredTablesAndUnrelatedValues/shared-classifier
2026-10-07T13:08:30.3536526Z --- PASS: TestR89QueueGuardAllowsRegisteredTablesAndUnrelatedValues/shared-classifier (0.00s)
2026-10-07T13:08:30.3537262Z === RUN   TestR89QueueGuardAllowsRegisteredTablesAndUnrelatedValues/queue-identity
2026-10-07T13:08:30.3537980Z --- PASS: TestR89QueueGuardAllowsRegisteredTablesAndUnrelatedValues/queue-identity (0.00s)
2026-10-07T13:08:30.3538681Z === RUN   TestR89QueueGuardAllowsRegisteredTablesAndUnrelatedValues/other-identity
2026-10-07T13:08:30.3539380Z --- PASS: TestR89QueueGuardAllowsRegisteredTablesAndUnrelatedValues/other-identity (0.00s)
2026-10-07T13:08:30.3540086Z === RUN   TestR89QueueGuardAllowsRegisteredTablesAndUnrelatedValues/empty-string
2026-10-07T13:08:30.3540975Z --- PASS: TestR89QueueGuardAllowsRegisteredTablesAndUnrelatedValues/empty-string (0.00s)
2026-10-07T13:08:30.3542087Z === RUN   TestR89QueueGuardAllowsRegisteredTablesAndUnrelatedValues/nonnumeric-string
2026-10-07T13:08:30.3542856Z --- PASS: TestR89QueueGuardAllowsRegisteredTablesAndUnrelatedValues/nonnumeric-string (0.00s)
2026-10-07T13:08:30.3543585Z === RUN   TestR89QueueGuardAllowsRegisteredTablesAndUnrelatedValues/unrelated-shadow
2026-10-07T13:08:30.3544334Z --- PASS: TestR89QueueGuardAllowsRegisteredTablesAndUnrelatedValues/unrelated-shadow (0.00s)
2026-10-07T13:08:30.3545066Z === RUN   TestR89QueueGuardAllowsRegisteredTablesAndUnrelatedValues/registered-table
2026-10-07T13:08:30.3545795Z --- PASS: TestR89QueueGuardAllowsRegisteredTablesAndUnrelatedValues/registered-table (0.00s)
2026-10-07T13:08:30.3546524Z === RUN   TestR89QueueGuardAllowsRegisteredTablesAndUnrelatedValues/formatted-identity
2026-10-07T13:08:30.3547676Z --- PASS: TestR89QueueGuardAllowsRegisteredTablesAndUnrelatedValues/formatted-identity (0.00s)
2026-10-07T13:08:30.3548426Z === RUN   TestR89QueueGuardAllowsRegisteredTablesAndUnrelatedValues/unrelated-constant
2026-10-07T13:08:30.3549168Z --- PASS: TestR89QueueGuardAllowsRegisteredTablesAndUnrelatedValues/unrelated-constant (0.00s)
2026-10-07T13:08:30.3549907Z --- PASS: TestR89QueueGuardAllowsRegisteredTablesAndUnrelatedValues (0.00s)
2026-10-07T13:08:30.3550426Z === RUN   TestR89ImagePolicyMemoryDiskAndSingleFlight
2026-10-07T13:08:30.3880425Z --- PASS: TestR89ImagePolicyMemoryDiskAndSingleFlight (0.04s)
2026-10-07T13:08:30.3881267Z === RUN   TestR89ImageNegativeCache
2026-10-07T13:08:30.3898232Z --- PASS: TestR89ImageNegativeCache (0.00s)
2026-10-07T13:08:30.3898878Z === RUN   TestR89DiskBudgetAfter2000Images
2026-10-07T13:08:30.3899524Z === PAUSE TestR89DiskBudgetAfter2000Images
2026-10-07T13:08:30.3900200Z === RUN   TestR89WarmPathsRankedAndFinalPatch
2026-10-07T13:08:30.3901941Z --- PASS: TestR89WarmPathsRankedAndFinalPatch (0.00s)
2026-10-07T13:08:30.3902704Z === RUN   TestR89ForegroundCancelsWarmup
2026-10-07T13:08:30.3921679Z --- PASS: TestR89ForegroundCancelsWarmup (0.00s)
2026-10-07T13:08:30.3922308Z === RUN   TestR89SupplementIdentityEndpointsAndDedup
2026-10-07T13:08:30.4138328Z --- PASS: TestR89SupplementIdentityEndpointsAndDedup (0.02s)
2026-10-07T13:08:30.4139251Z === RUN   TestR89RiotMatchDiskAndImmutableData
2026-10-07T13:08:30.4282138Z --- PASS: TestR89RiotMatchDiskAndImmutableData (0.01s)
2026-10-07T13:08:30.4282847Z === RUN   TestR89Limiter200Reservations
2026-10-07T13:08:30.4287083Z --- PASS: TestR89Limiter200Reservations (0.00s)
2026-10-07T13:08:30.4287751Z === RUN   TestR89KeyConcurrencyGuard
2026-10-07T13:08:30.4288700Z --- PASS: TestR89KeyConcurrencyGuard (0.00s)
2026-10-07T13:08:30.4289416Z === RUN   TestR89DiagnosticEventsReachDisk
2026-10-07T13:08:30.4322592Z --- PASS: TestR89DiagnosticEventsReachDisk (0.00s)
2026-10-07T13:08:30.4323322Z === RUN   TestR89IdentityRestartAndExpiry
2026-10-07T13:08:30.4746748Z --- PASS: TestR89IdentityRestartAndExpiry (0.04s)
2026-10-07T13:08:30.4747610Z === RUN   TestR89ActualConcurrencyPhasesAndQueue
2026-10-07T13:08:31.6357009Z --- PASS: TestR89ActualConcurrencyPhasesAndQueue (1.16s)
2026-10-07T13:08:31.6357977Z === RUN   TestR89CatalogEndpointFailuresReachDisk
2026-10-07T13:08:31.6398294Z --- PASS: TestR89CatalogEndpointFailuresReachDisk (0.00s)
2026-10-07T13:08:31.6399027Z === RUN   TestR90QueueGuardRequired
2026-10-07T13:08:31.6399638Z === RUN   TestR90QueueGuardRequired/literal-map
2026-10-07T13:08:31.6400390Z --- PASS: TestR90QueueGuardRequired/literal-map (0.00s)
2026-10-07T13:08:31.6401144Z === RUN   TestR90QueueGuardRequired/handler-map
2026-10-07T13:08:31.6403630Z --- PASS: TestR90QueueGuardRequired/handler-map (0.00s)
2026-10-07T13:08:31.6404382Z === RUN   TestR90QueueGuardRequired/range-slice
2026-10-07T13:08:31.6405145Z --- PASS: TestR90QueueGuardRequired/range-slice (0.00s)
2026-10-07T13:08:31.6405892Z === RUN   TestR90QueueGuardRequired/type-assert
2026-10-07T13:08:31.6406822Z --- PASS: TestR90QueueGuardRequired/type-assert (0.00s)
2026-10-07T13:08:31.6408399Z --- PASS: TestR90QueueGuardRequired (0.00s)
2026-10-07T13:08:31.6409026Z === RUN   TestR90QueueGuardExtra
2026-10-07T13:08:31.6409614Z === RUN   TestR90QueueGuardExtra/pointer
2026-10-07T13:08:31.6410282Z --- PASS: TestR90QueueGuardExtra/pointer (0.00s)
2026-10-07T13:08:31.6411377Z === RUN   TestR90QueueGuardExtra/closure-capture
2026-10-07T13:08:31.6412161Z --- PASS: TestR90QueueGuardExtra/closure-capture (0.00s)
2026-10-07T13:08:31.6412881Z === RUN   TestR90QueueGuardExtra/type-switch
2026-10-07T13:08:31.6413636Z --- PASS: TestR90QueueGuardExtra/type-switch (0.00s)
2026-10-07T13:08:31.6414349Z === RUN   TestR90QueueGuardExtra/iota-inheritance
2026-10-07T13:08:31.6415507Z --- PASS: TestR90QueueGuardExtra/iota-inheritance (0.00s)
2026-10-07T13:08:31.6416233Z === RUN   TestR90QueueGuardExtra/slice-membership
2026-10-07T13:08:31.8566013Z --- PASS: TestR90QueueGuardExtra/slice-membership (0.21s)
2026-10-07T13:08:31.8566839Z --- PASS: TestR90QueueGuardExtra (0.22s)
2026-10-07T13:08:31.8567482Z === RUN   TestR90QueueGuardCombinations
2026-10-07T13:08:31.8568168Z === RUN   TestR90QueueGuardCombinations/map-alias
2026-10-07T13:08:31.8568960Z --- PASS: TestR90QueueGuardCombinations/map-alias (0.00s)
2026-10-07T13:08:31.8569744Z === RUN   TestR90QueueGuardCombinations/map-comma-ok
2026-10-07T13:08:31.8570537Z --- PASS: TestR90QueueGuardCombinations/map-comma-ok (0.00s)
2026-10-07T13:08:31.8571360Z === RUN   TestR90QueueGuardCombinations/map-named-type
2026-10-07T13:08:31.8572210Z --- PASS: TestR90QueueGuardCombinations/map-named-type (0.00s)
2026-10-07T13:08:31.8573022Z === RUN   TestR90QueueGuardCombinations/string-map
2026-10-07T13:08:32.0696427Z --- PASS: TestR90QueueGuardCombinations/string-map (0.21s)
2026-10-07T13:08:32.0697400Z === RUN   TestR90QueueGuardCombinations/literal-slice-index
2026-10-07T13:08:32.0698306Z --- PASS: TestR90QueueGuardCombinations/literal-slice-index (0.00s)
2026-10-07T13:08:32.0699855Z === RUN   TestR90QueueGuardCombinations/sparse-array-index
2026-10-07T13:08:32.0700943Z --- PASS: TestR90QueueGuardCombinations/sparse-array-index (0.00s)
2026-10-07T13:08:32.0702258Z === RUN   TestR90QueueGuardCombinations/slice-alias-index
2026-10-07T13:08:32.0703256Z --- PASS: TestR90QueueGuardCombinations/slice-alias-index (0.00s)
2026-10-07T13:08:32.0704207Z === RUN   TestR90QueueGuardCombinations/slice-element-comparison
2026-10-07T13:08:32.0705244Z --- PASS: TestR90QueueGuardCombinations/slice-element-comparison (0.00s)
2026-10-07T13:08:32.0706185Z === RUN   TestR90QueueGuardCombinations/range-alias
2026-10-07T13:08:32.0706985Z --- PASS: TestR90QueueGuardCombinations/range-alias (0.00s)
2026-10-07T13:08:32.0707822Z === RUN   TestR90QueueGuardCombinations/range-assignment
2026-10-07T13:08:32.0708712Z --- PASS: TestR90QueueGuardCombinations/range-assignment (0.00s)
2026-10-07T13:08:32.0709568Z === RUN   TestR90QueueGuardCombinations/range-map-key
2026-10-07T13:08:32.0710414Z --- PASS: TestR90QueueGuardCombinations/range-map-key (0.00s)
2026-10-07T13:08:32.0712563Z === RUN   TestR90QueueGuardCombinations/range-map-value
2026-10-07T13:08:32.0713500Z --- PASS: TestR90QueueGuardCombinations/range-map-value (0.00s)
2026-10-07T13:08:32.0714399Z === RUN   TestR90QueueGuardCombinations/range-queue-element
2026-10-07T13:08:32.0715332Z --- PASS: TestR90QueueGuardCombinations/range-queue-element (0.00s)
2026-10-07T13:08:32.0716198Z === RUN   TestR90QueueGuardCombinations/range-cast-target
2026-10-07T13:08:32.0717074Z --- PASS: TestR90QueueGuardCombinations/range-cast-target (0.00s)
2026-10-07T13:08:32.0717954Z === RUN   TestR90QueueGuardCombinations/range-string-target
2026-10-07T13:08:32.0732382Z --- PASS: TestR90QueueGuardCombinations/range-string-target (0.00s)
2026-10-07T13:08:32.0733352Z === RUN   TestR90QueueGuardCombinations/range-arithmetic-target
2026-10-07T13:08:32.0734305Z --- PASS: TestR90QueueGuardCombinations/range-arithmetic-target (0.00s)
2026-10-07T13:08:32.0735250Z === RUN   TestR90QueueGuardCombinations/boxed-slice-range
2026-10-07T13:08:32.0738147Z --- PASS: TestR90QueueGuardCombinations/boxed-slice-range (0.00s)
2026-10-07T13:08:32.0739077Z === RUN   TestR90QueueGuardCombinations/queue-element-index
2026-10-07T13:08:32.0740025Z --- PASS: TestR90QueueGuardCombinations/queue-element-index (0.00s)
2026-10-07T13:08:32.0740945Z === RUN   TestR90QueueGuardCombinations/assert-comma-ok
2026-10-07T13:08:32.0741831Z --- PASS: TestR90QueueGuardCombinations/assert-comma-ok (0.00s)
2026-10-07T13:08:32.0742762Z === RUN   TestR90QueueGuardCombinations/assert-var-comma-ok
2026-10-07T13:08:32.0743701Z --- PASS: TestR90QueueGuardCombinations/assert-var-comma-ok (0.00s)
2026-10-07T13:08:32.0744556Z === RUN   TestR90QueueGuardCombinations/boxed-numeric
2026-10-07T13:08:32.0745384Z --- PASS: TestR90QueueGuardCombinations/boxed-numeric (0.00s)
2026-10-07T13:08:32.0746230Z === RUN   TestR90QueueGuardCombinations/numeric-pointer
2026-10-07T13:08:32.0747086Z --- PASS: TestR90QueueGuardCombinations/numeric-pointer (0.00s)
2026-10-07T13:08:32.0747962Z === RUN   TestR90QueueGuardCombinations/inherited-constant
2026-10-07T13:08:32.0749203Z --- PASS: TestR90QueueGuardCombinations/inherited-constant (0.00s)
2026-10-07T13:08:32.0750170Z === RUN   TestR90QueueGuardCombinations/iota-arithmetic
2026-10-07T13:08:32.0751059Z --- PASS: TestR90QueueGuardCombinations/iota-arithmetic (0.00s)
2026-10-07T13:08:32.0752321Z === RUN   TestR90QueueGuardCombinations/membership-alias
2026-10-07T13:08:32.0767798Z --- PASS: TestR90QueueGuardCombinations/membership-alias (0.00s)
2026-10-07T13:08:32.0768721Z === RUN   TestR90QueueGuardCombinations/membership-index
2026-10-07T13:08:32.0785411Z --- PASS: TestR90QueueGuardCombinations/membership-index (0.00s)
2026-10-07T13:08:32.0786332Z === RUN   TestR90QueueGuardCombinations/membership-search
2026-10-07T13:08:32.0804301Z --- PASS: TestR90QueueGuardCombinations/membership-search (0.00s)
2026-10-07T13:08:32.0805084Z --- PASS: TestR90QueueGuardCombinations (0.22s)
2026-10-07T13:08:32.0805937Z === RUN   TestR90QueueGuardAllowsRegisteredAndUnrelated
2026-10-07T13:08:32.0806987Z === RUN   TestR90QueueGuardAllowsRegisteredAndUnrelated/registry-result-number
2026-10-07T13:08:32.0808559Z --- PASS: TestR90QueueGuardAllowsRegisteredAndUnrelated/registry-result-number (0.00s)
2026-10-07T13:08:32.0809639Z === RUN   TestR90QueueGuardAllowsRegisteredAndUnrelated/unrelated-range
2026-10-07T13:08:32.0810611Z --- PASS: TestR90QueueGuardAllowsRegisteredAndUnrelated/unrelated-range (0.00s)
2026-10-07T13:08:32.0811729Z === RUN   TestR90QueueGuardAllowsRegisteredAndUnrelated/range-shadow
2026-10-07T13:08:32.0812892Z --- PASS: TestR90QueueGuardAllowsRegisteredAndUnrelated/range-shadow (0.00s)
2026-10-07T13:08:32.0814479Z === RUN   TestR90QueueGuardAllowsRegisteredAndUnrelated/collection-shadow
2026-10-07T13:08:32.0815604Z --- PASS: TestR90QueueGuardAllowsRegisteredAndUnrelated/collection-shadow (0.00s)
2026-10-07T13:08:32.0816738Z === RUN   TestR90QueueGuardAllowsRegisteredAndUnrelated/unrelated-assert
2026-10-07T13:08:32.0817937Z --- PASS: TestR90QueueGuardAllowsRegisteredAndUnrelated/unrelated-assert (0.00s)
2026-10-07T13:08:32.0819124Z === RUN   TestR90QueueGuardAllowsRegisteredAndUnrelated/unrelated-pointer
2026-10-07T13:08:32.0820364Z --- PASS: TestR90QueueGuardAllowsRegisteredAndUnrelated/unrelated-pointer (0.00s)
2026-10-07T13:08:32.0821479Z === RUN   TestR90QueueGuardAllowsRegisteredAndUnrelated/registry
2026-10-07T13:08:32.0822907Z --- PASS: TestR90QueueGuardAllowsRegisteredAndUnrelated/registry (0.00s)
2026-10-07T13:08:32.0824029Z === RUN   TestR90QueueGuardAllowsRegisteredAndUnrelated/registry-alias
2026-10-07T13:08:32.0825182Z --- PASS: TestR90QueueGuardAllowsRegisteredAndUnrelated/registry-alias (0.00s)
2026-10-07T13:08:32.0826336Z === RUN   TestR90QueueGuardAllowsRegisteredAndUnrelated/registry-comma-ok
2026-10-07T13:08:32.0827549Z --- PASS: TestR90QueueGuardAllowsRegisteredAndUnrelated/registry-comma-ok (0.00s)
2026-10-07T13:08:32.0828761Z === RUN   TestR90QueueGuardAllowsRegisteredAndUnrelated/unrelated-comparison
2026-10-07T13:08:32.0829954Z --- PASS: TestR90QueueGuardAllowsRegisteredAndUnrelated/unrelated-comparison (0.00s)
2026-10-07T13:08:32.0831037Z === RUN   TestR90QueueGuardAllowsRegisteredAndUnrelated/unrelated-map
2026-10-07T13:08:32.0832033Z --- PASS: TestR90QueueGuardAllowsRegisteredAndUnrelated/unrelated-map (0.00s)
2026-10-07T13:08:32.0832954Z === RUN   TestR90QueueGuardAllowsRegisteredAndUnrelated/unrelated-handler-map
2026-10-07T13:08:32.0834133Z --- PASS: TestR90QueueGuardAllowsRegisteredAndUnrelated/unrelated-handler-map (0.00s)
2026-10-07T13:08:32.0835296Z === RUN   TestR90QueueGuardAllowsRegisteredAndUnrelated/map-nonnumeric-key
2026-10-07T13:08:32.0836455Z --- PASS: TestR90QueueGuardAllowsRegisteredAndUnrelated/map-nonnumeric-key (0.00s)
2026-10-07T13:08:32.0837452Z --- PASS: TestR90QueueGuardAllowsRegisteredAndUnrelated (0.00s)
2026-10-07T13:08:32.0838111Z === RUN   TestR90RealShapeGroups
2026-10-07T13:08:32.0933656Z --- PASS: TestR90RealShapeGroups (0.01s)
2026-10-07T13:08:32.0934653Z === RUN   TestR90OrderInferenceNeverEnablesMascotMapping
2026-10-07T13:08:32.0935948Z === RUN   TestR90OrderInferenceNeverEnablesMascotMapping/subteamId
2026-10-07T13:08:32.0937008Z === RUN   TestR90OrderInferenceNeverEnablesMascotMapping/subteamId/inferred-blocks
2026-10-07T13:08:32.0938270Z --- PASS: TestR90OrderInferenceNeverEnablesMascotMapping/subteamId/inferred-blocks (0.00s)
2026-10-07T13:08:32.0940150Z === RUN   TestR90OrderInferenceNeverEnablesMascotMapping/subteamId/explicit-client-subteams
2026-10-07T13:08:32.0942199Z --- PASS: TestR90OrderInferenceNeverEnablesMascotMapping/subteamId/explicit-client-subteams (0.00s)
2026-10-07T13:08:32.0943226Z === RUN   TestR90OrderInferenceNeverEnablesMascotMapping/subteamId/ungrouped-client-subteams
2026-10-07T13:08:32.0944073Z --- PASS: TestR90OrderInferenceNeverEnablesMascotMapping/subteamId/ungrouped-client-subteams (0.00s)
2026-10-07T13:08:32.0944976Z --- PASS: TestR90OrderInferenceNeverEnablesMascotMapping/subteamId (0.00s)
2026-10-07T13:08:32.0945914Z === RUN   TestR90OrderInferenceNeverEnablesMascotMapping/playerSubteamId
2026-10-07T13:08:32.0946605Z === RUN   TestR90OrderInferenceNeverEnablesMascotMapping/playerSubteamId/inferred-blocks
2026-10-07T13:08:32.0947525Z --- PASS: TestR90OrderInferenceNeverEnablesMascotMapping/playerSubteamId/inferred-blocks (0.00s)
2026-10-07T13:08:32.0948393Z === RUN   TestR90OrderInferenceNeverEnablesMascotMapping/playerSubteamId/explicit-client-subteams
2026-10-07T13:08:32.0949411Z --- PASS: TestR90OrderInferenceNeverEnablesMascotMapping/playerSubteamId/explicit-client-subteams (0.00s)
2026-10-07T13:08:32.0950268Z === RUN   TestR90OrderInferenceNeverEnablesMascotMapping/playerSubteamId/ungrouped-client-subteams
2026-10-07T13:08:32.0951141Z --- PASS: TestR90OrderInferenceNeverEnablesMascotMapping/playerSubteamId/ungrouped-client-subteams (0.00s)
2026-10-07T13:08:32.0951936Z --- PASS: TestR90OrderInferenceNeverEnablesMascotMapping/playerSubteamId (0.00s)
2026-10-07T13:08:32.0952549Z --- PASS: TestR90OrderInferenceNeverEnablesMascotMapping (0.00s)
2026-10-07T13:08:32.0952989Z === RUN   TestR90FixtureMatchesObservedFields
2026-10-07T13:08:32.0953406Z --- PASS: TestR90FixtureMatchesObservedFields (0.00s)
2026-10-07T13:08:32.0953853Z === RUN   TestR90AlliesVerifyAndRejectScrambledPlayerlist
2026-10-07T13:08:32.0954503Z === RUN   TestR90AlliesVerifyAndRejectScrambledPlayerlist/false
2026-10-07T13:08:32.1206786Z --- PASS: TestR90AlliesVerifyAndRejectScrambledPlayerlist/false (0.03s)
2026-10-07T13:08:32.1207685Z === RUN   TestR90AlliesVerifyAndRejectScrambledPlayerlist/true
2026-10-07T13:08:32.1635959Z --- PASS: TestR90AlliesVerifyAndRejectScrambledPlayerlist/true (0.04s)
2026-10-07T13:08:32.1636641Z --- PASS: TestR90AlliesVerifyAndRejectScrambledPlayerlist (0.07s)
2026-10-07T13:08:32.1637211Z === RUN   TestR90SeventeenGameflowUsesEighteenPlayerlistBoundaries
2026-10-07T13:08:32.1637777Z === RUN   TestR90SeventeenGameflowUsesEighteenPlayerlistBoundaries/1
2026-10-07T13:08:32.2531884Z --- PASS: TestR90SeventeenGameflowUsesEighteenPlayerlistBoundaries/1 (0.09s)
2026-10-07T13:08:32.2533349Z === RUN   TestR90SeventeenGameflowUsesEighteenPlayerlistBoundaries/7
2026-10-07T13:08:32.2737700Z --- PASS: TestR90SeventeenGameflowUsesEighteenPlayerlistBoundaries/7 (0.02s)
2026-10-07T13:08:32.2738409Z === RUN   TestR90SeventeenGameflowUsesEighteenPlayerlistBoundaries/17
2026-10-07T13:08:32.3013003Z --- PASS: TestR90SeventeenGameflowUsesEighteenPlayerlistBoundaries/17 (0.03s)
2026-10-07T13:08:32.3014338Z --- PASS: TestR90SeventeenGameflowUsesEighteenPlayerlistBoundaries (0.14s)
2026-10-07T13:08:32.3015333Z === RUN   TestR90QueueSquadSizesAndSessionFallback
2026-10-07T13:08:32.3281308Z --- PASS: TestR90QueueSquadSizesAndSessionFallback (0.03s)
2026-10-07T13:08:32.3282247Z === RUN   TestR90LiveSnapshotCacheLayersAndManualRefresh
2026-10-07T13:08:32.3283144Z === RUN   TestR90LiveSnapshotCacheLayersAndManualRefresh/true
2026-10-07T13:08:32.3491649Z --- PASS: TestR90LiveSnapshotCacheLayersAndManualRefresh/true (0.02s)
2026-10-07T13:08:32.3492329Z === RUN   TestR90LiveSnapshotCacheLayersAndManualRefresh/false
2026-10-07T13:08:32.3669522Z --- PASS: TestR90LiveSnapshotCacheLayersAndManualRefresh/false (0.02s)
2026-10-07T13:08:32.3670709Z --- PASS: TestR90LiveSnapshotCacheLayersAndManualRefresh (0.04s)
2026-10-07T13:08:32.3671689Z === RUN   TestR90TruthDiagnosticSeparatesPartitionAndBlockIdentity
2026-10-07T13:08:32.3672383Z === RUN   TestR90TruthDiagnosticSeparatesPartitionAndBlockIdentity/identity
2026-10-07T13:08:32.4028228Z --- PASS: TestR90TruthDiagnosticSeparatesPartitionAndBlockIdentity/identity (0.04s)
2026-10-07T13:08:32.4029352Z === RUN   TestR90TruthDiagnosticSeparatesPartitionAndBlockIdentity/permuted
2026-10-07T13:08:32.4269145Z --- PASS: TestR90TruthDiagnosticSeparatesPartitionAndBlockIdentity/permuted (0.02s)
2026-10-07T13:08:32.4270028Z === RUN   TestR90TruthDiagnosticSeparatesPartitionAndBlockIdentity/wrong
2026-10-07T13:08:32.4584284Z --- PASS: TestR90TruthDiagnosticSeparatesPartitionAndBlockIdentity/wrong (0.03s)
2026-10-07T13:08:32.4585649Z === RUN   TestR90TruthDiagnosticSeparatesPartitionAndBlockIdentity/partial
2026-10-07T13:08:32.4838479Z --- PASS: TestR90TruthDiagnosticSeparatesPartitionAndBlockIdentity/partial (0.03s)
2026-10-07T13:08:32.4839799Z --- PASS: TestR90TruthDiagnosticSeparatesPartitionAndBlockIdentity (0.12s)
2026-10-07T13:08:32.4840730Z === RUN   TestR90QueueGuardScansNewGroupingModule
2026-10-07T13:08:32.4864726Z --- PASS: TestR90QueueGuardScansNewGroupingModule (0.00s)
2026-10-07T13:08:32.4865520Z === RUN   TestR90EndPhaseReadsSGPTruthOnce
2026-10-07T13:08:32.5172934Z --- PASS: TestR90EndPhaseReadsSGPTruthOnce (0.03s)
2026-10-07T13:08:32.5173702Z === RUN   TestR90SnapshotCompleteness
2026-10-07T13:08:32.5174331Z --- PASS: TestR90SnapshotCompleteness (0.00s)
2026-10-07T13:08:32.5175166Z === RUN   TestR90EndPhaseTransitionRestartsCanceledTruthRead
2026-10-07T13:08:32.5462494Z --- PASS: TestR90EndPhaseTransitionRestartsCanceledTruthRead (0.03s)
2026-10-07T13:08:32.5463463Z === RUN   TestR90BQueueGuardRequired
2026-10-07T13:08:32.5464134Z === RUN   TestR90BQueueGuardRequired/channel-select
2026-10-07T13:08:32.5464976Z --- PASS: TestR90BQueueGuardRequired/channel-select (0.00s)
2026-10-07T13:08:32.5466254Z === RUN   TestR90BQueueGuardRequired/channel-receive
2026-10-07T13:08:32.5467513Z --- PASS: TestR90BQueueGuardRequired/channel-receive (0.00s)
2026-10-07T13:08:32.5468315Z === RUN   TestR90BQueueGuardRequired/struct-field
2026-10-07T13:08:32.5469102Z --- PASS: TestR90BQueueGuardRequired/struct-field (0.00s)
2026-10-07T13:08:32.5469865Z === RUN   TestR90BQueueGuardRequired/json-marshal
2026-10-07T13:08:32.8005977Z --- PASS: TestR90BQueueGuardRequired/json-marshal (0.25s)
2026-10-07T13:08:32.8007031Z === RUN   TestR90BQueueGuardRequired/binary-buffer
2026-10-07T13:08:33.2117266Z --- PASS: TestR90BQueueGuardRequired/binary-buffer (0.41s)
2026-10-07T13:08:33.2118166Z === RUN   TestR90BQueueGuardRequired/generic-comparator
2026-10-07T13:08:33.2119118Z --- PASS: TestR90BQueueGuardRequired/generic-comparator (0.00s)
2026-10-07T13:08:33.2119900Z --- PASS: TestR90BQueueGuardRequired (0.67s)
2026-10-07T13:08:33.2120646Z === RUN   TestR90BQueueGuardAllowsLegalFlows
2026-10-07T13:08:33.2121441Z === RUN   TestR90BQueueGuardAllowsLegalFlows/channel-unrelated
2026-10-07T13:08:33.2127239Z --- PASS: TestR90BQueueGuardAllowsLegalFlows/channel-unrelated (0.00s)
2026-10-07T13:08:33.2128273Z === RUN   TestR90BQueueGuardAllowsLegalFlows/channel-registry
2026-10-07T13:08:33.2129270Z --- PASS: TestR90BQueueGuardAllowsLegalFlows/channel-registry (0.00s)
2026-10-07T13:08:33.2130255Z === RUN   TestR90BQueueGuardAllowsLegalFlows/struct-other-field
2026-10-07T13:08:33.2131261Z --- PASS: TestR90BQueueGuardAllowsLegalFlows/struct-other-field (0.00s)
2026-10-07T13:08:33.2132257Z === RUN   TestR90BQueueGuardAllowsLegalFlows/struct-other-type
2026-10-07T13:08:33.2133346Z --- PASS: TestR90BQueueGuardAllowsLegalFlows/struct-other-type (0.00s)
2026-10-07T13:08:33.2134309Z === RUN   TestR90BQueueGuardAllowsLegalFlows/struct-registry
2026-10-07T13:08:33.2135619Z --- PASS: TestR90BQueueGuardAllowsLegalFlows/struct-registry (0.00s)
2026-10-07T13:08:33.2136719Z === RUN   TestR90BQueueGuardAllowsLegalFlows/registry-metadata-pipeline
2026-10-07T13:08:33.2137922Z --- PASS: TestR90BQueueGuardAllowsLegalFlows/registry-metadata-pipeline (0.00s)
2026-10-07T13:08:33.2139101Z === RUN   TestR90BQueueGuardAllowsLegalFlows/json-unrelated
2026-10-07T13:08:33.2162761Z --- PASS: TestR90BQueueGuardAllowsLegalFlows/json-unrelated (0.00s)
2026-10-07T13:08:33.2164220Z === RUN   TestR90BQueueGuardAllowsLegalFlows/json-error-only
2026-10-07T13:08:33.2184743Z --- PASS: TestR90BQueueGuardAllowsLegalFlows/json-error-only (0.00s)
2026-10-07T13:08:33.2186016Z === RUN   TestR90BQueueGuardAllowsLegalFlows/binary-unrelated
2026-10-07T13:08:33.2211166Z --- PASS: TestR90BQueueGuardAllowsLegalFlows/binary-unrelated (0.00s)
2026-10-07T13:08:33.2212297Z === RUN   TestR90BQueueGuardAllowsLegalFlows/generic-unrelated
2026-10-07T13:08:33.2215574Z --- PASS: TestR90BQueueGuardAllowsLegalFlows/generic-unrelated (0.00s)
2026-10-07T13:08:33.2216944Z === RUN   TestR90BQueueGuardAllowsLegalFlows/generic-registry
2026-10-07T13:08:33.2218242Z --- PASS: TestR90BQueueGuardAllowsLegalFlows/generic-registry (0.00s)
2026-10-07T13:08:33.2219188Z --- PASS: TestR90BQueueGuardAllowsLegalFlows (0.01s)
2026-10-07T13:08:33.2219927Z === RUN   TestR90BQueueGuardFlowVariants
2026-10-07T13:08:33.2220598Z === RUN   TestR90BQueueGuardFlowVariants/channel-comma-ok
2026-10-07T13:08:33.2221343Z --- PASS: TestR90BQueueGuardFlowVariants/channel-comma-ok (0.00s)
2026-10-07T13:08:33.2222133Z === RUN   TestR90BQueueGuardFlowVariants/channel-numeric-target
2026-10-07T13:08:33.2224877Z --- PASS: TestR90BQueueGuardFlowVariants/channel-numeric-target (0.00s)
2026-10-07T13:08:33.2226149Z === RUN   TestR90BQueueGuardFlowVariants/struct-positional-alias
2026-10-07T13:08:33.2229188Z --- PASS: TestR90BQueueGuardFlowVariants/struct-positional-alias (0.00s)
2026-10-07T13:08:33.2230175Z === RUN   TestR90BQueueGuardFlowVariants/struct-pointer
2026-10-07T13:08:33.2231899Z --- PASS: TestR90BQueueGuardFlowVariants/struct-pointer (0.00s)
2026-10-07T13:08:33.2232809Z === RUN   TestR90BQueueGuardFlowVariants/json-function-alias
2026-10-07T13:08:33.2254273Z --- PASS: TestR90BQueueGuardFlowVariants/json-function-alias (0.00s)
2026-10-07T13:08:33.2255573Z === RUN   TestR90BQueueGuardFlowVariants/three-results-first-value
2026-10-07T13:08:33.2257354Z --- PASS: TestR90BQueueGuardFlowVariants/three-results-first-value (0.00s)
2026-10-07T13:08:33.2258413Z === RUN   TestR90BQueueGuardFlowVariants/binary-compare-alias
2026-10-07T13:08:33.2283058Z --- PASS: TestR90BQueueGuardFlowVariants/binary-compare-alias (0.00s)
2026-10-07T13:08:33.2284470Z === RUN   TestR90BQueueGuardFlowVariants/generic-function-alias
2026-10-07T13:08:33.2287010Z --- PASS: TestR90BQueueGuardFlowVariants/generic-function-alias (0.00s)
2026-10-07T13:08:33.2287798Z --- PASS: TestR90BQueueGuardFlowVariants (0.01s)
2026-10-07T13:08:33.2288238Z === RUN   TestR91Addendum2NonWildcardBanClearYields
2026-10-07T13:08:33.2288711Z === RUN   TestR91Addendum2NonWildcardBanClearYields/ranked/poll
2026-10-07T13:08:33.2310490Z --- PASS: TestR91Addendum2NonWildcardBanClearYields/ranked/poll (0.00s)
2026-10-07T13:08:33.2311118Z === RUN   TestR91Addendum2NonWildcardBanClearYields/ranked/preflight
2026-10-07T13:08:33.3551420Z --- PASS: TestR91Addendum2NonWildcardBanClearYields/ranked/preflight (0.12s)
2026-10-07T13:08:33.3552218Z === RUN   TestR91Addendum2NonWildcardBanClearYields/arena/poll
2026-10-07T13:08:33.3572873Z --- PASS: TestR91Addendum2NonWildcardBanClearYields/arena/poll (0.00s)
2026-10-07T13:08:33.3574127Z === RUN   TestR91Addendum2NonWildcardBanClearYields/arena/preflight
2026-10-07T13:08:33.4807162Z --- PASS: TestR91Addendum2NonWildcardBanClearYields/arena/preflight (0.12s)
2026-10-07T13:08:33.4808266Z --- PASS: TestR91Addendum2NonWildcardBanClearYields (0.25s)
2026-10-07T13:08:33.4809078Z === RUN   TestR91AddendumRateLimitJSON
2026-10-07T13:08:33.4809755Z --- PASS: TestR91AddendumRateLimitJSON (0.00s)
2026-10-07T13:08:33.4810433Z === RUN   TestR91AddendumCacheThreeStates
2026-10-07T13:08:33.4928182Z --- PASS: TestR91AddendumCacheThreeStates (0.01s)
2026-10-07T13:08:33.4930174Z === RUN   TestR91AddendumOneRequestStreamsFiveThenTwenty
2026-10-07T13:08:34.5492368Z --- PASS: TestR91AddendumOneRequestStreamsFiveThenTwenty (1.06s)
2026-10-07T13:08:34.5493017Z === RUN   TestR91AddendumGameStartGroupingAndCarryover
2026-10-07T13:08:34.5636648Z --- PASS: TestR91AddendumGameStartGroupingAndCarryover (0.01s)
2026-10-07T13:08:34.5637473Z === RUN   TestR91AddendumForcedShapeAndUnattemptedPhase
2026-10-07T13:08:34.5676429Z --- PASS: TestR91AddendumForcedShapeAndUnattemptedPhase (0.00s)
2026-10-07T13:08:34.5677224Z === RUN   TestR91AddendumWildcardHoverClearKeepsArmedLock
2026-10-07T13:08:34.5677859Z === RUN   TestR91AddendumWildcardHoverClearKeepsArmedLock/0
2026-10-07T13:08:34.5720676Z --- PASS: TestR91AddendumWildcardHoverClearKeepsArmedLock/0 (0.00s)
2026-10-07T13:08:34.5721703Z === RUN   TestR91AddendumWildcardHoverClearKeepsArmedLock/104
2026-10-07T13:08:34.5740783Z --- PASS: TestR91AddendumWildcardHoverClearKeepsArmedLock/104 (0.00s)
2026-10-07T13:08:34.5741841Z --- PASS: TestR91AddendumWildcardHoverClearKeepsArmedLock (0.01s)
2026-10-07T13:08:34.5742691Z === RUN   TestR91AddendumSaveReevaluatesCurrentPhase
2026-10-07T13:08:34.5743539Z === RUN   TestR91AddendumSaveReevaluatesCurrentPhase/Reconnect
2026-10-07T13:08:34.5848623Z --- PASS: TestR91AddendumSaveReevaluatesCurrentPhase/Reconnect (0.01s)
2026-10-07T13:08:34.5849696Z === RUN   TestR91AddendumSaveReevaluatesCurrentPhase/ReadyCheck
2026-10-07T13:08:34.5946303Z --- PASS: TestR91AddendumSaveReevaluatesCurrentPhase/ReadyCheck (0.01s)
2026-10-07T13:08:34.5947050Z === RUN   TestR91AddendumSaveReevaluatesCurrentPhase/EndOfGame
2026-10-07T13:08:34.6080589Z --- PASS: TestR91AddendumSaveReevaluatesCurrentPhase/EndOfGame (0.01s)
2026-10-07T13:08:34.6081243Z --- PASS: TestR91AddendumSaveReevaluatesCurrentPhase (0.03s)
2026-10-07T13:08:34.6081712Z === RUN   TestR91AddendumUpstreamRetryAfterSurvives
2026-10-07T13:08:36.6090221Z --- PASS: TestR91AddendumUpstreamRetryAfterSurvives (2.00s)
2026-10-07T13:08:36.6091501Z === RUN   TestR91AddendumRetryableRosterDoesNotBlockEarlyProbe
2026-10-07T13:08:36.6301506Z --- PASS: TestR91AddendumRetryableRosterDoesNotBlockEarlyProbe (0.02s)
2026-10-07T13:08:36.6302233Z === RUN   TestR91AddendumSaveDuringChampSelectArmsNoUnrelatedRule
2026-10-07T13:08:36.6436536Z --- PASS: TestR91AddendumSaveDuringChampSelectArmsNoUnrelatedRule (0.01s)
2026-10-07T13:08:36.6437730Z === RUN   TestR92LivePublicDiagnosis
2026-10-07T13:08:36.6438458Z     r92_diagnosis_test.go:18: real public network only
2026-10-07T13:08:36.6439133Z --- SKIP: TestR92LivePublicDiagnosis (0.00s)
2026-10-07T13:08:36.6440021Z === RUN   TestR92LiveBackground
2026-10-07T13:08:36.6440675Z     r92_diagnosis_test.go:89: real public network only
2026-10-07T13:08:36.6441361Z --- SKIP: TestR92LiveBackground (0.00s)
2026-10-07T13:08:36.6441918Z === RUN   TestR92LiveProDirectory
2026-10-07T13:08:36.6442592Z     r92_diagnosis_test.go:109: real public network only
2026-10-07T13:08:36.6443253Z --- SKIP: TestR92LiveProDirectory (0.00s)
2026-10-07T13:08:36.6443853Z === RUN   TestR92RiotMatchConcreteDiskBudget
2026-10-07T13:08:36.6444489Z === PAUSE TestR92RiotMatchConcreteDiskBudget
2026-10-07T13:08:36.6445210Z === RUN   TestR92ProLadderStartsBeforeSupplementsFinish
2026-10-07T13:08:36.6514033Z --- PASS: TestR92ProLadderStartsBeforeSupplementsFinish (0.01s)
2026-10-07T13:08:36.6514863Z === RUN   TestR92ProLadderNewAccountsAndDedup
2026-10-07T13:08:36.6517888Z --- PASS: TestR92ProLadderNewAccountsAndDedup (0.00s)
2026-10-07T13:08:36.6518604Z === RUN   TestR92CommunityImageIndependentDiskRestart
2026-10-07T13:08:36.6868572Z --- PASS: TestR92CommunityImageIndependentDiskRestart (0.03s)
2026-10-07T13:08:36.6875991Z === RUN   TestR92DefaultPersonalConcurrency
2026-10-07T13:08:36.6876711Z --- PASS: TestR92DefaultPersonalConcurrency (0.00s)
2026-10-07T13:08:36.6877234Z === RUN   TestR92RiotMatchByteBudgetAcrossRestart
2026-10-07T13:08:37.8153201Z --- PASS: TestR92RiotMatchByteBudgetAcrossRestart (1.13s)
2026-10-07T13:08:37.8154205Z === RUN   TestR93TwentyMatchDetailsFromDiskAfterRestart
2026-10-07T13:08:38.0064881Z     r93_test.go:82: cold_network_calls=20 restart_disk_hits=20 restart_network_calls=0
2026-10-07T13:08:38.0123841Z --- PASS: TestR93TwentyMatchDetailsFromDiskAfterRestart (0.20s)
2026-10-07T13:08:38.0126683Z === RUN   TestR94PhaseEndpointFindsSamePhaseIdentityJumpsWithoutRosterReads
2026-10-07T13:08:38.0128562Z --- PASS: TestR94PhaseEndpointFindsSamePhaseIdentityJumpsWithoutRosterReads (0.00s)
2026-10-07T13:08:38.0129689Z === RUN   TestR94IdentityProbePhaseFallbackAndCancellation
2026-10-07T13:08:38.0130838Z === RUN   TestR94IdentityProbePhaseFallbackAndCancellation/selection_ignores_previous_game
2026-10-07T13:08:38.0132650Z --- PASS: TestR94IdentityProbePhaseFallbackAndCancellation/selection_ignores_previous_game (0.00s)
2026-10-07T13:08:38.0134121Z === RUN   TestR94IdentityProbePhaseFallbackAndCancellation/inactive_has_no_identity
2026-10-07T13:08:38.0136963Z --- PASS: TestR94IdentityProbePhaseFallbackAndCancellation/inactive_has_no_identity (0.00s)
2026-10-07T13:08:38.0138405Z === RUN   TestR94IdentityProbePhaseFallbackAndCancellation/session_failure_retains_phase
2026-10-07T13:08:38.0140235Z --- PASS: TestR94IdentityProbePhaseFallbackAndCancellation/session_failure_retains_phase (0.00s)
2026-10-07T13:08:38.0141567Z === RUN   TestR94IdentityProbePhaseFallbackAndCancellation/session_sees_newer_phase
2026-10-07T13:08:38.0142785Z --- PASS: TestR94IdentityProbePhaseFallbackAndCancellation/session_sees_newer_phase (0.00s)
2026-10-07T13:08:38.0144085Z === RUN   TestR94IdentityProbePhaseFallbackAndCancellation/reconnect_identity
2026-10-07T13:08:38.0145363Z --- PASS: TestR94IdentityProbePhaseFallbackAndCancellation/reconnect_identity (0.00s)
2026-10-07T13:08:38.0146645Z === RUN   TestR94IdentityProbePhaseFallbackAndCancellation/missing_identity
2026-10-07T13:08:38.0147942Z --- PASS: TestR94IdentityProbePhaseFallbackAndCancellation/missing_identity (0.00s)
2026-10-07T13:08:38.0149431Z === RUN   TestR94IdentityProbePhaseFallbackAndCancellation/request_cancellation_reaches_session_probe
2026-10-07T13:08:38.0151096Z --- PASS: TestR94IdentityProbePhaseFallbackAndCancellation/request_cancellation_reaches_session_probe (0.00s)
2026-10-07T13:08:38.0152445Z --- PASS: TestR94IdentityProbePhaseFallbackAndCancellation (0.00s)
2026-10-07T13:08:38.0153515Z === RUN   TestR94SessionSSECarriesIdentityAndRejectsOldSelectionData
2026-10-07T13:08:38.0154691Z --- PASS: TestR94SessionSSECarriesIdentityAndRejectsOldSelectionData (0.00s)
2026-10-07T13:08:38.0155937Z === RUN   TestR94DiagnosticBatchPersistsRawPhaseSourceAndIdentityComparisons
2026-10-07T13:08:38.0170442Z --- PASS: TestR94DiagnosticBatchPersistsRawPhaseSourceAndIdentityComparisons (0.00s)
2026-10-07T13:08:38.0171417Z === RUN   TestR94DiagnosticBatchRejectsMalformedObservations
2026-10-07T13:08:38.0172463Z === RUN   TestR94DiagnosticBatchRejectsMalformedObservations/invalid_source
2026-10-07T13:08:38.0173755Z --- PASS: TestR94DiagnosticBatchRejectsMalformedObservations/invalid_source (0.00s)
2026-10-07T13:08:38.0175043Z === RUN   TestR94DiagnosticBatchRejectsMalformedObservations/invalid_ID
2026-10-07T13:08:38.0176209Z --- PASS: TestR94DiagnosticBatchRejectsMalformedObservations/invalid_ID (0.00s)
2026-10-07T13:08:38.0177209Z === RUN   TestR94DiagnosticBatchRejectsMalformedObservations/empty
2026-10-07T13:08:38.0178154Z --- PASS: TestR94DiagnosticBatchRejectsMalformedObservations/empty (0.00s)
2026-10-07T13:08:38.0179029Z === RUN   TestR94DiagnosticBatchRejectsMalformedObservations/too_many
2026-10-07T13:08:38.0180146Z --- PASS: TestR94DiagnosticBatchRejectsMalformedObservations/too_many (0.00s)
2026-10-07T13:08:38.0181227Z === RUN   TestR94DiagnosticBatchRejectsMalformedObservations/invalid_phase
2026-10-07T13:08:38.0182379Z --- PASS: TestR94DiagnosticBatchRejectsMalformedObservations/invalid_phase (0.00s)
2026-10-07T13:08:38.0183468Z --- PASS: TestR94DiagnosticBatchRejectsMalformedObservations (0.00s)
2026-10-07T13:08:38.0184517Z === RUN   TestR94ConnectedSessionForwardsIdentityThroughLCUEventCallback
2026-10-07T13:08:38.0236679Z --- PASS: TestR94ConnectedSessionForwardsIdentityThroughLCUEventCallback (0.01s)
2026-10-07T13:08:38.0237454Z === RUN   TestR95SquadSurvivesHiddenChampSelectAndScrambledLive
2026-10-07T13:08:38.0713771Z --- PASS: TestR95SquadSurvivesHiddenChampSelectAndScrambledLive (0.05s)
2026-10-07T13:08:38.0715247Z === RUN   TestR95MissingKnownSquadMemberAndTruth
2026-10-07T13:08:38.0715785Z === RUN   TestR95MissingKnownSquadMemberAndTruth/false
2026-10-07T13:08:38.0978775Z --- PASS: TestR95MissingKnownSquadMemberAndTruth/false (0.03s)
2026-10-07T13:08:38.0979606Z === RUN   TestR95MissingKnownSquadMemberAndTruth/true
2026-10-07T13:08:38.1266322Z --- PASS: TestR95MissingKnownSquadMemberAndTruth/true (0.03s)
2026-10-07T13:08:38.1267075Z --- PASS: TestR95MissingKnownSquadMemberAndTruth (0.06s)
2026-10-07T13:08:38.1267849Z === RUN   TestR95TruthNoneAndRiotSource
2026-10-07T13:08:38.1508885Z --- PASS: TestR95TruthNoneAndRiotSource (0.02s)
2026-10-07T13:08:38.1509734Z === RUN   TestR95AllGameDataOncePrivateAndCanceledParent
2026-10-07T13:08:38.1542329Z --- PASS: TestR95AllGameDataOncePrivateAndCanceledParent (0.00s)
2026-10-07T13:08:38.1543579Z === RUN   TestR95OverviewEmptyArraysAreExplicit
2026-10-07T13:08:38.1544671Z --- PASS: TestR95OverviewEmptyArraysAreExplicit (0.00s)
2026-10-07T13:08:38.1545842Z === RUN   TestR95ProExactIdentityPrivacyAndNoFetch
2026-10-07T13:08:38.1546674Z --- PASS: TestR95ProExactIdentityPrivacyAndNoFetch (0.00s)
2026-10-07T13:08:38.1547435Z === RUN   TestR95LockStrategiesUseOnlyVisibleWait
2026-10-07T13:08:38.1548187Z === RUN   TestR95LockStrategiesUseOnlyVisibleWait/lock-now
2026-10-07T13:08:38.1583448Z --- PASS: TestR95LockStrategiesUseOnlyVisibleWait/lock-now (0.00s)
2026-10-07T13:08:38.1584369Z === RUN   TestR95LockStrategiesUseOnlyVisibleWait/show-only
2026-10-07T13:08:38.1609214Z --- PASS: TestR95LockStrategiesUseOnlyVisibleWait/show-only (0.00s)
2026-10-07T13:08:38.1610337Z === RUN   TestR95LockStrategiesUseOnlyVisibleWait/show-then-lock
2026-10-07T13:08:38.2146775Z --- PASS: TestR95LockStrategiesUseOnlyVisibleWait/show-then-lock (0.05s)
2026-10-07T13:08:38.2147990Z --- PASS: TestR95LockStrategiesUseOnlyVisibleWait (0.06s)
2026-10-07T13:08:38.2149131Z === RUN   TestR95LegacyAlliesCrossBlocksGuardRemainsIndependent
2026-10-07T13:08:38.2150421Z --- PASS: TestR95LegacyAlliesCrossBlocksGuardRemainsIndependent (0.00s)
2026-10-07T13:08:38.2151554Z === RUN   TestR95SquadGameAndAccountIsolation
2026-10-07T13:08:38.2152488Z --- PASS: TestR95SquadGameAndAccountIsolation (0.00s)
2026-10-07T13:08:38.2153377Z === RUN   TestR95ProDirectoryBadgeConsistencyAndConflict
2026-10-07T13:08:38.2154486Z --- PASS: TestR95ProDirectoryBadgeConsistencyAndConflict (0.00s)
2026-10-07T13:08:38.2155429Z === RUN   TestR96ExplicitSubteamGuard
2026-10-07T13:08:38.2156631Z === RUN   TestR96ExplicitSubteamGuard/subteamId/conflict=false
2026-10-07T13:08:38.2433465Z --- PASS: TestR96ExplicitSubteamGuard/subteamId/conflict=false (0.03s)
2026-10-07T13:08:38.2434082Z === RUN   TestR96ExplicitSubteamGuard/subteamId/conflict=true
2026-10-07T13:08:38.2702726Z --- PASS: TestR96ExplicitSubteamGuard/subteamId/conflict=true (0.03s)
2026-10-07T13:08:38.2704104Z === RUN   TestR96ExplicitSubteamGuard/playerSubteamId/conflict=false
2026-10-07T13:08:38.3071069Z --- PASS: TestR96ExplicitSubteamGuard/playerSubteamId/conflict=false (0.04s)
2026-10-07T13:08:38.3073471Z === RUN   TestR96ExplicitSubteamGuard/playerSubteamId/conflict=true
2026-10-07T13:08:38.3309012Z --- PASS: TestR96ExplicitSubteamGuard/playerSubteamId/conflict=true (0.02s)
2026-10-07T13:08:38.3309885Z --- PASS: TestR96ExplicitSubteamGuard (0.12s)
2026-10-07T13:08:38.3310273Z === RUN   TestR96PartialTruthDoesNotEndAsNone
2026-10-07T13:08:38.3722613Z --- PASS: TestR96PartialTruthDoesNotEndAsNone (0.04s)
2026-10-07T13:08:38.3723345Z === RUN   TestR98Timing
2026-10-07T13:08:39.6149580Z     r98_test.go:137: [
2026-10-07T13:08:39.6150579Z           {
2026-10-07T13:08:39.6152019Z             "cumulative_http_calls": {
2026-10-07T13:08:39.6152992Z               "account": 1,
2026-10-07T13:08:39.6153808Z               "detail": 20,
2026-10-07T13:08:39.6154632Z               "mastery": 1,
2026-10-07T13:08:39.6155430Z               "matchIDs": 1,
2026-10-07T13:08:39.6156210Z               "ranks": 1,
2026-10-07T13:08:39.6157291Z               "summoner": 1
2026-10-07T13:08:39.6158731Z             },
2026-10-07T13:08:39.6159599Z             "overview_phases_ms": {
2026-10-07T13:08:39.6160226Z               "account": 56,
2026-10-07T13:08:39.6160826Z               "champion_names": 0,
2026-10-07T13:08:39.6161454Z               "detailed_matches": 0,
2026-10-07T13:08:39.6162073Z               "details": 1074,
2026-10-07T13:08:39.6162963Z               "identity": 0,
2026-10-07T13:08:39.6163538Z               "mastery": 98,
2026-10-07T13:08:39.6164378Z               "matchIDs": 109,
2026-10-07T13:08:39.6165361Z               "opgg-historical": 0,
2026-10-07T13:08:39.6165992Z               "queue_labels": 0,
2026-10-07T13:08:39.6166532Z               "ranks": 91,
2026-10-07T13:08:39.6167092Z               "recent_players": 0,
2026-10-07T13:08:39.6168194Z               "recent_ranked": 0,
2026-10-07T13:08:39.6168835Z               "season_snapshot": 0,
2026-10-07T13:08:39.6170301Z               "serialize": 1240,
2026-10-07T13:08:39.6170851Z               "spans": {
2026-10-07T13:08:39.6171371Z                 "account": [
2026-10-07T13:08:39.6171867Z                   [
2026-10-07T13:08:39.6172318Z                     0,
2026-10-07T13:08:39.6172831Z                     56
2026-10-07T13:08:39.6173262Z                   ]
2026-10-07T13:08:39.6173656Z                 ],
2026-10-07T13:08:39.6174223Z                 "champion_names": [
2026-10-07T13:08:39.6174733Z                   [
2026-10-07T13:08:39.6175496Z                     56,
2026-10-07T13:08:39.6176264Z                     56
2026-10-07T13:08:39.6176716Z                   ]
2026-10-07T13:08:39.6177110Z                 ],
2026-10-07T13:08:39.6177568Z                 "details": [
2026-10-07T13:08:39.6178503Z                   [
2026-10-07T13:08:39.6178984Z                     165,
2026-10-07T13:08:39.6179465Z                     1240
2026-10-07T13:08:39.6179900Z                   ]
2026-10-07T13:08:39.6180302Z                 ],
2026-10-07T13:08:39.6181098Z                 "mastery": [
2026-10-07T13:08:39.6181575Z                   [
2026-10-07T13:08:39.6182457Z                     56,
2026-10-07T13:08:39.6182927Z                     155
2026-10-07T13:08:39.6184293Z                   ]
2026-10-07T13:08:39.6184719Z                 ],
2026-10-07T13:08:39.6185864Z                 "matchIDs": [
2026-10-07T13:08:39.6186387Z                   [
2026-10-07T13:08:39.6186878Z                     56,
2026-10-07T13:08:39.6187342Z                     165
2026-10-07T13:08:39.6187781Z                   ]
2026-10-07T13:08:39.6188164Z                 ],
2026-10-07T13:08:39.6188626Z                 "ranks": [
2026-10-07T13:08:39.6189074Z                   [
2026-10-07T13:08:39.6189504Z                     56,
2026-10-07T13:08:39.6189981Z                     147
2026-10-07T13:08:39.6190406Z                   ]
2026-10-07T13:08:39.6191012Z                 ],
2026-10-07T13:08:39.6191581Z                 "summoner": [
2026-10-07T13:08:39.6192280Z                   [
2026-10-07T13:08:39.6192747Z                     56,
2026-10-07T13:08:39.6193206Z                     515
2026-10-07T13:08:39.6193641Z                   ]
2026-10-07T13:08:39.6194025Z                 ]
2026-10-07T13:08:39.6194401Z               },
2026-10-07T13:08:39.6194913Z               "summoner": 458,
2026-10-07T13:08:39.6195431Z               "total": 1240
2026-10-07T13:08:39.6195874Z             },
2026-10-07T13:08:39.6196303Z             "previews": [
2026-10-07T13:08:39.6196719Z               {
2026-10-07T13:08:39.6197184Z                 "at_ms": 240,
2026-10-07T13:08:39.6197709Z                 "matches": 5
2026-10-07T13:08:39.6198157Z               },
2026-10-07T13:08:39.6198531Z               {
2026-10-07T13:08:39.6198975Z                 "at_ms": 255,
2026-10-07T13:08:39.6199485Z                 "matches": 7
2026-10-07T13:08:39.6199926Z               },
2026-10-07T13:08:39.6200284Z               {
2026-10-07T13:08:39.6200757Z                 "at_ms": 272,
2026-10-07T13:08:39.6201266Z                 "matches": 9
2026-10-07T13:08:39.6201690Z               },
2026-10-07T13:08:39.6202059Z               {
2026-10-07T13:08:39.6202537Z                 "at_ms": 1098,
2026-10-07T13:08:39.6203066Z                 "matches": 11
2026-10-07T13:08:39.6203514Z               },
2026-10-07T13:08:39.6203884Z               {
2026-10-07T13:08:39.6204647Z                 "at_ms": 1117,
2026-10-07T13:08:39.6205213Z                 "matches": 13
2026-10-07T13:08:39.6206066Z               },
2026-10-07T13:08:39.6206715Z               {
2026-10-07T13:08:39.6207234Z                 "at_ms": 1133,
2026-10-07T13:08:39.6207758Z                 "matches": 15
2026-10-07T13:08:39.6208208Z               },
2026-10-07T13:08:39.6208587Z               {
2026-10-07T13:08:39.6209147Z                 "at_ms": 1212,
2026-10-07T13:08:39.6209679Z                 "matches": 17
2026-10-07T13:08:39.6210111Z               },
2026-10-07T13:08:39.6210487Z               {
2026-10-07T13:08:39.6210983Z                 "at_ms": 1229,
2026-10-07T13:08:39.6211504Z                 "matches": 19
2026-10-07T13:08:39.6211934Z               },
2026-10-07T13:08:39.6212308Z               {
2026-10-07T13:08:39.6212796Z                 "at_ms": 1240,
2026-10-07T13:08:39.6213301Z                 "matches": 20
2026-10-07T13:08:39.6213733Z               },
2026-10-07T13:08:39.6214097Z               {
2026-10-07T13:08:39.6214594Z                 "at_ms": 1240,
2026-10-07T13:08:39.6215123Z                 "matches": 20
2026-10-07T13:08:39.6215579Z               }
2026-10-07T13:08:39.6215934Z             ],
2026-10-07T13:08:39.6216433Z             "riot_overview_cost": {
2026-10-07T13:08:39.6217098Z               "detail_concurrency": 8,
2026-10-07T13:08:39.6217797Z               "details_inflight_peak": 8,
2026-10-07T13:08:39.6218467Z               "duration_ms": 1240,
2026-10-07T13:08:39.6219068Z               "error_kind": "",
2026-10-07T13:08:39.6219737Z               "event": "riot_overview_cost",
2026-10-07T13:08:39.6220428Z               "first_error_kind": "",
2026-10-07T13:08:39.6221106Z               "limiter_queue_ms": 6833,
2026-10-07T13:08:39.6221738Z               "matches_failed": 0,
2026-10-07T13:08:39.6222430Z               "matches_from_disk": 0,
2026-10-07T13:08:39.6223776Z               "matches_from_memory": 0,
2026-10-07T13:08:39.6224518Z               "matches_from_network": 20,
2026-10-07T13:08:39.6225219Z               "matches_loaded": 20,
2026-10-07T13:08:39.6225888Z               "matches_requested": 20,
2026-10-07T13:08:39.6226565Z               "rate_limited_count": 0
2026-10-07T13:08:39.6227053Z             },
2026-10-07T13:08:39.6227588Z             "scenario": "cold-search",
2026-10-07T13:08:39.6228138Z             "wall_ms": 1240
2026-10-07T13:08:39.6228558Z           },
2026-10-07T13:08:39.6228893Z           {
2026-10-07T13:08:39.6229433Z             "cumulative_http_calls": {
2026-10-07T13:08:39.6229990Z               "account": 1,
2026-10-07T13:08:39.6230408Z               "detail": 20,
2026-10-07T13:08:39.6230882Z               "mastery": 1,
2026-10-07T13:08:39.6231217Z               "matchIDs": 1,
2026-10-07T13:08:39.6231490Z               "ranks": 1,
2026-10-07T13:08:39.6231923Z               "summoner": 1
2026-10-07T13:08:39.6232164Z             },
2026-10-07T13:08:39.6232443Z             "overview_phases_ms": {
2026-10-07T13:08:39.6232749Z               "account": 0,
2026-10-07T13:08:39.6233324Z               "champion_names": 0,
2026-10-07T13:08:39.6233892Z               "detailed_matches": 0,
2026-10-07T13:08:39.6234352Z               "details": 0,
2026-10-07T13:08:39.6234767Z               "identity": 0,
2026-10-07T13:08:39.6235160Z               "mastery": 0,
2026-10-07T13:08:39.6235577Z               "matchIDs": 0,
2026-10-07T13:08:39.6236097Z               "opgg-historical": 0,
2026-10-07T13:08:39.6236659Z               "queue_labels": 0,
2026-10-07T13:08:39.6237103Z               "ranks": 0,
2026-10-07T13:08:39.6237587Z               "recent_players": 0,
2026-10-07T13:08:39.6238132Z               "recent_ranked": 0,
2026-10-07T13:08:39.6238694Z               "season_snapshot": 0,
2026-10-07T13:08:39.6239206Z               "serialize": 0,
2026-10-07T13:08:39.6239669Z               "spans": {
2026-10-07T13:08:39.6240094Z                 "account": [
2026-10-07T13:08:39.6240495Z                   [
2026-10-07T13:08:39.6279871Z                     0,
2026-10-07T13:08:39.6280438Z                     0
2026-10-07T13:08:39.6280892Z                   ]
2026-10-07T13:08:39.6281521Z                 ],
2026-10-07T13:08:39.6282648Z                 "champion_names": [
2026-10-07T13:08:39.6283561Z                   [
2026-10-07T13:08:39.6284072Z                     0,
2026-10-07T13:08:39.6284514Z                     0
2026-10-07T13:08:39.6285154Z                   ]
2026-10-07T13:08:39.6285561Z                 ],
2026-10-07T13:08:39.6286002Z                 "details": [
2026-10-07T13:08:39.6286454Z                   [
2026-10-07T13:08:39.6286875Z                     0,
2026-10-07T13:08:39.6287290Z                     0
2026-10-07T13:08:39.6287678Z                   ]
2026-10-07T13:08:39.6288048Z                 ],
2026-10-07T13:08:39.6288527Z                 "mastery": [
2026-10-07T13:08:39.6288984Z                   [
2026-10-07T13:08:39.6289415Z                     0,
2026-10-07T13:08:39.6289869Z                     0
2026-10-07T13:08:39.6290301Z                   ]
2026-10-07T13:08:39.6290675Z                 ],
2026-10-07T13:08:39.6291127Z                 "matchIDs": [
2026-10-07T13:08:39.6291594Z                   [
2026-10-07T13:08:39.6292024Z                     0,
2026-10-07T13:08:39.6292465Z                     0
2026-10-07T13:08:39.6292866Z                   ]
2026-10-07T13:08:39.6293258Z                 ],
2026-10-07T13:08:39.6293700Z                 "ranks": [
2026-10-07T13:08:39.6294238Z                   [
2026-10-07T13:08:39.6294680Z                     0,
2026-10-07T13:08:39.6295110Z                     0
2026-10-07T13:08:39.6295517Z                   ]
2026-10-07T13:08:39.6295934Z                 ],
2026-10-07T13:08:39.6296412Z                 "summoner": [
2026-10-07T13:08:39.6296903Z                   [
2026-10-07T13:08:39.6297420Z                     0,
2026-10-07T13:08:39.6297852Z                     0
2026-10-07T13:08:39.6298264Z                   ]
2026-10-07T13:08:39.6298694Z                 ]
2026-10-07T13:08:39.6299094Z               },
2026-10-07T13:08:39.6299549Z               "summoner": 0,
2026-10-07T13:08:39.6300060Z               "total": 0
2026-10-07T13:08:39.6300464Z             },
2026-10-07T13:08:39.6300888Z             "previews": [
2026-10-07T13:08:39.6301313Z               {
2026-10-07T13:08:39.6301727Z                 "at_ms": 0,
2026-10-07T13:08:39.6302222Z                 "matches": 10
2026-10-07T13:08:39.6302601Z               },
2026-10-07T13:08:39.6302967Z               {
2026-10-07T13:08:39.6303375Z                 "at_ms": 0,
2026-10-07T13:08:39.6303861Z                 "matches": 20
2026-10-07T13:08:39.6304286Z               },
2026-10-07T13:08:39.6304569Z               {
2026-10-07T13:08:39.6304915Z                 "at_ms": 0,
2026-10-07T13:08:39.6305372Z                 "matches": 20
2026-10-07T13:08:39.6305761Z               }
2026-10-07T13:08:39.6306077Z             ],
2026-10-07T13:08:39.6306539Z             "riot_overview_cost": {
2026-10-07T13:08:39.6307237Z               "detail_concurrency": 8,
2026-10-07T13:08:39.6307924Z               "details_inflight_peak": 0,
2026-10-07T13:08:39.6308575Z               "duration_ms": 0,
2026-10-07T13:08:39.6309133Z               "error_kind": "",
2026-10-07T13:08:39.6309764Z               "event": "riot_overview_cost",
2026-10-07T13:08:39.6311113Z               "first_error_kind": "",
2026-10-07T13:08:39.6311748Z               "limiter_queue_ms": 0,
2026-10-07T13:08:39.6312344Z               "matches_failed": 0,
2026-10-07T13:08:39.6312971Z               "matches_from_disk": 0,
2026-10-07T13:08:39.6313655Z               "matches_from_memory": 20,
2026-10-07T13:08:39.6314329Z               "matches_from_network": 0,
2026-10-07T13:08:39.6314984Z               "matches_loaded": 20,
2026-10-07T13:08:39.6315630Z               "matches_requested": 20,
2026-10-07T13:08:39.6316234Z               "rate_limited_count": 0
2026-10-07T13:08:39.6316685Z             },
2026-10-07T13:08:39.6317508Z             "scenario": "repeat-refresh",
2026-10-07T13:08:39.6317955Z             "wall_ms": 0
2026-10-07T13:08:39.6318184Z           }
2026-10-07T13:08:39.6318534Z         ]
2026-10-07T13:08:39.6318781Z --- PASS: TestR98Timing (1.25s)
2026-10-07T13:08:39.6319116Z === RUN   TestR98OverviewEndpointCachesAndKeys
2026-10-07T13:08:39.8140318Z --- PASS: TestR98OverviewEndpointCachesAndKeys (0.19s)
2026-10-07T13:08:39.8148089Z === RUN   TestR98SummonerDoesNotGateProgressAndPreviewKeepsAdvancing
2026-10-07T13:08:40.6140212Z --- PASS: TestR98SummonerDoesNotGateProgressAndPreviewKeepsAdvancing (0.80s)
2026-10-07T13:08:40.6141184Z === RUN   TestR98OverviewQueueBudgetReturnsRateLimit
2026-10-07T13:08:40.6171422Z --- PASS: TestR98OverviewQueueBudgetReturnsRateLimit (0.00s)
2026-10-07T13:08:40.6172280Z === RUN   TestR98LimiterFIFOHasOnlyOneSleepingHeadAndCanceledWaitersUseNoQuota
2026-10-07T13:08:40.6538182Z --- PASS: TestR98LimiterFIFOHasOnlyOneSleepingHeadAndCanceledWaitersUseNoQuota (0.04s)
2026-10-07T13:08:40.6539511Z === RUN   TestR98ChovyNullRegionFlightToOverview
2026-10-07T13:08:40.6666782Z --- PASS: TestR98ChovyNullRegionFlightToOverview (0.01s)
2026-10-07T13:08:40.6667894Z === RUN   TestR98Upstream429QueueBudgetKeepsTypedError
2026-10-07T13:08:40.6986203Z --- PASS: TestR98Upstream429QueueBudgetKeepsTypedError (0.03s)
2026-10-07T13:08:40.6987233Z === RUN   TestR99ProbeReadMatrixAndPrivacy
2026-10-07T13:08:40.7041649Z --- PASS: TestR99ProbeReadMatrixAndPrivacy (0.01s)
2026-10-07T13:08:40.7042455Z === RUN   TestR99ConnectionNeverWritesAndProbesOnce
2026-10-07T13:08:40.7079637Z --- PASS: TestR99ConnectionNeverWritesAndProbesOnce (0.00s)
2026-10-07T13:08:40.7080546Z === RUN   TestR99IconCatalogProjectionCachingAndClientSwitch
2026-10-07T13:08:40.7108388Z --- PASS: TestR99IconCatalogProjectionCachingAndClientSwitch (0.00s)
2026-10-07T13:08:40.7110340Z === RUN   TestR99IconAndBannerApplyActionsRetired
2026-10-07T13:08:40.7114441Z --- PASS: TestR99IconAndBannerApplyActionsRetired (0.00s)
2026-10-07T13:08:40.7115085Z === RUN   TestR99SummonerEventStillUpdatesIdentity
2026-10-07T13:08:40.9177376Z --- PASS: TestR99SummonerEventStillUpdatesIdentity (0.21s)
2026-10-07T13:08:40.9178585Z === RUN   TestR149RankBannerActionIsRetiredWithoutLCUWrites
2026-10-07T13:08:40.9182540Z --- PASS: TestR149RankBannerActionIsRetiredWithoutLCUWrites (0.00s)
2026-10-07T13:08:40.9183900Z === RUN   TestR149ClearBorderPreservesExistingBannerPreference
2026-10-07T13:08:40.9198876Z --- PASS: TestR149ClearBorderPreservesExistingBannerPreference (0.00s)
2026-10-07T13:08:40.9199823Z === RUN   TestR99SeedRenameSurvivesRestartAndTTL
2026-10-07T13:08:40.9714078Z --- PASS: TestR99SeedRenameSurvivesRestartAndTTL (0.05s)
2026-10-07T13:08:40.9715078Z === RUN   TestR99SeedAnchorSurvivesLRUAndHasOnlyStableField
2026-10-07T13:08:50.5099243Z --- PASS: TestR99SeedAnchorSurvivesLRUAndHasOnlyStableField (9.54s)
2026-10-07T13:08:50.5100005Z === RUN   TestR99SeedAppearsMergesAndNeverLeaks
2026-10-07T13:08:50.5440314Z --- PASS: TestR99SeedAppearsMergesAndNeverLeaks (0.03s)
2026-10-07T13:08:50.5440861Z === RUN   TestR99SeedRespectsQuotaBudget
2026-10-07T13:08:50.5464660Z --- PASS: TestR99SeedRespectsQuotaBudget (0.00s)
2026-10-07T13:08:50.5465378Z === RUN   TestR99SeedSourceHasNoCopiedStableID
2026-10-07T13:08:50.5476923Z --- PASS: TestR99SeedSourceHasNoCopiedStableID (0.00s)
2026-10-07T13:08:50.5477933Z === RUN   TestR99SeedPresentInEveryPipelinePublication
2026-10-07T13:08:50.5568090Z --- PASS: TestR99SeedPresentInEveryPipelinePublication (0.01s)
2026-10-07T13:08:50.5569001Z === RUN   TestR99ProbeHandlesAlternativeInventoryShape
2026-10-07T13:08:50.5569862Z --- PASS: TestR99ProbeHandlesAlternativeInventoryShape (0.00s)
2026-10-07T13:08:50.5570397Z === RUN   TestR99SeedQuotaDiagnosticsNeverContainIdentity
2026-10-07T13:08:50.5599252Z --- PASS: TestR99SeedQuotaDiagnosticsNeverContainIdentity (0.00s)
2026-10-07T13:08:50.5599903Z === RUN   TestRankScoreCacheUsesBoundedLRUForLargeInsertions
2026-10-07T13:08:50.5621400Z --- PASS: TestRankScoreCacheUsesBoundedLRUForLargeInsertions (0.00s)
2026-10-07T13:08:50.5622162Z === RUN   TestRankScoreCacheGetKeepsHotEntry
2026-10-07T13:08:50.5625325Z --- PASS: TestRankScoreCacheGetKeepsHotEntry (0.00s)
2026-10-07T13:08:50.5626037Z === RUN   TestRankScoreCacheRemovesExpiredEntry
2026-10-07T13:08:50.5626644Z --- PASS: TestRankScoreCacheRemovesExpiredEntry (0.00s)
2026-10-07T13:08:50.5627112Z === RUN   TestRankedSplitProbeRecordsOnlyShapeMetadata
2026-10-07T13:08:50.5657298Z --- PASS: TestRankedSplitProbeRecordsOnlyShapeMetadata (0.00s)
2026-10-07T13:08:50.5658215Z === RUN   TestSessionTokenPrivacyDocumentationMatchesDiskPersistence
2026-10-07T13:08:50.5658863Z --- PASS: TestSessionTokenPrivacyDocumentationMatchesDiskPersistence (0.00s)
2026-10-07T13:08:50.5660274Z === RUN   TestRiotAccountRequestDoesNotDoubleEncodeKoreanNames
2026-10-07T13:08:50.5661594Z --- PASS: TestRiotAccountRequestDoesNotDoubleEncodeKoreanNames (0.00s)
2026-10-07T13:08:50.5662551Z === RUN   TestRiotMatchIDsFilteredAddsQueueAndTypeQuery
2026-10-07T13:08:50.5664731Z --- PASS: TestRiotMatchIDsFilteredAddsQueueAndTypeQuery (0.00s)
2026-10-07T13:08:50.5665583Z === RUN   TestRiotProfileCapabilitiesTreatCancellationAsCanceled
2026-10-07T13:08:50.5666943Z --- PASS: TestRiotProfileCapabilitiesTreatCancellationAsCanceled (0.00s)
2026-10-07T13:08:50.5667972Z === RUN   TestRiotMatchConversionPreservesControlWardZero
2026-10-07T13:08:50.5668889Z --- PASS: TestRiotMatchConversionPreservesControlWardZero (0.00s)
2026-10-07T13:08:50.5669710Z === RUN   TestOpggParseSearchResultReadsSummoners
2026-10-07T13:08:50.5670920Z --- PASS: TestOpggParseSearchResultReadsSummoners (0.00s)
2026-10-07T13:08:50.5671434Z === RUN   TestRiotOverviewCapsMatchDetailConcurrencyAtFour
2026-10-07T13:08:50.7284335Z --- PASS: TestRiotOverviewCapsMatchDetailConcurrencyAtFour (0.16s)
2026-10-07T13:08:50.7285383Z === RUN   TestRiotOverviewCostTrackerIgnoresCancellation
2026-10-07T13:08:50.7286324Z --- PASS: TestRiotOverviewCostTrackerIgnoresCancellation (0.00s)
2026-10-07T13:08:50.7287443Z === RUN   TestR136MissingRiotKeyIsUserFacingAndDiagnosedAtAccountLookup
2026-10-07T13:08:50.7306846Z --- PASS: TestR136MissingRiotKeyIsUserFacingAndDiagnosedAtAccountLookup (0.00s)
2026-10-07T13:08:50.7307809Z === RUN   TestRiotClientCommandLineUsesIndependentCredentials
2026-10-07T13:08:50.7308652Z --- PASS: TestRiotClientCommandLineUsesIndependentCredentials (0.00s)
2026-10-07T13:08:50.7309641Z === RUN   TestPowerShellProcessOutputParserRejectsCorruption
2026-10-07T13:08:50.7310626Z --- PASS: TestPowerShellProcessOutputParserRejectsCorruption (0.00s)
2026-10-07T13:08:50.7311528Z === RUN   TestRiotClientAliasLookupIsExactAndAuthenticated
2026-10-07T13:08:50.7322361Z --- PASS: TestRiotClientAliasLookupIsExactAndAuthenticated (0.00s)
2026-10-07T13:08:50.7323107Z === RUN   TestRiotClientAliasLookupFailurePaths
2026-10-07T13:08:50.7341274Z --- PASS: TestRiotClientAliasLookupFailurePaths (0.00s)
2026-10-07T13:08:50.7342103Z === RUN   TestResolveTencentRiotIDKeepsRiotAndLeagueTokensSeparate
2026-10-07T13:08:50.7373628Z --- PASS: TestResolveTencentRiotIDKeepsRiotAndLeagueTokensSeparate (0.00s)
2026-10-07T13:08:50.7374341Z === RUN   TestResolveTencentRiotIDUsesLCUForCurrentServer
2026-10-07T13:08:50.7384048Z --- PASS: TestResolveTencentRiotIDUsesLCUForCurrentServer (0.00s)
2026-10-07T13:08:50.7385115Z === RUN   TestRemoteMatchHistoryFailureNeverFallsBackToCurrentLCU
2026-10-07T13:08:50.7403362Z --- PASS: TestRemoteMatchHistoryFailureNeverFallsBackToCurrentLCU (0.00s)
2026-10-07T13:08:50.7404336Z === RUN   TestRemoteRankedStatsUsesExplicitSGPFallbackWithoutLCU
2026-10-07T13:08:50.7414329Z --- PASS: TestRemoteRankedStatsUsesExplicitSGPFallbackWithoutLCU (0.00s)
2026-10-07T13:08:50.7415432Z === RUN   TestTencentReferenceAliasesAreScopedByServer
2026-10-07T13:08:50.7416754Z --- PASS: TestTencentReferenceAliasesAreScopedByServer (0.00s)
2026-10-07T13:08:50.7417463Z === RUN   TestMatchTimelineRejectsServerRebinding
2026-10-07T13:08:50.7418300Z --- PASS: TestMatchTimelineRejectsServerRebinding (0.00s)
2026-10-07T13:08:50.7418849Z === RUN   TestMatchTimelineRestoresServerFromRegisteredReference
2026-10-07T13:08:50.7436017Z --- PASS: TestMatchTimelineRestoresServerFromRegisteredReference (0.00s)
2026-10-07T13:08:50.7437171Z === RUN   TestRiotKeyConfiguredValueRejectsMissingAndCorruptCiphertext
2026-10-07T13:08:50.7438327Z --- PASS: TestRiotKeyConfiguredValueRejectsMissingAndCorruptCiphertext (0.00s)
2026-10-07T13:08:50.7439265Z === RUN   TestSelfCheckRiotKeyUsesEmbeddedGuard
2026-10-07T13:08:50.7555544Z --- PASS: TestSelfCheckRiotKeyUsesEmbeddedGuard (0.01s)
2026-10-07T13:08:50.7556548Z === RUN   TestSeasonStatsBudgetTruncatesRankedMatchesInsteadOfRefusingTheWrite
2026-10-07T13:08:50.7557854Z === PAUSE TestSeasonStatsBudgetTruncatesRankedMatchesInsteadOfRefusingTheWrite
2026-10-07T13:08:50.7558831Z === RUN   TestSeasonStatsSaveAppliesTheBudgetEndToEnd
2026-10-07T13:08:50.7559625Z === PAUSE TestSeasonStatsSaveAppliesTheBudgetEndToEnd
2026-10-07T13:08:50.7560487Z === RUN   TestSeasonStatsBudgetLeavesSmallCachesAlone
2026-10-07T13:08:50.7561350Z --- PASS: TestSeasonStatsBudgetLeavesSmallCachesAlone (0.00s)
2026-10-07T13:08:50.7562365Z === RUN   TestSeasonStatsBudgetWritesAndReportsWhenNothingCanBeTrimmed
2026-10-07T13:08:50.7563509Z === PAUSE TestSeasonStatsBudgetWritesAndReportsWhenNothingCanBeTrimmed
2026-10-07T13:08:50.7564557Z === RUN   TestSeasonStatsDirectoryHealthReportsTotalSize
2026-10-07T13:08:50.7663332Z --- PASS: TestSeasonStatsDirectoryHealthReportsTotalSize (0.01s)
2026-10-07T13:08:50.7663982Z === RUN   TestSeasonStatsDirectoryHealthRunsOncePerRoot
2026-10-07T13:08:50.7677424Z --- PASS: TestSeasonStatsDirectoryHealthRunsOncePerRoot (0.00s)
2026-10-07T13:08:50.7678036Z === RUN   TestSeasonStatsSynthetic2000MayhemGamesStayWithinBudget
2026-10-07T13:08:50.7742314Z     season_stats_budget_test.go:352: P3 capacity (synthetic, 2000 mayhem + 300 ranked games): file = 312499 bytes = 305.2 KB = 0.30 MiB; budget = 4194304 bytes; headroom = 13.4x
2026-10-07T13:08:50.7744002Z     season_stats_budget_test.go:354: P3 breakdown: gameIds=2300 stats=1 queueStats=5 rankedMatches=200 augmentSamples=2000
2026-10-07T13:08:50.7751964Z     season_stats_budget_test.go:362: P3 augment samples: 251001 bytes for 2000 entries = 126 B/场（工单按 300 B/场估，本实现只存必要字段）
2026-10-07T13:08:50.8015055Z     season_stats_budget_test.go:387: P2-6 over the reloaded 2000-game cache: sampleGames=2000 groups=6 topGroup=augment 5201 with 65 games / 49% win rate
2026-10-07T13:08:50.8030126Z --- PASS: TestSeasonStatsSynthetic2000MayhemGamesStayWithinBudget (0.04s)
2026-10-07T13:08:50.8031314Z === RUN   TestSeasonStatsBudgetThirdStageOnlyDropsAugmentSamples
2026-10-07T13:08:50.8032636Z === PAUSE TestSeasonStatsBudgetThirdStageOnlyDropsAugmentSamples
2026-10-07T13:08:50.8033638Z === RUN   TestSeasonStatsBudgetKeepsAsManyAugmentSamplesAsFit
2026-10-07T13:08:50.8034625Z === PAUSE TestSeasonStatsBudgetKeepsAsManyAugmentSamplesAsFit
2026-10-07T13:08:50.8035596Z === RUN   TestSeasonRecordRankedMatchMirrorsSeasonStatsCriteria
2026-10-07T13:08:50.8036602Z --- PASS: TestSeasonRecordRankedMatchMirrorsSeasonStatsCriteria (0.00s)
2026-10-07T13:08:50.8037576Z === RUN   TestSeasonQuerySnapshotCacheEvictsOldestEntry
2026-10-07T13:08:50.8038682Z --- PASS: TestSeasonQuerySnapshotCacheEvictsOldestEntry (0.00s)
2026-10-07T13:08:50.8039878Z === RUN   TestSeasonTrimRankedMatchesDedupesAndKeepsNewestFirst
2026-10-07T13:08:50.8041237Z --- PASS: TestSeasonTrimRankedMatchesDedupesAndKeepsNewestFirst (0.00s)
2026-10-07T13:08:50.8042286Z === RUN   TestSeasonTrimRankedMatchesKeepsEachRankedQueue
2026-10-07T13:08:50.8043276Z --- PASS: TestSeasonTrimRankedMatchesKeepsEachRankedQueue (0.00s)
2026-10-07T13:08:50.8044411Z === RUN   TestRecentRankedSummaryTopsUpFromSeasonCacheWithoutDoubleCounting
2026-10-07T13:08:50.8045815Z --- PASS: TestRecentRankedSummaryTopsUpFromSeasonCacheWithoutDoubleCounting (0.00s)
2026-10-07T13:08:50.8046832Z === RUN   TestRankedSeasonStartDerivesAnnualSeason
2026-10-07T13:08:50.8047973Z --- PASS: TestRankedSeasonStartDerivesAnnualSeason (0.00s)
2026-10-07T13:08:50.8048902Z === RUN   TestSeasonStatsAggregateRanksOnlyAndOmitsPUUID
2026-10-07T13:08:50.8050481Z --- PASS: TestSeasonStatsAggregateRanksOnlyAndOmitsPUUID (0.00s)
2026-10-07T13:08:50.8051506Z === RUN   TestSeasonStatsChampionKDAUsesPerGameAndWeightedOverall
2026-10-07T13:08:50.8052653Z --- PASS: TestSeasonStatsChampionKDAUsesPerGameAndWeightedOverall (0.00s)
2026-10-07T13:08:50.8053748Z === RUN   TestSeasonStatsAccumulateUsesRequestedPlayerReference
2026-10-07T13:08:50.8054820Z --- PASS: TestSeasonStatsAccumulateUsesRequestedPlayerReference (0.00s)
2026-10-07T13:08:50.8055799Z === RUN   TestSeasonStatsAccumulateAllowsNilQueueStats
2026-10-07T13:08:50.8056688Z --- PASS: TestSeasonStatsAccumulateAllowsNilQueueStats (0.00s)
2026-10-07T13:08:50.8057492Z === RUN   TestSeasonStatsReadSGPTopLevelCSFields
2026-10-07T13:08:50.8058217Z --- PASS: TestSeasonStatsReadSGPTopLevelCSFields (0.00s)
2026-10-07T13:08:50.8058815Z === RUN   TestSeasonStatsExcludeRemakes
2026-10-07T13:08:50.8059174Z --- PASS: TestSeasonStatsExcludeRemakes (0.00s)
2026-10-07T13:08:50.8059616Z === RUN   TestUnavailableSeasonStatsDoesNotClaimComplete
2026-10-07T13:08:50.8060138Z --- PASS: TestUnavailableSeasonStatsDoesNotClaimComplete (0.00s)
2026-10-07T13:08:50.8060581Z === RUN   TestSeasonStatsRejectOldCacheSchema
2026-10-07T13:08:50.8233315Z --- PASS: TestSeasonStatsRejectOldCacheSchema (0.02s)
2026-10-07T13:08:50.8234205Z === RUN   TestSeasonStatsCacheDoesNotCrossReadSources
2026-10-07T13:08:50.8365699Z --- PASS: TestSeasonStatsCacheDoesNotCrossReadSources (0.01s)
2026-10-07T13:08:50.8366502Z === RUN   TestSeasonScanPagesClearsResumeIndexWhenComplete
2026-10-07T13:08:50.8379459Z --- PASS: TestSeasonScanPagesClearsResumeIndexWhenComplete (0.00s)
2026-10-07T13:08:50.8380435Z === RUN   TestSeasonStatsAccumulateRecordsHextechMayhem
2026-10-07T13:08:50.8381627Z --- PASS: TestSeasonStatsAccumulateRecordsHextechMayhem (0.00s)
2026-10-07T13:08:50.8382807Z === RUN   TestSeasonStatsAccumulateKeepsRankedBehaviourAndRejectsPlainARAM
2026-10-07T13:08:50.8384148Z --- PASS: TestSeasonStatsAccumulateKeepsRankedBehaviourAndRejectsPlainARAM (0.00s)
2026-10-07T13:08:50.8385588Z === RUN   TestSeasonRecordRankedMatchMirrorsMayhemCriteriaAndRecordsAugmentSample
2026-10-07T13:08:50.8387113Z --- PASS: TestSeasonRecordRankedMatchMirrorsMayhemCriteriaAndRecordsAugmentSample (0.00s)
2026-10-07T13:08:50.8388458Z === RUN   TestSeasonStatsSchemaVersionIsFourteenAndPreservesEveryOlderFile
2026-10-07T13:08:50.9625320Z --- PASS: TestSeasonStatsSchemaVersionIsFourteenAndPreservesEveryOlderFile (0.12s)
2026-10-07T13:08:50.9626442Z === RUN   TestSeasonTrimAugmentSamplesDedupesAndCaps
2026-10-07T13:08:50.9631843Z --- PASS: TestSeasonTrimAugmentSamplesDedupesAndCaps (0.00s)
2026-10-07T13:08:50.9632843Z === RUN   TestSeasonAugmentBuildInsightAggregatesCombosGamesAndWinRate
2026-10-07T13:08:50.9634013Z --- PASS: TestSeasonAugmentBuildInsightAggregatesCombosGamesAndWinRate (0.00s)
2026-10-07T13:08:50.9635316Z === RUN   TestSeasonAugmentBuildInsightHidesEverythingBelowTheConfigurableThreshold
2026-10-07T13:08:50.9636806Z --- PASS: TestSeasonAugmentBuildInsightHidesEverythingBelowTheConfigurableThreshold (0.00s)
2026-10-07T13:08:50.9638199Z === RUN   TestSeasonAugmentBuildReportRanksGroupsAndRespectsLimits
2026-10-07T13:08:50.9639204Z --- PASS: TestSeasonAugmentBuildReportRanksGroupsAndRespectsLimits (0.00s)
2026-10-07T13:08:50.9640432Z === RUN   TestSeasonAugmentSampleForRejectsEveryNonMayhemQueue
2026-10-07T13:08:50.9641246Z --- PASS: TestSeasonAugmentSampleForRejectsEveryNonMayhemQueue (0.00s)
2026-10-07T13:08:50.9642190Z === RUN   TestDiagnosticKeySetIsSortedAndValueFree
2026-10-07T13:08:50.9642942Z --- PASS: TestDiagnosticKeySetIsSortedAndValueFree (0.00s)
2026-10-07T13:08:50.9643661Z === RUN   TestSGPConnectionErrorsHaveStableKinds
2026-10-07T13:08:50.9644367Z === RUN   TestSGPConnectionErrorsHaveStableKinds/timeout
2026-10-07T13:08:50.9645525Z --- PASS: TestSGPConnectionErrorsHaveStableKinds/timeout (0.00s)
2026-10-07T13:08:50.9646319Z === RUN   TestSGPConnectionErrorsHaveStableKinds/dns
2026-10-07T13:08:50.9647354Z --- PASS: TestSGPConnectionErrorsHaveStableKinds/dns (0.00s)
2026-10-07T13:08:50.9648340Z === RUN   TestSGPConnectionErrorsHaveStableKinds/connection_refused
2026-10-07T13:08:50.9649333Z --- PASS: TestSGPConnectionErrorsHaveStableKinds/connection_refused (0.00s)
2026-10-07T13:08:50.9650262Z === RUN   TestSGPConnectionErrorsHaveStableKinds/other
2026-10-07T13:08:50.9650991Z --- PASS: TestSGPConnectionErrorsHaveStableKinds/other (0.00s)
2026-10-07T13:08:50.9651832Z --- PASS: TestSGPConnectionErrorsHaveStableKinds (0.00s)
2026-10-07T13:08:50.9652551Z === RUN   TestSGPCanceledRequestIsNotRetriedAndHasCanceledKind
2026-10-07T13:08:50.9653444Z --- PASS: TestSGPCanceledRequestIsNotRetriedAndHasCanceledKind (0.00s)
2026-10-07T13:08:50.9654490Z === RUN   TestEntitlementsTokenErrorsDistinguishStatusAndEmptyField
2026-10-07T13:08:50.9655702Z === RUN   TestEntitlementsTokenErrorsDistinguishStatusAndEmptyField/missing_endpoint
2026-10-07T13:08:50.9657092Z --- PASS: TestEntitlementsTokenErrorsDistinguishStatusAndEmptyField/missing_endpoint (0.00s)
2026-10-07T13:08:50.9658447Z === RUN   TestEntitlementsTokenErrorsDistinguishStatusAndEmptyField/empty_token
2026-10-07T13:08:50.9669507Z --- PASS: TestEntitlementsTokenErrorsDistinguishStatusAndEmptyField/empty_token (0.00s)
2026-10-07T13:08:50.9670446Z --- PASS: TestEntitlementsTokenErrorsDistinguishStatusAndEmptyField (0.00s)
2026-10-07T13:08:50.9671271Z === RUN   TestMatchHistoryReturnsPartialErrorWhenLaterPageFails
2026-10-07T13:08:51.9702344Z --- PASS: TestMatchHistoryReturnsPartialErrorWhenLaterPageFails (1.00s)
2026-10-07T13:08:51.9703443Z === RUN   TestMatchHistoryParsesFullRosterFromPlayerRoute
2026-10-07T13:08:51.9715754Z --- PASS: TestMatchHistoryParsesFullRosterFromPlayerRoute (0.00s)
2026-10-07T13:08:51.9716692Z === RUN   TestMatchHistoryCacheAvoidsDuplicateSummaryAndReportsHit
2026-10-07T13:08:51.9728452Z --- PASS: TestMatchHistoryCacheAvoidsDuplicateSummaryAndReportsHit (0.00s)
2026-10-07T13:08:51.9729084Z === RUN   TestSGPRetriesTransient503TwiceThenSucceeds
2026-10-07T13:08:52.9746436Z --- PASS: TestSGPRetriesTransient503TwiceThenSucceeds (1.00s)
2026-10-07T13:08:52.9747405Z === RUN   TestSGPRetryBudgetDoesNotConsumeAuthRefresh
2026-10-07T13:08:53.9784174Z --- PASS: TestSGPRetryBudgetDoesNotConsumeAuthRefresh (1.00s)
2026-10-07T13:08:53.9784735Z === RUN   TestSGPRetriesReadFailureTwiceThenSucceeds
2026-10-07T13:08:54.9796828Z --- PASS: TestSGPRetriesReadFailureTwiceThenSucceeds (1.00s)
2026-10-07T13:08:54.9797897Z === RUN   TestMatchHistoryPhysicalPageCacheReusesTwentyBeforeFifty
2026-10-07T13:08:54.9816347Z --- PASS: TestMatchHistoryPhysicalPageCacheReusesTwentyBeforeFifty (0.00s)
2026-10-07T13:08:54.9818353Z === RUN   TestMatchHistoryPhysicalPageCacheSeparatesPageSizesAtSameStart
2026-10-07T13:08:54.9820027Z --- PASS: TestMatchHistoryPhysicalPageCacheSeparatesPageSizesAtSameStart (0.00s)
2026-10-07T13:08:54.9825492Z === RUN   TestMatchHistoryColdFiftyUsesOneUpstreamRequestAndOneShapeSample
2026-10-07T13:08:54.9836295Z --- PASS: TestMatchHistoryColdFiftyUsesOneUpstreamRequestAndOneShapeSample (0.00s)
2026-10-07T13:08:54.9837172Z === RUN   TestMatchHistoryCacheEvictsLeastRecentlyUsed
2026-10-07T13:08:54.9850003Z --- PASS: TestMatchHistoryCacheEvictsLeastRecentlyUsed (0.00s)
2026-10-07T13:08:54.9851166Z === RUN   TestMatchHistoryFilteredOnSendsRepeatedTagsWithOR
2026-10-07T13:08:54.9861971Z --- PASS: TestMatchHistoryFilteredOnSendsRepeatedTagsWithOR (0.00s)
2026-10-07T13:08:54.9862597Z === RUN   TestMatchHistoryFilteredOnDoesNotRefillMalformedTaggedPage
2026-10-07T13:08:54.9873398Z --- PASS: TestMatchHistoryFilteredOnDoesNotRefillMalformedTaggedPage (0.00s)
2026-10-07T13:08:54.9875032Z === RUN   TestMatchHistoryKeepsEmptyRosterForDiagnostics
2026-10-07T13:08:54.9885278Z --- PASS: TestMatchHistoryKeepsEmptyRosterForDiagnostics (0.00s)
2026-10-07T13:08:54.9886375Z === RUN   TestSGPRequestObservationTracksRetryAndSafeParseShape
2026-10-07T13:08:54.9908690Z --- PASS: TestSGPRequestObservationTracksRetryAndSafeParseShape (0.00s)
2026-10-07T13:08:54.9910329Z === RUN   TestSGPTimelinePayloadReportsWrapperAndEventTypes
2026-10-07T13:08:54.9921240Z --- PASS: TestSGPTimelinePayloadReportsWrapperAndEventTypes (0.00s)
2026-10-07T13:08:54.9922716Z === RUN   TestSGPRankedAndSummonerRoutesReportSessionToken
2026-10-07T13:08:54.9935739Z --- PASS: TestSGPRankedAndSummonerRoutesReportSessionToken (0.00s)
2026-10-07T13:08:54.9936276Z === RUN   TestSGPRankedShapeObservationIsProcessScoped
2026-10-07T13:08:54.9949357Z --- PASS: TestSGPRankedShapeObservationIsProcessScoped (0.00s)
2026-10-07T13:08:54.9951382Z === RUN   TestSGPRankedStatsOnParsesObservedHistoricalShapes
2026-10-07T13:08:54.9952503Z === RUN   TestSGPRankedStatsOnParsesObservedHistoricalShapes/historical_fields_present
2026-10-07T13:08:54.9963358Z --- PASS: TestSGPRankedStatsOnParsesObservedHistoricalShapes/historical_fields_present (0.00s)
2026-10-07T13:08:54.9964811Z === RUN   TestSGPRankedStatsOnParsesObservedHistoricalShapes/historical_fields_omitted
2026-10-07T13:08:54.9974658Z --- PASS: TestSGPRankedStatsOnParsesObservedHistoricalShapes/historical_fields_omitted (0.00s)
2026-10-07T13:08:54.9976327Z --- PASS: TestSGPRankedStatsOnParsesObservedHistoricalShapes (0.00s)
2026-10-07T13:08:54.9977210Z === RUN   TestSGPSummonerSuccessIsCached
2026-10-07T13:08:54.9986180Z --- PASS: TestSGPSummonerSuccessIsCached (0.00s)
2026-10-07T13:08:54.9987126Z === RUN   TestMatchHistoryCacheEvictsByBytes
2026-10-07T13:08:54.9987628Z --- PASS: TestMatchHistoryCacheEvictsByBytes (0.00s)
2026-10-07T13:08:54.9988929Z === RUN   TestSGPAuthDiagnosticsPreserveSpecificCausesAndPrivacy
2026-10-07T13:08:54.9991067Z --- PASS: TestSGPAuthDiagnosticsPreserveSpecificCausesAndPrivacy (0.00s)
2026-10-07T13:08:54.9992022Z === RUN   TestSGPErrorBodiesAndHeadersStayBounded
2026-10-07T13:08:54.9998392Z --- PASS: TestSGPErrorBodiesAndHeadersStayBounded (0.00s)
2026-10-07T13:08:54.9999423Z === RUN   TestSGPMethodEvidenceIsFixedAndDoesNotAuthorizeWrites
2026-10-07T13:08:55.0000535Z --- PASS: TestSGPMethodEvidenceIsFixedAndDoesNotAuthorizeWrites (0.00s)
2026-10-07T13:08:55.0001345Z === RUN   TestSGPValidatedGateway
2026-10-07T13:08:55.0001907Z --- PASS: TestSGPValidatedGateway (0.00s)
2026-10-07T13:08:55.0003077Z === RUN   TestSGPGatewayFallbackAndNoLCURedirect
2026-10-07T13:08:55.0003841Z --- PASS: TestSGPGatewayFallbackAndNoLCURedirect (0.00s)
2026-10-07T13:08:55.0004536Z === RUN   TestFacadeQuestReleaseProjection
2026-10-07T13:08:55.0006679Z --- PASS: TestFacadeQuestReleaseProjection (0.00s)
2026-10-07T13:08:55.0007885Z === RUN   TestParseSocialParty
2026-10-07T13:08:55.0008691Z === RUN   TestParseSocialParty/missing
2026-10-07T13:08:55.0009524Z --- PASS: TestParseSocialParty/missing (0.00s)
2026-10-07T13:08:55.0010469Z === RUN   TestParseSocialParty/null
2026-10-07T13:08:55.0011654Z --- PASS: TestParseSocialParty/null (0.00s)
2026-10-07T13:08:55.0012510Z === RUN   TestParseSocialParty/new_members
2026-10-07T13:08:55.0013223Z --- PASS: TestParseSocialParty/new_members (0.00s)
2026-10-07T13:08:55.0014536Z === RUN   TestParseSocialParty/legacy_members_and_string_counts
2026-10-07T13:08:55.0015490Z --- PASS: TestParseSocialParty/legacy_members_and_string_counts (0.00s)
2026-10-07T13:08:55.0016280Z === RUN   TestParseSocialParty/placeholder_legacy_IDs
2026-10-07T13:08:55.0017041Z --- PASS: TestParseSocialParty/placeholder_legacy_IDs (0.00s)
2026-10-07T13:08:55.0017796Z === RUN   TestParseSocialParty/unknown_capacity
2026-10-07T13:08:55.0018390Z --- PASS: TestParseSocialParty/unknown_capacity (0.00s)
2026-10-07T13:08:55.0018807Z === RUN   TestParseSocialParty/no_invented_solo_member
2026-10-07T13:08:55.0019297Z --- PASS: TestParseSocialParty/no_invented_solo_member (0.00s)
2026-10-07T13:08:55.0029270Z === RUN   TestParseSocialParty/conflicting_sources
2026-10-07T13:08:55.0030128Z --- PASS: TestParseSocialParty/conflicting_sources (0.00s)
2026-10-07T13:08:55.0031462Z === RUN   TestParseSocialParty/count_overflow
2026-10-07T13:08:55.0032219Z --- PASS: TestParseSocialParty/count_overflow (0.00s)
2026-10-07T13:08:55.0033305Z === RUN   TestParseSocialParty/decimal_capacity_is_not_rounded
2026-10-07T13:08:55.0034175Z --- PASS: TestParseSocialParty/decimal_capacity_is_not_rounded (0.00s)
2026-10-07T13:08:55.0035029Z === RUN   TestParseSocialParty/unsupported_schema
2026-10-07T13:08:55.0035870Z --- PASS: TestParseSocialParty/unsupported_schema (0.00s)
2026-10-07T13:08:55.0036755Z === RUN   TestParseSocialParty/invalid_PUUID_does_not_silently_fall_back
2026-10-07T13:08:55.0037531Z --- PASS: TestParseSocialParty/invalid_PUUID_does_not_silently_fall_back (0.00s)
2026-10-07T13:08:55.0038278Z === RUN   TestParseSocialParty/invalid_ID_does_not_partially_count
2026-10-07T13:08:55.0039128Z --- PASS: TestParseSocialParty/invalid_ID_does_not_partially_count (0.00s)
2026-10-07T13:08:55.0040003Z === RUN   TestParseSocialParty/malformed
2026-10-07T13:08:55.0040470Z --- PASS: TestParseSocialParty/malformed (0.00s)
2026-10-07T13:08:55.0040899Z === RUN   TestParseSocialParty/array
2026-10-07T13:08:55.0041508Z --- PASS: TestParseSocialParty/array (0.00s)
2026-10-07T13:08:55.0042130Z === RUN   TestParseSocialParty/too_large
2026-10-07T13:08:55.0042737Z --- PASS: TestParseSocialParty/too_large (0.00s)
2026-10-07T13:08:55.0043390Z --- PASS: TestParseSocialParty (0.00s)
2026-10-07T13:08:55.0044071Z === RUN   TestSocialPresenceLobbyAndPhasePrecedence
2026-10-07T13:08:55.0044967Z === RUN   TestSocialPresenceLobbyAndPhasePrecedence/online_lobby
2026-10-07T13:08:55.0046092Z --- PASS: TestSocialPresenceLobbyAndPhasePrecedence/online_lobby (0.00s)
2026-10-07T13:08:55.0047221Z === RUN   TestSocialPresenceLobbyAndPhasePrecedence/idle_chat_with_live_party
2026-10-07T13:08:55.0048436Z --- PASS: TestSocialPresenceLobbyAndPhasePrecedence/idle_chat_with_live_party (0.00s)
2026-10-07T13:08:55.0049567Z === RUN   TestSocialPresenceLobbyAndPhasePrecedence/ordinary_online
2026-10-07T13:08:55.0050668Z --- PASS: TestSocialPresenceLobbyAndPhasePrecedence/ordinary_online (0.00s)
2026-10-07T13:08:55.0051894Z === RUN   TestSocialPresenceLobbyAndPhasePrecedence/bad_party_stays_in_lobby
2026-10-07T13:08:55.0052713Z --- PASS: TestSocialPresenceLobbyAndPhasePrecedence/bad_party_stays_in_lobby (0.00s)
2026-10-07T13:08:55.0053725Z === RUN   TestSocialPresenceLobbyAndPhasePrecedence/queue_overrides_old_party
2026-10-07T13:08:55.0054469Z --- PASS: TestSocialPresenceLobbyAndPhasePrecedence/queue_overrides_old_party (0.00s)
2026-10-07T13:08:55.0055297Z === RUN   TestSocialPresenceLobbyAndPhasePrecedence/select_overrides_old_party
2026-10-07T13:08:55.0055953Z --- PASS: TestSocialPresenceLobbyAndPhasePrecedence/select_overrides_old_party (0.00s)
2026-10-07T13:08:55.0056595Z === RUN   TestSocialPresenceLobbyAndPhasePrecedence/game_overrides_old_party
2026-10-07T13:08:55.0057223Z --- PASS: TestSocialPresenceLobbyAndPhasePrecedence/game_overrides_old_party (0.00s)
2026-10-07T13:08:55.0058196Z === RUN   TestSocialPresenceLobbyAndPhasePrecedence/spectator_overrides_old_party
2026-10-07T13:08:55.0059535Z --- PASS: TestSocialPresenceLobbyAndPhasePrecedence/spectator_overrides_old_party (0.00s)
2026-10-07T13:08:55.0060805Z === RUN   TestSocialPresenceLobbyAndPhasePrecedence/offline_ignores_party
2026-10-07T13:08:55.0061994Z --- PASS: TestSocialPresenceLobbyAndPhasePrecedence/offline_ignores_party (0.00s)
2026-10-07T13:08:55.0063175Z === RUN   TestSocialPresenceLobbyAndPhasePrecedence/mobile_ignores_party
2026-10-07T13:08:55.0064330Z --- PASS: TestSocialPresenceLobbyAndPhasePrecedence/mobile_ignores_party (0.00s)
2026-10-07T13:08:55.0065541Z === RUN   TestSocialPresenceLobbyAndPhasePrecedence/away_ignores_stale_party
2026-10-07T13:08:55.0066781Z --- PASS: TestSocialPresenceLobbyAndPhasePrecedence/away_ignores_stale_party (0.00s)
2026-10-07T13:08:55.0068034Z === RUN   TestSocialPresenceLobbyAndPhasePrecedence/busy_does_not_infer_a_lobby
2026-10-07T13:08:55.0069564Z --- PASS: TestSocialPresenceLobbyAndPhasePrecedence/busy_does_not_infer_a_lobby (0.00s)
2026-10-07T13:08:55.0070970Z === RUN   TestSocialPresenceLobbyAndPhasePrecedence/observing_availability_ignores_stale_party
2026-10-07T13:08:55.0072795Z --- PASS: TestSocialPresenceLobbyAndPhasePrecedence/observing_availability_ignores_stale_party (0.00s)
2026-10-07T13:08:55.0074246Z === RUN   TestSocialPresenceLobbyAndPhasePrecedence/other_product_ignores_party
2026-10-07T13:08:55.0075541Z --- PASS: TestSocialPresenceLobbyAndPhasePrecedence/other_product_ignores_party (0.00s)
2026-10-07T13:08:55.0076999Z --- PASS: TestSocialPresenceLobbyAndPhasePrecedence (0.00s)
2026-10-07T13:08:55.0077749Z === RUN   TestSocialQueueLabels
2026-10-07T13:08:55.0078304Z --- PASS: TestSocialQueueLabels (0.00s)
2026-10-07T13:08:55.0079167Z === RUN   TestSocialLobbyResponseAndDiagnosticsStayReadOnlyAndPrivate
2026-10-07T13:08:55.0080600Z --- PASS: TestSocialLobbyResponseAndDiagnosticsStayReadOnlyAndPrivate (0.01s)
2026-10-07T13:08:55.0081632Z === RUN   TestSocialFriendsResponseUsesAnonymousPlayerReferences
2026-10-07T13:08:55.0093620Z --- PASS: TestSocialFriendsResponseUsesAnonymousPlayerReferences (0.00s)
2026-10-07T13:08:55.0095694Z === RUN   TestSocialFriendsNeverProbesSpectatorForInGameFriends
2026-10-07T13:08:55.0141889Z --- PASS: TestSocialFriendsNeverProbesSpectatorForInGameFriends (0.00s)
2026-10-07T13:08:55.0142735Z === RUN   TestSpecialistRuneMarksEarlySurrenderAsRemake
2026-10-07T13:08:55.0143661Z --- PASS: TestSpecialistRuneMarksEarlySurrenderAsRemake (0.00s)
2026-10-07T13:08:55.0144569Z === RUN   TestSpecialistRuneCarriesVerifiedSummonerSpells
2026-10-07T13:08:55.0145500Z --- PASS: TestSpecialistRuneCarriesVerifiedSummonerSpells (0.00s)
2026-10-07T13:08:55.0146668Z === RUN   TestSpecialistRunesUsesThirdMatchingGame
2026-10-07T13:08:55.0167084Z --- PASS: TestSpecialistRunesUsesThirdMatchingGame (0.00s)
2026-10-07T13:08:55.0168494Z === RUN   TestSpecialistRunesScansTopPlayersConcurrently
2026-10-07T13:08:55.0174078Z --- PASS: TestSpecialistRunesScansTopPlayersConcurrently (0.00s)
2026-10-07T13:08:55.0175799Z === RUN   TestSpecialistRunesBoundsDetailConcurrencyAndPreservesMatchOrder
2026-10-07T13:08:55.0551881Z --- PASS: TestSpecialistRunesBoundsDetailConcurrencyAndPreservesMatchOrder (0.04s)
2026-10-07T13:08:55.0553346Z === RUN   TestSpecialistRiotStepsCarryIndependentDeadlines
2026-10-07T13:08:55.0556475Z --- PASS: TestSpecialistRiotStepsCarryIndependentDeadlines (0.00s)
2026-10-07T13:08:55.0557447Z === RUN   TestRiotSpecialistQueueLimitReturnsThrottled
2026-10-07T13:08:55.0558824Z --- PASS: TestRiotSpecialistQueueLimitReturnsThrottled (0.00s)
2026-10-07T13:08:55.0559642Z === RUN   TestSpecialistSlotQueueReturnsThrottled
2026-10-07T13:08:55.0763318Z --- PASS: TestSpecialistSlotQueueReturnsThrottled (0.02s)
2026-10-07T13:08:55.0764479Z === RUN   TestRiotAccountCacheStoresSuccessAndBacksOffFailures
2026-10-07T13:08:55.0765198Z === RUN   TestRiotAccountCacheStoresSuccessAndBacksOffFailures/success
2026-10-07T13:08:55.0765992Z --- PASS: TestRiotAccountCacheStoresSuccessAndBacksOffFailures/success (0.00s)
2026-10-07T13:08:55.0767119Z === RUN   TestRiotAccountCacheStoresSuccessAndBacksOffFailures/not-found
2026-10-07T13:08:55.0768256Z --- PASS: TestRiotAccountCacheStoresSuccessAndBacksOffFailures/not-found (0.00s)
2026-10-07T13:08:55.0769051Z --- PASS: TestRiotAccountCacheStoresSuccessAndBacksOffFailures (0.00s)
2026-10-07T13:08:55.0770057Z === RUN   TestSpecialistOpponentRanksDeduplicateBoundConcurrencyAndIsolateFailures
2026-10-07T13:08:55.0924429Z --- PASS: TestSpecialistOpponentRanksDeduplicateBoundConcurrencyAndIsolateFailures (0.02s)
2026-10-07T13:08:55.0926075Z === RUN   TestSpecialistOpponentRanksDeduplicateThreeRecommendationsAndPreserveFailure
2026-10-07T13:08:55.0927122Z --- PASS: TestSpecialistOpponentRanksDeduplicateThreeRecommendationsAndPreserveFailure (0.00s)
2026-10-07T13:08:55.0927920Z === RUN   TestSpecialistOpponentRankSurvivesScanDeadline
2026-10-07T13:08:55.1933408Z --- PASS: TestSpecialistOpponentRankSurvivesScanDeadline (0.10s)
2026-10-07T13:08:55.1935024Z === RUN   TestSpecialistRunesDoesNotUseAnotherChampion
2026-10-07T13:08:55.1953660Z --- PASS: TestSpecialistRunesDoesNotUseAnotherChampion (0.00s)
2026-10-07T13:08:55.1955841Z === RUN   TestSpecialistRunesStopsAtTenWithoutWrongPositionFallback
2026-10-07T13:08:55.1976597Z --- PASS: TestSpecialistRunesStopsAtTenWithoutWrongPositionFallback (0.00s)
2026-10-07T13:08:55.1977499Z === RUN   TestSpecialistRunesSkipsPlayerAfterThreeConsecutiveDetailFailures
2026-10-07T13:08:55.1981303Z --- PASS: TestSpecialistRunesSkipsPlayerAfterThreeConsecutiveDetailFailures (0.00s)
2026-10-07T13:08:55.1982557Z === RUN   TestSpecialistRunesTimeoutReturnsCompletedPartialResults
2026-10-07T13:08:55.2490871Z --- PASS: TestSpecialistRunesTimeoutReturnsCompletedPartialResults (0.05s)
2026-10-07T13:08:55.2491941Z === RUN   TestSpecialistRunesTimeoutIsNotReportedAsNoPositionSample
2026-10-07T13:08:55.2796943Z --- PASS: TestSpecialistRunesTimeoutIsNotReportedAsNoPositionSample (0.03s)
2026-10-07T13:08:55.2799061Z === RUN   TestSpecialistRecentSummaryAvoidsRepeatMatchListAndDetails
2026-10-07T13:08:55.2805882Z --- PASS: TestSpecialistRecentSummaryAvoidsRepeatMatchListAndDetails (0.00s)
2026-10-07T13:08:55.2807458Z === RUN   TestSpecialistErrorKindClassifiesActionableFailures
2026-10-07T13:08:55.2808058Z --- PASS: TestSpecialistErrorKindClassifiesActionableFailures (0.00s)
2026-10-07T13:08:55.2808735Z === RUN   TestSpecialistRunesRejectsIncompleteRunes
2026-10-07T13:08:55.2809487Z === RUN   TestSpecialistRunesRejectsIncompleteRunes/missing-substyle
2026-10-07T13:08:55.2814110Z --- PASS: TestSpecialistRunesRejectsIncompleteRunes/missing-substyle (0.00s)
2026-10-07T13:08:55.2815815Z === RUN   TestSpecialistRunesRejectsIncompleteRunes/too-few-perks
2026-10-07T13:08:55.2821473Z --- PASS: TestSpecialistRunesRejectsIncompleteRunes/too-few-perks (0.00s)
2026-10-07T13:08:55.2822090Z --- PASS: TestSpecialistRunesRejectsIncompleteRunes (0.00s)
2026-10-07T13:08:55.2822592Z === RUN   TestSpecialistRunesCacheAvoidsUpstreamRequests
2026-10-07T13:08:55.2828435Z --- PASS: TestSpecialistRunesCacheAvoidsUpstreamRequests (0.00s)
2026-10-07T13:08:55.2829869Z === RUN   TestSpecialistRunesConfirmedEmptyResultsAreCached
2026-10-07T13:08:55.2830438Z --- PASS: TestSpecialistRunesConfirmedEmptyResultsAreCached (0.00s)
2026-10-07T13:08:55.2831178Z === RUN   TestSpecialistRunesConcurrentCallsShareOneFlight
2026-10-07T13:08:55.2846787Z --- PASS: TestSpecialistRunesConcurrentCallsShareOneFlight (0.00s)
2026-10-07T13:08:55.2847745Z === RUN   TestSpecialistRuneKeyIsCollisionFreeAndCanonical
2026-10-07T13:08:55.2875686Z --- PASS: TestSpecialistRuneKeyIsCollisionFreeAndCanonical (0.00s)
2026-10-07T13:08:55.2877281Z === RUN   TestSpecialistOpponentRequiresMatchingPosition
2026-10-07T13:08:55.2877951Z --- PASS: TestSpecialistOpponentRequiresMatchingPosition (0.00s)
2026-10-07T13:08:55.2878764Z === RUN   TestSpecialistRunesWithoutRiotKeyReturnsEmptyWithoutRequests
2026-10-07T13:08:55.2900894Z --- PASS: TestSpecialistRunesWithoutRiotKeyReturnsEmptyWithoutRequests (0.00s)
2026-10-07T13:08:55.2902614Z === RUN   TestR68SpecialistHandlerRecordsResolvedADCPosition
2026-10-07T13:08:55.2903606Z --- PASS: TestR68SpecialistHandlerRecordsResolvedADCPosition (0.00s)
2026-10-07T13:08:55.2904648Z === RUN   TestSpecialistRunesRecordsStartFailureAndDoneDiagnostics
2026-10-07T13:08:55.2906695Z --- PASS: TestSpecialistRunesRecordsStartFailureAndDoneDiagnostics (0.00s)
2026-10-07T13:08:55.2908386Z === RUN   TestSpecialistRunesTimeoutNegativeCacheAvoidsSecondUpstreamAttempt
2026-10-07T13:08:55.2910289Z --- PASS: TestSpecialistRunesTimeoutNegativeCacheAvoidsSecondUpstreamAttempt (0.00s)
2026-10-07T13:08:55.2911431Z === RUN   TestStartupWarmupHelper
2026-10-07T13:08:55.2912142Z --- PASS: TestStartupWarmupHelper (0.00s)
2026-10-07T13:08:55.2913074Z === RUN   TestStartupWarmupProcessDoesNotInitializeServicesOrUserFiles
2026-10-07T13:08:55.3189841Z --- PASS: TestStartupWarmupProcessDoesNotInitializeServicesOrUserFiles (0.03s)
2026-10-07T13:08:55.3191528Z === RUN   TestStartupWarmupReturnsImmediatelyAfterParsingBeforeAnyInitializer
2026-10-07T13:08:55.3218303Z --- PASS: TestStartupWarmupReturnsImmediatelyAfterParsingBeforeAnyInitializer (0.00s)
2026-10-07T13:08:55.3219790Z === RUN   TestStartupWarmupHasNoNewPackageInitializers
2026-10-07T13:08:55.4494459Z --- PASS: TestStartupWarmupHasNoNewPackageInitializers (0.13s)
2026-10-07T13:08:55.4495432Z === RUN   TestR70StaticAssetCompressionAndRevalidation
2026-10-07T13:08:55.4498483Z --- PASS: TestR70StaticAssetCompressionAndRevalidation (0.00s)
2026-10-07T13:08:55.4499363Z === RUN   TestR70StaticPathsAndEncodingNegotiation
2026-10-07T13:08:55.4500200Z --- PASS: TestR70StaticPathsAndEncodingNegotiation (0.00s)
2026-10-07T13:08:55.4500952Z === RUN   TestR70StaticRangeAndVariantLength
2026-10-07T13:08:55.4501699Z --- PASS: TestR70StaticRangeAndVariantLength (0.00s)
2026-10-07T13:08:55.4502356Z === RUN   TestR70EmbeddedTextTransferBudget
2026-10-07T13:08:55.4521074Z     static_assets_test.go:124: index.html raw=66297 gzip=14740
2026-10-07T13:08:55.4534447Z     static_assets_test.go:124: runtime.js raw=32545 gzip=10488
2026-10-07T13:08:55.4575874Z     static_assets_test.go:124: demo-data.js raw=234691 gzip=37928
2026-10-07T13:08:55.4661259Z     static_assets_test.go:124: app.js raw=258639 gzip=71180
2026-10-07T13:08:55.4671934Z     static_assets_test.go:124: favorites-facade.js raw=27079 gzip=8581
2026-10-07T13:08:55.4879883Z     static_assets_test.go:124: gameplay.js raw=619066 gzip=173284
2026-10-07T13:08:55.4937161Z     static_assets_test.go:124: champions.js raw=196209 gzip=54006
2026-10-07T13:08:55.4956069Z     static_assets_test.go:124: friends.js raw=20385 gzip=6554
2026-10-07T13:08:55.5006112Z     static_assets_test.go:124: suite.js raw=152612 gzip=41623
2026-10-07T13:08:55.5034269Z     static_assets_test.go:124: app.css raw=109669 gzip=24936
2026-10-07T13:08:55.5085237Z     static_assets_test.go:124: gameplay.css raw=201239 gzip=40592
2026-10-07T13:08:55.5105240Z     static_assets_test.go:124: champions.css raw=88227 gzip=15766
2026-10-07T13:08:55.5119492Z     static_assets_test.go:124: suite.css raw=49170 gzip=8676
2026-10-07T13:08:55.5120357Z     static_assets_test.go:124: metrics.css raw=963 gzip=472
2026-10-07T13:08:55.5121145Z     static_assets_test.go:126: TOTAL raw=2056791 gzip=508826 saved=75.26%
2026-10-07T13:08:55.5121883Z --- PASS: TestR70EmbeddedTextTransferBudget (0.06s)
2026-10-07T13:08:55.5122686Z === RUN   TestR117StaticAssetSecurityHeadersPreserveRevalidation
2026-10-07T13:08:55.5123684Z --- PASS: TestR117StaticAssetSecurityHeadersPreserveRevalidation (0.00s)
2026-10-07T13:08:55.5124706Z === RUN   TestRefreshSummonerIdentityRunsWhileSnapshotIsSyncing
2026-10-07T13:08:55.5142374Z --- PASS: TestRefreshSummonerIdentityRunsWhileSnapshotIsSyncing (0.00s)
2026-10-07T13:08:55.5143512Z === RUN   TestRefreshSummonerIdentityDoesNotBroadcastWhenUnchanged
2026-10-07T13:08:55.5158135Z --- PASS: TestRefreshSummonerIdentityDoesNotBroadcastWhenUnchanged (0.00s)
2026-10-07T13:08:55.5159401Z === RUN   TestRefreshSummonerIdentityProfileChangesDoNotRequestFullSnapshot
2026-10-07T13:08:55.5174063Z --- PASS: TestRefreshSummonerIdentityProfileChangesDoNotRequestFullSnapshot (0.00s)
2026-10-07T13:08:55.5175442Z === RUN   TestRefreshSummonerIdentityAccountChangeClearsReferencesAndRequestsSnapshot
2026-10-07T13:08:55.5191013Z --- PASS: TestRefreshSummonerIdentityAccountChangeClearsReferencesAndRequestsSnapshot (0.00s)
2026-10-07T13:08:55.5191935Z === RUN   TestSummonerIdentityEventRejectsIncompletePayload
2026-10-07T13:08:55.5192487Z --- PASS: TestSummonerIdentityEventRejectsIncompletePayload (0.00s)
2026-10-07T13:08:55.5193013Z === RUN   TestSummonerIdentityEventDebouncesToLatestPayload
2026-10-07T13:08:55.7201051Z --- PASS: TestSummonerIdentityEventDebouncesToLatestPayload (0.20s)
2026-10-07T13:08:55.7204784Z === RUN   TestRefreshSummonerIdentitySingleflightSharesOneLCURequest
2026-10-07T13:08:55.7422426Z --- PASS: TestRefreshSummonerIdentitySingleflightSharesOneLCURequest (0.02s)
2026-10-07T13:08:55.7423809Z === RUN   TestSummonerProfileEventUpdatesOnlyProfile
2026-10-07T13:08:55.7424454Z --- PASS: TestSummonerProfileEventUpdatesOnlyProfile (0.00s)
2026-10-07T13:08:55.7425755Z === RUN   TestSummonerFallbackIntervalIsSixtySeconds
2026-10-07T13:08:55.7426450Z --- PASS: TestSummonerFallbackIntervalIsSixtySeconds (0.00s)
2026-10-07T13:08:55.7427438Z === RUN   TestHandleRefreshUpdatesIdentityBeforeQueueingFullSnapshot
2026-10-07T13:08:55.7441409Z --- PASS: TestHandleRefreshUpdatesIdentityBeforeQueueingFullSnapshot (0.00s)
2026-10-07T13:08:55.7443046Z === RUN   TestCurrentOverviewForceRefreshesIdentityWhileNonForceUsesCachedIdentity
2026-10-07T13:08:55.7518877Z --- PASS: TestCurrentOverviewForceRefreshesIdentityWhileNonForceUsesCachedIdentity (0.01s)
2026-10-07T13:08:55.7520473Z === RUN   TestCurrentOverviewIdentityFailureKeepsCompleteResponseAndDegradesCapability
2026-10-07T13:08:55.7558592Z --- PASS: TestCurrentOverviewIdentityFailureKeepsCompleteResponseAndDegradesCapability (0.00s)
2026-10-07T13:08:55.7559832Z === RUN   TestProviderTransportPoolsReuseEightConnections
2026-10-07T13:08:55.7560748Z === RUN   TestProviderTransportPoolsReuseEightConnections/champion
2026-10-07T13:08:55.7667552Z --- PASS: TestProviderTransportPoolsReuseEightConnections/champion (0.01s)
2026-10-07T13:08:55.7668693Z === RUN   TestProviderTransportPoolsReuseEightConnections/sgp
2026-10-07T13:08:55.7775583Z --- PASS: TestProviderTransportPoolsReuseEightConnections/sgp (0.01s)
2026-10-07T13:08:55.7776622Z === RUN   TestProviderTransportPoolsReuseEightConnections/lcu
2026-10-07T13:08:55.7885671Z --- PASS: TestProviderTransportPoolsReuseEightConnections/lcu (0.01s)
2026-10-07T13:08:55.7886447Z --- PASS: TestProviderTransportPoolsReuseEightConnections (0.03s)
2026-10-07T13:08:55.7886947Z === RUN   TestChampionTransportNegotiatesHTTP2
2026-10-07T13:08:55.7924070Z --- PASS: TestChampionTransportNegotiatesHTTP2 (0.00s)
2026-10-07T13:08:55.7924751Z === RUN   TestUpdateVersions
2026-10-07T13:08:55.7925172Z --- PASS: TestUpdateVersions (0.00s)
2026-10-07T13:08:55.7925633Z === RUN   TestUpdateDevDisabled
2026-10-07T13:08:55.7939438Z --- PASS: TestUpdateDevDisabled (0.00s)
2026-10-07T13:08:55.7940285Z === RUN   TestUpdateMirrorFallbackSingleFlightAndLastError
2026-10-07T13:08:55.8245404Z --- PASS: TestUpdateMirrorFallbackSingleFlightAndLastError (0.03s)
2026-10-07T13:08:55.8246140Z === RUN   TestUpdateCacheTTLAndNoDowngrade
2026-10-07T13:08:55.8246600Z === RUN   TestUpdateCacheTTLAndNoDowngrade/0.12.0
2026-10-07T13:08:55.8776209Z --- PASS: TestUpdateCacheTTLAndNoDowngrade/0.12.0 (0.05s)
2026-10-07T13:08:55.8781902Z === RUN   TestUpdateCacheTTLAndNoDowngrade/0.11.2
2026-10-07T13:08:55.9258798Z --- PASS: TestUpdateCacheTTLAndNoDowngrade/0.11.2 (0.05s)
2026-10-07T13:08:55.9259655Z === RUN   TestUpdateCacheTTLAndNoDowngrade/0.10.0
2026-10-07T13:08:55.9719655Z --- PASS: TestUpdateCacheTTLAndNoDowngrade/0.10.0 (0.05s)
2026-10-07T13:08:55.9720894Z --- PASS: TestUpdateCacheTTLAndNoDowngrade (0.15s)
2026-10-07T13:08:55.9721759Z === RUN   TestUpdateBusyOperationsRejectOverlappingWork
2026-10-07T13:08:55.9722686Z === RUN   TestUpdateBusyOperationsRejectOverlappingWork/checking
2026-10-07T13:08:55.9917144Z --- PASS: TestUpdateBusyOperationsRejectOverlappingWork/checking (0.02s)
2026-10-07T13:08:55.9917935Z === RUN   TestUpdateBusyOperationsRejectOverlappingWork/downloading
2026-10-07T13:08:56.0164626Z --- PASS: TestUpdateBusyOperationsRejectOverlappingWork/downloading (0.02s)
2026-10-07T13:08:56.0165308Z === RUN   TestUpdateBusyOperationsRejectOverlappingWork/verifying
2026-10-07T13:08:56.0469076Z --- PASS: TestUpdateBusyOperationsRejectOverlappingWork/verifying (0.03s)
2026-10-07T13:08:56.0469948Z === RUN   TestUpdateBusyOperationsRejectOverlappingWork/applying
2026-10-07T13:08:56.0655424Z --- PASS: TestUpdateBusyOperationsRejectOverlappingWork/applying (0.02s)
2026-10-07T13:08:56.0656604Z --- PASS: TestUpdateBusyOperationsRejectOverlappingWork (0.09s)
2026-10-07T13:08:56.0657790Z === RUN   TestUpdateManifestAndSettingsValidation
2026-10-07T13:08:56.0797907Z --- PASS: TestUpdateManifestAndSettingsValidation (0.01s)
2026-10-07T13:08:56.0799433Z === RUN   TestUpdateVersionNamedAssetAndLegacyCompatibility
2026-10-07T13:08:56.0800459Z --- PASS: TestUpdateVersionNamedAssetAndLegacyCompatibility (0.00s)
2026-10-07T13:08:56.0801431Z === RUN   TestUpdatePublicManifestCheckAvailableAndReady
2026-10-07T13:08:56.1251638Z --- PASS: TestUpdatePublicManifestCheckAvailableAndReady (0.05s)
2026-10-07T13:08:56.1252702Z === RUN   TestUpdateCheckFailureDiagnosticsPersistSafeStages
2026-10-07T13:08:56.1253677Z === RUN   TestUpdateCheckFailureDiagnosticsPersistSafeStages/http
2026-10-07T13:08:56.1296269Z --- PASS: TestUpdateCheckFailureDiagnosticsPersistSafeStages/http (0.00s)
2026-10-07T13:08:56.1297684Z === RUN   TestUpdateCheckFailureDiagnosticsPersistSafeStages/parse
2026-10-07T13:08:56.1338713Z --- PASS: TestUpdateCheckFailureDiagnosticsPersistSafeStages/parse (0.00s)
2026-10-07T13:08:56.1340041Z === RUN   TestUpdateCheckFailureDiagnosticsPersistSafeStages/validate
2026-10-07T13:08:56.1383364Z --- PASS: TestUpdateCheckFailureDiagnosticsPersistSafeStages/validate (0.00s)
2026-10-07T13:08:56.1384635Z --- PASS: TestUpdateCheckFailureDiagnosticsPersistSafeStages (0.01s)
2026-10-07T13:08:56.1385557Z === RUN   TestUpdateDownloadHashRetryAndCleanup
2026-10-07T13:08:56.1386359Z === RUN   TestUpdateDownloadHashRetryAndCleanup/false
2026-10-07T13:08:56.1642045Z --- PASS: TestUpdateDownloadHashRetryAndCleanup/false (0.03s)
2026-10-07T13:08:56.1642601Z === RUN   TestUpdateDownloadHashRetryAndCleanup/true
2026-10-07T13:08:56.1845805Z --- PASS: TestUpdateDownloadHashRetryAndCleanup/true (0.02s)
2026-10-07T13:08:56.1846757Z --- PASS: TestUpdateDownloadHashRetryAndCleanup (0.05s)
2026-10-07T13:08:56.1847642Z === RUN   TestUpdateResumeReprobesEachMirrorAndHashesPrefix
2026-10-07T13:08:56.2241409Z --- PASS: TestUpdateResumeReprobesEachMirrorAndHashesPrefix (0.04s)
2026-10-07T13:08:56.2242300Z === RUN   TestUpdateCancelAndSpaceMargin
2026-10-07T13:08:56.2283446Z --- PASS: TestUpdateCancelAndSpaceMargin (0.00s)
2026-10-07T13:08:56.2284190Z === RUN   TestUpdateFiveSecondSpeedWindow
2026-10-07T13:08:56.2284935Z --- PASS: TestUpdateFiveSecondSpeedWindow (0.00s)
2026-10-07T13:08:56.2285781Z === RUN   TestUpdateApplyRehashPortableMinimumAndCommand
2026-10-07T13:08:56.2329483Z --- PASS: TestUpdateApplyRehashPortableMinimumAndCommand (0.00s)
2026-10-07T13:08:56.2330344Z === RUN   TestUpdateProgressSSEAndCleanup
2026-10-07T13:08:56.2387981Z --- PASS: TestUpdateProgressSSEAndCleanup (0.01s)
2026-10-07T13:08:56.2388724Z === RUN   TestUpdateAfterUpgradeCleanupAndMinimum
2026-10-07T13:08:56.2913500Z --- PASS: TestUpdateAfterUpgradeCleanupAndMinimum (0.05s)
2026-10-07T13:08:56.2914426Z === RUN   TestUpdateProgressAndStalledSourceFallback
2026-10-07T13:08:56.3172286Z --- PASS: TestUpdateProgressAndStalledSourceFallback (0.03s)
2026-10-07T13:08:56.3172978Z === RUN   TestUpdateHTTPStatusAuthAndInitialEventSnapshot
2026-10-07T13:08:56.3202080Z --- PASS: TestUpdateHTTPStatusAuthAndInitialEventSnapshot (0.00s)
2026-10-07T13:08:56.3203144Z === RUN   TestConvertYourGGArenaMatchDeduplicatesSubjectAndStripsStableIDs
2026-10-07T13:08:56.3206269Z --- PASS: TestConvertYourGGArenaMatchDeduplicatesSubjectAndStripsStableIDs (0.00s)
2026-10-07T13:08:56.3207168Z === RUN   TestYourGGArenaCachePolicy
2026-10-07T13:08:56.3207544Z --- PASS: TestYourGGArenaCachePolicy (0.00s)
2026-10-07T13:08:56.3208415Z === RUN   TestMapYourGGArenaAggregateItemsConvertsRatesAndUsesUpstreamGrades
2026-10-07T13:08:56.3210140Z --- PASS: TestMapYourGGArenaAggregateItemsConvertsRatesAndUsesUpstreamGrades (0.00s)
2026-10-07T13:08:56.3211444Z === RUN   TestLoadArenaChampionAggregateUsesAggregateEndpointAndCatalog
2026-10-07T13:08:56.3212679Z --- PASS: TestLoadArenaChampionAggregateUsesAggregateEndpointAndCatalog (0.00s)
2026-10-07T13:08:56.3214217Z === RUN   TestLoadArenaFirstPlacesPreservesMemoryCacheFetchedAt
2026-10-07T13:08:56.3215641Z --- PASS: TestLoadArenaFirstPlacesPreservesMemoryCacheFetchedAt (0.00s)
2026-10-07T13:08:56.3216663Z === RUN   TestResolveChampionIDAcceptsNumericWithoutCatalog
2026-10-07T13:08:56.3217798Z --- PASS: TestResolveChampionIDAcceptsNumericWithoutCatalog (0.00s)
2026-10-07T13:08:56.3218645Z === RUN   TestFilterYourGGArenaBuildsReportsDropReasons
2026-10-07T13:08:56.3219552Z --- PASS: TestFilterYourGGArenaBuildsReportsDropReasons (0.00s)
2026-10-07T13:08:56.3220545Z === RUN   TestArenaFirstPlacesDiagnosticsUseAggregateFieldsOnly
2026-10-07T13:08:56.3221568Z --- PASS: TestArenaFirstPlacesDiagnosticsUseAggregateFieldsOnly (0.00s)
2026-10-07T13:08:56.3222716Z === RUN   TestInferYourGGSubjectChampionOnlyForSingleUnknownKey
2026-10-07T13:08:56.3224147Z --- PASS: TestInferYourGGSubjectChampionOnlyForSingleUnknownKey (0.00s)
2026-10-07T13:08:56.3225228Z === RUN   TestWriteArenaFirstPlacesErrorClassifiesSafeFailures
2026-10-07T13:08:56.3226298Z --- PASS: TestWriteArenaFirstPlacesErrorClassifiesSafeFailures (0.00s)
2026-10-07T13:08:56.3227424Z === CONT  TestPruneStaleHexdataBuildsBoundsDiskAcrossPatchHistory
2026-10-07T13:08:56.3228279Z === CONT  TestR64FacadeEventBurstIsThrottled
2026-10-07T13:08:56.3229118Z === CONT  TestSeasonStatsBudgetKeepsAsManyAugmentSamplesAsFit
2026-10-07T13:08:56.3230286Z === CONT  TestSeasonStatsBudgetTruncatesRankedMatchesInsteadOfRefusingTheWrite
2026-10-07T13:08:56.3965441Z     season_stats_budget_test.go:80: P1 fixture: raw = 4690705 bytes (4.47 MiB), budget = 4194304 bytes
2026-10-07T13:08:56.4316723Z     season_stats_budget_test.go:567: GE2b 窗口：gameIDs=283754 raw=4252136 一半样本=4136636 预算=4194304（校正 0 次，perSample=115.5B perGameID=14.00B）
2026-10-07T13:08:56.5724301Z --- PASS: TestSeasonStatsBudgetTruncatesRankedMatchesInsteadOfRefusingTheWrite (0.25s)
2026-10-07T13:08:56.5725271Z === CONT  TestSeasonStatsBudgetThirdStageOnlyDropsAugmentSamples
2026-10-07T13:08:56.7378602Z     season_stats_budget_test.go:633: GE2b 刚好合规：raw=4252136 written=4125236 gameIDs=283754 perSample=115.5B 样本 2000->1000（上一档 2000 条超限）steps=[ranked_matches_capped augment_samples_trimmed]
2026-10-07T13:08:56.7381398Z --- PASS: TestSeasonStatsBudgetKeepsAsManyAugmentSamplesAsFit (0.42s)
2026-10-07T13:08:56.7382757Z === CONT  TestSeasonStatsBudgetWritesAndReportsWhenNothingCanBeTrimmed
2026-10-07T13:08:57.8490378Z     season_stats_budget_test.go:524: GE2 第三级：raw=5740980 written=5637161 steps=[ranked_matches_capped augment_samples_dropped written_over_budget] ranked 120->40 augments 800->0 stats 保持 173 条
2026-10-07T13:08:57.8492480Z --- PASS: TestSeasonStatsBudgetThirdStageOnlyDropsAugmentSamples (1.28s)
2026-10-07T13:08:57.8493446Z === CONT  TestSeasonStatsSaveAppliesTheBudgetEndToEnd
2026-10-07T13:08:58.1594414Z --- PASS: TestSeasonStatsSaveAppliesTheBudgetEndToEnd (0.31s)
2026-10-07T13:08:58.1595264Z === CONT  TestR203FiveGamesCacheCountsStabilize
2026-10-07T13:08:58.5815569Z     season_stats_budget_test.go:214: P1 untrimmable case: written = 16800188 bytes, over budget = true, steps = [augment_samples_dropped written_over_budget]
2026-10-07T13:08:58.5817268Z --- PASS: TestSeasonStatsBudgetWritesAndReportsWhenNothingCanBeTrimmed (1.84s)
2026-10-07T13:08:58.5818252Z === CONT  TestR54CollectionProbeRetriesUntilReady
2026-10-07T13:08:59.7811245Z --- PASS: TestR203FiveGamesCacheCountsStabilize (1.62s)
2026-10-07T13:08:59.7812084Z === CONT  TestR216OPGGChampionTableObservedPage
2026-10-07T13:09:00.5267507Z --- PASS: TestR216OPGGChampionTableObservedPage (0.75s)
2026-10-07T13:09:00.5268380Z === CONT  TestR206FullCollectionRefreshTranslationTimeoutUnderThreeSeconds
2026-10-07T13:09:00.6846293Z --- PASS: TestR54CollectionProbeRetriesUntilReady (2.10s)
2026-10-07T13:09:00.6847364Z === CONT  TestR113BroadcastEventStormIsBoundedAndRearmsNextSession
2026-10-07T13:09:01.1314635Z --- PASS: TestPruneStaleHexdataBuildsBoundsDiskAcrossPatchHistory (4.81s)
2026-10-07T13:09:01.1315318Z === CONT  TestR201ProbeWindowCancelsSlowRoutes
2026-10-07T13:09:01.4721027Z --- PASS: TestR64FacadeEventBurstIsThrottled (5.15s)
2026-10-07T13:09:01.4722623Z === CONT  TestR100AssetHasWholeHandlerDeadline
2026-10-07T13:09:03.3405097Z --- PASS: TestR206FullCollectionRefreshTranslationTimeoutUnderThreeSeconds (2.81s)
2026-10-07T13:09:03.3406096Z === CONT  TestR89DiskBudgetAfter2000Images
2026-10-07T13:09:03.6880808Z --- PASS: TestR113BroadcastEventStormIsBoundedAndRearmsNextSession (3.00s)
2026-10-07T13:09:03.6881851Z === CONT  TestR92RiotMatchConcreteDiskBudget
2026-10-07T13:09:03.8300869Z --- PASS: TestR201ProbeWindowCancelsSlowRoutes (2.70s)
2026-10-07T13:09:03.8301888Z === CONT  TestR86SGPThreeHundredPhysicalPagesStayWithinBudget
2026-10-07T13:09:04.4726001Z --- PASS: TestR100AssetHasWholeHandlerDeadline (3.00s)
2026-10-07T13:09:04.4726876Z === CONT  TestR86WebsocketDropKeepsLiveLCUConnection
2026-10-07T13:09:04.5504810Z === CONT  TestR206TranslationsTimeoutUsesPreviousCache
2026-10-07T13:09:04.5506231Z --- PASS: TestR86SGPThreeHundredPhysicalPagesStayWithinBudget (0.72s)
2026-10-07T13:09:07.3504365Z --- PASS: TestR206TranslationsTimeoutUsesPreviousCache (2.80s)
2026-10-07T13:09:09.4830630Z --- PASS: TestR86WebsocketDropKeepsLiveLCUConnection (5.01s)
2026-10-07T13:09:15.2096145Z --- PASS: TestR92RiotMatchConcreteDiskBudget (11.52s)
2026-10-07T13:09:33.2792212Z --- PASS: TestR89DiskBudgetAfter2000Images (29.94s)
2026-10-07T13:09:33.2792875Z PASS
2026-10-07T13:09:33.2910110Z ok  	lol-loot-assistant/backend	172.242s
2026-10-07T13:09:33.6088393Z R225_GO_VERIFIED {"module":"backend","duration_ms":206267,"expected":1949,"passed":1923,"skipped":26,"required":82,"requiredPassed":["lol-loot-assistant/backend/TestAcceptFocusHistoryBoundedAndRedacted","lol-loot-assistant/backend/TestAcceptFocusCanceledJobHasTerminalRecord","lol-loot-assistant/backend/TestAcceptFocusRequestHasExactStatusAndSharedTrace","lol-loot-assistant/backend/TestAcceptFocusSamplerStopsOnCancellationAndSingleFlight","lol-loot-assistant/backend/TestAcceptFocusExportInspectionReadOnlyAndRedacted","lol-loot-assistant/backend/TestSplitRegistryPathSupportsNativeTencentKeys","lol-loot-assistant/backend/TestClientDiagnosticAcceptsMultipleEventWhitelists","lol-loot-assistant/backend/TestClientDiagnosticRejectsAndLogsUnknownEvent","lol-loot-assistant/backend/TestClientDiagnosticTruncatesKeyBeforeWriting","lol-loot-assistant/backend/TestClientDiagnosticWritesSanitizedEvent","lol-loot-assistant/backend/TestClientLaunchRejectsUnknownInstallation","lol-loot-assistant/backend/TestMergeClientLaunchCandidatePreservesOrderAndDeduplicates","lol-loot-assistant/backend/TestWindowsClientDetectionUsesOrderedProductionBuilder","lol-loot-assistant/backend/TestBuildDetectedClientInstallationsPutsShortcutsLast","lol-loot-assistant/backend/TestLaunchClientCandidatesFallsBackInOrderAndStopsOnSuccess","lol-loot-assistant/backend/TestLaunchClientCandidatesReturnsSanitizedFailures","lol-loot-assistant/backend/TestOfficialLoginLaunchUsesOnlyDetectedTCLSAndRecordsSafeDiagnostics","lol-loot-assistant/backend/TestOfficialLoginLaunchRejectsCredentialFieldsBeforeLaunching","lol-loot-assistant/backend/TestOfficialLoginLaunchRejectsTrailingJSONBeforeLaunching","lol-loot-assistant/backend/TestOfficialLoginLaunchRejectsOversizedBodyBeforeLaunching","lol-loot-assistant/backend/TestClientLaunchSerializesRequestsAndAppliesSuccessCooldown","lol-loot-assistant/backend/TestClientLaunchFailureReleasesServerLock","lol-loot-assistant/backend/TestOfficialLoginLaunchFailureDoesNotLogUnderlyingError","lol-loot-assistant/backend/TestClientInstallationsDoNotExposeExecutableField","lol-loot-assistant/backend/TestClientInstallationScanDiagnosticDoesNotExposePaths","lol-loot-assistant/backend/TestClassifyClientShortcut","lol-loot-assistant/backend/TestR198CameraSingleFieldPatchAndSave","lol-loot-assistant/backend/TestR198CameraAlreadyTargetDoesNotPatch","lol-loot-assistant/backend/TestR198CameraFileBytesPreserved","lol-loot-assistant/backend/TestR198MalformedJSONIsRejected","lol-loot-assistant/backend/TestR198ReadOnlyStillPatchesLCU","lol-loot-assistant/backend/TestR198NoWritesDuringGame","lol-loot-assistant/backend/TestR198NoneDoesNotReadOrWrite","lol-loot-assistant/backend/TestR198WASDNeverChanges","lol-loot-assistant/backend/TestR198UnsafeFilePathsRejected","lol-loot-assistant/backend/TestR198LobbyOnlyLCUAndPreferencesRetained","lol-loot-assistant/backend/TestR198GameStartRunningProcessSkipsFilesAndVerifyFailure","lol-loot-assistant/backend/TestR198JSONShapesAndAmbiguousFields","lol-loot-assistant/backend/TestR198InGameSnapshotReportsActualFiles","lol-loot-assistant/backend/TestR198FinalRecheckAfterStageProbe","lol-loot-assistant/backend/TestR201ReadOnlyCameraAndRelockRetry","lol-loot-assistant/backend/TestR201MissingLCUCameraIsNotPresent","lol-loot-assistant/backend/TestR201InGameAndNoneNeverUnlock","lol-loot-assistant/backend/TestR201TimingConsumedOnceAndInvalidDeleted","lol-loot-assistant/backend/TestR201ProbeWindowCancelsSlowRoutes","lol-loot-assistant/backend/TestR201BothUpdatePathsPassParent","lol-loot-assistant/backend/TestR204SubsetWithoutPoolChampionNeverSelects","lol-loot-assistant/backend/TestR201SubsetConfiguredStrategies","lol-loot-assistant/backend/TestR201CanceledProbeStillFallsBackAfterDownloadError","lol-loot-assistant/backend/TestR204NoPoolCardThenUserFirstCardAndBench","lol-loot-assistant/backend/TestR204KeyPriority","lol-loot-assistant/backend/TestR204KeySaveAndClear","lol-loot-assistant/backend/TestR204KeyMigration","lol-loot-assistant/backend/TestR204KeyRuntime401AndPrivacy","lol-loot-assistant/backend/TestR204CredentialChangeDetachesOldSpecialistFlight","lol-loot-assistant/backend/TestR204PartialInstallTiming","lol-loot-assistant/backend/TestR204ConfirmedPickThenHeroChangeNoFalseFailure","lol-loot-assistant/backend/TestR204CustomHistoryOnePage","lol-loot-assistant/backend/TestR204EnoughSGPSkipsLCUExceptSelf","lol-loot-assistant/backend/TestR204LiveProgressReplayAndCancellation","lol-loot-assistant/backend/TestClientMaintenanceUsesLeadingSlashAndRejectsUnknownAction","lol-loot-assistant/backend/TestR86EmptyProcessDiscoverySkipsDiskButErrorsRetainFallback","lol-loot-assistant/backend/TestRiotClientCommandLineUsesIndependentCredentials","lol-loot-assistant/backend/TestPowerShellProcessOutputParserRejectsCorruption","lol-loot-assistant/backend/TestUpdateVersions","lol-loot-assistant/backend/TestUpdateDevDisabled","lol-loot-assistant/backend/TestUpdateMirrorFallbackSingleFlightAndLastError","lol-loot-assistant/backend/TestUpdateCacheTTLAndNoDowngrade","lol-loot-assistant/backend/TestUpdateBusyOperationsRejectOverlappingWork","lol-loot-assistant/backend/TestUpdateManifestAndSettingsValidation","lol-loot-assistant/backend/TestUpdateVersionNamedAssetAndLegacyCompatibility","lol-loot-assistant/backend/TestUpdatePublicManifestCheckAvailableAndReady","lol-loot-assistant/backend/TestUpdateCheckFailureDiagnosticsPersistSafeStages","lol-loot-assistant/backend/TestUpdateDownloadHashRetryAndCleanup","lol-loot-assistant/backend/TestUpdateResumeReprobesEachMirrorAndHashesPrefix","lol-loot-assistant/backend/TestUpdateCancelAndSpaceMargin","lol-loot-assistant/backend/TestUpdateFiveSecondSpeedWindow","lol-loot-assistant/backend/TestUpdateApplyRehashPortableMinimumAndCommand","lol-loot-assistant/backend/TestUpdateProgressSSEAndCleanup","lol-loot-assistant/backend/TestUpdateAfterUpgradeCleanupAndMinimum","lol-loot-assistant/backend/TestUpdateProgressAndStalledSourceFallback","lol-loot-assistant/backend/TestUpdateHTTPStatusAuthAndInitialEventSnapshot"]}
2026-10-07T13:09:37.0912587Z ?   	deeplegends/installer/payload	[no test files]
2026-10-07T13:09:37.0914949Z ?   	deeplegends/installer/ui	[no test files]
2026-10-07T13:09:37.1236938Z === RUN   TestLaunchEnvironmentChild
2026-10-07T13:09:37.1239562Z --- PASS: TestLaunchEnvironmentChild (0.00s)
2026-10-07T13:09:37.1241152Z === RUN   TestExecuteWarmEnvironmentCannotLeakIntoRealApplication
2026-10-07T13:09:37.1266070Z === RUN   TestCOMSlotsMatchCompleteDependencyInterfaces
2026-10-07T13:09:37.1903419Z === RUN   TestCOMSlotsMatchCompleteDependencyInterfaces/QueryInterface
2026-10-07T13:09:37.1905064Z --- PASS: TestCOMSlotsMatchCompleteDependencyInterfaces/QueryInterface (0.00s)
2026-10-07T13:09:37.1913910Z === RUN   TestCOMSlotsMatchCompleteDependencyInterfaces/Release
2026-10-07T13:09:37.1920805Z --- PASS: TestCOMSlotsMatchCompleteDependencyInterfaces/Release (0.00s)
2026-10-07T13:09:37.1928807Z === RUN   TestCOMSlotsMatchCompleteDependencyInterfaces/GetIsVisible
2026-10-07T13:09:37.1931355Z --- PASS: TestCOMSlotsMatchCompleteDependencyInterfaces/GetIsVisible (0.00s)
2026-10-07T13:09:37.1933733Z === RUN   TestCOMSlotsMatchCompleteDependencyInterfaces/PutIsVisible
2026-10-07T13:09:37.1935414Z --- PASS: TestCOMSlotsMatchCompleteDependencyInterfaces/PutIsVisible (0.00s)
2026-10-07T13:09:37.1936609Z === RUN   TestCOMSlotsMatchCompleteDependencyInterfaces/PutBounds
2026-10-07T13:09:37.1940432Z --- PASS: TestCOMSlotsMatchCompleteDependencyInterfaces/PutBounds (0.00s)
2026-10-07T13:09:37.1942011Z === RUN   TestCOMSlotsMatchCompleteDependencyInterfaces/Close
2026-10-07T13:09:37.1943302Z --- PASS: TestCOMSlotsMatchCompleteDependencyInterfaces/Close (0.00s)
2026-10-07T13:09:37.1944606Z === RUN   TestCOMSlotsMatchCompleteDependencyInterfaces/GetCoreWebView2
2026-10-07T13:09:37.1946042Z --- PASS: TestCOMSlotsMatchCompleteDependencyInterfaces/GetCoreWebView2 (0.00s)
2026-10-07T13:09:37.1947716Z === RUN   TestCOMSlotsMatchCompleteDependencyInterfaces/PutDefaultBackgroundColor
2026-10-07T13:09:37.1949699Z --- PASS: TestCOMSlotsMatchCompleteDependencyInterfaces/PutDefaultBackgroundColor (0.00s)
2026-10-07T13:09:37.1951578Z === RUN   TestCOMSlotsMatchCompleteDependencyInterfaces/GetSettings
2026-10-07T13:09:37.1952961Z --- PASS: TestCOMSlotsMatchCompleteDependencyInterfaces/GetSettings (0.00s)
2026-10-07T13:09:37.1955674Z === RUN   TestCOMSlotsMatchCompleteDependencyInterfaces/NavigateToString
2026-10-07T13:09:37.1956988Z --- PASS: TestCOMSlotsMatchCompleteDependencyInterfaces/NavigateToString (0.00s)
2026-10-07T13:09:37.1958220Z === RUN   TestCOMSlotsMatchCompleteDependencyInterfaces/PutIsScriptEnabled
2026-10-07T13:09:37.1962810Z --- PASS: TestCOMSlotsMatchCompleteDependencyInterfaces/PutIsScriptEnabled (0.00s)
2026-10-07T13:09:37.1964907Z === RUN   TestCOMSlotsMatchCompleteDependencyInterfaces/PutIsWebMessageEnabled
2026-10-07T13:09:37.1966450Z --- PASS: TestCOMSlotsMatchCompleteDependencyInterfaces/PutIsWebMessageEnabled (0.00s)
2026-10-07T13:09:37.1968074Z === RUN   TestCOMSlotsMatchCompleteDependencyInterfaces/PutAreDefaultScriptDialogsEnabled
2026-10-07T13:09:37.1970400Z --- PASS: TestCOMSlotsMatchCompleteDependencyInterfaces/PutAreDefaultScriptDialogsEnabled (0.00s)
2026-10-07T13:09:37.1972482Z === RUN   TestCOMSlotsMatchCompleteDependencyInterfaces/PutIsStatusBarEnabled
2026-10-07T13:09:37.1973984Z --- PASS: TestCOMSlotsMatchCompleteDependencyInterfaces/PutIsStatusBarEnabled (0.00s)
2026-10-07T13:09:37.1975449Z === RUN   TestCOMSlotsMatchCompleteDependencyInterfaces/PutAreDevToolsEnabled
2026-10-07T13:09:37.1977447Z --- PASS: TestCOMSlotsMatchCompleteDependencyInterfaces/PutAreDevToolsEnabled (0.00s)
2026-10-07T13:09:37.1979470Z === RUN   TestCOMSlotsMatchCompleteDependencyInterfaces/PutAreDefaultContextMenusEnabled
2026-10-07T13:09:37.1981179Z --- PASS: TestCOMSlotsMatchCompleteDependencyInterfaces/PutAreDefaultContextMenusEnabled (0.00s)
2026-10-07T13:09:37.1982764Z === RUN   TestCOMSlotsMatchCompleteDependencyInterfaces/PutIsZoomControlEnabled
2026-10-07T13:09:37.1984959Z --- PASS: TestCOMSlotsMatchCompleteDependencyInterfaces/PutIsZoomControlEnabled (0.00s)
2026-10-07T13:09:37.1986962Z === RUN   TestCOMSlotsMatchCompleteDependencyInterfaces/PutIsBuiltInErrorPageEnabled
2026-10-07T13:09:37.1988559Z --- PASS: TestCOMSlotsMatchCompleteDependencyInterfaces/PutIsBuiltInErrorPageEnabled (0.00s)
2026-10-07T13:09:37.1989967Z === RUN   TestCOMSlotsMatchCompleteDependencyInterfaces/GetIsSuccess
2026-10-07T13:09:37.1991822Z --- PASS: TestCOMSlotsMatchCompleteDependencyInterfaces/GetIsSuccess (0.00s)
2026-10-07T13:09:37.1993642Z === RUN   TestCOMSlotsMatchCompleteDependencyInterfaces/GetWebErrorStatus
2026-10-07T13:09:37.1995062Z --- PASS: TestCOMSlotsMatchCompleteDependencyInterfaces/GetWebErrorStatus (0.00s)
2026-10-07T13:09:37.1996761Z --- PASS: TestCOMSlotsMatchCompleteDependencyInterfaces (0.06s)
2026-10-07T13:09:37.1998489Z === RUN   TestSettingsUseHRESULTAcrossEntireConfiguration
2026-10-07T13:09:37.2000117Z === RUN   TestSettingsUseHRESULTAcrossEntireConfiguration/failure=
2026-10-07T13:09:37.2001414Z --- PASS: TestSettingsUseHRESULTAcrossEntireConfiguration/failure= (0.00s)
2026-10-07T13:09:37.2002817Z === RUN   TestSettingsUseHRESULTAcrossEntireConfiguration/failure=get_CoreWebView2
2026-10-07T13:09:37.2005726Z --- PASS: TestSettingsUseHRESULTAcrossEntireConfiguration/failure=get_CoreWebView2 (0.00s)
2026-10-07T13:09:37.2007041Z === RUN   TestSettingsUseHRESULTAcrossEntireConfiguration/failure=get_Settings
2026-10-07T13:09:37.2008319Z --- PASS: TestSettingsUseHRESULTAcrossEntireConfiguration/failure=get_Settings (0.00s)
2026-10-07T13:09:37.2009651Z === RUN   TestSettingsUseHRESULTAcrossEntireConfiguration/failure=put_IsScriptEnabled
2026-10-07T13:09:37.2011646Z --- PASS: TestSettingsUseHRESULTAcrossEntireConfiguration/failure=put_IsScriptEnabled (0.00s)
2026-10-07T13:09:37.2013098Z === RUN   TestSettingsUseHRESULTAcrossEntireConfiguration/failure=put_IsWebMessageEnabled
2026-10-07T13:09:37.2014590Z --- PASS: TestSettingsUseHRESULTAcrossEntireConfiguration/failure=put_IsWebMessageEnabled (0.00s)
2026-10-07T13:09:37.2016152Z === RUN   TestSettingsUseHRESULTAcrossEntireConfiguration/failure=put_AreDefaultScriptDialogsEnabled
2026-10-07T13:09:37.2017825Z --- PASS: TestSettingsUseHRESULTAcrossEntireConfiguration/failure=put_AreDefaultScriptDialogsEnabled (0.00s)
2026-10-07T13:09:37.2019350Z === RUN   TestSettingsUseHRESULTAcrossEntireConfiguration/failure=put_IsStatusBarEnabled
2026-10-07T13:09:37.2020792Z --- PASS: TestSettingsUseHRESULTAcrossEntireConfiguration/failure=put_IsStatusBarEnabled (0.00s)
2026-10-07T13:09:37.2022236Z === RUN   TestSettingsUseHRESULTAcrossEntireConfiguration/failure=put_AreDevToolsEnabled
2026-10-07T13:09:37.2023724Z --- PASS: TestSettingsUseHRESULTAcrossEntireConfiguration/failure=put_AreDevToolsEnabled (0.00s)
2026-10-07T13:09:37.2025262Z === RUN   TestSettingsUseHRESULTAcrossEntireConfiguration/failure=put_AreDefaultContextMenusEnabled
2026-10-07T13:09:37.2026918Z --- PASS: TestSettingsUseHRESULTAcrossEntireConfiguration/failure=put_AreDefaultContextMenusEnabled (0.00s)
2026-10-07T13:09:37.2028400Z === RUN   TestSettingsUseHRESULTAcrossEntireConfiguration/failure=put_IsZoomControlEnabled
2026-10-07T13:09:37.2029885Z --- PASS: TestSettingsUseHRESULTAcrossEntireConfiguration/failure=put_IsZoomControlEnabled (0.00s)
2026-10-07T13:09:37.2031383Z === RUN   TestSettingsUseHRESULTAcrossEntireConfiguration/failure=put_IsBuiltInErrorPageEnabled
2026-10-07T13:09:37.2032936Z --- PASS: TestSettingsUseHRESULTAcrossEntireConfiguration/failure=put_IsBuiltInErrorPageEnabled (0.00s)
2026-10-07T13:09:37.2034266Z --- PASS: TestSettingsUseHRESULTAcrossEntireConfiguration (0.00s)
2026-10-07T13:09:37.2035843Z === RUN   TestStartupLogSurvivesMissingGUIConsoleAndRepeatedLaunch
2026-10-07T13:09:37.2037013Z --- PASS: TestExecuteWarmEnvironmentCannotLeakIntoRealApplication (0.07s)
2026-10-07T13:09:37.2038123Z === RUN   TestExecuteWarmCommandsUseOnlyImmediateExitEntrypoints
2026-10-07T13:09:37.2948203Z --- PASS: TestExecuteWarmCommandsUseOnlyImmediateExitEntrypoints (0.10s)
2026-10-07T13:09:37.2949329Z === RUN   TestExecuteWarmCommandCancellationReapsOnlyItsChild
2026-10-07T13:09:37.3003318Z --- PASS: TestExecuteWarmCommandCancellationReapsOnlyItsChild (0.01s)
2026-10-07T13:09:37.3009220Z === RUN   TestInstallationSuccessAlwaysRunsHandoffIncludingUpdate
2026-10-07T13:09:37.3011029Z === RUN   TestInstallationSuccessAlwaysRunsHandoffIncludingUpdate/update=false/visible=false
2026-10-07T13:09:37.3014281Z --- PASS: TestInstallationSuccessAlwaysRunsHandoffIncludingUpdate/update=false/visible=false (0.00s)
2026-10-07T13:09:37.3017794Z === RUN   TestInstallationSuccessAlwaysRunsHandoffIncludingUpdate/update=false/visible=true
2026-10-07T13:09:37.3021005Z --- PASS: TestInstallationSuccessAlwaysRunsHandoffIncludingUpdate/update=false/visible=true (0.00s)
2026-10-07T13:09:37.3026755Z === RUN   TestInstallationSuccessAlwaysRunsHandoffIncludingUpdate/update=true/visible=false
2026-10-07T13:09:37.3028641Z --- PASS: TestInstallationSuccessAlwaysRunsHandoffIncludingUpdate/update=true/visible=false (0.00s)
2026-10-07T13:09:37.3033850Z === RUN   TestInstallationSuccessAlwaysRunsHandoffIncludingUpdate/update=true/visible=true
2026-10-07T13:09:37.3044216Z --- PASS: TestInstallationSuccessAlwaysRunsHandoffIncludingUpdate/update=true/visible=true (0.00s)
2026-10-07T13:09:37.3046291Z --- PASS: TestInstallationSuccessAlwaysRunsHandoffIncludingUpdate (0.00s)
2026-10-07T13:09:37.3055839Z --- PASS: TestStartupLogSurvivesMissingGUIConsoleAndRepeatedLaunch (0.11s)
2026-10-07T13:09:37.3057411Z === RUN   TestWindowRequiresDocumentAndNavigation
2026-10-07T13:09:37.3058512Z 2026/10/07 13:09:37 WebView document navigation completed
2026-10-07T13:09:37.3060546Z === RUN   TestInstallationFailureNeverLaunchesApplication
2026-10-07T13:09:37.3062370Z --- PASS: TestInstallationFailureNeverLaunchesApplication (0.00s)
2026-10-07T13:09:37.3075595Z 2026/10/07 13:09:37 WebView document initialization confirmed
2026-10-07T13:09:37.3083713Z 2026/10/07 13:09:37 WebView document initialization confirmed
2026-10-07T13:09:37.3085036Z 2026/10/07 13:09:37 WebView document navigation completed
2026-10-07T13:09:37.3093238Z --- PASS: TestWindowRequiresDocumentAndNavigation (0.00s)
2026-10-07T13:09:37.3097282Z === RUN   TestStartupFailuresFallbackExactlyOnce
2026-10-07T13:09:37.3099620Z === RUN   TestInstallerExitChildProcess
2026-10-07T13:09:37.3121452Z === RUN   TestStartupFailuresFallbackExactlyOnce/prepare
2026-10-07T13:09:37.3124223Z --- PASS: TestStartupFailuresFallbackExactlyOnce/prepare (0.00s)
2026-10-07T13:09:37.3135452Z === RUN   TestStartupFailuresFallbackExactlyOnce/navigate
2026-10-07T13:09:37.3138909Z --- PASS: TestStartupFailuresFallbackExactlyOnce/navigate (0.00s)
2026-10-07T13:09:37.3144582Z === RUN   TestStartupFailuresFallbackExactlyOnce/navigation-event
2026-10-07T13:09:37.3164947Z --- PASS: TestStartupFailuresFallbackExactlyOnce/navigation-event (0.00s)
2026-10-07T13:09:37.3165949Z === RUN   TestStartupFailuresFallbackExactlyOnce/script
2026-10-07T13:09:37.3166819Z --- PASS: TestStartupFailuresFallbackExactlyOnce/script (0.00s)
2026-10-07T13:09:37.3167693Z === RUN   TestStartupFailuresFallbackExactlyOnce/no-navigation
2026-10-07T13:09:37.3168496Z 2026/10/07 13:09:37 WebView document initialization confirmed
2026-10-07T13:09:37.3169396Z --- PASS: TestStartupFailuresFallbackExactlyOnce/no-navigation (0.00s)
2026-10-07T13:09:37.3170300Z === RUN   TestStartupFailuresFallbackExactlyOnce/no-document
2026-10-07T13:09:37.3171051Z 2026/10/07 13:09:37 WebView document navigation completed
2026-10-07T13:09:37.3171888Z --- PASS: TestStartupFailuresFallbackExactlyOnce/no-document (0.00s)
2026-10-07T13:09:37.3172748Z === RUN   TestStartupFailuresFallbackExactlyOnce/no-events
2026-10-07T13:09:37.3173608Z --- PASS: TestStartupFailuresFallbackExactlyOnce/no-events (0.00s)
2026-10-07T13:09:37.3174430Z === RUN   TestStartupFailuresFallbackExactlyOnce/show
2026-10-07T13:09:37.3175150Z 2026/10/07 13:09:37 WebView document navigation completed
2026-10-07T13:09:37.3175914Z 2026/10/07 13:09:37 WebView document initialization confirmed
2026-10-07T13:09:37.3176713Z --- PASS: TestStartupFailuresFallbackExactlyOnce/show (0.00s)
2026-10-07T13:09:37.3177514Z --- PASS: TestStartupFailuresFallbackExactlyOnce (0.00s)
2026-10-07T13:09:37.3178406Z === RUN   TestClosingStartupDoesNotLaunchFallbackOrShowLateWindow
2026-10-07T13:09:37.3179210Z --- PASS: TestInstallerExitChildProcess (0.00s)
2026-10-07T13:09:37.3180006Z === RUN   TestInstallerExitOnlyClosesItsWindowAndKeepsChildAlive
2026-10-07T13:09:37.3181027Z --- PASS: TestClosingStartupDoesNotLaunchFallbackOrShowLateWindow (0.00s)
2026-10-07T13:09:37.3181939Z === RUN   TestDocumentInitialStateIsInlineAndBounded
2026-10-07T13:09:37.3203151Z --- PASS: TestDocumentInitialStateIsInlineAndBounded (0.01s)
2026-10-07T13:09:37.3207618Z === RUN   TestStartupFailureRetainsDiagnosticStage
2026-10-07T13:09:37.3223776Z 2026/10/07 13:09:37 WebView document navigation completed
2026-10-07T13:09:37.3244390Z --- PASS: TestStartupFailureRetainsDiagnosticStage (0.00s)
2026-10-07T13:09:37.3255626Z === RUN   TestCOMUsesHRESULTInsteadOfThreadLastError
2026-10-07T13:09:37.3273019Z --- PASS: TestCOMUsesHRESULTInsteadOfThreadLastError (0.00s)
2026-10-07T13:09:37.3304913Z === RUN   TestFailedNavigationEventIsNotReadiness
2026-10-07T13:09:37.3320718Z --- PASS: TestFailedNavigationEventIsNotReadiness (0.00s)
2026-10-07T13:09:37.3327051Z PASS
2026-10-07T13:09:37.3383347Z ok  	deeplegends/installer/internal/webviewhost	0.249s
2026-10-07T13:09:37.3435738Z --- PASS: TestInstallerExitOnlyClosesItsWindowAndKeepsChildAlive (0.04s)
2026-10-07T13:09:37.3439417Z === RUN   TestWindowsInstallCompletionCannotBypassPortableUpdateHandoff
2026-10-07T13:09:37.3465860Z --- PASS: TestWindowsInstallCompletionCannotBypassPortableUpdateHandoff (0.00s)
2026-10-07T13:09:37.3468458Z === RUN   TestWindowsHandoffExitAdapterCannotTerminateApplication
2026-10-07T13:09:37.3473004Z --- PASS: TestWindowsHandoffExitAdapterCannotTerminateApplication (0.00s)
2026-10-07T13:09:37.3474710Z === RUN   TestR248DefaultInstallerNoActivationText
2026-10-07T13:09:37.3486476Z --- PASS: TestR248DefaultInstallerNoActivationText (0.00s)
2026-10-07T13:09:37.3489020Z === RUN   TestExecuteWarmupStartsBothProcessesWhileFakeNSISStillRunning
2026-10-07T13:09:37.3555151Z --- PASS: TestExecuteWarmupStartsBothProcessesWhileFakeNSISStillRunning (0.01s)
2026-10-07T13:09:37.3557105Z === RUN   TestExecuteWarmupRequiresStableFinalFileAndVoidsRewrittenExecutable
2026-10-07T13:09:37.3640346Z --- PASS: TestExecuteWarmupRequiresStableFinalFileAndVoidsRewrittenExecutable (0.01s)
2026-10-07T13:09:37.3641723Z === RUN   TestExecuteWarmupRejectsUnchangedUpgradeFilesAndUnreadableFiles
2026-10-07T13:09:37.3664408Z --- PASS: TestExecuteWarmupRejectsUnchangedUpgradeFilesAndUnreadableFiles (0.00s)
2026-10-07T13:09:37.3665557Z === RUN   TestExecuteWarmupCannotBeginAfterNSISExit
2026-10-07T13:09:37.3692032Z --- PASS: TestExecuteWarmupCannotBeginAfterNSISExit (0.00s)
2026-10-07T13:09:37.3694692Z === RUN   TestExecuteWarmupFailuresAndBlockedProcessNeverHoldInstallationHandoff
2026-10-07T13:09:37.3701358Z === RUN   TestExecuteWarmupFailuresAndBlockedProcessNeverHoldInstallationHandoff/nonzero
2026-10-07T13:09:37.3787881Z --- PASS: TestExecuteWarmupFailuresAndBlockedProcessNeverHoldInstallationHandoff/nonzero (0.01s)
2026-10-07T13:09:37.3789797Z === RUN   TestExecuteWarmupFailuresAndBlockedProcessNeverHoldInstallationHandoff/blocked
2026-10-07T13:09:37.6208981Z === RUN   TestPrepareLaunchUsesResourcePayloadOnly
2026-10-07T13:09:37.6248692Z --- PASS: TestPrepareLaunchUsesResourcePayloadOnly (0.00s)
2026-10-07T13:09:37.6250082Z === RUN   TestPrepareLaunchRejectsMissingOrInvalidPayload
2026-10-07T13:09:37.6294138Z --- PASS: TestPrepareLaunchRejectsMissingOrInvalidPayload (0.00s)
2026-10-07T13:09:37.6295207Z === RUN   TestWindowsResourcesMatchManifestAndWindowIcon
2026-10-07T13:09:37.6300387Z --- PASS: TestWindowsResourcesMatchManifestAndWindowIcon (0.00s)
2026-10-07T13:09:37.6301440Z === RUN   TestUninstallProgressDeletionPrecedesProcessExit
2026-10-07T13:09:37.6303229Z --- PASS: TestUninstallProgressDeletionPrecedesProcessExit (0.00s)
2026-10-07T13:09:37.6304292Z === RUN   TestUninstallProgressEmptyFilesAndZeroBaseline
2026-10-07T13:09:37.6305295Z --- PASS: TestUninstallProgressEmptyFilesAndZeroBaseline (0.00s)
2026-10-07T13:09:37.6306642Z === RUN   TestSnapshotsMeasureActualRemovalAndSkipLinks
2026-10-07T13:09:37.6335896Z --- PASS: TestExecuteWarmupFailuresAndBlockedProcessNeverHoldInstallationHandoff/blocked (0.26s)
2026-10-07T13:09:37.6337556Z === RUN   TestExecuteWarmupFailuresAndBlockedProcessNeverHoldInstallationHandoff/missing
2026-10-07T13:09:37.6350106Z --- PASS: TestSnapshotsMeasureActualRemovalAndSkipLinks (0.00s)
2026-10-07T13:09:37.6352409Z === RUN   TestUninstallDataDeletionAndCompletion
2026-10-07T13:09:37.6354183Z === RUN   TestUninstallDataDeletionAndCompletion/retain
2026-10-07T13:09:37.6356699Z --- PASS: TestExecuteWarmupFailuresAndBlockedProcessNeverHoldInstallationHandoff/missing (0.00s)
2026-10-07T13:09:37.6357786Z --- PASS: TestExecuteWarmupFailuresAndBlockedProcessNeverHoldInstallationHandoff (0.27s)
2026-10-07T13:09:37.6358966Z === RUN   TestExecuteWarmupVoidsSameSizeMtimeChangeAndReplacedFile
2026-10-07T13:09:37.6360094Z === RUN   TestExecuteWarmupVoidsSameSizeMtimeChangeAndReplacedFile/mtime
2026-10-07T13:09:37.6384893Z --- PASS: TestUninstallDataDeletionAndCompletion/retain (0.00s)
2026-10-07T13:09:37.6385822Z === RUN   TestUninstallDataDeletionAndCompletion/delete
2026-10-07T13:09:37.6388086Z --- PASS: TestExecuteWarmupVoidsSameSizeMtimeChangeAndReplacedFile/mtime (0.00s)
2026-10-07T13:09:37.6390316Z === RUN   TestExecuteWarmupVoidsSameSizeMtimeChangeAndReplacedFile/replacement
2026-10-07T13:09:37.6415348Z --- PASS: TestUninstallDataDeletionAndCompletion/delete (0.00s)
2026-10-07T13:09:37.6416497Z === RUN   TestUninstallDataDeletionAndCompletion/cache_locked
2026-10-07T13:09:37.6436582Z --- PASS: TestExecuteWarmupVoidsSameSizeMtimeChangeAndReplacedFile/replacement (0.00s)
2026-10-07T13:09:37.6437875Z --- PASS: TestExecuteWarmupVoidsSameSizeMtimeChangeAndReplacedFile (0.01s)
2026-10-07T13:09:37.6438633Z === RUN   TestExecuteWarmupExplicitControlDoesNotInspectOrExecute
2026-10-07T13:09:37.6451001Z --- PASS: TestUninstallDataDeletionAndCompletion/cache_locked (0.00s)
2026-10-07T13:09:37.6452128Z === RUN   TestUninstallDataDeletionAndCompletion/core_failed_retain
2026-10-07T13:09:37.6477574Z --- PASS: TestUninstallDataDeletionAndCompletion/core_failed_retain (0.00s)
2026-10-07T13:09:37.6478719Z === RUN   TestUninstallDataDeletionAndCompletion/core_failed_delete
2026-10-07T13:09:37.6505556Z --- PASS: TestUninstallDataDeletionAndCompletion/core_failed_delete (0.00s)
2026-10-07T13:09:37.6507431Z --- PASS: TestUninstallDataDeletionAndCompletion (0.02s)
2026-10-07T13:09:37.6508208Z === RUN   TestSilentDispatchNeverCreatesWindow
2026-10-07T13:09:37.6510371Z --- PASS: TestSilentDispatchNeverCreatesWindow (0.00s)
2026-10-07T13:09:37.6511323Z === RUN   TestCoreCommandPreservesUpgradeFlagsAndNSISTail
2026-10-07T13:09:37.6512292Z --- PASS: TestCoreCommandPreservesUpgradeFlagsAndNSISTail (0.00s)
2026-10-07T13:09:37.6513119Z === RUN   TestUninstallDesignAndState
2026-10-07T13:09:37.6516320Z --- PASS: TestUninstallDesignAndState (0.00s)
2026-10-07T13:09:37.6517582Z PASS
2026-10-07T13:09:37.6543053Z ok  	deeplegends/installer/uninstall	0.057s
2026-10-07T13:09:37.6764396Z 2026/10/07 13:09:37 startup warm mode=execute enabled=false
2026-10-07T13:09:37.6771146Z --- PASS: TestExecuteWarmupExplicitControlDoesNotInspectOrExecute (0.03s)
2026-10-07T13:09:37.6773585Z === RUN   TestExecuteWarmConfigDefaultsOffAndReadsBothFiles
2026-10-07T13:09:37.6774296Z === RUN   TestExecuteWarmConfigDefaultsOffAndReadsBothFiles/value="unset"
2026-10-07T13:09:37.6820592Z --- PASS: TestExecuteWarmConfigDefaultsOffAndReadsBothFiles/value="unset" (0.00s)
2026-10-07T13:09:37.6821794Z === RUN   TestExecuteWarmConfigDefaultsOffAndReadsBothFiles/value=""
2026-10-07T13:09:37.6865694Z --- PASS: TestExecuteWarmConfigDefaultsOffAndReadsBothFiles/value="" (0.00s)
2026-10-07T13:09:37.6867215Z === RUN   TestExecuteWarmConfigDefaultsOffAndReadsBothFiles/value="0"
2026-10-07T13:09:37.6911364Z --- PASS: TestExecuteWarmConfigDefaultsOffAndReadsBothFiles/value="0" (0.00s)
2026-10-07T13:09:37.6912253Z === RUN   TestExecuteWarmConfigDefaultsOffAndReadsBothFiles/value="true"
2026-10-07T13:09:37.6961587Z --- PASS: TestExecuteWarmConfigDefaultsOffAndReadsBothFiles/value="true" (0.00s)
2026-10-07T13:09:37.6963046Z === RUN   TestExecuteWarmConfigDefaultsOffAndReadsBothFiles/value="yes"
2026-10-07T13:09:37.7008364Z --- PASS: TestExecuteWarmConfigDefaultsOffAndReadsBothFiles/value="yes" (0.00s)
2026-10-07T13:09:37.7010493Z === RUN   TestExecuteWarmConfigDefaultsOffAndReadsBothFiles/value="_1"
2026-10-07T13:09:37.7053608Z --- PASS: TestExecuteWarmConfigDefaultsOffAndReadsBothFiles/value="_1" (0.00s)
2026-10-07T13:09:37.7055377Z === RUN   TestExecuteWarmConfigDefaultsOffAndReadsBothFiles/value="1_"
2026-10-07T13:09:37.7100915Z --- PASS: TestExecuteWarmConfigDefaultsOffAndReadsBothFiles/value="1_" (0.00s)
2026-10-07T13:09:37.7102427Z === RUN   TestExecuteWarmConfigDefaultsOffAndReadsBothFiles/value="01"
2026-10-07T13:09:37.7147752Z --- PASS: TestExecuteWarmConfigDefaultsOffAndReadsBothFiles/value="01" (0.00s)
2026-10-07T13:09:37.7150354Z --- PASS: TestExecuteWarmConfigDefaultsOffAndReadsBothFiles (0.04s)
2026-10-07T13:09:37.7151489Z === RUN   TestExecuteWarmConfigExplicitOneRetainsExecutionAndBothReads
2026-10-07T13:09:37.7155832Z === RUN   TestExecuteWarmConfigExplicitOneRetainsExecutionAndBothReads/ok
2026-10-07T13:09:37.7212604Z --- PASS: TestExecuteWarmConfigExplicitOneRetainsExecutionAndBothReads/ok (0.01s)
2026-10-07T13:09:37.7213968Z === RUN   TestExecuteWarmConfigExplicitOneRetainsExecutionAndBothReads/failed
2026-10-07T13:09:37.7268200Z --- PASS: TestExecuteWarmConfigExplicitOneRetainsExecutionAndBothReads/failed (0.01s)
2026-10-07T13:09:37.7269644Z === RUN   TestExecuteWarmConfigExplicitOneRetainsExecutionAndBothReads/still_running
2026-10-07T13:09:37.7321632Z --- PASS: TestExecuteWarmConfigExplicitOneRetainsExecutionAndBothReads/still_running (0.01s)
2026-10-07T13:09:37.7323762Z --- PASS: TestExecuteWarmConfigExplicitOneRetainsExecutionAndBothReads (0.02s)
2026-10-07T13:09:37.7324467Z === RUN   TestExecuteWarmConfigMasterDisableOverridesOptIn
2026-10-07T13:09:37.7335089Z --- PASS: TestExecuteWarmConfigMasterDisableOverridesOptIn (0.00s)
2026-10-07T13:09:37.7336701Z === RUN   TestApplicationWindowRequiresPIDVisibilityAndUsefulSize
2026-10-07T13:09:37.7338319Z === RUN   TestApplicationWindowRequiresPIDVisibilityAndUsefulSize/splash
2026-10-07T13:09:37.7341515Z --- PASS: TestApplicationWindowRequiresPIDVisibilityAndUsefulSize/splash (0.00s)
2026-10-07T13:09:37.7345077Z === RUN   TestApplicationWindowRequiresPIDVisibilityAndUsefulSize/main
2026-10-07T13:09:37.7350803Z --- PASS: TestApplicationWindowRequiresPIDVisibilityAndUsefulSize/main (0.00s)
2026-10-07T13:09:37.7352966Z === RUN   TestApplicationWindowRequiresPIDVisibilityAndUsefulSize/other_process
2026-10-07T13:09:37.7355031Z --- PASS: TestApplicationWindowRequiresPIDVisibilityAndUsefulSize/other_process (0.00s)
2026-10-07T13:09:37.7357030Z === RUN   TestApplicationWindowRequiresPIDVisibilityAndUsefulSize/invisible
2026-10-07T13:09:37.7357846Z --- PASS: TestApplicationWindowRequiresPIDVisibilityAndUsefulSize/invisible (0.00s)
2026-10-07T13:09:37.7358556Z === RUN   TestApplicationWindowRequiresPIDVisibilityAndUsefulSize/small_helper
2026-10-07T13:09:37.7359255Z --- PASS: TestApplicationWindowRequiresPIDVisibilityAndUsefulSize/small_helper (0.00s)
2026-10-07T13:09:37.7359949Z === RUN   TestApplicationWindowRequiresPIDVisibilityAndUsefulSize/no_process
2026-10-07T13:09:37.7360640Z --- PASS: TestApplicationWindowRequiresPIDVisibilityAndUsefulSize/no_process (0.00s)
2026-10-07T13:09:37.7361297Z --- PASS: TestApplicationWindowRequiresPIDVisibilityAndUsefulSize (0.00s)
2026-10-07T13:09:37.7361876Z === RUN   TestApplicationHandoffKeepsInstallerUntilItsWindow
2026-10-07T13:09:37.7362425Z --- PASS: TestApplicationHandoffKeepsInstallerUntilItsWindow (0.00s)
2026-10-07T13:09:37.7363007Z === RUN   TestApplicationHandoffTimeoutAlsoBoundsBlockedOrFailedLaunch
2026-10-07T13:09:37.7363660Z === RUN   TestApplicationHandoffTimeoutAlsoBoundsBlockedOrFailedLaunch/failed_launch
2026-10-07T13:09:37.7364413Z --- PASS: TestApplicationHandoffTimeoutAlsoBoundsBlockedOrFailedLaunch/failed_launch (0.00s)
2026-10-07T13:09:37.7365193Z === RUN   TestApplicationHandoffTimeoutAlsoBoundsBlockedOrFailedLaunch/blocked_CreateProcess
2026-10-07T13:09:37.7366014Z --- PASS: TestApplicationHandoffTimeoutAlsoBoundsBlockedOrFailedLaunch/blocked_CreateProcess (0.00s)
2026-10-07T13:09:37.7367030Z --- PASS: TestApplicationHandoffTimeoutAlsoBoundsBlockedOrFailedLaunch (0.00s)
2026-10-07T13:09:37.7367578Z === RUN   TestWindowsApplicationWindowDetection
2026-10-07T13:09:37.7759712Z --- PASS: TestWindowsApplicationWindowDetection (0.04s)
2026-10-07T13:09:37.7760829Z === RUN   TestWindowsMissingApplicationDoesNotYieldAPID
2026-10-07T13:09:37.7814266Z --- PASS: TestWindowsMissingApplicationDoesNotYieldAPID (0.01s)
2026-10-07T13:09:37.7882590Z === RUN   TestWindowsInstallMessageCannotBypassCompletion
2026-10-07T13:09:37.7891404Z --- PASS: TestWindowsInstallMessageCannotBypassCompletion (0.01s)
2026-10-07T13:09:37.7903807Z === RUN   TestWindowsInstallMessageCallbackUsesSharedDispatcher
2026-10-07T13:09:37.7912930Z --- PASS: TestWindowsInstallMessageCallbackUsesSharedDispatcher (0.00s)
2026-10-07T13:09:37.7914636Z === RUN   TestWindowsInstallAutoUpdateUsesSharedDispatcher
2026-10-07T13:09:37.7925836Z --- PASS: TestWindowsInstallAutoUpdateUsesSharedDispatcher (0.00s)
2026-10-07T13:09:37.7933007Z === RUN   TestNormalizeInstallDir
2026-10-07T13:09:37.7933799Z === RUN   TestNormalizeInstallDir/__"d:/Games//./Deep_Legends/"__
2026-10-07T13:09:37.7939756Z --- PASS: TestNormalizeInstallDir/__"d:/Games//./Deep_Legends/"__ (0.00s)
2026-10-07T13:09:37.7941947Z === RUN   TestNormalizeInstallDir/c:\Games\old\..\Deep_Legends\\
2026-10-07T13:09:37.7942995Z --- PASS: TestNormalizeInstallDir/c:\Games\old\..\Deep_Legends\\ (0.00s)
2026-10-07T13:09:37.7944278Z === RUN   TestNormalizeInstallDir/e:\中文_文件夹\Deep_Legends
2026-10-07T13:09:37.7945965Z --- PASS: TestNormalizeInstallDir/e:\中文_文件夹\Deep_Legends (0.00s)
2026-10-07T13:09:37.7946986Z === RUN   TestNormalizeInstallDir/C:\COM10\NUL-safe
2026-10-07T13:09:37.7948983Z --- PASS: TestNormalizeInstallDir/C:\COM10\NUL-safe (0.00s)
2026-10-07T13:09:37.7953084Z === RUN   TestNormalizeInstallDir/C:\aaaaaaaaaaaaaaaaaaaaaaaaaaaaaaaaaaaaaaaaaaaaaaaaaaaaaaaaaaaaaaaaaaaaaaaaaaaaaaaaaaaaaaaaaaaaaaaaaaaaaaaaaaaaaaaaaaaaaaaaaaaaaaaaaaaaaaaaaaaaaaaaaaaaaaaaaaaaaaaaaaaaaaaaaaaaaaaaa
2026-10-07T13:09:37.7956880Z --- PASS: TestNormalizeInstallDir/C:\aaaaaaaaaaaaaaaaaaaaaaaaaaaaaaaaaaaaaaaaaaaaaaaaaaaaaaaaaaaaaaaaaaaaaaaaaaaaaaaaaaaaaaaaaaaaaaaaaaaaaaaaaaaaaaaaaaaaaaaaaaaaaaaaaaaaaaaaaaaaaaaaaaaaaaaaaaaaaaaaaaaaaaaaaaaaaaaaa (0.00s)
2026-10-07T13:09:37.7958284Z --- PASS: TestNormalizeInstallDir (0.00s)
2026-10-07T13:09:37.7958636Z === RUN   TestRejectInvalidInstallDirs
2026-10-07T13:09:37.7958976Z === RUN   TestRejectInvalidInstallDirs/#00
2026-10-07T13:09:37.7959713Z --- PASS: TestRejectInvalidInstallDirs/#00 (0.00s)
2026-10-07T13:09:37.7960281Z === RUN   TestRejectInvalidInstallDirs/D:\
2026-10-07T13:09:37.7960845Z --- PASS: TestRejectInvalidInstallDirs/D:\ (0.00s)
2026-10-07T13:09:37.7961234Z === RUN   TestRejectInvalidInstallDirs/D:\a\..
2026-10-07T13:09:37.7961702Z --- PASS: TestRejectInvalidInstallDirs/D:\a\.. (0.00s)
2026-10-07T13:09:37.7962236Z === RUN   TestRejectInvalidInstallDirs/C:\a\..\..\x
2026-10-07T13:09:37.7962823Z --- PASS: TestRejectInvalidInstallDirs/C:\a\..\..\x (0.00s)
2026-10-07T13:09:37.7963245Z === RUN   TestRejectInvalidInstallDirs/C:\..\x
2026-10-07T13:09:37.7963644Z --- PASS: TestRejectInvalidInstallDirs/C:\..\x (0.00s)
2026-10-07T13:09:37.7964066Z === RUN   TestRejectInvalidInstallDirs/C:relative
2026-10-07T13:09:37.7964657Z --- PASS: TestRejectInvalidInstallDirs/C:relative (0.00s)
2026-10-07T13:09:37.7965459Z === RUN   TestRejectInvalidInstallDirs/\\server\share\app
2026-10-07T13:09:37.7966043Z --- PASS: TestRejectInvalidInstallDirs/\\server\share\app (0.00s)
2026-10-07T13:09:37.7966484Z === RUN   TestRejectInvalidInstallDirs//tmp/app
2026-10-07T13:09:37.7966886Z --- PASS: TestRejectInvalidInstallDirs//tmp/app (0.00s)
2026-10-07T13:09:37.7967442Z === RUN   TestRejectInvalidInstallDirs/1:\app
2026-10-07T13:09:37.7967903Z --- PASS: TestRejectInvalidInstallDirs/1:\app (0.00s)
2026-10-07T13:09:37.7968414Z === RUN   TestRejectInvalidInstallDirs/C:\bad.
2026-10-07T13:09:37.7968955Z --- PASS: TestRejectInvalidInstallDirs/C:\bad. (0.00s)
2026-10-07T13:09:37.7969609Z === RUN   TestRejectInvalidInstallDirs/C:\bad_\app
2026-10-07T13:09:37.7970054Z --- PASS: TestRejectInvalidInstallDirs/C:\bad_\app (0.00s)
2026-10-07T13:09:37.7970873Z === RUN   TestRejectInvalidInstallDirs/C:\a:b
2026-10-07T13:09:37.7971360Z --- PASS: TestRejectInvalidInstallDirs/C:\a:b (0.00s)
2026-10-07T13:09:37.7971764Z === RUN   TestRejectInvalidInstallDirs/C:\<app>
2026-10-07T13:09:37.7972181Z --- PASS: TestRejectInvalidInstallDirs/C:\<app> (0.00s)
2026-10-07T13:09:37.7972566Z === RUN   TestRejectInvalidInstallDirs/C:\a|b
2026-10-07T13:09:37.7973220Z --- PASS: TestRejectInvalidInstallDirs/C:\a|b (0.00s)
2026-10-07T13:09:37.7973628Z === RUN   TestRejectInvalidInstallDirs/C:\a?b
2026-10-07T13:09:37.7974007Z --- PASS: TestRejectInvalidInstallDirs/C:\a?b (0.00s)
2026-10-07T13:09:37.7974558Z === RUN   TestRejectInvalidInstallDirs/C:\a*b
2026-10-07T13:09:37.7975099Z --- PASS: TestRejectInvalidInstallDirs/C:\a*b (0.00s)
2026-10-07T13:09:37.7975473Z === RUN   TestRejectInvalidInstallDirs/C:\a"b
2026-10-07T13:09:37.7975980Z --- PASS: TestRejectInvalidInstallDirs/C:\a"b (0.00s)
2026-10-07T13:09:37.7976639Z === RUN   TestRejectInvalidInstallDirs/C:\a\x00b
2026-10-07T13:09:37.7977068Z --- PASS: TestRejectInvalidInstallDirs/C:\a\x00b (0.00s)
2026-10-07T13:09:37.7977504Z === RUN   TestRejectInvalidInstallDirs/C:\a_b
2026-10-07T13:09:37.7978022Z --- PASS: TestRejectInvalidInstallDirs/C:\a_b (0.00s)
2026-10-07T13:09:37.7978406Z === RUN   TestRejectInvalidInstallDirs/C:\a_b#01
2026-10-07T13:09:37.7979011Z --- PASS: TestRejectInvalidInstallDirs/C:\a_b#01 (0.00s)
2026-10-07T13:09:37.7981033Z === RUN   TestRejectInvalidInstallDirs/C:\aaaaaaaaaaaaaaaaaaaaaaaaaaaaaaaaaaaaaaaaaaaaaaaaaaaaaaaaaaaaaaaaaaaaaaaaaaaaaaaaaaaaaaaaaaaaaaaaaaaaaaaaaaaaaaaaaaaaaaaaaaaaaaaaaaaaaaaaaaaaaaaaaaaaaaaaaaaaaaaaaaaaaaaaaaaaaaaaaa
2026-10-07T13:09:37.7983986Z --- PASS: TestRejectInvalidInstallDirs/C:\aaaaaaaaaaaaaaaaaaaaaaaaaaaaaaaaaaaaaaaaaaaaaaaaaaaaaaaaaaaaaaaaaaaaaaaaaaaaaaaaaaaaaaaaaaaaaaaaaaaaaaaaaaaaaaaaaaaaaaaaaaaaaaaaaaaaaaaaaaaaaaaaaaaaaaaaaaaaaaaaaaaaaaaaaaaaaaaaaa (0.00s)
2026-10-07T13:09:37.7986551Z === RUN   TestRejectInvalidInstallDirs/C:\🦁🦁🦁🦁🦁🦁🦁🦁🦁🦁🦁🦁🦁🦁🦁🦁🦁🦁🦁🦁🦁🦁🦁🦁🦁🦁🦁🦁🦁🦁🦁🦁🦁🦁🦁🦁🦁🦁🦁🦁🦁🦁🦁🦁🦁🦁🦁🦁🦁🦁🦁🦁🦁🦁🦁🦁🦁🦁🦁🦁🦁🦁🦁🦁🦁🦁🦁🦁🦁🦁🦁🦁🦁🦁🦁🦁🦁🦁🦁🦁🦁🦁🦁🦁🦁🦁🦁🦁🦁
2026-10-07T13:09:37.7988382Z --- PASS: TestRejectInvalidInstallDirs/C:\🦁🦁🦁🦁🦁🦁🦁🦁🦁🦁🦁🦁🦁🦁🦁🦁🦁🦁🦁🦁🦁🦁🦁🦁🦁🦁🦁🦁🦁🦁🦁🦁🦁🦁🦁🦁🦁🦁🦁🦁🦁🦁🦁🦁🦁🦁🦁🦁🦁🦁🦁🦁🦁🦁🦁🦁🦁🦁🦁🦁🦁🦁🦁🦁🦁🦁🦁🦁🦁🦁🦁🦁🦁🦁🦁🦁🦁🦁🦁🦁🦁🦁🦁🦁🦁🦁🦁🦁🦁 (0.00s)
2026-10-07T13:09:37.7989159Z === RUN   TestRejectInvalidInstallDirs/C:\CON\app
2026-10-07T13:09:37.7989579Z --- PASS: TestRejectInvalidInstallDirs/C:\CON\app (0.00s)
2026-10-07T13:09:37.7989988Z === RUN   TestRejectInvalidInstallDirs/C:\prn\app
2026-10-07T13:09:37.7990402Z --- PASS: TestRejectInvalidInstallDirs/C:\prn\app (0.00s)
2026-10-07T13:09:37.7990979Z === RUN   TestRejectInvalidInstallDirs/C:\AUX\app
2026-10-07T13:09:37.7991580Z --- PASS: TestRejectInvalidInstallDirs/C:\AUX\app (0.00s)
2026-10-07T13:09:37.7992084Z === RUN   TestRejectInvalidInstallDirs/C:\nul\app
2026-10-07T13:09:37.7992773Z --- PASS: TestRejectInvalidInstallDirs/C:\nul\app (0.00s)
2026-10-07T13:09:37.7993326Z === RUN   TestRejectInvalidInstallDirs/C:\COM1\app
2026-10-07T13:09:37.7993737Z --- PASS: TestRejectInvalidInstallDirs/C:\COM1\app (0.00s)
2026-10-07T13:09:37.7994149Z === RUN   TestRejectInvalidInstallDirs/C:\COM9\app
2026-10-07T13:09:37.7994549Z --- PASS: TestRejectInvalidInstallDirs/C:\COM9\app (0.00s)
2026-10-07T13:09:37.7994999Z === RUN   TestRejectInvalidInstallDirs/C:\lpt1\app
2026-10-07T13:09:37.7995584Z --- PASS: TestRejectInvalidInstallDirs/C:\lpt1\app (0.00s)
2026-10-07T13:09:37.7995998Z === RUN   TestRejectInvalidInstallDirs/C:\LPT9\app
2026-10-07T13:09:37.7996404Z --- PASS: TestRejectInvalidInstallDirs/C:\LPT9\app (0.00s)
2026-10-07T13:09:37.7996814Z === RUN   TestRejectInvalidInstallDirs/C:\NUL.txt\app
2026-10-07T13:09:37.7997535Z --- PASS: TestRejectInvalidInstallDirs/C:\NUL.txt\app (0.00s)
2026-10-07T13:09:37.7998199Z === RUN   TestRejectInvalidInstallDirs/C:\con_.txt\app
2026-10-07T13:09:37.7998646Z --- PASS: TestRejectInvalidInstallDirs/C:\con_.txt\app (0.00s)
2026-10-07T13:09:37.7999253Z --- PASS: TestRejectInvalidInstallDirs (0.00s)
2026-10-07T13:09:37.7999599Z === RUN   TestProductAndDefaultFolders
2026-10-07T13:09:37.7999946Z --- PASS: TestProductAndDefaultFolders (0.00s)
2026-10-07T13:09:37.8000405Z === RUN   TestFinalDirectoryReadsBothFilesForEveryExecutionOutcome
2026-10-07T13:09:37.8001146Z === RUN   TestFinalDirectoryReadsBothFilesForEveryExecutionOutcome/ok
2026-10-07T13:09:37.8007366Z --- PASS: TestFinalDirectoryReadsBothFilesForEveryExecutionOutcome/ok (0.01s)
2026-10-07T13:09:37.8009304Z === RUN   TestFinalDirectoryReadsBothFilesForEveryExecutionOutcome/mixed
2026-10-07T13:09:37.8067599Z --- PASS: TestFinalDirectoryReadsBothFilesForEveryExecutionOutcome/mixed (0.01s)
2026-10-07T13:09:37.8068857Z === RUN   TestFinalDirectoryReadsBothFilesForEveryExecutionOutcome/failed
2026-10-07T13:09:37.8127952Z --- PASS: TestFinalDirectoryReadsBothFilesForEveryExecutionOutcome/failed (0.01s)
2026-10-07T13:09:37.8129307Z === RUN   TestFinalDirectoryReadsBothFilesForEveryExecutionOutcome/still_running
2026-10-07T13:09:37.8207903Z --- PASS: TestFinalDirectoryReadsBothFilesForEveryExecutionOutcome/still_running (0.01s)
2026-10-07T13:09:37.8208880Z === RUN   TestFinalDirectoryReadsBothFilesForEveryExecutionOutcome/timeout
2026-10-07T13:09:37.8480171Z --- PASS: TestFinalDirectoryReadsBothFilesForEveryExecutionOutcome/timeout (0.03s)
2026-10-07T13:09:37.8481703Z === RUN   TestFinalDirectoryReadsBothFilesForEveryExecutionOutcome/voided
2026-10-07T13:09:37.8542416Z --- PASS: TestFinalDirectoryReadsBothFilesForEveryExecutionOutcome/voided (0.01s)
2026-10-07T13:09:37.8543928Z === RUN   TestFinalDirectoryReadsBothFilesForEveryExecutionOutcome/missing
2026-10-07T13:09:37.8591357Z --- PASS: TestFinalDirectoryReadsBothFilesForEveryExecutionOutcome/missing (0.00s)
2026-10-07T13:09:37.8592703Z === RUN   TestFinalDirectoryReadsBothFilesForEveryExecutionOutcome/not_started
2026-10-07T13:09:37.8642106Z --- PASS: TestFinalDirectoryReadsBothFilesForEveryExecutionOutcome/not_started (0.01s)
2026-10-07T13:09:37.8643766Z === RUN   TestFinalDirectoryReadsBothFilesForEveryExecutionOutcome/no_manager
2026-10-07T13:09:37.8697366Z --- PASS: TestFinalDirectoryReadsBothFilesForEveryExecutionOutcome/no_manager (0.01s)
2026-10-07T13:09:37.8699248Z === RUN   TestFinalDirectoryReadsBothFilesForEveryExecutionOutcome/read_error
2026-10-07T13:09:37.8748938Z --- PASS: TestFinalDirectoryReadsBothFilesForEveryExecutionOutcome/read_error (0.01s)
2026-10-07T13:09:37.8750521Z --- PASS: TestFinalDirectoryReadsBothFilesForEveryExecutionOutcome (0.08s)
2026-10-07T13:09:37.8751678Z === RUN   TestFinalDirectoryExecutionPathsAreExactlyInstalledPaths
2026-10-07T13:09:37.8804676Z --- PASS: TestFinalDirectoryExecutionPathsAreExactlyInstalledPaths (0.01s)
2026-10-07T13:09:37.8805810Z === RUN   TestFinalDirectoryUpgradeExecutesOnlyChangedFiles
2026-10-07T13:09:37.8860198Z --- PASS: TestFinalDirectoryUpgradeExecutesOnlyChangedFiles (0.01s)
2026-10-07T13:09:37.8861178Z === RUN   TestFinalDirectoryExecutionBudgetStartsAtStableFile
2026-10-07T13:09:37.8907409Z --- PASS: TestFinalDirectoryExecutionBudgetStartsAtStableFile (0.00s)
2026-10-07T13:09:37.8909335Z === RUN   TestFinalDirectoryWindowsAdapterUsesFinalPathAndUnconditionalReads
2026-10-07T13:09:37.8921801Z --- PASS: TestFinalDirectoryWindowsAdapterUsesFinalPathAndUnconditionalReads (0.00s)
2026-10-07T13:09:37.8922638Z === RUN   TestFinalDirectoryHasNoStagingExecutionBranchOrLogFields
2026-10-07T13:09:37.8948188Z --- PASS: TestFinalDirectoryHasNoStagingExecutionBranchOrLogFields (0.00s)
2026-10-07T13:09:37.8949534Z === RUN   TestFinalDirectoryStillRunningOnlyRecordsStatus
2026-10-07T13:09:37.8954712Z --- PASS: TestFinalDirectoryStillRunningOnlyRecordsStatus (0.00s)
2026-10-07T13:09:37.8955908Z === RUN   TestPrewarmDefaultsOnWithExplicitControl
2026-10-07T13:09:37.8956669Z --- PASS: TestPrewarmDefaultsOnWithExplicitControl (0.00s)
2026-10-07T13:09:37.8957322Z === RUN   TestPrewarmSequentialAndFailureDoesNotStopNextFile
2026-10-07T13:09:37.8957894Z --- PASS: TestPrewarmSequentialAndFailureDoesNotStopNextFile (0.00s)
2026-10-07T13:09:37.8958791Z === RUN   TestPrewarmBudgetDoesNotWaitForABlockedFileRead
2026-10-07T13:09:37.9058942Z --- PASS: TestPrewarmBudgetDoesNotWaitForABlockedFileRead (0.01s)
2026-10-07T13:09:37.9061002Z === RUN   TestPrewarmReadsContentsWithoutChangingFiles
2026-10-07T13:09:37.9085815Z --- PASS: TestPrewarmReadsContentsWithoutChangingFiles (0.00s)
2026-10-07T13:09:37.9086584Z === RUN   TestSetupCommandLine
2026-10-07T13:09:37.9087144Z --- PASS: TestSetupCommandLine (0.00s)
2026-10-07T13:09:37.9087969Z === RUN   TestProgressMeasuresBothDiskPassesAndCapsBeforeExit
2026-10-07T13:09:37.9089968Z --- PASS: TestProgressMeasuresBothDiskPassesAndCapsBeforeExit (0.00s)
2026-10-07T13:09:37.9090764Z === RUN   TestStagesAndSpace
2026-10-07T13:09:37.9091324Z --- PASS: TestStagesAndSpace (0.00s)
2026-10-07T13:09:37.9092077Z === RUN   TestInstallStateRejectsDuplicateAttemptsAndClose
2026-10-07T13:09:37.9093484Z --- PASS: TestInstallStateRejectsDuplicateAttemptsAndClose (0.00s)
2026-10-07T13:09:37.9094878Z === RUN   TestR186PortableInstallerHandshakeAndCurrentUserCommand
2026-10-07T13:09:37.9095982Z --- PASS: TestR186PortableInstallerHandshakeAndCurrentUserCommand (0.00s)
2026-10-07T13:09:37.9096888Z === RUN   TestR201UpdateSkipsCRCManualKeepsCRC
2026-10-07T13:09:37.9097626Z --- PASS: TestR201UpdateSkipsCRCManualKeepsCRC (0.00s)
2026-10-07T13:09:37.9098357Z === RUN   TestR201NSISTimingRecordsRealStages
2026-10-07T13:09:37.9702460Z --- PASS: TestR201NSISTimingRecordsRealStages (0.06s)
2026-10-07T13:09:37.9703222Z === RUN   TestR201FailureReopensOriginalPortableOnlyAfterParentExit
2026-10-07T13:09:37.9720998Z --- PASS: TestR201FailureReopensOriginalPortableOnlyAfterParentExit (0.00s)
2026-10-07T13:09:37.9722595Z === RUN   TestR204UpgradeProgressStages
2026-10-07T13:09:37.9723244Z --- PASS: TestR204UpgradeProgressStages (0.00s)
2026-10-07T13:09:37.9723959Z === RUN   TestR204UninstallTwentySecondsSmooth
2026-10-07T13:09:37.9724675Z --- PASS: TestR204UninstallTwentySecondsSmooth (0.00s)
2026-10-07T13:09:37.9725235Z === RUN   TestR204TimingImportAndNull
2026-10-07T13:09:37.9955374Z --- PASS: TestR204TimingImportAndNull (0.02s)
2026-10-07T13:09:37.9956080Z === RUN   TestR205ManualInstallHasNoShortcutGuard
2026-10-07T13:09:37.9957219Z --- PASS: TestR205ManualInstallHasNoShortcutGuard (0.00s)
2026-10-07T13:09:37.9957935Z === RUN   TestR205ShortcutCreationChanged
2026-10-07T13:09:37.9958445Z --- PASS: TestR205ShortcutCreationChanged (0.00s)
2026-10-07T13:09:37.9958870Z === RUN   TestR205ShortcutRestoreCases
2026-10-07T13:09:37.9959510Z === RUN   TestR205ShortcutRestoreCases/deleted
2026-10-07T13:09:38.0233490Z --- PASS: TestR205ShortcutRestoreCases/deleted (0.03s)
2026-10-07T13:09:38.0234335Z === RUN   TestR205ShortcutRestoreCases/recreated
2026-10-07T13:09:38.0521406Z --- PASS: TestR205ShortcutRestoreCases/recreated (0.03s)
2026-10-07T13:09:38.0522141Z === RUN   TestR205ShortcutRestoreCases/unchanged
2026-10-07T13:09:38.0734655Z --- PASS: TestR205ShortcutRestoreCases/unchanged (0.02s)
2026-10-07T13:09:38.0735571Z === RUN   TestR205ShortcutRestoreCases/target_missing
2026-10-07T13:09:38.1006094Z --- PASS: TestR205ShortcutRestoreCases/target_missing (0.03s)
2026-10-07T13:09:38.1007265Z === RUN   TestR205ShortcutRestoreCases/backup_failed
2026-10-07T13:09:38.1207922Z --- PASS: TestR205ShortcutRestoreCases/backup_failed (0.02s)
2026-10-07T13:09:38.1208834Z === RUN   TestR205ShortcutRestoreCases/restore_failed
2026-10-07T13:09:38.1434558Z --- PASS: TestR205ShortcutRestoreCases/restore_failed (0.02s)
2026-10-07T13:09:38.1435581Z === RUN   TestR205ShortcutRestoreCases/state_unknown
2026-10-07T13:09:38.1668292Z --- PASS: TestR205ShortcutRestoreCases/state_unknown (0.02s)
2026-10-07T13:09:38.1669123Z --- PASS: TestR205ShortcutRestoreCases (0.17s)
2026-10-07T13:09:38.1669776Z === RUN   TestR205KeepShortcutsRepair
2026-10-07T13:09:38.1670446Z === RUN   TestR205KeepShortcutsRepair/missing_with_desktop
2026-10-07T13:09:38.1671313Z --- PASS: TestR205KeepShortcutsRepair/missing_with_desktop (0.00s)
2026-10-07T13:09:38.1676517Z === RUN   TestR205KeepShortcutsRepair/already_true
2026-10-07T13:09:38.1677330Z --- PASS: TestR205KeepShortcutsRepair/already_true (0.00s)
2026-10-07T13:09:38.1678512Z === RUN   TestR205KeepShortcutsRepair/no_desktop
2026-10-07T13:09:38.1679509Z --- PASS: TestR205KeepShortcutsRepair/no_desktop (0.00s)
2026-10-07T13:09:38.1680469Z === RUN   TestR205KeepShortcutsRepair/portable
2026-10-07T13:09:38.1681231Z --- PASS: TestR205KeepShortcutsRepair/portable (0.00s)
2026-10-07T13:09:38.1681973Z === RUN   TestR205KeepShortcutsRepair/unknown
2026-10-07T13:09:38.1682965Z --- PASS: TestR205KeepShortcutsRepair/unknown (0.00s)
2026-10-07T13:09:38.1683578Z === RUN   TestR205KeepShortcutsRepair/permission
2026-10-07T13:09:38.1684099Z --- PASS: TestR205KeepShortcutsRepair/permission (0.00s)
2026-10-07T13:09:38.1684522Z --- PASS: TestR205KeepShortcutsRepair (0.00s)
2026-10-07T13:09:38.1684899Z === RUN   TestR205MenuRecreationDiagnostic
2026-10-07T13:09:38.1685268Z --- PASS: TestR205MenuRecreationDiagnostic (0.00s)
2026-10-07T13:09:38.1685640Z === RUN   TestR205WindowsShortcutRoundTrip
2026-10-07T13:09:38.1686005Z === RUN   TestR205WindowsShortcutRoundTrip/same_target
2026-10-07T13:09:38.2345035Z --- PASS: TestR205WindowsShortcutRoundTrip/same_target (0.07s)
2026-10-07T13:09:38.2345786Z === RUN   TestR205WindowsShortcutRoundTrip/changed_target
2026-10-07T13:09:38.2657403Z --- PASS: TestR205WindowsShortcutRoundTrip/changed_target (0.03s)
2026-10-07T13:09:38.2658400Z --- PASS: TestR205WindowsShortcutRoundTrip (0.10s)
2026-10-07T13:09:38.2658988Z === RUN   TestR205WindowsShortcutTargetAlias
2026-10-07T13:09:38.2685794Z --- PASS: TestR205WindowsShortcutTargetAlias (0.00s)
2026-10-07T13:09:38.2686619Z === RUN   TestR205WindowsKeepShortcutsStringValue
2026-10-07T13:09:38.2690936Z --- PASS: TestR205WindowsKeepShortcutsStringValue (0.00s)
2026-10-07T13:09:38.2691787Z === RUN   TestR205WindowsCOMAlreadyInitialized
2026-10-07T13:09:38.2692820Z --- PASS: TestR205WindowsCOMAlreadyInitialized (0.00s)
2026-10-07T13:09:38.2695311Z === RUN   TestR206StableIconUnchangedDoesNotWrite
2026-10-07T13:09:38.2730488Z --- PASS: TestR206StableIconUnchangedDoesNotWrite (0.00s)
2026-10-07T13:09:38.2731379Z === RUN   TestR206IconOnlyChangesIconAndPreservesCreation
2026-10-07T13:09:38.3124832Z --- PASS: TestR206IconOnlyChangesIconAndPreservesCreation (0.04s)
2026-10-07T13:09:38.3125444Z === RUN   TestR212PayloadReleaseOverlapsTwoSecondParentWait
2026-10-07T13:09:40.3125772Z --- PASS: TestR212PayloadReleaseOverlapsTwoSecondParentWait (2.00s)
2026-10-07T13:09:40.3126905Z === RUN   TestR212PayloadFailureAndFailedWaitCleanup
2026-10-07T13:09:40.3150357Z --- PASS: TestR212PayloadFailureAndFailedWaitCleanup (0.00s)
2026-10-07T13:09:40.3151426Z === RUN   TestR212NSISDetailImportAndRetry
2026-10-07T13:09:40.3773850Z --- PASS: TestR212NSISDetailImportAndRetry (0.06s)
2026-10-07T13:09:40.3775832Z === RUN   TestR86WindowsDestinationPreflightSmoke
2026-10-07T13:09:40.3804853Z --- PASS: TestR86WindowsDestinationPreflightSmoke (0.00s)
2026-10-07T13:09:40.3805750Z === RUN   TestR86WindowsDialogDirectoryAndDiskHelpers
2026-10-07T13:09:40.3821187Z --- PASS: TestR86WindowsDialogDirectoryAndDiskHelpers (0.00s)
2026-10-07T13:09:40.3822115Z === RUN   TestWindowsResourcesMatchManifestAndWindowIcon
2026-10-07T13:09:40.3827532Z --- PASS: TestWindowsResourcesMatchManifestAndWindowIcon (0.00s)
2026-10-07T13:09:40.3828700Z === RUN   TestStartupLogAndRealCollectorStayCoupledForSuccessAndLaunchFailure
2026-10-07T13:09:40.4650607Z --- PASS: TestStartupLogAndRealCollectorStayCoupledForSuccessAndLaunchFailure (0.08s)
2026-10-07T13:09:40.4651942Z === RUN   TestWindowsRealLaunchMustUseSanitizedCommandAndTimedLogger
2026-10-07T13:09:40.4656111Z --- PASS: TestWindowsRealLaunchMustUseSanitizedCommandAndTimedLogger (0.00s)
2026-10-07T13:09:40.4657220Z === RUN   TestWindowsPollStartsExecutionBeforeCompletionWithoutChangingCompletionPolicy
2026-10-07T13:09:40.4666549Z --- PASS: TestWindowsPollStartsExecutionBeforeCompletionWithoutChangingCompletionPolicy (0.00s)
2026-10-07T13:09:40.4667462Z === RUN   TestRenderUIAndUnsafeOrMissingInputs
2026-10-07T13:09:40.4679467Z --- PASS: TestRenderUIAndUnsafeOrMissingInputs (0.00s)
2026-10-07T13:09:40.4680149Z === RUN   TestDocsAreTemplateSafe
2026-10-07T13:09:40.4683709Z --- PASS: TestDocsAreTemplateSafe (0.00s)
2026-10-07T13:09:40.4684828Z === RUN   TestUIBridgeContract
2026-10-07T13:09:40.4713015Z --- PASS: TestUIBridgeContract (0.00s)
2026-10-07T13:09:40.4713699Z === RUN   TestUpdateModeArgumentsPageAndCommand
2026-10-07T13:09:40.4728038Z --- PASS: TestUpdateModeArgumentsPageAndCommand (0.00s)
2026-10-07T13:09:40.4729530Z === RUN   TestUpdateCompletionWordingStaysCoupledToTemplate
2026-10-07T13:09:40.4747304Z --- PASS: TestUpdateCompletionWordingStaysCoupledToTemplate (0.00s)
2026-10-07T13:09:40.4748246Z === RUN   TestUpdateDestinationMustExistAndBeWritable
2026-10-07T13:09:40.4774739Z --- PASS: TestUpdateDestinationMustExistAndBeWritable (0.00s)
2026-10-07T13:09:40.4775363Z PASS
2026-10-07T13:09:40.4829228Z ok  	deeplegends/installer	3.395s
2026-10-07T13:09:40.5523017Z R225_GO_VERIFIED {"module":"installer","duration_ms":5995,"expected":100,"passed":100,"skipped":0,"required":100,"requiredPassed":["deeplegends/installer/TestLaunchEnvironmentChild","deeplegends/installer/TestExecuteWarmEnvironmentCannotLeakIntoRealApplication","deeplegends/installer/TestExecuteWarmCommandsUseOnlyImmediateExitEntrypoints","deeplegends/installer/TestExecuteWarmCommandCancellationReapsOnlyItsChild","deeplegends/installer/TestInstallationSuccessAlwaysRunsHandoffIncludingUpdate","deeplegends/installer/TestInstallationFailureNeverLaunchesApplication","deeplegends/installer/TestInstallerExitChildProcess","deeplegends/installer/TestInstallerExitOnlyClosesItsWindowAndKeepsChildAlive","deeplegends/installer/TestWindowsInstallCompletionCannotBypassPortableUpdateHandoff","deeplegends/installer/TestWindowsHandoffExitAdapterCannotTerminateApplication","deeplegends/installer/TestR248DefaultInstallerNoActivationText","deeplegends/installer/TestExecuteWarmupStartsBothProcessesWhileFakeNSISStillRunning","deeplegends/installer/TestExecuteWarmupRequiresStableFinalFileAndVoidsRewrittenExecutable","deeplegends/installer/TestExecuteWarmupRejectsUnchangedUpgradeFilesAndUnreadableFiles","deeplegends/installer/TestExecuteWarmupCannotBeginAfterNSISExit","deeplegends/installer/TestExecuteWarmupFailuresAndBlockedProcessNeverHoldInstallationHandoff","deeplegends/installer/TestExecuteWarmupVoidsSameSizeMtimeChangeAndReplacedFile","deeplegends/installer/TestExecuteWarmupExplicitControlDoesNotInspectOrExecute","deeplegends/installer/TestExecuteWarmConfigDefaultsOffAndReadsBothFiles","deeplegends/installer/TestExecuteWarmConfigExplicitOneRetainsExecutionAndBothReads","deeplegends/installer/TestExecuteWarmConfigMasterDisableOverridesOptIn","deeplegends/installer/TestApplicationWindowRequiresPIDVisibilityAndUsefulSize","deeplegends/installer/TestApplicationHandoffKeepsInstallerUntilItsWindow","deeplegends/installer/TestApplicationHandoffTimeoutAlsoBoundsBlockedOrFailedLaunch","deeplegends/installer/TestWindowsApplicationWindowDetection","deeplegends/installer/TestWindowsMissingApplicationDoesNotYieldAPID","deeplegends/installer/TestWindowsInstallMessageCannotBypassCompletion","deeplegends/installer/TestWindowsInstallMessageCallbackUsesSharedDispatcher","deeplegends/installer/TestWindowsInstallAutoUpdateUsesSharedDispatcher","deeplegends/installer/TestNormalizeInstallDir","deeplegends/installer/TestRejectInvalidInstallDirs","deeplegends/installer/TestProductAndDefaultFolders","deeplegends/installer/TestFinalDirectoryReadsBothFilesForEveryExecutionOutcome","deeplegends/installer/TestFinalDirectoryExecutionPathsAreExactlyInstalledPaths","deeplegends/installer/TestFinalDirectoryUpgradeExecutesOnlyChangedFiles","deeplegends/installer/TestFinalDirectoryExecutionBudgetStartsAtStableFile","deeplegends/installer/TestFinalDirectoryWindowsAdapterUsesFinalPathAndUnconditionalReads","deeplegends/installer/TestFinalDirectoryHasNoStagingExecutionBranchOrLogFields","deeplegends/installer/TestFinalDirectoryStillRunningOnlyRecordsStatus","deeplegends/installer/TestPrewarmDefaultsOnWithExplicitControl","deeplegends/installer/TestPrewarmSequentialAndFailureDoesNotStopNextFile","deeplegends/installer/TestPrewarmBudgetDoesNotWaitForABlockedFileRead","deeplegends/installer/TestPrewarmReadsContentsWithoutChangingFiles","deeplegends/installer/TestSetupCommandLine","deeplegends/installer/TestProgressMeasuresBothDiskPassesAndCapsBeforeExit","deeplegends/installer/TestStagesAndSpace","deeplegends/installer/TestInstallStateRejectsDuplicateAttemptsAndClose","deeplegends/installer/TestR186PortableInstallerHandshakeAndCurrentUserCommand","deeplegends/installer/TestR201UpdateSkipsCRCManualKeepsCRC","deeplegends/installer/TestR201NSISTimingRecordsRealStages","deeplegends/installer/TestR201FailureReopensOriginalPortableOnlyAfterParentExit","deeplegends/installer/TestR204UpgradeProgressStages","deeplegends/installer/TestR204UninstallTwentySecondsSmooth","deeplegends/installer/TestR204TimingImportAndNull","deeplegends/installer/TestR205ManualInstallHasNoShortcutGuard","deeplegends/installer/TestR205ShortcutCreationChanged","deeplegends/installer/TestR205ShortcutRestoreCases","deeplegends/installer/TestR205KeepShortcutsRepair","deeplegends/installer/TestR205MenuRecreationDiagnostic","deeplegends/installer/TestR205WindowsShortcutRoundTrip","deeplegends/installer/TestR205WindowsShortcutTargetAlias","deeplegends/installer/TestR205WindowsKeepShortcutsStringValue","deeplegends/installer/TestR205WindowsCOMAlreadyInitialized","deeplegends/installer/TestR206StableIconUnchangedDoesNotWrite","deeplegends/installer/TestR206IconOnlyChangesIconAndPreservesCreation","deeplegends/installer/TestR212PayloadReleaseOverlapsTwoSecondParentWait","deeplegends/installer/TestR212PayloadFailureAndFailedWaitCleanup","deeplegends/installer/TestR212NSISDetailImportAndRetry","deeplegends/installer/TestR86WindowsDestinationPreflightSmoke","deeplegends/installer/TestR86WindowsDialogDirectoryAndDiskHelpers","deeplegends/installer/TestWindowsResourcesMatchManifestAndWindowIcon","deeplegends/installer/TestStartupLogAndRealCollectorStayCoupledForSuccessAndLaunchFailure","deeplegends/installer/TestWindowsRealLaunchMustUseSanitizedCommandAndTimedLogger","deeplegends/installer/TestWindowsPollStartsExecutionBeforeCompletionWithoutChangingCompletionPolicy","deeplegends/installer/TestRenderUIAndUnsafeOrMissingInputs","deeplegends/installer/TestDocsAreTemplateSafe","deeplegends/installer/TestUIBridgeContract","deeplegends/installer/TestUpdateModeArgumentsPageAndCommand","deeplegends/installer/TestUpdateCompletionWordingStaysCoupledToTemplate","deeplegends/installer/TestUpdateDestinationMustExistAndBeWritable","deeplegends/installer/internal/webviewhost/TestCOMSlotsMatchCompleteDependencyInterfaces","deeplegends/installer/internal/webviewhost/TestSettingsUseHRESULTAcrossEntireConfiguration","deeplegends/installer/internal/webviewhost/TestStartupLogSurvivesMissingGUIConsoleAndRepeatedLaunch","deeplegends/installer/internal/webviewhost/TestWindowRequiresDocumentAndNavigation","deeplegends/installer/internal/webviewhost/TestStartupFailuresFallbackExactlyOnce","deeplegends/installer/internal/webviewhost/TestClosingStartupDoesNotLaunchFallbackOrShowLateWindow","deeplegends/installer/internal/webviewhost/TestDocumentInitialStateIsInlineAndBounded","deeplegends/installer/internal/webviewhost/TestStartupFailureRetainsDiagnosticStage","deeplegends/installer/internal/webviewhost/TestCOMUsesHRESULTInsteadOfThreadLastError","deeplegends/installer/internal/webviewhost/TestFailedNavigationEventIsNotReadiness","deeplegends/installer/uninstall/TestPrepareLaunchUsesResourcePayloadOnly","deeplegends/installer/uninstall/TestPrepareLaunchRejectsMissingOrInvalidPayload","deeplegends/installer/uninstall/TestWindowsResourcesMatchManifestAndWindowIcon","deeplegends/installer/uninstall/TestUninstallProgressDeletionPrecedesProcessExit","deeplegends/installer/uninstall/TestUninstallProgressEmptyFilesAndZeroBaseline","deeplegends/installer/uninstall/TestSnapshotsMeasureActualRemovalAndSkipLinks","deeplegends/installer/uninstall/TestUninstallDataDeletionAndCompletion","deeplegends/installer/uninstall/TestSilentDispatchNeverCreatesWindow","deeplegends/installer/uninstall/TestCoreCommandPreservesUpgradeFlagsAndNSISTail","deeplegends/installer/uninstall/TestUninstallDesignAndState"]}
2026-10-07T13:09:40.6695430Z ##[group]Run node scripts/run-ci-tests.cjs node --expected-tests=2 --test-name-pattern="R86 Windows release|R222 Windows" desktop/release-quality-gates.test.cjs
2026-10-07T13:09:40.6696720Z node scripts/run-ci-tests.cjs node --expected-tests=2 --test-name-pattern="R86 Windows release|R222 Windows" desktop/release-quality-gates.test.cjs
2026-10-07T13:09:40.6697486Z if ($LASTEXITCODE -ne 0) { throw "Windows release gates failed" }
2026-10-07T13:09:40.6698230Z node scripts/run-ci-tests.cjs node --expected-tests=1 --test-name-pattern="setup-only Windows CI skip" scripts/setup-only-build.test.cjs
2026-10-07T13:09:40.6698987Z if ($LASTEXITCODE -ne 0) { throw "Windows setup-only guards failed" }
2026-10-07T13:09:40.6699557Z node scripts/run-ci-tests.cjs node --expected-tests=2 scripts/r82-startup-ab-script.test.cjs
2026-10-07T13:09:40.6700119Z if ($LASTEXITCODE -ne 0) { throw "PowerShell script guards failed" }
2026-10-07T13:09:40.6775188Z shell: C:\Program Files\PowerShell\7\pwsh.EXE -command ". '{0}'"
2026-10-07T13:09:40.6775831Z env:
2026-10-07T13:09:40.6776291Z   R82_POWERSHELL: powershell.exe
2026-10-07T13:09:40.6776583Z ##[endgroup]
2026-10-07T13:09:41.0905332Z TAP version 13
2026-10-07T13:09:51.2217085Z # Subtest: R86 Windows release stops on a real failing Go test and rejects an independent early build
2026-10-07T13:09:51.2227809Z ok 1 - R86 Windows release stops on a real failing Go test and rejects an independent early build
2026-10-07T13:09:51.2231152Z   ---
2026-10-07T13:09:51.2232006Z   duration_ms: 7008.8536
2026-10-07T13:09:51.2232281Z   type: 'test'
2026-10-07T13:09:51.2232468Z   ...
2026-10-07T13:09:51.2240415Z # Subtest: R222 Windows release entry points reject CI skip locally before any side effect
2026-10-07T13:09:51.2243396Z ok 2 - R222 Windows release entry points reject CI skip locally before any side effect
2026-10-07T13:09:51.2244355Z   ---
2026-10-07T13:09:51.2245141Z   duration_ms: 3064.6805
2026-10-07T13:09:51.2245667Z   type: 'test'
2026-10-07T13:09:51.2245989Z   ...
2026-10-07T13:09:51.2344073Z 1..2
2026-10-07T13:09:51.2348854Z # tests 2
2026-10-07T13:09:51.2352208Z # suites 0
2026-10-07T13:09:51.2352420Z # pass 2
2026-10-07T13:09:51.2352603Z # fail 0
2026-10-07T13:09:51.2352784Z # cancelled 0
2026-10-07T13:09:51.2352980Z # skipped 0
2026-10-07T13:09:51.2353153Z # todo 0
2026-10-07T13:09:51.2353362Z # duration_ms 10164.5939
2026-10-07T13:09:51.2423650Z R225_NODE_VERIFIED {"tests":2,"pass":2,"fail":0,"cancelled":0,"skipped":0,"todo":0}
2026-10-07T13:09:51.3907050Z TAP version 13
2026-10-07T13:09:51.4480960Z # Subtest: setup-only Windows CI skip leaves NSIS, wrapper and receipt gates unconditional
2026-10-07T13:09:51.4491329Z ok 1 - setup-only Windows CI skip leaves NSIS, wrapper and receipt gates unconditional
2026-10-07T13:09:51.4495403Z   ---
2026-10-07T13:09:51.4495826Z   duration_ms: 1.6107
2026-10-07T13:09:51.4496156Z   type: 'test'
2026-10-07T13:09:51.4496381Z   ...
2026-10-07T13:09:51.4606710Z 1..1
2026-10-07T13:09:51.4608465Z # tests 1
2026-10-07T13:09:51.4609791Z # suites 0
2026-10-07T13:09:51.4613020Z # pass 1
2026-10-07T13:09:51.4617034Z # fail 0
2026-10-07T13:09:51.4620525Z # cancelled 0
2026-10-07T13:09:51.4620933Z # skipped 0
2026-10-07T13:09:51.4621233Z # todo 0
2026-10-07T13:09:51.4621562Z # duration_ms 90.4766
2026-10-07T13:09:51.4728424Z R225_NODE_VERIFIED {"tests":1,"pass":1,"fail":0,"cancelled":0,"skipped":0,"todo":0}
2026-10-07T13:09:51.6129366Z TAP version 13
2026-10-07T13:10:01.4622147Z # Subtest: R82 A/B receipt lookup and deduplication execute the real PowerShell script
2026-10-07T13:10:01.4638079Z ok 1 - R82 A/B receipt lookup and deduplication execute the real PowerShell script
2026-10-07T13:10:01.4639061Z   ---
2026-10-07T13:10:01.4639708Z   duration_ms: 1835.0855
2026-10-07T13:10:01.4640308Z   type: 'test'
2026-10-07T13:10:01.4640771Z   ...
2026-10-07T13:10:01.4663045Z # Subtest: R82 A/B filename, hash mismatch and duplicate mutations reach failing assertions
2026-10-07T13:10:01.4664445Z ok 2 - R82 A/B filename, hash mismatch and duplicate mutations reach failing assertions
2026-10-07T13:10:01.4665167Z   ---
2026-10-07T13:10:01.4665510Z   duration_ms: 7713.277
2026-10-07T13:10:01.4665828Z   type: 'test'
2026-10-07T13:10:01.4666014Z   ...
2026-10-07T13:10:01.4666349Z # KILLED lookup by filename: expected fixture assertion failed
2026-10-07T13:10:01.4666853Z # KILLED accept mismatched hash: expected fixture assertion failed
2026-10-07T13:10:01.4667396Z # KILLED disable duplicate preflight: expected fixture assertion failed
2026-10-07T13:10:01.4667922Z # KILLED count both groups: expected fixture assertion failed
2026-10-07T13:10:01.4668372Z # KILLED reject at two: expected fixture assertion failed
2026-10-07T13:10:01.4668805Z # KILLED wait until four: expected fixture assertion failed
2026-10-07T13:10:01.4669344Z # KILLED post-launch group check: installer mock was called before rejection
2026-10-07T13:10:01.4773179Z 1..2
2026-10-07T13:10:01.4774035Z # tests 2
2026-10-07T13:10:01.4774666Z # suites 0
2026-10-07T13:10:01.4775311Z # pass 2
2026-10-07T13:10:01.4775877Z # fail 0
2026-10-07T13:10:01.4776497Z # cancelled 0
2026-10-07T13:10:01.4777070Z # skipped 0
2026-10-07T13:10:01.4778604Z # todo 0
2026-10-07T13:10:01.4779068Z # duration_ms 9886.2228
2026-10-07T13:10:01.4864754Z R225_NODE_VERIFIED {"tests":2,"pass":2,"fail":0,"cancelled":0,"skipped":0,"todo":0}
2026-10-07T13:10:01.6093908Z ##[group]Run $version = node -p "require('./desktop/package.json').version"
2026-10-07T13:10:01.6094551Z $version = node -p "require('./desktop/package.json').version"
2026-10-07T13:10:01.6095052Z if ($LASTEXITCODE -ne 0) { throw "Unable to read desktop package version" }
2026-10-07T13:10:01.6095604Z ./build-desktop-windows.ps1 -Version $version -KeyMode public -SkipTestsInCI
2026-10-07T13:10:01.6096097Z if ($LASTEXITCODE -ne 0) { throw "Desktop build failed" }
2026-10-07T13:10:01.6168300Z shell: C:\Program Files\PowerShell\7\pwsh.EXE -command ". '{0}'"
2026-10-07T13:10:01.6168650Z ##[endgroup]
2026-10-07T13:10:02.2267130Z Source line endings: normalized 0 files to LF.
2026-10-07T13:10:02.2942705Z Public build: no embedded Riot API key; KR queries require RIOT_API_KEY at runtime.
2026-10-07T13:10:06.7870547Z npm warn deprecated rimraf@2.6.3: Rimraf versions prior to v4 are no longer supported
2026-10-07T13:10:07.5629593Z npm warn deprecated inflight@1.0.6: This module is not supported, and leaks memory. Do not use it. Check out lru-cache if you want a good and tested way to coalesce async requests by a key value, which is much more comprehensive and powerful.
2026-10-07T13:10:07.9817553Z npm warn deprecated glob@7.2.3: Glob versions prior to v9 are no longer supported
2026-10-07T13:10:09.7755312Z npm warn deprecated boolean@3.2.0: Package no longer supported. Contact Support at https://www.npmjs.com/support for more info.
2026-10-07T13:10:13.3936599Z 
2026-10-07T13:10:13.3937288Z added 323 packages, and audited 324 packages in 11s
2026-10-07T13:10:13.3937784Z 
2026-10-07T13:10:13.3937969Z 56 packages are looking for funding
2026-10-07T13:10:13.3938283Z   run `npm fund` for details
2026-10-07T13:10:13.4561861Z 
2026-10-07T13:10:13.4563140Z 16 vulnerabilities (8 moderate, 8 high)
2026-10-07T13:10:13.4563576Z 
2026-10-07T13:10:13.4564529Z To address issues that do not require attention, run:
2026-10-07T13:10:13.4565208Z   npm audit fix
2026-10-07T13:10:13.4565373Z 
2026-10-07T13:10:13.4565636Z To address all issues (including breaking changes), run:
2026-10-07T13:10:13.4566082Z   npm audit fix --force
2026-10-07T13:10:13.4566293Z 
2026-10-07T13:10:13.9118549Z ResourceUnavailable: D:\a\Deep-Legends\Deep-Legends\build-desktop-windows.ps1:99
2026-10-07T13:10:13.9119809Z Run `npm audit` for details.
2026-10-07T13:10:13.9120272Z Line |
2026-10-07T13:10:13.9120872Z   99 |      $unformatted = @(gofmt -l $goSources)
2026-10-07T13:10:13.9121602Z      |                       ~~~~~~~~~~~~~~~~~~~
2026-10-07T13:10:13.9122654Z      | Program 'gofmt.exe' failed to run: StandardOutputEncoding is only supported when standard output is
2026-10-07T13:10:13.9124084Z      | redirected.At D:\a\Deep-Legends\Deep-Legends\build-desktop-windows.ps1:99 char:22 +     $unformatted = @(gofmt
2026-10-07T13:10:13.9125284Z      | -l $goSources) +                      ~~~~~~~~~~~~~~~~~~~.
2026-10-07T13:10:13.9331728Z ##[error]Process completed with exit code 1.
2026-10-07T13:10:13.9534855Z ##[group]Run actions/upload-artifact@v4
2026-10-07T13:10:13.9535198Z with:
2026-10-07T13:10:13.9535405Z   name: r238-default-electron-windows
2026-10-07T13:10:13.9535731Z   path: D:\a\_temp/deep-legends-r238-default-electron/**
2026-10-07T13:10:13.9536054Z   if-no-files-found: warn
2026-10-07T13:10:13.9536277Z   compression-level: 6
2026-10-07T13:10:13.9536484Z   overwrite: false
2026-10-07T13:10:13.9536678Z   include-hidden-files: false
2026-10-07T13:10:13.9537050Z ##[endgroup]
2026-10-07T13:10:14.1760339Z (node:2168) [DEP0040] DeprecationWarning: The `punycode` module is deprecated. Please use a userland alternative instead.
2026-10-07T13:10:14.1761188Z (Use `node --trace-deprecation ...` to show where the warning was created)
2026-10-07T13:10:14.1810239Z ##[warning]No files were found with the provided path: D:\a\_temp/deep-legends-r238-default-electron/**. No artifacts will be uploaded.
2026-10-07T13:10:14.2089948Z ##[group]Run actions/upload-artifact@v4
2026-10-07T13:10:14.2090281Z with:
2026-10-07T13:10:14.2090480Z   name: r206-real-upgrade-evidence
2026-10-07T13:10:14.2090807Z   path: D:\a\_temp/deep-legends-r206-real-upgrade/evidence/*
2026-10-07T13:10:14.2091144Z   if-no-files-found: warn
2026-10-07T13:10:14.2091363Z   compression-level: 6
2026-10-07T13:10:14.2091562Z   overwrite: false
2026-10-07T13:10:14.2091755Z   include-hidden-files: false
2026-10-07T13:10:14.2091972Z ##[endgroup]
2026-10-07T13:10:14.4174170Z (node:7172) [DEP0040] DeprecationWarning: The `punycode` module is deprecated. Please use a userland alternative instead.
2026-10-07T13:10:14.4174955Z (Use `node --trace-deprecation ...` to show where the warning was created)
2026-10-07T13:10:14.4228580Z ##[warning]No files were found with the provided path: D:\a\_temp/deep-legends-r206-real-upgrade/evidence/*. No artifacts will be uploaded.
2026-10-07T13:10:14.4578238Z Post job cleanup.
2026-10-07T13:10:14.6557345Z [command]"C:\Program Files\Git\bin\git.exe" version
2026-10-07T13:10:14.6894612Z git version 2.55.0.windows.5
2026-10-07T13:10:14.6971926Z Temporarily overriding HOME='D:\a\_temp\0a69589a-5442-46ac-957e-5eb9d38c1f68' before making global git config changes
2026-10-07T13:10:14.6973358Z Adding repository directory to the temporary git global config as a safe directory
2026-10-07T13:10:14.6984554Z [command]"C:\Program Files\Git\bin\git.exe" config --global --add safe.directory D:\a\Deep-Legends\Deep-Legends
2026-10-07T13:10:14.7320581Z [command]"C:\Program Files\Git\bin\git.exe" config --local --name-only --get-regexp core\.sshCommand
2026-10-07T13:10:14.7667579Z [command]"C:\Program Files\Git\bin\git.exe" submodule foreach --recursive "sh -c \"git config --local --name-only --get-regexp 'core\.sshCommand' && git config --local --unset-all 'core.sshCommand' || :\""
2026-10-07T13:10:15.3474066Z [command]"C:\Program Files\Git\bin\git.exe" config --local --name-only --get-regexp http\.https\:\/\/github\.com\/\.extraheader
2026-10-07T13:10:15.3745578Z http.https://github.com/.extraheader
2026-10-07T13:10:15.3799401Z [command]"C:\Program Files\Git\bin\git.exe" config --local --unset-all http.https://github.com/.extraheader
2026-10-07T13:10:15.4183158Z [command]"C:\Program Files\Git\bin\git.exe" submodule foreach --recursive "sh -c \"git config --local --name-only --get-regexp 'http\.https\:\/\/github\.com\/\.extraheader' && git config --local --unset-all 'http.https://github.com/.extraheader' || :\""
2026-10-07T13:10:16.0182242Z [command]"C:\Program Files\Git\bin\git.exe" config --local --name-only --get-regexp ^includeIf\.gitdir:
2026-10-07T13:10:16.0541665Z [command]"C:\Program Files\Git\bin\git.exe" submodule foreach --recursive "git config --local --show-origin --name-only --get-regexp remote.origin.url"
2026-10-07T13:10:16.6034996Z Cleaning up orphan processes
2026-10-07T13:10:16.6218700Z ##[warning]Node.js 20 is deprecated. The following actions target Node.js 20 but are being forced to run on Node.js 24: actions/checkout@v4, actions/setup-go@v5, actions/setup-node@v4, actions/upload-artifact@v4. For more information see: https://github.blog/changelog/2025-09-19-deprecation-of-node-20-on-github-actions-runners/
