2026-10-08T04:17:33.6424830Z Current runner version: '2.337.0'
2026-10-08T04:17:33.6450267Z ##[group]Runner Image Provisioner
2026-10-08T04:17:33.6451124Z Hosted Compute Agent
2026-10-08T04:17:33.6451694Z Version: 20260901.588
2026-10-08T04:17:33.6452264Z Commit: f88ec8081b781fac6c440065ac7ff9e710ce3d0b
2026-10-08T04:17:33.6453458Z Build Date: 2026-09-01T19:56:44Z
2026-10-08T04:17:33.6454087Z Worker ID: {0eae3989-08db-4d0d-9920-55e5adb84089}
2026-10-08T04:17:33.6454751Z Azure Region: westus2
2026-10-08T04:17:33.6455349Z ##[endgroup]
2026-10-08T04:17:33.6456850Z ##[group]Operating System
2026-10-08T04:17:33.6457521Z Microsoft Windows Server 2025
2026-10-08T04:17:33.6458106Z 10.0.26100
2026-10-08T04:17:33.6458597Z Datacenter
2026-10-08T04:17:33.6459069Z ##[endgroup]
2026-10-08T04:17:33.6459574Z ##[group]Runner Image
2026-10-08T04:17:33.6460139Z Image: windows-2025-vs2026
2026-10-08T04:17:33.6460723Z Version: 20260925.250.1
2026-10-08T04:17:33.6462219Z Included Software: https://github.com/actions/runner-images/blob/win25-vs2026/20260925.250/images/windows/Windows2025-VS2026-Readme.md
2026-10-08T04:17:33.6463820Z Image Release: https://github.com/actions/runner-images/releases/tag/win25-vs2026%2F20260925.250
2026-10-08T04:17:33.6464766Z ##[endgroup]
2026-10-08T04:17:33.6465786Z ##[group]GITHUB_TOKEN Permissions
2026-10-08T04:17:33.6467842Z Contents: read
2026-10-08T04:17:33.6468426Z Metadata: read
2026-10-08T04:17:33.6468918Z ##[endgroup]
2026-10-08T04:17:33.6470979Z Secret source: Actions
2026-10-08T04:17:33.6471870Z Cache mode: write
2026-10-08T04:17:33.6472574Z Prepare workflow directory
2026-10-08T04:17:33.6820583Z Prepare all required actions
2026-10-08T04:17:33.6896229Z Getting action download info
2026-10-08T04:17:34.0325200Z Download action repository 'actions/checkout@v4' (SHA:11d5960a326750d5838078e36cf38b85af677262)
2026-10-08T04:17:34.1670735Z Download action repository 'actions/setup-go@v5' (SHA:40f1582b2485089dde7abd97c1529aa768e1baff)
2026-10-08T04:17:34.4993726Z Download action repository 'actions/setup-node@v4' (SHA:49933ea5288caeca8642d1e84afbd3f7d6820020)
2026-10-08T04:17:34.6799502Z Download action repository 'actions/upload-artifact@v4' (SHA:ea165f8d65b6e75b540449e92b4886f43607fa02)
2026-10-08T04:17:35.0853636Z Complete job name: windows-build
2026-10-08T04:17:35.3532582Z ##[group]Run actions/checkout@v4
2026-10-08T04:17:35.3534491Z with:
2026-10-08T04:17:35.3535509Z   repository: LLYY0418/Deep-Legends
2026-10-08T04:17:35.3545289Z   token: ***
2026-10-08T04:17:35.3546129Z   ssh-strict: true
2026-10-08T04:17:35.3546998Z   ssh-user: git
2026-10-08T04:17:35.3547868Z   persist-credentials: true
2026-10-08T04:17:35.3549239Z   clean: true
2026-10-08T04:17:35.3550124Z   sparse-checkout-cone-mode: true
2026-10-08T04:17:35.3551024Z   fetch-depth: 1
2026-10-08T04:17:35.3551763Z   fetch-tags: false
2026-10-08T04:17:35.3552519Z   show-progress: true
2026-10-08T04:17:35.3553269Z   lfs: false
2026-10-08T04:17:35.3553987Z   submodules: false
2026-10-08T04:17:35.3554825Z   set-safe-directory: true
2026-10-08T04:17:35.3555818Z   allow-unsafe-pr-checkout: false
2026-10-08T04:17:35.3556986Z ##[endgroup]
2026-10-08T04:17:35.5215956Z Syncing repository: LLYY0418/Deep-Legends
2026-10-08T04:17:35.5218502Z ##[group]Getting Git version info
2026-10-08T04:17:35.5219710Z Working directory is 'D:\a\Deep-Legends\Deep-Legends'
2026-10-08T04:17:35.6184885Z [command]"C:\Program Files\Git\bin\git.exe" version
2026-10-08T04:17:36.0150146Z git version 2.55.0.windows.5
2026-10-08T04:17:36.0200048Z ##[endgroup]
2026-10-08T04:17:36.0223074Z Temporarily overriding HOME='D:\a\_temp\cdbbe5f9-84d7-44cf-a64e-645d4a602797' before making global git config changes
2026-10-08T04:17:36.0226893Z Adding repository directory to the temporary git global config as a safe directory
2026-10-08T04:17:36.0234527Z [command]"C:\Program Files\Git\bin\git.exe" config --global --add safe.directory D:\a\Deep-Legends\Deep-Legends
2026-10-08T04:17:36.0953780Z Deleting the contents of 'D:\a\Deep-Legends\Deep-Legends'
2026-10-08T04:17:36.0960679Z ##[group]Initializing the repository
2026-10-08T04:17:36.0968490Z [command]"C:\Program Files\Git\bin\git.exe" init D:\a\Deep-Legends\Deep-Legends
2026-10-08T04:17:36.1886392Z Initialized empty Git repository in D:/a/Deep-Legends/Deep-Legends/.git/
2026-10-08T04:17:36.1929618Z [command]"C:\Program Files\Git\bin\git.exe" remote add origin https://github.com/LLYY0418/Deep-Legends
2026-10-08T04:17:36.2575346Z ##[endgroup]
2026-10-08T04:17:36.2577241Z ##[group]Disabling automatic garbage collection
2026-10-08T04:17:36.2589913Z [command]"C:\Program Files\Git\bin\git.exe" config --local gc.auto 0
2026-10-08T04:17:36.2910789Z ##[endgroup]
2026-10-08T04:17:36.2912942Z ##[group]Setting up auth
2026-10-08T04:17:36.2922962Z [command]"C:\Program Files\Git\bin\git.exe" config --local --name-only --get-regexp core\.sshCommand
2026-10-08T04:17:36.3217929Z [command]"C:\Program Files\Git\bin\git.exe" submodule foreach --recursive "sh -c \"git config --local --name-only --get-regexp 'core\.sshCommand' && git config --local --unset-all 'core.sshCommand' || :\""
2026-10-08T04:17:37.8323914Z [command]"C:\Program Files\Git\bin\git.exe" config --local --name-only --get-regexp http\.https\:\/\/github\.com\/\.extraheader
2026-10-08T04:17:37.8613790Z [command]"C:\Program Files\Git\bin\git.exe" submodule foreach --recursive "sh -c \"git config --local --name-only --get-regexp 'http\.https\:\/\/github\.com\/\.extraheader' && git config --local --unset-all 'http.https://github.com/.extraheader' || :\""
2026-10-08T04:17:38.3945528Z [command]"C:\Program Files\Git\bin\git.exe" config --local --name-only --get-regexp ^includeIf\.gitdir:
2026-10-08T04:17:38.4233952Z [command]"C:\Program Files\Git\bin\git.exe" submodule foreach --recursive "git config --local --show-origin --name-only --get-regexp remote.origin.url"
2026-10-08T04:17:38.9541134Z [command]"C:\Program Files\Git\bin\git.exe" config --local http.https://github.com/.extraheader "AUTHORIZATION: basic ***"
2026-10-08T04:17:38.9837938Z ##[endgroup]
2026-10-08T04:17:38.9838873Z ##[group]Fetching the repository
2026-10-08T04:17:38.9854356Z [command]"C:\Program Files\Git\bin\git.exe" -c protocol.version=2 fetch --no-tags --prune --no-recurse-submodules --depth=1 origin +4c48777a95426293f8e1146485bbfb7bb6d708f3:refs/remotes/origin/codex/post-0.12.77-fixes
2026-10-08T04:17:46.9543326Z From https://github.com/LLYY0418/Deep-Legends
2026-10-08T04:17:46.9546628Z  * [new ref]         4c48777a95426293f8e1146485bbfb7bb6d708f3 -> origin/codex/post-0.12.77-fixes
2026-10-08T04:17:46.9586943Z ##[endgroup]
2026-10-08T04:17:46.9587617Z ##[group]Determining the checkout info
2026-10-08T04:17:46.9591212Z ##[endgroup]
2026-10-08T04:17:46.9605426Z [command]"C:\Program Files\Git\bin\git.exe" sparse-checkout disable
2026-10-08T04:17:47.0048479Z [command]"C:\Program Files\Git\bin\git.exe" config --local --unset-all extensions.worktreeConfig
2026-10-08T04:17:47.0403157Z ##[group]Checking out the ref
2026-10-08T04:17:47.0413406Z [command]"C:\Program Files\Git\bin\git.exe" checkout --progress --force -B codex/post-0.12.77-fixes refs/remotes/origin/codex/post-0.12.77-fixes
2026-10-08T04:17:48.1683092Z Updating files:  40% (2069/5086)
2026-10-08T04:17:48.1890799Z Updating files:  41% (2086/5086)
2026-10-08T04:17:48.2025353Z Updating files:  42% (2137/5086)
2026-10-08T04:17:48.2335435Z Updating files:  43% (2187/5086)
2026-10-08T04:17:48.2800281Z Updating files:  44% (2238/5086)
2026-10-08T04:17:48.2994075Z Updating files:  45% (2289/5086)
2026-10-08T04:17:48.3127606Z Updating files:  46% (2340/5086)
2026-10-08T04:17:48.3268763Z Updating files:  47% (2391/5086)
2026-10-08T04:17:48.3545908Z Updating files:  48% (2442/5086)
2026-10-08T04:17:48.3779498Z Updating files:  49% (2493/5086)
2026-10-08T04:17:48.3989239Z Updating files:  50% (2543/5086)
2026-10-08T04:17:48.4388008Z Updating files:  51% (2594/5086)
2026-10-08T04:17:48.4802091Z Updating files:  52% (2645/5086)
2026-10-08T04:17:48.4943265Z Updating files:  53% (2696/5086)
2026-10-08T04:17:48.5288874Z Updating files:  54% (2747/5086)
2026-10-08T04:17:48.5467381Z Updating files:  55% (2798/5086)
2026-10-08T04:17:48.5868955Z Updating files:  56% (2849/5086)
2026-10-08T04:17:48.6187379Z Updating files:  57% (2900/5086)
2026-10-08T04:17:48.6557585Z Updating files:  58% (2950/5086)
2026-10-08T04:17:48.6738988Z Updating files:  59% (3001/5086)
2026-10-08T04:17:48.6942479Z Updating files:  60% (3052/5086)
2026-10-08T04:17:48.7133933Z Updating files:  61% (3103/5086)
2026-10-08T04:17:48.7355777Z Updating files:  62% (3154/5086)
2026-10-08T04:17:48.7539829Z Updating files:  63% (3205/5086)
2026-10-08T04:17:48.7650270Z Updating files:  64% (3256/5086)
2026-10-08T04:17:48.7769161Z Updating files:  65% (3306/5086)
2026-10-08T04:17:48.7940803Z Updating files:  66% (3357/5086)
2026-10-08T04:17:48.8122283Z Updating files:  67% (3408/5086)
2026-10-08T04:17:48.8251988Z Updating files:  68% (3459/5086)
2026-10-08T04:17:48.8388060Z Updating files:  69% (3510/5086)
2026-10-08T04:17:48.8547134Z Updating files:  70% (3561/5086)
2026-10-08T04:17:48.8707231Z Updating files:  71% (3612/5086)
2026-10-08T04:17:48.8857525Z Updating files:  72% (3662/5086)
2026-10-08T04:17:48.9022088Z Updating files:  73% (3713/5086)
2026-10-08T04:17:48.9160965Z Updating files:  74% (3764/5086)
2026-10-08T04:17:48.9331778Z Updating files:  75% (3815/5086)
2026-10-08T04:17:48.9474435Z Updating files:  76% (3866/5086)
2026-10-08T04:17:48.9610569Z Updating files:  77% (3917/5086)
2026-10-08T04:17:48.9812115Z Updating files:  78% (3968/5086)
2026-10-08T04:17:48.9969597Z Updating files:  79% (4018/5086)
2026-10-08T04:17:49.0168078Z Updating files:  80% (4069/5086)
2026-10-08T04:17:49.0320520Z Updating files:  81% (4120/5086)
2026-10-08T04:17:49.0674452Z Updating files:  82% (4171/5086)
2026-10-08T04:17:49.0795467Z Updating files:  83% (4222/5086)
2026-10-08T04:17:49.0878699Z Updating files:  84% (4273/5086)
2026-10-08T04:17:49.1005804Z Updating files:  84% (4293/5086)
2026-10-08T04:17:49.1363298Z Updating files:  85% (4324/5086)
2026-10-08T04:17:49.1919151Z Updating files:  86% (4374/5086)
2026-10-08T04:17:49.2325127Z Updating files:  87% (4425/5086)
2026-10-08T04:17:49.2546740Z Updating files:  88% (4476/5086)
2026-10-08T04:17:49.2665154Z Updating files:  89% (4527/5086)
2026-10-08T04:17:49.2859812Z Updating files:  90% (4578/5086)
2026-10-08T04:17:49.2989380Z Updating files:  91% (4629/5086)
2026-10-08T04:17:49.3132947Z Updating files:  92% (4680/5086)
2026-10-08T04:17:49.3287778Z Updating files:  93% (4730/5086)
2026-10-08T04:17:49.3441986Z Updating files:  94% (4781/5086)
2026-10-08T04:17:49.3562175Z Updating files:  95% (4832/5086)
2026-10-08T04:17:49.3700717Z Updating files:  96% (4883/5086)
2026-10-08T04:17:49.3825401Z Updating files:  97% (4934/5086)
2026-10-08T04:17:49.3952198Z Updating files:  98% (4985/5086)
2026-10-08T04:17:49.4083355Z Updating files:  99% (5036/5086)
2026-10-08T04:17:49.4084133Z Updating files: 100% (5086/5086)
2026-10-08T04:17:49.4084458Z Updating files: 100% (5086/5086), done.
2026-10-08T04:17:49.4276466Z Switched to a new branch 'codex/post-0.12.77-fixes'
2026-10-08T04:17:49.4347836Z branch 'codex/post-0.12.77-fixes' set up to track 'origin/codex/post-0.12.77-fixes'.
2026-10-08T04:17:49.4700809Z ##[endgroup]
2026-10-08T04:17:49.5341424Z [command]"C:\Program Files\Git\bin\git.exe" log -1 --format=%H
2026-10-08T04:17:49.5829156Z 4c48777a95426293f8e1146485bbfb7bb6d708f3
2026-10-08T04:17:49.6372208Z ##[group]Run actions/setup-go@v5
2026-10-08T04:17:49.6372521Z with:
2026-10-08T04:17:49.6372715Z   go-version-file: go.mod
2026-10-08T04:17:49.6372930Z   cache: true
2026-10-08T04:17:49.6373257Z   check-latest: false
2026-10-08T04:17:49.6376077Z   token: ***
2026-10-08T04:17:49.6376282Z ##[endgroup]
2026-10-08T04:17:49.8001886Z Setup go version spec 1.24
2026-10-08T04:17:49.8194520Z Found in cache @ C:\hostedtoolcache\windows\go\1.24.13\x64
2026-10-08T04:17:49.8197971Z (node:8804) [DEP0040] DeprecationWarning: The `punycode` module is deprecated. Please use a userland alternative instead.
2026-10-08T04:17:49.8199896Z (Use `node --trace-deprecation ...` to show where the warning was created)
2026-10-08T04:17:49.8205482Z Added go to the path
2026-10-08T04:17:49.8209728Z Successfully set up Go version 1.24
2026-10-08T04:17:51.2108871Z [command]C:\hostedtoolcache\windows\go\1.24.13\x64\bin\go.exe env GOCACHE
2026-10-08T04:17:51.2156736Z [command]C:\hostedtoolcache\windows\go\1.24.13\x64\bin\go.exe env GOMODCACHE
2026-10-08T04:17:51.2483464Z C:\Users\runneradmin\AppData\Local\go-build
2026-10-08T04:17:51.2522982Z C:\Users\runneradmin\go\pkg\mod
2026-10-08T04:17:51.6314546Z Cache hit for: setup-go-Windows-x64-go-1.24.13-a9fc12c66c581ebd975c04924614d911b843067079247990d4be659063ce44db
2026-10-08T04:17:51.6434277Z (node:8804) [DEP0169] DeprecationWarning: `url.parse()` behavior is not standardized and prone to errors that have security implications. Use the WHATWG URL API instead. CVEs are not issued for `url.parse()` vulnerabilities.
2026-10-08T04:17:52.9262131Z Received 16777216 of 183118592 (9.2%), 16.0 MBs/sec
2026-10-08T04:17:53.9277240Z Received 134217728 of 183118592 (73.3%), 63.9 MBs/sec
2026-10-08T04:17:54.2977062Z Received 183118592 of 183118592 (100.0%), 73.6 MBs/sec
2026-10-08T04:17:54.2980604Z Cache Size: ~175 MB (183118592 B)
2026-10-08T04:17:54.3101012Z [command]"C:\Program Files\Git\usr\bin\tar.exe" -xf D:/a/_temp/96ee6334-163d-478a-a0f5-c41626265904/cache.tzst -P -C D:/a/Deep-Legends/Deep-Legends --force-local --use-compress-program "zstd -d"
2026-10-08T04:18:05.6483588Z Cache restored successfully
2026-10-08T04:18:05.6581551Z Cache restored from key: setup-go-Windows-x64-go-1.24.13-a9fc12c66c581ebd975c04924614d911b843067079247990d4be659063ce44db
2026-10-08T04:18:05.6603154Z go version go1.24.13 windows/amd64
2026-10-08T04:18:05.6603378Z 
2026-10-08T04:18:05.6603673Z ##[group]go env
2026-10-08T04:18:06.0112311Z set AR=ar
2026-10-08T04:18:06.0112673Z set CC=gcc
2026-10-08T04:18:06.0113145Z set CGO_CFLAGS=-O2 -g
2026-10-08T04:18:06.0113545Z set CGO_CPPFLAGS=
2026-10-08T04:18:06.0113971Z set CGO_CXXFLAGS=-O2 -g
2026-10-08T04:18:06.0114332Z set CGO_ENABLED=1
2026-10-08T04:18:06.0114703Z set CGO_FFLAGS=-O2 -g
2026-10-08T04:18:06.0115034Z set CGO_LDFLAGS=-O2 -g
2026-10-08T04:18:06.0115348Z set CXX=g++
2026-10-08T04:18:06.0115617Z set GCCGO=gccgo
2026-10-08T04:18:06.0115914Z set GO111MODULE=
2026-10-08T04:18:06.0116214Z set GOAMD64=v1
2026-10-08T04:18:06.0116543Z set GOARCH=amd64
2026-10-08T04:18:06.0116876Z set GOAUTH=netrc
2026-10-08T04:18:06.0117197Z set GOBIN=
2026-10-08T04:18:06.0117643Z set GOCACHE=C:\Users\runneradmin\AppData\Local\go-build
2026-10-08T04:18:06.0118196Z set GOCACHEPROG=
2026-10-08T04:18:06.0118551Z set GODEBUG=
2026-10-08T04:18:06.0118986Z set GOENV=C:\Users\runneradmin\AppData\Roaming\go\env
2026-10-08T04:18:06.0119538Z set GOEXE=.exe
2026-10-08T04:18:06.0119860Z set GOEXPERIMENT=
2026-10-08T04:18:06.0120687Z set GOFIPS140=off
2026-10-08T04:18:06.0121003Z set GOFLAGS=
2026-10-08T04:18:06.0122302Z set GOGCCFLAGS=-m64 -mthreads -Wl,--no-gc-sections -fmessage-length=0 -ffile-prefix-map=C:\Users\RUNNER~1\AppData\Local\Temp\go-build2861959972=/tmp/go-build -gno-record-gcc-switches
2026-10-08T04:18:06.0123671Z set GOHOSTARCH=amd64
2026-10-08T04:18:06.0123888Z set GOHOSTOS=windows
2026-10-08T04:18:06.0124096Z set GOINSECURE=
2026-10-08T04:18:06.0124345Z set GOMOD=D:\a\Deep-Legends\Deep-Legends\go.mod
2026-10-08T04:18:06.0127036Z set GOMODCACHE=C:\Users\runneradmin\go\pkg\mod
2026-10-08T04:18:06.0127432Z set GONOPROXY=
2026-10-08T04:18:06.0127637Z set GONOSUMDB=
2026-10-08T04:18:06.0127832Z set GOOS=windows
2026-10-08T04:18:06.0128070Z set GOPATH=C:\Users\runneradmin\go
2026-10-08T04:18:06.0128773Z set GOPRIVATE=
2026-10-08T04:18:06.0129066Z set GOPROXY=https://proxy.golang.org,direct
2026-10-08T04:18:06.0129420Z set GOROOT=C:\hostedtoolcache\windows\go\1.24.13\x64
2026-10-08T04:18:06.0129730Z set GOSUMDB=sum.golang.org
2026-10-08T04:18:06.0129957Z set GOTELEMETRY=local
2026-10-08T04:18:06.0130277Z set GOTELEMETRYDIR=C:\Users\runneradmin\AppData\Roaming\go\telemetry
2026-10-08T04:18:06.0130862Z set GOTMPDIR=
2026-10-08T04:18:06.0131049Z set GOTOOLCHAIN=auto
2026-10-08T04:18:06.0131395Z set GOTOOLDIR=C:\hostedtoolcache\windows\go\1.24.13\x64\pkg\tool\windows_amd64
2026-10-08T04:18:06.0131764Z set GOVCS=
2026-10-08T04:18:06.0131951Z set GOVERSION=go1.24.13
2026-10-08T04:18:06.0132153Z set GOWORK=
2026-10-08T04:18:06.0132349Z set PKG_CONFIG=pkg-config
2026-10-08T04:18:06.0132501Z 
2026-10-08T04:18:06.0132838Z ##[endgroup]
2026-10-08T04:18:06.0527907Z ##[group]Run actions/setup-node@v4
2026-10-08T04:18:06.0528330Z with:
2026-10-08T04:18:06.0528679Z   node-version: 22
2026-10-08T04:18:06.0528891Z   cache: npm
2026-10-08T04:18:06.0529140Z   cache-dependency-path: desktop/package-lock.json
2026-10-08T04:18:06.0529543Z   always-auth: false
2026-10-08T04:18:06.0531719Z   check-latest: false
2026-10-08T04:18:06.0535989Z   token: ***
2026-10-08T04:18:06.0536845Z ##[endgroup]
2026-10-08T04:18:06.2323272Z Found in cache @ C:\hostedtoolcache\windows\node\22.23.3\x64
2026-10-08T04:18:06.2332247Z (node:8396) [DEP0040] DeprecationWarning: The `punycode` module is deprecated. Please use a userland alternative instead.
2026-10-08T04:18:06.2333300Z (Use `node --trace-deprecation ...` to show where the warning was created)
2026-10-08T04:18:06.2337862Z ##[group]Environment details
2026-10-08T04:18:11.0204589Z node: v22.23.3
2026-10-08T04:18:11.0204891Z npm: 10.9.9
2026-10-08T04:18:11.0205094Z yarn: 1.22.22
2026-10-08T04:18:11.0206472Z ##[endgroup]
2026-10-08T04:18:11.1089375Z [command]C:\Windows\system32\cmd.exe /D /S /C "C:\hostedtoolcache\windows\node\22.23.3\x64\npm.cmd config get cache"
2026-10-08T04:18:11.6528160Z C:\npm\cache
2026-10-08T04:18:12.0422866Z npm cache is not found
2026-10-08T04:18:12.0782577Z ##[group]Run node scripts/prepare-r238-update-fixture.cjs
2026-10-08T04:18:12.0783132Z [36;1mnode scripts/prepare-r238-update-fixture.cjs[0m
2026-10-08T04:18:12.1379222Z shell: C:\Program Files\PowerShell\7\pwsh.EXE -command ". '{0}'"
2026-10-08T04:18:12.1379712Z ##[endgroup]
2026-10-08T04:18:15.2442648Z {"version":"0.12.76","public":true,"size":111854592,"sha256":"01014312b60e591a05bfc87f86e098adf6c5fc5e59520db5aedac5b5dba02ff3","directory":"D:\\a\\Deep-Legends\\Deep-Legends\\docs\\history\\reports\\release-0.12.76\\anonymous-assets"}
2026-10-08T04:18:15.4051526Z ##[group]Run npm ci --prefix desktop
2026-10-08T04:18:15.4051924Z [36;1mnpm ci --prefix desktop[0m
2026-10-08T04:18:15.4130919Z shell: C:\Program Files\PowerShell\7\pwsh.EXE -command ". '{0}'"
2026-10-08T04:18:15.4131292Z ##[endgroup]
2026-10-08T04:18:20.5675449Z npm warn deprecated rimraf@2.6.3: Rimraf versions prior to v4 are no longer supported
2026-10-08T04:18:22.3956198Z npm warn deprecated inflight@1.0.6: This module is not supported, and leaks memory. Do not use it. Check out lru-cache if you want a good and tested way to coalesce async requests by a key value, which is much more comprehensive and powerful.
2026-10-08T04:18:22.5034686Z npm warn deprecated glob@7.2.3: Glob versions prior to v9 are no longer supported
2026-10-08T04:18:24.4510683Z npm warn deprecated boolean@3.2.0: Package no longer supported. Contact Support at https://www.npmjs.com/support for more info.
2026-10-08T04:18:27.4906944Z 
2026-10-08T04:18:27.4908325Z added 323 packages, and audited 324 packages in 11s
2026-10-08T04:18:27.4908817Z 
2026-10-08T04:18:27.4909116Z 56 packages are looking for funding
2026-10-08T04:18:27.4909653Z   run `npm fund` for details
2026-10-08T04:18:27.5512249Z 
2026-10-08T04:18:27.5513284Z 16 vulnerabilities (8 moderate, 8 high)
2026-10-08T04:18:27.5513743Z 
2026-10-08T04:18:27.5514226Z To address issues that do not require attention, run:
2026-10-08T04:18:27.5514923Z   npm audit fix
2026-10-08T04:18:27.5515172Z 
2026-10-08T04:18:27.5515611Z To address all issues (including breaking changes), run:
2026-10-08T04:18:27.5516325Z   npm audit fix --force
2026-10-08T04:18:27.5516605Z 
2026-10-08T04:18:27.5516861Z Run `npm audit` for details.
2026-10-08T04:18:28.9553650Z ##[group]Run node -e "require('./scripts/r248-electron.cjs').probe({phase:'after',state:'DISABLED',frontendAssetDirectory:'default',storedBounds:{x:40,y:40,width:1050,height:750,maximized:false}}).then(r=>console.log(JSON.stringify(r.shows))).catch(e=>{console.error(e);process.exitCode=1})"
2026-10-08T04:18:28.9555731Z [36;1mnode -e "require('./scripts/r248-electron.cjs').probe({phase:'after',state:'DISABLED',frontendAssetDirectory:'default',storedBounds:{x:40,y:40,width:1050,height:750,maximized:false}}).then(r=>console.log(JSON.stringify(r.shows))).catch(e=>{console.error(e);process.exitCode=1})"[0m
2026-10-08T04:18:28.9556929Z [36;1mif ($LASTEXITCODE -ne 0) { throw "Default first-frame audit failed" }[0m
2026-10-08T04:18:28.9632782Z shell: C:\Program Files\PowerShell\7\pwsh.EXE -command ". '{0}'"
2026-10-08T04:18:28.9633142Z env:
2026-10-08T04:18:28.9633433Z   R248_ELECTRON_OUTPUT: D:\a\_temp/deep-legends-r238-default-electron
2026-10-08T04:18:28.9633830Z ##[endgroup]
2026-10-08T04:18:29.4356760Z Downloading Electron binary...
2026-10-08T04:18:35.5424828Z [{"number":1,"bounds":{"x":40,"y":40,"width":1024,"height":720},"content":{"state":"disabled","overlayHidden":true,"frameHidden":false,"frameInert":true,"formVisible":false,"expiryVisible":false},"resizable":true,"maximizable":true,"opacity":1,"captureInvokedAtShow":true}]
2026-10-08T04:18:35.6862464Z ##[group]Run actions/upload-artifact@v4
2026-10-08T04:18:35.6862831Z with:
2026-10-08T04:18:35.6863056Z   name: r238-default-electron-windows
2026-10-08T04:18:35.6863399Z   path: D:\a\_temp/deep-legends-r238-default-electron/**
2026-10-08T04:18:35.6863728Z   if-no-files-found: warn
2026-10-08T04:18:35.6863953Z   compression-level: 6
2026-10-08T04:18:35.6864170Z   overwrite: false
2026-10-08T04:18:35.6864391Z   include-hidden-files: false
2026-10-08T04:18:35.6864624Z ##[endgroup]
2026-10-08T04:18:35.8880367Z (node:3288) [DEP0040] DeprecationWarning: The `punycode` module is deprecated. Please use a userland alternative instead.
2026-10-08T04:18:35.8881338Z (Use `node --trace-deprecation ...` to show where the warning was created)
2026-10-08T04:18:35.8975907Z With the provided path, there will be 5 files uploaded
2026-10-08T04:18:35.8984136Z Artifact name is valid!
2026-10-08T04:18:35.8984978Z Root directory input is valid!
2026-10-08T04:18:36.2773549Z Beginning upload of artifact content to blob storage
2026-10-08T04:18:36.3135192Z (node:3288) [DEP0169] DeprecationWarning: `url.parse()` behavior is not standardized and prone to errors that have security implications. Use the WHATWG URL API instead. CVEs are not issued for `url.parse()` vulnerabilities.
2026-10-08T04:18:36.8000723Z Uploaded bytes 104555
2026-10-08T04:18:36.8815048Z Finished uploading artifact content to blob storage!
2026-10-08T04:18:36.8816846Z SHA256 digest of uploaded artifact zip is 42ff3838faaa14e6dcf94c0bdbcd875f9dc2fb26ed06e87629dd340412f73a47
2026-10-08T04:18:36.8819702Z Finalizing artifact upload
2026-10-08T04:18:37.1503954Z Artifact r238-default-electron-windows.zip successfully finalized. Artifact ID 11527922945
2026-10-08T04:18:37.1506227Z Artifact r238-default-electron-windows has been successfully uploaded! Final size is 104555 bytes. Artifact ID is 11527922945
2026-10-08T04:18:37.1517014Z Artifact download URL: https://github.com/LLYY0418/Deep-Legends/actions/runs/37726779989/artifacts/11527922945
2026-10-08T04:18:37.1829177Z ##[group]Run node scripts/run-ci-tests.cjs go backend
2026-10-08T04:18:37.1829692Z [36;1mnode scripts/run-ci-tests.cjs go backend[0m
2026-10-08T04:18:37.1830192Z [36;1mif ($LASTEXITCODE -ne 0) { throw "Windows backend tests or pass inventory failed" }[0m
2026-10-08T04:18:37.1830689Z [36;1mnode scripts/run-ci-tests.cjs go installer[0m
2026-10-08T04:18:37.1831161Z [36;1mif ($LASTEXITCODE -ne 0) { throw "Windows installer tests or pass inventory failed" }[0m
2026-10-08T04:18:37.1904725Z shell: C:\Program Files\PowerShell\7\pwsh.EXE -command ". '{0}'"
2026-10-08T04:18:37.1905099Z ##[endgroup]
2026-10-08T04:19:19.5318176Z === RUN   TestAcceptFocusPreferencesNeverLogTokensOrStrings
2026-10-08T04:19:19.5324088Z --- PASS: TestAcceptFocusPreferencesNeverLogTokensOrStrings (0.00s)
2026-10-08T04:19:19.5325595Z === RUN   TestAcceptFocusHelpOnlyCandidateSymbols
2026-10-08T04:19:19.5326571Z --- PASS: TestAcceptFocusHelpOnlyCandidateSymbols (0.00s)
2026-10-08T04:19:19.5327549Z === RUN   TestAcceptFocusHistoryBoundedAndRedacted
2026-10-08T04:19:19.5423339Z --- PASS: TestAcceptFocusHistoryBoundedAndRedacted (0.01s)
2026-10-08T04:19:19.5426723Z === RUN   TestAcceptFocusExportRetainsRotationAndRejectsSymlink
2026-10-08T04:19:19.5481706Z --- PASS: TestAcceptFocusExportRetainsRotationAndRejectsSymlink (0.01s)
2026-10-08T04:19:19.5485644Z === RUN   TestAcceptFocusHelpContractHasOnlySafeMetadata
2026-10-08T04:19:19.5488220Z --- PASS: TestAcceptFocusHelpContractHasOnlySafeMetadata (0.00s)
2026-10-08T04:19:19.5489475Z === RUN   TestAcceptFocusCanceledJobHasTerminalRecord
2026-10-08T04:19:19.5493338Z --- PASS: TestAcceptFocusCanceledJobHasTerminalRecord (0.00s)
2026-10-08T04:19:19.5494384Z === RUN   TestAcceptFocusRequestHasExactStatusAndSharedTrace
2026-10-08T04:19:19.5517824Z --- PASS: TestAcceptFocusRequestHasExactStatusAndSharedTrace (0.00s)
2026-10-08T04:19:19.5519218Z === RUN   TestAcceptFocusSamplerStopsOnCancellationAndSingleFlight
2026-10-08T04:19:19.5544594Z --- PASS: TestAcceptFocusSamplerStopsOnCancellationAndSingleFlight (0.00s)
2026-10-08T04:19:19.5547728Z === RUN   TestAcceptFocusExportInspectionReadOnlyAndRedacted
2026-10-08T04:19:19.5700142Z --- PASS: TestAcceptFocusExportInspectionReadOnlyAndRedacted (0.02s)
2026-10-08T04:19:19.5701405Z === RUN   TestAramkitRatingSuccessUsesExactIdentityAndOmitsRoster
2026-10-08T04:19:19.5706457Z --- PASS: TestAramkitRatingSuccessUsesExactIdentityAndOmitsRoster (0.00s)
2026-10-08T04:19:19.5708129Z === RUN   TestAramkitRatingBodyCodeAndTransportFailuresDegrade
2026-10-08T04:19:19.5709311Z === RUN   TestAramkitRatingBodyCodeAndTransportFailuresDegrade/not_recorded
2026-10-08T04:19:19.5710932Z --- PASS: TestAramkitRatingBodyCodeAndTransportFailuresDegrade/not_recorded (0.00s)
2026-10-08T04:19:19.5712069Z === RUN   TestAramkitRatingBodyCodeAndTransportFailuresDegrade/nil_data
2026-10-08T04:19:19.5714010Z --- PASS: TestAramkitRatingBodyCodeAndTransportFailuresDegrade/nil_data (0.00s)
2026-10-08T04:19:19.5715347Z === RUN   TestAramkitRatingBodyCodeAndTransportFailuresDegrade/invalid_rating
2026-10-08T04:19:19.5716083Z --- PASS: TestAramkitRatingBodyCodeAndTransportFailuresDegrade/invalid_rating (0.00s)
2026-10-08T04:19:19.5716791Z === RUN   TestAramkitRatingBodyCodeAndTransportFailuresDegrade/upstream_status
2026-10-08T04:19:19.5717522Z --- PASS: TestAramkitRatingBodyCodeAndTransportFailuresDegrade/upstream_status (0.00s)
2026-10-08T04:19:19.5718228Z === RUN   TestAramkitRatingBodyCodeAndTransportFailuresDegrade/invalid_json
2026-10-08T04:19:19.5718907Z --- PASS: TestAramkitRatingBodyCodeAndTransportFailuresDegrade/invalid_json (0.00s)
2026-10-08T04:19:19.5719803Z --- PASS: TestAramkitRatingBodyCodeAndTransportFailuresDegrade (0.00s)
2026-10-08T04:19:19.5720904Z === RUN   TestAramkitRatingTimeoutFeatureGateSingleFlightAndPacing
2026-10-08T04:19:19.5721517Z === RUN   TestAramkitRatingTimeoutFeatureGateSingleFlightAndPacing/timeout
2026-10-08T04:19:19.5818842Z --- PASS: TestAramkitRatingTimeoutFeatureGateSingleFlightAndPacing/timeout (0.01s)
2026-10-08T04:19:19.5820405Z === RUN   TestAramkitRatingTimeoutFeatureGateSingleFlightAndPacing/feature_gate
2026-10-08T04:19:19.5823961Z --- PASS: TestAramkitRatingTimeoutFeatureGateSingleFlightAndPacing/feature_gate (0.00s)
2026-10-08T04:19:19.5825844Z === RUN   TestAramkitRatingTimeoutFeatureGateSingleFlightAndPacing/single_flight
2026-10-08T04:19:19.5827575Z --- PASS: TestAramkitRatingTimeoutFeatureGateSingleFlightAndPacing/single_flight (0.00s)
2026-10-08T04:19:19.5829673Z === RUN   TestAramkitRatingTimeoutFeatureGateSingleFlightAndPacing/global_pacing
2026-10-08T04:19:19.5831281Z --- PASS: TestAramkitRatingTimeoutFeatureGateSingleFlightAndPacing/global_pacing (0.00s)
2026-10-08T04:19:19.5832851Z --- PASS: TestAramkitRatingTimeoutFeatureGateSingleFlightAndPacing (0.01s)
2026-10-08T04:19:19.5833943Z === RUN   TestAramkitRatingHandlerUsesOpaqueReferenceAndRejectsKR
2026-10-08T04:19:19.5835054Z --- PASS: TestAramkitRatingHandlerUsesOpaqueReferenceAndRejectsKR (0.00s)
2026-10-08T04:19:19.5836069Z === RUN   TestAramkitDiagnosticsContainOnlyHashedIdentity
2026-10-08T04:19:19.5837023Z --- PASS: TestAramkitDiagnosticsContainOnlyHashedIdentity (0.00s)
2026-10-08T04:19:19.5837945Z === RUN   TestArenaCapturedItemsSurviveStructuredDetail
2026-10-08T04:19:19.6083963Z === RUN   TestArenaCapturedItemsSurviveStructuredDetail/core
2026-10-08T04:19:19.6085293Z --- PASS: TestArenaCapturedItemsSurviveStructuredDetail/core (0.00s)
2026-10-08T04:19:19.6086337Z === RUN   TestArenaCapturedItemsSurviveStructuredDetail/prismatic
2026-10-08T04:19:19.6087329Z --- PASS: TestArenaCapturedItemsSurviveStructuredDetail/prismatic (0.00s)
2026-10-08T04:19:19.6088002Z --- PASS: TestArenaCapturedItemsSurviveStructuredDetail (0.03s)
2026-10-08T04:19:19.6088463Z === RUN   TestValidArenaRiotMatchID
2026-10-08T04:19:19.6088843Z --- PASS: TestValidArenaRiotMatchID (0.00s)
2026-10-08T04:19:19.6089365Z === RUN   TestArenaMatchDetailIsMemoryCachedAndPublicizesPlayerReferences
2026-10-08T04:19:19.6110811Z --- PASS: TestArenaMatchDetailIsMemoryCachedAndPublicizesPlayerReferences (0.00s)
2026-10-08T04:19:19.6112795Z === RUN   TestArenaMatchDetailRejectsInvalidIDBeforeRiotRequest
2026-10-08T04:19:19.6113866Z --- PASS: TestArenaMatchDetailRejectsInvalidIDBeforeRiotRequest (0.00s)
2026-10-08T04:19:19.6114830Z === RUN   TestArenaMatchDetailWithoutAPIKeyFailsClosed
2026-10-08T04:19:19.6136699Z --- PASS: TestArenaMatchDetailWithoutAPIKeyFailsClosed (0.00s)
2026-10-08T04:19:19.6138228Z === RUN   TestLoadAssetDeduplicatesConcurrentFetches
2026-10-08T04:19:19.6237269Z --- PASS: TestLoadAssetDeduplicatesConcurrentFetches (0.01s)
2026-10-08T04:19:19.6238482Z === RUN   TestLoadAssetNegativeCacheAvoidsImmediateRetry
2026-10-08T04:19:19.6239765Z --- PASS: TestLoadAssetNegativeCacheAvoidsImmediateRetry (0.00s)
2026-10-08T04:19:19.6240629Z === RUN   TestAssetCacheEvictsIncrementally
2026-10-08T04:19:19.6242892Z --- PASS: TestAssetCacheEvictsIncrementally (0.00s)
2026-10-08T04:19:19.6243784Z === RUN   TestEmbeddedPoolHas554UniqueEntries
2026-10-08T04:19:19.6250514Z --- PASS: TestEmbeddedPoolHas554UniqueEntries (0.00s)
2026-10-08T04:19:19.6252591Z === RUN   TestEmbeddedPoolHas554UniqueStableIDs
2026-10-08T04:19:19.6263041Z --- PASS: TestEmbeddedPoolHas554UniqueStableIDs (0.00s)
2026-10-08T04:19:19.6264123Z === RUN   TestLoadSnapshotIndependentRefreshesOverlap
2026-10-08T04:19:19.7616866Z --- PASS: TestLoadSnapshotIndependentRefreshesOverlap (0.13s)
2026-10-08T04:19:19.7617565Z === RUN   TestR87LoadCollectionSnapshotReusesOwnershipPayloads
2026-10-08T04:19:20.0893195Z --- PASS: TestR87LoadCollectionSnapshotReusesOwnershipPayloads (0.33s)
2026-10-08T04:19:20.0896515Z === RUN   TestEmbeddedPoolMapsOneToOneWithoutOmissions
2026-10-08T04:19:20.0912552Z --- PASS: TestEmbeddedPoolMapsOneToOneWithoutOmissions (0.00s)
2026-10-08T04:19:20.0914406Z === RUN   TestNormalizeName
2026-10-08T04:19:20.0915210Z --- PASS: TestNormalizeName (0.00s)
2026-10-08T04:19:20.0917048Z === RUN   TestTencentRegionRarityHierarchyAndMythicSubgroups
2026-10-08T04:19:20.0920412Z --- PASS: TestTencentRegionRarityHierarchyAndMythicSubgroups (0.00s)
2026-10-08T04:19:20.0921359Z === RUN   TestParsePoolNamesDeduplicates
2026-10-08T04:19:20.0922054Z --- PASS: TestParsePoolNamesDeduplicates (0.00s)
2026-10-08T04:19:20.0922699Z === RUN   TestExtractOwnedIDs
2026-10-08T04:19:20.0923257Z --- PASS: TestExtractOwnedIDs (0.00s)
2026-10-08T04:19:20.0924020Z === RUN   TestPresenceInventoryRequiresPermanentChampionSkin
2026-10-08T04:19:20.0925047Z --- PASS: TestPresenceInventoryRequiresPermanentChampionSkin (0.00s)
2026-10-08T04:19:20.0926077Z === RUN   TestPresenceInventoryReadsTencentItemKeyContainers
2026-10-08T04:19:20.0927333Z --- PASS: TestPresenceInventoryReadsTencentItemKeyContainers (0.00s)
2026-10-08T04:19:20.0928077Z === RUN   TestQuestSkinVariantKeepsIndependentDynamicArtwork
2026-10-08T04:19:20.0928667Z --- PASS: TestQuestSkinVariantKeepsIndependentDynamicArtwork (0.00s)
2026-10-08T04:19:20.0929304Z === RUN   TestOwnedCollectionKeepsQuestVariantsOutOfOrdinarySkinCount
2026-10-08T04:19:20.0929980Z --- PASS: TestOwnedCollectionKeepsQuestVariantsOutOfOrdinarySkinCount (0.00s)
2026-10-08T04:19:20.0930969Z === RUN   TestQuestVariantDoesNotInheritParentOwnership
2026-10-08T04:19:20.0931593Z --- PASS: TestQuestVariantDoesNotInheritParentOwnership (0.00s)
2026-10-08T04:19:20.0932201Z === RUN   TestChromaPresenceExtractionRequiresOwnedPositiveInventory
2026-10-08T04:19:20.0932875Z --- PASS: TestChromaPresenceExtractionRequiresOwnedPositiveInventory (0.00s)
2026-10-08T04:19:20.0933454Z === RUN   TestTencentClassicArtworkIsNotCountedAsChroma
2026-10-08T04:19:20.0967500Z --- PASS: TestTencentClassicArtworkIsNotCountedAsChroma (0.01s)
2026-10-08T04:19:20.0969051Z === RUN   TestIndependentArtworkChromaRequiresBothParentEvidenceAndSplash
2026-10-08T04:19:20.0970816Z --- PASS: TestIndependentArtworkChromaRequiresBothParentEvidenceAndSplash (0.00s)
2026-10-08T04:19:20.0972104Z === RUN   TestOfficialPrestigeCatalogEnrichesKnownChineseChromas
2026-10-08T04:19:20.0973518Z --- PASS: TestOfficialPrestigeCatalogEnrichesKnownChineseChromas (0.00s)
2026-10-08T04:19:20.0974476Z === RUN   TestChampionSkinsContainerIsTraversed
2026-10-08T04:19:20.0975306Z --- PASS: TestChampionSkinsContainerIsTraversed (0.00s)
2026-10-08T04:19:20.0976183Z === RUN   TestConflictingOwnershipEvidenceIsRejected
2026-10-08T04:19:20.0977133Z --- PASS: TestConflictingOwnershipEvidenceIsRejected (0.00s)
2026-10-08T04:19:20.0977934Z === RUN   TestOwnedSourcesMustAgree
2026-10-08T04:19:20.0981877Z --- PASS: TestOwnedSourcesMustAgree (0.00s)
2026-10-08T04:19:20.0982675Z === RUN   TestPartialOwnedSourceStopsCalculation
2026-10-08T04:19:20.0994750Z --- PASS: TestPartialOwnedSourceStopsCalculation (0.00s)
2026-10-08T04:19:20.0996670Z === RUN   TestAuthoritativeOwnedSourcesStillMustAgree
2026-10-08T04:19:20.1011691Z --- PASS: TestAuthoritativeOwnedSourcesStillMustAgree (0.00s)
2026-10-08T04:19:20.1013275Z === RUN   TestStalePresenceSubsetRetainsAuthoritativeNewIDs
2026-10-08T04:19:20.1028270Z --- PASS: TestStalePresenceSubsetRetainsAuthoritativeNewIDs (0.00s)
2026-10-08T04:19:20.1029756Z === RUN   TestPresenceExtraIDsDoNotCorroborateConflictingAuthorities
2026-10-08T04:19:20.1046320Z --- PASS: TestPresenceExtraIDsDoNotCorroborateConflictingAuthorities (0.00s)
2026-10-08T04:19:20.1048952Z === RUN   TestCatalogIntersectionIgnoresBaseChromaAndAttachmentIDs
2026-10-08T04:19:20.1062208Z --- PASS: TestCatalogIntersectionIgnoresBaseChromaAndAttachmentIDs (0.00s)
2026-10-08T04:19:20.1063841Z === RUN   TestOwnershipDiagnosticsExposeOnlyPublicInventoryIDs
2026-10-08T04:19:20.1065819Z --- PASS: TestOwnershipDiagnosticsExposeOnlyPublicInventoryIDs (0.00s)
2026-10-08T04:19:20.1066973Z === RUN   TestCorroboratedExplicitSourceSurvivesSecondarySchemaDifference
2026-10-08T04:19:20.1078833Z --- PASS: TestCorroboratedExplicitSourceSurvivesSecondarySchemaDifference (0.00s)
2026-10-08T04:19:20.1081301Z === RUN   TestVerifiedInventorySupersetCompletesTencentOwnedCollection
2026-10-08T04:19:20.1095836Z --- PASS: TestVerifiedInventorySupersetCompletesTencentOwnedCollection (0.00s)
2026-10-08T04:19:20.1096999Z === RUN   TestTencentInventoryEvidencePatternFromDiagnosticLog
2026-10-08T04:19:20.1282369Z --- PASS: TestTencentInventoryEvidencePatternFromDiagnosticLog (0.02s)
2026-10-08T04:19:20.1283251Z === RUN   TestMatchPoolFailsClosed
2026-10-08T04:19:20.1283880Z --- PASS: TestMatchPoolFailsClosed (0.00s)
2026-10-08T04:19:20.1284691Z === RUN   TestStablePoolMatchesByIDWhenClientNameChanges
2026-10-08T04:19:20.1286131Z --- PASS: TestStablePoolMatchesByIDWhenClientNameChanges (0.00s)
2026-10-08T04:19:20.1287045Z === RUN   TestPoolMembershipIsAnnotatedOnAllCatalogSkins
2026-10-08T04:19:20.1289496Z --- PASS: TestPoolMembershipIsAnnotatedOnAllCatalogSkins (0.00s)
2026-10-08T04:19:20.1290461Z === RUN   TestMatchPoolDoesNotApplyUnverifiedCorrection
2026-10-08T04:19:20.1291936Z --- PASS: TestMatchPoolDoesNotApplyUnverifiedCorrection (0.00s)
2026-10-08T04:19:20.1293517Z === RUN   TestMatchPoolRejectsCrossChampionCorrection
2026-10-08T04:19:20.1294669Z --- PASS: TestMatchPoolRejectsCrossChampionCorrection (0.00s)
2026-10-08T04:19:20.1295602Z === RUN   TestMatchPoolRejectsNormalizedNameCollision
2026-10-08T04:19:20.1296491Z --- PASS: TestMatchPoolRejectsNormalizedNameCollision (0.00s)
2026-10-08T04:19:20.1297331Z === RUN   TestCatalogObjectsIgnoreNestedChromas
2026-10-08T04:19:20.1298145Z --- PASS: TestCatalogObjectsIgnoreNestedChromas (0.00s)
2026-10-08T04:19:20.1298910Z === RUN   TestChromaCatalogRecordsAreRejected
2026-10-08T04:19:20.1299667Z --- PASS: TestChromaCatalogRecordsAreRejected (0.00s)
2026-10-08T04:19:20.1300376Z === RUN   TestBaseSkinRequiresChampionIdentity
2026-10-08T04:19:20.1301173Z --- PASS: TestBaseSkinRequiresChampionIdentity (0.00s)
2026-10-08T04:19:20.1301949Z === RUN   TestLegacyChampionCatalogEntriesAreRejected
2026-10-08T04:19:20.1302825Z --- PASS: TestLegacyChampionCatalogEntriesAreRejected (0.00s)
2026-10-08T04:19:20.1303682Z === RUN   TestCatalogJSONNumbersRemainSupported
2026-10-08T04:19:20.1304517Z --- PASS: TestCatalogJSONNumbersRemainSupported (0.00s)
2026-10-08T04:19:20.1305322Z === RUN   TestMatchPoolDoesNotAutoAcceptFuzzyOnly
2026-10-08T04:19:20.1306106Z --- PASS: TestMatchPoolDoesNotAutoAcceptFuzzyOnly (0.00s)
2026-10-08T04:19:20.1306735Z === RUN   TestLevenshtein
2026-10-08T04:19:20.1307220Z --- PASS: TestLevenshtein (0.00s)
2026-10-08T04:19:20.1308257Z === RUN   TestPruneStaleHexdataBuildsRemovesExpiredBuildsOnly
2026-10-08T04:19:20.2098601Z --- PASS: TestPruneStaleHexdataBuildsRemovesExpiredBuildsOnly (0.08s)
2026-10-08T04:19:20.2099691Z === RUN   TestPruneStaleHexdataBuildsHonorsGracePeriod
2026-10-08T04:19:20.2196994Z --- PASS: TestPruneStaleHexdataBuildsHonorsGracePeriod (0.01s)
2026-10-08T04:19:20.2198040Z === RUN   TestPruneStaleHexdataBuildsBoundsDiskAcrossPatchHistory
2026-10-08T04:19:20.2199124Z === PAUSE TestPruneStaleHexdataBuildsBoundsDiskAcrossPatchHistory
2026-10-08T04:19:20.2200161Z === RUN   TestPruneStaleHexdataBuildsIgnoresUnreadableFiles
2026-10-08T04:19:20.2372145Z --- PASS: TestPruneStaleHexdataBuildsIgnoresUnreadableFiles (0.02s)
2026-10-08T04:19:20.2373345Z === RUN   TestPruneStaleHexdataBuildsRequiresValidBuildID
2026-10-08T04:19:20.2645980Z --- PASS: TestPruneStaleHexdataBuildsRequiresValidBuildID (0.03s)
2026-10-08T04:19:20.2647654Z === RUN   TestAdoptingNewBuildIDPrunesStaleHexdataFilesAsynchronously
2026-10-08T04:19:20.3426479Z --- PASS: TestAdoptingNewBuildIDPrunesStaleHexdataFilesAsynchronously (0.08s)
2026-10-08T04:19:20.3427693Z === RUN   TestPruneDiskStillProtectsHexdataFilesFromGenericLRU
2026-10-08T04:19:20.3642950Z --- PASS: TestPruneDiskStillProtectsHexdataFilesFromGenericLRU (0.02s)
2026-10-08T04:19:20.3644121Z === RUN   TestPruneStaleHexdataBuildsReportsMigrationFailure
2026-10-08T04:19:20.3730711Z --- PASS: TestPruneStaleHexdataBuildsReportsMigrationFailure (0.01s)
2026-10-08T04:19:20.3732037Z === RUN   TestPruneStaleHexdataBuildsMakesNoRequests
2026-10-08T04:19:20.3991702Z --- PASS: TestPruneStaleHexdataBuildsMakesNoRequests (0.03s)
2026-10-08T04:19:20.3993200Z === RUN   TestHandleChampionAssetCommunityDragonFallsBackFromLargeToSmall
2026-10-08T04:19:20.4024613Z --- PASS: TestHandleChampionAssetCommunityDragonFallsBackFromLargeToSmall (0.00s)
2026-10-08T04:19:20.4026645Z === RUN   TestHandleChampionAssetCommunityDragonReportsFinalAugmentFailure
2026-10-08T04:19:20.4027994Z --- PASS: TestHandleChampionAssetCommunityDragonReportsFinalAugmentFailure (0.00s)
2026-10-08T04:19:20.4029214Z === RUN   TestR154CommunityDragonChampionIconFallsBackToDataDragon
2026-10-08T04:19:20.4030716Z === RUN   TestR154CommunityDragonChampionIconFallsBackToDataDragon/blocked=false
2026-10-08T04:19:20.4032336Z --- PASS: TestR154CommunityDragonChampionIconFallsBackToDataDragon/blocked=false (0.00s)
2026-10-08T04:19:20.4033647Z === RUN   TestR154CommunityDragonChampionIconFallsBackToDataDragon/blocked=true
2026-10-08T04:19:20.4034874Z --- PASS: TestR154CommunityDragonChampionIconFallsBackToDataDragon/blocked=true (0.00s)
2026-10-08T04:19:20.4035833Z --- PASS: TestR154CommunityDragonChampionIconFallsBackToDataDragon (0.00s)
2026-10-08T04:19:20.4036584Z === RUN   TestR154OfflineProfileIconFallsBackAfterCommunityDragonNegativeCache
2026-10-08T04:19:20.4037410Z --- PASS: TestR154OfflineProfileIconFallsBackAfterCommunityDragonNegativeCache (0.00s)
2026-10-08T04:19:20.4038236Z === RUN   TestR154CommunityDragonItemFallbackUsesExactDataDragonID
2026-10-08T04:19:20.4038849Z --- PASS: TestR154CommunityDragonItemFallbackUsesExactDataDragonID (0.00s)
2026-10-08T04:19:20.4039375Z === RUN   TestChampionNetworkSettingsValidation
2026-10-08T04:19:20.4039822Z --- PASS: TestChampionNetworkSettingsValidation (0.00s)
2026-10-08T04:19:20.4040284Z === RUN   TestChampionAutoProxyUsesDesktopResolution
2026-10-08T04:19:20.4040749Z --- PASS: TestChampionAutoProxyUsesDesktopResolution (0.00s)
2026-10-08T04:19:20.4041152Z === RUN   TestSystemProxyEndpoint
2026-10-08T04:19:20.4041479Z --- PASS: TestSystemProxyEndpoint (0.00s)
2026-10-08T04:19:20.4041914Z === RUN   TestChampionDataCacheSingleflightAndStaleFallback
2026-10-08T04:19:20.4190311Z --- PASS: TestChampionDataCacheSingleflightAndStaleFallback (0.02s)
2026-10-08T04:19:20.4191146Z === RUN   TestChampionDataCacheReportsLoadState
2026-10-08T04:19:20.4328939Z --- PASS: TestChampionDataCacheReportsLoadState (0.01s)
2026-10-08T04:19:20.4330292Z === RUN   TestStructuredDetailPreservesStaleCacheFetchedAt
2026-10-08T04:19:20.6836323Z --- PASS: TestStructuredDetailPreservesStaleCacheFetchedAt (0.25s)
2026-10-08T04:19:20.6837863Z === RUN   TestOPGGModeSpecURLMatrix
2026-10-08T04:19:20.6841612Z === RUN   TestOPGGModeSpecURLMatrix/ranked
2026-10-08T04:19:20.6842775Z --- PASS: TestOPGGModeSpecURLMatrix/ranked (0.00s)
2026-10-08T04:19:20.6843820Z === RUN   TestOPGGModeSpecURLMatrix/aram
2026-10-08T04:19:20.6844862Z --- PASS: TestOPGGModeSpecURLMatrix/aram (0.00s)
2026-10-08T04:19:20.6845546Z === RUN   TestOPGGModeSpecURLMatrix/arena
2026-10-08T04:19:20.6846233Z --- PASS: TestOPGGModeSpecURLMatrix/arena (0.00s)
2026-10-08T04:19:20.6846847Z === RUN   TestOPGGModeSpecURLMatrix/urf
2026-10-08T04:19:20.6847443Z --- PASS: TestOPGGModeSpecURLMatrix/urf (0.00s)
2026-10-08T04:19:20.6848071Z === RUN   TestOPGGModeSpecURLMatrix/nexus-blitz
2026-10-08T04:19:20.6848783Z --- PASS: TestOPGGModeSpecURLMatrix/nexus-blitz (0.00s)
2026-10-08T04:19:20.6849446Z --- PASS: TestOPGGModeSpecURLMatrix (0.00s)
2026-10-08T04:19:20.6850114Z === RUN   TestOPGGPatchFreshnessUsesNumericSegments
2026-10-08T04:19:20.6850935Z --- PASS: TestOPGGPatchFreshnessUsesNumericSegments (0.00s)
2026-10-08T04:19:20.6851855Z === RUN   TestOPGGDetailCacheIdentityIncludesModeAndRegion
2026-10-08T04:19:20.6852834Z --- PASS: TestOPGGDetailCacheIdentityIncludesModeAndRegion (0.00s)
2026-10-08T04:19:20.6853946Z === RUN   TestStructuredMetricsRejectsTinyAndRelativeLongTailSamples
2026-10-08T04:19:20.6855806Z --- PASS: TestStructuredMetricsRejectsTinyAndRelativeLongTailSamples (0.00s)
2026-10-08T04:19:20.6858560Z === RUN   TestStructuredMetricsFallbackKeepsHighestSamplesAndReportsGate
2026-10-08T04:19:20.6859909Z --- PASS: TestStructuredMetricsFallbackKeepsHighestSamplesAndReportsGate (0.00s)
2026-10-08T04:19:20.6861360Z === RUN   TestStructuredRecommendationMetricsPrioritizeLargeSamplesBeforeWinRate
2026-10-08T04:19:20.6862939Z --- PASS: TestStructuredRecommendationMetricsPrioritizeLargeSamplesBeforeWinRate (0.00s)
2026-10-08T04:19:20.6864540Z === RUN   TestStructuredRecommendationMetricsFollowPickRateAcrossEveryOPGGRecommendationKind
2026-10-08T04:19:20.6866153Z === RUN   TestStructuredRecommendationMetricsFollowPickRateAcrossEveryOPGGRecommendationKind/spell
2026-10-08T04:19:20.6867290Z --- PASS: TestStructuredRecommendationMetricsFollowPickRateAcrossEveryOPGGRecommendationKind/spell (0.00s)
2026-10-08T04:19:20.6868579Z === RUN   TestStructuredRecommendationMetricsFollowPickRateAcrossEveryOPGGRecommendationKind/starter
2026-10-08T04:19:20.6869568Z --- PASS: TestStructuredRecommendationMetricsFollowPickRateAcrossEveryOPGGRecommendationKind/starter (0.00s)
2026-10-08T04:19:20.6870520Z === RUN   TestStructuredRecommendationMetricsFollowPickRateAcrossEveryOPGGRecommendationKind/boots
2026-10-08T04:19:20.6871765Z --- PASS: TestStructuredRecommendationMetricsFollowPickRateAcrossEveryOPGGRecommendationKind/boots (0.00s)
2026-10-08T04:19:20.6872719Z === RUN   TestStructuredRecommendationMetricsFollowPickRateAcrossEveryOPGGRecommendationKind/core
2026-10-08T04:19:20.6873669Z --- PASS: TestStructuredRecommendationMetricsFollowPickRateAcrossEveryOPGGRecommendationKind/core (0.00s)
2026-10-08T04:19:20.6874645Z --- PASS: TestStructuredRecommendationMetricsFollowPickRateAcrossEveryOPGGRecommendationKind (0.00s)
2026-10-08T04:19:20.6875431Z === RUN   TestRankedDepthCacheSharesDetailSnapshotAndUsesOlderFetchedAt
2026-10-08T04:19:20.6876093Z --- PASS: TestRankedDepthCacheSharesDetailSnapshotAndUsesOlderFetchedAt (0.00s)
2026-10-08T04:19:20.6877192Z === RUN   TestStructuredRecommendationMetricsKeepUnknownSamplesInUpstreamOrder
2026-10-08T04:19:20.6878007Z --- PASS: TestStructuredRecommendationMetricsKeepUnknownSamplesInUpstreamOrder (0.00s)
2026-10-08T04:19:20.6878713Z === RUN   TestStructuredSampleAllowedRequiresAbsoluteAndRelativeMinimums
2026-10-08T04:19:20.6879409Z === RUN   TestStructuredSampleAllowedRequiresAbsoluteAndRelativeMinimums/both_boundaries
2026-10-08T04:19:20.6880214Z --- PASS: TestStructuredSampleAllowedRequiresAbsoluteAndRelativeMinimums/both_boundaries (0.00s)
2026-10-08T04:19:20.6881043Z === RUN   TestStructuredSampleAllowedRequiresAbsoluteAndRelativeMinimums/below_absolute_minimum
2026-10-08T04:19:20.6881914Z --- PASS: TestStructuredSampleAllowedRequiresAbsoluteAndRelativeMinimums/below_absolute_minimum (0.00s)
2026-10-08T04:19:20.6882934Z === RUN   TestStructuredSampleAllowedRequiresAbsoluteAndRelativeMinimums/below_head_ratio
2026-10-08T04:19:20.6883753Z --- PASS: TestStructuredSampleAllowedRequiresAbsoluteAndRelativeMinimums/below_head_ratio (0.00s)
2026-10-08T04:19:20.6884626Z === RUN   TestStructuredSampleAllowedRequiresAbsoluteAndRelativeMinimums/larger_sample_below_head_ratio
2026-10-08T04:19:20.6885559Z --- PASS: TestStructuredSampleAllowedRequiresAbsoluteAndRelativeMinimums/larger_sample_below_head_ratio (0.00s)
2026-10-08T04:19:20.6886436Z === RUN   TestStructuredSampleAllowedRequiresAbsoluteAndRelativeMinimums/representative_sample
2026-10-08T04:19:20.6887294Z --- PASS: TestStructuredSampleAllowedRequiresAbsoluteAndRelativeMinimums/representative_sample (0.00s)
2026-10-08T04:19:20.6888306Z === RUN   TestStructuredSampleAllowedRequiresAbsoluteAndRelativeMinimums/zero_leading_sample
2026-10-08T04:19:20.6889157Z --- PASS: TestStructuredSampleAllowedRequiresAbsoluteAndRelativeMinimums/zero_leading_sample (0.00s)
2026-10-08T04:19:20.6889999Z === RUN   TestStructuredSampleAllowedRequiresAbsoluteAndRelativeMinimums/negative_leading_sample
2026-10-08T04:19:20.6890859Z --- PASS: TestStructuredSampleAllowedRequiresAbsoluteAndRelativeMinimums/negative_leading_sample (0.00s)
2026-10-08T04:19:20.6891812Z --- PASS: TestStructuredSampleAllowedRequiresAbsoluteAndRelativeMinimums (0.00s)
2026-10-08T04:19:20.6892444Z === RUN   TestStructuredSpellSampleGateIsRelaxedOnlyForSpells
2026-10-08T04:19:20.6893200Z --- PASS: TestStructuredSpellSampleGateIsRelaxedOnlyForSpells (0.00s)
2026-10-08T04:19:20.6893723Z === RUN   TestChampionUpstreamDiagnosticUsesSafeFields
2026-10-08T04:19:20.6894207Z --- PASS: TestChampionUpstreamDiagnosticUsesSafeFields (0.00s)
2026-10-08T04:19:20.6894682Z === RUN   TestChampionDataCachePersistsAcrossInstances
2026-10-08T04:19:20.7021265Z --- PASS: TestChampionDataCachePersistsAcrossInstances (0.02s)
2026-10-08T04:19:20.7022686Z === RUN   TestChampionCachePersistentPoliciesUseDiskWhitelistedKeys
2026-10-08T04:19:20.7024244Z === RUN   TestChampionCachePersistentPoliciesUseDiskWhitelistedKeys/Data_Dragon
2026-10-08T04:19:20.7025767Z --- PASS: TestChampionCachePersistentPoliciesUseDiskWhitelistedKeys/Data_Dragon (0.00s)
2026-10-08T04:19:20.7027262Z === RUN   TestChampionCachePersistentPoliciesUseDiskWhitelistedKeys/Community_Dragon
2026-10-08T04:19:20.7028722Z --- PASS: TestChampionCachePersistentPoliciesUseDiskWhitelistedKeys/Community_Dragon (0.00s)
2026-10-08T04:19:20.7029593Z === RUN   TestChampionCachePersistentPoliciesUseDiskWhitelistedKeys/OP.GG_page
2026-10-08T04:19:20.7030371Z --- PASS: TestChampionCachePersistentPoliciesUseDiskWhitelistedKeys/OP.GG_page (0.00s)
2026-10-08T04:19:20.7031146Z === RUN   TestChampionCachePersistentPoliciesUseDiskWhitelistedKeys/OP.GG_champion
2026-10-08T04:19:20.7031945Z --- PASS: TestChampionCachePersistentPoliciesUseDiskWhitelistedKeys/OP.GG_champion (0.00s)
2026-10-08T04:19:20.7032718Z === RUN   TestChampionCachePersistentPoliciesUseDiskWhitelistedKeys/OP.GG_detail
2026-10-08T04:19:20.7033974Z --- PASS: TestChampionCachePersistentPoliciesUseDiskWhitelistedKeys/OP.GG_detail (0.00s)
2026-10-08T04:19:20.7034828Z --- PASS: TestChampionCachePersistentPoliciesUseDiskWhitelistedKeys (0.00s)
2026-10-08T04:19:20.7035400Z === RUN   TestChampionDataCacheKeepsYourGGMemoryOnly
2026-10-08T04:19:20.7047290Z --- PASS: TestChampionDataCacheKeepsYourGGMemoryOnly (0.00s)
2026-10-08T04:19:20.7047965Z === RUN   TestChampionDataCachePurgesLegacyYourGGDiskEntry
2026-10-08T04:19:20.7072446Z --- PASS: TestChampionDataCachePurgesLegacyYourGGDiskEntry (0.00s)
2026-10-08T04:19:20.7074098Z === RUN   TestStructuredOPGGDetailSchema
2026-10-08T04:19:20.9583634Z --- PASS: TestStructuredOPGGDetailSchema (0.25s)
2026-10-08T04:19:20.9584866Z === RUN   TestStructuredDetailOmitsPositionsOutsideRanked
2026-10-08T04:19:20.9587376Z === RUN   TestStructuredDetailOmitsPositionsOutsideRanked/arena
2026-10-08T04:19:20.9589165Z --- PASS: TestStructuredDetailOmitsPositionsOutsideRanked/arena (0.00s)
2026-10-08T04:19:20.9590711Z === RUN   TestStructuredDetailOmitsPositionsOutsideRanked/aram
2026-10-08T04:19:20.9592158Z --- PASS: TestStructuredDetailOmitsPositionsOutsideRanked/aram (0.00s)
2026-10-08T04:19:20.9599643Z === RUN   TestStructuredDetailOmitsPositionsOutsideRanked/urf
2026-10-08T04:19:20.9600742Z --- PASS: TestStructuredDetailOmitsPositionsOutsideRanked/urf (0.00s)
2026-10-08T04:19:20.9602366Z === RUN   TestStructuredDetailOmitsPositionsOutsideRanked/nexus-blitz
2026-10-08T04:19:20.9603560Z --- PASS: TestStructuredDetailOmitsPositionsOutsideRanked/nexus-blitz (0.00s)
2026-10-08T04:19:20.9604717Z --- PASS: TestStructuredDetailOmitsPositionsOutsideRanked (0.00s)
2026-10-08T04:19:20.9605716Z === RUN   TestStructuredDetailFallbackKeepsFallbackPositions
2026-10-08T04:19:20.9606757Z --- PASS: TestStructuredDetailFallbackKeepsFallbackPositions (0.00s)
2026-10-08T04:19:20.9607737Z === RUN   TestArenaAugmentRowsUseCommunityDragonMetadata
2026-10-08T04:19:20.9608686Z --- PASS: TestArenaAugmentRowsUseCommunityDragonMetadata (0.00s)
2026-10-08T04:19:20.9609677Z === RUN   TestArenaAugmentMetadataSupplementOnlyFillsMissingFields
2026-10-08T04:19:20.9610797Z --- PASS: TestArenaAugmentMetadataSupplementOnlyFillsMissingFields (0.00s)
2026-10-08T04:19:20.9612907Z === RUN   TestLoadCommunityDragonAugmentsSupplementsArenaMetadata
2026-10-08T04:19:20.9614071Z --- PASS: TestLoadCommunityDragonAugmentsSupplementsArenaMetadata (0.00s)
2026-10-08T04:19:20.9615264Z === RUN   TestArenaAugmentDescriptionRendersDataValuesAndRemovesTemplates
2026-10-08T04:19:20.9616566Z --- PASS: TestArenaAugmentDescriptionRendersDataValuesAndRemovesTemplates (0.00s)
2026-10-08T04:19:20.9617712Z === RUN   TestArenaAugmentDescriptionDropsRuntimeCounterLines
2026-10-08T04:19:20.9618762Z --- PASS: TestArenaAugmentDescriptionDropsRuntimeCounterLines (0.00s)
2026-10-08T04:19:20.9619736Z === RUN   TestArenaAugmentDescriptionRendersCalculations
2026-10-08T04:19:20.9621483Z --- PASS: TestArenaAugmentDescriptionRendersCalculations (0.00s)
2026-10-08T04:19:20.9623637Z === RUN   TestArenaAugmentCalculationTrimsZeroScalingAndBareRatios
2026-10-08T04:19:20.9624786Z --- PASS: TestArenaAugmentCalculationTrimsZeroScalingAndBareRatios (0.00s)
2026-10-08T04:19:20.9625969Z === RUN   TestArenaAugmentDescriptionDropsOnlyTheUnresolvableSentence
2026-10-08T04:19:20.9627168Z --- PASS: TestArenaAugmentDescriptionDropsOnlyTheUnresolvableSentence (0.00s)
2026-10-08T04:19:20.9628249Z === RUN   TestArenaAugmentCalculationWalksLevelBreakpoints
2026-10-08T04:19:20.9629201Z --- PASS: TestArenaAugmentCalculationWalksLevelBreakpoints (0.00s)
2026-10-08T04:19:20.9630263Z === RUN   TestCommunityDragonMayhemCatalogShapeReportsBelowKiwiMinimum
2026-10-08T04:19:20.9631475Z --- PASS: TestCommunityDragonMayhemCatalogShapeReportsBelowKiwiMinimum (0.00s)
2026-10-08T04:19:20.9632590Z === RUN   TestCommunityDragonAugmentIndexIgnoresIconDirectory
2026-10-08T04:19:20.9633585Z --- PASS: TestCommunityDragonAugmentIndexIgnoresIconDirectory (0.00s)
2026-10-08T04:19:20.9634672Z === RUN   TestArenaAugmentRowsSurviveMissingCommunityDragonMetadata
2026-10-08T04:19:20.9635805Z --- PASS: TestArenaAugmentRowsSurviveMissingCommunityDragonMetadata (0.00s)
2026-10-08T04:19:20.9636778Z === RUN   TestArenaAugmentRowsPreserveAllQualityRows
2026-10-08T04:19:20.9637633Z --- PASS: TestArenaAugmentRowsPreserveAllQualityRows (0.00s)
2026-10-08T04:19:20.9638523Z === RUN   TestStructuredArenaDetailPreservesAllAugmentRows
2026-10-08T04:19:20.9639505Z --- PASS: TestStructuredArenaDetailPreservesAllAugmentRows (0.00s)
2026-10-08T04:19:20.9640413Z === RUN   TestArenaAugmentDiagnosticsUseSafeFields
2026-10-08T04:19:20.9641235Z --- PASS: TestArenaAugmentDiagnosticsUseSafeFields (0.00s)
2026-10-08T04:19:20.9642080Z === RUN   TestDDragonItemCatalogParsesGoldTotal
2026-10-08T04:19:20.9643653Z --- PASS: TestDDragonItemCatalogParsesGoldTotal (0.00s)
2026-10-08T04:19:20.9644648Z === RUN   TestLoadStaticDescriptionsReportsDDragonPurchasabilityFields
2026-10-08T04:19:20.9645900Z --- PASS: TestLoadStaticDescriptionsReportsDDragonPurchasabilityFields (0.00s)
2026-10-08T04:19:20.9646847Z === RUN   TestValidateChampionAssetPath
2026-10-08T04:19:20.9647535Z --- PASS: TestValidateChampionAssetPath (0.00s)
2026-10-08T04:19:20.9648263Z === RUN   TestRuneShardSlotsUsePositionalMatching
2026-10-08T04:19:20.9649085Z --- PASS: TestRuneShardSlotsUsePositionalMatching (0.00s)
2026-10-08T04:19:20.9649902Z === RUN   TestLoadTopPlayersParsesLeaderboardFlight
2026-10-08T04:19:20.9650764Z --- PASS: TestLoadTopPlayersParsesLeaderboardFlight (0.00s)
2026-10-08T04:19:20.9651665Z === RUN   TestLoadTopPlayersUsesLeaderboardTableAndCapsFive
2026-10-08T04:19:20.9652711Z --- PASS: TestLoadTopPlayersUsesLeaderboardTableAndCapsFive (0.00s)
2026-10-08T04:19:20.9653664Z === RUN   TestValidateChampionAssetPathAllowsOPGGProfileIcons
2026-10-08T04:19:20.9654660Z --- PASS: TestValidateChampionAssetPathAllowsOPGGProfileIcons (0.00s)
2026-10-08T04:19:20.9655595Z === RUN   TestCommunityDragonAugmentAssetPathsStayScoped
2026-10-08T04:19:20.9656518Z --- PASS: TestCommunityDragonAugmentAssetPathsStayScoped (0.00s)
2026-10-08T04:19:20.9657593Z === RUN   TestAugmentMetadataMergeUsesRealIDsAndPreservesLCUDescriptions
2026-10-08T04:19:20.9658840Z --- PASS: TestAugmentMetadataMergeUsesRealIDsAndPreservesLCUDescriptions (0.00s)
2026-10-08T04:19:20.9660241Z === RUN   TestAugmentOfflineGuidanceOnlyFillsMissingMayhemDescriptions
2026-10-08T04:19:20.9661422Z --- PASS: TestAugmentOfflineGuidanceOnlyFillsMissingMayhemDescriptions (0.00s)
2026-10-08T04:19:20.9662760Z === RUN   TestChampionAssetFallbackMapsGtimgOntoDataDragon
2026-10-08T04:19:20.9663683Z --- PASS: TestChampionAssetFallbackMapsGtimgOntoDataDragon (0.00s)
2026-10-08T04:19:20.9664544Z === RUN   TestChampionAssetLCUPathUsesGameDataRoutes
2026-10-08T04:19:20.9665406Z --- PASS: TestChampionAssetLCUPathUsesGameDataRoutes (0.00s)
2026-10-08T04:19:20.9666438Z === RUN   TestLoadRankedFiltersUnknownPositionsBeforeChoosingDefaults
2026-10-08T04:19:20.9667956Z --- PASS: TestLoadRankedFiltersUnknownPositionsBeforeChoosingDefaults (0.00s)
2026-10-08T04:19:20.9668935Z === RUN   TestDecodeNextFlightAndExtractBestArray
2026-10-08T04:19:20.9669779Z --- PASS: TestDecodeNextFlightAndExtractBestArray (0.00s)
2026-10-08T04:19:20.9670592Z === RUN   TestParseArenaTeamCompositionsAndStats
2026-10-08T04:19:20.9671421Z --- PASS: TestParseArenaTeamCompositionsAndStats (0.00s)
2026-10-08T04:19:20.9672279Z === RUN   TestParseArenaAugmentsKeepsMetricsAndTooltip
2026-10-08T04:19:20.9673163Z --- PASS: TestParseArenaAugmentsKeepsMetricsAndTooltip (0.00s)
2026-10-08T04:19:20.9674043Z === RUN   TestBalancedJSONArrayHandlesQuotedBrackets
2026-10-08T04:19:20.9674939Z --- PASS: TestBalancedJSONArrayHandlesQuotedBrackets (0.00s)
2026-10-08T04:19:20.9675952Z === RUN   TestNormalizeArenaBuildSeparatesBootsAndRemovesPlaceholder
2026-10-08T04:19:20.9677340Z --- PASS: TestNormalizeArenaBuildSeparatesBootsAndRemovesPlaceholder (0.00s)
2026-10-08T04:19:20.9679507Z === RUN   TestChampionSearchTermsAndAliases
2026-10-08T04:19:20.9680615Z --- PASS: TestChampionSearchTermsAndAliases (0.00s)
2026-10-08T04:19:20.9681451Z === RUN   TestParseChampionAbilityDescriptionsIncludesConcreteValues
2026-10-08T04:19:20.9683462Z --- PASS: TestParseChampionAbilityDescriptionsIncludesConcreteValues (0.00s)
2026-10-08T04:19:20.9684738Z === RUN   TestCleanMarkupAndRarity
2026-10-08T04:19:20.9685401Z --- PASS: TestCleanMarkupAndRarity (0.00s)
2026-10-08T04:19:20.9686037Z === RUN   TestParseChampionCounters
2026-10-08T04:19:20.9686677Z --- PASS: TestParseChampionCounters (0.00s)
2026-10-08T04:19:20.9687508Z === RUN   TestParseChampionCountersAcceptsNonDivSectionHeadings
2026-10-08T04:19:20.9688597Z --- PASS: TestParseChampionCountersAcceptsNonDivSectionHeadings (0.00s)
2026-10-08T04:19:20.9689568Z === RUN   TestParseChampionRunesKeepsFullTreeAndShards
2026-10-08T04:19:20.9690483Z --- PASS: TestParseChampionRunesKeepsFullTreeAndShards (0.00s)
2026-10-08T04:19:20.9691380Z === RUN   TestDecorateChampionAssetAddsTooltipMetadata
2026-10-08T04:19:20.9692314Z --- PASS: TestDecorateChampionAssetAddsTooltipMetadata (0.00s)
2026-10-08T04:19:20.9693341Z === RUN   TestFilterChampionItemComponentsKeepsFinalAndUnknownItems
2026-10-08T04:19:20.9694469Z --- PASS: TestFilterChampionItemComponentsKeepsFinalAndUnknownItems (0.00s)
2026-10-08T04:19:20.9695555Z === RUN   TestFillMissingChampionCountersPreservesAvailableSide
2026-10-08T04:19:20.9696601Z --- PASS: TestFillMissingChampionCountersPreservesAvailableSide (0.00s)
2026-10-08T04:19:20.9697638Z === RUN   TestLoadStructuredCountersUsesOnlyOPGGDetailPayload
2026-10-08T04:19:20.9698637Z --- PASS: TestLoadStructuredCountersUsesOnlyOPGGDetailPayload (0.00s)
2026-10-08T04:19:20.9699619Z === RUN   TestStructuredCountersDropsSubjectAndDuplicateRows
2026-10-08T04:19:20.9700873Z --- PASS: TestStructuredCountersDropsSubjectAndDuplicateRows (0.00s)
2026-10-08T04:19:20.9702069Z === RUN   TestLoadStructuredCountersUsesCompletePositionFilteredTopLevelCounters
2026-10-08T04:19:20.9703480Z --- PASS: TestLoadStructuredCountersUsesCompletePositionFilteredTopLevelCounters (0.00s)
2026-10-08T04:19:20.9704775Z === RUN   TestLoadStructuredDetailUsesCompletePositionFilteredTopLevelCounters
2026-10-08T04:19:20.9706469Z --- PASS: TestLoadStructuredDetailUsesCompletePositionFilteredTopLevelCounters (0.00s)
2026-10-08T04:19:20.9709003Z === RUN   TestStructuredCountersNeverCallLosingMatchupsStrong
2026-10-08T04:19:20.9710743Z --- PASS: TestStructuredCountersNeverCallLosingMatchupsStrong (0.00s)
2026-10-08T04:19:20.9711381Z === RUN   TestStructuredCountersNeverCallWinningMatchupsWeak
2026-10-08T04:19:20.9711996Z --- PASS: TestStructuredCountersNeverCallWinningMatchupsWeak (0.00s)
2026-10-08T04:19:20.9712608Z === RUN   TestParseOPGGItemDepthsExpandsDelayedFifthItemGames
2026-10-08T04:19:20.9713191Z --- PASS: TestParseOPGGItemDepthsExpandsDelayedFifthItemGames (0.00s)
2026-10-08T04:19:20.9713830Z === RUN   TestOPGGItemDepthDiagnosticsSeparateNetworkFailureFromParsedZero
2026-10-08T04:19:20.9714754Z --- PASS: TestOPGGItemDepthDiagnosticsSeparateNetworkFailureFromParsedZero (0.00s)
2026-10-08T04:19:20.9716199Z === RUN   TestParseOPGGItemDepthsDeduplicatesExpandedRowsBeforeApplyingLimit
2026-10-08T04:19:20.9716978Z --- PASS: TestParseOPGGItemDepthsDeduplicatesExpandedRowsBeforeApplyingLimit (0.00s)
2026-10-08T04:19:20.9717740Z === RUN   TestRankedCoreRecommendationsKeepCompleteOPGGOrderBelowLocalSampleGate
2026-10-08T04:19:20.9718513Z --- PASS: TestRankedCoreRecommendationsKeepCompleteOPGGOrderBelowLocalSampleGate (0.00s)
2026-10-08T04:19:20.9719404Z === RUN   TestParseOPGGItemDepthsAcceptsCurrentNumericRSCPercentages
2026-10-08T04:19:20.9720071Z --- PASS: TestParseOPGGItemDepthsAcceptsCurrentNumericRSCPercentages (0.00s)
2026-10-08T04:19:20.9720667Z === RUN   TestParseOPGGItemDepthsKeepsZeroWinRateWithRealGames
2026-10-08T04:19:20.9721632Z --- PASS: TestParseOPGGItemDepthsKeepsZeroWinRateWithRealGames (0.00s)
2026-10-08T04:19:20.9722149Z === RUN   TestParseOPGGItemDepthsIncludesSixthItem
2026-10-08T04:19:20.9722620Z --- PASS: TestParseOPGGItemDepthsIncludesSixthItem (0.00s)
2026-10-08T04:19:20.9723096Z === RUN   TestLoadOPGGDepthRowsAllowsMissingSixthItemDepth
2026-10-08T04:19:20.9723617Z --- PASS: TestLoadOPGGDepthRowsAllowsMissingSixthItemDepth (0.00s)
2026-10-08T04:19:20.9724160Z === RUN   TestLoadOPGGDepthRowsKeepsOtherStagesWhenFifthIsAbsent
2026-10-08T04:19:20.9724751Z --- PASS: TestLoadOPGGDepthRowsKeepsOtherStagesWhenFifthIsAbsent (0.00s)
2026-10-08T04:19:20.9725356Z === RUN   TestParseOPGGItemDepthsKeepsThreeRowsForFiveChampionFixtures
2026-10-08T04:19:20.9726001Z --- PASS: TestParseOPGGItemDepthsKeepsThreeRowsForFiveChampionFixtures (0.00s)
2026-10-08T04:19:20.9726630Z === RUN   TestOPGGDepthRowsAreNotDeduplicatedAgainstCoreItems
2026-10-08T04:19:20.9727183Z --- PASS: TestOPGGDepthRowsAreNotDeduplicatedAgainstCoreItems (0.00s)
2026-10-08T04:19:20.9727643Z === RUN   TestFractionToPercentContracts
2026-10-08T04:19:20.9728015Z --- PASS: TestFractionToPercentContracts (0.00s)
2026-10-08T04:19:20.9728557Z === RUN   TestExecutionPlanningNeverBansAndAutomaticallyIntentsWithoutToggle
2026-10-08T04:19:20.9737908Z --- PASS: TestExecutionPlanningNeverBansAndAutomaticallyIntentsWithoutToggle (0.00s)
2026-10-08T04:19:20.9739977Z === RUN   TestExecutionReplay1030IntentThenSentinelBanHoverConfirmationAndLock
2026-10-08T04:19:20.9802570Z --- PASS: TestExecutionReplay1030IntentThenSentinelBanHoverConfirmationAndLock (0.01s)
2026-10-08T04:19:20.9804598Z === RUN   TestChampSelectRuntimeRecordChampionIDRoundTripAndLimit
2026-10-08T04:19:20.9805626Z --- PASS: TestChampSelectRuntimeRecordChampionIDRoundTripAndLimit (0.00s)
2026-10-08T04:19:20.9806314Z === RUN   TestExecutionCustomCompatibilityAlwaysConfirmsHoverEvenLockNow
2026-10-08T04:19:20.9837019Z --- PASS: TestExecutionCustomCompatibilityAlwaysConfirmsHoverEvenLockNow (0.00s)
2026-10-08T04:19:20.9838840Z === RUN   TestExecutionCompatibilityIsNotAWildcard
2026-10-08T04:19:20.9839884Z === RUN   TestExecutionCompatibilityIsNotAWildcard/empty
2026-10-08T04:19:20.9843868Z --- PASS: TestExecutionCompatibilityIsNotAWildcard/empty (0.00s)
2026-10-08T04:19:20.9845004Z === RUN   TestExecutionCompatibilityIsNotAWildcard/read-failed
2026-10-08T04:19:20.9848098Z --- PASS: TestExecutionCompatibilityIsNotAWildcard/read-failed (0.00s)
2026-10-08T04:19:20.9849797Z === RUN   TestExecutionCompatibilityIsNotAWildcard/no-action
2026-10-08T04:19:20.9852778Z --- PASS: TestExecutionCompatibilityIsNotAWildcard/no-action (0.00s)
2026-10-08T04:19:20.9853949Z === RUN   TestExecutionCompatibilityIsNotAWildcard/planning
2026-10-08T04:19:20.9857353Z --- PASS: TestExecutionCompatibilityIsNotAWildcard/planning (0.00s)
2026-10-08T04:19:20.9858528Z === RUN   TestExecutionCompatibilityIsNotAWildcard/unknown-phase
2026-10-08T04:19:20.9862607Z --- PASS: TestExecutionCompatibilityIsNotAWildcard/unknown-phase (0.00s)
2026-10-08T04:19:20.9863890Z === RUN   TestExecutionCompatibilityIsNotAWildcard/banned
2026-10-08T04:19:20.9866648Z --- PASS: TestExecutionCompatibilityIsNotAWildcard/banned (0.00s)
2026-10-08T04:19:20.9868296Z === RUN   TestExecutionCompatibilityIsNotAWildcard/own-intent
2026-10-08T04:19:20.9871657Z --- PASS: TestExecutionCompatibilityIsNotAWildcard/own-intent (0.00s)
2026-10-08T04:19:20.9873210Z === RUN   TestExecutionCompatibilityIsNotAWildcard/ally-selected
2026-10-08T04:19:20.9889390Z --- PASS: TestExecutionCompatibilityIsNotAWildcard/ally-selected (0.00s)
2026-10-08T04:19:20.9890840Z === RUN   TestExecutionCompatibilityIsNotAWildcard/unknown-hero
2026-10-08T04:19:20.9891450Z --- PASS: TestExecutionCompatibilityIsNotAWildcard/unknown-hero (0.00s)
2026-10-08T04:19:20.9892030Z --- PASS: TestExecutionCompatibilityIsNotAWildcard (0.00s)
2026-10-08T04:19:20.9892885Z === RUN   TestExecutionIntentConflictSwitchAndManualTakeover
2026-10-08T04:19:20.9893429Z === RUN   TestExecutionIntentConflictSwitchAndManualTakeover/avoid
2026-10-08T04:19:20.9902942Z --- PASS: TestExecutionIntentConflictSwitchAndManualTakeover/avoid (0.00s)
2026-10-08T04:19:20.9904420Z === RUN   TestExecutionIntentConflictSwitchAndManualTakeover/ignore-intent
2026-10-08T04:19:20.9920060Z --- PASS: TestExecutionIntentConflictSwitchAndManualTakeover/ignore-intent (0.00s)
2026-10-08T04:19:20.9922260Z === RUN   TestExecutionIntentConflictSwitchAndManualTakeover/locked-always-excluded
2026-10-08T04:19:20.9941275Z --- PASS: TestExecutionIntentConflictSwitchAndManualTakeover/locked-always-excluded (0.00s)
2026-10-08T04:19:20.9943711Z === RUN   TestExecutionIntentConflictSwitchAndManualTakeover/manual-protected
2026-10-08T04:19:20.9946071Z --- PASS: TestExecutionIntentConflictSwitchAndManualTakeover/manual-protected (0.00s)
2026-10-08T04:19:20.9947199Z --- PASS: TestExecutionIntentConflictSwitchAndManualTakeover (0.01s)
2026-10-08T04:19:20.9947967Z === RUN   TestExecutionRechecksAllyIntentAfterOwnIntent
2026-10-08T04:19:20.9980344Z --- PASS: TestExecutionRechecksAllyIntentAfterOwnIntent (0.00s)
2026-10-08T04:19:20.9981436Z === RUN   TestExecutionHTTPAckWithoutApplicationRetriesOnceAndNeverReportsSuccess
2026-10-08T04:19:21.0025603Z --- PASS: TestExecutionHTTPAckWithoutApplicationRetriesOnceAndNeverReportsSuccess (0.00s)
2026-10-08T04:19:21.0027018Z === RUN   TestExecutionTransportFailureAppliedByClientDoesNotDuplicate
2026-10-08T04:19:21.0045943Z --- PASS: TestExecutionTransportFailureAppliedByClientDoesNotDuplicate (0.00s)
2026-10-08T04:19:21.0047114Z === RUN   TestExecutionPreflightRechecksPhaseIntentAndOwnHover
2026-10-08T04:19:21.0051285Z --- PASS: TestExecutionPreflightRechecksPhaseIntentAndOwnHover (0.00s)
2026-10-08T04:19:21.0053244Z === RUN   TestExecutionOldBanEvidenceDoesNotLeakBetweenSessions
2026-10-08T04:19:21.0055095Z --- PASS: TestExecutionOldBanEvidenceDoesNotLeakBetweenSessions (0.00s)
2026-10-08T04:19:21.0056439Z === RUN   TestExecutionLateAcknowledgementCannotReviveCanceledAction
2026-10-08T04:19:21.0057310Z === RUN   TestExecutionLateAcknowledgementCannotReviveCanceledAction/master-off
2026-10-08T04:19:21.0062913Z --- PASS: TestExecutionLateAcknowledgementCannotReviveCanceledAction/master-off (0.00s)
2026-10-08T04:19:21.0064300Z === RUN   TestExecutionLateAcknowledgementCannotReviveCanceledAction/side-off
2026-10-08T04:19:21.0070444Z --- PASS: TestExecutionLateAcknowledgementCannotReviveCanceledAction/side-off (0.00s)
2026-10-08T04:19:21.0071656Z === RUN   TestExecutionLateAcknowledgementCannotReviveCanceledAction/manual-takeover
2026-10-08T04:19:21.0076520Z --- PASS: TestExecutionLateAcknowledgementCannotReviveCanceledAction/manual-takeover (0.00s)
2026-10-08T04:19:21.0077823Z === RUN   TestExecutionLateAcknowledgementCannotReviveCanceledAction/new-session
2026-10-08T04:19:21.0084461Z --- PASS: TestExecutionLateAcknowledgementCannotReviveCanceledAction/new-session (0.00s)
2026-10-08T04:19:21.0085698Z --- PASS: TestExecutionLateAcknowledgementCannotReviveCanceledAction (0.00s)
2026-10-08T04:19:21.0086949Z === RUN   Test1129RankedBanMigrationPreservesLegacyAndPickPools
2026-10-08T04:19:21.0428109Z --- PASS: Test1129RankedBanMigrationPreservesLegacyAndPickPools (0.03s)
2026-10-08T04:19:21.0431196Z === RUN   Test1129RankedSharedBanAcrossAllPositionsAndQueues
2026-10-08T04:19:21.0431939Z === RUN   Test1129RankedSharedBanAcrossAllPositionsAndQueues/420/top
2026-10-08T04:19:21.0445876Z --- PASS: Test1129RankedSharedBanAcrossAllPositionsAndQueues/420/top (0.00s)
2026-10-08T04:19:21.0447176Z === RUN   Test1129RankedSharedBanAcrossAllPositionsAndQueues/420/jungle
2026-10-08T04:19:21.0467788Z --- PASS: Test1129RankedSharedBanAcrossAllPositionsAndQueues/420/jungle (0.00s)
2026-10-08T04:19:21.0469297Z === RUN   Test1129RankedSharedBanAcrossAllPositionsAndQueues/420/middle
2026-10-08T04:19:21.0490276Z --- PASS: Test1129RankedSharedBanAcrossAllPositionsAndQueues/420/middle (0.00s)
2026-10-08T04:19:21.0492083Z === RUN   Test1129RankedSharedBanAcrossAllPositionsAndQueues/420/bottom
2026-10-08T04:19:21.0513581Z --- PASS: Test1129RankedSharedBanAcrossAllPositionsAndQueues/420/bottom (0.00s)
2026-10-08T04:19:21.0515217Z === RUN   Test1129RankedSharedBanAcrossAllPositionsAndQueues/420/utility
2026-10-08T04:19:21.0535046Z --- PASS: Test1129RankedSharedBanAcrossAllPositionsAndQueues/420/utility (0.00s)
2026-10-08T04:19:21.0536309Z === RUN   Test1129RankedSharedBanAcrossAllPositionsAndQueues/420/
2026-10-08T04:19:21.0557275Z --- PASS: Test1129RankedSharedBanAcrossAllPositionsAndQueues/420/ (0.00s)
2026-10-08T04:19:21.0558690Z === RUN   Test1129RankedSharedBanAcrossAllPositionsAndQueues/420/unknown
2026-10-08T04:19:21.0579094Z --- PASS: Test1129RankedSharedBanAcrossAllPositionsAndQueues/420/unknown (0.00s)
2026-10-08T04:19:21.0580631Z === RUN   Test1129RankedSharedBanAcrossAllPositionsAndQueues/440/top
2026-10-08T04:19:21.0600541Z --- PASS: Test1129RankedSharedBanAcrossAllPositionsAndQueues/440/top (0.00s)
2026-10-08T04:19:21.0601947Z === RUN   Test1129RankedSharedBanAcrossAllPositionsAndQueues/440/jungle
2026-10-08T04:19:21.0617101Z --- PASS: Test1129RankedSharedBanAcrossAllPositionsAndQueues/440/jungle (0.00s)
2026-10-08T04:19:21.0618578Z === RUN   Test1129RankedSharedBanAcrossAllPositionsAndQueues/440/middle
2026-10-08T04:19:21.0637595Z --- PASS: Test1129RankedSharedBanAcrossAllPositionsAndQueues/440/middle (0.00s)
2026-10-08T04:19:21.0638900Z === RUN   Test1129RankedSharedBanAcrossAllPositionsAndQueues/440/bottom
2026-10-08T04:19:21.0655196Z --- PASS: Test1129RankedSharedBanAcrossAllPositionsAndQueues/440/bottom (0.00s)
2026-10-08T04:19:21.0656593Z === RUN   Test1129RankedSharedBanAcrossAllPositionsAndQueues/440/utility
2026-10-08T04:19:21.0677526Z --- PASS: Test1129RankedSharedBanAcrossAllPositionsAndQueues/440/utility (0.00s)
2026-10-08T04:19:21.0678877Z === RUN   Test1129RankedSharedBanAcrossAllPositionsAndQueues/440/
2026-10-08T04:19:21.0699207Z --- PASS: Test1129RankedSharedBanAcrossAllPositionsAndQueues/440/ (0.00s)
2026-10-08T04:19:21.0700662Z === RUN   Test1129RankedSharedBanAcrossAllPositionsAndQueues/440/unknown
2026-10-08T04:19:21.0722030Z --- PASS: Test1129RankedSharedBanAcrossAllPositionsAndQueues/440/unknown (0.00s)
2026-10-08T04:19:21.0723528Z --- PASS: Test1129RankedSharedBanAcrossAllPositionsAndQueues (0.03s)
2026-10-08T04:19:21.0724690Z === RUN   Test1129RankedDiagnosticsReportSeparatePoolPositions
2026-10-08T04:19:21.0726620Z --- PASS: Test1129RankedDiagnosticsReportSeparatePoolPositions (0.00s)
2026-10-08T04:19:21.0728025Z === RUN   Test1129SkipLogsDeduplicateWithoutHidingChangedReasons
2026-10-08T04:19:21.0729258Z --- PASS: Test1129SkipLogsDeduplicateWithoutHidingChangedReasons (0.00s)
2026-10-08T04:19:21.0730767Z === RUN   Test1129SourceLogIgnoresOnlyRawOrderChanges
2026-10-08T04:19:21.0731640Z --- PASS: Test1129SourceLogIgnoresOnlyRawOrderChanges (0.00s)
2026-10-08T04:19:21.0732363Z === RUN   Test1129WriteLogNamesSeparateIntentHoverAndLock
2026-10-08T04:19:21.0732918Z --- PASS: Test1129WriteLogNamesSeparateIntentHoverAndLock (0.00s)
2026-10-08T04:19:21.0733629Z === RUN   TestTakeoverBenchManualSwapStopsOnceAndNextGameResets
2026-10-08T04:19:21.0769799Z --- PASS: TestTakeoverBenchManualSwapStopsOnceAndNextGameResets (0.00s)
2026-10-08T04:19:21.0771249Z === RUN   TestTakeoverBenchPendingSwapRechecksManualChoiceAndSession
2026-10-08T04:19:21.0772428Z === RUN   TestTakeoverBenchPendingSwapRechecksManualChoiceAndSession/manual
2026-10-08T04:19:21.2296989Z --- PASS: TestTakeoverBenchPendingSwapRechecksManualChoiceAndSession/manual (0.15s)
2026-10-08T04:19:21.2298838Z === RUN   TestTakeoverBenchPendingSwapRechecksManualChoiceAndSession/new-game
2026-10-08T04:19:21.3809336Z --- PASS: TestTakeoverBenchPendingSwapRechecksManualChoiceAndSession/new-game (0.15s)
2026-10-08T04:19:21.3810616Z === RUN   TestTakeoverBenchPendingSwapRechecksManualChoiceAndSession/target-gone
2026-10-08T04:19:21.5324448Z --- PASS: TestTakeoverBenchPendingSwapRechecksManualChoiceAndSession/target-gone (0.15s)
2026-10-08T04:19:21.5326012Z --- PASS: TestTakeoverBenchPendingSwapRechecksManualChoiceAndSession (0.46s)
2026-10-08T04:19:21.5326932Z === RUN   TestTakeoverBenchUnappliedSwapDoesNotBlockNewTargets
2026-10-08T04:19:21.5357050Z --- PASS: TestTakeoverBenchUnappliedSwapDoesNotBlockNewTargets (0.00s)
2026-10-08T04:19:21.5359047Z === RUN   TestTakeoverClearingNonWildcardHoverYieldsButUnavailableHeroCanRecover
2026-10-08T04:19:21.5360174Z === RUN   TestTakeoverClearingNonWildcardHoverYieldsButUnavailableHeroCanRecover/ranked/manual
2026-10-08T04:19:21.5383259Z --- PASS: TestTakeoverClearingNonWildcardHoverYieldsButUnavailableHeroCanRecover/ranked/manual (0.00s)
2026-10-08T04:19:21.5385468Z === RUN   TestTakeoverClearingNonWildcardHoverYieldsButUnavailableHeroCanRecover/ranked/teammate-picked
2026-10-08T04:19:21.5425995Z --- PASS: TestTakeoverClearingNonWildcardHoverYieldsButUnavailableHeroCanRecover/ranked/teammate-picked (0.00s)
2026-10-08T04:19:21.5427776Z === RUN   TestTakeoverClearingNonWildcardHoverYieldsButUnavailableHeroCanRecover/ranked/banned
2026-10-08T04:19:21.5458553Z --- PASS: TestTakeoverClearingNonWildcardHoverYieldsButUnavailableHeroCanRecover/ranked/banned (0.00s)
2026-10-08T04:19:21.5461188Z === RUN   TestTakeoverClearingNonWildcardHoverYieldsButUnavailableHeroCanRecover/normal/manual
2026-10-08T04:19:21.5486317Z --- PASS: TestTakeoverClearingNonWildcardHoverYieldsButUnavailableHeroCanRecover/normal/manual (0.00s)
2026-10-08T04:19:21.5488065Z === RUN   TestTakeoverClearingNonWildcardHoverYieldsButUnavailableHeroCanRecover/normal/teammate-picked
2026-10-08T04:19:21.5518161Z --- PASS: TestTakeoverClearingNonWildcardHoverYieldsButUnavailableHeroCanRecover/normal/teammate-picked (0.00s)
2026-10-08T04:19:21.5519693Z === RUN   TestTakeoverClearingNonWildcardHoverYieldsButUnavailableHeroCanRecover/normal/banned
2026-10-08T04:19:21.5550566Z --- PASS: TestTakeoverClearingNonWildcardHoverYieldsButUnavailableHeroCanRecover/normal/banned (0.00s)
2026-10-08T04:19:21.5552808Z === RUN   TestTakeoverClearingNonWildcardHoverYieldsButUnavailableHeroCanRecover/arena/manual
2026-10-08T04:19:21.5574599Z --- PASS: TestTakeoverClearingNonWildcardHoverYieldsButUnavailableHeroCanRecover/arena/manual (0.00s)
2026-10-08T04:19:21.5576248Z === RUN   TestTakeoverClearingNonWildcardHoverYieldsButUnavailableHeroCanRecover/arena/teammate-picked
2026-10-08T04:19:21.5600065Z --- PASS: TestTakeoverClearingNonWildcardHoverYieldsButUnavailableHeroCanRecover/arena/teammate-picked (0.00s)
2026-10-08T04:19:21.5602489Z === RUN   TestTakeoverClearingNonWildcardHoverYieldsButUnavailableHeroCanRecover/arena/banned
2026-10-08T04:19:21.5631566Z --- PASS: TestTakeoverClearingNonWildcardHoverYieldsButUnavailableHeroCanRecover/arena/banned (0.00s)
2026-10-08T04:19:21.5633187Z --- PASS: TestTakeoverClearingNonWildcardHoverYieldsButUnavailableHeroCanRecover (0.03s)
2026-10-08T04:19:21.5634483Z === RUN   TestTakeoverBenchOwnEchoBeforeLateAckAndAutomaticUpgrade
2026-10-08T04:19:21.5669489Z --- PASS: TestTakeoverBenchOwnEchoBeforeLateAckAndAutomaticUpgrade (0.00s)
2026-10-08T04:19:21.5671363Z === RUN   TestTakeoverPickTenSecondsAfterHoverAndManualChangeYields
2026-10-08T04:19:21.5672752Z === RUN   TestTakeoverPickTenSecondsAfterHoverAndManualChangeYields/ranked
2026-10-08T04:19:21.5700752Z --- PASS: TestTakeoverPickTenSecondsAfterHoverAndManualChangeYields/ranked (0.00s)
2026-10-08T04:19:21.5701961Z === RUN   TestTakeoverPickTenSecondsAfterHoverAndManualChangeYields/normal
2026-10-08T04:19:21.5722946Z --- PASS: TestTakeoverPickTenSecondsAfterHoverAndManualChangeYields/normal (0.00s)
2026-10-08T04:19:21.5724268Z === RUN   TestTakeoverPickTenSecondsAfterHoverAndManualChangeYields/arena
2026-10-08T04:19:21.5750371Z --- PASS: TestTakeoverPickTenSecondsAfterHoverAndManualChangeYields/arena (0.00s)
2026-10-08T04:19:21.5751924Z --- PASS: TestTakeoverPickTenSecondsAfterHoverAndManualChangeYields (0.01s)
2026-10-08T04:19:21.5753171Z === RUN   TestTakeoverPickLockTimerActuallyWaitsAndPreflightLatches
2026-10-08T04:19:21.5753829Z === RUN   TestTakeoverPickLockTimerActuallyWaitsAndPreflightLatches/lock
2026-10-08T04:19:21.7000099Z --- PASS: TestTakeoverPickLockTimerActuallyWaitsAndPreflightLatches/lock (0.12s)
2026-10-08T04:19:21.7001855Z === RUN   TestTakeoverPickLockTimerActuallyWaitsAndPreflightLatches/manual-before-lock
2026-10-08T04:19:21.8233933Z --- PASS: TestTakeoverPickLockTimerActuallyWaitsAndPreflightLatches/manual-before-lock (0.12s)
2026-10-08T04:19:21.8235613Z --- PASS: TestTakeoverPickLockTimerActuallyWaitsAndPreflightLatches (0.25s)
2026-10-08T04:19:21.8236492Z === RUN   TestTakeoverLockDelayMigrationAndTimeAnchor
2026-10-08T04:19:21.8237351Z --- PASS: TestTakeoverLockDelayMigrationAndTimeAnchor (0.00s)
2026-10-08T04:19:21.8238101Z === RUN   TestTakeoverDefaultPickWaitIsClampedToRemainingTurn
2026-10-08T04:19:22.8346628Z --- PASS: TestTakeoverDefaultPickWaitIsClampedToRemainingTurn (1.01s)
2026-10-08T04:19:22.8347642Z === RUN   TestSplitRegistryPathSupportsNativeTencentKeys
2026-10-08T04:19:22.8348550Z --- PASS: TestSplitRegistryPathSupportsNativeTencentKeys (0.00s)
2026-10-08T04:19:22.8349500Z === RUN   TestR86ConnectionBackoffResetsAfterSuccessfulDiscovery
2026-10-08T04:19:22.8350517Z --- PASS: TestR86ConnectionBackoffResetsAfterSuccessfulDiscovery (0.00s)
2026-10-08T04:19:22.8351509Z === RUN   TestR86ManualDisconnectPausesDiscoveryUntilRefresh
2026-10-08T04:19:22.8649415Z --- PASS: TestR86ManualDisconnectPausesDiscoveryUntilRefresh (0.03s)
2026-10-08T04:19:22.8650769Z === RUN   TestR86WebsocketDropKeepsLiveLCUConnection
2026-10-08T04:19:22.8651889Z === PAUSE TestR86WebsocketDropKeepsLiveLCUConnection
2026-10-08T04:19:22.8652738Z === RUN   TestConvenienceSettingsPersist
2026-10-08T04:19:22.8772379Z --- PASS: TestConvenienceSettingsPersist (0.01s)
2026-10-08T04:19:22.8773324Z === RUN   TestHandleGameplayConvenienceRoundTrip
2026-10-08T04:19:22.8853615Z --- PASS: TestHandleGameplayConvenienceRoundTrip (0.01s)
2026-10-08T04:19:22.8855696Z === RUN   TestHandleGameplayConvenienceNilRunner
2026-10-08T04:19:22.8856555Z --- PASS: TestHandleGameplayConvenienceNilRunner (0.00s)
2026-10-08T04:19:22.8857368Z === RUN   TestConvenienceHandlePhaseIsNilSafe
2026-10-08T04:19:22.8858053Z --- PASS: TestConvenienceHandlePhaseIsNilSafe (0.00s)
2026-10-08T04:19:22.8858529Z === RUN   TestConvenienceReadyCheckPostsAcceptOnce
2026-10-08T04:19:23.0879811Z --- PASS: TestConvenienceReadyCheckPostsAcceptOnce (0.20s)
2026-10-08T04:19:23.0880534Z === RUN   TestConvenienceDisabledPhaseDoesNotCallClient
2026-10-08T04:19:23.2386089Z --- PASS: TestConvenienceDisabledPhaseDoesNotCallClient (0.15s)
2026-10-08T04:19:23.2387547Z === RUN   TestConvenienceReconnectPostsAndNotifies
2026-10-08T04:19:23.2400408Z --- PASS: TestConvenienceReconnectPostsAndNotifies (0.00s)
2026-10-08T04:19:23.2401481Z === RUN   TestResolveRankDataSourcesMatrix
2026-10-08T04:19:23.2402301Z === RUN   TestResolveRankDataSourcesMatrix/local_prefers_LCU
2026-10-08T04:19:23.2403498Z --- PASS: TestResolveRankDataSourcesMatrix/local_prefers_LCU (0.00s)
2026-10-08T04:19:23.2404521Z === RUN   TestResolveRankDataSourcesMatrix/remote_uses_SGP
2026-10-08T04:19:23.2405431Z --- PASS: TestResolveRankDataSourcesMatrix/remote_uses_SGP (0.00s)
2026-10-08T04:19:23.2406583Z === RUN   TestResolveRankDataSourcesMatrix/disconnected_uses_SGP
2026-10-08T04:19:23.2408174Z --- PASS: TestResolveRankDataSourcesMatrix/disconnected_uses_SGP (0.00s)
2026-10-08T04:19:23.2409175Z === RUN   TestResolveRankDataSourcesMatrix/invalid_reference
2026-10-08T04:19:23.2410130Z --- PASS: TestResolveRankDataSourcesMatrix/invalid_reference (0.00s)
2026-10-08T04:19:23.2411024Z --- PASS: TestResolveRankDataSourcesMatrix (0.00s)
2026-10-08T04:19:23.2411800Z === RUN   TestResolveMatchHistoryDataSourcesMatrix
2026-10-08T04:19:23.2412843Z === RUN   TestResolveMatchHistoryDataSourcesMatrix/local_prefers_complete_SGP_roster
2026-10-08T04:19:23.2414528Z --- PASS: TestResolveMatchHistoryDataSourcesMatrix/local_prefers_complete_SGP_roster (0.00s)
2026-10-08T04:19:23.2415844Z === RUN   TestResolveMatchHistoryDataSourcesMatrix/remote_never_reads_current_LCU
2026-10-08T04:19:23.2417152Z --- PASS: TestResolveMatchHistoryDataSourcesMatrix/remote_never_reads_current_LCU (0.00s)
2026-10-08T04:19:23.2418034Z === RUN   TestResolveMatchHistoryDataSourcesMatrix/local_falls_back_when_SGP_unavailable
2026-10-08T04:19:23.2418825Z --- PASS: TestResolveMatchHistoryDataSourcesMatrix/local_falls_back_when_SGP_unavailable (0.00s)
2026-10-08T04:19:23.2419908Z === RUN   TestResolveMatchHistoryDataSourcesMatrix/invalid_reference
2026-10-08T04:19:23.2420948Z --- PASS: TestResolveMatchHistoryDataSourcesMatrix/invalid_reference (0.00s)
2026-10-08T04:19:23.2421916Z --- PASS: TestResolveMatchHistoryDataSourcesMatrix (0.00s)
2026-10-08T04:19:23.2422818Z === RUN   TestResolveTimelineDataSourcesRejectsCrossServerLCU
2026-10-08T04:19:23.2423858Z --- PASS: TestResolveTimelineDataSourcesRejectsCrossServerLCU (0.00s)
2026-10-08T04:19:23.2424796Z === RUN   TestRankScoreCacheDoesNotCrossReadSources
2026-10-08T04:19:23.2425657Z --- PASS: TestRankScoreCacheDoesNotCrossReadSources (0.00s)
2026-10-08T04:19:23.2426493Z === RUN   TestTimelineCacheDoesNotCrossReadSources
2026-10-08T04:19:23.2427376Z --- PASS: TestTimelineCacheDoesNotCrossReadSources (0.00s)
2026-10-08T04:19:23.2428133Z === RUN   TestSummonerCacheDoesNotCrossReadSources
2026-10-08T04:19:23.2428604Z --- PASS: TestSummonerCacheDoesNotCrossReadSources (0.00s)
2026-10-08T04:19:23.2429101Z === RUN   TestDesktopStartupStageHTTPValidationAndDiskWrite
2026-10-08T04:19:23.2429620Z === RUN   TestDesktopStartupStageHTTPValidationAndDiskWrite/backend
2026-10-08T04:19:23.2451618Z --- PASS: TestDesktopStartupStageHTTPValidationAndDiskWrite/backend (0.00s)
2026-10-08T04:19:23.2452798Z === RUN   TestDesktopStartupStageHTTPValidationAndDiskWrite/created
2026-10-08T04:19:23.2490746Z --- PASS: TestDesktopStartupStageHTTPValidationAndDiskWrite/created (0.00s)
2026-10-08T04:19:23.2492590Z === RUN   TestDesktopStartupStageHTTPValidationAndDiskWrite/loaded
2026-10-08T04:19:23.2528838Z --- PASS: TestDesktopStartupStageHTTPValidationAndDiskWrite/loaded (0.00s)
2026-10-08T04:19:23.2530112Z === RUN   TestDesktopStartupStageHTTPValidationAndDiskWrite/shown
2026-10-08T04:19:23.2566549Z --- PASS: TestDesktopStartupStageHTTPValidationAndDiskWrite/shown (0.00s)
2026-10-08T04:19:23.2568016Z === RUN   TestDesktopStartupStageHTTPValidationAndDiskWrite/negative
2026-10-08T04:19:23.2603479Z --- PASS: TestDesktopStartupStageHTTPValidationAndDiskWrite/negative (0.00s)
2026-10-08T04:19:23.2604955Z === RUN   TestDesktopStartupStageHTTPValidationAndDiskWrite/oversized_time
2026-10-08T04:19:23.2643453Z --- PASS: TestDesktopStartupStageHTTPValidationAndDiskWrite/oversized_time (0.00s)
2026-10-08T04:19:23.2644933Z === RUN   TestDesktopStartupStageHTTPValidationAndDiskWrite/unknown_field
2026-10-08T04:19:23.2671948Z --- PASS: TestDesktopStartupStageHTTPValidationAndDiskWrite/unknown_field (0.00s)
2026-10-08T04:19:23.2672673Z === RUN   TestDesktopStartupStageHTTPValidationAndDiskWrite/unknown_stage
2026-10-08T04:19:23.2699058Z --- PASS: TestDesktopStartupStageHTTPValidationAndDiskWrite/unknown_stage (0.00s)
2026-10-08T04:19:23.2700380Z === RUN   TestDesktopStartupStageHTTPValidationAndDiskWrite/wrong_type
2026-10-08T04:19:23.2726304Z --- PASS: TestDesktopStartupStageHTTPValidationAndDiskWrite/wrong_type (0.00s)
2026-10-08T04:19:23.2727186Z === RUN   TestDesktopStartupStageHTTPValidationAndDiskWrite/trailing
2026-10-08T04:19:23.2757149Z --- PASS: TestDesktopStartupStageHTTPValidationAndDiskWrite/trailing (0.00s)
2026-10-08T04:19:23.2758545Z === RUN   TestDesktopStartupStageHTTPValidationAndDiskWrite/empty
2026-10-08T04:19:23.2786012Z --- PASS: TestDesktopStartupStageHTTPValidationAndDiskWrite/empty (0.00s)
2026-10-08T04:19:23.2786913Z === RUN   TestDesktopStartupStageHTTPValidationAndDiskWrite/oversized_body
2026-10-08T04:19:23.7815056Z --- PASS: TestDesktopStartupStageHTTPValidationAndDiskWrite/oversized_body (0.50s)
2026-10-08T04:19:23.7816405Z === RUN   TestDesktopStartupStageHTTPValidationAndDiskWrite/unauthorized
2026-10-08T04:19:23.7845149Z --- PASS: TestDesktopStartupStageHTTPValidationAndDiskWrite/unauthorized (0.00s)
2026-10-08T04:19:23.7846180Z --- PASS: TestDesktopStartupStageHTTPValidationAndDiskWrite (0.54s)
2026-10-08T04:19:23.7846875Z === RUN   TestDesktopStartupStageMissingLogDirectoryCannotAcknowledgeSuccess
2026-10-08T04:19:23.7868497Z --- PASS: TestDesktopStartupStageMissingLogDirectoryCannotAcknowledgeSuccess (0.00s)
2026-10-08T04:19:23.7869678Z === RUN   TestDesktopStartupStageShellAndExportEndToEnd
2026-10-08T04:19:23.7870651Z === RUN   TestDesktopStartupStageShellAndExportEndToEnd/normal
2026-10-08T04:19:23.8957967Z --- PASS: TestDesktopStartupStageShellAndExportEndToEnd/normal (0.11s)
2026-10-08T04:19:23.8958732Z === RUN   TestDesktopStartupStageShellAndExportEndToEnd/stuck-created
2026-10-08T04:19:23.9959410Z --- PASS: TestDesktopStartupStageShellAndExportEndToEnd/stuck-created (0.10s)
2026-10-08T04:19:23.9960649Z === RUN   TestDesktopStartupStageShellAndExportEndToEnd/stuck-loaded
2026-10-08T04:19:24.0954175Z --- PASS: TestDesktopStartupStageShellAndExportEndToEnd/stuck-loaded (0.10s)
2026-10-08T04:19:24.0955726Z --- PASS: TestDesktopStartupStageShellAndExportEndToEnd (0.31s)
2026-10-08T04:19:24.0956788Z === RUN   TestDesktopStartupStageShellMutationsFailRealExport
2026-10-08T04:19:24.0958031Z === RUN   TestDesktopStartupStageShellMutationsFailRealExport/delay_until_window_shows
2026-10-08T04:19:24.1886318Z --- PASS: TestDesktopStartupStageShellMutationsFailRealExport/delay_until_window_shows (0.09s)
2026-10-08T04:19:24.1887855Z === RUN   TestDesktopStartupStageShellMutationsFailRealExport/unknown_payload_field
2026-10-08T04:19:24.2789587Z --- PASS: TestDesktopStartupStageShellMutationsFailRealExport/unknown_payload_field (0.09s)
2026-10-08T04:19:24.2791003Z --- PASS: TestDesktopStartupStageShellMutationsFailRealExport (0.18s)
2026-10-08T04:19:24.2792141Z === RUN   TestDesktopStartupStageProductionRouteRemainsAuthenticated
2026-10-08T04:19:24.2793370Z --- PASS: TestDesktopStartupStageProductionRouteRemainsAuthenticated (0.00s)
2026-10-08T04:19:24.2794448Z === RUN   TestDesktopStartupPhasesReachTheDiagnosticLog
2026-10-08T04:19:24.2818179Z --- PASS: TestDesktopStartupPhasesReachTheDiagnosticLog (0.00s)
2026-10-08T04:19:24.2819192Z === RUN   TestDesktopStartupRejectsMalformedPayloads
2026-10-08T04:19:24.2819893Z === RUN   TestDesktopStartupRejectsMalformedPayloads/unknown_field
2026-10-08T04:19:24.2837764Z --- PASS: TestDesktopStartupRejectsMalformedPayloads/unknown_field (0.00s)
2026-10-08T04:19:24.2839234Z === RUN   TestDesktopStartupRejectsMalformedPayloads/trailing_json
2026-10-08T04:19:24.2857782Z --- PASS: TestDesktopStartupRejectsMalformedPayloads/trailing_json (0.00s)
2026-10-08T04:19:24.2858623Z === RUN   TestDesktopStartupRejectsMalformedPayloads/not_an_object
2026-10-08T04:19:24.2875722Z --- PASS: TestDesktopStartupRejectsMalformedPayloads/not_an_object (0.00s)
2026-10-08T04:19:24.2876852Z === RUN   TestDesktopStartupRejectsMalformedPayloads/wrong_type
2026-10-08T04:19:24.2894715Z --- PASS: TestDesktopStartupRejectsMalformedPayloads/wrong_type (0.00s)
2026-10-08T04:19:24.2896173Z === RUN   TestDesktopStartupRejectsMalformedPayloads/empty_body
2026-10-08T04:19:24.2913127Z --- PASS: TestDesktopStartupRejectsMalformedPayloads/empty_body (0.00s)
2026-10-08T04:19:24.2914984Z --- PASS: TestDesktopStartupRejectsMalformedPayloads (0.01s)
2026-10-08T04:19:24.2916217Z === RUN   TestDesktopStartupClampsOutOfRangePhases
2026-10-08T04:19:24.2942079Z --- PASS: TestDesktopStartupClampsOutOfRangePhases (0.00s)
2026-10-08T04:19:24.2942901Z === RUN   TestR86DiagnosticEmittersAreDiscoveredAcrossSourceFiles
2026-10-08T04:19:24.4312322Z --- PASS: TestR86DiagnosticEmittersAreDiscoveredAcrossSourceFiles (0.14s)
2026-10-08T04:19:24.4313434Z === RUN   Test1042ClaimSettlementSuppressesLagNotNewEntitlements
2026-10-08T04:19:24.4314474Z --- PASS: Test1042ClaimSettlementSuppressesLagNotNewEntitlements (0.00s)
2026-10-08T04:19:24.4315484Z === RUN   Test1042ObjectiveClearOnlyUnreadIDsAndReadback
2026-10-08T04:19:24.4316423Z === RUN   Test1042ObjectiveClearOnlyUnreadIDsAndReadback/success
2026-10-08T04:19:24.4366587Z --- PASS: Test1042ObjectiveClearOnlyUnreadIDsAndReadback/success (0.01s)
2026-10-08T04:19:24.4368173Z === RUN   Test1042ObjectiveClearOnlyUnreadIDsAndReadback/rejected
2026-10-08T04:19:24.4410264Z --- PASS: Test1042ObjectiveClearOnlyUnreadIDsAndReadback/rejected (0.00s)
2026-10-08T04:19:24.4411359Z --- PASS: Test1042ObjectiveClearOnlyUnreadIDsAndReadback (0.01s)
2026-10-08T04:19:24.4412299Z === RUN   Test1042ObjectiveUnreadRejectsMalformedAndUnknown
2026-10-08T04:19:24.4413309Z --- PASS: Test1042ObjectiveUnreadRejectsMalformedAndUnknown (0.00s)
2026-10-08T04:19:24.4414103Z === RUN   Test1110CustomDraftUsesPracticePoolAndBans
2026-10-08T04:19:24.4418421Z --- PASS: Test1110CustomDraftUsesPracticePoolAndBans (0.00s)
2026-10-08T04:19:24.4419070Z === RUN   Test1110CustomDraftNeverBorrowsNormalPool
2026-10-08T04:19:24.4721706Z --- PASS: Test1110CustomDraftNeverBorrowsNormalPool (0.03s)
2026-10-08T04:19:24.4723131Z === RUN   Test1110RankedPickUsesOnlyAssignedLaneNotTopFirst
2026-10-08T04:19:24.4730192Z --- PASS: Test1110RankedPickUsesOnlyAssignedLaneNotTopFirst (0.00s)
2026-10-08T04:19:24.4732121Z === RUN   Test1110ARAMDefaultsAndSavedPreferences
2026-10-08T04:19:24.4733870Z --- PASS: Test1110ARAMDefaultsAndSavedPreferences (0.00s)
2026-10-08T04:19:24.4734833Z === RUN   Test1110DiagnosticReportsAutomationGatesNotPlayerData
2026-10-08T04:19:24.4735946Z --- PASS: Test1110DiagnosticReportsAutomationGatesNotPlayerData (0.00s)
2026-10-08T04:19:24.4736923Z === RUN   Test1412SavedBanSwitchReachesRunnerAndLCU
2026-10-08T04:19:24.4844673Z --- PASS: Test1412SavedBanSwitchReachesRunnerAndLCU (0.01s)
2026-10-08T04:19:24.4845873Z === RUN   Test1412CustomQueueOverridesFalseFlagAndNeverSearches
2026-10-08T04:19:24.4846669Z === RUN   Test1412CustomQueueOverridesFalseFlagAndNeverSearches/3100
2026-10-08T04:19:24.4953106Z --- PASS: Test1412CustomQueueOverridesFalseFlagAndNeverSearches/3100 (0.01s)
2026-10-08T04:19:24.4954000Z === RUN   Test1412CustomQueueOverridesFalseFlagAndNeverSearches/3110
2026-10-08T04:19:24.5059432Z --- PASS: Test1412CustomQueueOverridesFalseFlagAndNeverSearches/3110 (0.01s)
2026-10-08T04:19:24.5060651Z === RUN   Test1412CustomQueueOverridesFalseFlagAndNeverSearches/3200
2026-10-08T04:19:24.5166481Z --- PASS: Test1412CustomQueueOverridesFalseFlagAndNeverSearches/3200 (0.01s)
2026-10-08T04:19:24.5167764Z --- PASS: Test1412CustomQueueOverridesFalseFlagAndNeverSearches (0.03s)
2026-10-08T04:19:24.5170253Z === RUN   Test1412DisabledBanPoolExplainsWhyThenEnabledBanSubmits
2026-10-08T04:19:24.5175132Z --- PASS: Test1412DisabledBanPoolExplainsWhyThenEnabledBanSubmits (0.00s)
2026-10-08T04:19:24.5176276Z === RUN   Test1412GridReadFailureIsVisibleAndDeduplicated
2026-10-08T04:19:24.5179232Z --- PASS: Test1412GridReadFailureIsVisibleAndDeduplicated (0.00s)
2026-10-08T04:19:24.5180252Z === RUN   Test1412ChampSelectDiagnosticPathsStayDistinct
2026-10-08T04:19:24.5181235Z --- PASS: Test1412ChampSelectDiagnosticPathsStayDistinct (0.00s)
2026-10-08T04:19:24.5182265Z === RUN   Test1555AniviaKeepsFourthItemsWithoutFifthSamples
2026-10-08T04:19:24.5183192Z --- PASS: Test1555AniviaKeepsFourthItemsWithoutFifthSamples (0.00s)
2026-10-08T04:19:24.5184576Z === RUN   Test1555MalformedFifthKeepsValidFourthButReportsFailure
2026-10-08T04:19:24.5185635Z --- PASS: Test1555MalformedFifthKeepsValidFourthButReportsFailure (0.00s)
2026-10-08T04:19:24.5186900Z === RUN   Test1945FacadeApplyUsesDisplayedCatalogAndCanonicalChampionIdentity
2026-10-08T04:19:24.5252017Z --- PASS: Test1945FacadeApplyUsesDisplayedCatalogAndCanonicalChampionIdentity (0.01s)
2026-10-08T04:19:24.5253186Z === RUN   Test1945YourGGArenaRankingsMatchRealPage
2026-10-08T04:19:24.5270730Z --- PASS: Test1945YourGGArenaRankingsMatchRealPage (0.00s)
2026-10-08T04:19:24.5271854Z === RUN   Test1945ProShardMultiplicityAndAmbiguity
2026-10-08T04:19:24.5272776Z --- PASS: Test1945ProShardMultiplicityAndAmbiguity (0.00s)
2026-10-08T04:19:24.5273872Z === RUN   Test1945DropBearArtworkAcrossClientAndWebCatalogs
2026-10-08T04:19:24.5274869Z --- PASS: Test1945DropBearArtworkAcrossClientAndWebCatalogs (0.00s)
2026-10-08T04:19:24.5275922Z === RUN   Test1945RecommendedSerializationMatchesUserAkariFileByteForByte
2026-10-08T04:19:24.5277517Z --- PASS: Test1945RecommendedSerializationMatchesUserAkariFileByteForByte (0.00s)
2026-10-08T04:19:24.5278360Z === RUN   Test1945ProSupplementRetriesNetworkNotIdentityAndPublishesIndependently
2026-10-08T04:19:24.8283956Z --- PASS: Test1945ProSupplementRetriesNetworkNotIdentityAndPublishesIndependently (0.30s)
2026-10-08T04:19:24.8285294Z === RUN   Test1945LivePublicSources
2026-10-08T04:19:24.8286367Z     diagnostics_1945_regression_test.go:234: opt-in network test
2026-10-08T04:19:24.8287427Z --- SKIP: Test1945LivePublicSources (0.00s)
2026-10-08T04:19:24.8288543Z === RUN   Test2024CurrentRarityDatasetDateAndDistribution
2026-10-08T04:19:24.8302211Z --- PASS: Test2024CurrentRarityDatasetDateAndDistribution (0.00s)
2026-10-08T04:19:24.8303791Z === RUN   Test2024RarityProviderAcceptsCurrentPage
2026-10-08T04:19:24.8315473Z --- PASS: Test2024RarityProviderAcceptsCurrentPage (0.00s)
2026-10-08T04:19:24.8316324Z === RUN   Test2024AugmentUnsuffixedArtworkBeforeSmall
2026-10-08T04:19:24.8317185Z === RUN   Test2024AugmentUnsuffixedArtworkBeforeSmall/kiwi
2026-10-08T04:19:24.8320068Z --- PASS: Test2024AugmentUnsuffixedArtworkBeforeSmall/kiwi (0.00s)
2026-10-08T04:19:24.8321069Z === RUN   Test2024AugmentUnsuffixedArtworkBeforeSmall/cherry
2026-10-08T04:19:24.8324203Z --- PASS: Test2024AugmentUnsuffixedArtworkBeforeSmall/cherry (0.00s)
2026-10-08T04:19:24.8326076Z --- PASS: Test2024AugmentUnsuffixedArtworkBeforeSmall (0.00s)
2026-10-08T04:19:24.8328081Z === RUN   Test2055CredentialIDsIsolateOwnerKindRotationAndBoundMemory
2026-10-08T04:19:24.8330259Z --- PASS: Test2055CredentialIDsIsolateOwnerKindRotationAndBoundMemory (0.00s)
2026-10-08T04:19:24.8331367Z === RUN   Test2055AuthUnknownFieldsAndCodesAreCountedNotExported
2026-10-08T04:19:24.8332679Z --- PASS: Test2055AuthUnknownFieldsAndCodesAreCountedNotExported (0.00s)
2026-10-08T04:19:24.8333641Z === RUN   Test2055TokenReadFailureStagesAreExplicit
2026-10-08T04:19:24.8334550Z === RUN   Test2055TokenReadFailureStagesAreExplicit/none"secret"
2026-10-08T04:19:24.8335589Z --- PASS: Test2055TokenReadFailureStagesAreExplicit/none"secret" (0.00s)
2026-10-08T04:19:24.8336621Z === RUN   Test2055TokenReadFailureStagesAreExplicit/decode{broken
2026-10-08T04:19:24.8337981Z --- PASS: Test2055TokenReadFailureStagesAreExplicit/decode{broken (0.00s)
2026-10-08T04:19:24.8339029Z === RUN   Test2055TokenReadFailureStagesAreExplicit/decode{}
2026-10-08T04:19:24.8340001Z --- PASS: Test2055TokenReadFailureStagesAreExplicit/decode{} (0.00s)
2026-10-08T04:19:24.8340976Z === RUN   Test2055TokenReadFailureStagesAreExplicit/http-401"secret"
2026-10-08T04:19:24.8342011Z --- PASS: Test2055TokenReadFailureStagesAreExplicit/http-401"secret" (0.00s)
2026-10-08T04:19:24.8343009Z === RUN   Test2055TokenReadFailureStagesAreExplicit/empty-token""
2026-10-08T04:19:24.8344004Z --- PASS: Test2055TokenReadFailureStagesAreExplicit/empty-token"" (0.00s)
2026-10-08T04:19:24.8344979Z --- PASS: Test2055TokenReadFailureStagesAreExplicit (0.00s)
2026-10-08T04:19:24.8346189Z === RUN   Test2055ClientDiagnosticNewFieldsAreAllowlisted
2026-10-08T04:19:24.8369924Z --- PASS: Test2055ClientDiagnosticNewFieldsAreAllowlisted (0.00s)
2026-10-08T04:19:24.8370530Z === RUN   Test2055DiagnosticWriteRecoveryAndReadLimit
2026-10-08T04:19:24.8418660Z --- PASS: Test2055DiagnosticWriteRecoveryAndReadLimit (0.00s)
2026-10-08T04:19:24.8419646Z === RUN   Test2055DiagnosticExportWriteFailureIsRecorded
2026-10-08T04:19:24.8449573Z --- PASS: Test2055DiagnosticExportWriteFailureIsRecorded (0.00s)
2026-10-08T04:19:24.8450571Z === RUN   Test2055RankingHandlerAcceptsCanonicalFivePositions
2026-10-08T04:19:24.8495944Z --- PASS: Test2055RankingHandlerAcceptsCanonicalFivePositions (0.00s)
2026-10-08T04:19:24.8497241Z === RUN   Test2135ObservedCurrentActionUndefinedEmptyIDPartialRoster
2026-10-08T04:19:24.8542262Z --- PASS: Test2135ObservedCurrentActionUndefinedEmptyIDPartialRoster (0.00s)
2026-10-08T04:19:24.8543647Z === RUN   Test2135CurrentActionReferencesAndOptionalFields
2026-10-08T04:19:24.8601079Z --- PASS: Test2135CurrentActionReferencesAndOptionalFields (0.01s)
2026-10-08T04:19:24.8602037Z === RUN   Test2135LivePublicCurrentGame
2026-10-08T04:19:24.8602721Z     diagnostics_2135_test.go:86: opt-in public read-only request
2026-10-08T04:19:24.8603213Z --- SKIP: Test2135LivePublicCurrentGame (0.00s)
2026-10-08T04:19:24.8603706Z === RUN   Test2143CustomBanAvailabilityUpdatesAndPickWithWatchOff
2026-10-08T04:19:24.8626309Z --- PASS: Test2143CustomBanAvailabilityUpdatesAndPickWithWatchOff (0.00s)
2026-10-08T04:19:24.8627553Z === RUN   Test2143TeammateChangingHoverReleasesPreviousCandidate
2026-10-08T04:19:24.8634321Z --- PASS: Test2143TeammateChangingHoverReleasesPreviousCandidate (0.00s)
2026-10-08T04:19:24.8635353Z === RUN   Test2143OwnHoverEventBeforeHTTPAckDoesNotYield
2026-10-08T04:19:24.8638383Z --- PASS: Test2143OwnHoverEventBeforeHTTPAckDoesNotYield (0.00s)
2026-10-08T04:19:24.8639752Z === RUN   Test2143EarlierUnfinishedInactiveBanDoesNotHideActivePick
2026-10-08T04:19:24.8643913Z --- PASS: Test2143EarlierUnfinishedInactiveBanDoesNotHideActivePick (0.00s)
2026-10-08T04:19:24.8645372Z === RUN   Test2244CustomLifecycleSuppressesAllRulesAndCancelsJobs
2026-10-08T04:19:24.9655111Z --- PASS: Test2244CustomLifecycleSuppressesAllRulesAndCancelsJobs (0.10s)
2026-10-08T04:19:24.9656345Z === RUN   Test2244OfficialOpponentTeamSpacing
2026-10-08T04:19:24.9657150Z --- PASS: Test2244OfficialOpponentTeamSpacing (0.00s)
2026-10-08T04:19:24.9657999Z === RUN   Test2244EventNameAndRewardGroupIdentityNotAmounts
2026-10-08T04:19:24.9659595Z --- PASS: Test2244EventNameAndRewardGroupIdentityNotAmounts (0.00s)
2026-10-08T04:19:24.9660710Z === RUN   Test2244AuthorizedExactOPGGArchiveOnce
2026-10-08T04:19:24.9846016Z --- PASS: Test2244AuthorizedExactOPGGArchiveOnce (0.02s)
2026-10-08T04:19:24.9847033Z === RUN   Test2244OverviewAnimationUsesExactSkinAndCenteredVariant
2026-10-08T04:19:24.9847871Z --- PASS: Test2244OverviewAnimationUsesExactSkinAndCenteredVariant (0.00s)
2026-10-08T04:19:24.9849535Z === RUN   Test2244CustomTransitionCancelsAdmittedHTTPWrites
2026-10-08T04:19:24.9857870Z --- PASS: Test2244CustomTransitionCancelsAdmittedHTTPWrites (0.00s)
2026-10-08T04:19:24.9858975Z === RUN   Test2244ScanOfficialEventOptionsAndDeduplicateEndpoints
2026-10-08T04:19:24.9873092Z --- PASS: Test2244ScanOfficialEventOptionsAndDeduplicateEndpoints (0.00s)
2026-10-08T04:19:24.9874797Z === RUN   Test2253SameServerAliasObjectResponse
2026-10-08T04:19:24.9875593Z --- PASS: Test2253SameServerAliasObjectResponse (0.00s)
2026-10-08T04:19:24.9876334Z === RUN   Test2253ActionZeroHoverThenLock
2026-10-08T04:19:24.9886554Z --- PASS: Test2253ActionZeroHoverThenLock (0.00s)
2026-10-08T04:19:24.9887519Z === RUN   Test2253AliasResponseSupportsOnlyObjectAndArray
2026-10-08T04:19:24.9889878Z --- PASS: Test2253AliasResponseSupportsOnlyObjectAndArray (0.00s)
2026-10-08T04:19:24.9890442Z === RUN   Test2253SameServerAliasRejectsMultiplePlayers
2026-10-08T04:19:24.9891231Z --- PASS: Test2253SameServerAliasRejectsMultiplePlayers (0.00s)
2026-10-08T04:19:24.9891730Z === RUN   Test2253PendingPickRechecksTurnBeforeWriting
2026-10-08T04:19:24.9902439Z --- PASS: Test2253PendingPickRechecksTurnBeforeWriting (0.00s)
2026-10-08T04:19:24.9903680Z === RUN   Test2253CustomLegacyBanAndPickUseSameVerifiedModule
2026-10-08T04:19:24.9956389Z --- PASS: Test2253CustomLegacyBanAndPickUseSameVerifiedModule (0.01s)
2026-10-08T04:19:24.9958411Z === RUN   Test2253LegacySessionRequiresExactGameAndPlayer
2026-10-08T04:19:24.9960008Z === RUN   Test2253LegacySessionRequiresExactGameAndPlayer/inactive
2026-10-08T04:19:24.9961621Z --- PASS: Test2253LegacySessionRequiresExactGameAndPlayer/inactive (0.00s)
2026-10-08T04:19:24.9962786Z === RUN   Test2253LegacySessionRequiresExactGameAndPlayer/other-game
2026-10-08T04:19:24.9964471Z --- PASS: Test2253LegacySessionRequiresExactGameAndPlayer/other-game (0.00s)
2026-10-08T04:19:24.9965652Z === RUN   Test2253LegacySessionRequiresExactGameAndPlayer/other-player
2026-10-08T04:19:24.9966491Z --- PASS: Test2253LegacySessionRequiresExactGameAndPlayer/other-player (0.00s)
2026-10-08T04:19:24.9967130Z === RUN   Test2253LegacySessionRequiresExactGameAndPlayer/same
2026-10-08T04:19:24.9967712Z --- PASS: Test2253LegacySessionRequiresExactGameAndPlayer/same (0.00s)
2026-10-08T04:19:24.9968442Z --- PASS: Test2253LegacySessionRequiresExactGameAndPlayer (0.00s)
2026-10-08T04:19:24.9969023Z === RUN   Test2253SubmitRechecksOriginalCellAndQueue
2026-10-08T04:19:24.9969491Z === RUN   Test2253SubmitRechecksOriginalCellAndQueue/cell
2026-10-08T04:19:24.9970020Z --- PASS: Test2253SubmitRechecksOriginalCellAndQueue/cell (0.00s)
2026-10-08T04:19:24.9970554Z === RUN   Test2253SubmitRechecksOriginalCellAndQueue/queue
2026-10-08T04:19:24.9971231Z --- PASS: Test2253SubmitRechecksOriginalCellAndQueue/queue (0.00s)
2026-10-08T04:19:24.9971785Z --- PASS: Test2253SubmitRechecksOriginalCellAndQueue (0.00s)
2026-10-08T04:19:24.9972316Z === RUN   Test2351PickSkipsTeammateChampionEvenWithoutIntentFlag
2026-10-08T04:19:24.9990369Z --- PASS: Test2351PickSkipsTeammateChampionEvenWithoutIntentFlag (0.00s)
2026-10-08T04:19:24.9991538Z === RUN   Test2351OwnHoverFallsThroughWhenTeammateTakesChampion
2026-10-08T04:19:25.0014745Z --- PASS: Test2351OwnHoverFallsThroughWhenTeammateTakesChampion (0.00s)
2026-10-08T04:19:25.0016120Z === RUN   Test2351PreflightRejectsTeammatePickArrivingDuringDelay
2026-10-08T04:19:25.0017179Z --- PASS: Test2351PreflightRejectsTeammatePickArrivingDuringDelay (0.00s)
2026-10-08T04:19:25.0018187Z === RUN   Test2351BanSentinelHoversOnceWithoutLocking
2026-10-08T04:19:25.0027426Z --- PASS: Test2351BanSentinelHoversOnceWithoutLocking (0.00s)
2026-10-08T04:19:25.0028384Z === RUN   Test2351AuthDiagnosticNeverExportsSecrets
2026-10-08T04:19:25.0029517Z --- PASS: Test2351AuthDiagnosticNeverExportsSecrets (0.00s)
2026-10-08T04:19:25.0030787Z === RUN   Test2351SourceDiagnosticIncludesRawBanIDsAndTeamWithoutIdentity
2026-10-08T04:19:25.0034232Z --- PASS: Test2351SourceDiagnosticIncludesRawBanIDsAndTeamWithoutIdentity (0.00s)
2026-10-08T04:19:25.0036686Z === RUN   Test2351DelayedPickCancelsThenAdvancesOnFreshSession
2026-10-08T04:19:25.0058943Z --- PASS: Test2351DelayedPickCancelsThenAdvancesOnFreshSession (0.00s)
2026-10-08T04:19:25.0060428Z === RUN   Test2351AuthRequestLogsRefreshWithoutChangingTokenContract
2026-10-08T04:19:25.0061395Z --- PASS: Test2351AuthRequestLogsRefreshWithoutChangingTokenContract (0.00s)
2026-10-08T04:19:25.0062045Z === RUN   TestR252DefaultEmbeddedAssetsHaveNoActivationContent
2026-10-08T04:19:25.0152355Z --- PASS: TestR252DefaultEmbeddedAssetsHaveNoActivationContent (0.01s)
2026-10-08T04:19:25.0153236Z === RUN   TestR248DisabledHTTPAndPrivacy
2026-10-08T04:19:25.0154411Z --- PASS: TestR248DisabledHTTPAndPrivacy (0.00s)
2026-10-08T04:19:25.0155164Z === RUN   TestR248DisabledStartupNoAuthorizationNetwork
2026-10-08T04:19:25.0161429Z --- PASS: TestR248DisabledStartupNoAuthorizationNetwork (0.00s)
2026-10-08T04:19:25.0162814Z === RUN   TestR248Existing01276ReleaseAsset
2026-10-08T04:19:25.2207656Z --- PASS: TestR248Existing01276ReleaseAsset (0.20s)
2026-10-08T04:19:25.2208620Z === RUN   TestFeatureGatesUseDefaultsAndApplyKnownOverrides
2026-10-08T04:19:25.2209626Z --- PASS: TestFeatureGatesUseDefaultsAndApplyKnownOverrides (0.00s)
2026-10-08T04:19:25.2210528Z === RUN   TestFeatureGateRejectsNonHTTPSRemote
2026-10-08T04:19:25.2211325Z --- PASS: TestFeatureGateRejectsNonHTTPSRemote (0.00s)
2026-10-08T04:19:25.2212097Z === RUN   TestFeatureGateMapsQQ101Host
2026-10-08T04:19:25.2212579Z --- PASS: TestFeatureGateMapsQQ101Host (0.00s)
2026-10-08T04:19:25.2213277Z === RUN   TestFeatureGateMapsARAMKitHost
2026-10-08T04:19:25.2213757Z --- PASS: TestFeatureGateMapsARAMKitHost (0.00s)
2026-10-08T04:19:25.2214234Z === RUN   TestClientDiagnosticAcceptsMultipleEventWhitelists
2026-10-08T04:19:25.2224866Z --- PASS: TestClientDiagnosticAcceptsMultipleEventWhitelists (0.00s)
2026-10-08T04:19:25.2226292Z === RUN   TestClientDiagnosticRejectsAndLogsUnknownEvent
2026-10-08T04:19:25.2252686Z --- PASS: TestClientDiagnosticRejectsAndLogsUnknownEvent (0.00s)
2026-10-08T04:19:25.2253964Z === RUN   TestClientDiagnosticTruncatesKeyBeforeWriting
2026-10-08T04:19:25.2280533Z --- PASS: TestClientDiagnosticTruncatesKeyBeforeWriting (0.00s)
2026-10-08T04:19:25.2281596Z === RUN   TestClientDiagnosticWritesSanitizedEvent
2026-10-08T04:19:25.2311670Z --- PASS: TestClientDiagnosticWritesSanitizedEvent (0.00s)
2026-10-08T04:19:25.2312741Z === RUN   TestR165LiveRosterRenderedKeepsSeparateHiddenCountsOnly
2026-10-08T04:19:25.2339954Z --- PASS: TestR165LiveRosterRenderedKeepsSeparateHiddenCountsOnly (0.00s)
2026-10-08T04:19:25.2341479Z === RUN   TestMatchTierOverviewDiagnosticKeepsOnlyAggregateCounts
2026-10-08T04:19:25.2367481Z --- PASS: TestMatchTierOverviewDiagnosticKeepsOnlyAggregateCounts (0.00s)
2026-10-08T04:19:25.2369768Z === RUN   TestFlowDiagnosticsPreflightReasonsAndNoWrites
2026-10-08T04:19:25.2371261Z --- PASS: TestFlowDiagnosticsPreflightReasonsAndNoWrites (0.00s)
2026-10-08T04:19:25.2372420Z === RUN   TestFlowDiagnosticsPostflightDistinguishesAckFromApplied
2026-10-08T04:19:25.2373562Z --- PASS: TestFlowDiagnosticsPostflightDistinguishesAckFromApplied (0.00s)
2026-10-08T04:19:25.2374555Z === RUN   TestFlowDiagnosticsDedupHeartbeatAndExportCounts
2026-10-08T04:19:25.2390632Z --- PASS: TestFlowDiagnosticsDedupHeartbeatAndExportCounts (0.00s)
2026-10-08T04:19:25.2391560Z === RUN   TestFlowDiagnosticsRunAndSequenceAreOrderedUnderConcurrency
2026-10-08T04:19:25.2428648Z --- PASS: TestFlowDiagnosticsRunAndSequenceAreOrderedUnderConcurrency (0.00s)
2026-10-08T04:19:25.2430091Z === RUN   TestFlowDiagnosticsExportKeepsFiveOrderedGenerations
2026-10-08T04:19:25.2496108Z --- PASS: TestFlowDiagnosticsExportKeepsFiveOrderedGenerations (0.01s)
2026-10-08T04:19:25.2497242Z === RUN   TestFlowDiagnosticsClientAllowlistDiscardsIdentityText
2026-10-08T04:19:25.2523046Z --- PASS: TestFlowDiagnosticsClientAllowlistDiscardsIdentityText (0.00s)
2026-10-08T04:19:25.2524324Z === RUN   TestFlowDiagnosticsCanceledEventsRemainExportable
2026-10-08T04:19:25.2548921Z --- PASS: TestFlowDiagnosticsCanceledEventsRemainExportable (0.00s)
2026-10-08T04:19:25.2551565Z === RUN   TestFlowDiagnosticsRosterSummaryAndNestedAuthArePrivate
2026-10-08T04:19:25.2552663Z --- PASS: TestFlowDiagnosticsRosterSummaryAndNestedAuthArePrivate (0.00s)
2026-10-08T04:19:25.2553300Z === RUN   TestFlowDiagnosticsEarlyRequestFailuresKeepTrace
2026-10-08T04:19:25.2553834Z === RUN   TestFlowDiagnosticsEarlyRequestFailuresKeepTrace/invalid
2026-10-08T04:19:25.2581812Z --- PASS: TestFlowDiagnosticsEarlyRequestFailuresKeepTrace/invalid (0.00s)
2026-10-08T04:19:25.2583152Z === RUN   TestFlowDiagnosticsEarlyRequestFailuresKeepTrace/expired
2026-10-08T04:19:25.2610965Z --- PASS: TestFlowDiagnosticsEarlyRequestFailuresKeepTrace/expired (0.00s)
2026-10-08T04:19:25.2611814Z === RUN   TestFlowDiagnosticsEarlyRequestFailuresKeepTrace/private
2026-10-08T04:19:25.2638915Z --- PASS: TestFlowDiagnosticsEarlyRequestFailuresKeepTrace/private (0.00s)
2026-10-08T04:19:25.2640469Z --- PASS: TestFlowDiagnosticsEarlyRequestFailuresKeepTrace (0.01s)
2026-10-08T04:19:25.2641420Z === RUN   TestFlowDiagnosticsRotationMarkerSequence
2026-10-08T04:19:25.2696797Z --- PASS: TestFlowDiagnosticsRotationMarkerSequence (0.01s)
2026-10-08T04:19:25.2698209Z === RUN   TestFlowDiagnosticsRotationFailurePreservesEvidence
2026-10-08T04:19:25.2757686Z --- PASS: TestFlowDiagnosticsRotationFailurePreservesEvidence (0.01s)
2026-10-08T04:19:25.2758664Z === RUN   TestFlowDiagnosticsSamplingMemoryIsBounded
2026-10-08T04:19:25.2837559Z --- PASS: TestFlowDiagnosticsSamplingMemoryIsBounded (0.01s)
2026-10-08T04:19:25.2838793Z === RUN   TestSettingsLockRejectsUnverifiedResult
2026-10-08T04:19:25.2839613Z === RUN   TestSettingsLockRejectsUnverifiedResult/lock-reverted
2026-10-08T04:19:25.2919768Z --- PASS: TestSettingsLockRejectsUnverifiedResult/lock-reverted (0.01s)
2026-10-08T04:19:25.2921214Z === RUN   TestSettingsLockRejectsUnverifiedResult/unlock-reverted
2026-10-08T04:19:25.2999087Z --- PASS: TestSettingsLockRejectsUnverifiedResult/unlock-reverted (0.01s)
2026-10-08T04:19:25.3000245Z === RUN   TestSettingsLockRejectsUnverifiedResult/lock-file-missing
2026-10-08T04:19:25.3061952Z --- PASS: TestSettingsLockRejectsUnverifiedResult/lock-file-missing (0.01s)
2026-10-08T04:19:25.3062913Z === RUN   TestSettingsLockRejectsUnverifiedResult/unlock-file-missing
2026-10-08T04:19:25.3126737Z --- PASS: TestSettingsLockRejectsUnverifiedResult/unlock-file-missing (0.01s)
2026-10-08T04:19:25.3128520Z --- PASS: TestSettingsLockRejectsUnverifiedResult (0.03s)
2026-10-08T04:19:25.3129228Z === RUN   TestGameplayRecommendationBundleDropsAugmentStages
2026-10-08T04:19:25.4971411Z     gameplay_r116b_test.go:83: 海克斯段 JSON：详情页 13005 B → 局内 4583 B（省 8422 B，64.8%，夹具 10 条 augment）
2026-10-08T04:19:25.4997780Z --- PASS: TestGameplayRecommendationBundleDropsAugmentStages (0.19s)
2026-10-08T04:19:25.5004293Z === RUN   TestGameplayMatchupNoticesSingleHitProducesExactlyOneNotice
2026-10-08T04:19:25.5009066Z --- PASS: TestGameplayMatchupNoticesSingleHitProducesExactlyOneNotice (0.00s)
2026-10-08T04:19:25.5010130Z === RUN   TestGameplayMatchupNoticesMissProducesNothing
2026-10-08T04:19:25.5021847Z --- PASS: TestGameplayMatchupNoticesMissProducesNothing (0.00s)
2026-10-08T04:19:25.5023096Z === RUN   TestGameplaySynergyNoticesHitAndSelfExclusion
2026-10-08T04:19:25.5031914Z --- PASS: TestGameplaySynergyNoticesHitAndSelfExclusion (0.00s)
2026-10-08T04:19:25.5033623Z === RUN   TestGameplayRosterNoticesSortByAbsoluteDeltaAndCapAtFive
2026-10-08T04:19:25.5034846Z     gameplay_r116d_test.go:179: roster length 7 exceeds one side of a 5v5
2026-10-08T04:19:25.5036571Z --- PASS: TestGameplayRosterNoticesSortByAbsoluteDeltaAndCapAtFive (0.00s)
2026-10-08T04:19:25.5037686Z === RUN   TestGameplayRosterNoticeJSONTagsEmitBothConfidenceBounds
2026-10-08T04:19:25.5038777Z --- PASS: TestGameplayRosterNoticeJSONTagsEmitBothConfidenceBounds (0.00s)
2026-10-08T04:19:25.5039822Z === RUN   TestGameplayRosterNoticesPassThroughWeakEvidence
2026-10-08T04:19:25.5040782Z --- PASS: TestGameplayRosterNoticesPassThroughWeakEvidence (0.00s)
2026-10-08T04:19:25.5041945Z === RUN   TestGameplayRosterChampionIDsStrictParsing
2026-10-08T04:19:25.5042818Z --- PASS: TestGameplayRosterChampionIDsStrictParsing (0.00s)
2026-10-08T04:19:25.5044060Z === RUN   TestGameplayMatchupNoticesNeverMatchDegenerationIsDetected
2026-10-08T04:19:25.5051446Z --- PASS: TestGameplayMatchupNoticesNeverMatchDegenerationIsDetected (0.00s)
2026-10-08T04:19:25.5052618Z === RUN   TestGameplayRosterInsightsAddZeroHexdataRequests
2026-10-08T04:19:25.9366318Z --- PASS: TestGameplayRosterInsightsAddZeroHexdataRequests (0.43s)
2026-10-08T04:19:25.9367508Z === RUN   TestGameplayRosterInsightsSuppressEnemiesDuringChampSelect
2026-10-08T04:19:26.1671912Z --- PASS: TestGameplayRosterInsightsSuppressEnemiesDuringChampSelect (0.23s)
2026-10-08T04:19:26.1673119Z === RUN   TestGameplayRosterInsightsAllowEnemiesInProgress
2026-10-08T04:19:26.3847908Z --- PASS: TestGameplayRosterInsightsAllowEnemiesInProgress (0.22s)
2026-10-08T04:19:26.3848512Z === RUN   TestGameplayRosterMatchupPhaseWhitelist
2026-10-08T04:19:26.3849004Z --- PASS: TestGameplayRosterMatchupPhaseWhitelist (0.00s)
2026-10-08T04:19:26.3849552Z === RUN   TestGameplayRosterInsightsStaySilentOutsideMayhem
2026-10-08T04:19:26.3850105Z --- PASS: TestGameplayRosterInsightsStaySilentOutsideMayhem (0.00s)
2026-10-08T04:19:26.3850681Z === RUN   TestGameplayPeekCachedHexdataPageNeverHitsUpstream
2026-10-08T04:19:26.6234712Z --- PASS: TestGameplayPeekCachedHexdataPageNeverHitsUpstream (0.24s)
2026-10-08T04:19:26.6235652Z === RUN   TestParseLiveClientPlayerListReadsItems
2026-10-08T04:19:26.6236722Z --- PASS: TestParseLiveClientPlayerListReadsItems (0.00s)
2026-10-08T04:19:26.6237852Z === RUN   TestParseLiveClientItemsToleratesMalformedShapes
2026-10-08T04:19:26.6238840Z === RUN   TestParseLiveClientItemsToleratesMalformedShapes/no_items_key
2026-10-08T04:19:26.6240115Z --- PASS: TestParseLiveClientItemsToleratesMalformedShapes/no_items_key (0.00s)
2026-10-08T04:19:26.6241320Z === RUN   TestParseLiveClientItemsToleratesMalformedShapes/items_is_null
2026-10-08T04:19:26.6243397Z --- PASS: TestParseLiveClientItemsToleratesMalformedShapes/items_is_null (0.00s)
2026-10-08T04:19:26.6244694Z === RUN   TestParseLiveClientItemsToleratesMalformedShapes/items_is_an_object
2026-10-08T04:19:26.6246004Z --- PASS: TestParseLiveClientItemsToleratesMalformedShapes/items_is_an_object (0.00s)
2026-10-08T04:19:26.6247278Z === RUN   TestParseLiveClientItemsToleratesMalformedShapes/items_is_a_string
2026-10-08T04:19:26.6248567Z --- PASS: TestParseLiveClientItemsToleratesMalformedShapes/items_is_a_string (0.00s)
2026-10-08T04:19:26.6249864Z === RUN   TestParseLiveClientItemsToleratesMalformedShapes/element_is_not_an_object
2026-10-08T04:19:26.6251222Z --- PASS: TestParseLiveClientItemsToleratesMalformedShapes/element_is_not_an_object (0.00s)
2026-10-08T04:19:26.6252593Z === RUN   TestParseLiveClientItemsToleratesMalformedShapes/itemID_is_not_numeric
2026-10-08T04:19:26.6253961Z --- PASS: TestParseLiveClientItemsToleratesMalformedShapes/itemID_is_not_numeric (0.00s)
2026-10-08T04:19:26.6255636Z === RUN   TestParseLiveClientItemsToleratesMalformedShapes/itemID_missing
2026-10-08T04:19:26.6256882Z --- PASS: TestParseLiveClientItemsToleratesMalformedShapes/itemID_missing (0.00s)
2026-10-08T04:19:26.6258142Z === RUN   TestParseLiveClientItemsToleratesMalformedShapes/itemID_is_zero
2026-10-08T04:19:26.6259475Z --- PASS: TestParseLiveClientItemsToleratesMalformedShapes/itemID_is_zero (0.00s)
2026-10-08T04:19:26.6260759Z === RUN   TestParseLiveClientItemsToleratesMalformedShapes/itemID_is_fractional
2026-10-08T04:19:26.6262128Z --- PASS: TestParseLiveClientItemsToleratesMalformedShapes/itemID_is_fractional (0.00s)
2026-10-08T04:19:26.6263526Z === RUN   TestParseLiveClientItemsToleratesMalformedShapes/itemID_is_a_numeric_string
2026-10-08T04:19:26.6264997Z --- PASS: TestParseLiveClientItemsToleratesMalformedShapes/itemID_is_a_numeric_string (0.00s)
2026-10-08T04:19:26.6266328Z === RUN   TestParseLiveClientItemsToleratesMalformedShapes/lowercase_key_spelling
2026-10-08T04:19:26.6267727Z --- PASS: TestParseLiveClientItemsToleratesMalformedShapes/lowercase_key_spelling (0.00s)
2026-10-08T04:19:26.6269585Z === RUN   TestParseLiveClientItemsToleratesMalformedShapes/mixed_valid_and_invalid_elements
2026-10-08T04:19:26.6271170Z --- PASS: TestParseLiveClientItemsToleratesMalformedShapes/mixed_valid_and_invalid_elements (0.00s)
2026-10-08T04:19:26.6272505Z --- PASS: TestParseLiveClientItemsToleratesMalformedShapes (0.00s)
2026-10-08T04:19:26.6273449Z === RUN   TestCloneLiveClientSnapshotDeepCopiesItems
2026-10-08T04:19:26.6274354Z --- PASS: TestCloneLiveClientSnapshotDeepCopiesItems (0.00s)
2026-10-08T04:19:26.6275750Z === RUN   TestLiveClientItemsForIdentitiesDistinguishesEmptyFromMissing
2026-10-08T04:19:26.6277018Z --- PASS: TestLiveClientItemsForIdentitiesDistinguishesEmptyFromMissing (0.00s)
2026-10-08T04:19:26.6278497Z === RUN   TestRecordLiveClientItemsParsedEmitsBoundedDiagnostic
2026-10-08T04:19:26.6282322Z --- PASS: TestRecordLiveClientItemsParsedEmitsBoundedDiagnostic (0.00s)
2026-10-08T04:19:26.6283418Z === RUN   TestGameplayOwnedTerminalItemIDsFiltersConsumablesAndJunk
2026-10-08T04:19:26.6284615Z --- PASS: TestGameplayOwnedTerminalItemIDsFiltersConsumablesAndJunk (0.00s)
2026-10-08T04:19:26.6285620Z === RUN   TestGameplayNextItemSuggestionMatchesTrioPrefix
2026-10-08T04:19:26.6295081Z --- PASS: TestGameplayNextItemSuggestionMatchesTrioPrefix (0.00s)
2026-10-08T04:19:26.6296051Z === RUN   TestGameplayNextItemSuggestionDegradesToNothing
2026-10-08T04:19:26.6305781Z === RUN   TestGameplayNextItemSuggestionDegradesToNothing/no_items_at_all
2026-10-08T04:19:26.6307862Z --- PASS: TestGameplayNextItemSuggestionDegradesToNothing/no_items_at_all (0.00s)
2026-10-08T04:19:26.6309074Z === RUN   TestGameplayNextItemSuggestionDegradesToNothing/only_one_item
2026-10-08T04:19:26.6318366Z --- PASS: TestGameplayNextItemSuggestionDegradesToNothing/only_one_item (0.00s)
2026-10-08T04:19:26.6319976Z === RUN   TestGameplayNextItemSuggestionDegradesToNothing/two_items_but_no_trio
2026-10-08T04:19:26.6322118Z --- PASS: TestGameplayNextItemSuggestionDegradesToNothing/two_items_but_no_trio (0.00s)
2026-10-08T04:19:26.6323451Z === RUN   TestGameplayNextItemSuggestionDegradesToNothing/prefix_does_not_match
2026-10-08T04:19:26.6324719Z --- PASS: TestGameplayNextItemSuggestionDegradesToNothing/prefix_does_not_match (0.00s)
2026-10-08T04:19:26.6326458Z === RUN   TestGameplayNextItemSuggestionDegradesToNothing/already_owns_all_three
2026-10-08T04:19:26.6327715Z --- PASS: TestGameplayNextItemSuggestionDegradesToNothing/already_owns_all_three (0.00s)
2026-10-08T04:19:26.6328991Z === RUN   TestGameplayNextItemSuggestionDegradesToNothing/trio_has_wrong_length
2026-10-08T04:19:26.6330225Z --- PASS: TestGameplayNextItemSuggestionDegradesToNothing/trio_has_wrong_length (0.00s)
2026-10-08T04:19:26.6331550Z === RUN   TestGameplayNextItemSuggestionDegradesToNothing/trio_has_a_zero_id
2026-10-08T04:19:26.6332439Z --- PASS: TestGameplayNextItemSuggestionDegradesToNothing/trio_has_a_zero_id (0.00s)
2026-10-08T04:19:26.6333154Z === RUN   TestGameplayNextItemSuggestionDegradesToNothing/owned_ids_are_all_junk
2026-10-08T04:19:26.6333908Z --- PASS: TestGameplayNextItemSuggestionDegradesToNothing/owned_ids_are_all_junk (0.00s)
2026-10-08T04:19:26.6346382Z --- PASS: TestGameplayNextItemSuggestionDegradesToNothing (0.00s)
2026-10-08T04:19:26.6347201Z === RUN   TestR116DStageTwoStaysUnwired
2026-10-08T04:19:26.6347867Z --- PASS: TestR116DStageTwoStaysUnwired (0.00s)
2026-10-08T04:19:26.6348664Z === RUN   TestGameplayTeamPortraitFlagsGlassCannonComp
2026-10-08T04:19:26.6393842Z --- PASS: TestGameplayTeamPortraitFlagsGlassCannonComp (0.01s)
2026-10-08T04:19:26.6394825Z === RUN   TestGameplayTeamPortraitBalancedCompProducesNoLabels
2026-10-08T04:19:26.6443636Z --- PASS: TestGameplayTeamPortraitBalancedCompProducesNoLabels (0.00s)
2026-10-08T04:19:26.6444580Z === RUN   TestGameplayTeamPortraitEmptyLabelDegenerationIsDetected
2026-10-08T04:19:26.6495587Z --- PASS: TestGameplayTeamPortraitEmptyLabelDegenerationIsDetected (0.01s)
2026-10-08T04:19:26.6496416Z === RUN   TestGameplayTeamPortraitAveragesMatchDocumentedMeans
2026-10-08T04:19:26.6546706Z --- PASS: TestGameplayTeamPortraitAveragesMatchDocumentedMeans (0.00s)
2026-10-08T04:19:26.6547766Z === RUN   TestGameplayTeamPortraitLabelsRequireUsableAverages
2026-10-08T04:19:26.6594187Z --- PASS: TestGameplayTeamPortraitLabelsRequireUsableAverages (0.00s)
2026-10-08T04:19:26.6595290Z === RUN   TestGameplayTeamPortraitFromRequiresEnoughResolvedHeroes
2026-10-08T04:19:26.6646511Z --- PASS: TestGameplayTeamPortraitFromRequiresEnoughResolvedHeroes (0.00s)
2026-10-08T04:19:26.6647496Z === RUN   TestGameplayTeamPortraitEndToEnd
2026-10-08T04:19:27.1127286Z --- PASS: TestGameplayTeamPortraitEndToEnd (0.45s)
2026-10-08T04:19:27.1128304Z === RUN   TestR116EMayhemTabOnlyContainsMayhemGames
2026-10-08T04:19:27.1129708Z --- PASS: TestR116EMayhemTabOnlyContainsMayhemGames (0.00s)
2026-10-08T04:19:27.1130981Z === RUN   TestR116EMayhemTabRendersNoPositionsAndNoAbilityRadar
2026-10-08T04:19:27.1132646Z --- PASS: TestR116EMayhemTabRendersNoPositionsAndNoAbilityRadar (0.00s)
2026-10-08T04:19:27.1133906Z === RUN   TestR116EClassicTabsAreUnaffectedByMayhemSamples
2026-10-08T04:19:27.1134920Z --- PASS: TestR116EClassicTabsAreUnaffectedByMayhemSamples (0.00s)
2026-10-08T04:19:27.1135915Z === RUN   TestR116EKoreanPathStillProducesExactlyTwoQueues
2026-10-08T04:19:27.1136906Z --- PASS: TestR116EKoreanPathStillProducesExactlyTwoQueues (0.00s)
2026-10-08T04:19:27.1137866Z === RUN   TestR116EMayhemTabOnlyAppearsWhenSamplesExist
2026-10-08T04:19:27.1138781Z --- PASS: TestR116EMayhemTabOnlyAppearsWhenSamplesExist (0.00s)
2026-10-08T04:19:27.1139736Z === RUN   TestR116ERecentRankedSummaryForQueueNeverMixesQueues
2026-10-08T04:19:27.1140733Z --- PASS: TestR116ERecentRankedSummaryForQueueNeverMixesQueues (0.00s)
2026-10-08T04:19:27.1141892Z === RUN   TestR116ERankedQueueLabelCoversMayhemAndRefusesUnknownQueues
2026-10-08T04:19:27.1143144Z --- PASS: TestR116ERankedQueueLabelCoversMayhemAndRefusesUnknownQueues (0.00s)
2026-10-08T04:19:27.1144129Z === RUN   TestR116EChampionStatsStaysRankedOnly
2026-10-08T04:19:27.1144925Z --- PASS: TestR116EChampionStatsStaysRankedOnly (0.00s)
2026-10-08T04:19:27.1145935Z === RUN   TestR116ESeasonMayhemBuildsEndpointAggregatesPersonalSamples
2026-10-08T04:19:27.1262739Z --- PASS: TestR116ESeasonMayhemBuildsEndpointAggregatesPersonalSamples (0.01s)
2026-10-08T04:19:27.1263776Z === RUN   TestR116ESeasonMayhemBuildsEndpointHidesInsufficientSamples
2026-10-08T04:19:27.1379904Z --- PASS: TestR116ESeasonMayhemBuildsEndpointHidesInsufficientSamples (0.01s)
2026-10-08T04:19:27.1380785Z === RUN   TestR116ESeasonMayhemBuildsEndpointRejectsBadInputAndReportsMissingData
2026-10-08T04:19:27.1473396Z --- PASS: TestR116ESeasonMayhemBuildsEndpointRejectsBadInputAndReportsMissingData (0.01s)
2026-10-08T04:19:27.1474728Z === RUN   TestGameplayReferenceDoesNotExposeStablePlayerID
2026-10-08T04:19:27.1475697Z --- PASS: TestGameplayReferenceDoesNotExposeStablePlayerID (0.00s)
2026-10-08T04:19:27.1476398Z === RUN   TestGameplayReferenceCacheEvictsBothTablesTogether
2026-10-08T04:19:27.1709223Z --- PASS: TestGameplayReferenceCacheEvictsBothTablesTogether (0.02s)
2026-10-08T04:19:27.1710304Z === RUN   TestGameplayReferenceCacheUpdatesWithoutGrowing
2026-10-08T04:19:27.1711280Z --- PASS: TestGameplayReferenceCacheUpdatesWithoutGrowing (0.00s)
2026-10-08T04:19:27.1712332Z === RUN   TestGameplayOverviewRejectsUnregisteredStablePlayerID
2026-10-08T04:19:27.1743143Z --- PASS: TestGameplayOverviewRejectsUnregisteredStablePlayerID (0.00s)
2026-10-08T04:19:27.1744416Z === RUN   TestGameplayOverviewTencentLookupHTTPErrorIsExplainedAndRecorded
2026-10-08T04:19:27.1771880Z --- PASS: TestGameplayOverviewTencentLookupHTTPErrorIsExplainedAndRecorded (0.00s)
2026-10-08T04:19:27.1772652Z === RUN   TestTencentLookupRetriesOneTransportFailure
2026-10-08T04:19:27.6777873Z --- PASS: TestTencentLookupRetriesOneTransportFailure (0.50s)
2026-10-08T04:19:27.6779065Z === RUN   TestGameplayOverviewRecordsCompletePhaseTiming
2026-10-08T04:19:27.7393977Z --- PASS: TestGameplayOverviewRecordsCompletePhaseTiming (0.06s)
2026-10-08T04:19:27.7395638Z === RUN   TestGameplayOverviewOverlapsIndependentUpstreams
2026-10-08T04:19:27.9158604Z --- PASS: TestGameplayOverviewOverlapsIndependentUpstreams (0.18s)
2026-10-08T04:19:27.9159435Z === RUN   TestGameplayOverviewReturnsPartialBeforeTwentySeconds
2026-10-08T04:19:27.9953648Z --- PASS: TestGameplayOverviewReturnsPartialBeforeTwentySeconds (0.08s)
2026-10-08T04:19:27.9955419Z === RUN   TestGameplayOverviewHistoryWindowUsesCacheAcrossRequests
2026-10-08T04:19:28.0167784Z --- PASS: TestGameplayOverviewHistoryWindowUsesCacheAcrossRequests (0.02s)
2026-10-08T04:19:28.0169899Z === RUN   TestGameplayOverviewSkipsHistoryWindowWhenFirstPageHasMatches
2026-10-08T04:19:28.0380125Z --- PASS: TestGameplayOverviewSkipsHistoryWindowWhenFirstPageHasMatches (0.02s)
2026-10-08T04:19:28.0381737Z === RUN   TestGameplayOverviewSearchOtherPlayerLoadsBothRankedSamples
2026-10-08T04:19:28.0591242Z --- PASS: TestGameplayOverviewSearchOtherPlayerLoadsBothRankedSamples (0.02s)
2026-10-08T04:19:28.0592801Z === RUN   TestOverviewHistoryOnlyLoadsWhenTheFirstScreenHasNoMatches
2026-10-08T04:19:28.0593943Z --- PASS: TestOverviewHistoryOnlyLoadsWhenTheFirstScreenHasNoMatches (0.00s)
2026-10-08T04:19:28.0594837Z === RUN   TestGameplayCoreOptionsPreserveTheFullUpstreamLimit
2026-10-08T04:19:28.0595757Z --- PASS: TestGameplayCoreOptionsPreserveTheFullUpstreamLimit (0.00s)
2026-10-08T04:19:28.0596980Z === RUN   TestGameplayHistoryUsesRequestedPageWindow
2026-10-08T04:19:28.0611806Z --- PASS: TestGameplayHistoryUsesRequestedPageWindow (0.00s)
2026-10-08T04:19:28.0613296Z === RUN   TestGameplayPerkStylesAcceptClientWrapperAndBareArray
2026-10-08T04:19:28.0613987Z === RUN   TestGameplayPerkStylesAcceptClientWrapperAndBareArray/wrapped
2026-10-08T04:19:28.0635682Z --- PASS: TestGameplayPerkStylesAcceptClientWrapperAndBareArray/wrapped (0.00s)
2026-10-08T04:19:28.0637461Z === RUN   TestGameplayPerkStylesAcceptClientWrapperAndBareArray/array
2026-10-08T04:19:28.0657486Z --- PASS: TestGameplayPerkStylesAcceptClientWrapperAndBareArray/array (0.00s)
2026-10-08T04:19:28.0658849Z === RUN   TestGameplayPerkStylesAcceptClientWrapperAndBareArray/objects
2026-10-08T04:19:28.0679642Z --- PASS: TestGameplayPerkStylesAcceptClientWrapperAndBareArray/objects (0.00s)
2026-10-08T04:19:28.0680901Z --- PASS: TestGameplayPerkStylesAcceptClientWrapperAndBareArray (0.01s)
2026-10-08T04:19:28.0681612Z === RUN   TestGameplayPerkCatalogCachesLCUFiles
2026-10-08T04:19:28.0709780Z --- PASS: TestGameplayPerkCatalogCachesLCUFiles (0.00s)
2026-10-08T04:19:28.0712620Z === RUN   TestSanitizeAssetPathKeepsDataDragonFallback
2026-10-08T04:19:28.0713617Z --- PASS: TestSanitizeAssetPathKeepsDataDragonFallback (0.00s)
2026-10-08T04:19:28.0714832Z === RUN   TestNormalizeGameplayPerkCatalogReportsEnrichmentAndMissingIcons
2026-10-08T04:19:28.0716248Z --- PASS: TestNormalizeGameplayPerkCatalogReportsEnrichmentAndMissingIcons (0.00s)
2026-10-08T04:19:28.0717339Z === RUN   TestLCUFullHistoryPageKeepsPaginationOpen
2026-10-08T04:19:28.0737320Z --- PASS: TestLCUFullHistoryPageKeepsPaginationOpen (0.00s)
2026-10-08T04:19:28.0738304Z === RUN   TestLCUSingleParticipantSummaryFetchesFullGameDetail
2026-10-08T04:19:28.0764263Z --- PASS: TestLCUSingleParticipantSummaryFetchesFullGameDetail (0.00s)
2026-10-08T04:19:28.0765315Z === RUN   TestLCUSingleParticipantDetailRemainsExplicitlyIncomplete
2026-10-08T04:19:28.0782350Z --- PASS: TestLCUSingleParticipantDetailRemainsExplicitlyIncomplete (0.00s)
2026-10-08T04:19:28.0783740Z === RUN   TestCustomGamesAreRecognizedAcrossModes
2026-10-08T04:19:28.0784830Z --- PASS: TestCustomGamesAreRecognizedAcrossModes (0.00s)
2026-10-08T04:19:28.0786356Z === RUN   TestGameplayFilterDiagnosticsSplitEmptyAndCustomMatches
2026-10-08T04:19:28.0787785Z --- PASS: TestGameplayFilterDiagnosticsSplitEmptyAndCustomMatches (0.00s)
2026-10-08T04:19:28.0788966Z === RUN   TestSummarizeRiotParticipantsDetectsShortNonArenaRosters
2026-10-08T04:19:28.0790533Z --- PASS: TestSummarizeRiotParticipantsDetectsShortNonArenaRosters (0.00s)
2026-10-08T04:19:28.0791668Z === RUN   TestSummarizeRiotParticipantsIgnoresCustomRosters
2026-10-08T04:19:28.0792658Z --- PASS: TestSummarizeRiotParticipantsIgnoresCustomRosters (0.00s)
2026-10-08T04:19:28.0793610Z === RUN   TestVerifiedRankWinRateRejectsMissingLosses
2026-10-08T04:19:28.0794483Z --- PASS: TestVerifiedRankWinRateRejectsMissingLosses (0.00s)
2026-10-08T04:19:28.0795457Z === RUN   TestRiotParticipantAcceptsBothSummonerSpellFieldNames
2026-10-08T04:19:28.0796830Z === RUN   TestRiotParticipantAcceptsBothSummonerSpellFieldNames/match-v5
2026-10-08T04:19:28.0798068Z --- PASS: TestRiotParticipantAcceptsBothSummonerSpellFieldNames/match-v5 (0.00s)
2026-10-08T04:19:28.0800182Z === RUN   TestRiotParticipantAcceptsBothSummonerSpellFieldNames/sgp-legacy
2026-10-08T04:19:28.0801516Z --- PASS: TestRiotParticipantAcceptsBothSummonerSpellFieldNames/sgp-legacy (0.00s)
2026-10-08T04:19:28.0803096Z --- PASS: TestRiotParticipantAcceptsBothSummonerSpellFieldNames (0.00s)
2026-10-08T04:19:28.0803649Z === RUN   TestRemakeFallbackIsConservative
2026-10-08T04:19:28.0804522Z === RUN   TestRemakeFallbackIsConservative/riot_explicit_signal_wins
2026-10-08T04:19:28.0805438Z --- PASS: TestRemakeFallbackIsConservative/riot_explicit_signal_wins (0.00s)
2026-10-08T04:19:28.0806501Z === RUN   TestRemakeFallbackIsConservative/short_match_without_winner
2026-10-08T04:19:28.0807651Z --- PASS: TestRemakeFallbackIsConservative/short_match_without_winner (0.00s)
2026-10-08T04:19:28.0808800Z === RUN   TestRemakeFallbackIsConservative/short_match_with_winner
2026-10-08T04:19:28.0810090Z --- PASS: TestRemakeFallbackIsConservative/short_match_with_winner (0.00s)
2026-10-08T04:19:28.0811805Z === RUN   TestRemakeFallbackIsConservative/ordinary_surrender
2026-10-08T04:19:28.0812815Z --- PASS: TestRemakeFallbackIsConservative/ordinary_surrender (0.00s)
2026-10-08T04:19:28.0813694Z === RUN   TestRemakeFallbackIsConservative/long_match
2026-10-08T04:19:28.0814905Z --- PASS: TestRemakeFallbackIsConservative/long_match (0.00s)
2026-10-08T04:19:28.0815722Z === RUN   TestRemakeFallbackIsConservative/arena
2026-10-08T04:19:28.0816427Z --- PASS: TestRemakeFallbackIsConservative/arena (0.00s)
2026-10-08T04:19:28.0816894Z === RUN   TestRemakeFallbackIsConservative/bot_game
2026-10-08T04:19:28.0817532Z --- PASS: TestRemakeFallbackIsConservative/bot_game (0.00s)
2026-10-08T04:19:28.0818000Z === RUN   TestRemakeFallbackIsConservative/custom_game
2026-10-08T04:19:28.0818748Z --- PASS: TestRemakeFallbackIsConservative/custom_game (0.00s)
2026-10-08T04:19:28.0819627Z === RUN   TestRemakeFallbackIsConservative/unknown_queue
2026-10-08T04:19:28.0820528Z --- PASS: TestRemakeFallbackIsConservative/unknown_queue (0.00s)
2026-10-08T04:19:28.0821416Z --- PASS: TestRemakeFallbackIsConservative (0.00s)
2026-10-08T04:19:28.0822649Z === RUN   TestGameplayNormalizersDoNotMarkOrdinarySurrenderAsRemake
2026-10-08T04:19:28.0823886Z === RUN   TestGameplayNormalizersDoNotMarkOrdinarySurrenderAsRemake/lcu_participant_field
2026-10-08T04:19:28.0825447Z --- PASS: TestGameplayNormalizersDoNotMarkOrdinarySurrenderAsRemake/lcu_participant_field (0.00s)
2026-10-08T04:19:28.0827014Z === RUN   TestGameplayNormalizersDoNotMarkOrdinarySurrenderAsRemake/riot_participant_field
2026-10-08T04:19:28.0828197Z --- PASS: TestGameplayNormalizersDoNotMarkOrdinarySurrenderAsRemake/riot_participant_field (0.00s)
2026-10-08T04:19:28.0829122Z --- PASS: TestGameplayNormalizersDoNotMarkOrdinarySurrenderAsRemake (0.00s)
2026-10-08T04:19:28.0829972Z === RUN   TestGameplayNormalizersMarkEarlySurrenderAsRemake
2026-10-08T04:19:28.0831082Z === RUN   TestGameplayNormalizersMarkEarlySurrenderAsRemake/lcu_participant_field
2026-10-08T04:19:28.0832402Z --- PASS: TestGameplayNormalizersMarkEarlySurrenderAsRemake/lcu_participant_field (0.00s)
2026-10-08T04:19:28.0833742Z === RUN   TestGameplayNormalizersMarkEarlySurrenderAsRemake/riot_participant_field
2026-10-08T04:19:28.0835193Z --- PASS: TestGameplayNormalizersMarkEarlySurrenderAsRemake/riot_participant_field (0.00s)
2026-10-08T04:19:28.0836766Z --- PASS: TestGameplayNormalizersMarkEarlySurrenderAsRemake (0.00s)
2026-10-08T04:19:28.0837776Z === RUN   TestRemakesAreExcludedFromWinRateAggregates
2026-10-08T04:19:28.0838631Z --- PASS: TestRemakesAreExcludedFromWinRateAggregates (0.00s)
2026-10-08T04:19:28.0839470Z === RUN   TestRecentRankedSummaryUsesLatestTwentyRankedGames
2026-10-08T04:19:28.0840425Z --- PASS: TestRecentRankedSummaryUsesLatestTwentyRankedGames (0.00s)
2026-10-08T04:19:28.0841305Z === RUN   TestRecentRankedSummaryDoesNotInventTeamKills
2026-10-08T04:19:28.0842169Z --- PASS: TestRecentRankedSummaryDoesNotInventTeamKills (0.00s)
2026-10-08T04:19:28.0844079Z === RUN   TestRecentRankedSummaryUsesSoloThenFallsBackToFlex
2026-10-08T04:19:28.0844791Z --- PASS: TestRecentRankedSummaryUsesSoloThenFallsBackToFlex (0.00s)
2026-10-08T04:19:28.0845390Z === RUN   TestPositionStatsExcludeOtherAndNormalizeKnownPositions
2026-10-08T04:19:28.0846003Z --- PASS: TestPositionStatsExcludeOtherAndNormalizeKnownPositions (0.00s)
2026-10-08T04:19:28.0846618Z === RUN   TestRankedQueueStatsKeepQueuesSeparateWhenSoloHasNoSample
2026-10-08T04:19:28.0847233Z --- PASS: TestRankedQueueStatsKeepQueuesSeparateWhenSoloHasNoSample (0.00s)
2026-10-08T04:19:28.0847847Z === RUN   TestRankedQueueAbilityUsesTheSameRecentMatchesAsTheSummary
2026-10-08T04:19:28.0848459Z --- PASS: TestRankedQueueAbilityUsesTheSameRecentMatchesAsTheSummary (0.00s)
2026-10-08T04:19:28.0849066Z === RUN   TestRecentRankedSamplesStayIndependentFromRightSideFilter
2026-10-08T04:19:28.0849794Z --- PASS: TestRecentRankedSamplesStayIndependentFromRightSideFilter (0.00s)
2026-10-08T04:19:28.0850670Z === RUN   TestLoadSGPMatchHistoryPageFlexUsesOneQueueTagRequest
2026-10-08T04:19:28.0851259Z --- PASS: TestLoadSGPMatchHistoryPageFlexUsesOneQueueTagRequest (0.00s)
2026-10-08T04:19:28.0851801Z === RUN   TestRecentRankedSamplesCacheEachQueueSeparately
2026-10-08T04:19:28.0852319Z --- PASS: TestRecentRankedSamplesCacheEachQueueSeparately (0.00s)
2026-10-08T04:19:28.0853901Z === RUN   TestCurrentProfileBackgroundUsesClientProfile
2026-10-08T04:19:28.0854873Z --- PASS: TestCurrentProfileBackgroundUsesClientProfile (0.00s)
2026-10-08T04:19:28.0855755Z === RUN   TestApplyMasteryBackgroundFallback
2026-10-08T04:19:28.0856296Z --- PASS: TestApplyMasteryBackgroundFallback (0.00s)
2026-10-08T04:19:28.0856905Z === RUN   TestDiagnosticRankedQueueSamplesCompareQueuesAndQueueMap
2026-10-08T04:19:28.0857534Z --- PASS: TestDiagnosticRankedQueueSamplesCompareQueuesAndQueueMap (0.00s)
2026-10-08T04:19:28.0858156Z === RUN   TestGameplayRankMilestonesNormalizeAndSuppressMissingValues
2026-10-08T04:19:28.0858852Z --- PASS: TestGameplayRankMilestonesNormalizeAndSuppressMissingValues (0.00s)
2026-10-08T04:19:28.0859453Z === RUN   TestRankMilestonesOnlySerializeForTencentResponses
2026-10-08T04:19:28.0859994Z --- PASS: TestRankMilestonesOnlySerializeForTencentResponses (0.00s)
2026-10-08T04:19:28.0860506Z === RUN   TestRankedQueueEntriesCoversBothPayloadShapes
2026-10-08T04:19:28.0861044Z --- PASS: TestRankedQueueEntriesCoversBothPayloadShapes (0.00s)
2026-10-08T04:19:28.0861726Z === RUN   TestLCURankedEntryParsesAllHistoricalFields
2026-10-08T04:19:28.0862194Z --- PASS: TestLCURankedEntryParsesAllHistoricalFields (0.00s)
2026-10-08T04:19:28.0862657Z === RUN   TestLCURankedShapeDiagnosticIsProcessScoped
2026-10-08T04:19:28.0885723Z --- PASS: TestLCURankedShapeDiagnosticIsProcessScoped (0.00s)
2026-10-08T04:19:28.0886810Z === RUN   TestRankedStatsPreferCompleteLCUWithoutCallingSGP
2026-10-08T04:19:28.0897849Z --- PASS: TestRankedStatsPreferCompleteLCUWithoutCallingSGP (0.00s)
2026-10-08T04:19:28.0899113Z === RUN   TestRankedStatsFallBackToSGPWhenLCUFails
2026-10-08T04:19:28.0918571Z --- PASS: TestRankedStatsFallBackToSGPWhenLCUFails (0.00s)
2026-10-08T04:19:28.0920051Z === RUN   TestRankedStatsCompletionGateStopsOnlyUnproductiveLCUFallbacks
2026-10-08T04:19:28.1002164Z --- PASS: TestRankedStatsCompletionGateStopsOnlyUnproductiveLCUFallbacks (0.01s)
2026-10-08T04:19:28.1003713Z === RUN   TestPlayerRankScoreCachesSGPFallbackUnderPreferredLCUKey
2026-10-08T04:19:28.1022752Z --- PASS: TestPlayerRankScoreCachesSGPFallbackUnderPreferredLCUKey (0.00s)
2026-10-08T04:19:28.1023982Z === RUN   TestLoadQueueLabelsCachesPerLCUClientInstance
2026-10-08T04:19:28.1057927Z --- PASS: TestLoadQueueLabelsCachesPerLCUClientInstance (0.00s)
2026-10-08T04:19:28.1059835Z === RUN   TestRecentRankedSampleCacheEvictsOldestLargeEntries
2026-10-08T04:19:28.1060931Z --- PASS: TestRecentRankedSampleCacheEvictsOldestLargeEntries (0.00s)
2026-10-08T04:19:28.1062070Z === RUN   TestPlayerRankScoreUsesRiotForKROpponentAndCachesMetadata
2026-10-08T04:19:28.1064332Z --- PASS: TestPlayerRankScoreUsesRiotForKROpponentAndCachesMetadata (0.00s)
2026-10-08T04:19:28.1065687Z === RUN   TestCanceledRankedRequestIsSilent
2026-10-08T04:19:28.1092683Z --- PASS: TestCanceledRankedRequestIsSilent (0.00s)
2026-10-08T04:19:28.1093596Z === RUN   TestCanceledPartialSGPHistoryIsSilent
2026-10-08T04:19:28.1128934Z --- PASS: TestCanceledPartialSGPHistoryIsSilent (0.00s)
2026-10-08T04:19:28.1131309Z === RUN   TestRankedWinRateDiagnosticsRecordSGPAndLCUSources
2026-10-08T04:19:28.1132205Z === RUN   TestRankedWinRateDiagnosticsRecordSGPAndLCUSources/lcu
2026-10-08T04:19:28.1167706Z --- PASS: TestRankedWinRateDiagnosticsRecordSGPAndLCUSources/lcu (0.00s)
2026-10-08T04:19:28.1169149Z === RUN   TestRankedWinRateDiagnosticsRecordSGPAndLCUSources/sgp
2026-10-08T04:19:28.1205621Z --- PASS: TestRankedWinRateDiagnosticsRecordSGPAndLCUSources/sgp (0.00s)
2026-10-08T04:19:28.1206831Z --- PASS: TestRankedWinRateDiagnosticsRecordSGPAndLCUSources (0.01s)
2026-10-08T04:19:28.1208481Z === RUN   TestRankedWinRateDiagnosticPlayerHashIsStableAndDistinct
2026-10-08T04:19:28.1210247Z --- PASS: TestRankedWinRateDiagnosticPlayerHashIsStableAndDistinct (0.00s)
2026-10-08T04:19:28.1211466Z === RUN   TestSeasonRankWinRateFallbackFillsOnlyIncompleteSGPRanks
2026-10-08T04:19:28.1212653Z --- PASS: TestSeasonRankWinRateFallbackFillsOnlyIncompleteSGPRanks (0.00s)
2026-10-08T04:19:28.1213810Z === RUN   TestSeasonRankWinRateFallbackDoesNotFillIncompleteScan
2026-10-08T04:19:28.1214913Z --- PASS: TestSeasonRankWinRateFallbackDoesNotFillIncompleteScan (0.00s)
2026-10-08T04:19:28.1216089Z === RUN   TestSeasonRankFallbackAppearsAfterRefreshSnapshotCompletes
2026-10-08T04:19:28.1439593Z --- PASS: TestSeasonRankFallbackAppearsAfterRefreshSnapshotCompletes (0.02s)
2026-10-08T04:19:28.1441084Z === RUN   TestGameplayOverviewAppliesSeasonFallbackToIncompleteSGPRanks
2026-10-08T04:19:28.1898041Z --- PASS: TestGameplayOverviewAppliesSeasonFallbackToIncompleteSGPRanks (0.05s)
2026-10-08T04:19:28.1899437Z === RUN   TestGameplayOverviewReturnsCoreBeforeSlowSeasonScan
2026-10-08T04:19:28.2724413Z --- PASS: TestGameplayOverviewReturnsCoreBeforeSlowSeasonScan (0.08s)
2026-10-08T04:19:28.2726972Z === RUN   TestNormalizeGameplayMatchIncludesStatPerks
2026-10-08T04:19:28.2727898Z --- PASS: TestNormalizeGameplayMatchIncludesStatPerks (0.00s)
2026-10-08T04:19:28.2729365Z === RUN   TestRecentPlayersAggregatesNamedParticipantsWithoutPUUID
2026-10-08T04:19:28.2731976Z --- PASS: TestRecentPlayersAggregatesNamedParticipantsWithoutPUUID (0.00s)
2026-10-08T04:19:28.2733432Z === RUN   TestHiddenPlayerUsesTheSameRankAndMatchHistoryLoaders
2026-10-08T04:19:28.2761486Z --- PASS: TestHiddenPlayerUsesTheSameRankAndMatchHistoryLoaders (0.00s)
2026-10-08T04:19:28.2762597Z === RUN   TestChampSelectKeepsObfuscatedIdentityQueryable
2026-10-08T04:19:28.2763587Z --- PASS: TestChampSelectKeepsObfuscatedIdentityQueryable (0.00s)
2026-10-08T04:19:28.2764697Z === RUN   TestChampSelectMergesObfuscatedIdentityWithGameflowPUUID
2026-10-08T04:19:28.2765906Z --- PASS: TestChampSelectMergesObfuscatedIdentityWithGameflowPUUID (0.00s)
2026-10-08T04:19:28.2766839Z === RUN   TestArenaChampSelectModeAndIdentityFilter
2026-10-08T04:19:28.2767756Z --- PASS: TestArenaChampSelectModeAndIdentityFilter (0.00s)
2026-10-08T04:19:28.2768586Z === RUN   TestChampSelectCellIdentityMarksCurrentPlayer
2026-10-08T04:19:28.2770063Z --- PASS: TestChampSelectCellIdentityMarksCurrentPlayer (0.00s)
2026-10-08T04:19:28.2771070Z === RUN   TestCurrentChampionFallbackDrivesRecommendationTarget
2026-10-08T04:19:28.2772428Z --- PASS: TestCurrentChampionFallbackDrivesRecommendationTarget (0.00s)
2026-10-08T04:19:28.2773623Z === RUN   TestChampSelectActionsAreLastRecommendationChampionFallback
2026-10-08T04:19:28.2775350Z --- PASS: TestChampSelectActionsAreLastRecommendationChampionFallback (0.00s)
2026-10-08T04:19:28.2776471Z === RUN   TestRecommendationPayloadSanitizesNegativePickIntent
2026-10-08T04:19:28.2777624Z --- PASS: TestRecommendationPayloadSanitizesNegativePickIntent (0.00s)
2026-10-08T04:19:28.2778943Z === RUN   TestGameplayLiveResolvesRandomChampSelectActionWithout400
2026-10-08T04:19:28.2779718Z === RUN   TestGameplayLiveResolvesRandomChampSelectActionWithout400/resolved_pick
2026-10-08T04:19:28.7982749Z --- PASS: TestGameplayLiveResolvesRandomChampSelectActionWithout400/resolved_pick (0.52s)
2026-10-08T04:19:28.7984417Z === RUN   TestGameplayLiveResolvesRandomChampSelectActionWithout400/still_pending
2026-10-08T04:19:28.8006252Z --- PASS: TestGameplayLiveResolvesRandomChampSelectActionWithout400/still_pending (0.00s)
2026-10-08T04:19:28.8007599Z --- PASS: TestGameplayLiveResolvesRandomChampSelectActionWithout400 (0.52s)
2026-10-08T04:19:28.8008348Z === RUN   TestGameplayLiveSecondRefreshReusesRankedStatsCache
2026-10-08T04:19:28.9998660Z --- PASS: TestGameplayLiveSecondRefreshReusesRankedStatsCache (0.20s)
2026-10-08T04:19:28.9999522Z === RUN   TestR58ChampSelectDropsStaleGameflowRoster
2026-10-08T04:19:29.1412673Z --- PASS: TestR58ChampSelectDropsStaleGameflowRoster (0.14s)
2026-10-08T04:19:29.1413906Z === RUN   TestR58InProgressKeepsGameflowRoster
2026-10-08T04:19:29.1441881Z --- PASS: TestR58InProgressKeepsGameflowRoster (0.00s)
2026-10-08T04:19:29.1443067Z === RUN   TestR58LiveClientPlayerListGroupsSixArenaTeamsAndRedactsDiagnostics
2026-10-08T04:19:29.1511305Z --- PASS: TestR58LiveClientPlayerListGroupsSixArenaTeamsAndRedactsDiagnostics (0.01s)
2026-10-08T04:19:29.1512155Z === RUN   TestR68LiveClientPlayerListPositionsOverrideGameflowForAllTenPlayers
2026-10-08T04:19:29.1567968Z --- PASS: TestR68LiveClientPlayerListPositionsOverrideGameflowForAllTenPlayers (0.01s)
2026-10-08T04:19:29.1568929Z === RUN   TestR68LiveClientPositionMatchedCountIsNotPlayerCount
2026-10-08T04:19:29.9858022Z --- PASS: TestR68LiveClientPositionMatchedCountIsNotPlayerCount (0.83s)
2026-10-08T04:19:29.9859155Z === RUN   TestR58LiveClientPlayerListUnavailableFallsBackWithoutError
2026-10-08T04:19:29.9888288Z --- PASS: TestR58LiveClientPlayerListUnavailableFallsBackWithoutError (0.00s)
2026-10-08T04:19:29.9889659Z === RUN   TestArena1750UsesCorroboratedGameflowRosterOrderWhenPlayerListHasNoSubteams
2026-10-08T04:19:30.0006032Z --- PASS: TestArena1750UsesCorroboratedGameflowRosterOrderWhenPlayerListHasNoSubteams (0.01s)
2026-10-08T04:19:30.0007618Z === RUN   TestR62ArenaPlayerListRetriesAndGroupsSeventeenPlayers
2026-10-08T04:19:30.0156133Z --- PASS: TestR62ArenaPlayerListRetriesAndGroupsSeventeenPlayers (0.02s)
2026-10-08T04:19:30.0157604Z === RUN   TestR62ArenaPlayerListProbesReconnectAndInvalidatesGameCache
2026-10-08T04:19:30.0297226Z --- PASS: TestR62ArenaPlayerListProbesReconnectAndInvalidatesGameCache (0.01s)
2026-10-08T04:19:30.0298344Z === RUN   TestR62ArenaGroupValidationRejectsOversizedGroups
2026-10-08T04:19:30.0299328Z --- PASS: TestR62ArenaGroupValidationRejectsOversizedGroups (0.00s)
2026-10-08T04:19:30.0300355Z === RUN   TestLiveRecommendationRejectionRecordsOnlyInputShape
2026-10-08T04:19:30.0329836Z --- PASS: TestLiveRecommendationRejectionRecordsOnlyInputShape (0.00s)
2026-10-08T04:19:30.0331076Z === RUN   TestGameplayLiveUsesCurrentChampionWhenRosterIsUnavailable
2026-10-08T04:19:30.0382197Z --- PASS: TestGameplayLiveUsesCurrentChampionWhenRosterIsUnavailable (0.01s)
2026-10-08T04:19:30.0383422Z === RUN   TestGameplayLiveMarksCurrentPlayerFromChampSelectCellIdentity
2026-10-08T04:19:30.1327433Z --- PASS: TestGameplayLiveMarksCurrentPlayerFromChampSelectCellIdentity (0.09s)
2026-10-08T04:19:30.1328687Z === RUN   TestGameplayLiveArenaChampSelectFiltersAnonymousCells
2026-10-08T04:19:30.2191045Z --- PASS: TestGameplayLiveArenaChampSelectFiltersAnonymousCells (0.09s)
2026-10-08T04:19:30.2192215Z === RUN   TestGameplayLiveChampSelectDropsStaleGameflowRoster
2026-10-08T04:19:30.2248531Z --- PASS: TestGameplayLiveChampSelectDropsStaleGameflowRoster (0.01s)
2026-10-08T04:19:30.2249684Z === RUN   TestGameplayLiveInProgressPreservesGameflowRoster
2026-10-08T04:19:30.2271864Z --- PASS: TestGameplayLiveInProgressPreservesGameflowRoster (0.00s)
2026-10-08T04:19:30.2273193Z === RUN   TestArenaLiveClientPlayerListGroupingAndFallback
2026-10-08T04:19:30.2278878Z --- PASS: TestArenaLiveClientPlayerListGroupingAndFallback (0.00s)
2026-10-08T04:19:30.2280146Z === RUN   TestArenaPlayerListDoesNotCachePositionOnlySnapshotAsFinalGrouping
2026-10-08T04:19:30.2282559Z --- PASS: TestArenaPlayerListDoesNotCachePositionOnlySnapshotAsFinalGrouping (0.00s)
2026-10-08T04:19:30.2284101Z === RUN   TestArenaSessionOrderGroupingIgnoresPremadePartyBoundaries
2026-10-08T04:19:30.2285101Z --- PASS: TestArenaSessionOrderGroupingIgnoresPremadePartyBoundaries (0.00s)
2026-10-08T04:19:30.2286071Z === RUN   TestLiveClientPlayerListDiagnosticIsStructuralAndDeduplicated
2026-10-08T04:19:30.2316030Z --- PASS: TestLiveClientPlayerListDiagnosticIsStructuralAndDeduplicated (0.00s)
2026-10-08T04:19:30.2317610Z === RUN   TestChampSelectWithoutGameflowRosterKeepsEveryCell
2026-10-08T04:19:30.2319137Z --- PASS: TestChampSelectWithoutGameflowRosterKeepsEveryCell (0.00s)
2026-10-08T04:19:30.2320300Z === RUN   TestChampSelectWithGameflowRosterDoesNotAppendPastTeamSizeLimit
2026-10-08T04:19:30.2321375Z --- PASS: TestChampSelectWithGameflowRosterDoesNotAppendPastTeamSizeLimit (0.00s)
2026-10-08T04:19:30.2322380Z === RUN   TestGameplayReferencePreservesPrivacy
2026-10-08T04:19:30.2323015Z --- PASS: TestGameplayReferencePreservesPrivacy (0.00s)
2026-10-08T04:19:30.2323723Z === RUN   TestChampSelectKeepsLockedChampionAndPickIntentSeparate
2026-10-08T04:19:30.2324552Z --- PASS: TestChampSelectKeepsLockedChampionAndPickIntentSeparate (0.00s)
2026-10-08T04:19:30.2325184Z === RUN   TestHiddenPlayerFallsBackToSummonerIDBeforeLoadingStats
2026-10-08T04:19:30.2331419Z --- PASS: TestHiddenPlayerFallsBackToSummonerIDBeforeLoadingStats (0.00s)
2026-10-08T04:19:30.2332674Z === RUN   TestChampionAbilitiesUseClientDescriptionsAndSafeAssetPaths
2026-10-08T04:19:30.2334182Z --- PASS: TestChampionAbilitiesUseClientDescriptionsAndSafeAssetPaths (0.00s)
2026-10-08T04:19:30.2335369Z === RUN   TestChampionAbilitiesFallBackToDataDragonWhenClientFails
2026-10-08T04:19:30.2336537Z --- PASS: TestChampionAbilitiesFallBackToDataDragonWhenClientFails (0.00s)
2026-10-08T04:19:30.2337795Z === RUN   TestGameplaySummonerSpellsExposeDescriptionsWithoutExternalAssetPaths
2026-10-08T04:19:30.2339780Z --- PASS: TestGameplaySummonerSpellsExposeDescriptionsWithoutExternalAssetPaths (0.00s)
2026-10-08T04:19:30.2341114Z === RUN   TestGameplayItemsExposeDescriptionsWithoutExternalAssetPaths
2026-10-08T04:19:30.2342582Z --- PASS: TestGameplayItemsExposeDescriptionsWithoutExternalAssetPaths (0.00s)
2026-10-08T04:19:30.2343648Z === RUN   TestFallbackGameplayItemsExposePricesInStableIDOrder
2026-10-08T04:19:30.2344458Z --- PASS: TestFallbackGameplayItemsExposePricesInStableIDOrder (0.00s)
2026-10-08T04:19:30.2345360Z === RUN   TestNormalizeGameplayAugmentsUsesChineseNamesAndSafeAssets
2026-10-08T04:19:30.2346504Z --- PASS: TestNormalizeGameplayAugmentsUsesChineseNamesAndSafeAssets (0.00s)
2026-10-08T04:19:30.2347732Z === RUN   TestFallbackGameplayAugmentsRetainsKiwiAndCherryIcons
2026-10-08T04:19:30.2348650Z --- PASS: TestFallbackGameplayAugmentsRetainsKiwiAndCherryIcons (0.00s)
2026-10-08T04:19:30.2349250Z === RUN   TestRequestJSONAuthenticatesAndRejectsUnsafePaths
2026-10-08T04:19:30.2349821Z --- PASS: TestRequestJSONAuthenticatesAndRejectsUnsafePaths (0.00s)
2026-10-08T04:19:30.2350927Z === RUN   TestApplyRunePageCreatesNewPageAndMakesItCurrent
2026-10-08T04:19:30.2363900Z --- PASS: TestApplyRunePageCreatesNewPageAndMakesItCurrent (0.00s)
2026-10-08T04:19:30.2365029Z === RUN   TestApplyRunePageFullWithOnlyUserPagesNeverDeletes
2026-10-08T04:19:30.2375042Z --- PASS: TestApplyRunePageFullWithOnlyUserPagesNeverDeletes (0.00s)
2026-10-08T04:19:30.2376101Z === RUN   TestApplyRunePageFullDeletesOnlyOldestOwnedPageThenCreates
2026-10-08T04:19:30.2394389Z --- PASS: TestApplyRunePageFullDeletesOnlyOldestOwnedPageThenCreates (0.00s)
2026-10-08T04:19:30.2395850Z === RUN   TestApplyRunePageSortsMissingLastModifiedByID
2026-10-08T04:19:30.2412748Z --- PASS: TestApplyRunePageSortsMissingLastModifiedByID (0.00s)
2026-10-08T04:19:30.2413755Z === RUN   TestApplyRunePagePrefixMatchMustBeExact
2026-10-08T04:19:30.2423955Z --- PASS: TestApplyRunePagePrefixMatchMustBeExact (0.00s)
2026-10-08T04:19:30.2424944Z === RUN   TestApplyRunePageSkipsExplicitlyNonDeletableOwnedPage
2026-10-08T04:19:30.2435142Z --- PASS: TestApplyRunePageSkipsExplicitlyNonDeletableOwnedPage (0.00s)
2026-10-08T04:19:30.2436189Z === RUN   TestApplyRunePageRecycleLoopStopsAfterFiveDeletes
2026-10-08T04:19:30.2458020Z --- PASS: TestApplyRunePageRecycleLoopStopsAfterFiveDeletes (0.00s)
2026-10-08T04:19:30.2459047Z === RUN   TestRuneApplyValidationAndReplayActionValidation
2026-10-08T04:19:30.2460049Z --- PASS: TestRuneApplyValidationAndReplayActionValidation (0.00s)
2026-10-08T04:19:30.2461125Z === RUN   TestRuneApplyHandlerNeverWritesOutsideChampionSelect
2026-10-08T04:19:30.2468065Z --- PASS: TestRuneApplyHandlerNeverWritesOutsideChampionSelect (0.00s)
2026-10-08T04:19:30.2469289Z === RUN   TestRuneApplyHandlerExplainsClientPageLimit
2026-10-08T04:19:30.2482399Z --- PASS: TestRuneApplyHandlerExplainsClientPageLimit (0.00s)
2026-10-08T04:19:30.2483248Z === RUN   TestRuneApplyHandlerReturnsAndRecordsAppliedPerks
2026-10-08T04:19:30.2526391Z --- PASS: TestRuneApplyHandlerReturnsAndRecordsAppliedPerks (0.00s)
2026-10-08T04:19:30.2527059Z === RUN   TestRuneApplySummonerSpellPatchAndPartialSuccess
2026-10-08T04:19:30.2527636Z === RUN   TestRuneApplySummonerSpellPatchAndPartialSuccess/both_applied
2026-10-08T04:19:30.2573222Z --- PASS: TestRuneApplySummonerSpellPatchAndPartialSuccess/both_applied (0.00s)
2026-10-08T04:19:30.2574746Z === RUN   TestRuneApplySummonerSpellPatchAndPartialSuccess/spell_rejected_after_runes
2026-10-08T04:19:30.2617558Z --- PASS: TestRuneApplySummonerSpellPatchAndPartialSuccess/spell_rejected_after_runes (0.00s)
2026-10-08T04:19:30.2618957Z === RUN   TestRuneApplySummonerSpellPatchAndPartialSuccess/legacy_runes_only
2026-10-08T04:19:30.2661349Z --- PASS: TestRuneApplySummonerSpellPatchAndPartialSuccess/legacy_runes_only (0.00s)
2026-10-08T04:19:30.2662620Z --- PASS: TestRuneApplySummonerSpellPatchAndPartialSuccess (0.01s)
2026-10-08T04:19:30.2663786Z === RUN   TestGameplayItemSetValidation
2026-10-08T04:19:30.2664521Z --- PASS: TestGameplayItemSetValidation (0.00s)
2026-10-08T04:19:30.2665574Z === RUN   TestGameplayItemSetContextAcceptsLocalChampSelectCellIdentity
2026-10-08T04:19:30.2673875Z --- PASS: TestGameplayItemSetContextAcceptsLocalChampSelectCellIdentity (0.00s)
2026-10-08T04:19:30.2675071Z === RUN   TestGameplayRecommendationsAdaptCompleteOPGGData
2026-10-08T04:19:30.2676108Z --- PASS: TestGameplayRecommendationsAdaptCompleteOPGGData (0.00s)
2026-10-08T04:19:30.2677149Z === RUN   TestGameplayRecommendationsExplainMissingPositionSample
2026-10-08T04:19:30.2678162Z --- PASS: TestGameplayRecommendationsExplainMissingPositionSample (0.00s)
2026-10-08T04:19:30.2678779Z === RUN   TestGameplayRecommendationsPreserveAllArenaAugments
2026-10-08T04:19:30.2679408Z --- PASS: TestGameplayRecommendationsPreserveAllArenaAugments (0.00s)
2026-10-08T04:19:30.2680546Z === RUN   TestGameplayRecommendationsHandlerResolvesPositionThroughHTTP
2026-10-08T04:19:30.2682522Z === RUN   TestGameplayRecommendationsHandlerResolvesPositionThroughHTTP/R220_practice_NONE_and_Smite_use_the_hero_primary_lane
2026-10-08T04:19:30.2684748Z --- PASS: TestGameplayRecommendationsHandlerResolvesPositionThroughHTTP/R220_practice_NONE_and_Smite_use_the_hero_primary_lane (0.00s)
2026-10-08T04:19:30.2686776Z === RUN   TestGameplayRecommendationsHandlerResolvesPositionThroughHTTP/missing_live_position_uses_the_OP.GG_primary_lane
2026-10-08T04:19:30.2688800Z --- PASS: TestGameplayRecommendationsHandlerResolvesPositionThroughHTTP/missing_live_position_uses_the_OP.GG_primary_lane (0.00s)
2026-10-08T04:19:30.2689971Z === RUN   TestGameplayRecommendationsHandlerResolvesPositionThroughHTTP/smite_lane_outside_the_candidates_uses_the_OP.GG_primary_lane
2026-10-08T04:19:30.2693352Z --- PASS: TestGameplayRecommendationsHandlerResolvesPositionThroughHTTP/smite_lane_outside_the_candidates_uses_the_OP.GG_primary_lane (0.00s)
2026-10-08T04:19:30.2695624Z === RUN   TestGameplayRecommendationsHandlerResolvesPositionThroughHTTP/Ryze_top_request_resolves_to_the_OP.GG_primary_mid_lane
2026-10-08T04:19:30.2698813Z --- PASS: TestGameplayRecommendationsHandlerResolvesPositionThroughHTTP/Ryze_top_request_resolves_to_the_OP.GG_primary_mid_lane (0.00s)
2026-10-08T04:19:30.2700957Z === RUN   TestGameplayRecommendationsHandlerResolvesPositionThroughHTTP/requested_lane_in_the_candidates_is_retained
2026-10-08T04:19:30.2703103Z --- PASS: TestGameplayRecommendationsHandlerResolvesPositionThroughHTTP/requested_lane_in_the_candidates_is_retained (0.00s)
2026-10-08T04:19:30.2705076Z === RUN   TestGameplayRecommendationsHandlerResolvesPositionThroughHTTP/a_secondary_candidate_remains_selectable
2026-10-08T04:19:30.2710628Z --- PASS: TestGameplayRecommendationsHandlerResolvesPositionThroughHTTP/a_secondary_candidate_remains_selectable (0.00s)
2026-10-08T04:19:30.2711596Z --- PASS: TestGameplayRecommendationsHandlerResolvesPositionThroughHTTP (0.00s)
2026-10-08T04:19:30.2712878Z === RUN   TestGameplayRecommendationsHandlerKeepsGameIDDiagnosticOnlyAndReturnsUsefulData
2026-10-08T04:19:30.2717924Z === RUN   TestGameplayRecommendationsHandlerKeepsGameIDDiagnosticOnlyAndReturnsUsefulData/real_ten_digit_game_id
2026-10-08T04:19:30.2729219Z --- PASS: TestGameplayRecommendationsHandlerKeepsGameIDDiagnosticOnlyAndReturnsUsefulData/real_ten_digit_game_id (0.00s)
2026-10-08T04:19:30.2730695Z === RUN   TestGameplayRecommendationsHandlerKeepsGameIDDiagnosticOnlyAndReturnsUsefulData/malformed_diagnostic_game_id
2026-10-08T04:19:30.2735614Z --- PASS: TestGameplayRecommendationsHandlerKeepsGameIDDiagnosticOnlyAndReturnsUsefulData/malformed_diagnostic_game_id (0.00s)
2026-10-08T04:19:30.2752900Z --- PASS: TestGameplayRecommendationsHandlerKeepsGameIDDiagnosticOnlyAndReturnsUsefulData (0.00s)
2026-10-08T04:19:30.2754255Z === RUN   TestGameplayRecommendationModeResolutionMatrix
2026-10-08T04:19:30.2755716Z === RUN   TestGameplayRecommendationModeResolutionMatrix/solo_queue_wins_over_payload
2026-10-08T04:19:30.2757407Z --- PASS: TestGameplayRecommendationModeResolutionMatrix/solo_queue_wins_over_payload (0.00s)
2026-10-08T04:19:30.2758976Z === RUN   TestGameplayRecommendationModeResolutionMatrix/flex_queue
2026-10-08T04:19:30.2760135Z --- PASS: TestGameplayRecommendationModeResolutionMatrix/flex_queue (0.00s)
2026-10-08T04:19:30.2761261Z === RUN   TestGameplayRecommendationModeResolutionMatrix/normal_queue
2026-10-08T04:19:30.2762450Z --- PASS: TestGameplayRecommendationModeResolutionMatrix/normal_queue (0.00s)
2026-10-08T04:19:30.2763895Z === RUN   TestGameplayRecommendationModeResolutionMatrix/classic_by_shape_before_queue_resolves
2026-10-08T04:19:30.2765485Z --- PASS: TestGameplayRecommendationModeResolutionMatrix/classic_by_shape_before_queue_resolves (0.00s)
2026-10-08T04:19:30.2766858Z === RUN   TestGameplayRecommendationModeResolutionMatrix/custom_classic_queue
2026-10-08T04:19:30.2768143Z --- PASS: TestGameplayRecommendationModeResolutionMatrix/custom_classic_queue (0.00s)
2026-10-08T04:19:30.2769323Z === RUN   TestGameplayRecommendationModeResolutionMatrix/custom_queue_3100
2026-10-08T04:19:30.2771475Z --- PASS: TestGameplayRecommendationModeResolutionMatrix/custom_queue_3100 (0.00s)
2026-10-08T04:19:30.2772904Z === RUN   TestGameplayRecommendationModeResolutionMatrix/aram_queue_has_no_top_players
2026-10-08T04:19:30.2774237Z --- PASS: TestGameplayRecommendationModeResolutionMatrix/aram_queue_has_no_top_players (0.00s)
2026-10-08T04:19:30.2775601Z === RUN   TestGameplayRecommendationModeResolutionMatrix/Tencent_ARAM_variant
2026-10-08T04:19:30.2776340Z --- PASS: TestGameplayRecommendationModeResolutionMatrix/Tencent_ARAM_variant (0.00s)
2026-10-08T04:19:30.2777464Z === RUN   TestGameplayRecommendationModeResolutionMatrix/arena_queue_has_no_top_players
2026-10-08T04:19:30.2779282Z --- PASS: TestGameplayRecommendationModeResolutionMatrix/arena_queue_has_no_top_players (0.00s)
2026-10-08T04:19:30.2780289Z === RUN   TestGameplayRecommendationModeResolutionMatrix/hextech_queue
2026-10-08T04:19:30.2781384Z --- PASS: TestGameplayRecommendationModeResolutionMatrix/hextech_queue (0.00s)
2026-10-08T04:19:30.2782610Z === RUN   TestGameplayRecommendationModeResolutionMatrix/queue_2400_is_ordinary_hextech
2026-10-08T04:19:30.2783499Z --- PASS: TestGameplayRecommendationModeResolutionMatrix/queue_2400_is_ordinary_hextech (0.00s)
2026-10-08T04:19:30.2784797Z === RUN   TestGameplayRecommendationModeResolutionMatrix/queue_3270_is_ordinary_hextech
2026-10-08T04:19:30.2786103Z --- PASS: TestGameplayRecommendationModeResolutionMatrix/queue_3270_is_ordinary_hextech (0.00s)
2026-10-08T04:19:30.2787586Z === RUN   TestGameplayRecommendationModeResolutionMatrix/classic_semantics_win_over_queue_2400
2026-10-08T04:19:30.2788533Z --- PASS: TestGameplayRecommendationModeResolutionMatrix/classic_semantics_win_over_queue_2400 (0.00s)
2026-10-08T04:19:30.2790091Z === RUN   TestGameplayRecommendationModeResolutionMatrix/classic_semantics_on_a_new_queue
2026-10-08T04:19:30.2791664Z --- PASS: TestGameplayRecommendationModeResolutionMatrix/classic_semantics_on_a_new_queue (0.00s)
2026-10-08T04:19:30.2792877Z === RUN   TestGameplayRecommendationModeResolutionMatrix/arena_by_shape
2026-10-08T04:19:30.2793541Z --- PASS: TestGameplayRecommendationModeResolutionMatrix/arena_by_shape (0.00s)
2026-10-08T04:19:30.2794158Z === RUN   TestGameplayRecommendationModeResolutionMatrix/aram_by_shape
2026-10-08T04:19:30.2795149Z --- PASS: TestGameplayRecommendationModeResolutionMatrix/aram_by_shape (0.00s)
2026-10-08T04:19:30.2796261Z === RUN   TestGameplayRecommendationModeResolutionMatrix/urf_queue
2026-10-08T04:19:30.2797024Z --- PASS: TestGameplayRecommendationModeResolutionMatrix/urf_queue (0.00s)
2026-10-08T04:19:30.2797772Z === RUN   TestGameplayRecommendationModeResolutionMatrix/urf_by_shape
2026-10-08T04:19:30.2799241Z --- PASS: TestGameplayRecommendationModeResolutionMatrix/urf_by_shape (0.00s)
2026-10-08T04:19:30.2800251Z === RUN   TestGameplayRecommendationModeResolutionMatrix/nexus_by_shape
2026-10-08T04:19:30.2801346Z --- PASS: TestGameplayRecommendationModeResolutionMatrix/nexus_by_shape (0.00s)
2026-10-08T04:19:30.2802231Z === RUN   TestGameplayRecommendationModeResolutionMatrix/unknown_fallback
2026-10-08T04:19:30.2803430Z --- PASS: TestGameplayRecommendationModeResolutionMatrix/unknown_fallback (0.00s)
2026-10-08T04:19:30.2804577Z --- PASS: TestGameplayRecommendationModeResolutionMatrix (0.00s)
2026-10-08T04:19:30.2805594Z === RUN   TestR66LivePremadeAssignmentsUseSharedGameIDsAndUnionFind
2026-10-08T04:19:30.2806787Z --- PASS: TestR66LivePremadeAssignmentsUseSharedGameIDsAndUnionFind (0.00s)
2026-10-08T04:19:30.2808001Z === RUN   TestR66LivePremadeAssignmentsFailClosedWhenHistoryCoverageIsLow
2026-10-08T04:19:30.2809324Z --- PASS: TestR66LivePremadeAssignmentsFailClosedWhenHistoryCoverageIsLow (0.00s)
2026-10-08T04:19:30.2810438Z === RUN   TestR68ArenaNeverAppliesSessionPremadeGroups
2026-10-08T04:19:30.2811355Z --- PASS: TestR68ArenaNeverAppliesSessionPremadeGroups (0.00s)
2026-10-08T04:19:30.2812305Z === RUN   TestR69SessionPremadesSurviveEmptyHistoryCoverage
2026-10-08T04:19:30.2813966Z --- PASS: TestR69SessionPremadesSurviveEmptyHistoryCoverage (0.00s)
2026-10-08T04:19:30.2814975Z === RUN   TestR69HistoryOnlyPremadeIsMarkedInferred
2026-10-08T04:19:30.2815865Z --- PASS: TestR69HistoryOnlyPremadeIsMarkedInferred (0.00s)
2026-10-08T04:19:30.2816676Z === RUN   TestR69SessionPremadesNeverCrossTeams
2026-10-08T04:19:30.2817487Z --- PASS: TestR69SessionPremadesNeverCrossTeams (0.00s)
2026-10-08T04:19:30.2818484Z === RUN   TestR69LiveHistoryStatesDistinguishUnavailableEmptyAndFailed
2026-10-08T04:19:30.2819979Z === RUN   TestR69LiveHistoryStatesDistinguishUnavailableEmptyAndFailed/empty
2026-10-08T04:19:30.2821262Z --- PASS: TestR69LiveHistoryStatesDistinguishUnavailableEmptyAndFailed/empty (0.00s)
2026-10-08T04:19:30.2822588Z === RUN   TestR69LiveHistoryStatesDistinguishUnavailableEmptyAndFailed/failed
2026-10-08T04:19:30.2823991Z --- PASS: TestR69LiveHistoryStatesDistinguishUnavailableEmptyAndFailed/failed (0.00s)
2026-10-08T04:19:30.2825402Z === RUN   TestR69LiveHistoryStatesDistinguishUnavailableEmptyAndFailed/failed_SGP_fallback_is_not_cached_as_empty
2026-10-08T04:19:30.2827325Z --- PASS: TestR69LiveHistoryStatesDistinguishUnavailableEmptyAndFailed/failed_SGP_fallback_is_not_cached_as_empty (0.00s)
2026-10-08T04:19:30.2828939Z --- PASS: TestR69LiveHistoryStatesDistinguishUnavailableEmptyAndFailed (0.00s)
2026-10-08T04:19:30.2830118Z === RUN   TestR69LivePositionSnapshotDiagnosticsExposeHitAndMiss
2026-10-08T04:19:30.2831239Z --- PASS: TestR69LivePositionSnapshotDiagnosticsExposeHitAndMiss (0.00s)
2026-10-08T04:19:30.2832265Z === RUN   TestR69GameflowShapeCountsOnlyNonzeroFields
2026-10-08T04:19:30.2833164Z --- PASS: TestR69GameflowShapeCountsOnlyNonzeroFields (0.00s)
2026-10-08T04:19:30.2834034Z === RUN   TestR69LiveClientPositionsUseEnrichedRiotIDs
2026-10-08T04:19:30.2900253Z --- PASS: TestR69LiveClientPositionsUseEnrichedRiotIDs (0.01s)
2026-10-08T04:19:30.2901395Z === RUN   TestR69MeasureLiveRosterConcurrency
2026-10-08T04:19:30.5377607Z     gameplay_test.go:4869: live concurrency=4 cold_ms=246 cold_lcu_requests=30 cold_req_per_s=121.5 warm_ms=0 warm_lcu_requests=0 warm_req_per_s=0.0
2026-10-08T04:19:30.7039428Z     gameplay_test.go:4869: live concurrency=6 cold_ms=165 cold_lcu_requests=30 cold_req_per_s=181.4 warm_ms=0 warm_lcu_requests=0 warm_req_per_s=0.0
2026-10-08T04:19:30.8698915Z     gameplay_test.go:4869: live concurrency=8 cold_ms=165 cold_lcu_requests=30 cold_req_per_s=181.3 warm_ms=0 warm_lcu_requests=0 warm_req_per_s=0.0
2026-10-08T04:19:30.8700011Z --- PASS: TestR69MeasureLiveRosterConcurrency (0.58s)
2026-10-08T04:19:30.8700859Z === RUN   TestR66LivePlayerMatchesCachePreventsRepeatedLCUReads
2026-10-08T04:19:30.8716581Z --- PASS: TestR66LivePlayerMatchesCachePreventsRepeatedLCUReads (0.00s)
2026-10-08T04:19:30.8718224Z === RUN   TestR168LiveIdentityDistinguishesPrivacyFromUnresolvedNames
2026-10-08T04:19:30.8718911Z --- PASS: TestR168LiveIdentityDistinguishesPrivacyFromUnresolvedNames (0.00s)
2026-10-08T04:19:30.8719566Z === RUN   TestR168LaneMatchupDiagnosticIsAcceptedAndKeepsOnlySafeFields
2026-10-08T04:19:30.8748922Z --- PASS: TestR168LaneMatchupDiagnosticIsAcceptedAndKeepsOnlySafeFields (0.00s)
2026-10-08T04:19:30.8750119Z === RUN   TestR168LiveHistoryWindowFindsOlderSameQueueGames
2026-10-08T04:19:30.8751493Z === RUN   TestR168LiveHistoryWindowFindsOlderSameQueueGames/mixed_queues
2026-10-08T04:19:30.8823840Z --- PASS: TestR168LiveHistoryWindowFindsOlderSameQueueGames/mixed_queues (0.01s)
2026-10-08T04:19:30.8826017Z === RUN   TestR168LiveHistoryWindowFindsOlderSameQueueGames/genuinely_sparse
2026-10-08T04:19:30.8893732Z --- PASS: TestR168LiveHistoryWindowFindsOlderSameQueueGames/genuinely_sparse (0.01s)
2026-10-08T04:19:30.8895272Z --- PASS: TestR168LiveHistoryWindowFindsOlderSameQueueGames (0.01s)
2026-10-08T04:19:30.8896388Z === RUN   TestLiveRecentGamesKeepNewestTenInCurrentQueue
2026-10-08T04:19:30.8897356Z --- PASS: TestLiveRecentGamesKeepNewestTenInCurrentQueue (0.00s)
2026-10-08T04:19:30.8899093Z === RUN   TestR170LiveModeStatsUseTheSameRecentQueueGames
2026-10-08T04:19:30.8901312Z === RUN   TestR170LiveModeStatsUseTheSameRecentQueueGames/fifteen_current-queue_games
2026-10-08T04:19:30.8902892Z --- PASS: TestR170LiveModeStatsUseTheSameRecentQueueGames/fifteen_current-queue_games (0.00s)
2026-10-08T04:19:30.8904164Z === RUN   TestR170LiveModeStatsUseTheSameRecentQueueGames/three_current-queue_games
2026-10-08T04:19:30.8905163Z --- PASS: TestR170LiveModeStatsUseTheSameRecentQueueGames/three_current-queue_games (0.00s)
2026-10-08T04:19:30.8906193Z --- PASS: TestR170LiveModeStatsUseTheSameRecentQueueGames (0.00s)
2026-10-08T04:19:30.8907240Z === RUN   TestGameplayLiveUnsupportedModeUsesSemanticTFTField
2026-10-08T04:19:30.8908328Z --- PASS: TestGameplayLiveUnsupportedModeUsesSemanticTFTField (0.00s)
2026-10-08T04:19:30.8910206Z === RUN   TestGameplayLiveReturnsExplicitTFTUnsupportedState
2026-10-08T04:19:30.8911253Z --- PASS: TestGameplayLiveReturnsExplicitTFTUnsupportedState (0.00s)
2026-10-08T04:19:30.8912392Z === RUN   TestGameplayRecommendationBundleEncodesEmptyAugmentsAsArray
2026-10-08T04:19:30.8913521Z --- PASS: TestGameplayRecommendationBundleEncodesEmptyAugmentsAsArray (0.00s)
2026-10-08T04:19:30.8914700Z === RUN   TestRecommendationModeDiagnosticIsRecordedOncePerGame
2026-10-08T04:19:30.8940923Z --- PASS: TestRecommendationModeDiagnosticIsRecordedOncePerGame (0.00s)
2026-10-08T04:19:30.8942023Z === RUN   TestUnknownQueueDiagnosticIsRecordedOncePerQueueID
2026-10-08T04:19:30.8968042Z --- PASS: TestUnknownQueueDiagnosticIsRecordedOncePerQueueID (0.00s)
2026-10-08T04:19:30.8969160Z === RUN   TestRecommendationRequestDiagnosticRecordsInvalidArrival
2026-10-08T04:19:30.8999213Z --- PASS: TestRecommendationRequestDiagnosticRecordsInvalidArrival (0.00s)
2026-10-08T04:19:30.9000379Z === RUN   TestDiagnosticDeduplicationResetsAfterLogRotation
2026-10-08T04:19:30.9049000Z --- PASS: TestDiagnosticDeduplicationResetsAfterLogRotation (0.00s)
2026-10-08T04:19:30.9049711Z === RUN   TestDiagnosticRotationCallbackRunsOutsideGeneralStorageMutex
2026-10-08T04:19:30.9110245Z --- PASS: TestDiagnosticRotationCallbackRunsOutsideGeneralStorageMutex (0.01s)
2026-10-08T04:19:30.9111483Z === RUN   TestRankedWinrateDiagnosticsAggregateByMinuteAndSource
2026-10-08T04:19:30.9142969Z --- PASS: TestRankedWinrateDiagnosticsAggregateByMinuteAndSource (0.00s)
2026-10-08T04:19:30.9143686Z === RUN   TestRankedWinrateDiagnosticAggregationKeepsSourceDimensionBounded
2026-10-08T04:19:30.9164920Z --- PASS: TestRankedWinrateDiagnosticAggregationKeepsSourceDimensionBounded (0.00s)
2026-10-08T04:19:30.9166149Z === RUN   TestDiagnosticEventShareStaysBelowThirtyPercent
2026-10-08T04:19:30.9194425Z --- PASS: TestDiagnosticEventShareStaysBelowThirtyPercent (0.00s)
2026-10-08T04:19:30.9196100Z === RUN   TestDiagnosticEventShareAggregatesDistinctRankedPayloadsBelowThirtyPercent
2026-10-08T04:19:30.9224538Z --- PASS: TestDiagnosticEventShareAggregatesDistinctRankedPayloadsBelowThirtyPercent (0.00s)
2026-10-08T04:19:30.9225916Z === RUN   TestNoisyDiagnosticDeduplicationResetsAfterLogRotation
2026-10-08T04:19:30.9291168Z --- PASS: TestNoisyDiagnosticDeduplicationResetsAfterLogRotation (0.01s)
2026-10-08T04:19:30.9292338Z === RUN   TestLiveRosterShapeDiagnosticDeduplicatesByFingerprint
2026-10-08T04:19:30.9321671Z --- PASS: TestLiveRosterShapeDiagnosticDeduplicatesByFingerprint (0.00s)
2026-10-08T04:19:30.9322669Z === RUN   TestR68LiveRosterShapeRecordsStatsProgressFiveSevenTen
2026-10-08T04:19:30.9349889Z --- PASS: TestR68LiveRosterShapeRecordsStatsProgressFiveSevenTen (0.00s)
2026-10-08T04:19:30.9350736Z === RUN   TestLCUSessionShapePayloadsContainOnlyStructuralStatistics
2026-10-08T04:19:30.9354939Z --- PASS: TestLCUSessionShapePayloadsContainOnlyStructuralStatistics (0.00s)
2026-10-08T04:19:30.9356181Z === RUN   TestLCUSessionShapeDiagnosticsDeduplicateByModeAndRotate
2026-10-08T04:19:30.9387225Z --- PASS: TestLCUSessionShapeDiagnosticsDeduplicateByModeAndRotate (0.00s)
2026-10-08T04:19:30.9388446Z === RUN   TestGameplayQueueModeClassificationMatrix
2026-10-08T04:19:30.9390358Z === RUN   TestGameplayQueueModeClassificationMatrix/ordinary_hextech_2300
2026-10-08T04:19:30.9391825Z --- PASS: TestGameplayQueueModeClassificationMatrix/ordinary_hextech_2300 (0.00s)
2026-10-08T04:19:30.9407458Z === RUN   TestGameplayQueueModeClassificationMatrix/ordinary_hextech_2400
2026-10-08T04:19:30.9408642Z --- PASS: TestGameplayQueueModeClassificationMatrix/ordinary_hextech_2400 (0.00s)
2026-10-08T04:19:30.9423803Z === RUN   TestGameplayQueueModeClassificationMatrix/qualifier_by_Chinese_label
2026-10-08T04:19:30.9435367Z --- PASS: TestGameplayQueueModeClassificationMatrix/qualifier_by_Chinese_label (0.00s)
2026-10-08T04:19:30.9436560Z === RUN   TestGameplayQueueModeClassificationMatrix/classic_by_game_mode
2026-10-08T04:19:30.9438171Z --- PASS: TestGameplayQueueModeClassificationMatrix/classic_by_game_mode (0.00s)
2026-10-08T04:19:30.9439265Z === RUN   TestGameplayQueueModeClassificationMatrix/classic_by_label
2026-10-08T04:19:30.9441385Z --- PASS: TestGameplayQueueModeClassificationMatrix/classic_by_label (0.00s)
2026-10-08T04:19:30.9442511Z === RUN   TestGameplayQueueModeClassificationMatrix/arena_1700
2026-10-08T04:19:30.9443544Z --- PASS: TestGameplayQueueModeClassificationMatrix/arena_1700 (0.00s)
2026-10-08T04:19:30.9444532Z === RUN   TestGameplayQueueModeClassificationMatrix/arena_1710
2026-10-08T04:19:30.9445561Z --- PASS: TestGameplayQueueModeClassificationMatrix/arena_1710 (0.00s)
2026-10-08T04:19:30.9447192Z === RUN   TestGameplayQueueModeClassificationMatrix/aram_450
2026-10-08T04:19:30.9448149Z --- PASS: TestGameplayQueueModeClassificationMatrix/aram_450 (0.00s)
2026-10-08T04:19:30.9449188Z === RUN   TestGameplayQueueModeClassificationMatrix/swiftplay_480
2026-10-08T04:19:30.9450282Z --- PASS: TestGameplayQueueModeClassificationMatrix/swiftplay_480 (0.00s)
2026-10-08T04:19:30.9450894Z === RUN   TestGameplayQueueModeClassificationMatrix/aram_930
2026-10-08T04:19:30.9451633Z --- PASS: TestGameplayQueueModeClassificationMatrix/aram_930 (0.00s)
2026-10-08T04:19:30.9453510Z === RUN   TestGameplayQueueModeClassificationMatrix/match_400
2026-10-08T04:19:30.9454330Z --- PASS: TestGameplayQueueModeClassificationMatrix/match_400 (0.00s)
2026-10-08T04:19:30.9454930Z === RUN   TestGameplayQueueModeClassificationMatrix/match_430
2026-10-08T04:19:30.9455462Z --- PASS: TestGameplayQueueModeClassificationMatrix/match_430 (0.00s)
2026-10-08T04:19:30.9456373Z === RUN   TestGameplayQueueModeClassificationMatrix/match_490
2026-10-08T04:19:30.9457243Z --- PASS: TestGameplayQueueModeClassificationMatrix/match_490 (0.00s)
2026-10-08T04:19:30.9458808Z === RUN   TestGameplayQueueModeClassificationMatrix/urf_1900
2026-10-08T04:19:30.9459436Z --- PASS: TestGameplayQueueModeClassificationMatrix/urf_1900 (0.00s)
2026-10-08T04:19:30.9460015Z === RUN   TestGameplayQueueModeClassificationMatrix/nexus_blitz
2026-10-08T04:19:30.9460849Z --- PASS: TestGameplayQueueModeClassificationMatrix/nexus_blitz (0.00s)
2026-10-08T04:19:30.9461842Z === RUN   TestGameplayQueueModeClassificationMatrix/bots
2026-10-08T04:19:30.9462852Z --- PASS: TestGameplayQueueModeClassificationMatrix/bots (0.00s)
2026-10-08T04:19:30.9464738Z === RUN   TestGameplayQueueModeClassificationMatrix/clash
2026-10-08T04:19:30.9465445Z --- PASS: TestGameplayQueueModeClassificationMatrix/clash (0.00s)
2026-10-08T04:19:30.9465998Z === RUN   TestGameplayQueueModeClassificationMatrix/doombots
2026-10-08T04:19:30.9466545Z --- PASS: TestGameplayQueueModeClassificationMatrix/doombots (0.00s)
2026-10-08T04:19:30.9467113Z === RUN   TestGameplayQueueModeClassificationMatrix/unknown_special
2026-10-08T04:19:30.9467910Z --- PASS: TestGameplayQueueModeClassificationMatrix/unknown_special (0.00s)
2026-10-08T04:19:30.9468478Z --- PASS: TestGameplayQueueModeClassificationMatrix (0.00s)
2026-10-08T04:19:30.9469104Z === RUN   TestGameplayRecommendationStatsDistinguishZeroFromMissing
2026-10-08T04:19:30.9470291Z --- PASS: TestGameplayRecommendationStatsDistinguishZeroFromMissing (0.00s)
2026-10-08T04:19:30.9471207Z === RUN   TestRecentRankedRecordDoesNotOverwriteSeasonRank
2026-10-08T04:19:30.9472885Z --- PASS: TestRecentRankedRecordDoesNotOverwriteSeasonRank (0.00s)
2026-10-08T04:19:30.9473557Z === RUN   TestItemSetApplyPreservesUserSetsAndStoresIdempotently
2026-10-08T04:19:30.9490604Z --- PASS: TestItemSetApplyPreservesUserSetsAndStoresIdempotently (0.01s)
2026-10-08T04:19:30.9493285Z === RUN   TestNewLCUItemSetNormalizesExplicitUnpurchasableIDsAndDeduplicates
2026-10-08T04:19:30.9494693Z --- PASS: TestNewLCUItemSetNormalizesExplicitUnpurchasableIDsAndDeduplicates (0.00s)
2026-10-08T04:19:30.9495811Z === RUN   TestItemSetNameUsesCompactPositionLabel
2026-10-08T04:19:30.9496674Z --- PASS: TestItemSetNameUsesCompactPositionLabel (0.00s)
2026-10-08T04:19:30.9497913Z === RUN   TestR58ItemSetUsesNonZeroSortRankAndRuneSafeTitleLimit
2026-10-08T04:19:30.9499022Z --- PASS: TestR58ItemSetUsesNonZeroSortRankAndRuneSafeTitleLimit (0.00s)
2026-10-08T04:19:30.9500007Z === RUN   TestItemSetApplyDecodeFailuresRecordStage
2026-10-08T04:19:30.9500829Z === RUN   TestItemSetApplyDecodeFailuresRecordStage/oversized
2026-10-08T04:19:30.9525955Z --- PASS: TestItemSetApplyDecodeFailuresRecordStage/oversized (0.00s)
2026-10-08T04:19:30.9526610Z === RUN   TestItemSetApplyDecodeFailuresRecordStage/malformed
2026-10-08T04:19:30.9555571Z --- PASS: TestItemSetApplyDecodeFailuresRecordStage/malformed (0.00s)
2026-10-08T04:19:30.9556664Z === RUN   TestItemSetApplyDecodeFailuresRecordStage/unknown-field
2026-10-08T04:19:30.9585566Z --- PASS: TestItemSetApplyDecodeFailuresRecordStage/unknown-field (0.00s)
2026-10-08T04:19:30.9586681Z === RUN   TestItemSetApplyDecodeFailuresRecordStage/trailing-value
2026-10-08T04:19:30.9615026Z --- PASS: TestItemSetApplyDecodeFailuresRecordStage/trailing-value (0.00s)
2026-10-08T04:19:30.9616883Z --- PASS: TestItemSetApplyDecodeFailuresRecordStage (0.01s)
2026-10-08T04:19:30.9618018Z === RUN   TestItemSetNormalizationRecordsSortedReplacementAndDropOrder
2026-10-08T04:19:30.9619297Z --- PASS: TestItemSetNormalizationRecordsSortedReplacementAndDropOrder (0.00s)
2026-10-08T04:19:30.9620626Z === RUN   TestItemSetNormalizationReportsWrittenCountsAfterUpgradeCollapse
2026-10-08T04:19:30.9621989Z --- PASS: TestItemSetNormalizationReportsWrittenCountsAfterUpgradeCollapse (0.00s)
2026-10-08T04:19:30.9623686Z === RUN   TestItemSetApplyHandlerReportsWrittenCountsAfterUpgradeCollapse
2026-10-08T04:19:30.9672732Z --- PASS: TestItemSetApplyHandlerReportsWrittenCountsAfterUpgradeCollapse (0.01s)
2026-10-08T04:19:30.9674407Z === RUN   TestUpsertLCUItemSetRemovesOnlyStaleDeepLegendsSets
2026-10-08T04:19:30.9676768Z --- PASS: TestUpsertLCUItemSetRemovesOnlyStaleDeepLegendsSets (0.00s)
2026-10-08T04:19:30.9678212Z === RUN   TestSortGameplayItemSetBlocksByPriceKeepsUnknownSlotsAndStableTies
2026-10-08T04:19:30.9679552Z --- PASS: TestSortGameplayItemSetBlocksByPriceKeepsUnknownSlotsAndStableTies (0.00s)
2026-10-08T04:19:30.9680641Z === RUN   TestItemSetApplyNeverReadsOrWritesSetsOutsideChampionSelect
2026-10-08T04:19:30.9686588Z --- PASS: TestItemSetApplyNeverReadsOrWritesSetsOutsideChampionSelect (0.00s)
2026-10-08T04:19:30.9700953Z === RUN   TestSecurityHeadersRemainStrictForGameplayPages
2026-10-08T04:19:30.9702077Z --- PASS: TestSecurityHeadersRemainStrictForGameplayPages (0.00s)
2026-10-08T04:19:30.9702811Z === RUN   TestHexdataRequestCarriesRefererAndUpstreamAccepts
2026-10-08T04:19:31.0191772Z --- PASS: TestHexdataRequestCarriesRefererAndUpstreamAccepts (0.05s)
2026-10-08T04:19:31.0192663Z === RUN   TestHexdataLoadFailsWhenRefererIsMissing
2026-10-08T04:19:31.0325408Z --- PASS: TestHexdataLoadFailsWhenRefererIsMissing (0.01s)
2026-10-08T04:19:31.0326717Z === RUN   TestHexdataAllowedPathCoversJSONAPIAndRejectsHeroList
2026-10-08T04:19:31.0328252Z --- PASS: TestHexdataAllowedPathCoversJSONAPIAndRejectsHeroList (0.00s)
2026-10-08T04:19:31.0329597Z === RUN   TestInspectHexdataPayloadValidatesMetaSnapshot
2026-10-08T04:19:31.0330779Z --- PASS: TestInspectHexdataPayloadValidatesMetaSnapshot (0.00s)
2026-10-08T04:19:31.0333180Z === RUN   TestInspectHexdataPayloadRejectsHeroJSONWithoutAugments
2026-10-08T04:19:31.0334915Z --- PASS: TestInspectHexdataPayloadRejectsHeroJSONWithoutAugments (0.00s)
2026-10-08T04:19:31.0336491Z === RUN   TestInspectHexdataPayloadAcceptsRealHeroJSONFixture
2026-10-08T04:19:31.0346097Z --- PASS: TestInspectHexdataPayloadAcceptsRealHeroJSONFixture (0.00s)
2026-10-08T04:19:31.0347056Z === RUN   TestInspectHexdataPayloadValidatesPostmatch
2026-10-08T04:19:31.0501449Z --- PASS: TestInspectHexdataPayloadValidatesPostmatch (0.02s)
2026-10-08T04:19:31.0502441Z === RUN   TestInspectHexdataPayloadValidatesHextechInsights
2026-10-08T04:19:31.0842459Z --- PASS: TestInspectHexdataPayloadValidatesHextechInsights (0.03s)
2026-10-08T04:19:31.0844325Z === RUN   TestHexdataJSONCitationComesFromMetaSnapshotAndPointsAtHTMLPage
2026-10-08T04:19:31.0846277Z --- PASS: TestHexdataJSONCitationComesFromMetaSnapshotAndPointsAtHTMLPage (0.00s)
2026-10-08T04:19:31.0847397Z === RUN   TestParseHexdataHeroJSONMatchesRealUpstreamFixture
2026-10-08T04:19:31.0854087Z --- PASS: TestParseHexdataHeroJSONMatchesRealUpstreamFixture (0.00s)
2026-10-08T04:19:31.0855397Z === RUN   TestParseHexdataHeroJSONDropsRowsWithUnparseableIDs
2026-10-08T04:19:31.0857112Z --- PASS: TestParseHexdataHeroJSONDropsRowsWithUnparseableIDs (0.00s)
2026-10-08T04:19:31.0858121Z === RUN   TestParseHexdataHeroJSONTrimsTriosToTopFiftyByGames
2026-10-08T04:19:31.1054623Z --- PASS: TestParseHexdataHeroJSONTrimsTriosToTopFiftyByGames (0.02s)
2026-10-08T04:19:31.1055728Z === RUN   TestR148MayhemDetailRunsHeroAndAggregatesConcurrently
2026-10-08T04:19:31.3436663Z --- PASS: TestR148MayhemDetailRunsHeroAndAggregatesConcurrently (0.24s)
2026-10-08T04:19:31.3437778Z === RUN   TestR148MayhemHeroFailureStillAttemptsOPGGRSC
2026-10-08T04:19:31.3438714Z === RUN   TestR148MayhemHeroFailureStillAttemptsOPGGRSC/http_504
2026-10-08T04:19:31.5343042Z --- PASS: TestR148MayhemHeroFailureStillAttemptsOPGGRSC/http_504 (0.19s)
2026-10-08T04:19:31.5344469Z === RUN   TestR148MayhemHeroFailureStillAttemptsOPGGRSC/timeout
2026-10-08T04:19:31.7531093Z --- PASS: TestR148MayhemHeroFailureStillAttemptsOPGGRSC/timeout (0.22s)
2026-10-08T04:19:31.7532593Z --- PASS: TestR148MayhemHeroFailureStillAttemptsOPGGRSC (0.41s)
2026-10-08T04:19:31.7548691Z === RUN   TestLoadMayhemDetailRequestsHeroJSONMetaAndTokenPage
2026-10-08T04:19:31.9497479Z --- PASS: TestLoadMayhemDetailRequestsHeroJSONMetaAndTokenPage (0.20s)
2026-10-08T04:19:31.9499956Z === RUN   TestLoadMayhemDetailColdHeroCostsFiveHexdataRequestsWithWarmSiteMetadata
2026-10-08T04:19:32.2800208Z --- PASS: TestLoadMayhemDetailColdHeroCostsFiveHexdataRequestsWithWarmSiteMetadata (0.33s)
2026-10-08T04:19:32.2801443Z === RUN   TestLoadMayhemDetailHeroTierStaysNilWithoutInsights
2026-10-08T04:19:32.4339057Z --- PASS: TestLoadMayhemDetailHeroTierStaysNilWithoutInsights (0.15s)
2026-10-08T04:19:32.4339993Z === RUN   TestLoadMayhemDetailItemIDsSurviveDuplicateAndSpecialCharacterNames
2026-10-08T04:19:32.6478705Z --- PASS: TestLoadMayhemDetailItemIDsSurviveDuplicateAndSpecialCharacterNames (0.21s)
2026-10-08T04:19:32.6480320Z === RUN   TestEmptyAugmentDescriptionDegradesToOfflinePlaceholder
2026-10-08T04:19:32.8291436Z --- PASS: TestEmptyAugmentDescriptionDegradesToOfflinePlaceholder (0.18s)
2026-10-08T04:19:32.8292692Z === RUN   TestHexdataJSONKindsSurviveSoftTTLBecauseTheyArePromoted
2026-10-08T04:19:33.3631397Z --- PASS: TestHexdataJSONKindsSurviveSoftTTLBecauseTheyArePromoted (0.53s)
2026-10-08T04:19:33.3632084Z === RUN   TestLoadHexdataPostmatchFetchesOnceAcrossTwoCalls
2026-10-08T04:19:33.5149736Z --- PASS: TestLoadHexdataPostmatchFetchesOnceAcrossTwoCalls (0.15s)
2026-10-08T04:19:33.5150420Z === RUN   TestLoadHexdataHextechInsightsFetchesOnceAndParsesIDs
2026-10-08T04:19:33.6670764Z --- PASS: TestLoadHexdataHextechInsightsFetchesOnceAndParsesIDs (0.15s)
2026-10-08T04:19:33.6671820Z === RUN   TestParseHexdataAggregatesDropUnparseableIDs
2026-10-08T04:19:33.6678673Z --- PASS: TestParseHexdataAggregatesDropUnparseableIDs (0.00s)
2026-10-08T04:19:33.6680328Z === RUN   TestHexdataDeadHTMLChainIsGone
2026-10-08T04:19:33.6694541Z --- PASS: TestHexdataDeadHTMLChainIsGone (0.00s)
2026-10-08T04:19:33.6695461Z === RUN   TestLoadMayhemDetailEmitsAugmentStagesInParentUnits
2026-10-08T04:19:33.8739790Z --- PASS: TestLoadMayhemDetailEmitsAugmentStagesInParentUnits (0.20s)
2026-10-08T04:19:33.8740866Z === RUN   TestLoadMayhemDetailKeepsMissingAugmentStagesAbsent
2026-10-08T04:19:34.0738136Z --- PASS: TestLoadMayhemDetailKeepsMissingAugmentStagesAbsent (0.20s)
2026-10-08T04:19:34.0738797Z === RUN   TestLoadMayhemDetailWithoutAnyStageRowsOmitsStagesKey
2026-10-08T04:19:34.2720428Z --- PASS: TestLoadMayhemDetailWithoutAnyStageRowsOmitsStagesKey (0.20s)
2026-10-08T04:19:34.2722293Z === RUN   TestMayhemDetailResponseSerializesAugmentStagesForFrontend
2026-10-08T04:19:34.4602328Z --- PASS: TestMayhemDetailResponseSerializesAugmentStagesForFrontend (0.19s)
2026-10-08T04:19:34.4603064Z === RUN   TestMayhemHeroStageRaritySumsToOnePerStageOnRealHero157
2026-10-08T04:19:34.4613559Z --- PASS: TestMayhemHeroStageRaritySumsToOnePerStageOnRealHero157 (0.00s)
2026-10-08T04:19:34.4614649Z === RUN   TestMayhemHeroStageRaritySkipsMissingStageRowsInsteadOfZeroFilling
2026-10-08T04:19:34.4628040Z --- PASS: TestMayhemHeroStageRaritySkipsMissingStageRowsInsteadOfZeroFilling (0.00s)
2026-10-08T04:19:34.4629211Z === RUN   TestMayhemHeroStageRarityMustNotUseTopLevelPickRate
2026-10-08T04:19:34.4641864Z --- PASS: TestMayhemHeroStageRarityMustNotUseTopLevelPickRate (0.00s)
2026-10-08T04:19:34.4643013Z === RUN   TestMayhemHeroStageRarityDegradesOnUnknownRarityAndIllegalStage
2026-10-08T04:19:34.4644336Z --- PASS: TestMayhemHeroStageRarityDegradesOnUnknownRarityAndIllegalStage (0.00s)
2026-10-08T04:19:34.4645571Z === RUN   TestMayhemNegativeRecommendationRequiresAllThreeCriteria
2026-10-08T04:19:34.4647321Z --- PASS: TestMayhemNegativeRecommendationRequiresAllThreeCriteria (0.00s)
2026-10-08T04:19:34.4648069Z === RUN   TestMayhemNegativeRecommendationMedianIsGroupedByRarity
2026-10-08T04:19:34.4648713Z --- PASS: TestMayhemNegativeRecommendationMedianIsGroupedByRarity (0.00s)
2026-10-08T04:19:34.4649332Z === RUN   TestMayhemNegativeRecommendationOnRealHero157Augments
2026-10-08T04:19:34.4662083Z --- PASS: TestMayhemNegativeRecommendationOnRealHero157Augments (0.00s)
2026-10-08T04:19:34.4663231Z === RUN   TestLoadMayhemDetailCarriesHeroStageRarityAndCautionFlags
2026-10-08T04:19:34.6938949Z --- PASS: TestLoadMayhemDetailCarriesHeroStageRarityAndCautionFlags (0.23s)
2026-10-08T04:19:34.6940177Z === RUN   TestLoadMayhemDetailSkipsCautionFlagsWhenSamplePolicyIsUnavailable
2026-10-08T04:19:34.6940976Z --- PASS: TestLoadMayhemDetailSkipsCautionFlagsWhenSamplePolicyIsUnavailable (0.00s)
2026-10-08T04:19:34.6941629Z === RUN   TestR149AnswerAndTokenPageStartTogether
2026-10-08T04:19:34.9259065Z --- PASS: TestR149AnswerAndTokenPageStartTogether (0.23s)
2026-10-08T04:19:34.9260166Z === RUN   TestR149MayhemCatalogsWarmConcurrentlyAndRestartFromDisk
2026-10-08T04:19:34.9939411Z --- PASS: TestR149MayhemCatalogsWarmConcurrentlyAndRestartFromDisk (0.07s)
2026-10-08T04:19:34.9940592Z === RUN   TestR149PrimaryDecorationStartsBeforeRSCFinishes
2026-10-08T04:19:35.2424512Z --- PASS: TestR149PrimaryDecorationStartsBeforeRSCFinishes (0.25s)
2026-10-08T04:19:35.2425284Z === RUN   TestHexdataUpstreamRejectionIsDiagnosedWithErrorCodeOnly
2026-10-08T04:19:35.2670362Z --- PASS: TestHexdataUpstreamRejectionIsDiagnosedWithErrorCodeOnly (0.02s)
2026-10-08T04:19:35.2671572Z === RUN   TestParseHexdataAugmentsAcceptsMetricSeparatorsAndURLShapes
2026-10-08T04:19:35.2673001Z === RUN   TestParseHexdataAugmentsAcceptsMetricSeparatorsAndURLShapes/·
2026-10-08T04:19:35.2681725Z --- PASS: TestParseHexdataAugmentsAcceptsMetricSeparatorsAndURLShapes/· (0.00s)
2026-10-08T04:19:35.2682751Z === RUN   TestParseHexdataAugmentsAcceptsMetricSeparatorsAndURLShapes/，
2026-10-08T04:19:35.2694367Z --- PASS: TestParseHexdataAugmentsAcceptsMetricSeparatorsAndURLShapes/， (0.00s)
2026-10-08T04:19:35.2695788Z === RUN   TestParseHexdataAugmentsAcceptsMetricSeparatorsAndURLShapes/,
2026-10-08T04:19:35.2705104Z --- PASS: TestParseHexdataAugmentsAcceptsMetricSeparatorsAndURLShapes/, (0.00s)
2026-10-08T04:19:35.2706422Z --- PASS: TestParseHexdataAugmentsAcceptsMetricSeparatorsAndURLShapes (0.00s)
2026-10-08T04:19:35.2707570Z === RUN   TestParseHexdataAugmentsAcceptsThreeColumnIconAndNameShape
2026-10-08T04:19:35.2720373Z --- PASS: TestParseHexdataAugmentsAcceptsThreeColumnIconAndNameShape (0.00s)
2026-10-08T04:19:35.2721579Z === RUN   TestHexdataHeroShapeReportsActualRecommendationAndItemCounts
2026-10-08T04:19:35.2722747Z --- PASS: TestHexdataHeroShapeReportsActualRecommendationAndItemCounts (0.00s)
2026-10-08T04:19:35.2724209Z === RUN   TestParseHexdataAugmentDetailAndRarityRequireExactRows
2026-10-08T04:19:35.2726700Z --- PASS: TestParseHexdataAugmentDetailAndRarityRequireExactRows (0.00s)
2026-10-08T04:19:35.2728066Z === RUN   TestHexdataShapeFailureDistinguishesParseFromEmptyPayload
2026-10-08T04:19:35.2729547Z --- PASS: TestHexdataShapeFailureDistinguishesParseFromEmptyPayload (0.00s)
2026-10-08T04:19:35.2730722Z === RUN   TestInspectHexdataPayloadReportsRawFieldsWhenRowsAreRejected
2026-10-08T04:19:35.2750751Z --- PASS: TestInspectHexdataPayloadReportsRawFieldsWhenRowsAreRejected (0.00s)
2026-10-08T04:19:35.2751963Z === RUN   TestParseHexdataAugmentDetailUsesGuideParagraphNotSEOBlurb
2026-10-08T04:19:35.2753129Z --- PASS: TestParseHexdataAugmentDetailUsesGuideParagraphNotSEOBlurb (0.00s)
2026-10-08T04:19:35.2754586Z === RUN   TestParseHexdataAugmentDetailRejectsUnanchoredGuideProse
2026-10-08T04:19:35.2755749Z --- PASS: TestParseHexdataAugmentDetailRejectsUnanchoredGuideProse (0.00s)
2026-10-08T04:19:35.2756696Z === RUN   TestParseMayhemRSCResolvesDelayedRows
2026-10-08T04:19:35.2757488Z --- PASS: TestParseMayhemRSCResolvesDelayedRows (0.00s)
2026-10-08T04:19:35.2758303Z === RUN   TestParseMayhemRSCRejectsNonItemCoreAssets
2026-10-08T04:19:35.2759183Z --- PASS: TestParseMayhemRSCRejectsNonItemCoreAssets (0.00s)
2026-10-08T04:19:35.2761282Z === RUN   TestReportRSCRejectedItemsEmitsActualIDAndReason
2026-10-08T04:19:35.2762273Z --- PASS: TestReportRSCRejectedItemsEmitsActualIDAndReason (0.00s)
2026-10-08T04:19:35.2764061Z === RUN   TestRSCSpellRowsIgnoreExpandedAugmentMetadata
2026-10-08T04:19:35.2765018Z --- PASS: TestRSCSpellRowsIgnoreExpandedAugmentMetadata (0.00s)
2026-10-08T04:19:35.2766062Z === RUN   TestMergeMayhemAugmentRowsPreservesPrimaryAndFillsNine
2026-10-08T04:19:35.2766921Z --- PASS: TestMergeMayhemAugmentRowsPreservesPrimaryAndFillsNine (0.00s)
2026-10-08T04:19:35.2767522Z === RUN   TestLocalAugmentGradesAndMeasurementAreExplicit
2026-10-08T04:19:35.2768052Z --- PASS: TestLocalAugmentGradesAndMeasurementAreExplicit (0.00s)
2026-10-08T04:19:35.2768506Z === RUN   TestParseMayhemRSCRealFixture
2026-10-08T04:19:35.2769086Z     hexdata_test.go:397: set MAYHEM_RSC_FIXTURE to an OP.GG aram-mayhem RSC payload
2026-10-08T04:19:35.2769603Z --- SKIP: TestParseMayhemRSCRealFixture (0.00s)
2026-10-08T04:19:35.2770033Z === RUN   TestHexdataColdRankingBudgetAndDiskRestart
2026-10-08T04:19:35.5112883Z --- PASS: TestHexdataColdRankingBudgetAndDiskRestart (0.23s)
2026-10-08T04:19:35.5114038Z === RUN   TestHexdataRankingRowsUseOfficialInsightsMetricsAndPageOrder
2026-10-08T04:19:35.5115303Z --- PASS: TestHexdataRankingRowsUseOfficialInsightsMetricsAndPageOrder (0.00s)
2026-10-08T04:19:35.5116650Z === RUN   TestHexdataSameHeroTenConcurrentLoadsUseOneRequestAndRestartUsesNone
2026-10-08T04:19:35.5573822Z --- PASS: TestHexdataSameHeroTenConcurrentLoadsUseOneRequestAndRestartUsesNone (0.05s)
2026-10-08T04:19:35.5574580Z === RUN   TestHexdataBuildSoftTTLRefreshesThroughUserRequestedPage
2026-10-08T04:19:35.5836981Z --- PASS: TestHexdataBuildSoftTTLRefreshesThroughUserRequestedPage (0.03s)
2026-10-08T04:19:35.5837764Z === RUN   TestHexdataCircuitStatePersistsAcrossRestart
2026-10-08T04:19:35.6122613Z --- PASS: TestHexdataCircuitStatePersistsAcrossRestart (0.03s)
2026-10-08T04:19:35.6124027Z === RUN   TestR154HeroJSONCircuitAppliesAcrossChampionIDs
2026-10-08T04:19:35.6125693Z --- PASS: TestR154HeroJSONCircuitAppliesAcrossChampionIDs (0.00s)
2026-10-08T04:19:35.6126912Z === RUN   TestHexdataRestartClearsLongLivedPersistedCircuit
2026-10-08T04:19:35.6302997Z --- PASS: TestHexdataRestartClearsLongLivedPersistedCircuit (0.02s)
2026-10-08T04:19:35.6303844Z === RUN   TestHexdataShapeCircuitBacksOffAndSuccessResetsIt
2026-10-08T04:19:35.7108010Z --- PASS: TestHexdataShapeCircuitBacksOffAndSuccessResetsIt (0.08s)
2026-10-08T04:19:35.7109183Z === RUN   TestHexdataCircuitStateWorksWithoutPersistentStore
2026-10-08T04:19:35.7110023Z --- PASS: TestHexdataCircuitStateWorksWithoutPersistentStore (0.00s)
2026-10-08T04:19:35.7111193Z === RUN   TestHexdataHTTP429OpensPersistentCircuitBeforeNextRequest
2026-10-08T04:19:35.7577308Z --- PASS: TestHexdataHTTP429OpensPersistentCircuitBeforeNextRequest (0.05s)
2026-10-08T04:19:35.7578777Z === RUN   TestHexdataEmptyPayloadKeepsLastSuccessfulCacheAndTripsOnlyAfterThreeFailures
2026-10-08T04:19:35.8379453Z --- PASS: TestHexdataEmptyPayloadKeepsLastSuccessfulCacheAndTripsOnlyAfterThreeFailures (0.08s)
2026-10-08T04:19:35.8380599Z === RUN   TestHexdataCircuitProbesLazilyOnNextLoadAndClosesOnSuccess
2026-10-08T04:19:35.8698201Z --- PASS: TestHexdataCircuitProbesLazilyOnNextLoadAndClosesOnSuccess (0.03s)
2026-10-08T04:19:35.8699753Z === RUN   TestNormalizeAugmentRarityIsShared
2026-10-08T04:19:35.8700820Z --- PASS: TestNormalizeAugmentRarityIsShared (0.00s)
2026-10-08T04:19:35.8701873Z === RUN   TestHexdataMethodologyValuesComeFromAnswerCards
2026-10-08T04:19:35.8702936Z --- PASS: TestHexdataMethodologyValuesComeFromAnswerCards (0.00s)
2026-10-08T04:19:35.8703825Z === RUN   TestHexdataRequestUsesHonestUserAgent
2026-10-08T04:19:35.8704620Z --- PASS: TestHexdataRequestUsesHonestUserAgent (0.00s)
2026-10-08T04:19:35.8705674Z === RUN   TestHexdataPaceAllowsFourIdleBurstRequestsThenJitters
2026-10-08T04:19:35.8706905Z --- PASS: TestHexdataPaceAllowsFourIdleBurstRequestsThenJitters (0.00s)
2026-10-08T04:19:35.8708114Z === RUN   TestHexdataPaceWaitDoesNotHoldGlobalMutex
2026-10-08T04:19:35.8709077Z --- PASS: TestHexdataPaceWaitDoesNotHoldGlobalMutex (0.00s)
2026-10-08T04:19:35.8710392Z === RUN   TestDecorateHexdataAugmentsKeepsOfflineDescriptionWhenAugmentsAreUnavailable
2026-10-08T04:19:35.8711921Z --- PASS: TestDecorateHexdataAugmentsKeepsOfflineDescriptionWhenAugmentsAreUnavailable (0.00s)
2026-10-08T04:19:35.8713324Z === RUN   TestDecorateHexdataAugmentsPersistsMissingMetadataDiagnostic
2026-10-08T04:19:35.8741385Z --- PASS: TestDecorateHexdataAugmentsPersistsMissingMetadataDiagnostic (0.00s)
2026-10-08T04:19:35.8742682Z === RUN   TestHexdataPageTokenAcquiredBeforeJSONAndRefreshedBeforeExpiry
2026-10-08T04:19:35.8992358Z --- PASS: TestHexdataPageTokenAcquiredBeforeJSONAndRefreshedBeforeExpiry (0.02s)
2026-10-08T04:19:35.8993646Z === RUN   TestHexdataPageTokenRefreshesOnceAndFinalFailureCountsOnce
2026-10-08T04:19:35.9146744Z --- PASS: TestHexdataPageTokenRefreshesOnceAndFinalFailureCountsOnce (0.02s)
2026-10-08T04:19:35.9148077Z === RUN   TestHexdataPageTokenRecoveredRequestDoesNotCountCircuitFailure
2026-10-08T04:19:35.9326010Z --- PASS: TestHexdataPageTokenRecoveredRequestDoesNotCountCircuitFailure (0.02s)
2026-10-08T04:19:35.9326854Z === RUN   TestHexdataTokenJarIsHostLimited
2026-10-08T04:19:35.9344916Z --- PASS: TestHexdataTokenJarIsHostLimited (0.00s)
2026-10-08T04:19:35.9345797Z === RUN   TestHexdataPageTokenTenConcurrentRequestsUseOnePage
2026-10-08T04:19:36.0398410Z --- PASS: TestHexdataPageTokenTenConcurrentRequestsUseOnePage (0.10s)
2026-10-08T04:19:36.0399583Z === RUN   TestHexdataPageTokenNeverAppearsInDiagnosticsOrDisk
2026-10-08T04:19:36.0534971Z --- PASS: TestHexdataPageTokenNeverAppearsInDiagnosticsOrDisk (0.01s)
2026-10-08T04:19:36.0536233Z === RUN   TestRankedItemDepthPresenceMatrix
2026-10-08T04:19:36.0537294Z === RUN   TestRankedItemDepthPresenceMatrix/rsc/stages_001
2026-10-08T04:19:36.0538501Z --- PASS: TestRankedItemDepthPresenceMatrix/rsc/stages_001 (0.00s)
2026-10-08T04:19:36.0539537Z === RUN   TestRankedItemDepthPresenceMatrix/rsc/stages_010
2026-10-08T04:19:36.0540689Z --- PASS: TestRankedItemDepthPresenceMatrix/rsc/stages_010 (0.00s)
2026-10-08T04:19:36.0541737Z === RUN   TestRankedItemDepthPresenceMatrix/rsc/stages_011
2026-10-08T04:19:36.0543028Z --- PASS: TestRankedItemDepthPresenceMatrix/rsc/stages_011 (0.00s)
2026-10-08T04:19:36.0544042Z === RUN   TestRankedItemDepthPresenceMatrix/rsc/stages_100
2026-10-08T04:19:36.0545314Z --- PASS: TestRankedItemDepthPresenceMatrix/rsc/stages_100 (0.00s)
2026-10-08T04:19:36.0546361Z === RUN   TestRankedItemDepthPresenceMatrix/rsc/stages_101
2026-10-08T04:19:36.0549422Z --- PASS: TestRankedItemDepthPresenceMatrix/rsc/stages_101 (0.00s)
2026-10-08T04:19:36.0550458Z === RUN   TestRankedItemDepthPresenceMatrix/rsc/stages_110
2026-10-08T04:19:36.0552559Z --- PASS: TestRankedItemDepthPresenceMatrix/rsc/stages_110 (0.00s)
2026-10-08T04:19:36.0553466Z === RUN   TestRankedItemDepthPresenceMatrix/rsc/stages_111
2026-10-08T04:19:36.0556913Z --- PASS: TestRankedItemDepthPresenceMatrix/rsc/stages_111 (0.00s)
2026-10-08T04:19:36.0557874Z === RUN   TestRankedItemDepthPresenceMatrix/html/stages_001
2026-10-08T04:19:36.0558810Z --- PASS: TestRankedItemDepthPresenceMatrix/html/stages_001 (0.00s)
2026-10-08T04:19:36.0559723Z === RUN   TestRankedItemDepthPresenceMatrix/html/stages_010
2026-10-08T04:19:36.0561712Z --- PASS: TestRankedItemDepthPresenceMatrix/html/stages_010 (0.00s)
2026-10-08T04:19:36.0562946Z === RUN   TestRankedItemDepthPresenceMatrix/html/stages_011
2026-10-08T04:19:36.0565736Z --- PASS: TestRankedItemDepthPresenceMatrix/html/stages_011 (0.00s)
2026-10-08T04:19:36.0566699Z === RUN   TestRankedItemDepthPresenceMatrix/html/stages_100
2026-10-08T04:19:36.0567642Z --- PASS: TestRankedItemDepthPresenceMatrix/html/stages_100 (0.00s)
2026-10-08T04:19:36.0568559Z === RUN   TestRankedItemDepthPresenceMatrix/html/stages_101
2026-10-08T04:19:36.0572072Z --- PASS: TestRankedItemDepthPresenceMatrix/html/stages_101 (0.00s)
2026-10-08T04:19:36.0573094Z === RUN   TestRankedItemDepthPresenceMatrix/html/stages_110
2026-10-08T04:19:36.0576207Z --- PASS: TestRankedItemDepthPresenceMatrix/html/stages_110 (0.00s)
2026-10-08T04:19:36.0577131Z === RUN   TestRankedItemDepthPresenceMatrix/html/stages_111
2026-10-08T04:19:36.0581301Z --- PASS: TestRankedItemDepthPresenceMatrix/html/stages_111 (0.00s)
2026-10-08T04:19:36.0582214Z --- PASS: TestRankedItemDepthPresenceMatrix (0.00s)
2026-10-08T04:19:36.0583452Z === RUN   TestRankedItemDepthFallbackPreservesAvailableStages
2026-10-08T04:19:36.0584624Z === RUN   TestRankedItemDepthFallbackPreservesAvailableStages/fourth_plus_fallback_fifth
2026-10-08T04:19:36.0586123Z --- PASS: TestRankedItemDepthFallbackPreservesAvailableStages/fourth_plus_fallback_fifth (0.00s)
2026-10-08T04:19:36.0587596Z === RUN   TestRankedItemDepthFallbackPreservesAvailableStages/fifth_plus_fallback_fourth
2026-10-08T04:19:36.0589093Z --- PASS: TestRankedItemDepthFallbackPreservesAvailableStages/fifth_plus_fallback_fourth (0.00s)
2026-10-08T04:19:36.0590683Z === RUN   TestRankedItemDepthFallbackPreservesAvailableStages/sixth_survives_incomplete_fallback
2026-10-08T04:19:36.0592313Z --- PASS: TestRankedItemDepthFallbackPreservesAvailableStages/sixth_survives_incomplete_fallback (0.00s)
2026-10-08T04:19:36.0594009Z === RUN   TestRankedItemDepthFallbackPreservesAvailableStages/overlapping_fallback_cannot_replace_primary
2026-10-08T04:19:36.0595756Z --- PASS: TestRankedItemDepthFallbackPreservesAvailableStages/overlapping_fallback_cannot_replace_primary (0.00s)
2026-10-08T04:19:36.0597352Z === RUN   TestRankedItemDepthFallbackPreservesAvailableStages/empty_fallback_keeps_primary
2026-10-08T04:19:36.0598857Z --- PASS: TestRankedItemDepthFallbackPreservesAvailableStages/empty_fallback_keeps_primary (0.00s)
2026-10-08T04:19:36.0600294Z === RUN   TestRankedItemDepthFallbackPreservesAvailableStages/all_primary_rows_failed
2026-10-08T04:19:36.0601965Z --- PASS: TestRankedItemDepthFallbackPreservesAvailableStages/all_primary_rows_failed (0.00s)
2026-10-08T04:19:36.0603785Z === RUN   TestRankedItemDepthFallbackPreservesAvailableStages/broken_sixth_remains_an_error
2026-10-08T04:19:36.0605279Z --- PASS: TestRankedItemDepthFallbackPreservesAvailableStages/broken_sixth_remains_an_error (0.00s)
2026-10-08T04:19:36.0606748Z === RUN   TestRankedItemDepthFallbackPreservesAvailableStages/fallback_repairs_sixth
2026-10-08T04:19:36.0608139Z --- PASS: TestRankedItemDepthFallbackPreservesAvailableStages/fallback_repairs_sixth (0.00s)
2026-10-08T04:19:36.0609782Z === RUN   TestRankedItemDepthFallbackPreservesAvailableStages/absent_fifth_does_not_replace_valid_source
2026-10-08T04:19:36.0612784Z --- PASS: TestRankedItemDepthFallbackPreservesAvailableStages/absent_fifth_does_not_replace_valid_source (0.00s)
2026-10-08T04:19:36.0614346Z --- PASS: TestRankedItemDepthFallbackPreservesAvailableStages (0.00s)
2026-10-08T04:19:36.0615351Z === RUN   TestRankedItemDepthDelayedStatisticsAndEmptySlots
2026-10-08T04:19:36.0616404Z --- PASS: TestRankedItemDepthDelayedStatisticsAndEmptySlots (0.00s)
2026-10-08T04:19:36.0617459Z === RUN   TestRankedItemDepthEmptyAndErrorPagesStayUnavailable
2026-10-08T04:19:36.0618938Z --- PASS: TestRankedItemDepthEmptyAndErrorPagesStayUnavailable (0.00s)
2026-10-08T04:19:36.0620282Z === RUN   TestRankedItemDepthPartialCacheKeepsOlderTimestamp
2026-10-08T04:19:36.0621345Z --- PASS: TestRankedItemDepthPartialCacheKeepsOlderTimestamp (0.00s)
2026-10-08T04:19:36.0622245Z === RUN   TestCapturedChampionItemDepthPages
2026-10-08T04:19:36.0624022Z     item_depth_completeness_test.go:188: set DEEP_LEGENDS_ITEM_DEPTH_MANIFESTS to captured-page manifests
2026-10-08T04:19:36.0625178Z --- SKIP: TestCapturedChampionItemDepthPages (0.00s)
2026-10-08T04:19:36.0626208Z === RUN   TestLegacyDiskMigrationPreservesForeignAndArchivesExactUIDs
2026-10-08T04:19:36.1037633Z --- PASS: TestLegacyDiskMigrationPreservesForeignAndArchivesExactUIDs (0.04s)
2026-10-08T04:19:36.1038810Z === RUN   TestLegacyDiskMigrationRejectsBackupSymlinkAndSessionChange
2026-10-08T04:19:36.1039761Z === RUN   TestLegacyDiskMigrationRejectsBackupSymlinkAndSessionChange/symlink
2026-10-08T04:19:36.1143623Z --- PASS: TestLegacyDiskMigrationRejectsBackupSymlinkAndSessionChange/symlink (0.01s)
2026-10-08T04:19:36.1145354Z === RUN   TestLegacyDiskMigrationRejectsBackupSymlinkAndSessionChange/session
2026-10-08T04:19:36.1233378Z --- PASS: TestLegacyDiskMigrationRejectsBackupSymlinkAndSessionChange/session (0.01s)
2026-10-08T04:19:36.1235044Z === RUN   TestLegacyDiskMigrationRejectsBackupSymlinkAndSessionChange/edit
2026-10-08T04:19:36.1356647Z --- PASS: TestLegacyDiskMigrationRejectsBackupSymlinkAndSessionChange/edit (0.01s)
2026-10-08T04:19:36.1358262Z --- PASS: TestLegacyDiskMigrationRejectsBackupSymlinkAndSessionChange (0.03s)
2026-10-08T04:19:36.1360274Z === RUN   TestLegacyDiskMigrationDoesNotFollowChampionSymlinkOrAlterSettings
2026-10-08T04:19:36.1522272Z --- PASS: TestLegacyDiskMigrationDoesNotFollowChampionSymlinkOrAlterSettings (0.02s)
2026-10-08T04:19:36.1524125Z === RUN   TestOptionalReadOnlyAPIsAndCapabilityDegradation
2026-10-08T04:19:36.1540834Z --- PASS: TestOptionalReadOnlyAPIsAndCapabilityDegradation (0.00s)
2026-10-08T04:19:36.1541809Z === RUN   TestOptionalCapability404DoesNotBecomeHardFailure
2026-10-08T04:19:36.1551573Z --- PASS: TestOptionalCapability404DoesNotBecomeHardFailure (0.00s)
2026-10-08T04:19:36.1552452Z === RUN   TestLCUClientCloseErasesCredential
2026-10-08T04:19:36.1553737Z --- PASS: TestLCUClientCloseErasesCredential (0.00s)
2026-10-08T04:19:36.1554519Z === RUN   TestRelevantLCUEventClassification
2026-10-08T04:19:36.1555316Z --- PASS: TestRelevantLCUEventClassification (0.00s)
2026-10-08T04:19:36.1556492Z === RUN   TestAccountEndpointDoesNotExposeStableIdentifiersOrToken
2026-10-08T04:19:36.1558483Z --- PASS: TestAccountEndpointDoesNotExposeStableIdentifiersOrToken (0.00s)
2026-10-08T04:19:36.1560419Z === RUN   TestChampionMasteryDecoderSupportsBothLCUShapes
2026-10-08T04:19:36.1562066Z --- PASS: TestChampionMasteryDecoderSupportsBothLCUShapes (0.00s)
2026-10-08T04:19:36.1563146Z === RUN   TestSkinAcquisitionDatesRequireOwnedPurchaseDate
2026-10-08T04:19:36.1564716Z --- PASS: TestSkinAcquisitionDatesRequireOwnedPurchaseDate (0.00s)
2026-10-08T04:19:36.1565471Z === RUN   TestSkinAcquisitionDatesUseVerifiedOwnershipAcrossTencentShapes
2026-10-08T04:19:36.1566364Z --- PASS: TestSkinAcquisitionDatesUseVerifiedOwnershipAcrossTencentShapes (0.00s)
2026-10-08T04:19:36.1567263Z === RUN   TestSkinAcquisitionDatesReadNestedTencentItemKey
2026-10-08T04:19:36.1568271Z --- PASS: TestSkinAcquisitionDatesReadNestedTencentItemKey (0.00s)
2026-10-08T04:19:36.1569417Z === RUN   TestSkinLootClassificationUsesClientTypeInsteadOfDisplayName
2026-10-08T04:19:36.1571020Z --- PASS: TestSkinLootClassificationUsesClientTypeInsteadOfDisplayName (0.00s)
2026-10-08T04:19:36.1572200Z === RUN   TestEnrichLootItemsUsesChineseNamesAndCatalogSkinNames
2026-10-08T04:19:36.1573351Z --- PASS: TestEnrichLootItemsUsesChineseNamesAndCatalogSkinNames (0.00s)
2026-10-08T04:19:36.1574391Z === RUN   TestEnrichLootItemsRetainsTheLCUPendingShell
2026-10-08T04:19:36.1575327Z --- PASS: TestEnrichLootItemsRetainsTheLCUPendingShell (0.00s)
2026-10-08T04:19:36.1576569Z === RUN   TestPromotionChestUsesRequestedChineseName
2026-10-08T04:19:36.1577602Z --- PASS: TestPromotionChestUsesRequestedChineseName (0.00s)
2026-10-08T04:19:36.1578935Z === RUN   TestGenericAndPromotionChestsStayDistinctAndUseCurrentClientArtwork
2026-10-08T04:19:36.1580480Z --- PASS: TestGenericAndPromotionChestsStayDistinctAndUseCurrentClientArtwork (0.00s)
2026-10-08T04:19:36.1582020Z === RUN   TestCommunityDragonLootMetadataNamesMasterworkChestAndKeepsPromotionFallback
2026-10-08T04:19:36.1583653Z --- PASS: TestCommunityDragonLootMetadataNamesMasterworkChestAndKeepsPromotionFallback (0.00s)
2026-10-08T04:19:36.1584947Z === RUN   TestLootDiagnosticsAllPersistWithReviewedFields
2026-10-08T04:19:36.1616422Z --- PASS: TestLootDiagnosticsAllPersistWithReviewedFields (0.01s)
2026-10-08T04:19:36.1618250Z === RUN   TestLootEmptyShellFilteringStillReportsItsShape
2026-10-08T04:19:36.1655925Z --- PASS: TestLootEmptyShellFilteringStillReportsItsShape (0.00s)
2026-10-08T04:19:36.1656895Z === RUN   TestLootIDPrefixCoversKnownLCUTypes
2026-10-08T04:19:36.1657716Z --- PASS: TestLootIDPrefixCoversKnownLCUTypes (0.00s)
2026-10-08T04:19:36.1658597Z === RUN   TestLCURequestDiagnosticsCaptureRealTLSAndConnectionReuse
2026-10-08T04:19:36.1695326Z --- PASS: TestLCURequestDiagnosticsCaptureRealTLSAndConnectionReuse (0.00s)
2026-10-08T04:19:36.1697171Z === RUN   TestRewardTitleFiltersClientPlaceholders
2026-10-08T04:19:36.1697967Z --- PASS: TestRewardTitleFiltersClientPlaceholders (0.00s)
2026-10-08T04:19:36.1698841Z === RUN   TestPendingGrantPlaceholderDoesNotInventPassSource
2026-10-08T04:19:36.1705883Z --- PASS: TestPendingGrantPlaceholderDoesNotInventPassSource (0.00s)
2026-10-08T04:19:36.1706927Z === RUN   TestOptionalCapabilityCancellationIsNotFailure
2026-10-08T04:19:36.1707908Z --- PASS: TestOptionalCapabilityCancellationIsNotFailure (0.00s)
2026-10-08T04:19:36.1708772Z === RUN   TestSanctumSparkWalletSupportsTencentWalletShapes
2026-10-08T04:19:36.1760006Z --- PASS: TestSanctumSparkWalletSupportsTencentWalletShapes (0.01s)
2026-10-08T04:19:36.1761302Z === RUN   TestOwnedChampionIDsDoNotConfuseNestedSkins
2026-10-08T04:19:36.1762663Z --- PASS: TestOwnedChampionIDsDoNotConfuseNestedSkins (0.00s)
2026-10-08T04:19:36.1764248Z === RUN   TestRPPriceRequiresExplicitRPCurrency
2026-10-08T04:19:36.1765675Z --- PASS: TestRPPriceRequiresExplicitRPCurrency (0.00s)
2026-10-08T04:19:36.1766484Z === RUN   TestSkinBorderRequiresMatchingSkinAugment
2026-10-08T04:19:36.1767367Z --- PASS: TestSkinBorderRequiresMatchingSkinAugment (0.00s)
2026-10-08T04:19:36.1768219Z === RUN   TestLCUEventRefreshScopes
2026-10-08T04:19:36.1769065Z === RUN   TestLCUEventRefreshScopes//lol-champions/v1/inventories/123
2026-10-08T04:19:36.1770369Z --- PASS: TestLCUEventRefreshScopes//lol-champions/v1/inventories/123 (0.00s)
2026-10-08T04:19:36.1771136Z === RUN   TestLCUEventRefreshScopes//lol-champion-mastery/v1/player/123
2026-10-08T04:19:36.1771964Z --- PASS: TestLCUEventRefreshScopes//lol-champion-mastery/v1/player/123 (0.00s)
2026-10-08T04:19:36.1772638Z === RUN   TestLCUEventRefreshScopes//lol-inventory/v2/inventory/CHAMPION_SKIN
2026-10-08T04:19:36.1773326Z --- PASS: TestLCUEventRefreshScopes//lol-inventory/v2/inventory/CHAMPION_SKIN (0.00s)
2026-10-08T04:19:36.1773957Z === RUN   TestLCUEventRefreshScopes//lol-summoner/v1/current-summoner
2026-10-08T04:19:36.1774561Z --- PASS: TestLCUEventRefreshScopes//lol-summoner/v1/current-summoner (0.00s)
2026-10-08T04:19:36.1775400Z === RUN   TestLCUEventRefreshScopes//lol-summoner/v1/current-summoner/summoner-profile
2026-10-08T04:19:36.1776148Z --- PASS: TestLCUEventRefreshScopes//lol-summoner/v1/current-summoner/summoner-profile (0.00s)
2026-10-08T04:19:36.1776736Z === RUN   TestLCUEventRefreshScopes//lol-chat/v1/me
2026-10-08T04:19:36.1777411Z --- PASS: TestLCUEventRefreshScopes//lol-chat/v1/me (0.00s)
2026-10-08T04:19:36.1777935Z === RUN   TestLCUEventRefreshScopes//lol-loot/v1/player-loot-map/item
2026-10-08T04:19:36.1778728Z --- PASS: TestLCUEventRefreshScopes//lol-loot/v1/player-loot-map/item (0.00s)
2026-10-08T04:19:36.1779267Z === RUN   TestLCUEventRefreshScopes//lol-rewards/v1/grants/1
2026-10-08T04:19:36.1779944Z --- PASS: TestLCUEventRefreshScopes//lol-rewards/v1/grants/1 (0.00s)
2026-10-08T04:19:36.1780427Z --- PASS: TestLCUEventRefreshScopes (0.00s)
2026-10-08T04:19:36.1780857Z === RUN   TestLCUEventStreamAcceptsMessageAboveOneMiB
2026-10-08T04:19:36.2173171Z --- PASS: TestLCUEventStreamAcceptsMessageAboveOneMiB (0.04s)
2026-10-08T04:19:36.2174444Z === RUN   TestLCUEventStreamReadLimitReportsRecentTopURIs
2026-10-08T04:19:36.2626463Z --- PASS: TestLCUEventStreamReadLimitReportsRecentTopURIs (0.05s)
2026-10-08T04:19:36.2627501Z === RUN   TestCollectionDebounceOnlyMarksDirty
2026-10-08T04:19:36.2628168Z --- PASS: TestCollectionDebounceOnlyMarksDirty (0.00s)
2026-10-08T04:19:36.2628720Z === RUN   TestDebouncedAccountAndCollectionScopesPreserveBothActions
2026-10-08T04:19:36.2629380Z --- PASS: TestDebouncedAccountAndCollectionScopesPreserveBothActions (0.00s)
2026-10-08T04:19:36.2630077Z === RUN   TestSuccessfulSnapshotCommitClearsOnlyExistingCollectionDirtyState
2026-10-08T04:19:36.2631165Z --- PASS: TestSuccessfulSnapshotCommitClearsOnlyExistingCollectionDirtyState (0.00s)
2026-10-08T04:19:36.2631943Z === RUN   TestRefreshWithClientSuccessClearsCollectionDirty
2026-10-08T04:19:36.2771911Z --- PASS: TestRefreshWithClientSuccessClearsCollectionDirty (0.01s)
2026-10-08T04:19:36.2772747Z === RUN   TestStatusReportsCollectionDirty
2026-10-08T04:19:36.2774519Z --- PASS: TestStatusReportsCollectionDirty (0.00s)
2026-10-08T04:19:36.2775874Z === RUN   TestSettleBlankLootEndsPendingStateWithoutMutatingTheSharedSlice
2026-10-08T04:19:36.2776780Z --- PASS: TestSettleBlankLootEndsPendingStateWithoutMutatingTheSharedSlice (0.00s)
2026-10-08T04:19:36.2777501Z === RUN   TestRetryExhaustionStopsPresentingTheBlankRecordAsNotSyncedYet
2026-10-08T04:19:36.2813936Z --- PASS: TestRetryExhaustionStopsPresentingTheBlankRecordAsNotSyncedYet (0.00s)
2026-10-08T04:19:36.2815002Z === RUN   TestRetryBudgetNotSpentYetDoesNotSettle
2026-10-08T04:19:36.2816473Z --- PASS: TestRetryBudgetNotSpentYetDoesNotSettle (0.00s)
2026-10-08T04:19:36.2817573Z === RUN   TestPlayerLootKeepsTheBlankRecordLastAndLogsOnlyItsFieldNames
2026-10-08T04:19:36.2851464Z --- PASS: TestPlayerLootKeepsTheBlankRecordLastAndLogsOnlyItsFieldNames (0.00s)
2026-10-08T04:19:36.2853447Z === RUN   TestBlankLootDropsImagePathsButKeepsDiagnosticAsset
2026-10-08T04:19:36.2854494Z --- PASS: TestBlankLootDropsImagePathsButKeepsDiagnosticAsset (0.00s)
2026-10-08T04:19:36.2855492Z === RUN   TestStripSolidPNGBackgroundRemovesOnlyTheBackground
2026-10-08T04:19:36.2867917Z --- PASS: TestStripSolidPNGBackgroundRemovesOnlyTheBackground (0.00s)
2026-10-08T04:19:36.2869347Z === RUN   TestStripSolidPNGBackgroundLeavesOtherImagesAlone
2026-10-08T04:19:36.2880358Z --- PASS: TestStripSolidPNGBackgroundLeavesOtherImagesAlone (0.00s)
2026-10-08T04:19:36.2882255Z === RUN   TestCommunityDragonImagePathsCoverFrontendLootIcons
2026-10-08T04:19:36.2883250Z --- PASS: TestCommunityDragonImagePathsCoverFrontendLootIcons (0.00s)
2026-10-08T04:19:36.2884574Z === RUN   TestHandleImageReturns404ForMissingLegacyLootIcons
2026-10-08T04:19:36.2885653Z --- PASS: TestHandleImageReturns404ForMissingLegacyLootIcons (0.00s)
2026-10-08T04:19:36.2886273Z === RUN   TestLootNamingAccountRefreshUsesClientCatalogs
2026-10-08T04:19:36.2916283Z --- PASS: TestLootNamingAccountRefreshUsesClientCatalogs (0.00s)
2026-10-08T04:19:36.2918663Z === RUN   TestLootNamingPublicCatalogFallbackIsCachedAndPrivate
2026-10-08T04:19:36.2944721Z --- PASS: TestLootNamingPublicCatalogFallbackIsCachedAndPrivate (0.00s)
2026-10-08T04:19:36.2945349Z === RUN   TestLootNamingSharedDeadlineAndOfflineFallback
2026-10-08T04:19:36.4454843Z --- PASS: TestLootNamingSharedDeadlineAndOfflineFallback (0.15s)
2026-10-08T04:19:36.4456786Z === RUN   TestLootNamingPreservesLocalNamesAndReportsUnresolvedCategories
2026-10-08T04:19:36.4458719Z --- PASS: TestLootNamingPreservesLocalNamesAndReportsUnresolvedCategories (0.00s)
2026-10-08T04:19:36.4459792Z === RUN   TestRankAbsoluteScore
2026-10-08T04:19:36.4460464Z --- PASS: TestRankAbsoluteScore (0.00s)
2026-10-08T04:19:36.4461443Z === RUN   TestRankFromScoreRoundTrip
2026-10-08T04:19:36.4462197Z --- PASS: TestRankFromScoreRoundTrip (0.00s)
2026-10-08T04:19:36.4462951Z === RUN   TestLPSnapshotTrustworthy
2026-10-08T04:19:36.4463683Z === RUN   TestLPSnapshotTrustworthy/complete
2026-10-08T04:19:36.4464539Z --- PASS: TestLPSnapshotTrustworthy/complete (0.00s)
2026-10-08T04:19:36.4465374Z === RUN   TestLPSnapshotTrustworthy/missing_losses
2026-10-08T04:19:36.4466310Z --- PASS: TestLPSnapshotTrustworthy/missing_losses (0.00s)
2026-10-08T04:19:36.4467207Z === RUN   TestLPSnapshotTrustworthy/unplayed
2026-10-08T04:19:36.4468082Z --- PASS: TestLPSnapshotTrustworthy/unplayed (0.00s)
2026-10-08T04:19:36.4468889Z === RUN   TestLPSnapshotTrustworthy/losses_only
2026-10-08T04:19:36.4469715Z --- PASS: TestLPSnapshotTrustworthy/losses_only (0.00s)
2026-10-08T04:19:36.4470454Z --- PASS: TestLPSnapshotTrustworthy (0.00s)
2026-10-08T04:19:36.4471230Z === RUN   TestLPTrackerObserveRejectsIncompleteSnapshot
2026-10-08T04:19:36.4476385Z --- PASS: TestLPTrackerObserveRejectsIncompleteSnapshot (0.00s)
2026-10-08T04:19:36.4477707Z === RUN   TestLPTrackerCaptureRecordsDiagnostics
2026-10-08T04:19:36.4634404Z --- PASS: TestLPTrackerCaptureRecordsDiagnostics (0.02s)
2026-10-08T04:19:36.4635418Z === RUN   TestLPTrackerCaptureTimeoutDiagnostics
2026-10-08T04:19:36.4891405Z --- PASS: TestLPTrackerCaptureTimeoutDiagnostics (0.03s)
2026-10-08T04:19:36.4892490Z === RUN   TestLPTrackerCaptureRejectsIncompleteSnapshot
2026-10-08T04:19:36.5015170Z --- PASS: TestLPTrackerCaptureRejectsIncompleteSnapshot (0.01s)
2026-10-08T04:19:36.5016552Z === RUN   TestLPTrackerCaptureReportsSkippedReasons
2026-10-08T04:19:36.5017716Z === RUN   TestLPTrackerCaptureReportsSkippedReasons/no_baseline
2026-10-08T04:19:36.5115488Z --- PASS: TestLPTrackerCaptureReportsSkippedReasons/no_baseline (0.01s)
2026-10-08T04:19:36.5117561Z === RUN   TestLPTrackerCaptureReportsSkippedReasons/games_jumped
2026-10-08T04:19:36.5226168Z --- PASS: TestLPTrackerCaptureReportsSkippedReasons/games_jumped (0.01s)
2026-10-08T04:19:36.5227373Z === RUN   TestLPTrackerCaptureReportsSkippedReasons/score_unresolved
2026-10-08T04:19:36.5352616Z --- PASS: TestLPTrackerCaptureReportsSkippedReasons/score_unresolved (0.01s)
2026-10-08T04:19:36.5353953Z --- PASS: TestLPTrackerCaptureReportsSkippedReasons (0.03s)
2026-10-08T04:19:36.5354985Z === RUN   TestLPTrackerCaptureReportsEarlyExitReasons
2026-10-08T04:19:36.5377098Z --- PASS: TestLPTrackerCaptureReportsEarlyExitReasons (0.00s)
2026-10-08T04:19:36.5378762Z === RUN   TestLPTrackerObserveAnnotatePersist
2026-10-08T04:19:36.5528315Z --- PASS: TestLPTrackerObserveAnnotatePersist (0.01s)
2026-10-08T04:19:36.5529694Z === RUN   TestLPTrackerInvalidatesLegacyPlaintextHistory
2026-10-08T04:19:36.5606130Z --- PASS: TestLPTrackerInvalidatesLegacyPlaintextHistory (0.01s)
2026-10-08T04:19:36.5607963Z === RUN   TestLPHistoryRejectsMoreThanTheRetentionLimit
2026-10-08T04:19:36.5609069Z --- PASS: TestLPHistoryRejectsMoreThanTheRetentionLimit (0.00s)
2026-10-08T04:19:36.5609906Z === RUN   TestItemSlotsKeepPositions
2026-10-08T04:19:36.5610356Z --- PASS: TestItemSlotsKeepPositions (0.00s)
2026-10-08T04:19:36.5610778Z === RUN   TestR182LossGapTwoUsesGameStartScore
2026-10-08T04:19:36.5832890Z --- PASS: TestR182LossGapTwoUsesGameStartScore (0.02s)
2026-10-08T04:19:36.5834372Z === RUN   TestR182ProjectedLossWinWithUnchangedGames
2026-10-08T04:19:36.6138789Z --- PASS: TestR182ProjectedLossWinWithUnchangedGames (0.03s)
2026-10-08T04:19:36.6140712Z === RUN   TestR182ScoreSettlesBeforeDelayedGameCount
2026-10-08T04:19:36.6141466Z === RUN   TestR182ScoreSettlesBeforeDelayedGameCount/score-first
2026-10-08T04:19:36.6347867Z --- PASS: TestR182ScoreSettlesBeforeDelayedGameCount/score-first (0.02s)
2026-10-08T04:19:36.6349041Z === RUN   TestR182ScoreSettlesBeforeDelayedGameCount/changes-twice
2026-10-08T04:19:36.6638786Z --- PASS: TestR182ScoreSettlesBeforeDelayedGameCount/changes-twice (0.03s)
2026-10-08T04:19:36.6639559Z === RUN   TestR182ScoreSettlesBeforeDelayedGameCount/never-stable
2026-10-08T04:19:36.6825987Z --- PASS: TestR182ScoreSettlesBeforeDelayedGameCount/never-stable (0.02s)
2026-10-08T04:19:36.6827114Z --- PASS: TestR182ScoreSettlesBeforeDelayedGameCount (0.07s)
2026-10-08T04:19:36.6827987Z === RUN   TestR182ProtectionTimeoutAndSourceMismatch
2026-10-08T04:19:36.6828810Z === RUN   TestR182ProtectionTimeoutAndSourceMismatch/unchanged
2026-10-08T04:19:36.7070752Z --- PASS: TestR182ProtectionTimeoutAndSourceMismatch/unchanged (0.02s)
2026-10-08T04:19:36.7073132Z === RUN   TestR182ProtectionTimeoutAndSourceMismatch/same-source-unchanged-after-fallback
2026-10-08T04:19:36.7263800Z --- PASS: TestR182ProtectionTimeoutAndSourceMismatch/same-source-unchanged-after-fallback (0.02s)
2026-10-08T04:19:36.7264995Z === RUN   TestR182ProtectionTimeoutAndSourceMismatch/false
2026-10-08T04:19:36.7520113Z --- PASS: TestR182ProtectionTimeoutAndSourceMismatch/false (0.03s)
2026-10-08T04:19:36.7521047Z === RUN   TestR182ProtectionTimeoutAndSourceMismatch/true
2026-10-08T04:19:36.7794276Z --- PASS: TestR182ProtectionTimeoutAndSourceMismatch/true (0.03s)
2026-10-08T04:19:36.7795518Z --- PASS: TestR182ProtectionTimeoutAndSourceMismatch (0.10s)
2026-10-08T04:19:36.7796185Z === RUN   TestR182ObserveCannotReplaceGameStart
2026-10-08T04:19:36.8042298Z --- PASS: TestR182ObserveCannotReplaceGameStart (0.02s)
2026-10-08T04:19:36.8043274Z === RUN   TestR182SeasonFallbackSkippedAndDiagnosticsDedup
2026-10-08T04:19:36.8541802Z --- PASS: TestR182SeasonFallbackSkippedAndDiagnosticsDedup (0.05s)
2026-10-08T04:19:36.8543305Z === RUN   TestR182HistorySchemaOneCompatibilityAndStartRoundTrip
2026-10-08T04:19:36.8671747Z --- PASS: TestR182HistorySchemaOneCompatibilityAndStartRoundTrip (0.01s)
2026-10-08T04:19:36.8672705Z === RUN   TestR182StartRetryBudgetAndPhaseDedup
2026-10-08T04:19:36.9065009Z --- PASS: TestR182StartRetryBudgetAndPhaseDedup (0.04s)
2026-10-08T04:19:36.9065923Z === RUN   TestR182DiagnosticPrivacyAndBaselineAge
2026-10-08T04:19:36.9278059Z --- PASS: TestR182DiagnosticPrivacyAndBaselineAge (0.02s)
2026-10-08T04:19:36.9279596Z === RUN   TestR182GameflowEventsStartThenSettlement
2026-10-08T04:19:36.9548603Z --- PASS: TestR182GameflowEventsStartThenSettlement (0.03s)
2026-10-08T04:19:36.9549571Z === RUN   TestR182NoStartKeepsFirstEligibleDecision
2026-10-08T04:19:36.9751260Z --- PASS: TestR182NoStartKeepsFirstEligibleDecision (0.02s)
2026-10-08T04:19:36.9752478Z === RUN   TestBootstrapSetsHttpOnlyCookieAndRedirects
2026-10-08T04:19:36.9753427Z --- PASS: TestBootstrapSetsHttpOnlyCookieAndRedirects (0.00s)
2026-10-08T04:19:36.9754556Z === RUN   TestLootIconPNGsUseRGBAColorType
2026-10-08T04:19:36.9779994Z --- PASS: TestLootIconPNGsUseRGBAColorType (0.00s)
2026-10-08T04:19:36.9780601Z === RUN   TestR117EmbeddedRasterBudgetsStayDownsampled
2026-10-08T04:19:36.9795464Z --- PASS: TestR117EmbeddedRasterBudgetsStayDownsampled (0.00s)
2026-10-08T04:19:36.9797062Z === RUN   TestBootstrapReissuesCookieForTrustedNavigation
2026-10-08T04:19:36.9798039Z --- PASS: TestBootstrapReissuesCookieForTrustedNavigation (0.00s)
2026-10-08T04:19:36.9798918Z === RUN   TestStatusIncludesBuildFingerprint
2026-10-08T04:19:36.9801444Z --- PASS: TestStatusIncludesBuildFingerprint (0.00s)
2026-10-08T04:19:36.9802233Z === RUN   TestEmbeddedFilesystemExcludesDevOnlyFiles
2026-10-08T04:19:36.9819144Z --- PASS: TestEmbeddedFilesystemExcludesDevOnlyFiles (0.00s)
2026-10-08T04:19:36.9821406Z === RUN   TestWoff2ContentTypeIsRegistered
2026-10-08T04:19:37.0221565Z --- PASS: TestWoff2ContentTypeIsRegistered (0.04s)
2026-10-08T04:19:37.0222473Z === RUN   TestFontAssetsServeWithCorrectContentType
2026-10-08T04:19:37.0236097Z --- PASS: TestFontAssetsServeWithCorrectContentType (0.00s)
2026-10-08T04:19:37.0238452Z === RUN   TestBootstrapIgnoresCrossSiteAndNonNavigationRequests
2026-10-08T04:19:37.0239520Z --- PASS: TestBootstrapIgnoresCrossSiteAndNonNavigationRequests (0.00s)
2026-10-08T04:19:37.0240492Z === RUN   TestSessionTokenPersistsAcrossRestarts
2026-10-08T04:19:37.0347262Z --- PASS: TestSessionTokenPersistsAcrossRestarts (0.01s)
2026-10-08T04:19:37.0349009Z === RUN   TestAuthorizedAcceptsCookieAndRejectsMissingToken
2026-10-08T04:19:37.0350158Z --- PASS: TestAuthorizedAcceptsCookieAndRejectsMissingToken (0.00s)
2026-10-08T04:19:37.0351144Z === RUN   TestImagePathTraversalRejected
2026-10-08T04:19:37.0351875Z --- PASS: TestImagePathTraversalRejected (0.00s)
2026-10-08T04:19:37.0352842Z === RUN   TestCommunityDragonImagePathsCoverPluginAndGameAssets
2026-10-08T04:19:37.0354039Z --- PASS: TestCommunityDragonImagePathsCoverPluginAndGameAssets (0.00s)
2026-10-08T04:19:37.0355138Z === RUN   TestPrestigeArtworkURLIsFixedToTencentImageHost
2026-10-08T04:19:37.0356397Z --- PASS: TestPrestigeArtworkURLIsFixedToTencentImageHost (0.00s)
2026-10-08T04:19:37.0357468Z === RUN   TestPrestigeImageRejectsUnknownCatalogIDWithoutNetwork
2026-10-08T04:19:37.0358610Z --- PASS: TestPrestigeImageRejectsUnknownCatalogIDWithoutNetwork (0.00s)
2026-10-08T04:19:37.0359628Z === RUN   TestSkinArtworkURLIsFixedToTencentImageHost
2026-10-08T04:19:37.0360571Z --- PASS: TestSkinArtworkURLIsFixedToTencentImageHost (0.00s)
2026-10-08T04:19:37.0361434Z === RUN   TestSkinArtRejectsInvalidIDWithoutNetwork
2026-10-08T04:19:37.0362306Z --- PASS: TestSkinArtRejectsInvalidIDWithoutNetwork (0.00s)
2026-10-08T04:19:37.0363148Z === RUN   TestSkinArtServesValidatedCachedArtwork
2026-10-08T04:19:37.0363987Z --- PASS: TestSkinArtServesValidatedCachedArtwork (0.00s)
2026-10-08T04:19:37.0364881Z === RUN   TestPrestigeImageServesOnlyValidatedCachedArtwork
2026-10-08T04:19:37.0365899Z --- PASS: TestPrestigeImageServesOnlyValidatedCachedArtwork (0.00s)
2026-10-08T04:19:37.0366845Z === RUN   TestDesktopReadyUsesSingleMachineReadableLine
2026-10-08T04:19:37.0367757Z --- PASS: TestDesktopReadyUsesSingleMachineReadableLine (0.00s)
2026-10-08T04:19:37.0368637Z === RUN   TestClientLaunchRejectsUnknownInstallation
2026-10-08T04:19:37.0409912Z --- PASS: TestClientLaunchRejectsUnknownInstallation (0.01s)
2026-10-08T04:19:37.0411356Z === RUN   TestMergeClientLaunchCandidatePreservesOrderAndDeduplicates
2026-10-08T04:19:37.0412667Z --- PASS: TestMergeClientLaunchCandidatePreservesOrderAndDeduplicates (0.00s)
2026-10-08T04:19:37.0413839Z === RUN   TestWindowsClientDetectionUsesOrderedProductionBuilder
2026-10-08T04:19:37.0414503Z --- PASS: TestWindowsClientDetectionUsesOrderedProductionBuilder (0.00s)
2026-10-08T04:19:37.0415112Z === RUN   TestBuildDetectedClientInstallationsPutsShortcutsLast
2026-10-08T04:19:37.0504483Z --- PASS: TestBuildDetectedClientInstallationsPutsShortcutsLast (0.01s)
2026-10-08T04:19:37.0507923Z === RUN   TestLaunchClientCandidatesFallsBackInOrderAndStopsOnSuccess
2026-10-08T04:19:37.0510445Z --- PASS: TestLaunchClientCandidatesFallsBackInOrderAndStopsOnSuccess (0.00s)
2026-10-08T04:19:37.0511430Z === RUN   TestLaunchClientCandidatesReturnsSanitizedFailures
2026-10-08T04:19:37.0512039Z --- PASS: TestLaunchClientCandidatesReturnsSanitizedFailures (0.00s)
2026-10-08T04:19:37.0512690Z === RUN   TestOfficialLoginLaunchUsesOnlyDetectedTCLSAndRecordsSafeDiagnostics
2026-10-08T04:19:37.0539891Z --- PASS: TestOfficialLoginLaunchUsesOnlyDetectedTCLSAndRecordsSafeDiagnostics (0.00s)
2026-10-08T04:19:37.0542085Z === RUN   TestOfficialLoginLaunchRejectsCredentialFieldsBeforeLaunching
2026-10-08T04:19:37.0546007Z --- PASS: TestOfficialLoginLaunchRejectsCredentialFieldsBeforeLaunching (0.00s)
2026-10-08T04:19:37.0547251Z === RUN   TestOfficialLoginLaunchRejectsTrailingJSONBeforeLaunching
2026-10-08T04:19:37.0548798Z --- PASS: TestOfficialLoginLaunchRejectsTrailingJSONBeforeLaunching (0.00s)
2026-10-08T04:19:37.0550016Z === RUN   TestOfficialLoginLaunchRejectsOversizedBodyBeforeLaunching
2026-10-08T04:19:37.0551218Z --- PASS: TestOfficialLoginLaunchRejectsOversizedBodyBeforeLaunching (0.00s)
2026-10-08T04:19:37.0552416Z === RUN   TestClientLaunchSerializesRequestsAndAppliesSuccessCooldown
2026-10-08T04:19:37.0553635Z --- PASS: TestClientLaunchSerializesRequestsAndAppliesSuccessCooldown (0.00s)
2026-10-08T04:19:37.0554790Z === RUN   TestClientLaunchFailureReleasesServerLock
2026-10-08T04:19:37.0555663Z --- PASS: TestClientLaunchFailureReleasesServerLock (0.00s)
2026-10-08T04:19:37.0556662Z === RUN   TestOfficialLoginLaunchFailureDoesNotLogUnderlyingError
2026-10-08T04:19:37.0574350Z --- PASS: TestOfficialLoginLaunchFailureDoesNotLogUnderlyingError (0.00s)
2026-10-08T04:19:37.0575951Z === RUN   TestClientInstallationsDoNotExposeExecutableField
2026-10-08T04:19:37.0576989Z --- PASS: TestClientInstallationsDoNotExposeExecutableField (0.00s)
2026-10-08T04:19:37.0578093Z === RUN   TestClientInstallationScanDiagnosticDoesNotExposePaths
2026-10-08T04:19:37.0603494Z --- PASS: TestClientInstallationScanDiagnosticDoesNotExposePaths (0.00s)
2026-10-08T04:19:37.0605209Z === RUN   TestClassifyClientShortcut
2026-10-08T04:19:37.0605860Z --- PASS: TestClassifyClientShortcut (0.00s)
2026-10-08T04:19:37.0607430Z === RUN   TestPoolSkinsReturnsOnlySelectedPoolCatalog
2026-10-08T04:19:37.0608424Z --- PASS: TestPoolSkinsReturnsOnlySelectedPoolCatalog (0.00s)
2026-10-08T04:19:37.0609052Z === RUN   TestSnapshotPhaseOnlyReportsConnectedAfterSnapshotIsReady
2026-10-08T04:19:37.0609716Z --- PASS: TestSnapshotPhaseOnlyReportsConnectedAfterSnapshotIsReady (0.00s)
2026-10-08T04:19:37.0610357Z === RUN   TestOverviewColdBackgroundBeforeCollectionAndStatus
2026-10-08T04:19:37.0864678Z --- PASS: TestOverviewColdBackgroundBeforeCollectionAndStatus (0.03s)
2026-10-08T04:19:37.0865739Z === RUN   TestOverviewDirectBackdropSurvivesUnavailableCatalog
2026-10-08T04:19:37.0898517Z --- PASS: TestOverviewDirectBackdropSurvivesUnavailableCatalog (0.00s)
2026-10-08T04:19:37.0899802Z === RUN   TestOverviewUnavailableArtKeepsVerifiedFallback
2026-10-08T04:19:37.0900876Z --- PASS: TestOverviewUnavailableArtKeepsVerifiedFallback (0.00s)
2026-10-08T04:19:37.0901499Z === RUN   TestOverviewSlowCatalogDoesNotSkipBackdropOrBlockStatus
2026-10-08T04:19:37.2442980Z --- PASS: TestOverviewSlowCatalogDoesNotSkipBackdropOrBlockStatus (0.15s)
2026-10-08T04:19:37.2444055Z === RUN   TestParseTimelineFramesAcceptsKnownWrappers
2026-10-08T04:19:37.2444908Z === RUN   TestParseTimelineFramesAcceptsKnownWrappers/top-level
2026-10-08T04:19:37.2445863Z --- PASS: TestParseTimelineFramesAcceptsKnownWrappers/top-level (0.00s)
2026-10-08T04:19:37.2446861Z === RUN   TestParseTimelineFramesAcceptsKnownWrappers/info
2026-10-08T04:19:37.2447741Z --- PASS: TestParseTimelineFramesAcceptsKnownWrappers/info (0.00s)
2026-10-08T04:19:37.2448666Z === RUN   TestParseTimelineFramesAcceptsKnownWrappers/json
2026-10-08T04:19:37.2449504Z --- PASS: TestParseTimelineFramesAcceptsKnownWrappers/json (0.00s)
2026-10-08T04:19:37.2450068Z === RUN   TestParseTimelineFramesAcceptsKnownWrappers/bare
2026-10-08T04:19:37.2450587Z --- PASS: TestParseTimelineFramesAcceptsKnownWrappers/bare (0.00s)
2026-10-08T04:19:37.2451199Z --- PASS: TestParseTimelineFramesAcceptsKnownWrappers (0.00s)
2026-10-08T04:19:37.2452177Z === RUN   TestTimelineWrapperSourceKeepsExplicitEmptyLayer
2026-10-08T04:19:37.2453382Z --- PASS: TestTimelineWrapperSourceKeepsExplicitEmptyLayer (0.00s)
2026-10-08T04:19:37.2454413Z === RUN   TestTimelineEventDiagnosticsCaptureKeysWithoutValues
2026-10-08T04:19:37.2455302Z --- PASS: TestTimelineEventDiagnosticsCaptureKeysWithoutValues (0.00s)
2026-10-08T04:19:37.2456575Z === RUN   TestTimelineEventDiagnosticsScanAcrossFramesAndPreferUsefulEvents
2026-10-08T04:19:37.2457968Z --- PASS: TestTimelineEventDiagnosticsScanAcrossFramesAndPreferUsefulEvents (0.00s)
2026-10-08T04:19:37.2459747Z === RUN   TestTimelineEventDiagnosticsFallbackUsesMostInformativeEvent
2026-10-08T04:19:37.2461326Z --- PASS: TestTimelineEventDiagnosticsFallbackUsesMostInformativeEvent (0.00s)
2026-10-08T04:19:37.2462376Z === RUN   TestTimelineParticipantEventValidity
2026-10-08T04:19:37.2463185Z --- PASS: TestTimelineParticipantEventValidity (0.00s)
2026-10-08T04:19:37.2464039Z === RUN   TestTimelineDecisionReturnsStructuredAttempts
2026-10-08T04:19:37.2464911Z --- PASS: TestTimelineDecisionReturnsStructuredAttempts (0.00s)
2026-10-08T04:19:37.2465931Z === RUN   TestExtractParticipantTimelineGroupsPurchasesByMinute
2026-10-08T04:19:37.2467036Z --- PASS: TestExtractParticipantTimelineGroupsPurchasesByMinute (0.00s)
2026-10-08T04:19:37.2468137Z === RUN   TestExtractParticipantTimelineAcceptsEventTypeAlias
2026-10-08T04:19:37.2469220Z --- PASS: TestExtractParticipantTimelineAcceptsEventTypeAlias (0.00s)
2026-10-08T04:19:37.2470273Z === RUN   TestExtractParticipantTimelineUndoCancelsPurchase
2026-10-08T04:19:37.2471276Z --- PASS: TestExtractParticipantTimelineUndoCancelsPurchase (0.00s)
2026-10-08T04:19:37.2472261Z === RUN   TestExtractParticipantTimelineSkipsEvolveSkillUps
2026-10-08T04:19:37.2473267Z --- PASS: TestExtractParticipantTimelineSkipsEvolveSkillUps (0.00s)
2026-10-08T04:19:37.2474226Z === RUN   TestMatchTimelineCacheEvictsOldestEntries
2026-10-08T04:19:37.2475083Z --- PASS: TestMatchTimelineCacheEvictsOldestEntries (0.00s)
2026-10-08T04:19:37.2476028Z === RUN   TestR136MayhemSamplerRetriesUntilBothShapesSucceed
2026-10-08T04:19:37.2499646Z --- PASS: TestR136MayhemSamplerRetriesUntilBothShapesSucceed (0.00s)
2026-10-08T04:19:37.2500696Z === RUN   TestR136MayhemSamplerStopsAtFiveMinutes
2026-10-08T04:19:37.2535654Z --- PASS: TestR136MayhemSamplerStopsAtFiveMinutes (0.00s)
2026-10-08T04:19:37.2536592Z === RUN   TestR136MayhemSamplerStopsWhenGameflowLeaves
2026-10-08T04:19:37.2614196Z --- PASS: TestR136MayhemSamplerStopsWhenGameflowLeaves (0.01s)
2026-10-08T04:19:37.2615127Z === RUN   TestR136MayhemSamplerIsSingletonPerGame
2026-10-08T04:19:37.2688033Z --- PASS: TestR136MayhemSamplerIsSingletonPerGame (0.01s)
2026-10-08T04:19:37.2689321Z === RUN   TestR136MayhemSamplerErrorKinds
2026-10-08T04:19:37.2702238Z --- PASS: TestR136MayhemSamplerErrorKinds (0.00s)
2026-10-08T04:19:37.2703271Z === RUN   TestObjectiveDiagnosticsReadonlyContractAndStateTransition
2026-10-08T04:19:37.2745164Z --- PASS: TestObjectiveDiagnosticsReadonlyContractAndStateTransition (0.01s)
2026-10-08T04:19:37.2746593Z === RUN   TestObjectiveDiagnosticsShapesBoundedAndOpaquePaths
2026-10-08T04:19:37.2747622Z --- PASS: TestObjectiveDiagnosticsShapesBoundedAndOpaquePaths (0.00s)
2026-10-08T04:19:37.2748581Z === RUN   TestOverviewCatalogPreservesBothCompositions
2026-10-08T04:19:37.2787070Z --- PASS: TestOverviewCatalogPreservesBothCompositions (0.00s)
2026-10-08T04:19:37.2788409Z === RUN   TestAcceptWindowDiagnosticsDoNotSerializeHandles
2026-10-08T04:19:37.2790117Z --- PASS: TestAcceptWindowDiagnosticsDoNotSerializeHandles (0.00s)
2026-10-08T04:19:37.2791531Z === RUN   TestObjectiveEventRecorderDoesNotBlockSocketOnDiagnosticLock
2026-10-08T04:19:37.2792659Z --- PASS: TestObjectiveEventRecorderDoesNotBlockSocketOnDiagnosticLock (0.00s)
2026-10-08T04:19:37.2793844Z === RUN   TestOverviewDoesNotMixCenteredPosterWithCollectionAnimation
2026-10-08T04:19:37.2794515Z --- PASS: TestOverviewDoesNotMixCenteredPosterWithCollectionAnimation (0.00s)
2026-10-08T04:19:37.2795106Z === RUN   TestMatchOPGGAverageTierUsesClosestValidGame
2026-10-08T04:19:37.2795632Z --- PASS: TestMatchOPGGAverageTierUsesClosestValidGame (0.00s)
2026-10-08T04:19:37.2796188Z === RUN   TestParseOPGGHistoricalRanksKeeps2023AndNewerRankedSeasons
2026-10-08T04:19:37.2796822Z --- PASS: TestParseOPGGHistoricalRanksKeeps2023AndNewerRankedSeasons (0.00s)
2026-10-08T04:19:37.2797579Z === RUN   TestParseOPGGHistoricalRanksPreservesMissingLP
2026-10-08T04:19:37.2798087Z --- PASS: TestParseOPGGHistoricalRanksPreservesMissingLP (0.00s)
2026-10-08T04:19:37.2798570Z === RUN   TestOPGGHistoricalRanksSkipsPrivatePlayer
2026-10-08T04:19:37.2799052Z --- PASS: TestOPGGHistoricalRanksSkipsPrivatePlayer (0.00s)
2026-10-08T04:19:37.2799535Z === RUN   TestOPGGHistoricalRanksStartDoesNotBlockCaller
2026-10-08T04:19:37.2894706Z --- PASS: TestOPGGHistoricalRanksStartDoesNotBlockCaller (0.01s)
2026-10-08T04:19:37.2895533Z === RUN   TestGameplayMatchTiersKeepsCNContract
2026-10-08T04:19:37.2912717Z --- PASS: TestGameplayMatchTiersKeepsCNContract (0.00s)
2026-10-08T04:19:37.2913599Z === RUN   TestPlayerRankScoreCoalescesConcurrentLookup
2026-10-08T04:19:37.2923317Z --- PASS: TestPlayerRankScoreCoalescesConcurrentLookup (0.00s)
2026-10-08T04:19:37.2924406Z === RUN   TestPlayerRankScoreAllConcurrentFollowersReceiveLeaderResult
2026-10-08T04:19:37.2934031Z --- PASS: TestPlayerRankScoreAllConcurrentFollowersReceiveLeaderResult (0.00s)
2026-10-08T04:19:37.2934913Z === RUN   TestPlayerRankScoreNegativeCacheStopsImmediateLCURetry
2026-10-08T04:19:37.2944051Z --- PASS: TestPlayerRankScoreNegativeCacheStopsImmediateLCURetry (0.00s)
2026-10-08T04:19:37.2945165Z === RUN   TestGameplayMatchTiersUsesOneGlobalLCUConcurrencyGate
2026-10-08T04:19:37.3778004Z --- PASS: TestGameplayMatchTiersUsesOneGlobalLCUConcurrencyGate (0.08s)
2026-10-08T04:19:37.3779116Z === RUN   TestGameplayMatchTiersPropagatesReferencePrivacy
2026-10-08T04:19:37.3788766Z --- PASS: TestGameplayMatchTiersPropagatesReferencePrivacy (0.00s)
2026-10-08T04:19:37.3789786Z === RUN   TestGameplayMatchTiersBatchesKRWithoutLCU
2026-10-08T04:19:37.3792485Z --- PASS: TestGameplayMatchTiersBatchesKRWithoutLCU (0.00s)
2026-10-08T04:19:37.3794245Z === RUN   TestGameplayMatchTiersKRFailureAndCancellationDegrade
2026-10-08T04:19:37.3795657Z --- PASS: TestGameplayMatchTiersKRFailureAndCancellationDegrade (0.00s)
2026-10-08T04:19:37.3797568Z === RUN   TestGameplayMatchTiersKRHTTPFailureAndExpiredReference
2026-10-08T04:19:37.3798664Z --- PASS: TestGameplayMatchTiersKRHTTPFailureAndExpiredReference (0.00s)
2026-10-08T04:19:37.3799670Z === RUN   TestOPGGGameTiersCacheExpandsForOlderPages
2026-10-08T04:19:37.3804630Z --- PASS: TestOPGGGameTiersCacheExpandsForOlderPages (0.00s)
2026-10-08T04:19:37.3805186Z === RUN   TestOPGGGameTiersCoalescesConcurrentRequests
2026-10-08T04:19:37.4009964Z --- PASS: TestOPGGGameTiersCoalescesConcurrentRequests (0.02s)
2026-10-08T04:19:37.4012341Z === RUN   TestLoadRiotOverviewLoadsOPGGHistoryWithoutMatchTierRequests
2026-10-08T04:19:37.4018470Z --- PASS: TestLoadRiotOverviewLoadsOPGGHistoryWithoutMatchTierRequests (0.00s)
2026-10-08T04:19:37.4019879Z === RUN   TestRiotRateLimitRecordsDiagnosticAndRequestScopedCount
2026-10-08T04:19:37.4020980Z --- PASS: TestRiotRateLimitRecordsDiagnosticAndRequestScopedCount (0.00s)
2026-10-08T04:19:37.4022156Z === RUN   TestR117OPGGHistoricalRanksCachesConfirmedEmptyButNotFailure
2026-10-08T04:19:37.4023413Z === RUN   TestR117OPGGHistoricalRanksCachesConfirmedEmptyButNotFailure/confirmed-empty
2026-10-08T04:19:37.4025256Z --- PASS: TestR117OPGGHistoricalRanksCachesConfirmedEmptyButNotFailure/confirmed-empty (0.00s)
2026-10-08T04:19:37.4027180Z === RUN   TestR117OPGGHistoricalRanksCachesConfirmedEmptyButNotFailure/failure-not-cached
2026-10-08T04:19:37.4028766Z --- PASS: TestR117OPGGHistoricalRanksCachesConfirmedEmptyButNotFailure/failure-not-cached (0.00s)
2026-10-08T04:19:37.4030158Z --- PASS: TestR117OPGGHistoricalRanksCachesConfirmedEmptyButNotFailure (0.00s)
2026-10-08T04:19:37.4031113Z === RUN   TestOPGGProfileSeparatesProviderIDs
2026-10-08T04:19:37.4031839Z --- PASS: TestOPGGProfileSeparatesProviderIDs (0.00s)
2026-10-08T04:19:37.4032591Z === RUN   TestOPGGCurrentPageFreshnessAndReferences
2026-10-08T04:19:37.4087723Z --- PASS: TestOPGGCurrentPageFreshnessAndReferences (0.01s)
2026-10-08T04:19:37.4089078Z === RUN   TestOPGGSeasonRejectsConflictingMetadata
2026-10-08T04:19:37.4090214Z --- PASS: TestOPGGSeasonRejectsConflictingMetadata (0.00s)
2026-10-08T04:19:37.4090979Z === RUN   TestOPGGUserReportCapture
2026-10-08T04:19:37.4091737Z     opgg_player_page_test.go:92: local user-report capture
2026-10-08T04:19:37.4092256Z --- SKIP: TestOPGGUserReportCapture (0.00s)
2026-10-08T04:19:37.4093103Z === RUN   TestOPGGSeasonSummaryUsesExplicitAllRowAndPerGameAverages
2026-10-08T04:19:37.4093767Z --- PASS: TestOPGGSeasonSummaryUsesExplicitAllRowAndPerGameAverages (0.00s)
2026-10-08T04:19:37.4094351Z === RUN   TestOPGGSeasonSummarySingleFlightCacheAndPrivacy
2026-10-08T04:19:37.4304893Z --- PASS: TestOPGGSeasonSummarySingleFlightCacheAndPrivacy (0.02s)
2026-10-08T04:19:37.4306791Z === RUN   TestOPGGSeasonSummaryHandlerRequiresOpaqueKRReference
2026-10-08T04:19:37.4514489Z --- PASS: TestOPGGSeasonSummaryHandlerRequiresOpaqueKRReference (0.02s)
2026-10-08T04:19:37.4515731Z === RUN   TestOPGGSeasonSummaryObservedResponse
2026-10-08T04:19:37.4516931Z     opgg_season_summary_test.go:141: explicit local fixture probe
2026-10-08T04:19:37.4518362Z --- SKIP: TestOPGGSeasonSummaryObservedResponse (0.00s)
2026-10-08T04:19:37.4519485Z === RUN   TestOverviewQuerySnapshotKeyIncludesAllRequestDimensions
2026-10-08T04:19:37.4520831Z --- PASS: TestOverviewQuerySnapshotKeyIncludesAllRequestDimensions (0.00s)
2026-10-08T04:19:37.4522052Z === RUN   TestOverviewQuerySnapshotReusesIdenticalResponse
2026-10-08T04:19:37.4523200Z --- PASS: TestOverviewQuerySnapshotReusesIdenticalResponse (0.00s)
2026-10-08T04:19:37.4524454Z === RUN   TestOverviewQueryCacheRemovesExpiredEntriesAndCapsCapacity
2026-10-08T04:19:37.4580337Z --- PASS: TestOverviewQueryCacheRemovesExpiredEntriesAndCapsCapacity (0.01s)
2026-10-08T04:19:37.4582463Z === RUN   TestOverviewQueryCacheRefreshesExistingEntryWithoutGrowing
2026-10-08T04:19:37.4583630Z --- PASS: TestOverviewQueryCacheRefreshesExistingEntryWithoutGrowing (0.00s)
2026-10-08T04:19:37.4584679Z === RUN   TestCanceledOverviewOwnerDoesNotPopulateSnapshot
2026-10-08T04:19:37.4585623Z --- PASS: TestCanceledOverviewOwnerDoesNotPopulateSnapshot (0.00s)
2026-10-08T04:19:37.4586590Z === RUN   TestSeasonQuerySnapshotKeyIncludesSourceAndQueueScope
2026-10-08T04:19:37.4587613Z --- PASS: TestSeasonQuerySnapshotKeyIncludesSourceAndQueueScope (0.00s)
2026-10-08T04:19:37.4588707Z === RUN   TestRiotOverviewQuerySnapshotKeyIncludesSourceAndPagination
2026-10-08T04:19:37.4589848Z --- PASS: TestRiotOverviewQuerySnapshotKeyIncludesSourceAndPagination (0.00s)
2026-10-08T04:19:37.4590799Z === RUN   TestOverviewCurrentGameObservedContract
2026-10-08T04:19:37.4687926Z --- PASS: TestOverviewCurrentGameObservedContract (0.01s)
2026-10-08T04:19:37.4688868Z === RUN   TestOverviewCurrentGameReadOnlyCacheAndPrivacy
2026-10-08T04:19:37.4724991Z --- PASS: TestOverviewCurrentGameReadOnlyCacheAndPrivacy (0.00s)
2026-10-08T04:19:37.4725936Z === RUN   TestOverviewCurrentGameRejectsCNWithoutRequests
2026-10-08T04:19:37.4738343Z --- PASS: TestOverviewCurrentGameRejectsCNWithoutRequests (0.00s)
2026-10-08T04:19:37.4739576Z === RUN   TestOverviewCurrentGamePublicProbe
2026-10-08T04:19:37.4740805Z     overview_current_game_test.go:162: opt-in public-network verification
2026-10-08T04:19:37.4741702Z --- SKIP: TestOverviewCurrentGamePublicProbe (0.00s)
2026-10-08T04:19:37.4742877Z === RUN   TestOPGGSupplementsRecoverColdChampionCatalog
2026-10-08T04:19:37.4743776Z === RUN   TestOPGGSupplementsRecoverColdChampionCatalog/season
2026-10-08T04:19:37.4763236Z --- PASS: TestOPGGSupplementsRecoverColdChampionCatalog/season (0.00s)
2026-10-08T04:19:37.4764416Z === RUN   TestOPGGSupplementsRecoverColdChampionCatalog/current
2026-10-08T04:19:37.4822544Z --- PASS: TestOPGGSupplementsRecoverColdChampionCatalog/current (0.01s)
2026-10-08T04:19:37.4823353Z === RUN   TestOPGGSupplementsRecoverColdChampionCatalog/none
2026-10-08T04:19:37.4838564Z --- PASS: TestOPGGSupplementsRecoverColdChampionCatalog/none (0.00s)
2026-10-08T04:19:37.4840092Z --- PASS: TestOPGGSupplementsRecoverColdChampionCatalog (0.01s)
2026-10-08T04:19:37.4841379Z === RUN   TestBuildGameplayAbilityProfileUsesSamePositionRankedBaseline
2026-10-08T04:19:37.4842648Z --- PASS: TestBuildGameplayAbilityProfileUsesSamePositionRankedBaseline (0.00s)
2026-10-08T04:19:37.4843855Z === RUN   TestBuildGameplayAbilityProfileRequiresThreeComparableGames
2026-10-08T04:19:37.4845005Z --- PASS: TestBuildGameplayAbilityProfileRequiresThreeComparableGames (0.00s)
2026-10-08T04:19:37.4846199Z === RUN   TestBuildGameplayAbilityProfileIgnoresNonRankedMatches
2026-10-08T04:19:37.4847231Z --- PASS: TestBuildGameplayAbilityProfileIgnoresNonRankedMatches (0.00s)
2026-10-08T04:19:37.4849256Z === RUN   TestBuildGameplayAbilityProfileFallsBackToFlexWhenSoloSamplesAreInsufficient
2026-10-08T04:19:37.4850475Z --- PASS: TestBuildGameplayAbilityProfileFallsBackToFlexWhenSoloSamplesAreInsufficient (0.00s)
2026-10-08T04:19:37.4851084Z === RUN   TestAbilityGradeRange
2026-10-08T04:19:37.4851440Z --- PASS: TestAbilityGradeRange (0.00s)
2026-10-08T04:19:37.4852029Z === RUN   TestAbilityProfileFallsBackToSeasonSnapshotWhenDetailWindowHasNoFlexGames
2026-10-08T04:19:37.4852848Z --- PASS: TestAbilityProfileFallsBackToSeasonSnapshotWhenDetailWindowHasNoFlexGames (0.00s)
2026-10-08T04:19:37.4853563Z === RUN   TestSeasonSnapshotAbilityIgnoresEntriesWithoutTheNewFields
2026-10-08T04:19:37.4854509Z --- PASS: TestSeasonSnapshotAbilityIgnoresEntriesWithoutTheNewFields (0.00s)
2026-10-08T04:19:37.4855323Z === RUN   TestSeasonRecordRankedMatchCapturesAbilitySample
2026-10-08T04:19:37.4855869Z --- PASS: TestSeasonRecordRankedMatchCapturesAbilitySample (0.00s)
2026-10-08T04:19:37.4856448Z === RUN   TestBuildGameplayRankedQueuesUsesOnlyTheSharedRecentSample
2026-10-08T04:19:37.4857259Z --- PASS: TestBuildGameplayRankedQueuesUsesOnlyTheSharedRecentSample (0.00s)
2026-10-08T04:19:37.4857929Z === RUN   TestBuildGameplayRankedQueuesCapsEveryRecentCardAtTwentyMatches
2026-10-08T04:19:37.4858611Z --- PASS: TestBuildGameplayRankedQueuesCapsEveryRecentCardAtTwentyMatches (0.00s)
2026-10-08T04:19:37.4859215Z === RUN   TestPrestigeArtworkDiskCacheSurvivesStoreRestart
2026-10-08T04:19:37.5099111Z --- PASS: TestPrestigeArtworkDiskCacheSurvivesStoreRestart (0.03s)
2026-10-08T04:19:37.5100014Z === RUN   TestPrestigeArtworkDiskCacheRejectsExpiredAndCorruptFiles
2026-10-08T04:19:37.5381769Z --- PASS: TestPrestigeArtworkDiskCacheRejectsExpiredAndCorruptFiles (0.03s)
2026-10-08T04:19:37.5382877Z === RUN   TestProSupplementIdentityAllKRAccountsAndRank
2026-10-08T04:19:37.5385519Z --- PASS: TestProSupplementIdentityAllKRAccountsAndRank (0.00s)
2026-10-08T04:19:37.5386686Z === RUN   TestProSupplementFailureDoesNotEraseOPGG
2026-10-08T04:19:37.5388073Z --- PASS: TestProSupplementFailureDoesNotEraseOPGG (0.00s)
2026-10-08T04:19:37.5388892Z === RUN   TestProCapturedSupplements
2026-10-08T04:19:37.5390303Z     pro_players_supplement_test.go:71: set PRO_PLAYERS_SUPPLEMENT_CAPTURE to directory containing locally captured identity HTML
2026-10-08T04:19:37.5391561Z --- SKIP: TestProCapturedSupplements (0.00s)
2026-10-08T04:19:37.5392590Z === RUN   TestProIdentityGraphDeduplicatesRenameChainsAndTransitiveConflicts
2026-10-08T04:19:37.5394348Z --- PASS: TestProIdentityGraphDeduplicatesRenameChainsAndTransitiveConflicts (0.00s)
2026-10-08T04:19:37.5395798Z === RUN   TestProSupplementRetainsOnlyBoundedIdentitySnapshot
2026-10-08T04:19:37.5396864Z --- PASS: TestProSupplementRetainsOnlyBoundedIdentitySnapshot (0.00s)
2026-10-08T04:19:37.5397871Z === RUN   TestProPublicFetchRejectsUnsafeRedirectsAndCookies
2026-10-08T04:19:37.5399093Z === RUN   TestProPublicFetchRejectsUnsafeRedirectsAndCookies/directoryhttps://op.gg:8443/
2026-10-08T04:19:37.5400623Z --- PASS: TestProPublicFetchRejectsUnsafeRedirectsAndCookies/directoryhttps://op.gg:8443/ (0.00s)
2026-10-08T04:19:37.5402142Z === RUN   TestProPublicFetchRejectsUnsafeRedirectsAndCookies/directoryhttps://example.com/
2026-10-08T04:19:37.5403658Z --- PASS: TestProPublicFetchRejectsUnsafeRedirectsAndCookies/directoryhttps://example.com/ (0.00s)
2026-10-08T04:19:37.5405410Z === RUN   TestProPublicFetchRejectsUnsafeRedirectsAndCookies/directoryhttp://op.gg/
2026-10-08T04:19:37.5407181Z --- PASS: TestProPublicFetchRejectsUnsafeRedirectsAndCookies/directoryhttp://op.gg/ (0.00s)
2026-10-08T04:19:37.5408683Z === RUN   TestProPublicFetchRejectsUnsafeRedirectsAndCookies/directoryhttps://op.gg/other
2026-10-08T04:19:37.5410211Z --- PASS: TestProPublicFetchRejectsUnsafeRedirectsAndCookies/directoryhttps://op.gg/other (0.00s)
2026-10-08T04:19:37.5412049Z === RUN   TestProPublicFetchRejectsUnsafeRedirectsAndCookies/directoryhttps://op.gg/zh-cn/lol/spectate/list/pro-gamer?region=na
2026-10-08T04:19:37.5414209Z --- PASS: TestProPublicFetchRejectsUnsafeRedirectsAndCookies/directoryhttps://op.gg/zh-cn/lol/spectate/list/pro-gamer?region=na (0.00s)
2026-10-08T04:19:37.5416256Z === RUN   TestProPublicFetchRejectsUnsafeRedirectsAndCookies/directoryhttps://www.trackingthepros.com/player/Other
2026-10-08T04:19:37.5418268Z --- PASS: TestProPublicFetchRejectsUnsafeRedirectsAndCookies/directoryhttps://www.trackingthepros.com/player/Other (0.00s)
2026-10-08T04:19:37.5420254Z === RUN   TestProPublicFetchRejectsUnsafeRedirectsAndCookies/directoryhttps://www.trackingthepros.com:8443/player/TheShy
2026-10-08T04:19:37.5422296Z --- PASS: TestProPublicFetchRejectsUnsafeRedirectsAndCookies/directoryhttps://www.trackingthepros.com:8443/player/TheShy (0.00s)
2026-10-08T04:19:37.5424071Z === RUN   TestProPublicFetchRejectsUnsafeRedirectsAndCookies/supplementhttps://op.gg:8443/
2026-10-08T04:19:37.5425677Z --- PASS: TestProPublicFetchRejectsUnsafeRedirectsAndCookies/supplementhttps://op.gg:8443/ (0.00s)
2026-10-08T04:19:37.5427600Z === RUN   TestProPublicFetchRejectsUnsafeRedirectsAndCookies/supplementhttps://example.com/
2026-10-08T04:19:37.5429139Z --- PASS: TestProPublicFetchRejectsUnsafeRedirectsAndCookies/supplementhttps://example.com/ (0.00s)
2026-10-08T04:19:37.5430584Z === RUN   TestProPublicFetchRejectsUnsafeRedirectsAndCookies/supplementhttp://op.gg/
2026-10-08T04:19:37.5432016Z --- PASS: TestProPublicFetchRejectsUnsafeRedirectsAndCookies/supplementhttp://op.gg/ (0.00s)
2026-10-08T04:19:37.5433434Z === RUN   TestProPublicFetchRejectsUnsafeRedirectsAndCookies/supplementhttps://op.gg/other
2026-10-08T04:19:37.5434928Z --- PASS: TestProPublicFetchRejectsUnsafeRedirectsAndCookies/supplementhttps://op.gg/other (0.00s)
2026-10-08T04:19:37.5436753Z === RUN   TestProPublicFetchRejectsUnsafeRedirectsAndCookies/supplementhttps://op.gg/zh-cn/lol/spectate/list/pro-gamer?region=na
2026-10-08T04:19:37.5439074Z --- PASS: TestProPublicFetchRejectsUnsafeRedirectsAndCookies/supplementhttps://op.gg/zh-cn/lol/spectate/list/pro-gamer?region=na (0.00s)
2026-10-08T04:19:37.5441264Z === RUN   TestProPublicFetchRejectsUnsafeRedirectsAndCookies/supplementhttps://www.trackingthepros.com/player/Other
2026-10-08T04:19:37.5442691Z --- PASS: TestProPublicFetchRejectsUnsafeRedirectsAndCookies/supplementhttps://www.trackingthepros.com/player/Other (0.00s)
2026-10-08T04:19:37.5443818Z === RUN   TestProPublicFetchRejectsUnsafeRedirectsAndCookies/supplementhttps://www.trackingthepros.com:8443/player/TheShy
2026-10-08T04:19:37.5444981Z --- PASS: TestProPublicFetchRejectsUnsafeRedirectsAndCookies/supplementhttps://www.trackingthepros.com:8443/player/TheShy (0.00s)
2026-10-08T04:19:37.5446273Z --- PASS: TestProPublicFetchRejectsUnsafeRedirectsAndCookies (0.00s)
2026-10-08T04:19:37.5446861Z === RUN   TestProDirectoryParsesAllFlightRecordsAndRequiresKR
2026-10-08T04:19:37.5447421Z --- PASS: TestProDirectoryParsesAllFlightRecordsAndRequiresKR (0.00s)
2026-10-08T04:19:37.5448091Z === RUN   TestProRosterIdentityMergeExcludesAcademyCoachesHistoricalAndCollisions
2026-10-08T04:19:37.5448853Z --- PASS: TestProRosterIdentityMergeExcludesAcademyCoachesHistoricalAndCollisions (0.00s)
2026-10-08T04:19:37.5449442Z === RUN   TestProAccountRankingAndMissingRank
2026-10-08T04:19:37.5449849Z --- PASS: TestProAccountRankingAndMissingRank (0.00s)
2026-10-08T04:19:37.5450459Z === RUN   TestParseOPGGLadderRankUsesRequestedHighlightedRow
2026-10-08T04:19:37.5451010Z --- PASS: TestParseOPGGLadderRankUsesRequestedHighlightedRow (0.00s)
2026-10-08T04:19:37.5451559Z === RUN   TestFetchAndEnrichProLadderRankUsesFixedKRLeaderboard
2026-10-08T04:19:37.5452133Z --- PASS: TestFetchAndEnrichProLadderRankUsesFixedKRLeaderboard (0.00s)
2026-10-08T04:19:37.5452664Z === RUN   TestProCacheSingleflightRefreshBackoffAndStale
2026-10-08T04:19:37.5646808Z --- PASS: TestProCacheSingleflightRefreshBackoffAndStale (0.02s)
2026-10-08T04:19:37.5647785Z === RUN   TestProDirectoryPublishesBeforeSlowSupplements
2026-10-08T04:19:37.5674820Z     pro_players_test.go:391: P2-2 精确计数：目录 1 次、补充源 0 次、后台补种子/阶梯 0 次
2026-10-08T04:19:37.5680501Z --- PASS: TestProDirectoryPublishesBeforeSlowSupplements (0.00s)
2026-10-08T04:19:37.5682031Z === RUN   TestProDirectoryFailureRetainsRosterAndAuth
2026-10-08T04:19:37.5682984Z --- PASS: TestProDirectoryFailureRetainsRosterAndAuth (0.00s)
2026-10-08T04:19:37.5689183Z === RUN   TestProCapturedDirectory
2026-10-08T04:19:37.5692810Z     pro_players_test.go:440: set PRO_PLAYERS_CAPTURE to a locally captured OP.GG KR HTML file
2026-10-08T04:19:37.5693778Z --- SKIP: TestProCapturedDirectory (0.00s)
2026-10-08T04:19:37.5700483Z === RUN   TestProCapturedLadder
2026-10-08T04:19:37.5703834Z     pro_players_test.go:470: set PRO_LADDER_CAPTURE, PRO_LADDER_GAME_NAME and PRO_LADDER_TAG_LINE to a local OP.GG leaderboard capture
2026-10-08T04:19:37.5707774Z --- SKIP: TestProCapturedLadder (0.00s)
2026-10-08T04:19:37.5709246Z === RUN   TestR97ProAccountOptionalRegionSurvivesKRDirectory
2026-10-08T04:19:37.5710453Z === RUN   TestR97ProAccountOptionalRegionSurvivesKRDirectory/null
2026-10-08T04:19:37.5711678Z --- PASS: TestR97ProAccountOptionalRegionSurvivesKRDirectory/null (0.00s)
2026-10-08T04:19:37.5712779Z === RUN   TestR97ProAccountOptionalRegionSurvivesKRDirectory/missing
2026-10-08T04:19:37.5714482Z --- PASS: TestR97ProAccountOptionalRegionSurvivesKRDirectory/missing (0.00s)
2026-10-08T04:19:37.5716166Z === RUN   TestR97ProAccountOptionalRegionSurvivesKRDirectory/empty
2026-10-08T04:19:37.5717790Z --- PASS: TestR97ProAccountOptionalRegionSurvivesKRDirectory/empty (0.00s)
2026-10-08T04:19:37.5718987Z === RUN   TestR97ProAccountOptionalRegionSurvivesKRDirectory/whitespace
2026-10-08T04:19:37.5720374Z --- PASS: TestR97ProAccountOptionalRegionSurvivesKRDirectory/whitespace (0.00s)
2026-10-08T04:19:37.5721983Z === RUN   TestR97ProAccountOptionalRegionSurvivesKRDirectory/KR
2026-10-08T04:19:37.5723198Z --- PASS: TestR97ProAccountOptionalRegionSurvivesKRDirectory/KR (0.00s)
2026-10-08T04:19:37.5723828Z === RUN   TestR97ProAccountOptionalRegionSurvivesKRDirectory/non-KR
2026-10-08T04:19:37.5724638Z --- PASS: TestR97ProAccountOptionalRegionSurvivesKRDirectory/non-KR (0.00s)
2026-10-08T04:19:37.5725260Z --- PASS: TestR97ProAccountOptionalRegionSurvivesKRDirectory (0.00s)
2026-10-08T04:19:37.5725781Z === RUN   TestR97ManagementAndBadgesShareReviewedSixTeams
2026-10-08T04:19:37.5750824Z --- PASS: TestR97ManagementAndBadgesShareReviewedSixTeams (0.00s)
2026-10-08T04:19:37.5751922Z === RUN   TestProRuneLiveCaptureReplay
2026-10-08T04:19:37.5752992Z     pro_runes_live_test.go:22: set R75_CAPTURE to the public capture directory
2026-10-08T04:19:37.5753919Z --- SKIP: TestProRuneLiveCaptureReplay (0.00s)
2026-10-08T04:19:37.5754951Z === RUN   TestProRuneLiveSupplementLatency
2026-10-08T04:19:37.5755779Z     pro_runes_live_test.go:126: set R75_LIVE=1 for public network requests
2026-10-08T04:19:37.5756606Z --- SKIP: TestProRuneLiveSupplementLatency (0.00s)
2026-10-08T04:19:37.5757214Z === RUN   TestProRuneLiveIndex
2026-10-08T04:19:37.5757993Z     pro_runes_live_test.go:193: set R75_LIVE=1 for public index validation
2026-10-08T04:19:37.5758795Z --- SKIP: TestProRuneLiveIndex (0.00s)
2026-10-08T04:19:37.5759394Z === RUN   TestProRuneWhiteLists
2026-10-08T04:19:37.5759982Z --- PASS: TestProRuneWhiteLists (0.00s)
2026-10-08T04:19:37.5760693Z === RUN   TestProRuneExactIdentityAndPersistentMapping
2026-10-08T04:19:37.5866429Z --- PASS: TestProRuneExactIdentityAndPersistentMapping (0.01s)
2026-10-08T04:19:37.5868009Z === RUN   TestProRuneNewestAndShards
2026-10-08T04:19:37.5868988Z --- PASS: TestProRuneNewestAndShards (0.00s)
2026-10-08T04:19:37.5869707Z === RUN   TestProRuneWinnerConstraints
2026-10-08T04:19:37.5870434Z --- PASS: TestProRuneWinnerConstraints (0.00s)
2026-10-08T04:19:37.5871259Z === RUN   TestProRunePublicTransportAndAlignedSupplement
2026-10-08T04:19:37.6560115Z --- PASS: TestProRunePublicTransportAndAlignedSupplement (0.07s)
2026-10-08T04:19:37.6561196Z === RUN   TestProRuneColdIndexNonblockingAndConcurrency
2026-10-08T04:19:37.6562379Z --- PASS: TestProRuneColdIndexNonblockingAndConcurrency (0.00s)
2026-10-08T04:19:37.6563900Z === RUN   TestProRuneRecommendationUnknownRecordAndOffline
2026-10-08T04:19:37.6564638Z --- PASS: TestProRuneRecommendationUnknownRecordAndOffline (0.00s)
2026-10-08T04:19:37.6565113Z === RUN   TestProRuneCapturedAllSeries
2026-10-08T04:19:37.6622516Z     pro_runes_test.go:335: R75 official capture: indexed=104 unknown=4 missing=1 rejected=0 unknown-rate=3.85%
2026-10-08T04:19:37.6623594Z --- PASS: TestProRuneCapturedAllSeries (0.01s)
2026-10-08T04:19:37.6624030Z === RUN   TestProRuneCapturedLivestatsSides
2026-10-08T04:19:37.6682305Z --- PASS: TestProRuneCapturedLivestatsSides (0.01s)
2026-10-08T04:19:37.6683436Z === RUN   TestProRuneHandlerValidation
2026-10-08T04:19:37.6684446Z --- PASS: TestProRuneHandlerValidation (0.00s)
2026-10-08T04:19:37.6685441Z === RUN   TestProRuneOpponentCatalogFailureIsBounded
2026-10-08T04:19:37.6686585Z --- PASS: TestProRuneOpponentCatalogFailureIsBounded (0.00s)
2026-10-08T04:19:37.6687725Z === RUN   TestProRuneCacheWriteFailureRemainsVisible
2026-10-08T04:19:37.6705678Z --- PASS: TestProRuneCacheWriteFailureRemainsVisible (0.00s)
2026-10-08T04:19:37.6707219Z === RUN   TestProRuneIndexGameRejectsLivestatsTeamMismatch
2026-10-08T04:19:37.6708353Z === RUN   TestProRuneIndexGameRejectsLivestatsTeamMismatch/valid
2026-10-08T04:19:37.6709806Z --- PASS: TestProRuneIndexGameRejectsLivestatsTeamMismatch/valid (0.00s)
2026-10-08T04:19:37.6711041Z === RUN   TestProRuneIndexGameRejectsLivestatsTeamMismatch/valid_reversed
2026-10-08T04:19:37.6712278Z --- PASS: TestProRuneIndexGameRejectsLivestatsTeamMismatch/valid_reversed (0.00s)
2026-10-08T04:19:37.6713553Z === RUN   TestProRuneIndexGameRejectsLivestatsTeamMismatch/unrelated_blue
2026-10-08T04:19:37.6714803Z --- PASS: TestProRuneIndexGameRejectsLivestatsTeamMismatch/unrelated_blue (0.00s)
2026-10-08T04:19:37.6715640Z === RUN   TestProRuneIndexGameRejectsLivestatsTeamMismatch/unrelated_red
2026-10-08T04:19:37.6716799Z --- PASS: TestProRuneIndexGameRejectsLivestatsTeamMismatch/unrelated_red (0.00s)
2026-10-08T04:19:37.6717706Z === RUN   TestProRuneIndexGameRejectsLivestatsTeamMismatch/same_A
2026-10-08T04:19:37.6718462Z --- PASS: TestProRuneIndexGameRejectsLivestatsTeamMismatch/same_A (0.00s)
2026-10-08T04:19:37.6719349Z === RUN   TestProRuneIndexGameRejectsLivestatsTeamMismatch/same_B
2026-10-08T04:19:37.6720161Z --- PASS: TestProRuneIndexGameRejectsLivestatsTeamMismatch/same_B (0.00s)
2026-10-08T04:19:37.6720974Z --- PASS: TestProRuneIndexGameRejectsLivestatsTeamMismatch (0.00s)
2026-10-08T04:19:37.6721572Z === RUN   TestProRunePartialFailureCounts
2026-10-08T04:19:37.6722463Z === RUN   TestProRunePartialFailureCounts/1-of-99
2026-10-08T04:19:37.6759732Z --- PASS: TestProRunePartialFailureCounts/1-of-99 (0.00s)
2026-10-08T04:19:37.6760624Z === RUN   TestProRunePartialFailureCounts/10-of-30
2026-10-08T04:19:37.6775016Z --- PASS: TestProRunePartialFailureCounts/10-of-30 (0.00s)
2026-10-08T04:19:37.6775862Z === RUN   TestProRunePartialFailureCounts/1-of-10
2026-10-08T04:19:37.6785827Z --- PASS: TestProRunePartialFailureCounts/1-of-10 (0.00s)
2026-10-08T04:19:37.6786654Z === RUN   TestProRunePartialFailureCounts/0-of-0
2026-10-08T04:19:37.6789745Z --- PASS: TestProRunePartialFailureCounts/0-of-0 (0.00s)
2026-10-08T04:19:37.6791246Z --- PASS: TestProRunePartialFailureCounts (0.01s)
2026-10-08T04:19:37.6792448Z === RUN   TestProRuneFailureCountsDeduplicateDetailAndTerminal
2026-10-08T04:19:37.6793902Z --- PASS: TestProRuneFailureCountsDeduplicateDetailAndTerminal (0.00s)
2026-10-08T04:19:37.6795248Z === RUN   TestProRuneFailureCountsAcrossIndexTerminalAndDetail
2026-10-08T04:19:37.6803346Z --- PASS: TestProRuneFailureCountsAcrossIndexTerminalAndDetail (0.00s)
2026-10-08T04:19:37.6804997Z === RUN   TestProRunePerPlayerLimitAndStrictPosition
2026-10-08T04:19:37.6806041Z --- PASS: TestProRunePerPlayerLimitAndStrictPosition (0.00s)
2026-10-08T04:19:37.6807422Z === RUN   TestProRuneMultiPlayerRecommendationKeepsFullRecord
2026-10-08T04:19:37.6812654Z --- PASS: TestProRuneMultiPlayerRecommendationKeepsFullRecord (0.00s)
2026-10-08T04:19:37.6813284Z === RUN   TestProHitParallelProcessesAllSelectedGames
2026-10-08T04:19:37.6917041Z --- PASS: TestProHitParallelProcessesAllSelectedGames (0.01s)
2026-10-08T04:19:37.6917657Z === RUN   TestProBackgroundWorkersLeaveForegroundSlot
2026-10-08T04:19:37.7123525Z --- PASS: TestProBackgroundWorkersLeaveForegroundSlot (0.02s)
2026-10-08T04:19:37.7124900Z === RUN   TestQQ101LatestPatchUsesVersionNameAndRejectsNumericID
2026-10-08T04:19:37.7126687Z --- PASS: TestQQ101LatestPatchUsesVersionNameAndRejectsNumericID (0.00s)
2026-10-08T04:19:37.7128621Z === RUN   TestQQ101TierMappingRejectsIncompatibleExactTiers
2026-10-08T04:19:37.7130212Z --- PASS: TestQQ101TierMappingRejectsIncompatibleExactTiers (0.00s)
2026-10-08T04:19:37.7131582Z === RUN   TestQQ101BuildRowsParseRatesAndItemCombinations
2026-10-08T04:19:37.7132860Z --- PASS: TestQQ101BuildRowsParseRatesAndItemCombinations (0.00s)
2026-10-08T04:19:37.7133862Z === RUN   TestQQ101BuildRowsPreserveExtremeRatesWithoutInventingGames
2026-10-08T04:19:37.7134518Z --- PASS: TestQQ101BuildRowsPreserveExtremeRatesWithoutInventingGames (0.00s)
2026-10-08T04:19:37.7135140Z === RUN   TestQQ101BuildRequestUsesPatchNameInVersionQuery
2026-10-08T04:19:37.7135723Z --- PASS: TestQQ101BuildRequestUsesPatchNameInVersionQuery (0.00s)
2026-10-08T04:19:37.7136326Z === RUN   TestOPGGVersionFailureUsesPatchScopedFallbackCacheKey
2026-10-08T04:19:37.7137157Z --- PASS: TestOPGGVersionFailureUsesPatchScopedFallbackCacheKey (0.00s)
2026-10-08T04:19:37.7137703Z === RUN   TestQQ101PositionsParseSingleAndDualLaneShares
2026-10-08T04:19:37.7138220Z --- PASS: TestQQ101PositionsParseSingleAndDualLaneShares (0.00s)
2026-10-08T04:19:37.7138732Z === RUN   TestMergeQQ101PositionSharesOnlyAppendsMissingLanes
2026-10-08T04:19:37.7139265Z --- PASS: TestMergeQQ101PositionSharesOnlyAppendsMissingLanes (0.00s)
2026-10-08T04:19:37.7139744Z === RUN   TestQQ101ProbeKeepsPartialResults
2026-10-08T04:19:37.9945401Z --- PASS: TestQQ101ProbeKeepsPartialResults (0.28s)
2026-10-08T04:19:37.9946649Z === RUN   TestQQ101ProbeCooldownIsScopedByPatch
2026-10-08T04:19:38.0453230Z --- PASS: TestQQ101ProbeCooldownIsScopedByPatch (0.05s)
2026-10-08T04:19:38.0454224Z === RUN   TestQQ101FeatureGateStopsUpstreamRequests
2026-10-08T04:19:38.0455252Z --- PASS: TestQQ101FeatureGateStopsUpstreamRequests (0.00s)
2026-10-08T04:19:38.0456551Z === RUN   TestStructuredDetailUsesQQ101SharesAndExplicitOPGGVersion
2026-10-08T04:19:38.0458024Z --- PASS: TestStructuredDetailUsesQQ101SharesAndExplicitOPGGVersion (0.00s)
2026-10-08T04:19:38.0459980Z === RUN   TestStructuredDetailFallsBackWhenQQ101PositionsAreEmpty
2026-10-08T04:19:38.0461096Z --- PASS: TestStructuredDetailFallsBackWhenQQ101PositionsAreEmpty (0.00s)
2026-10-08T04:19:38.0461692Z === RUN   TestStructuredDetailFallsBackWhenQQ101BuildTimesOut
2026-10-08T04:19:38.0567351Z --- PASS: TestStructuredDetailFallsBackWhenQQ101BuildTimesOut (0.01s)
2026-10-08T04:19:38.0568523Z === RUN   TestStructuredDetailReportsBothItemDepthFailures
2026-10-08T04:19:38.0571484Z --- PASS: TestStructuredDetailReportsBothItemDepthFailures (0.00s)
2026-10-08T04:19:38.0572505Z === RUN   TestStructuredDetailQQ101TimeoutDoesNotLeakGoroutines
2026-10-08T04:19:38.1703532Z     qq101_test.go:548: P2-1 无泄漏：baseline=14 now=14 qq101Hits=2
2026-10-08T04:19:38.1704874Z --- PASS: TestStructuredDetailQQ101TimeoutDoesNotLeakGoroutines (0.11s)
2026-10-08T04:19:38.1706096Z === RUN   TestEmptyOwnedInventoryIsValidWhenTwoSourcesAgree
2026-10-08T04:19:38.1734269Z --- PASS: TestEmptyOwnedInventoryIsValidWhenTwoSourcesAgree (0.00s)
2026-10-08T04:19:38.1735262Z === RUN   TestEmptyAndNonEmptyOwnedSourcesDisagree
2026-10-08T04:19:38.1750475Z --- PASS: TestEmptyAndNonEmptyOwnedSourcesDisagree (0.00s)
2026-10-08T04:19:38.1751202Z === RUN   TestOneExplicitFullCoverageSourceIsSufficient
2026-10-08T04:19:38.1763596Z --- PASS: TestOneExplicitFullCoverageSourceIsSufficient (0.00s)
2026-10-08T04:19:38.1764897Z === RUN   TestTransientOwnedSourceFailureStopsCalculation
2026-10-08T04:19:38.1777033Z --- PASS: TestTransientOwnedSourceFailureStopsCalculation (0.00s)
2026-10-08T04:19:38.1778070Z === RUN   TestExplicitOwnershipDoesNotWalkUnknownNestedObjects
2026-10-08T04:19:38.1779138Z --- PASS: TestExplicitOwnershipDoesNotWalkUnknownNestedObjects (0.00s)
2026-10-08T04:19:38.1780516Z === RUN   TestFailedRefreshStateCannotServeOldSnapshot
2026-10-08T04:19:38.1781386Z --- PASS: TestFailedRefreshStateCannotServeOldSnapshot (0.00s)
2026-10-08T04:19:38.1782271Z === RUN   TestChromaEndpointKeepsCatalogAndOwnershipSeparate
2026-10-08T04:19:38.1783299Z --- PASS: TestChromaEndpointKeepsCatalogAndOwnershipSeparate (0.00s)
2026-10-08T04:19:38.1784471Z === RUN   TestSnapshotValidationErrorRetainsHealthyClientButNotSnapshot
2026-10-08T04:19:38.1785740Z --- PASS: TestSnapshotValidationErrorRetainsHealthyClientButNotSnapshot (0.00s)
2026-10-08T04:19:38.1786772Z === RUN   TestReadLimitedRejectsOversizedBody
2026-10-08T04:19:38.1787560Z --- PASS: TestReadLimitedRejectsOversizedBody (0.00s)
2026-10-08T04:19:38.1788507Z === RUN   TestStatusResponseDoesNotExposeStableAccountIdentifiers
2026-10-08T04:19:38.1789722Z --- PASS: TestStatusResponseDoesNotExposeStableAccountIdentifiers (0.00s)
2026-10-08T04:19:38.1790809Z === RUN   TestPoolManifestValidationAndHashAreDeterministic
2026-10-08T04:19:38.1791851Z --- PASS: TestPoolManifestValidationAndHashAreDeterministic (0.00s)
2026-10-08T04:19:38.1792785Z === RUN   TestCSVFormulaInjectionIsNeutralized
2026-10-08T04:19:38.1793593Z --- PASS: TestCSVFormulaInjectionIsNeutralized (0.00s)
2026-10-08T04:19:38.1794479Z === RUN   TestSnapshotDiffRejectsDifferentAccountOrPool
2026-10-08T04:19:38.1795475Z --- PASS: TestSnapshotDiffRejectsDifferentAccountOrPool (0.00s)
2026-10-08T04:19:38.1796332Z === RUN   TestSnapshotPersistenceIsRedacted
2026-10-08T04:19:38.1919799Z --- PASS: TestSnapshotPersistenceIsRedacted (0.01s)
2026-10-08T04:19:38.1920840Z === RUN   TestLatestMatchingSnapshotRequiresAccountAndPoolIdentity
2026-10-08T04:19:38.2143053Z --- PASS: TestLatestMatchingSnapshotRequiresAccountAndPoolIdentity (0.02s)
2026-10-08T04:19:38.2144434Z === RUN   TestSnapshotExportUsesSelectedHistoryRecord
2026-10-08T04:19:38.2242587Z === RUN   TestSnapshotExportUsesSelectedHistoryRecord/json
2026-10-08T04:19:38.2247041Z --- PASS: TestSnapshotExportUsesSelectedHistoryRecord/json (0.00s)
2026-10-08T04:19:38.2248090Z === RUN   TestSnapshotExportUsesSelectedHistoryRecord/csv
2026-10-08T04:19:38.2249428Z --- PASS: TestSnapshotExportUsesSelectedHistoryRecord/csv (0.00s)
2026-10-08T04:19:38.2250672Z === RUN   TestSnapshotExportUsesSelectedHistoryRecord/html
2026-10-08T04:19:38.2254895Z --- PASS: TestSnapshotExportUsesSelectedHistoryRecord/html (0.00s)
2026-10-08T04:19:38.2272863Z --- PASS: TestSnapshotExportUsesSelectedHistoryRecord (0.01s)
2026-10-08T04:19:38.2273827Z === RUN   TestLockfileParsingValidatesProtocolAndClient
2026-10-08T04:19:38.2298882Z --- PASS: TestLockfileParsingValidatesProtocolAndClient (0.00s)
2026-10-08T04:19:38.2299748Z === RUN   TestTencentClientCommandLineParsing
2026-10-08T04:19:38.2300260Z --- PASS: TestTencentClientCommandLineParsing (0.00s)
2026-10-08T04:19:38.2300885Z === RUN   TestSnapshotRecordJSONContainsOnlyExpectedAccountHash
2026-10-08T04:19:38.2303626Z --- PASS: TestSnapshotRecordJSONContainsOnlyExpectedAccountHash (0.00s)
2026-10-08T04:19:38.2304333Z === RUN   TestPrivacyListsEveryClientWrite
2026-10-08T04:19:38.2304766Z --- PASS: TestPrivacyListsEveryClientWrite (0.00s)
2026-10-08T04:19:38.2305227Z === RUN   TestPrivacyStoresDeclareEveryLocalDirectory
2026-10-08T04:19:38.5265173Z     quality_test.go:618: 从源码枚举到 19 个本地存储目录：[champion-data champion-images client-history community-images logs match-tiers perk-catalog pools prestige-artwork pro-directory pro-profiles pro-runes-v1 profile-icons riot-identities riot-matches rune-starters season-stats snapshots updates]
2026-10-08T04:19:38.5267655Z --- PASS: TestPrivacyStoresDeclareEveryLocalDirectory (0.30s)
2026-10-08T04:19:38.5269633Z === RUN   TestPrivacyStoreDirectoryCreationCallSitesArePinned
2026-10-08T04:19:38.5406080Z --- PASS: TestPrivacyStoreDirectoryCreationCallSitesArePinned (0.01s)
2026-10-08T04:19:38.5407593Z === RUN   TestLootFallbackDiagnosticRuntimePayloadNeverStoresItemDetails
2026-10-08T04:19:38.5409226Z --- PASS: TestLootFallbackDiagnosticRuntimePayloadNeverStoresItemDetails (0.00s)
2026-10-08T04:19:38.5410206Z === RUN   TestFriendlyErrorDoesNotExposeLocalDetails
2026-10-08T04:19:38.5411290Z --- PASS: TestFriendlyErrorDoesNotExposeLocalDetails (0.00s)
2026-10-08T04:19:38.5412331Z === RUN   TestFriendlyDiscoveryErrorsAreActionableAndRedacted
2026-10-08T04:19:38.5413314Z --- PASS: TestFriendlyDiscoveryErrorsAreActionableAndRedacted (0.00s)
2026-10-08T04:19:38.5414065Z === RUN   TestDiagnosticsExposeOnlyDiscoveryCounts
2026-10-08T04:19:38.5414730Z --- PASS: TestDiagnosticsExposeOnlyDiscoveryCounts (0.00s)
2026-10-08T04:19:38.5415409Z === RUN   TestDiagnosticSourcesExcludeStableIdentifiers
2026-10-08T04:19:38.5470486Z --- PASS: TestDiagnosticSourcesExcludeStableIdentifiers (0.01s)
2026-10-08T04:19:38.5472221Z === RUN   TestConcurrentIdenticalSnapshotsAreDeduplicated
2026-10-08T04:19:38.5603223Z --- PASS: TestConcurrentIdenticalSnapshotsAreDeduplicated (0.01s)
2026-10-08T04:19:38.5605014Z === RUN   TestDiagnosticLogRotationRemainsBounded
2026-10-08T04:19:38.5682202Z --- PASS: TestDiagnosticLogRotationRemainsBounded (0.01s)
2026-10-08T04:19:38.5683241Z === RUN   TestDiagnosticRotationImmediatelyRestoresBuildSnapshot
2026-10-08T04:19:38.5738935Z --- PASS: TestDiagnosticRotationImmediatelyRestoresBuildSnapshot (0.01s)
2026-10-08T04:19:38.5739609Z === RUN   TestAppStartDiagnosticIdentifiesBuild
2026-10-08T04:19:38.5764834Z --- PASS: TestAppStartDiagnosticIdentifiesBuild (0.00s)
2026-10-08T04:19:38.5766090Z === RUN   TestDiagnosticLogDownloadUsesTrustedFixedFile
2026-10-08T04:19:38.5794153Z --- PASS: TestDiagnosticLogDownloadUsesTrustedFixedFile (0.00s)
2026-10-08T04:19:38.5795845Z === RUN   TestDiagnosticLogExportFilenameChangesWithExportTime
2026-10-08T04:19:38.5797311Z --- PASS: TestDiagnosticLogExportFilenameChangesWithExportTime (0.00s)
2026-10-08T04:19:38.5798366Z === RUN   TestDiagnosticsExposeCurrentLogSizeAndEventCount
2026-10-08T04:19:38.5824283Z --- PASS: TestDiagnosticsExposeCurrentLogSizeAndEventCount (0.00s)
2026-10-08T04:19:38.5825252Z === RUN   TestDiagnosticLogReaderRejectsSymlink
2026-10-08T04:19:38.5855406Z --- PASS: TestDiagnosticLogReaderRejectsSymlink (0.00s)
2026-10-08T04:19:38.5856731Z === RUN   TestDiagnosticLogWriterRejectsSymlink
2026-10-08T04:19:38.5885730Z --- PASS: TestDiagnosticLogWriterRejectsSymlink (0.00s)
2026-10-08T04:19:38.5886593Z === RUN   TestSupportedQueueDefinitionsMatchCanonicalGroups
2026-10-08T04:19:38.5887482Z --- PASS: TestSupportedQueueDefinitionsMatchCanonicalGroups (0.00s)
2026-10-08T04:19:38.5888344Z === RUN   TestQueueGroupsForClientExposeAugmentSources
2026-10-08T04:19:38.5889184Z --- PASS: TestQueueGroupsForClientExposeAugmentSources (0.00s)
2026-10-08T04:19:38.5890091Z === RUN   TestMatchHistoryFilterSpecsUseDocumentedSGPTags
2026-10-08T04:19:38.5891108Z --- PASS: TestMatchHistoryFilterSpecsUseDocumentedSGPTags (0.00s)
2026-10-08T04:19:38.5892137Z === RUN   TestArenaFilterTagsSurviveSGPNormalizationAndKeep3x6
2026-10-08T04:19:38.5894386Z --- PASS: TestArenaFilterTagsSurviveSGPNormalizationAndKeep3x6 (0.00s)
2026-10-08T04:19:38.5895441Z === RUN   TestR100OverviewLongRoundUsesFreshSingleWaitBudget
2026-10-08T04:19:45.0499192Z --- PASS: TestR100OverviewLongRoundUsesFreshSingleWaitBudget (6.46s)
2026-10-08T04:19:45.0500530Z === RUN   TestR100QueueCallersKeepDistinctSemantics
2026-10-08T04:19:45.0525377Z --- PASS: TestR100QueueCallersKeepDistinctSemantics (0.00s)
2026-10-08T04:19:45.0526324Z === RUN   TestR100SuccessfulDetailSurvivesCallerCancellation
2026-10-08T04:19:45.0670514Z --- PASS: TestR100SuccessfulDetailSurvivesCallerCancellation (0.01s)
2026-10-08T04:19:45.0671651Z === RUN   TestR100AssetHasWholeHandlerDeadline
2026-10-08T04:19:45.0672244Z === PAUSE TestR100AssetHasWholeHandlerDeadline
2026-10-08T04:19:45.0672937Z === RUN   TestR100PerksNeverWaitForOptionalAugmentsAndPersist
2026-10-08T04:19:45.1011446Z --- PASS: TestR100PerksNeverWaitForOptionalAugmentsAndPersist (0.03s)
2026-10-08T04:19:45.1012279Z === RUN   TestR100ProSnapshotAndLadderSurviveRestart
2026-10-08T04:19:45.1243130Z --- PASS: TestR100ProSnapshotAndLadderSurviveRestart (0.02s)
2026-10-08T04:19:45.1243964Z === RUN   TestR100QueueLabelsAndArenaRegistry
2026-10-08T04:19:45.1244714Z --- PASS: TestR100QueueLabelsAndArenaRegistry (0.00s)
2026-10-08T04:19:45.1245705Z === RUN   TestR100ProgressPublishesReadyMetadataAndQueueDiagnostic
2026-10-08T04:19:46.2447297Z --- PASS: TestR100ProgressPublishesReadyMetadataAndQueueDiagnostic (1.12s)
2026-10-08T04:19:46.2448271Z === RUN   TestR101IconOwnershipParsedFromInventory
2026-10-08T04:19:46.2700661Z --- PASS: TestR101IconOwnershipParsedFromInventory (0.03s)
2026-10-08T04:19:46.2701554Z === RUN   TestR101IconOwnershipStillFallsBackOpen
2026-10-08T04:19:46.2935956Z --- PASS: TestR101IconOwnershipStillFallsBackOpen (0.02s)
2026-10-08T04:19:46.2937418Z === RUN   TestR101BannerCatalogIs35AndIDsAreStrings
2026-10-08T04:19:46.2952648Z --- PASS: TestR101BannerCatalogIs35AndIDsAreStrings (0.00s)
2026-10-08T04:19:46.2954373Z === RUN   TestR101BannerOwnershipUsesRegaliaV3Only
2026-10-08T04:19:46.2968221Z --- PASS: TestR101BannerOwnershipUsesRegaliaV3Only (0.00s)
2026-10-08T04:19:46.2969454Z === RUN   TestR101PreviousBannerActionRemoved
2026-10-08T04:19:46.2973676Z --- PASS: TestR101PreviousBannerActionRemoved (0.00s)
2026-10-08T04:19:46.2974571Z === RUN   TestR101ClearChallengesStillPreservesTitle
2026-10-08T04:19:46.2987961Z --- PASS: TestR101ClearChallengesStillPreservesTitle (0.00s)
2026-10-08T04:19:46.2988739Z === RUN   TestR101ChampSelectDefaultsOn
2026-10-08T04:19:46.2989186Z --- PASS: TestR101ChampSelectDefaultsOn (0.00s)
2026-10-08T04:19:46.2989608Z === RUN   TestR101ExistingProfileKeepsItsOwnSetting
2026-10-08T04:19:46.3011250Z --- PASS: TestR101ExistingProfileKeepsItsOwnSetting (0.00s)
2026-10-08T04:19:46.3012380Z === RUN   TestR101EnabledWithEmptySequencesSendsNothing
2026-10-08T04:19:46.3013303Z === RUN   TestR101EnabledWithEmptySequencesSendsNothing/normalban
2026-10-08T04:19:46.3531317Z --- PASS: TestR101EnabledWithEmptySequencesSendsNothing/normalban (0.05s)
2026-10-08T04:19:46.3533046Z === RUN   TestR101EnabledWithEmptySequencesSendsNothing/normalpick
2026-10-08T04:19:46.4052291Z --- PASS: TestR101EnabledWithEmptySequencesSendsNothing/normalpick (0.05s)
2026-10-08T04:19:46.4053916Z === RUN   TestR101EnabledWithEmptySequencesSendsNothing/rankedban
2026-10-08T04:19:46.4567408Z --- PASS: TestR101EnabledWithEmptySequencesSendsNothing/rankedban (0.05s)
2026-10-08T04:19:46.4569184Z === RUN   TestR101EnabledWithEmptySequencesSendsNothing/rankedpick
2026-10-08T04:19:46.5079162Z --- PASS: TestR101EnabledWithEmptySequencesSendsNothing/rankedpick (0.05s)
2026-10-08T04:19:46.5081001Z === RUN   TestR101EnabledWithEmptySequencesSendsNothing/aramban
2026-10-08T04:19:46.5590783Z --- PASS: TestR101EnabledWithEmptySequencesSendsNothing/aramban (0.05s)
2026-10-08T04:19:46.5591650Z === RUN   TestR101EnabledWithEmptySequencesSendsNothing/arampick
2026-10-08T04:19:46.6108337Z --- PASS: TestR101EnabledWithEmptySequencesSendsNothing/arampick (0.05s)
2026-10-08T04:19:46.6110980Z === RUN   TestR101EnabledWithEmptySequencesSendsNothing/arenaban
2026-10-08T04:19:46.6622949Z --- PASS: TestR101EnabledWithEmptySequencesSendsNothing/arenaban (0.05s)
2026-10-08T04:19:46.6624446Z === RUN   TestR101EnabledWithEmptySequencesSendsNothing/arenapick
2026-10-08T04:19:46.7143742Z --- PASS: TestR101EnabledWithEmptySequencesSendsNothing/arenapick (0.05s)
2026-10-08T04:19:46.7145000Z --- PASS: TestR101EnabledWithEmptySequencesSendsNothing (0.41s)
2026-10-08T04:19:46.7145665Z === RUN   TestR101SeedResolvesSoloQueueRank
2026-10-08T04:19:46.7449907Z --- PASS: TestR101SeedResolvesSoloQueueRank (0.03s)
2026-10-08T04:19:46.7450757Z === RUN   TestR101SeedRecentActivityBeforeOlderUpstream
2026-10-08T04:19:46.7765742Z --- PASS: TestR101SeedRecentActivityBeforeOlderUpstream (0.03s)
2026-10-08T04:19:46.7766647Z === RUN   TestR101SeedRankMapsRomanDivision
2026-10-08T04:19:46.8872501Z --- PASS: TestR101SeedRankMapsRomanDivision (0.11s)
2026-10-08T04:19:46.8873472Z === RUN   TestR101SeedWithoutSoloQueueStaysUnavailable
2026-10-08T04:19:46.9167342Z --- PASS: TestR101SeedWithoutSoloQueueStaysUnavailable (0.03s)
2026-10-08T04:19:46.9168368Z === RUN   TestR104SeedRank24HourCacheSeparateFromOverview
2026-10-08T04:19:46.9450036Z --- PASS: TestR104SeedRank24HourCacheSeparateFromOverview (0.03s)
2026-10-08T04:19:46.9451017Z === RUN   TestR101SeedRankRespectsQuotaBudget
2026-10-08T04:19:46.9883195Z --- PASS: TestR101SeedRankRespectsQuotaBudget (0.04s)
2026-10-08T04:19:46.9883831Z === RUN   TestR101IconOwnershipCacheIsClientScoped
2026-10-08T04:19:46.9911537Z --- PASS: TestR101IconOwnershipCacheIsClientScoped (0.00s)
2026-10-08T04:19:46.9912162Z === RUN   TestR123FacadeIconAndBannerActionsRemoved
2026-10-08T04:19:46.9916335Z --- PASS: TestR123FacadeIconAndBannerActionsRemoved (0.00s)
2026-10-08T04:19:46.9917252Z === RUN   TestR102SeedAccountSupportsMultipleAccountsPerPlayer
2026-10-08T04:19:47.0407585Z --- PASS: TestR102SeedAccountSupportsMultipleAccountsPerPlayer (0.05s)
2026-10-08T04:19:47.0408705Z === RUN   TestR102SeedAnchorKeysAreUniquePerAccount
2026-10-08T04:19:47.0938205Z --- PASS: TestR102SeedAnchorKeysAreUniquePerAccount (0.05s)
2026-10-08T04:19:47.0940153Z === RUN   TestR102SeedRealNameAndPositionComeFromRoster
2026-10-08T04:19:47.0941115Z --- PASS: TestR102SeedRealNameAndPositionComeFromRoster (0.00s)
2026-10-08T04:19:47.0941959Z === RUN   TestR102AllThirtyThreePlayersHaveSeeds
2026-10-08T04:19:47.0942711Z --- PASS: TestR102AllThirtyThreePlayersHaveSeeds (0.00s)
2026-10-08T04:19:47.0943385Z === RUN   TestR102DyjkbysbBelongsToWei
2026-10-08T04:19:47.0944072Z --- PASS: TestR102DyjkbysbBelongsToWei (0.00s)
2026-10-08T04:19:47.0944841Z === RUN   TestR102SeedAccountsMatchVerificationDoc
2026-10-08T04:19:47.0945339Z --- PASS: TestR102SeedAccountsMatchVerificationDoc (0.00s)
2026-10-08T04:19:47.0945824Z === RUN   TestR102LastMatchStartParsesGameStartTimestamp
2026-10-08T04:19:47.1276709Z --- PASS: TestR102LastMatchStartParsesGameStartTimestamp (0.03s)
2026-10-08T04:19:47.1277474Z === RUN   TestR102LastMatchStartHandlesNoMatches
2026-10-08T04:19:47.1468443Z --- PASS: TestR102LastMatchStartHandlesNoMatches (0.02s)
2026-10-08T04:19:47.1469287Z === RUN   TestR102LastMatchStartCachedSevenDays
2026-10-08T04:19:47.2242037Z --- PASS: TestR102LastMatchStartCachedSevenDays (0.08s)
2026-10-08T04:19:47.2242799Z === RUN   TestR102LastMatchErrorsRemainUnknownAndRetry
2026-10-08T04:19:47.2243656Z === RUN   TestR102LastMatchErrorsRemainUnknownAndRetry/ids
2026-10-08T04:19:47.2268385Z --- PASS: TestR102LastMatchErrorsRemainUnknownAndRetry/ids (0.00s)
2026-10-08T04:19:47.2269256Z === RUN   TestR102LastMatchErrorsRemainUnknownAndRetry/detail
2026-10-08T04:19:47.2446319Z --- PASS: TestR102LastMatchErrorsRemainUnknownAndRetry/detail (0.02s)
2026-10-08T04:19:47.2447819Z === RUN   TestR102LastMatchErrorsRemainUnknownAndRetry/missing-start
2026-10-08T04:19:47.2716625Z --- PASS: TestR102LastMatchErrorsRemainUnknownAndRetry/missing-start (0.03s)
2026-10-08T04:19:47.2718645Z --- PASS: TestR102LastMatchErrorsRemainUnknownAndRetry (0.05s)
2026-10-08T04:19:47.2719845Z === RUN   TestR104SeedTotalBudgetIsBoundedRegardlessOfAccountCount
2026-10-08T04:19:47.2720729Z --- PASS: TestR104SeedTotalBudgetIsBoundedRegardlessOfAccountCount (0.00s)
2026-10-08T04:19:47.2721546Z === RUN   TestR102SeedOneAccountFailureDoesNotBlockOthers
2026-10-08T04:19:47.5504024Z --- PASS: TestR102SeedOneAccountFailureDoesNotBlockOthers (0.28s)
2026-10-08T04:19:47.5505143Z === RUN   TestR102SeedKeepsPerAccountLastSnapshotOnQuotaExhausted
2026-10-08T04:19:47.5532323Z --- PASS: TestR102SeedKeepsPerAccountLastSnapshotOnQuotaExhausted (0.00s)
2026-10-08T04:19:47.5533348Z === RUN   TestR102SortsByLastMatchTimeDescending
2026-10-08T04:19:47.5534174Z --- PASS: TestR102SortsByLastMatchTimeDescending (0.00s)
2026-10-08T04:19:47.5534854Z === RUN   TestR102KnownAlwaysBeforeUnknown
2026-10-08T04:19:47.5535505Z --- PASS: TestR102KnownAlwaysBeforeUnknown (0.00s)
2026-10-08T04:19:47.5536005Z === RUN   TestR102UnknownLastMatchFallsBackToRankOrder
2026-10-08T04:19:47.5536522Z --- PASS: TestR102UnknownLastMatchFallsBackToRankOrder (0.00s)
2026-10-08T04:19:47.5536955Z === RUN   TestR102PrimaryFieldRemoved
2026-10-08T04:19:47.5537540Z --- PASS: TestR102PrimaryFieldRemoved (0.00s)
2026-10-08T04:19:47.5537998Z === RUN   TestR102UnrankedAccountBacksOffRankQuery
2026-10-08T04:19:47.5728863Z --- PASS: TestR102UnrankedAccountBacksOffRankQuery (0.02s)
2026-10-08T04:19:47.5730372Z === RUN   TestR102FailedQueryDoesNotTriggerBackoff
2026-10-08T04:19:47.5753757Z --- PASS: TestR102FailedQueryDoesNotTriggerBackoff (0.00s)
2026-10-08T04:19:47.5754725Z === RUN   TestR102UnrankedBackoffDoesNotAffectLastMatchQuery
2026-10-08T04:19:47.6160102Z --- PASS: TestR102UnrankedBackoffDoesNotAffectLastMatchQuery (0.04s)
2026-10-08T04:19:47.6161335Z === RUN   TestR102NewlyRankedAccountResetsToNormalTTL
2026-10-08T04:19:47.6628937Z --- PASS: TestR102NewlyRankedAccountResetsToNormalTTL (0.05s)
2026-10-08T04:19:47.6630141Z === RUN   TestR102UpstreamActivityAndSnapshotRemainPrivate
2026-10-08T04:19:47.7121179Z --- PASS: TestR102UpstreamActivityAndSnapshotRemainPrivate (0.05s)
2026-10-08T04:19:47.7121981Z === RUN   TestR102ColdIdentityFailurePreservesReviewedAccounts
2026-10-08T04:19:47.7149771Z --- PASS: TestR102ColdIdentityFailurePreservesReviewedAccounts (0.00s)
2026-10-08T04:19:47.7150815Z === RUN   TestR103ProseedEntriesNeverSelectedForEviction
2026-10-08T04:19:47.7208218Z --- PASS: TestR103ProseedEntriesNeverSelectedForEviction (0.01s)
2026-10-08T04:19:47.7209269Z === RUN   TestR103AllCandidatesProtectedReturnsErrorNotEviction
2026-10-08T04:19:47.7232997Z --- PASS: TestR103AllCandidatesProtectedReturnsErrorNotEviction (0.00s)
2026-10-08T04:19:47.7234090Z === RUN   TestR104RealOPGGFixtureProvidesRevisionTimeAndZeroRiot
2026-10-08T04:19:47.7488087Z --- PASS: TestR104RealOPGGFixtureProvidesRevisionTimeAndZeroRiot (0.03s)
2026-10-08T04:19:47.7488979Z === RUN   TestR104ExactDirectoryMatchAvoidsRiotAndMissFallsBack
2026-10-08T04:19:47.7956540Z --- PASS: TestR104ExactDirectoryMatchAvoidsRiotAndMissFallsBack (0.05s)
2026-10-08T04:19:47.7957688Z === RUN   TestR104BackgroundAdmissionYieldsAtThirtyOrForegroundQueue
2026-10-08T04:19:47.7958682Z --- PASS: TestR104BackgroundAdmissionYieldsAtThirtyOrForegroundQueue (0.00s)
2026-10-08T04:19:47.7959539Z === RUN   TestR104OldSnapshotWithoutRevisionRemainsUnknown
2026-10-08T04:19:47.7960110Z --- PASS: TestR104OldSnapshotWithoutRevisionRemainsUnknown (0.00s)
2026-10-08T04:19:47.7960869Z === RUN   TestR104ColdStartupDripProtectsForegroundTwentyMatches
2026-10-08T04:19:47.8002457Z     r104_test.go:206: R252_R104 stage=directory_start elapsed_ms=4
2026-10-08T04:19:48.0541423Z     r104_test.go:206: R252_R104 stage=directory_returned elapsed_ms=258
2026-10-08T04:19:48.0542515Z     r104_test.go:206: R252_R104 stage=await_worker_wait elapsed_ms=258
2026-10-08T04:19:48.0639715Z     r104_test.go:206: R252_R104 stage=worker_wait_enter elapsed_ms=268
2026-10-08T04:19:48.0641696Z     r104_test.go:206: R252_R104 stage=worker_wait_observed elapsed_ms=268
2026-10-08T04:19:48.0642272Z     r104_test.go:206: R252_R104 stage=await_worker_wait elapsed_ms=268
2026-10-08T04:19:48.0642800Z     r104_test.go:206: R252_R104 stage=worker_tick elapsed_ms=268
2026-10-08T04:19:48.0678550Z     r104_test.go:232: R252_R104 transport=account background=true bg=1 fg=0 elapsed_ms=272
2026-10-08T04:19:48.0814742Z     r104_test.go:232: R252_R104 transport=account background=true bg=2 fg=0 elapsed_ms=285
2026-10-08T04:19:48.0879603Z     r104_test.go:232: R252_R104 transport=ids background=true bg=3 fg=0 elapsed_ms=292
2026-10-08T04:19:48.0952456Z     r104_test.go:232: R252_R104 transport=detail background=true bg=4 fg=0 elapsed_ms=299
2026-10-08T04:19:48.1051981Z     r104_test.go:206: R252_R104 stage=worker_wait_enter elapsed_ms=309
2026-10-08T04:19:48.1052743Z     r104_test.go:206: R252_R104 stage=worker_wait_observed elapsed_ms=309
2026-10-08T04:19:48.1053339Z     r104_test.go:206: R252_R104 stage=foreground_fifo_held elapsed_ms=309
2026-10-08T04:19:48.1053904Z     r104_test.go:206: R252_R104 stage=foreground_start elapsed_ms=309
2026-10-08T04:19:48.1065059Z     r104_test.go:206: R252_R104 stage=await_worker_wait elapsed_ms=311
2026-10-08T04:19:48.1065894Z     r104_test.go:206: R252_R104 stage=worker_tick elapsed_ms=311
2026-10-08T04:19:48.1109030Z     r104_test.go:206: R252_R104 stage=worker_wait_enter elapsed_ms=315
2026-10-08T04:19:48.1110084Z     r104_test.go:206: R252_R104 stage=worker_wait_observed elapsed_ms=315
2026-10-08T04:19:48.1111186Z     r104_test.go:206: R252_R104 stage=foreground_fifo_released elapsed_ms=315
2026-10-08T04:19:48.1112428Z     r104_test.go:232: R252_R104 transport=account background=false bg=4 fg=1 elapsed_ms=315
2026-10-08T04:19:48.1174641Z     r104_test.go:232: R252_R104 transport=ids background=false bg=4 fg=2 elapsed_ms=321
2026-10-08T04:19:48.1175988Z     r104_test.go:232: R252_R104 transport=account background=false bg=4 fg=3 elapsed_ms=321
2026-10-08T04:19:48.1177344Z     r104_test.go:232: R252_R104 transport=account background=false bg=4 fg=4 elapsed_ms=321
2026-10-08T04:19:48.1178467Z     r104_test.go:232: R252_R104 transport=account background=false bg=4 fg=5 elapsed_ms=321
2026-10-08T04:19:48.1263071Z     r104_test.go:232: R252_R104 transport=detail background=false bg=4 fg=6 elapsed_ms=330
2026-10-08T04:19:48.1265233Z     r104_test.go:232: R252_R104 transport=detail background=false bg=4 fg=7 elapsed_ms=330
2026-10-08T04:19:48.1266898Z     r104_test.go:232: R252_R104 transport=detail background=false bg=4 fg=8 elapsed_ms=330
2026-10-08T04:19:48.1268668Z     r104_test.go:232: R252_R104 transport=detail background=false bg=4 fg=9 elapsed_ms=331
2026-10-08T04:19:48.1269594Z     r104_test.go:232: R252_R104 transport=detail background=false bg=4 fg=10 elapsed_ms=331
2026-10-08T04:19:48.1319032Z     r104_test.go:232: R252_R104 transport=detail background=false bg=4 fg=11 elapsed_ms=336
2026-10-08T04:19:48.1320109Z     r104_test.go:232: R252_R104 transport=detail background=false bg=4 fg=13 elapsed_ms=336
2026-10-08T04:19:48.1321073Z     r104_test.go:232: R252_R104 transport=detail background=false bg=4 fg=13 elapsed_ms=336
2026-10-08T04:19:48.1492790Z     r104_test.go:232: R252_R104 transport=detail background=false bg=4 fg=14 elapsed_ms=353
2026-10-08T04:19:48.1748062Z     r104_test.go:232: R252_R104 transport=detail background=false bg=4 fg=15 elapsed_ms=378
2026-10-08T04:19:48.1848781Z     r104_test.go:232: R252_R104 transport=detail background=false bg=4 fg=16 elapsed_ms=389
2026-10-08T04:19:48.1910068Z     r104_test.go:232: R252_R104 transport=detail background=false bg=4 fg=17 elapsed_ms=395
2026-10-08T04:19:48.1977669Z     r104_test.go:232: R252_R104 transport=detail background=false bg=4 fg=18 elapsed_ms=401
2026-10-08T04:19:48.2044981Z     r104_test.go:232: R252_R104 transport=detail background=false bg=4 fg=19 elapsed_ms=407
2026-10-08T04:19:48.2134430Z     r104_test.go:232: R252_R104 transport=detail background=false bg=4 fg=20 elapsed_ms=417
2026-10-08T04:19:48.2199754Z     r104_test.go:232: R252_R104 transport=detail background=false bg=4 fg=21 elapsed_ms=424
2026-10-08T04:19:48.2264794Z     r104_test.go:232: R252_R104 transport=detail background=false bg=4 fg=22 elapsed_ms=430
2026-10-08T04:19:48.2329038Z     r104_test.go:232: R252_R104 transport=detail background=false bg=4 fg=23 elapsed_ms=437
2026-10-08T04:19:48.2405736Z     r104_test.go:232: R252_R104 transport=detail background=false bg=4 fg=24 elapsed_ms=444
2026-10-08T04:19:48.2477500Z     r104_test.go:232: R252_R104 transport=detail background=false bg=4 fg=25 elapsed_ms=451
2026-10-08T04:19:48.3122593Z     r104_test.go:206: R252_R104 stage=foreground_returned elapsed_ms=516
2026-10-08T04:19:48.3123577Z     r104_test.go:206: R252_R104 stage=worker_stopped elapsed_ms=516
2026-10-08T04:19:48.3124386Z     r104_test.go:361: cold startup: 0 Riot; first minute: 4 background; second minute yields; foreground: 20/20, 25 requests
2026-10-08T04:19:48.3384320Z --- PASS: TestR104ColdStartupDripProtectsForegroundTwentyMatches (0.54s)
2026-10-08T04:19:48.3385086Z === RUN   TestR104RefreshDiagnosticsCountRequestsAndBudgetSkips
2026-10-08T04:19:48.4104563Z --- PASS: TestR104RefreshDiagnosticsCountRequestsAndBudgetSkips (0.07s)
2026-10-08T04:19:48.4105965Z === RUN   TestR105_EmbeddedAccountCounts
2026-10-08T04:19:48.4106744Z --- PASS: TestR105_EmbeddedAccountCounts (0.00s)
2026-10-08T04:19:48.4107655Z === RUN   TestR105_PlayerAccountCounts
2026-10-08T04:19:48.4108417Z --- PASS: TestR105_PlayerAccountCounts (0.00s)
2026-10-08T04:19:48.4108964Z === RUN   TestR105_CriticalAccountFixes
2026-10-08T04:19:48.4109501Z --- PASS: TestR105_CriticalAccountFixes (0.00s)
2026-10-08T04:19:48.4110009Z === RUN   TestR105_SpecialCharacters
2026-10-08T04:19:48.4110507Z --- PASS: TestR105_SpecialCharacters (0.00s)
2026-10-08T04:19:48.4111561Z === RUN   TestR105_ReviewedPageSurvivesOldSnapshotAndWrongOwner
2026-10-08T04:19:48.4237236Z --- PASS: TestR105_ReviewedPageSurvivesOldSnapshotAndWrongOwner (0.01s)
2026-10-08T04:19:48.4238163Z === RUN   TestR105_AllPublicationsAndOfflineKeepReviewedAccounts
2026-10-08T04:19:48.4405469Z --- PASS: TestR105_AllPublicationsAndOfflineKeepReviewedAccounts (0.02s)
2026-10-08T04:19:48.4406462Z === RUN   TestR106ProProfileCapturedCurrentRanks
2026-10-08T04:19:48.4412585Z --- PASS: TestR106ProProfileCapturedCurrentRanks (0.00s)
2026-10-08T04:19:48.4413389Z === RUN   TestR106ProfileUnrankedIsExplicitAndHistoryIsExcluded
2026-10-08T04:19:48.4417279Z --- PASS: TestR106ProfileUnrankedIsExplicitAndHistoryIsExcluded (0.00s)
2026-10-08T04:19:48.4418188Z === RUN   TestR106RanksStartBeforeMatchIDsReturn
2026-10-08T04:19:48.5170835Z --- PASS: TestR106RanksStartBeforeMatchIDsReturn (0.07s)
2026-10-08T04:19:48.5171834Z === RUN   TestR106AllReviewedAccountsBatchAndPersistentCache
2026-10-08T04:19:49.1608702Z --- PASS: TestR106AllReviewedAccountsBatchAndPersistentCache (0.64s)
2026-10-08T04:19:49.1609572Z === RUN   TestR106CancelledFacadeReaderDoesNotCancelSharedRead
2026-10-08T04:19:49.1610206Z --- PASS: TestR106CancelledFacadeReaderDoesNotCancelSharedRead (0.00s)
2026-10-08T04:19:49.1610758Z === RUN   TestR106ProfileIconPersistsOnlySuccessfulImage
2026-10-08T04:19:49.1709598Z --- PASS: TestR106ProfileIconPersistsOnlySuccessfulImage (0.01s)
2026-10-08T04:19:49.1712303Z === RUN   TestR106MutationDetachesAnOlderFacadeRead
2026-10-08T04:19:49.1714464Z --- PASS: TestR106MutationDetachesAnOlderFacadeRead (0.00s)
2026-10-08T04:19:49.1715408Z === RUN   TestR106LiveProfileBatch
2026-10-08T04:19:49.1716938Z     r106_test.go:247: opt-in public profile read
2026-10-08T04:19:49.1717461Z --- SKIP: TestR106LiveProfileBatch (0.00s)
2026-10-08T04:19:49.1717950Z === RUN   TestR107PublicMatchStartAndIdentity
2026-10-08T04:19:49.1721784Z --- PASS: TestR107PublicMatchStartAndIdentity (0.00s)
2026-10-08T04:19:49.1722683Z === RUN   TestR107ProfileCacheRestoresActivityAfterRestart
2026-10-08T04:19:49.1827422Z --- PASS: TestR107ProfileCacheRestoresActivityAfterRestart (0.01s)
2026-10-08T04:19:49.1828827Z === RUN   TestR107EmptyLocalBackgroundReadsSameAccountProfile
2026-10-08T04:19:49.1829866Z --- PASS: TestR107EmptyLocalBackgroundReadsSameAccountProfile (0.00s)
2026-10-08T04:19:49.1830840Z === RUN   TestR107DoubleEscapedPublicMatchIdentity
2026-10-08T04:19:49.1832079Z --- PASS: TestR107DoubleEscapedPublicMatchIdentity (0.00s)
2026-10-08T04:19:49.1833100Z === RUN   TestR107MissingPublicActivityUsesOwnRiotIdentityAndCaches
2026-10-08T04:19:49.1834222Z === RUN   TestR107MissingPublicActivityUsesOwnRiotIdentityAndCaches/false
2026-10-08T04:19:49.2161767Z --- PASS: TestR107MissingPublicActivityUsesOwnRiotIdentityAndCaches/false (0.03s)
2026-10-08T04:19:49.2164254Z === RUN   TestR107MissingPublicActivityUsesOwnRiotIdentityAndCaches/true
2026-10-08T04:19:49.2189667Z --- PASS: TestR107MissingPublicActivityUsesOwnRiotIdentityAndCaches/true (0.00s)
2026-10-08T04:19:49.2191937Z --- PASS: TestR107MissingPublicActivityUsesOwnRiotIdentityAndCaches (0.04s)
2026-10-08T04:19:49.2194263Z === RUN   TestR107LiveProfileActivityBatch
2026-10-08T04:19:49.2195306Z     r107_test.go:135: opt-in network verification
2026-10-08T04:19:49.2196374Z --- SKIP: TestR107LiveProfileActivityBatch (0.00s)
2026-10-08T04:19:49.2197277Z === RUN   TestR107ImageBudgetReachesUnderlyingTransport
2026-10-08T04:19:49.2198925Z === RUN   TestR107ImageBudgetReachesUnderlyingTransport/client
2026-10-08T04:19:49.2200032Z --- PASS: TestR107ImageBudgetReachesUnderlyingTransport/client (0.00s)
2026-10-08T04:19:49.2201044Z === RUN   TestR107ImageBudgetReachesUnderlyingTransport/public
2026-10-08T04:19:49.2202439Z --- PASS: TestR107ImageBudgetReachesUnderlyingTransport/public (0.00s)
2026-10-08T04:19:49.2203504Z --- PASS: TestR107ImageBudgetReachesUnderlyingTransport (0.00s)
2026-10-08T04:19:49.2204344Z === RUN   TestR107LiveImagesWithoutClient
2026-10-08T04:19:49.2205077Z     r107_test.go:210: opt-in public image read
2026-10-08T04:19:49.2205836Z --- SKIP: TestR107LiveImagesWithoutClient (0.00s)
2026-10-08T04:19:49.2206566Z === RUN   TestR117ImageETagRevalidation
2026-10-08T04:19:49.2207282Z --- PASS: TestR117ImageETagRevalidation (0.00s)
2026-10-08T04:19:49.2208348Z === RUN   TestR117CommunityImageFanoutNegativeCacheIsPerAssetPathAndMinuteLevel
2026-10-08T04:19:49.2210206Z === RUN   TestR117CommunityImageFanoutNegativeCacheIsPerAssetPathAndMinuteLevel/every_candidate_failing_is_remembered_per_assetPath
2026-10-08T04:19:49.2212554Z --- PASS: TestR117CommunityImageFanoutNegativeCacheIsPerAssetPathAndMinuteLevel/every_candidate_failing_is_remembered_per_assetPath (0.00s)
2026-10-08T04:19:49.2215018Z === RUN   TestR117CommunityImageFanoutNegativeCacheIsPerAssetPathAndMinuteLevel/partial_failure_does_not_replay_the_missing_candidates
2026-10-08T04:19:49.2217408Z --- PASS: TestR117CommunityImageFanoutNegativeCacheIsPerAssetPathAndMinuteLevel/partial_failure_does_not_replay_the_missing_candidates (0.00s)
2026-10-08T04:19:49.2219358Z --- PASS: TestR117CommunityImageFanoutNegativeCacheIsPerAssetPathAndMinuteLevel (0.00s)
2026-10-08T04:19:49.2220552Z === RUN   TestR117ProfileUsesJSONLDStartOverDirectoryRevision
2026-10-08T04:19:49.2221975Z --- PASS: TestR117ProfileUsesJSONLDStartOverDirectoryRevision (0.00s)
2026-10-08T04:19:49.2223016Z === RUN   TestR117ProfileThrottleIsPendingWithoutShortTTL
2026-10-08T04:19:49.2237419Z --- PASS: TestR117ProfileThrottleIsPendingWithoutShortTTL (0.00s)
2026-10-08T04:19:49.2238698Z === RUN   TestR108RefreshDoesNotInheritCanceledFlight
2026-10-08T04:19:49.2239263Z --- PASS: TestR108RefreshDoesNotInheritCanceledFlight (0.00s)
2026-10-08T04:19:49.2239851Z === RUN   TestR108ModeHistoryQueriesOnlyMatchingQueuesAndCachesEmpty
2026-10-08T04:19:49.2240499Z === RUN   TestR108ModeHistoryQueriesOnlyMatchingQueuesAndCachesEmpty/solo
2026-10-08T04:19:49.2369878Z --- PASS: TestR108ModeHistoryQueriesOnlyMatchingQueuesAndCachesEmpty/solo (0.01s)
2026-10-08T04:19:49.2371830Z === RUN   TestR108ModeHistoryQueriesOnlyMatchingQueuesAndCachesEmpty/flex
2026-10-08T04:19:49.2466417Z --- PASS: TestR108ModeHistoryQueriesOnlyMatchingQueuesAndCachesEmpty/flex (0.01s)
2026-10-08T04:19:49.2468328Z === RUN   TestR108ModeHistoryQueriesOnlyMatchingQueuesAndCachesEmpty/hextech-aram
2026-10-08T04:19:49.2735272Z --- PASS: TestR108ModeHistoryQueriesOnlyMatchingQueuesAndCachesEmpty/hextech-aram (0.03s)
2026-10-08T04:19:49.2736511Z === RUN   TestR108ModeHistoryQueriesOnlyMatchingQueuesAndCachesEmpty/arena
2026-10-08T04:19:49.3425056Z --- PASS: TestR108ModeHistoryQueriesOnlyMatchingQueuesAndCachesEmpty/arena (0.07s)
2026-10-08T04:19:49.3426434Z === RUN   TestR108ModeHistoryQueriesOnlyMatchingQueuesAndCachesEmpty/ranked
2026-10-08T04:19:49.3623930Z --- PASS: TestR108ModeHistoryQueriesOnlyMatchingQueuesAndCachesEmpty/ranked (0.02s)
2026-10-08T04:19:49.3625759Z --- PASS: TestR108ModeHistoryQueriesOnlyMatchingQueuesAndCachesEmpty (0.14s)
2026-10-08T04:19:49.3627223Z === RUN   TestR108MultiQueuePagesMergeAndReusePrefixes
2026-10-08T04:19:49.3868466Z --- PASS: TestR108MultiQueuePagesMergeAndReusePrefixes (0.02s)
2026-10-08T04:19:49.3870850Z === RUN   TestR108OverviewCacheKeepsModesSeparateAndReusesRecentKR
2026-10-08T04:19:49.3872540Z --- PASS: TestR108OverviewCacheKeepsModesSeparateAndReusesRecentKR (0.00s)
2026-10-08T04:19:49.3874225Z === RUN   TestR108CareerUsesActualClientBackdrop
2026-10-08T04:19:49.3875775Z === RUN   TestR108CareerUsesActualClientBackdrop/recently-played
2026-10-08T04:19:49.3877303Z --- PASS: TestR108CareerUsesActualClientBackdrop/recently-played (0.00s)
2026-10-08T04:19:49.3878697Z === RUN   TestR108CareerUsesActualClientBackdrop/highest-mastery
2026-10-08T04:19:49.3880089Z --- PASS: TestR108CareerUsesActualClientBackdrop/highest-mastery (0.00s)
2026-10-08T04:19:49.3881405Z === RUN   TestR108CareerUsesActualClientBackdrop/specified-skin
2026-10-08T04:19:49.3882249Z --- PASS: TestR108CareerUsesActualClientBackdrop/specified-skin (0.00s)
2026-10-08T04:19:49.3883194Z === RUN   TestR108CareerUsesActualClientBackdrop/summoner-icon
2026-10-08T04:19:49.3883928Z --- PASS: TestR108CareerUsesActualClientBackdrop/summoner-icon (0.00s)
2026-10-08T04:19:49.3884503Z === RUN   TestR108CareerUsesActualClientBackdrop/foreign
2026-10-08T04:19:49.3885037Z --- PASS: TestR108CareerUsesActualClientBackdrop/foreign (0.00s)
2026-10-08T04:19:49.3885879Z --- PASS: TestR108CareerUsesActualClientBackdrop (0.00s)
2026-10-08T04:19:49.3886546Z === RUN   TestR108FacadeStateReturnsResolvedBackdropAndBanner
2026-10-08T04:19:49.3887312Z --- PASS: TestR108FacadeStateReturnsResolvedBackdropAndBanner (0.00s)
2026-10-08T04:19:49.3888165Z === RUN   TestR117MultiQueueHistoryHasBoundedConcurrentIDRequests
2026-10-08T04:19:49.4922537Z --- PASS: TestR117MultiQueueHistoryHasBoundedConcurrentIDRequests (0.10s)
2026-10-08T04:19:49.4923808Z === RUN   TestR109OverviewBackgroundUsesOnlySubjectAndPrefersVerifiedProfile
2026-10-08T04:19:49.4925280Z === RUN   TestR109OverviewBackgroundUsesOnlySubjectAndPrefersVerifiedProfile/remote_without_mastery
2026-10-08T04:19:49.4927028Z --- PASS: TestR109OverviewBackgroundUsesOnlySubjectAndPrefersVerifiedProfile/remote_without_mastery (0.00s)
2026-10-08T04:19:49.4928739Z === RUN   TestR109OverviewBackgroundUsesOnlySubjectAndPrefersVerifiedProfile/highest_mastery
2026-10-08T04:19:49.4930410Z --- PASS: TestR109OverviewBackgroundUsesOnlySubjectAndPrefersVerifiedProfile/highest_mastery (0.00s)
2026-10-08T04:19:49.4932835Z === RUN   TestR109OverviewBackgroundUsesOnlySubjectAndPrefersVerifiedProfile/actual_client_background
2026-10-08T04:19:49.4934700Z --- PASS: TestR109OverviewBackgroundUsesOnlySubjectAndPrefersVerifiedProfile/actual_client_background (0.00s)
2026-10-08T04:19:49.4936702Z --- PASS: TestR109OverviewBackgroundUsesOnlySubjectAndPrefersVerifiedProfile (0.00s)
2026-10-08T04:19:49.4938164Z === RUN   TestR109RiotProgressAndCompleteCarryBackgroundAndProfileWithoutExtraReads
2026-10-08T04:19:49.4939739Z === RUN   TestR109RiotProgressAndCompleteCarryBackgroundAndProfileWithoutExtraReads/with_matches
2026-10-08T04:19:49.5384173Z --- PASS: TestR109RiotProgressAndCompleteCarryBackgroundAndProfileWithoutExtraReads/with_matches (0.05s)
2026-10-08T04:19:49.5385415Z === RUN   TestR109RiotProgressAndCompleteCarryBackgroundAndProfileWithoutExtraReads/empty_mode
2026-10-08T04:19:49.5752522Z --- PASS: TestR109RiotProgressAndCompleteCarryBackgroundAndProfileWithoutExtraReads/empty_mode (0.04s)
2026-10-08T04:19:49.5754136Z --- PASS: TestR109RiotProgressAndCompleteCarryBackgroundAndProfileWithoutExtraReads (0.08s)
2026-10-08T04:19:49.5754856Z === RUN   TestR109IncompleteHeaderDoesNotBecomeFreshSnapshot
2026-10-08T04:19:49.5755428Z --- PASS: TestR109IncompleteHeaderDoesNotBecomeFreshSnapshot (0.00s)
2026-10-08T04:19:49.5755956Z === RUN   TestR109CNMatchTimeoutKeepsReadyRankAndMastery
2026-10-08T04:19:49.7471116Z --- PASS: TestR109CNMatchTimeoutKeepsReadyRankAndMastery (0.17s)
2026-10-08T04:19:49.7472568Z === RUN   TestR110ProductionHeadersReplacePersonalCapAndHostsHaveSeparateBudgets
2026-10-08T04:19:49.7474239Z --- PASS: TestR110ProductionHeadersReplacePersonalCapAndHostsHaveSeparateBudgets (0.00s)
2026-10-08T04:19:49.7475739Z === RUN   TestR110MethodQuotaAndShared429Cooldown
2026-10-08T04:19:49.7476780Z --- PASS: TestR110MethodQuotaAndShared429Cooldown (0.00s)
2026-10-08T04:19:49.7478040Z === RUN   TestR110OutOfOrderCountsKeepReservationsAndBackgroundYields
2026-10-08T04:19:49.7479712Z --- PASS: TestR110OutOfOrderCountsKeepReservationsAndBackgroundYields (0.00s)
2026-10-08T04:19:49.7480828Z === RUN   TestR110InvalidRateHeadersKeepConservativeFallback
2026-10-08T04:19:49.7481846Z --- PASS: TestR110InvalidRateHeadersKeepConservativeFallback (0.00s)
2026-10-08T04:19:49.7482978Z === RUN   TestR110HTTPAdmissionsLearnProductionHeadersUnderConcurrency
2026-10-08T04:19:49.7555794Z --- PASS: TestR110HTTPAdmissionsLearnProductionHeadersUnderConcurrency (0.01s)
2026-10-08T04:19:49.7556960Z === RUN   TestR111DetectEndpointNeverWritesOrResetsClientPreferences
2026-10-08T04:19:49.7576266Z --- PASS: TestR111DetectEndpointNeverWritesOrResetsClientPreferences (0.00s)
2026-10-08T04:19:49.7577562Z === RUN   TestR111QuotaDiagnosticsDistinguishLocalBudgetAndObservedLimits
2026-10-08T04:19:49.7578863Z --- PASS: TestR111QuotaDiagnosticsDistinguishLocalBudgetAndObservedLimits (0.00s)
2026-10-08T04:19:49.7579976Z === RUN   TestR111Headerless429DoesNotInventAnObservedPolicy
2026-10-08T04:19:49.7580972Z --- PASS: TestR111Headerless429DoesNotInventAnObservedPolicy (0.00s)
2026-10-08T04:19:49.7581836Z === RUN   TestR112AverageTierMixedPublicResponse
2026-10-08T04:19:49.7582990Z --- PASS: TestR112AverageTierMixedPublicResponse (0.00s)
2026-10-08T04:19:49.7585754Z === RUN   TestR112AverageTierActionReferenceAndMissingShapes
2026-10-08T04:19:49.7587784Z --- PASS: TestR112AverageTierActionReferenceAndMissingShapes (0.00s)
2026-10-08T04:19:49.7589003Z === RUN   TestR112AverageTierIdentityMismatchNeverPosts
2026-10-08T04:19:49.7590304Z --- PASS: TestR112AverageTierIdentityMismatchNeverPosts (0.00s)
2026-10-08T04:19:49.7591081Z === RUN   TestR112FullPublicCapture
2026-10-08T04:19:49.7591800Z     r112_test.go:90: optional public response capture
2026-10-08T04:19:49.7593054Z --- SKIP: TestR112FullPublicCapture (0.00s)
2026-10-08T04:19:49.7593763Z === RUN   TestR112EmptyAverageTierPageIsCached
2026-10-08T04:19:49.7594548Z --- PASS: TestR112EmptyAverageTierPageIsCached (0.00s)
2026-10-08T04:19:49.7595330Z === RUN   TestR112AverageTierFailureExpiresAndRecovers
2026-10-08T04:19:49.7597037Z --- PASS: TestR112AverageTierFailureExpiresAndRecovers (0.00s)
2026-10-08T04:19:49.7597884Z === RUN   TestR113ChatJIDAndPhaseCancellation
2026-10-08T04:19:49.7598633Z === RUN   TestR113ChatJIDAndPhaseCancellation/false
2026-10-08T04:19:49.7599348Z --- PASS: TestR113ChatJIDAndPhaseCancellation/false (0.00s)
2026-10-08T04:19:49.7600195Z === RUN   TestR113ChatJIDAndPhaseCancellation/true
2026-10-08T04:19:49.7601058Z --- PASS: TestR113ChatJIDAndPhaseCancellation/true (0.00s)
2026-10-08T04:19:49.7601975Z --- PASS: TestR113ChatJIDAndPhaseCancellation (0.00s)
2026-10-08T04:19:49.7602602Z === RUN   TestR113BroadcastEventStormIsBoundedAndRearmsNextSession
2026-10-08T04:19:49.7604061Z === PAUSE TestR113BroadcastEventStormIsBoundedAndRearmsNextSession
2026-10-08T04:19:49.7605100Z === RUN   TestR113PrewarmDeduplicatesAndDoesNotWaitForRoster
2026-10-08T04:19:49.7605951Z --- PASS: TestR113PrewarmDeduplicatesAndDoesNotWaitForRoster (0.00s)
2026-10-08T04:19:49.7606761Z === RUN   TestR113ARAMSkipsRankRequestsAndStartsRecommendationsBeforeHistory
2026-10-08T04:19:49.9231041Z --- PASS: TestR113ARAMSkipsRankRequestsAndStartsRecommendationsBeforeHistory (0.16s)
2026-10-08T04:19:49.9232196Z === RUN   TestR113MayhemMergeKeepsSilverAfterFirstNine
2026-10-08T04:19:49.9233207Z --- PASS: TestR113MayhemMergeKeepsSilverAfterFirstNine (0.00s)
2026-10-08T04:19:49.9234785Z === RUN   TestR113RSCDoesNotDiscardLaterRarityRows
2026-10-08T04:19:49.9236882Z --- PASS: TestR113RSCDoesNotDiscardLaterRarityRows (0.00s)
2026-10-08T04:19:49.9238013Z === RUN   TestR113FailedHistoryDoesNotFreezeForWholeGame
2026-10-08T04:19:49.9238941Z --- PASS: TestR113FailedHistoryDoesNotFreezeForWholeGame (0.00s)
2026-10-08T04:19:49.9239876Z === RUN   TestR115AbilityPairsExactlyTheSameGames
2026-10-08T04:19:49.9240759Z --- PASS: TestR115AbilityPairsExactlyTheSameGames (0.00s)
2026-10-08T04:19:49.9241828Z === RUN   TestR115AbilityMissingMetricDoesNotEraseOtherMetrics
2026-10-08T04:19:49.9243090Z --- PASS: TestR115AbilityMissingMetricDoesNotEraseOtherMetrics (0.00s)
2026-10-08T04:19:49.9244142Z === RUN   TestR115AbilityKDAIsInvariantWhenZeroDeathGamesRepeat
2026-10-08T04:19:49.9245177Z --- PASS: TestR115AbilityKDAIsInvariantWhenZeroDeathGamesRepeat (0.00s)
2026-10-08T04:19:49.9246127Z === RUN   TestR115AbilityBoundedGradeScaleAndTrueZero
2026-10-08T04:19:49.9246959Z --- PASS: TestR115AbilityBoundedGradeScaleAndTrueZero (0.00s)
2026-10-08T04:19:49.9247801Z === RUN   TestR115SeasonAbilityRejectsAmbiguousOpponents
2026-10-08T04:19:49.9248635Z --- PASS: TestR115SeasonAbilityRejectsAmbiguousOpponents (0.00s)
2026-10-08T04:19:49.9249376Z === RUN   TestR115_LCUEventRoutingParity
2026-10-08T04:19:49.9250037Z --- PASS: TestR115_LCUEventRoutingParity (0.00s)
2026-10-08T04:19:49.9250670Z === RUN   TestR115_BroadcastContentsAndGuards
2026-10-08T04:19:49.9251370Z === RUN   TestR115_BroadcastContentsAndGuards/legacy
2026-10-08T04:19:49.9252451Z --- PASS: TestR115_BroadcastContentsAndGuards/legacy (0.00s)
2026-10-08T04:19:49.9253194Z === RUN   TestR115_BroadcastContentsAndGuards/combined
2026-10-08T04:19:49.9253682Z --- PASS: TestR115_BroadcastContentsAndGuards/combined (0.00s)
2026-10-08T04:19:49.9254403Z === RUN   TestR115_BroadcastContentsAndGuards/invalid_visibility
2026-10-08T04:19:49.9255358Z --- PASS: TestR115_BroadcastContentsAndGuards/invalid_visibility (0.00s)
2026-10-08T04:19:49.9256069Z === RUN   TestR115_BroadcastContentsAndGuards/unsafe_id
2026-10-08T04:19:49.9256532Z --- PASS: TestR115_BroadcastContentsAndGuards/unsafe_id (0.00s)
2026-10-08T04:19:49.9257034Z === RUN   TestR115_BroadcastContentsAndGuards/pause_before_reads
2026-10-08T04:19:49.9257565Z --- PASS: TestR115_BroadcastContentsAndGuards/pause_before_reads (0.00s)
2026-10-08T04:19:49.9258101Z === RUN   TestR115_BroadcastContentsAndGuards/pause_before_write
2026-10-08T04:19:49.9258613Z --- PASS: TestR115_BroadcastContentsAndGuards/pause_before_write (0.00s)
2026-10-08T04:19:49.9259117Z === RUN   TestR115_BroadcastContentsAndGuards/uncertain_write
2026-10-08T04:19:49.9260467Z --- PASS: TestR115_BroadcastContentsAndGuards/uncertain_write (0.00s)
2026-10-08T04:19:49.9261082Z --- PASS: TestR115_BroadcastContentsAndGuards (0.00s)
2026-10-08T04:19:49.9261513Z === RUN   TestR115_BroadcastDefaultsAndMissingData
2026-10-08T04:19:49.9261965Z --- PASS: TestR115_BroadcastDefaultsAndMissingData (0.00s)
2026-10-08T04:19:49.9262481Z === RUN   TestR139_BroadcastAssignedPositionLegacyOffIsNormalized
2026-10-08T04:19:49.9374158Z --- PASS: TestR139_BroadcastAssignedPositionLegacyOffIsNormalized (0.01s)
2026-10-08T04:19:49.9375138Z === RUN   TestR115_BroadcastUncertainWriteIsNotRetried
2026-10-08T04:19:49.9409234Z --- PASS: TestR115_BroadcastUncertainWriteIsNotRetried (0.00s)
2026-10-08T04:19:49.9410225Z === RUN   TestR115_AssetSingleflight
2026-10-08T04:19:49.9412187Z --- PASS: TestR115_AssetSingleflight (0.00s)
2026-10-08T04:19:49.9414654Z === RUN   TestR119AutofillCandidatesOnlyMarkMissingIndividualPosition
2026-10-08T04:19:49.9415831Z === RUN   TestR119AutofillCandidatesOnlyMarkMissingIndividualPosition/Invalid
2026-10-08T04:19:49.9417345Z --- PASS: TestR119AutofillCandidatesOnlyMarkMissingIndividualPosition/Invalid (0.00s)
2026-10-08T04:19:49.9419460Z === RUN   TestR119AutofillCandidatesOnlyMarkMissingIndividualPosition/invalid_小写
2026-10-08T04:19:49.9421579Z --- PASS: TestR119AutofillCandidatesOnlyMarkMissingIndividualPosition/invalid_小写 (0.00s)
2026-10-08T04:19:49.9423240Z === RUN   TestR119AutofillCandidatesOnlyMarkMissingIndividualPosition/纯空白
2026-10-08T04:19:49.9425910Z --- PASS: TestR119AutofillCandidatesOnlyMarkMissingIndividualPosition/纯空白 (0.00s)
2026-10-08T04:19:49.9427402Z === RUN   TestR119AutofillCandidatesOnlyMarkMissingIndividualPosition/空串
2026-10-08T04:19:49.9428859Z --- PASS: TestR119AutofillCandidatesOnlyMarkMissingIndividualPosition/空串 (0.00s)
2026-10-08T04:19:49.9430170Z --- PASS: TestR119AutofillCandidatesOnlyMarkMissingIndividualPosition (0.00s)
2026-10-08T04:19:49.9431256Z === RUN   TestR119AutofillCandidatesDegradeWhenWholeGameLacksEvidence
2026-10-08T04:19:49.9432378Z --- PASS: TestR119AutofillCandidatesDegradeWhenWholeGameLacksEvidence (0.00s)
2026-10-08T04:19:49.9433026Z === RUN   TestR119AutofillCandidatesStayInsideClassicRankedQueues
2026-10-08T04:19:49.9433654Z --- PASS: TestR119AutofillCandidatesStayInsideClassicRankedQueues (0.00s)
2026-10-08T04:19:49.9434253Z === RUN   TestR119ConvertRiotMatchInfoAutofillKeyFollowsGate
2026-10-08T04:19:49.9434811Z --- PASS: TestR119ConvertRiotMatchInfoAutofillKeyFollowsGate (0.00s)
2026-10-08T04:19:49.9435776Z === RUN   TestR119SummarizeRiotParticipantsCountsAutofillEvidence
2026-10-08T04:19:49.9436389Z --- PASS: TestR119SummarizeRiotParticipantsCountsAutofillEvidence (0.00s)
2026-10-08T04:19:49.9437041Z === RUN   TestR119RiotPositionKeyBehaviourIsUnchangedByLaneHelper
2026-10-08T04:19:49.9437794Z --- PASS: TestR119RiotPositionKeyBehaviourIsUnchangedByLaneHelper (0.00s)
2026-10-08T04:19:49.9438748Z === RUN   TestR121AutofillLabelGateIsClosedByDefault
2026-10-08T04:19:49.9439250Z --- PASS: TestR121AutofillLabelGateIsClosedByDefault (0.00s)
2026-10-08T04:19:49.9439792Z === RUN   TestR121GateClosedSuppressesFlagsButKeepsCandidateMath
2026-10-08T04:19:49.9440395Z --- PASS: TestR121GateClosedSuppressesFlagsButKeepsCandidateMath (0.00s)
2026-10-08T04:19:49.9441028Z === RUN   TestR121ConvertRiotMatchInfoTagsCandidateOnlyWhenGateOpens
2026-10-08T04:19:49.9441665Z --- PASS: TestR121ConvertRiotMatchInfoTagsCandidateOnlyWhenGateOpens (0.00s)
2026-10-08T04:19:49.9442253Z === RUN   TestR121ParticipantWithoutTeamPositionIsNeverTagged
2026-10-08T04:19:49.9443031Z === RUN   TestR121ParticipantWithoutTeamPositionIsNeverTagged/空串
2026-10-08T04:19:49.9444136Z --- PASS: TestR121ParticipantWithoutTeamPositionIsNeverTagged/空串 (0.00s)
2026-10-08T04:19:49.9444866Z === RUN   TestR121ParticipantWithoutTeamPositionIsNeverTagged/Invalid
2026-10-08T04:19:49.9445846Z --- PASS: TestR121ParticipantWithoutTeamPositionIsNeverTagged/Invalid (0.00s)
2026-10-08T04:19:49.9447098Z --- PASS: TestR121ParticipantWithoutTeamPositionIsNeverTagged (0.00s)
2026-10-08T04:19:49.9447679Z === RUN   TestR121WholeGameDegradesWhenCoverageIsLow
2026-10-08T04:19:49.9448417Z === RUN   TestR121WholeGameDegradesWhenCoverageIsLow/只有_1_人有个人位置、其余_9_人缺失
2026-10-08T04:19:49.9449310Z --- PASS: TestR121WholeGameDegradesWhenCoverageIsLow/只有_1_人有个人位置、其余_9_人缺失 (0.00s)
2026-10-08T04:19:49.9449981Z === RUN   TestR121WholeGameDegradesWhenCoverageIsLow/5_人缺失、5_人正常
2026-10-08T04:19:49.9450605Z --- PASS: TestR121WholeGameDegradesWhenCoverageIsLow/5_人缺失、5_人正常 (0.00s)
2026-10-08T04:19:49.9451241Z === RUN   TestR121WholeGameDegradesWhenCoverageIsLow/2_人缺失（覆盖率_80%）
2026-10-08T04:19:49.9451898Z --- PASS: TestR121WholeGameDegradesWhenCoverageIsLow/2_人缺失（覆盖率_80%） (0.00s)
2026-10-08T04:19:49.9453418Z === RUN   TestR121WholeGameDegradesWhenCoverageIsLow/1_人缺失（覆盖率_90%，恰好达标）
2026-10-08T04:19:49.9454798Z --- PASS: TestR121WholeGameDegradesWhenCoverageIsLow/1_人缺失（覆盖率_90%，恰好达标） (0.00s)
2026-10-08T04:19:49.9455942Z === RUN   TestR121WholeGameDegradesWhenCoverageIsLow/全员齐全
2026-10-08T04:19:49.9456902Z --- PASS: TestR121WholeGameDegradesWhenCoverageIsLow/全员齐全 (0.00s)
2026-10-08T04:19:49.9457756Z --- PASS: TestR121WholeGameDegradesWhenCoverageIsLow (0.00s)
2026-10-08T04:19:49.9458476Z === RUN   TestR121CoverageAndRatioThresholds
2026-10-08T04:19:49.9459228Z --- PASS: TestR121CoverageAndRatioThresholds (0.00s)
2026-10-08T04:19:49.9460058Z === RUN   TestR121DiagnosticsKeepCountingWhileGateClosed
2026-10-08T04:19:49.9461020Z --- PASS: TestR121DiagnosticsKeepCountingWhileGateClosed (0.00s)
2026-10-08T04:19:49.9461914Z === RUN   TestR121NoUnprovenWordingInBusinessCode
2026-10-08T04:19:49.9462791Z --- PASS: TestR121NoUnprovenWordingInBusinessCode (0.00s)
2026-10-08T04:19:49.9463858Z === RUN   TestR122AutofillDiagnosticFieldsCarryExactlyThreeNeutralKeys
2026-10-08T04:19:49.9465117Z --- PASS: TestR122AutofillDiagnosticFieldsCarryExactlyThreeNeutralKeys (0.00s)
2026-10-08T04:19:49.9466526Z === RUN   TestR122SGPMatchHistoryEventCarriesAutofillCounts
2026-10-08T04:19:49.9525304Z --- PASS: TestR122SGPMatchHistoryEventCarriesAutofillCounts (0.01s)
2026-10-08T04:19:49.9525936Z === RUN   TestR122SGPSummaryHistoryEventCarriesAutofillCounts
2026-10-08T04:19:49.9600197Z --- PASS: TestR122SGPSummaryHistoryEventCarriesAutofillCounts (0.01s)
2026-10-08T04:19:49.9601987Z === RUN   TestR126CareerCollectionCatalogKeepsBaseSkinForAutomaticBackdrop
2026-10-08T04:19:49.9603257Z --- PASS: TestR126CareerCollectionCatalogKeepsBaseSkinForAutomaticBackdrop (0.00s)
2026-10-08T04:19:49.9604690Z === RUN   TestR126AutomaticBackdropKeepsChampionWhenCatalogCannotMatch
2026-10-08T04:19:49.9605807Z --- PASS: TestR126AutomaticBackdropKeepsChampionWhenCatalogCannotMatch (0.00s)
2026-10-08T04:19:49.9606501Z === RUN   TestR126AutomaticBackdropKeepsChampionWithoutUsableImage
2026-10-08T04:19:49.9607141Z --- PASS: TestR126AutomaticBackdropKeepsChampionWithoutUsableImage (0.00s)
2026-10-08T04:19:49.9607771Z === RUN   TestR126CollectionRefreshInstallsFullCatalogForCareer
2026-10-08T04:19:49.9608375Z --- PASS: TestR126CollectionRefreshInstallsFullCatalogForCareer (0.00s)
2026-10-08T04:19:49.9608899Z === RUN   TestR127ImageFailureDiagnosticReachesLog
2026-10-08T04:19:49.9634365Z --- PASS: TestR127ImageFailureDiagnosticReachesLog (0.00s)
2026-10-08T04:19:49.9635146Z === RUN   TestR127ClientDiagnosticAcceptsNewFailureEndpoints
2026-10-08T04:19:49.9727482Z --- PASS: TestR127ClientDiagnosticAcceptsNewFailureEndpoints (0.01s)
2026-10-08T04:19:49.9728084Z === RUN   TestR127MatchTierBatchReportsDuration
2026-10-08T04:19:49.9755202Z --- PASS: TestR127MatchTierBatchReportsDuration (0.00s)
2026-10-08T04:19:49.9756065Z === RUN   TestR127DiagnosticAllowlistStaysClosed
2026-10-08T04:19:49.9803684Z --- PASS: TestR127DiagnosticAllowlistStaysClosed (0.00s)
2026-10-08T04:19:49.9804233Z === RUN   TestR127OPGGCreatedAtIsGameEndNotStart
2026-10-08T04:19:49.9807805Z     r127_test.go:250: created_at 当开局时间：3 处重叠（最差 -574000ms）；当结束时间：0 处重叠
2026-10-08T04:19:49.9809115Z --- PASS: TestR127OPGGCreatedAtIsGameEndNotStart (0.00s)
2026-10-08T04:19:49.9810074Z === RUN   TestR127MatchOPGGAverageTierUsesRealRiotTimeBases
2026-10-08T04:19:49.9811424Z --- PASS: TestR127MatchOPGGAverageTierUsesRealRiotTimeBases (0.00s)
2026-10-08T04:19:49.9812509Z === RUN   TestR127OPGGNearestRowGapExposesTheMissingEvidence
2026-10-08T04:19:49.9813173Z --- PASS: TestR127OPGGNearestRowGapExposesTheMissingEvidence (0.00s)
2026-10-08T04:19:49.9813780Z === RUN   TestR127RemoteHostBackoffStopsRepeatedTimeouts
2026-10-08T04:19:49.9841658Z --- PASS: TestR127RemoteHostBackoffStopsRepeatedTimeouts (0.00s)
2026-10-08T04:19:49.9843252Z === RUN   TestR127RemoteImageBudgetSeparatesIconsFromArtwork
2026-10-08T04:19:49.9844614Z --- PASS: TestR127RemoteImageBudgetSeparatesIconsFromArtwork (0.00s)
2026-10-08T04:19:49.9845505Z === RUN   TestR127AugmentIconFetchReportsLCUStatus
2026-10-08T04:19:49.9869602Z --- PASS: TestR127AugmentIconFetchReportsLCUStatus (0.00s)
2026-10-08T04:19:49.9870610Z === RUN   TestR127TierOnlyRankModePrefersSGPAndSkipsWinLossCompletion
2026-10-08T04:19:49.9902501Z --- PASS: TestR127TierOnlyRankModePrefersSGPAndSkipsWinLossCompletion (0.00s)
2026-10-08T04:19:49.9903548Z === RUN   TestR127MatchTierLongTermCacheRoundTrip
2026-10-08T04:19:50.0251726Z --- PASS: TestR127MatchTierLongTermCacheRoundTrip (0.03s)
2026-10-08T04:19:50.0253019Z === RUN   TestR127MatchTierLongTermCacheSkipsOPGGEntirely
2026-10-08T04:19:50.0397027Z --- PASS: TestR127MatchTierLongTermCacheSkipsOPGGEntirely (0.01s)
2026-10-08T04:19:50.0398021Z === RUN   TestR127HostBackoffSurvivesAggregateErrorsAndSparesCachedAssets
2026-10-08T04:19:50.0423731Z --- PASS: TestR127HostBackoffSurvivesAggregateErrorsAndSparesCachedAssets (0.00s)
2026-10-08T04:19:50.0424805Z === RUN   TestR130CardImageStalledReachesLog
2026-10-08T04:19:50.0451912Z --- PASS: TestR130CardImageStalledReachesLog (0.00s)
2026-10-08T04:19:50.0452709Z === RUN   TestR130CardImageStalledIsWhitelisted
2026-10-08T04:19:50.0479219Z --- PASS: TestR130CardImageStalledIsWhitelisted (0.00s)
2026-10-08T04:19:50.0480152Z === RUN   TestR130CardImageStalledClampsAndDropsUnsafeValues
2026-10-08T04:19:50.0481487Z === RUN   TestR130CardImageStalledClampsAndDropsUnsafeValues/越界值夹到上限
2026-10-08T04:19:50.0509337Z --- PASS: TestR130CardImageStalledClampsAndDropsUnsafeValues/越界值夹到上限 (0.00s)
2026-10-08T04:19:50.0510678Z === RUN   TestR130CardImageStalledClampsAndDropsUnsafeValues/负值夹到_0
2026-10-08T04:19:50.0537326Z --- PASS: TestR130CardImageStalledClampsAndDropsUnsafeValues/负值夹到_0 (0.00s)
2026-10-08T04:19:50.0538718Z === RUN   TestR130CardImageStalledClampsAndDropsUnsafeValues/枚举内的来源类别照记
2026-10-08T04:19:50.0567039Z --- PASS: TestR130CardImageStalledClampsAndDropsUnsafeValues/枚举内的来源类别照记 (0.00s)
2026-10-08T04:19:50.0568484Z === RUN   TestR130CardImageStalledClampsAndDropsUnsafeValues/枚举外的来源整个键丢弃
2026-10-08T04:19:50.0594996Z --- PASS: TestR130CardImageStalledClampsAndDropsUnsafeValues/枚举外的来源整个键丢弃 (0.00s)
2026-10-08T04:19:50.0596629Z --- PASS: TestR130CardImageStalledClampsAndDropsUnsafeValues (0.01s)
2026-10-08T04:19:50.0597445Z === RUN   TestR130CardImageStalledNeverLeaksResourcePaths
2026-10-08T04:19:50.0623656Z --- PASS: TestR130CardImageStalledNeverLeaksResourcePaths (0.00s)
2026-10-08T04:19:50.0624684Z === RUN   TestR130CardImageStalledFieldsStayScopedToThatEvent
2026-10-08T04:19:50.0652071Z --- PASS: TestR130CardImageStalledFieldsStayScopedToThatEvent (0.00s)
2026-10-08T04:19:50.0654164Z === RUN   TestR132CurrentGamePlayersOrderedTopToSupport
2026-10-08T04:19:50.0655311Z --- PASS: TestR132CurrentGamePlayersOrderedTopToSupport (0.00s)
2026-10-08T04:19:50.0656976Z === RUN   TestR132AbilityRadarShowsRealGapWithoutFormulaText
2026-10-08T04:19:50.0658792Z --- PASS: TestR132AbilityRadarShowsRealGapWithoutFormulaText (0.00s)
2026-10-08T04:19:50.0659679Z === RUN   TestR150NormalizeChampionGrade
2026-10-08T04:19:50.0660194Z --- PASS: TestR150NormalizeChampionGrade (0.00s)
2026-10-08T04:19:50.0660788Z === RUN   TestR150YourGGOPAndSKeepDistinctGradesAndOrder
2026-10-08T04:19:50.0661677Z --- PASS: TestR150YourGGOPAndSKeepDistinctGradesAndOrder (0.00s)
2026-10-08T04:19:50.0662433Z === RUN   TestR150LocalGradeNeverBecomesDisplayedScore
2026-10-08T04:19:50.0663325Z --- PASS: TestR150LocalGradeNeverBecomesDisplayedScore (0.00s)
2026-10-08T04:19:50.0664325Z === RUN   TestR150ArenaHeaderDiagnosticOnlyRecordsListMetadata
2026-10-08T04:19:50.0725267Z --- PASS: TestR150ArenaHeaderDiagnosticOnlyRecordsListMetadata (0.00s)
2026-10-08T04:19:50.0739559Z === RUN   TestR150ArenaDetailResponseOmitsRemovedMixedSourceStats
2026-10-08T04:19:50.0742024Z --- PASS: TestR150ArenaDetailResponseOmitsRemovedMixedSourceStats (0.00s)
2026-10-08T04:19:50.0754013Z === RUN   TestR151YourGGAugmentsKeepOfficialGradesScoresAndCatalogRarity
2026-10-08T04:19:50.0769190Z --- PASS: TestR151YourGGAugmentsKeepOfficialGradesScoresAndCatalogRarity (0.00s)
2026-10-08T04:19:50.0775909Z === RUN   TestR151PartialYourGGAugmentsFallBackAsAWhole
2026-10-08T04:19:50.0777505Z --- PASS: TestR151PartialYourGGAugmentsFallBackAsAWhole (0.00s)
2026-10-08T04:19:50.0778622Z === RUN   TestR151StructuredArenaUsesYourGGAugmentsAndFallsBackToOPGG
2026-10-08T04:19:50.0782511Z === RUN   TestR151StructuredArenaUsesYourGGAugmentsAndFallsBackToOPGG/official
2026-10-08T04:19:50.0783848Z --- PASS: TestR151StructuredArenaUsesYourGGAugmentsAndFallsBackToOPGG/official (0.00s)
2026-10-08T04:19:50.0785376Z === RUN   TestR151StructuredArenaUsesYourGGAugmentsAndFallsBackToOPGG/aggregate_failure
2026-10-08T04:19:50.0787438Z --- PASS: TestR151StructuredArenaUsesYourGGAugmentsAndFallsBackToOPGG/aggregate_failure (0.00s)
2026-10-08T04:19:50.0788911Z === RUN   TestR151StructuredArenaUsesYourGGAugmentsAndFallsBackToOPGG/missing_augments
2026-10-08T04:19:50.0790350Z --- PASS: TestR151StructuredArenaUsesYourGGAugmentsAndFallsBackToOPGG/missing_augments (0.00s)
2026-10-08T04:19:50.0791851Z --- PASS: TestR151StructuredArenaUsesYourGGAugmentsAndFallsBackToOPGG (0.00s)
2026-10-08T04:19:50.0792512Z === RUN   TestR152AugmentRowToleranceAndCounters
2026-10-08T04:19:50.0793046Z === RUN   TestR152AugmentRowToleranceAndCounters/matches
2026-10-08T04:19:50.0793552Z --- PASS: TestR152AugmentRowToleranceAndCounters/matches (0.00s)
2026-10-08T04:19:50.0794042Z === RUN   TestR152AugmentRowToleranceAndCounters/score
2026-10-08T04:19:50.0794531Z --- PASS: TestR152AugmentRowToleranceAndCounters/score (0.00s)
2026-10-08T04:19:50.0795006Z === RUN   TestR152AugmentRowToleranceAndCounters/grade
2026-10-08T04:19:50.0795463Z --- PASS: TestR152AugmentRowToleranceAndCounters/grade (0.00s)
2026-10-08T04:19:50.0795911Z === RUN   TestR152AugmentRowToleranceAndCounters/id
2026-10-08T04:19:50.0796577Z --- PASS: TestR152AugmentRowToleranceAndCounters/id (0.00s)
2026-10-08T04:19:50.0797487Z --- PASS: TestR152AugmentRowToleranceAndCounters (0.00s)
2026-10-08T04:19:50.0798411Z === RUN   TestR152DuplicateAugmentKeepsMostMatchesAndFirstTie
2026-10-08T04:19:50.0799416Z === RUN   TestR152DuplicateAugmentKeepsMostMatchesAndFirstTie/more_matches
2026-10-08T04:19:50.0800109Z --- PASS: TestR152DuplicateAugmentKeepsMostMatchesAndFirstTie/more_matches (0.00s)
2026-10-08T04:19:50.0800768Z === RUN   TestR152DuplicateAugmentKeepsMostMatchesAndFirstTie/equal_matches
2026-10-08T04:19:50.0801427Z --- PASS: TestR152DuplicateAugmentKeepsMostMatchesAndFirstTie/equal_matches (0.00s)
2026-10-08T04:19:50.0802077Z === RUN   TestR152DuplicateAugmentKeepsMostMatchesAndFirstTie/fewer_matches
2026-10-08T04:19:50.0802722Z --- PASS: TestR152DuplicateAugmentKeepsMostMatchesAndFirstTie/fewer_matches (0.00s)
2026-10-08T04:19:50.0803349Z --- PASS: TestR152DuplicateAugmentKeepsMostMatchesAndFirstTie (0.00s)
2026-10-08T04:19:50.0803972Z === RUN   TestR152AugmentFallbackThresholdAndQualities
2026-10-08T04:19:50.0804607Z --- PASS: TestR152AugmentFallbackThresholdAndQualities (0.00s)
2026-10-08T04:19:50.0805182Z === RUN   TestR152StructuredArenaAugmentDiagnostics
2026-10-08T04:19:50.0806117Z === RUN   TestR152StructuredArenaAugmentDiagnostics/single_invalid_row
2026-10-08T04:19:50.0807991Z --- PASS: TestR152StructuredArenaAugmentDiagnostics/single_invalid_row (0.00s)
2026-10-08T04:19:50.0809091Z === RUN   TestR152StructuredArenaAugmentDiagnostics/too_many_invalid
2026-10-08T04:19:50.0810142Z --- PASS: TestR152StructuredArenaAugmentDiagnostics/too_many_invalid (0.00s)
2026-10-08T04:19:50.0811088Z === RUN   TestR152StructuredArenaAugmentDiagnostics/quality_missing
2026-10-08T04:19:50.0812117Z --- PASS: TestR152StructuredArenaAugmentDiagnostics/quality_missing (0.00s)
2026-10-08T04:19:50.0813045Z === RUN   TestR152StructuredArenaAugmentDiagnostics/aggregate_failed
2026-10-08T04:19:50.0823012Z --- PASS: TestR152StructuredArenaAugmentDiagnostics/aggregate_failed (0.00s)
2026-10-08T04:19:50.0826394Z === RUN   TestR152StructuredArenaAugmentDiagnostics/augment_missing
2026-10-08T04:19:50.0837303Z --- PASS: TestR152StructuredArenaAugmentDiagnostics/augment_missing (0.00s)
2026-10-08T04:19:50.0838885Z === RUN   TestR152StructuredArenaAugmentDiagnostics/catalog_failed
2026-10-08T04:19:50.0843350Z --- PASS: TestR152StructuredArenaAugmentDiagnostics/catalog_failed (0.00s)
2026-10-08T04:19:50.0844490Z === RUN   TestR152StructuredArenaAugmentDiagnostics/catalog_empty
2026-10-08T04:19:50.0848615Z --- PASS: TestR152StructuredArenaAugmentDiagnostics/catalog_empty (0.00s)
2026-10-08T04:19:50.0850310Z --- PASS: TestR152StructuredArenaAugmentDiagnostics (0.01s)
2026-10-08T04:19:50.0851161Z === RUN   TestR153AllGameDataSkinNameIsKnownShapeKey
2026-10-08T04:19:50.0852118Z --- PASS: TestR153AllGameDataSkinNameIsKnownShapeKey (0.00s)
2026-10-08T04:19:50.0852616Z === RUN   TestR156InvitationQueueAndActionDiagnostics
2026-10-08T04:19:50.0853192Z === RUN   TestR156InvitationQueueAndActionDiagnostics/nested_accept_takes_precedence
2026-10-08T04:19:50.0865539Z --- PASS: TestR156InvitationQueueAndActionDiagnostics/nested_accept_takes_precedence (0.00s)
2026-10-08T04:19:50.0867137Z === RUN   TestR156InvitationQueueAndActionDiagnostics/flat_accept_fallback
2026-10-08T04:19:50.0876756Z --- PASS: TestR156InvitationQueueAndActionDiagnostics/flat_accept_fallback (0.00s)
2026-10-08T04:19:50.0878046Z === RUN   TestR156InvitationQueueAndActionDiagnostics/flat_decline_fallback
2026-10-08T04:19:50.0890296Z --- PASS: TestR156InvitationQueueAndActionDiagnostics/flat_decline_fallback (0.00s)
2026-10-08T04:19:50.0891545Z === RUN   TestR156InvitationQueueAndActionDiagnostics/nested_decline
2026-10-08T04:19:50.0900120Z --- PASS: TestR156InvitationQueueAndActionDiagnostics/nested_decline (0.00s)
2026-10-08T04:19:50.0901281Z === RUN   TestR156InvitationQueueAndActionDiagnostics/no_policy
2026-10-08T04:19:50.0911076Z --- PASS: TestR156InvitationQueueAndActionDiagnostics/no_policy (0.00s)
2026-10-08T04:19:50.0912268Z === RUN   TestR156InvitationQueueAndActionDiagnostics/get_failure
2026-10-08T04:19:50.0921224Z --- PASS: TestR156InvitationQueueAndActionDiagnostics/get_failure (0.00s)
2026-10-08T04:19:50.0922347Z === RUN   TestR156InvitationQueueAndActionDiagnostics/post_failure
2026-10-08T04:19:50.0933245Z --- PASS: TestR156InvitationQueueAndActionDiagnostics/post_failure (0.00s)
2026-10-08T04:19:50.0934434Z === RUN   TestR156InvitationQueueAndActionDiagnostics/custom_paused
2026-10-08T04:19:50.0937533Z --- PASS: TestR156InvitationQueueAndActionDiagnostics/custom_paused (0.00s)
2026-10-08T04:19:50.0939130Z === RUN   TestR156InvitationQueueAndActionDiagnostics/custom_paused_after_list
2026-10-08T04:19:50.0947413Z --- PASS: TestR156InvitationQueueAndActionDiagnostics/custom_paused_after_list (0.00s)
2026-10-08T04:19:50.0948579Z --- PASS: TestR156InvitationQueueAndActionDiagnostics (0.01s)
2026-10-08T04:19:50.0949128Z === RUN   TestR156InvitationShapeRecordedOnceAndKeysOnly
2026-10-08T04:19:50.0949670Z --- PASS: TestR156InvitationShapeRecordedOnceAndKeysOnly (0.00s)
2026-10-08T04:19:50.0950265Z === RUN   TestR156SimulatedInvitationActionReachesDiagnosticLog
2026-10-08T04:19:50.0990171Z --- PASS: TestR156SimulatedInvitationActionReachesDiagnosticLog (0.00s)
2026-10-08T04:19:50.0992865Z === RUN   TestR156IdleLCURequestBucketFlushesDuringSession
2026-10-08T04:19:50.0994527Z --- PASS: TestR156IdleLCURequestBucketFlushesDuringSession (0.00s)
2026-10-08T04:19:50.0995812Z === RUN   TestR156LCURequestWindowRolloverAndCloseStillFlush
2026-10-08T04:19:50.0996989Z --- PASS: TestR156LCURequestWindowRolloverAndCloseStillFlush (0.00s)
2026-10-08T04:19:50.0998079Z === RUN   TestR156InvitationRequestDiagnosticPathHidesInvitationID
2026-10-08T04:19:50.0998727Z --- PASS: TestR156InvitationRequestDiagnosticPathHidesInvitationID (0.00s)
2026-10-08T04:19:50.0999315Z === RUN   TestR157CommunityDragonAugmentBackoffAndRecovery
2026-10-08T04:19:50.0999869Z --- PASS: TestR157CommunityDragonAugmentBackoffAndRecovery (0.00s)
2026-10-08T04:19:50.1000654Z === RUN   TestR157CommunityDragonHTTPResponsesNeverCreateBackoff
2026-10-08T04:19:50.1001266Z === RUN   TestR157CommunityDragonHTTPResponsesNeverCreateBackoff/Not_Found
2026-10-08T04:19:50.1001972Z --- PASS: TestR157CommunityDragonHTTPResponsesNeverCreateBackoff/Not_Found (0.00s)
2026-10-08T04:19:50.1002780Z === RUN   TestR157CommunityDragonHTTPResponsesNeverCreateBackoff/Service_Unavailable
2026-10-08T04:19:50.1003913Z --- PASS: TestR157CommunityDragonHTTPResponsesNeverCreateBackoff/Service_Unavailable (0.00s)
2026-10-08T04:19:50.1004660Z --- PASS: TestR157CommunityDragonHTTPResponsesNeverCreateBackoff (0.00s)
2026-10-08T04:19:50.1005193Z === RUN   TestR157CommunityDragonNoResponseBacksOff
2026-10-08T04:19:50.1005668Z --- PASS: TestR157CommunityDragonNoResponseBacksOff (0.00s)
2026-10-08T04:19:50.1006137Z === RUN   TestR157CallerTimeoutDoesNotBackOffCatalog
2026-10-08T04:19:50.1200066Z --- PASS: TestR157CallerTimeoutDoesNotBackOffCatalog (0.02s)
2026-10-08T04:19:50.1201712Z === RUN   TestR157CommunityDragonArenaSupplementBacksOffWithoutLosingBase
2026-10-08T04:19:50.1203459Z --- PASS: TestR157CommunityDragonArenaSupplementBacksOffWithoutLosingBase (0.00s)
2026-10-08T04:19:50.1204901Z === RUN   TestR159MayhemDetailDoesNotWaitForFailedCatalog
2026-10-08T04:19:50.3507150Z --- PASS: TestR159MayhemDetailDoesNotWaitForFailedCatalog (0.23s)
2026-10-08T04:19:50.3508455Z === RUN   TestR157ArenaDetailLoadsFailedCatalogOnce
2026-10-08T04:19:50.3510275Z --- PASS: TestR157ArenaDetailLoadsFailedCatalogOnce (0.00s)
2026-10-08T04:19:50.3511634Z === RUN   TestR157ArenaDetailReturnsQuicklyAfterCatalogTimeout
2026-10-08T04:19:50.3520192Z --- PASS: TestR157ArenaDetailReturnsQuicklyAfterCatalogTimeout (0.00s)
2026-10-08T04:19:50.3521532Z === RUN   TestR157SlowCommunityDragonDoesNotExhaustGameplayOrManualDetail
2026-10-08T04:19:50.7034999Z --- PASS: TestR157SlowCommunityDragonDoesNotExhaustGameplayOrManualDetail (0.35s)
2026-10-08T04:19:50.7036035Z === RUN   TestR159HexdataIconProxyStaysScopedAndServesImage
2026-10-08T04:19:50.7037078Z --- PASS: TestR159HexdataIconProxyStaysScopedAndServesImage (0.00s)
2026-10-08T04:19:50.7037873Z === RUN   TestR159HexdataHeroIconsAndObservedCatalogPersist
2026-10-08T04:19:50.7177670Z --- PASS: TestR159HexdataHeroIconsAndObservedCatalogPersist (0.01s)
2026-10-08T04:19:50.7178765Z === RUN   TestR159HexdataIconSurvivesCatalogEnrichment
2026-10-08T04:19:50.7179647Z --- PASS: TestR159HexdataIconSurvivesCatalogEnrichment (0.00s)
2026-10-08T04:19:50.7180604Z === RUN   TestR159OfflinePerksCatalogSeesHeroIconsAfterBaseCache
2026-10-08T04:19:50.7205276Z --- PASS: TestR159OfflinePerksCatalogSeesHeroIconsAfterBaseCache (0.00s)
2026-10-08T04:19:50.7206518Z === RUN   TestR160BundledAugmentArtMatchesScreenshotIDs
2026-10-08T04:19:50.7207445Z --- PASS: TestR160BundledAugmentArtMatchesScreenshotIDs (0.00s)
2026-10-08T04:19:50.7208300Z === RUN   TestR160ArenaAugmentsResolveWithoutCommunityDragon
2026-10-08T04:19:50.7211101Z --- PASS: TestR160ArenaAugmentsResolveWithoutCommunityDragon (0.00s)
2026-10-08T04:19:50.7212268Z === RUN   TestR160OverviewAugmentCatalogDoesNotWaitForPerks
2026-10-08T04:19:50.7223701Z --- PASS: TestR160OverviewAugmentCatalogDoesNotWaitForPerks (0.00s)
2026-10-08T04:19:50.7224407Z === RUN   TestR160ArenaAggregateHasBoundedDetailBudget
2026-10-08T04:19:51.7230561Z --- PASS: TestR160ArenaAggregateHasBoundedDetailBudget (1.00s)
2026-10-08T04:19:51.7231289Z === RUN   TestR160MayhemUsesBundledArtAndStrictProxy
2026-10-08T04:19:51.7242145Z --- PASS: TestR160MayhemUsesBundledArtAndStrictProxy (0.00s)
2026-10-08T04:19:51.7242960Z === RUN   TestR160OverviewChampionNamesColdStart
2026-10-08T04:19:51.7243709Z --- PASS: TestR160OverviewChampionNamesColdStart (0.00s)
2026-10-08T04:19:51.7244451Z === RUN   TestR160OfflineOverviewChampionIcon
2026-10-08T04:19:51.7245174Z --- PASS: TestR160OfflineOverviewChampionIcon (0.00s)
2026-10-08T04:19:51.7245983Z === RUN   TestR160SuccessfulSlowImageDiagnosticReachesLog
2026-10-08T04:19:51.7275279Z --- PASS: TestR160SuccessfulSlowImageDiagnosticReachesLog (0.00s)
2026-10-08T04:19:51.7276539Z === RUN   TestR161IncompleteRankedRosterDoesNotFreeze
2026-10-08T04:19:51.7277419Z --- PASS: TestR161IncompleteRankedRosterDoesNotFreeze (0.00s)
2026-10-08T04:19:51.7278303Z === RUN   TestR161LiveClientRosterIdentityIsParsedAndCloned
2026-10-08T04:19:51.7279324Z --- PASS: TestR161LiveClientRosterIdentityIsParsedAndCloned (0.00s)
2026-10-08T04:19:51.7280325Z === RUN   TestR161RecoverMissingOpponentsFromVerifiedPlayerlist
2026-10-08T04:19:51.7281364Z --- PASS: TestR161RecoverMissingOpponentsFromVerifiedPlayerlist (0.00s)
2026-10-08T04:19:51.7282328Z === RUN   TestR163TenPlayerQueueAndSnapshotCompleteness
2026-10-08T04:19:51.7283258Z --- PASS: TestR163TenPlayerQueueAndSnapshotCompleteness (0.00s)
2026-10-08T04:19:51.7284195Z === RUN   TestR163PositionlessHextechPlayerlistRequiresAllTen
2026-10-08T04:19:51.7285528Z --- PASS: TestR163PositionlessHextechPlayerlistRequiresAllTen (0.00s)
2026-10-08T04:19:51.7286456Z === RUN   TestR163AnonymousSlotOnlyOnVerifiedShortTeam
2026-10-08T04:19:51.7290496Z --- PASS: TestR163AnonymousSlotOnlyOnVerifiedShortTeam (0.00s)
2026-10-08T04:19:51.7291355Z === RUN   TestR165ChampSelectAutofillOnlyUsesMyTeam
2026-10-08T04:19:51.7292182Z --- PASS: TestR165ChampSelectAutofillOnlyUsesMyTeam (0.00s)
2026-10-08T04:19:51.7293049Z === RUN   TestR165LiveAutofillSnapshotStaysInOneGame
2026-10-08T04:19:51.7293934Z --- PASS: TestR165LiveAutofillSnapshotStaysInOneGame (0.00s)
2026-10-08T04:19:51.7294797Z === RUN   TestR165LivePrivacyAndAutofillAcrossPhases
2026-10-08T04:19:51.7394434Z --- PASS: TestR165LivePrivacyAndAutofillAcrossPhases (0.01s)
2026-10-08T04:19:51.7395570Z === RUN   TestR166AbilityRadarGradeAnchorsAndBounds
2026-10-08T04:19:51.7396415Z --- PASS: TestR166AbilityRadarGradeAnchorsAndBounds (0.00s)
2026-10-08T04:19:51.7397313Z === RUN   TestR166RSCDiagnosticHasSafeFields
2026-10-08T04:19:51.7397757Z --- PASS: TestR166RSCDiagnosticHasSafeFields (0.00s)
2026-10-08T04:19:51.7398235Z === RUN   TestR166MayhemRSCPrefetchMergesWithDetailFlight
2026-10-08T04:19:51.7609005Z --- PASS: TestR166MayhemRSCPrefetchMergesWithDetailFlight (0.02s)
2026-10-08T04:19:51.7610432Z === RUN   TestR166ArenaAggregateStartsBeforeOPGGVersionCompletes
2026-10-08T04:19:51.7611914Z --- PASS: TestR166ArenaAggregateStartsBeforeOPGGVersionCompletes (0.00s)
2026-10-08T04:19:51.7613184Z === RUN   TestR166ArenaVersionWarmupSkipsDetailLookupUntilExpiry
2026-10-08T04:19:51.7614434Z --- PASS: TestR166ArenaVersionWarmupSkipsDetailLookupUntilExpiry (0.00s)
2026-10-08T04:19:51.7615543Z === RUN   TestR173StarterNetOpeningInventory
2026-10-08T04:19:51.7616509Z --- PASS: TestR173StarterNetOpeningInventory (0.00s)
2026-10-08T04:19:51.7617644Z === RUN   TestR173SpecialistListNeverWaitsForStarterTimeline
2026-10-08T04:19:51.7780033Z --- PASS: TestR173SpecialistListNeverWaitsForStarterTimeline (0.02s)
2026-10-08T04:19:51.7781063Z === RUN   TestR173ProOpeningCacheAndRawShapePrivacy
2026-10-08T04:19:51.8219005Z --- PASS: TestR173ProOpeningCacheAndRawShapePrivacy (0.04s)
2026-10-08T04:19:51.8220331Z === RUN   TestR173ProOpeningWorkersReserveForegroundSlot
2026-10-08T04:19:51.8221334Z --- PASS: TestR173ProOpeningWorkersReserveForegroundSlot (0.00s)
2026-10-08T04:19:51.8222332Z === RUN   TestR173StartupUsesOnlyDiskProfilesThenPageRefreshes
2026-10-08T04:19:51.8392327Z --- PASS: TestR173StartupUsesOnlyDiskProfilesThenPageRefreshes (0.02s)
2026-10-08T04:19:51.8393700Z === RUN   TestR173StarterRequestBudgetAndOptionalFailure
2026-10-08T04:19:51.8394635Z --- PASS: TestR173StarterRequestBudgetAndOptionalFailure (0.00s)
2026-10-08T04:19:51.8395497Z === RUN   TestR173OpeningInventoryCapsAndUndoSale
2026-10-08T04:19:51.8396036Z --- PASS: TestR173OpeningInventoryCapsAndUndoSale (0.00s)
2026-10-08T04:19:51.8396758Z === RUN   TestR173BackgroundTerminalAndOpeningShareThreeSlots
2026-10-08T04:19:51.8695275Z --- PASS: TestR173BackgroundTerminalAndOpeningShareThreeSlots (0.03s)
2026-10-08T04:19:51.8696211Z === RUN   TestR175RecoveredRosterEndToEnd
2026-10-08T04:19:51.8697916Z === RUN   TestR175RecoveredRosterEndToEnd/anonymous-ally
2026-10-08T04:19:51.8754117Z --- PASS: TestR175RecoveredRosterEndToEnd/anonymous-ally (0.01s)
2026-10-08T04:19:51.8755483Z === RUN   TestR175RecoveredRosterEndToEnd/ranked-anonymous-ally
2026-10-08T04:19:51.8810479Z --- PASS: TestR175RecoveredRosterEndToEnd/ranked-anonymous-ally (0.01s)
2026-10-08T04:19:51.8811374Z === RUN   TestR175RecoveredRosterEndToEnd/named-ally
2026-10-08T04:19:51.8867644Z --- PASS: TestR175RecoveredRosterEndToEnd/named-ally (0.01s)
2026-10-08T04:19:51.8868703Z === RUN   TestR175RecoveredRosterEndToEnd/partial-ally
2026-10-08T04:19:51.8923794Z --- PASS: TestR175RecoveredRosterEndToEnd/partial-ally (0.01s)
2026-10-08T04:19:51.8924731Z --- PASS: TestR175RecoveredRosterEndToEnd (0.02s)
2026-10-08T04:19:51.8925465Z === RUN   TestR175CachePanicReleasesAllWaiters
2026-10-08T04:19:51.9260142Z --- PASS: TestR175CachePanicReleasesAllWaiters (0.03s)
2026-10-08T04:19:51.9261023Z === RUN   TestR175PrewarmPanicIsContained
2026-10-08T04:19:51.9298456Z --- PASS: TestR175PrewarmPanicIsContained (0.00s)
2026-10-08T04:19:51.9299185Z === RUN   TestR175AuthorizedHTTPPanic
2026-10-08T04:19:51.9328419Z --- PASS: TestR175AuthorizedHTTPPanic (0.00s)
2026-10-08T04:19:51.9329214Z === RUN   TestR175PanicDiagnosticPrivacyAndKinds
2026-10-08T04:19:51.9330306Z === RUN   TestR175PanicDiagnosticPrivacyAndKinds/nil-pointer
2026-10-08T04:19:51.9331234Z --- PASS: TestR175PanicDiagnosticPrivacyAndKinds/nil-pointer (0.00s)
2026-10-08T04:19:51.9332173Z === RUN   TestR175PanicDiagnosticPrivacyAndKinds/slice-bounds
2026-10-08T04:19:51.9333076Z --- PASS: TestR175PanicDiagnosticPrivacyAndKinds/slice-bounds (0.00s)
2026-10-08T04:19:51.9333911Z === RUN   TestR175PanicDiagnosticPrivacyAndKinds/type-assertion
2026-10-08T04:19:51.9334501Z --- PASS: TestR175PanicDiagnosticPrivacyAndKinds/type-assertion (0.00s)
2026-10-08T04:19:51.9339332Z === RUN   TestR175PanicDiagnosticPrivacyAndKinds/closed-channel
2026-10-08T04:19:51.9340347Z --- PASS: TestR175PanicDiagnosticPrivacyAndKinds/closed-channel (0.00s)
2026-10-08T04:19:51.9341282Z === RUN   TestR175PanicDiagnosticPrivacyAndKinds/other
2026-10-08T04:19:51.9342091Z --- PASS: TestR175PanicDiagnosticPrivacyAndKinds/other (0.00s)
2026-10-08T04:19:51.9343070Z === RUN   TestR175PanicDiagnosticPrivacyAndKinds/index-out-of-range
2026-10-08T04:19:51.9344159Z --- PASS: TestR175PanicDiagnosticPrivacyAndKinds/index-out-of-range (0.00s)
2026-10-08T04:19:51.9345131Z --- PASS: TestR175PanicDiagnosticPrivacyAndKinds (0.00s)
2026-10-08T04:19:51.9345937Z === RUN   TestR175EveryBackendGoroutineHasItsOwnRecovery
2026-10-08T04:19:52.0646516Z --- PASS: TestR175EveryBackendGoroutineHasItsOwnRecovery (0.13s)
2026-10-08T04:19:52.0647943Z === RUN   TestR175PanicInPoolJobsDoesNotStrandProducer
2026-10-08T04:19:52.0718622Z --- PASS: TestR175PanicInPoolJobsDoesNotStrandProducer (0.01s)
2026-10-08T04:19:52.0719700Z === RUN   TestR177StarterForegroundReserve
2026-10-08T04:19:52.0761738Z --- PASS: TestR177StarterForegroundReserve (0.00s)
2026-10-08T04:19:52.0762493Z === RUN   TestR177StarterFullQuotaHasRetryWithoutFailureCooldown
2026-10-08T04:19:52.0797461Z --- PASS: TestR177StarterFullQuotaHasRetryWithoutFailureCooldown (0.00s)
2026-10-08T04:19:52.0799092Z === RUN   TestR177StarterOtherErrorsKeepCooldown
2026-10-08T04:19:52.0800168Z === RUN   TestR177StarterOtherErrorsKeepCooldown/404
2026-10-08T04:19:52.0839833Z --- PASS: TestR177StarterOtherErrorsKeepCooldown/404 (0.00s)
2026-10-08T04:19:52.0840400Z === RUN   TestR177StarterOtherErrorsKeepCooldown/500
2026-10-08T04:19:52.0883854Z --- PASS: TestR177StarterOtherErrorsKeepCooldown/500 (0.00s)
2026-10-08T04:19:52.0884759Z --- PASS: TestR177StarterOtherErrorsKeepCooldown (0.01s)
2026-10-08T04:19:52.0885552Z === RUN   TestR177StarterBatchMixedCountsAndPrivacy
2026-10-08T04:19:52.0927544Z --- PASS: TestR177StarterBatchMixedCountsAndPrivacy (0.00s)
2026-10-08T04:19:52.0928852Z === RUN   TestR177ChampionLanesExistingProviderCacheAndValidation
2026-10-08T04:19:52.0957995Z --- PASS: TestR177ChampionLanesExistingProviderCacheAndValidation (0.00s)
2026-10-08T04:19:52.0971361Z === RUN   TestR177LaneDiagnosticShapeAllowlist
2026-10-08T04:19:52.0991914Z --- PASS: TestR177LaneDiagnosticShapeAllowlist (0.00s)
2026-10-08T04:19:52.0992726Z === RUN   TestR177StarterShortQueueWaitIsObserved
2026-10-08T04:19:52.1056864Z --- PASS: TestR177StarterShortQueueWaitIsObserved (0.01s)
2026-10-08T04:19:52.1057717Z === RUN   TestR177StarterUpstream429IsNotMatchFailure
2026-10-08T04:19:52.1097280Z --- PASS: TestR177StarterUpstream429IsNotMatchFailure (0.00s)
2026-10-08T04:19:52.1098092Z === RUN   TestR178GameflowExactPosition
2026-10-08T04:19:52.1098792Z --- PASS: TestR178GameflowExactPosition (0.00s)
2026-10-08T04:19:52.1099566Z === RUN   TestR178RealRosterPositionsAndPendingCache
2026-10-08T04:19:52.1169789Z --- PASS: TestR178RealRosterPositionsAndPendingCache (0.01s)
2026-10-08T04:19:52.1170617Z === RUN   TestR178NonLaneOtherPreserved
2026-10-08T04:19:52.1203928Z --- PASS: TestR178NonLaneOtherPreserved (0.00s)
2026-10-08T04:19:52.1204715Z === RUN   TestR178FreshnessEvidenceSwitchAndSelf
2026-10-08T04:19:54.1475551Z --- PASS: TestR178FreshnessEvidenceSwitchAndSelf (2.03s)
2026-10-08T04:19:54.1476217Z === RUN   TestR178FreshnessSampleFailure
2026-10-08T04:19:54.1714964Z --- PASS: TestR178FreshnessSampleFailure (0.02s)
2026-10-08T04:19:54.1716260Z === RUN   TestR178FreshnessConcurrentAllPlayers
2026-10-08T04:19:54.1961109Z --- PASS: TestR178FreshnessConcurrentAllPlayers (0.02s)
2026-10-08T04:19:54.1962002Z === RUN   TestR178FreshnessMixedQueues
2026-10-08T04:19:54.1962797Z --- PASS: TestR178FreshnessMixedQueues (0.00s)
2026-10-08T04:19:54.1963709Z === RUN   TestR179SpecialistPrefetchCoalescesVisibleRows
2026-10-08T04:19:54.2215938Z --- PASS: TestR179SpecialistPrefetchCoalescesVisibleRows (0.03s)
2026-10-08T04:19:54.2217086Z === RUN   TestR179ChampselectLobbyInferenceAndStableGroups
2026-10-08T04:19:54.2218625Z === RUN   TestR179ChampselectLobbyInferenceAndStableGroups/lobby-two
2026-10-08T04:19:54.2263733Z --- PASS: TestR179ChampselectLobbyInferenceAndStableGroups/lobby-two (0.00s)
2026-10-08T04:19:54.2264953Z === RUN   TestR179ChampselectLobbyInferenceAndStableGroups/self-only
2026-10-08T04:19:54.2309352Z --- PASS: TestR179ChampselectLobbyInferenceAndStableGroups/self-only (0.00s)
2026-10-08T04:19:54.2310793Z === RUN   TestR179ChampselectLobbyInferenceAndStableGroups/lobby-failed
2026-10-08T04:19:54.2356628Z --- PASS: TestR179ChampselectLobbyInferenceAndStableGroups/lobby-failed (0.00s)
2026-10-08T04:19:54.2357471Z --- PASS: TestR179ChampselectLobbyInferenceAndStableGroups (0.01s)
2026-10-08T04:19:54.2357993Z === RUN   TestR179ClientDiagnosticsTransportToLog
2026-10-08T04:19:54.2411109Z --- PASS: TestR179ClientDiagnosticsTransportToLog (0.01s)
2026-10-08T04:19:54.2412058Z === RUN   TestR179PrefetchedCountRequiresSuccessfulPrefetchLoader
2026-10-08T04:19:54.2454392Z --- PASS: TestR179PrefetchedCountRequiresSuccessfulPrefetchLoader (0.00s)
2026-10-08T04:19:54.2455456Z === RUN   TestR180MergedLatestSameQueueAndDedup
2026-10-08T04:19:54.2697314Z --- PASS: TestR180MergedLatestSameQueueAndDedup (0.02s)
2026-10-08T04:19:54.2698285Z === RUN   TestR180BypassStaleSGPCacheWithoutWriting
2026-10-08T04:19:54.2939051Z --- PASS: TestR180BypassStaleSGPCacheWithoutWriting (0.02s)
2026-10-08T04:19:54.2940443Z === RUN   TestR180SourceFailuresAndSelf
2026-10-08T04:19:54.2941267Z === RUN   TestR180SourceFailuresAndSelf/sgp-failed
2026-10-08T04:19:54.3189460Z --- PASS: TestR180SourceFailuresAndSelf/sgp-failed (0.02s)
2026-10-08T04:19:54.3190281Z === RUN   TestR180SourceFailuresAndSelf/lcu-failed
2026-10-08T04:19:54.3431556Z --- PASS: TestR180SourceFailuresAndSelf/lcu-failed (0.02s)
2026-10-08T04:19:54.3432561Z === RUN   TestR180SourceFailuresAndSelf/sgp-unavailable
2026-10-08T04:19:54.3670864Z --- PASS: TestR180SourceFailuresAndSelf/sgp-unavailable (0.02s)
2026-10-08T04:19:54.3671997Z === RUN   TestR180SourceFailuresAndSelf/self
2026-10-08T04:19:54.3918979Z --- PASS: TestR180SourceFailuresAndSelf/self (0.02s)
2026-10-08T04:19:54.3920563Z --- PASS: TestR180SourceFailuresAndSelf (0.10s)
2026-10-08T04:19:54.3921547Z === RUN   TestR180PollingFlightsAndExpiry
2026-10-08T04:19:54.4210376Z --- PASS: TestR180PollingFlightsAndExpiry (0.03s)
2026-10-08T04:19:54.4211335Z === RUN   TestR180SGPFirstAvoidsSlowLCU
2026-10-08T04:19:54.4456421Z --- PASS: TestR180SGPFirstAvoidsSlowLCU (0.02s)
2026-10-08T04:19:54.4457641Z === RUN   TestR180QualitySkippedCountsAndSlots
2026-10-08T04:19:54.4458584Z --- PASS: TestR180QualitySkippedCountsAndSlots (0.00s)
2026-10-08T04:19:54.4459457Z === RUN   TestR180RealRosterStageDiagnostics
2026-10-08T04:19:54.4817611Z --- PASS: TestR180RealRosterStageDiagnostics (0.04s)
2026-10-08T04:19:54.4818461Z === RUN   TestR181SelfLatestMergeAndPreviousGame
2026-10-08T04:19:54.5057788Z --- PASS: TestR181SelfLatestMergeAndPreviousGame (0.02s)
2026-10-08T04:19:54.5059010Z === RUN   TestR181SelfSGPFailureKeepsLCU
2026-10-08T04:19:54.5309060Z --- PASS: TestR181SelfSGPFailureKeepsLCU (0.02s)
2026-10-08T04:19:54.5310055Z === RUN   TestR181SelfRefreshRecordsOnlyChangedLatest
2026-10-08T04:19:54.5562046Z --- PASS: TestR181SelfRefreshRecordsOnlyChangedLatest (0.03s)
2026-10-08T04:19:54.5563102Z === RUN   TestR181FreshnessSixRecordCapAndQueueBoundary
2026-10-08T04:19:54.5564276Z === RUN   TestR181FreshnessSixRecordCapAndQueueBoundary/cap
2026-10-08T04:19:54.5831263Z --- PASS: TestR181FreshnessSixRecordCapAndQueueBoundary/cap (0.03s)
2026-10-08T04:19:54.5832536Z === RUN   TestR181FreshnessSixRecordCapAndQueueBoundary/0
2026-10-08T04:19:54.6074654Z --- PASS: TestR181FreshnessSixRecordCapAndQueueBoundary/0 (0.02s)
2026-10-08T04:19:54.6076516Z === RUN   TestR181FreshnessSixRecordCapAndQueueBoundary/420
2026-10-08T04:19:54.6322367Z --- PASS: TestR181FreshnessSixRecordCapAndQueueBoundary/420 (0.02s)
2026-10-08T04:19:54.6323720Z === RUN   TestR181FreshnessSixRecordCapAndQueueBoundary/next-inprogress
2026-10-08T04:19:54.6550726Z --- PASS: TestR181FreshnessSixRecordCapAndQueueBoundary/next-inprogress (0.02s)
2026-10-08T04:19:54.6552144Z --- PASS: TestR181FreshnessSixRecordCapAndQueueBoundary (0.10s)
2026-10-08T04:19:54.6553455Z === RUN   TestR181LaneMatchupFullRowsAndRecommendationCache
2026-10-08T04:19:54.6563094Z --- PASS: TestR181LaneMatchupFullRowsAndRecommendationCache (0.00s)
2026-10-08T04:19:54.6564009Z === RUN   TestR181DiagnosticsFromActualSenders
2026-10-08T04:19:54.6597492Z --- PASS: TestR181DiagnosticsFromActualSenders (0.00s)
2026-10-08T04:19:54.6598528Z === RUN   TestR181RealSelfCanonicalReferenceAndObservedPrevious
2026-10-08T04:19:54.6847581Z --- PASS: TestR181RealSelfCanonicalReferenceAndObservedPrevious (0.02s)
2026-10-08T04:19:54.6848578Z === RUN   TestR183RankedAnonymousEnemy
2026-10-08T04:19:54.6849051Z === RUN   TestR183RankedAnonymousEnemy/440
2026-10-08T04:19:54.6879610Z --- PASS: TestR183RankedAnonymousEnemy/440 (0.00s)
2026-10-08T04:19:54.6880488Z === RUN   TestR183RankedAnonymousEnemy/420
2026-10-08T04:19:54.6912867Z --- PASS: TestR183RankedAnonymousEnemy/420 (0.00s)
2026-10-08T04:19:54.6913733Z --- PASS: TestR183RankedAnonymousEnemy (0.01s)
2026-10-08T04:19:54.6914427Z === RUN   TestR183AnonymousSafetyGates
2026-10-08T04:19:54.6915185Z === RUN   TestR183AnonymousSafetyGates/too-many-anonymous
2026-10-08T04:19:54.6942395Z --- PASS: TestR183AnonymousSafetyGates/too-many-anonymous (0.00s)
2026-10-08T04:19:54.6943969Z === RUN   TestR183AnonymousSafetyGates/named-unresolved
2026-10-08T04:19:54.6973076Z --- PASS: TestR183AnonymousSafetyGates/named-unresolved (0.00s)
2026-10-08T04:19:54.6974644Z === RUN   TestR183AnonymousSafetyGates/teams-unverified
2026-10-08T04:19:54.7001799Z --- PASS: TestR183AnonymousSafetyGates/teams-unverified (0.00s)
2026-10-08T04:19:54.7003090Z === RUN   TestR183AnonymousSafetyGates/self-unverified
2026-10-08T04:19:54.7030635Z --- PASS: TestR183AnonymousSafetyGates/self-unverified (0.00s)
2026-10-08T04:19:54.7031749Z === RUN   TestR183AnonymousSafetyGates/self-live-unverified
2026-10-08T04:19:54.7067813Z --- PASS: TestR183AnonymousSafetyGates/self-live-unverified (0.00s)
2026-10-08T04:19:54.7069107Z --- PASS: TestR183AnonymousSafetyGates (0.02s)
2026-10-08T04:19:54.7069819Z === RUN   TestR183RecoveryCacheLifecycle
2026-10-08T04:19:54.7109299Z --- PASS: TestR183RecoveryCacheLifecycle (0.00s)
2026-10-08T04:19:54.7110280Z === RUN   TestR183PartialResultCached
2026-10-08T04:19:54.7144299Z --- PASS: TestR183PartialResultCached (0.00s)
2026-10-08T04:19:54.7145704Z === RUN   TestR183RankedAnonymousEnemyEndToEnd
2026-10-08T04:19:54.7287817Z --- PASS: TestR183RankedAnonymousEnemyEndToEnd (0.01s)
2026-10-08T04:19:54.7288993Z === RUN   TestR183RecoveryConcurrentAndStaleFlight
2026-10-08T04:19:54.7289867Z === RUN   TestR183RecoveryConcurrentAndStaleFlight/false
2026-10-08T04:19:54.7318043Z --- PASS: TestR183RecoveryConcurrentAndStaleFlight/false (0.00s)
2026-10-08T04:19:54.7319290Z === RUN   TestR183RecoveryConcurrentAndStaleFlight/true
2026-10-08T04:19:54.7352361Z --- PASS: TestR183RecoveryConcurrentAndStaleFlight/true (0.00s)
2026-10-08T04:19:54.7353025Z --- PASS: TestR183RecoveryConcurrentAndStaleFlight (0.01s)
2026-10-08T04:19:54.7353520Z === RUN   TestR184CandidatePrivacyAndSettingsFilter
2026-10-08T04:19:54.7852777Z --- PASS: TestR184CandidatePrivacyAndSettingsFilter (0.05s)
2026-10-08T04:19:54.7853710Z === RUN   TestR184ReadOnlyLockActionAndRigDiagnostics
2026-10-08T04:19:54.8719282Z --- PASS: TestR184ReadOnlyLockActionAndRigDiagnostics (0.09s)
2026-10-08T04:19:54.8720275Z === RUN   TestR184ChangeAttributionAndWriteBlocked
2026-10-08T04:19:54.8721138Z === RUN   TestR184ChangeAttributionAndWriteBlocked/game_end
2026-10-08T04:19:54.9420163Z --- PASS: TestR184ChangeAttributionAndWriteBlocked/game_end (0.07s)
2026-10-08T04:19:54.9421214Z === RUN   TestR184ChangeAttributionAndWriteBlocked/champselect
2026-10-08T04:19:55.0122668Z --- PASS: TestR184ChangeAttributionAndWriteBlocked/champselect (0.07s)
2026-10-08T04:19:55.0123459Z === RUN   TestR184ChangeAttributionAndWriteBlocked/read-only-no-change
2026-10-08T04:19:55.1014380Z --- PASS: TestR184ChangeAttributionAndWriteBlocked/read-only-no-change (0.09s)
2026-10-08T04:19:55.1015725Z === RUN   TestR184ChangeAttributionAndWriteBlocked/changed-and-restored-not-blocked
2026-10-08T04:19:55.1923399Z --- PASS: TestR184ChangeAttributionAndWriteBlocked/changed-and-restored-not-blocked (0.09s)
2026-10-08T04:19:55.1924572Z --- PASS: TestR184ChangeAttributionAndWriteBlocked (0.32s)
2026-10-08T04:19:55.1925130Z === RUN   TestR184StageDedupAndConnectionPrime
2026-10-08T04:19:55.3307303Z --- PASS: TestR184StageDedupAndConnectionPrime (0.14s)
2026-10-08T04:19:55.3308050Z === RUN   TestR184DelayedStageLifecycle
2026-10-08T04:19:55.5375137Z --- PASS: TestR184DelayedStageLifecycle (0.21s)
2026-10-08T04:19:55.5375980Z === RUN   TestR184BoundedAndSymlinkReads
2026-10-08T04:19:55.6169091Z --- PASS: TestR184BoundedAndSymlinkReads (0.08s)
2026-10-08T04:19:55.6169721Z === RUN   TestR184WatchOwnershipAndOutsideInstallation
2026-10-08T04:19:55.6951635Z --- PASS: TestR184WatchOwnershipAndOutsideInstallation (0.08s)
2026-10-08T04:19:55.6952249Z === RUN   TestR185FacadeFingerprintAndSummary
2026-10-08T04:19:55.6986087Z --- PASS: TestR185FacadeFingerprintAndSummary (0.00s)
2026-10-08T04:19:55.6986847Z === RUN   TestR185FacadeFiveSecondTrailingAndProjection
2026-10-08T04:19:55.7008088Z --- PASS: TestR185FacadeFiveSecondTrailingAndProjection (0.00s)
2026-10-08T04:19:55.7008616Z === RUN   TestR185FacadeStateWithoutSkins
2026-10-08T04:19:55.7042270Z --- PASS: TestR185FacadeStateWithoutSkins (0.00s)
2026-10-08T04:19:55.7042824Z === RUN   TestR185BackendRuntimeMetricsAndHTTP
2026-10-08T04:19:55.7125382Z --- PASS: TestR185BackendRuntimeMetricsAndHTTP (0.01s)
2026-10-08T04:19:55.7126245Z === RUN   TestR185RendererAndRequestDiagnosticSchema
2026-10-08T04:19:55.7157844Z --- PASS: TestR185RendererAndRequestDiagnosticSchema (0.00s)
2026-10-08T04:19:55.7158727Z === RUN   TestR186InstallDetectionFiveReasons
2026-10-08T04:19:55.7334616Z --- PASS: TestR186InstallDetectionFiveReasons (0.02s)
2026-10-08T04:19:55.7335525Z === RUN   TestR186PortableDownloadApplyAndFailures
2026-10-08T04:19:55.7613093Z --- PASS: TestR186PortableDownloadApplyAndFailures (0.03s)
2026-10-08T04:19:55.7614225Z === RUN   TestR186DataMigrationNeverOverwritesAndKeepsSourceOnFailure
2026-10-08T04:19:55.7731805Z --- PASS: TestR186DataMigrationNeverOverwritesAndKeepsSourceOnFailure (0.01s)
2026-10-08T04:19:55.7733215Z === RUN   TestR186AllSettingChangesAndLCUABComparison
2026-10-08T04:19:55.7734596Z --- PASS: TestR186AllSettingChangesAndLCUABComparison (0.00s)
2026-10-08T04:19:55.7735163Z === RUN   TestSettlementSettingsWatchDoesNotSynchronize
2026-10-08T04:19:55.8370002Z --- PASS: TestSettlementSettingsWatchDoesNotSynchronize (0.06s)
2026-10-08T04:19:55.8370782Z === RUN   TestR186MigrationPreflightStopsInstallerAndRejectsNestedTarget
2026-10-08T04:19:55.8425090Z --- PASS: TestR186MigrationPreflightStopsInstallerAndRejectsNestedTarget (0.01s)
2026-10-08T04:19:55.8426252Z === RUN   TestR187InvalidatePlayerAllSourcesScopesAndFlights
2026-10-08T04:19:55.8427327Z --- PASS: TestR187InvalidatePlayerAllSourcesScopesAndFlights (0.00s)
2026-10-08T04:19:55.8428361Z === RUN   TestR187InvalidatedWaiterAndLeaderReceiveFreshRank
2026-10-08T04:19:55.8429680Z --- PASS: TestR187InvalidatedWaiterAndLeaderReceiveFreshRank (0.00s)
2026-10-08T04:19:55.8430739Z === RUN   TestR187ObserveRejectsPostCaptureRegressionAndFallbackNextGame
2026-10-08T04:19:55.8691237Z --- PASS: TestR187ObserveRejectsPostCaptureRegressionAndFallbackNextGame (0.03s)
2026-10-08T04:19:55.8692025Z === RUN   TestR187ObserveAllowsSameGamesAndIncreasingGames
2026-10-08T04:19:55.8902689Z --- PASS: TestR187ObserveAllowsSameGamesAndIncreasingGames (0.02s)
2026-10-08T04:19:55.8903663Z === RUN   TestR187EndOfGameOverviewReadsFreshRank
2026-10-08T04:19:55.8990049Z --- PASS: TestR187EndOfGameOverviewReadsFreshRank (0.01s)
2026-10-08T04:19:55.8991008Z === RUN   TestR187ForceOverviewReadsAndRepopulatesRankCache
2026-10-08T04:19:55.9054066Z --- PASS: TestR187ForceOverviewReadsAndRepopulatesRankCache (0.01s)
2026-10-08T04:19:55.9061455Z === RUN   TestR187CaptureInvalidatesEveryCompletion
2026-10-08T04:19:55.9062302Z === RUN   TestR187CaptureInvalidatesEveryCompletion/record
2026-10-08T04:19:55.9281172Z --- PASS: TestR187CaptureInvalidatesEveryCompletion/record (0.02s)
2026-10-08T04:19:55.9282239Z === RUN   TestR187CaptureInvalidatesEveryCompletion/skip
2026-10-08T04:19:55.9434153Z --- PASS: TestR187CaptureInvalidatesEveryCompletion/skip (0.02s)
2026-10-08T04:19:55.9435066Z === RUN   TestR187CaptureInvalidatesEveryCompletion/timeout
2026-10-08T04:19:55.9799226Z --- PASS: TestR187CaptureInvalidatesEveryCompletion/timeout (0.04s)
2026-10-08T04:19:55.9800129Z === RUN   TestR187CaptureInvalidatesEveryCompletion/session-failed
2026-10-08T04:19:55.9914087Z --- PASS: TestR187CaptureInvalidatesEveryCompletion/session-failed (0.01s)
2026-10-08T04:19:55.9915743Z === RUN   TestR187CaptureInvalidatesEveryCompletion/unranked
2026-10-08T04:19:56.0016364Z --- PASS: TestR187CaptureInvalidatesEveryCompletion/unranked (0.01s)
2026-10-08T04:19:56.0017402Z --- PASS: TestR187CaptureInvalidatesEveryCompletion (0.10s)
2026-10-08T04:19:56.0018360Z === RUN   TestR187EndOfGameInvalidatesTierOnlyAndOtherSources
2026-10-08T04:19:56.0019821Z --- PASS: TestR187EndOfGameInvalidatesTierOnlyAndOtherSources (0.00s)
2026-10-08T04:19:56.0021653Z === RUN   TestR187FallbackWithoutStartKeepsLatestQueueBaseline
2026-10-08T04:19:56.0172379Z --- PASS: TestR187FallbackWithoutStartKeepsLatestQueueBaseline (0.01s)
2026-10-08T04:19:56.0173429Z === RUN   TestR188LaneMatchupPlacementDiagnosticAllowlist
2026-10-08T04:19:56.0201492Z --- PASS: TestR188LaneMatchupPlacementDiagnosticAllowlist (0.00s)
2026-10-08T04:19:56.0202320Z === RUN   TestR189ParseLootEmoteCatalog
2026-10-08T04:19:56.0203006Z --- PASS: TestR189ParseLootEmoteCatalog (0.00s)
2026-10-08T04:19:56.0203758Z === RUN   TestR189RegisteredEmoteCatalogEnrichment
2026-10-08T04:19:56.0219291Z --- PASS: TestR189RegisteredEmoteCatalogEnrichment (0.00s)
2026-10-08T04:19:56.0220510Z === RUN   TestR189UnknownLootFallbackAndDiagnostic
2026-10-08T04:19:56.0221360Z === RUN   TestR189UnknownLootFallbackAndDiagnostic/EMOTE_1468
2026-10-08T04:19:56.0222465Z --- PASS: TestR189UnknownLootFallbackAndDiagnostic/EMOTE_1468 (0.00s)
2026-10-08T04:19:56.0223446Z === RUN   TestR189UnknownLootFallbackAndDiagnostic/EMOTE_FUTURE
2026-10-08T04:19:56.0224463Z --- PASS: TestR189UnknownLootFallbackAndDiagnostic/EMOTE_FUTURE (0.00s)
2026-10-08T04:19:56.0225526Z === RUN   TestR189UnknownLootFallbackAndDiagnostic/WARD_SKIN_RENTAL_123
2026-10-08T04:19:56.0226947Z --- PASS: TestR189UnknownLootFallbackAndDiagnostic/WARD_SKIN_RENTAL_123 (0.00s)
2026-10-08T04:19:56.0228068Z === RUN   TestR189UnknownLootFallbackAndDiagnostic/SUMMONER_ICON_456
2026-10-08T04:19:56.0229139Z --- PASS: TestR189UnknownLootFallbackAndDiagnostic/SUMMONER_ICON_456 (0.00s)
2026-10-08T04:19:56.0230133Z === RUN   TestR189UnknownLootFallbackAndDiagnostic/CHEST_999999
2026-10-08T04:19:56.0231153Z --- PASS: TestR189UnknownLootFallbackAndDiagnostic/CHEST_999999 (0.00s)
2026-10-08T04:19:56.0232194Z === RUN   TestR189UnknownLootFallbackAndDiagnostic/MATERIAL_FUTURE
2026-10-08T04:19:56.0233202Z --- PASS: TestR189UnknownLootFallbackAndDiagnostic/MATERIAL_FUTURE (0.00s)
2026-10-08T04:19:56.0234140Z --- PASS: TestR189UnknownLootFallbackAndDiagnostic (0.00s)
2026-10-08T04:19:56.0234876Z === RUN   TestR189OwnershipFromItemStatus
2026-10-08T04:19:56.0235518Z --- PASS: TestR189OwnershipFromItemStatus (0.00s)
2026-10-08T04:19:56.0236261Z === RUN   TestR189EmotePublicFallbackAndBothUnavailable
2026-10-08T04:19:56.0237092Z === RUN   TestR189EmotePublicFallbackAndBothUnavailable/true
2026-10-08T04:19:56.0238135Z --- PASS: TestR189EmotePublicFallbackAndBothUnavailable/true (0.00s)
2026-10-08T04:19:56.0239118Z === RUN   TestR189EmotePublicFallbackAndBothUnavailable/false
2026-10-08T04:19:56.0240117Z --- PASS: TestR189EmotePublicFallbackAndBothUnavailable/false (0.00s)
2026-10-08T04:19:56.0241149Z --- PASS: TestR189EmotePublicFallbackAndBothUnavailable (0.00s)
2026-10-08T04:19:56.0241957Z === RUN   TestR190LCUAndRiotPerkStats
2026-10-08T04:19:56.0242603Z --- PASS: TestR190LCUAndRiotPerkStats (0.00s)
2026-10-08T04:19:56.0243341Z === RUN   TestR190RiotOldCacheInvalidationV4AndHTTP
2026-10-08T04:19:56.0589547Z --- PASS: TestR190RiotOldCacheInvalidationV4AndHTTP (0.03s)
2026-10-08T04:19:56.0590561Z === RUN   TestR190PerkCatalogTemplates
2026-10-08T04:19:56.0591099Z --- PASS: TestR190PerkCatalogTemplates (0.00s)
2026-10-08T04:19:56.0591593Z === RUN   TestR190AugmentDescriptionSources
2026-10-08T04:19:56.0592788Z === RUN   TestR190AugmentDescriptionSources/攻击时施加攻击特效。
2026-10-08T04:19:56.1685032Z --- PASS: TestR190AugmentDescriptionSources/攻击时施加攻击特效。 (0.11s)
2026-10-08T04:19:56.1685918Z === RUN   TestR190AugmentDescriptionSources/#00
2026-10-08T04:19:56.2877208Z --- PASS: TestR190AugmentDescriptionSources/#00 (0.12s)
2026-10-08T04:19:56.2878465Z === RUN   TestR190AugmentDescriptionSources/海克斯图鉴中可读取说明
2026-10-08T04:19:56.4021387Z --- PASS: TestR190AugmentDescriptionSources/海克斯图鉴中可读取说明 (0.11s)
2026-10-08T04:19:56.4022051Z --- PASS: TestR190AugmentDescriptionSources (0.34s)
2026-10-08T04:19:56.4022545Z === RUN   TestR190AugmentDescriptionValidationAndConcurrency
2026-10-08T04:19:56.4334342Z --- PASS: TestR190AugmentDescriptionValidationAndConcurrency (0.03s)
2026-10-08T04:19:56.4336549Z === RUN   TestR190CommunityDragonTemplatesMergeAndFailure
2026-10-08T04:19:56.4337802Z === RUN   TestR190CommunityDragonTemplatesMergeAndFailure/false
2026-10-08T04:19:56.4438495Z --- PASS: TestR190CommunityDragonTemplatesMergeAndFailure/false (0.01s)
2026-10-08T04:19:56.4439390Z === RUN   TestR190CommunityDragonTemplatesMergeAndFailure/true
2026-10-08T04:19:56.4458172Z --- PASS: TestR190CommunityDragonTemplatesMergeAndFailure/true (0.00s)
2026-10-08T04:19:56.4459257Z --- PASS: TestR190CommunityDragonTemplatesMergeAndFailure (0.01s)
2026-10-08T04:19:56.4460021Z === RUN   TestR191_01RiotSGPPresence
2026-10-08T04:19:56.4463263Z --- PASS: TestR191_01RiotSGPPresence (0.00s)
2026-10-08T04:19:56.4464239Z === RUN   TestR191_02LCUPresence
2026-10-08T04:19:56.4465147Z --- PASS: TestR191_02LCUPresence (0.00s)
2026-10-08T04:19:56.4465943Z === RUN   TestR191_03OneMissingDropsGroup
2026-10-08T04:19:56.4473504Z --- PASS: TestR191_03OneMissingDropsGroup (0.00s)
2026-10-08T04:19:56.4473980Z === RUN   TestR191_04V2CacheRoundtrip
2026-10-08T04:19:56.4745366Z --- PASS: TestR191_04V2CacheRoundtrip (0.03s)
2026-10-08T04:19:56.4745943Z === RUN   TestR191_05PresenceCountsAndCaps
2026-10-08T04:19:56.4784958Z --- PASS: TestR191_05PresenceCountsAndCaps (0.00s)
2026-10-08T04:19:56.4785670Z === RUN   TestR191_06SubjectSamples
2026-10-08T04:19:56.4786283Z === RUN   TestR191_06SubjectSamples/riot
2026-10-08T04:19:56.4817249Z --- PASS: TestR191_06SubjectSamples/riot (0.00s)
2026-10-08T04:19:56.4817791Z === RUN   TestR191_06SubjectSamples/sgp
2026-10-08T04:19:56.4849817Z --- PASS: TestR191_06SubjectSamples/sgp (0.00s)
2026-10-08T04:19:56.4850735Z === RUN   TestR191_06SubjectSamples/lcu
2026-10-08T04:19:56.4881087Z --- PASS: TestR191_06SubjectSamples/lcu (0.00s)
2026-10-08T04:19:56.4910847Z --- PASS: TestR191_06SubjectSamples (0.01s)
2026-10-08T04:19:56.4911543Z === RUN   TestR191_07SampleCap
2026-10-08T04:19:56.4941488Z --- PASS: TestR191_07SampleCap (0.00s)
2026-10-08T04:19:56.4942181Z === RUN   TestR191_08DiagnosticExport
2026-10-08T04:19:56.4971274Z --- PASS: TestR191_08DiagnosticExport (0.00s)
2026-10-08T04:19:56.4971976Z === RUN   TestR191_11DirectoryFallbackHTTP
2026-10-08T04:19:56.4972730Z === RUN   TestR191_11DirectoryFallbackHTTP/error
2026-10-08T04:19:56.5371966Z --- PASS: TestR191_11DirectoryFallbackHTTP/error (0.04s)
2026-10-08T04:19:56.5372779Z === RUN   TestR191_11DirectoryFallbackHTTP/invalid
2026-10-08T04:19:56.5969428Z --- PASS: TestR191_11DirectoryFallbackHTTP/invalid (0.06s)
2026-10-08T04:19:56.5970703Z === RUN   TestR191_11DirectoryFallbackHTTP/not-found
2026-10-08T04:19:56.6478149Z --- PASS: TestR191_11DirectoryFallbackHTTP/not-found (0.05s)
2026-10-08T04:19:56.6478716Z --- PASS: TestR191_11DirectoryFallbackHTTP (0.15s)
2026-10-08T04:19:56.6838275Z === RUN   TestR191_12FallbackBuildUnavailable
2026-10-08T04:19:56.6839094Z --- PASS: TestR191_12FallbackBuildUnavailable (0.04s)
2026-10-08T04:19:56.6839782Z === RUN   TestR191_13NormalGuide
2026-10-08T04:19:56.8325995Z --- PASS: TestR191_13NormalGuide (0.15s)
2026-10-08T04:19:56.8326784Z === RUN   TestR194QuickplayAnonymousTopEndToEnd
2026-10-08T04:19:56.8407224Z --- PASS: TestR194QuickplayAnonymousTopEndToEnd (0.01s)
2026-10-08T04:19:56.8407984Z === RUN   TestR194TenPlayerQueues
2026-10-08T04:19:56.8408577Z --- PASS: TestR194TenPlayerQueues (0.00s)
2026-10-08T04:19:56.8409161Z === RUN   TestR194BotsAndUnsupportedDiagnostic
2026-10-08T04:19:56.8410009Z === RUN   TestR194BotsAndUnsupportedDiagnostic/880-once-per-game
2026-10-08T04:19:56.8512171Z --- PASS: TestR194BotsAndUnsupportedDiagnostic/880-once-per-game (0.01s)
2026-10-08T04:19:56.8513404Z === RUN   TestR194BotsAndUnsupportedDiagnostic/isBot-independent-gate-and-cache
2026-10-08T04:19:56.8574181Z --- PASS: TestR194BotsAndUnsupportedDiagnostic/isBot-independent-gate-and-cache (0.01s)
2026-10-08T04:19:56.8575465Z --- PASS: TestR194BotsAndUnsupportedDiagnostic (0.02s)
2026-10-08T04:19:56.8575931Z === RUN   TestR194QuickplaySnapshotComplete
2026-10-08T04:19:56.8622235Z --- PASS: TestR194QuickplaySnapshotComplete (0.00s)
2026-10-08T04:19:56.8623098Z === RUN   TestR195InstallationPathNormalization
2026-10-08T04:19:56.8743858Z --- PASS: TestR195InstallationPathNormalization (0.01s)
2026-10-08T04:19:56.8744658Z === RUN   TestR195InstallationSymlinkNormalization
2026-10-08T04:19:56.8786531Z --- PASS: TestR195InstallationSymlinkNormalization (0.00s)
2026-10-08T04:19:56.8787432Z === RUN   TestR195InstallationDefaultFallbackAndDiagnostics
2026-10-08T04:19:56.9061912Z --- PASS: TestR195InstallationDefaultFallbackAndDiagnostics (0.03s)
2026-10-08T04:19:56.9062529Z === RUN   TestR196ProbeSelectsFastMirror
2026-10-08T04:19:59.0175204Z --- PASS: TestR196ProbeSelectsFastMirror (2.11s)
2026-10-08T04:19:59.0180372Z === RUN   TestR196SlowSourceSwitchResumesAndHashes
2026-10-08T04:19:59.2609285Z --- PASS: TestR196SlowSourceSwitchResumesAndHashes (0.24s)
2026-10-08T04:19:59.2610160Z === RUN   TestR196AllSlowStayFastest
2026-10-08T04:19:59.3840097Z --- PASS: TestR196AllSlowStayFastest (0.12s)
2026-10-08T04:19:59.3841318Z === RUN   TestR196PreferredSourcePersistedAndCheckedFirst
2026-10-08T04:19:59.4172311Z --- PASS: TestR196PreferredSourcePersistedAndCheckedFirst (0.03s)
2026-10-08T04:19:59.4173793Z === RUN   TestR196AllProbesFailRetainsFallback
2026-10-08T04:19:59.4380835Z --- PASS: TestR196AllProbesFailRetainsFallback (0.02s)
2026-10-08T04:19:59.4382150Z === RUN   TestR196CancelDeletesPartialAndRecords
2026-10-08T04:19:59.4417763Z --- PASS: TestR196CancelDeletesPartialAndRecords (0.00s)
2026-10-08T04:19:59.4419274Z === RUN   TestR196DiagnosticPrivacyAndProxyPresence
2026-10-08T04:19:59.4652383Z --- PASS: TestR196DiagnosticPrivacyAndProxyPresence (0.02s)
2026-10-08T04:19:59.4653415Z === RUN   TestR196RestartRestoresReadySnapshot
2026-10-08T04:19:59.5131971Z --- PASS: TestR196RestartRestoresReadySnapshot (0.05s)
2026-10-08T04:19:59.5132528Z === RUN   TestR196CustomSourceRetainsBuiltins
2026-10-08T04:19:59.5160541Z --- PASS: TestR196CustomSourceRetainsBuiltins (0.00s)
2026-10-08T04:19:59.5161800Z === RUN   TestR197SennaPostGameReveal
2026-10-08T04:19:59.5162523Z === RUN   TestR197SennaPostGameReveal/2400
2026-10-08T04:19:59.5224213Z --- PASS: TestR197SennaPostGameReveal/2400 (0.01s)
2026-10-08T04:19:59.5225215Z === RUN   TestR197SennaPostGameReveal/440
2026-10-08T04:19:59.5283672Z --- PASS: TestR197SennaPostGameReveal/440 (0.01s)
2026-10-08T04:19:59.5284516Z --- PASS: TestR197SennaPostGameReveal (0.01s)
2026-10-08T04:19:59.5285289Z === RUN   TestR197MatchNotReadyRetries
2026-10-08T04:19:59.5286027Z === RUN   TestR197MatchNotReadyRetries/1
2026-10-08T04:19:59.5344273Z --- PASS: TestR197MatchNotReadyRetries/1 (0.01s)
2026-10-08T04:19:59.5345964Z === RUN   TestR197MatchNotReadyRetries/3
2026-10-08T04:19:59.5383266Z --- PASS: TestR197MatchNotReadyRetries/3 (0.00s)
2026-10-08T04:19:59.5384090Z --- PASS: TestR197MatchNotReadyRetries (0.01s)
2026-10-08T04:19:59.5384784Z === RUN   TestR197AmbiguousAndHiddenParticipants
2026-10-08T04:19:59.5385279Z === RUN   TestR197AmbiguousAndHiddenParticipants/ambiguous
2026-10-08T04:19:59.5427164Z --- PASS: TestR197AmbiguousAndHiddenParticipants/ambiguous (0.00s)
2026-10-08T04:19:59.5475730Z === RUN   TestR197AmbiguousAndHiddenParticipants/hidden
2026-10-08T04:19:59.5477234Z --- PASS: TestR197AmbiguousAndHiddenParticipants/hidden (0.00s)
2026-10-08T04:19:59.5478294Z === RUN   TestR197AmbiguousAndHiddenParticipants/already-present
2026-10-08T04:19:59.5522429Z --- PASS: TestR197AmbiguousAndHiddenParticipants/already-present (0.00s)
2026-10-08T04:19:59.5523504Z === RUN   TestR197AmbiguousAndHiddenParticipants/no-candidate
2026-10-08T04:19:59.5567932Z --- PASS: TestR197AmbiguousAndHiddenParticipants/no-candidate (0.00s)
2026-10-08T04:19:59.5569221Z --- PASS: TestR197AmbiguousAndHiddenParticipants (0.02s)
2026-10-08T04:19:59.5569988Z === RUN   TestR197InProgressNeverLoadsMatch
2026-10-08T04:19:59.6206280Z --- PASS: TestR197InProgressNeverLoadsMatch (0.06s)
2026-10-08T04:19:59.6207159Z === RUN   TestR197NewChampSelectStopsRetries
2026-10-08T04:19:59.6244378Z --- PASS: TestR197NewChampSelectStopsRetries (0.00s)
2026-10-08T04:19:59.6245095Z === RUN   TestR197SnapshotGameMismatchDoesNothing
2026-10-08T04:19:59.6270949Z --- PASS: TestR197SnapshotGameMismatchDoesNothing (0.00s)
2026-10-08T04:19:59.6271471Z === RUN   TestR197RetryGameChangeStopsBeforeHistory
2026-10-08T04:19:59.6306776Z --- PASS: TestR197RetryGameChangeStopsBeforeHistory (0.00s)
2026-10-08T04:19:59.6307471Z === RUN   TestR197PhaseLifecycleRetainsAndCancelsSnapshot
2026-10-08T04:19:59.6336850Z --- PASS: TestR197PhaseLifecycleRetainsAndCancelsSnapshot (0.00s)
2026-10-08T04:19:59.6337434Z === RUN   TestR198CameraSingleFieldPatchAndSave
2026-10-08T04:19:59.6733416Z --- PASS: TestR198CameraSingleFieldPatchAndSave (0.04s)
2026-10-08T04:19:59.7118709Z === RUN   TestR198CameraAlreadyTargetDoesNotPatch
2026-10-08T04:19:59.7119468Z --- PASS: TestR198CameraAlreadyTargetDoesNotPatch (0.04s)
2026-10-08T04:19:59.7119918Z === RUN   TestR198CameraFileBytesPreserved
2026-10-08T04:19:59.7488799Z --- PASS: TestR198CameraFileBytesPreserved (0.04s)
2026-10-08T04:19:59.7489585Z === RUN   TestR198MalformedJSONIsRejected
2026-10-08T04:19:59.7490288Z --- PASS: TestR198MalformedJSONIsRejected (0.00s)
2026-10-08T04:19:59.7490985Z === RUN   TestR198ReadOnlyStillPatchesLCU
2026-10-08T04:19:59.8062924Z --- PASS: TestR198ReadOnlyStillPatchesLCU (0.06s)
2026-10-08T04:19:59.8063714Z === RUN   TestR198NoWritesDuringGame
2026-10-08T04:19:59.8064375Z === RUN   TestR198NoWritesDuringGame/InProgress
2026-10-08T04:19:59.8217044Z --- PASS: TestR198NoWritesDuringGame/InProgress (0.02s)
2026-10-08T04:19:59.8217836Z === RUN   TestR198NoWritesDuringGame/Reconnect
2026-10-08T04:19:59.8358443Z --- PASS: TestR198NoWritesDuringGame/Reconnect (0.01s)
2026-10-08T04:19:59.8359256Z --- PASS: TestR198NoWritesDuringGame (0.03s)
2026-10-08T04:19:59.8359730Z === RUN   TestR198NoneDoesNotReadOrWrite
2026-10-08T04:19:59.8593780Z --- PASS: TestR198NoneDoesNotReadOrWrite (0.02s)
2026-10-08T04:19:59.8594406Z === RUN   TestR198WASDNeverChanges
2026-10-08T04:19:59.8594844Z === RUN   TestR198WASDNeverChanges/free
2026-10-08T04:19:59.9135795Z --- PASS: TestR198WASDNeverChanges/free (0.05s)
2026-10-08T04:19:59.9137361Z === RUN   TestR198WASDNeverChanges/dynamic
2026-10-08T04:19:59.9565396Z --- PASS: TestR198WASDNeverChanges/dynamic (0.04s)
2026-10-08T04:19:59.9566180Z === RUN   TestR198WASDNeverChanges/locked
2026-10-08T04:19:59.9826577Z --- PASS: TestR198WASDNeverChanges/locked (0.03s)
2026-10-08T04:19:59.9827388Z --- PASS: TestR198WASDNeverChanges (0.12s)
2026-10-08T04:19:59.9828145Z === RUN   TestR198UnsafeFilePathsRejected
2026-10-08T04:19:59.9973977Z === RUN   TestR198UnsafeFilePathsRejected/outside
2026-10-08T04:19:59.9974900Z --- PASS: TestR198UnsafeFilePathsRejected/outside (0.00s)
2026-10-08T04:19:59.9975718Z === RUN   TestR198UnsafeFilePathsRejected/symlink
2026-10-08T04:19:59.9981886Z --- PASS: TestR198UnsafeFilePathsRejected/symlink (0.00s)
2026-10-08T04:19:59.9982642Z === RUN   TestR198UnsafeFilePathsRejected/directory-link
2026-10-08T04:19:59.9989762Z --- PASS: TestR198UnsafeFilePathsRejected/directory-link (0.00s)
2026-10-08T04:20:00.0020488Z --- PASS: TestR198UnsafeFilePathsRejected (0.02s)
2026-10-08T04:20:00.0021069Z === RUN   TestR198LobbyOnlyLCUAndPreferencesRetained
2026-10-08T04:20:00.0343819Z --- PASS: TestR198LobbyOnlyLCUAndPreferencesRetained (0.03s)
2026-10-08T04:20:00.0344617Z === RUN   TestR198GameStartRunningProcessSkipsFilesAndVerifyFailure
2026-10-08T04:20:00.0949051Z --- PASS: TestR198GameStartRunningProcessSkipsFilesAndVerifyFailure (0.06s)
2026-10-08T04:20:00.0950277Z === RUN   TestR198JSONShapesAndAmbiguousFields
2026-10-08T04:20:00.0951236Z --- PASS: TestR198JSONShapesAndAmbiguousFields (0.00s)
2026-10-08T04:20:00.0952145Z === RUN   TestR198InGameSnapshotReportsActualFiles
2026-10-08T04:20:00.2365106Z --- PASS: TestR198InGameSnapshotReportsActualFiles (0.14s)
2026-10-08T04:20:00.2365951Z === RUN   TestR198FinalRecheckAfterStageProbe
2026-10-08T04:20:00.2367036Z === RUN   TestR198FinalRecheckAfterStageProbe/read-only
2026-10-08T04:20:00.2647195Z --- PASS: TestR198FinalRecheckAfterStageProbe/read-only (0.03s)
2026-10-08T04:20:00.2647842Z === RUN   TestR198FinalRecheckAfterStageProbe/changed
2026-10-08T04:20:00.2947054Z --- PASS: TestR198FinalRecheckAfterStageProbe/changed (0.03s)
2026-10-08T04:20:00.2947982Z === RUN   TestR198FinalRecheckAfterStageProbe/symlink
2026-10-08T04:20:00.3226321Z --- PASS: TestR198FinalRecheckAfterStageProbe/symlink (0.03s)
2026-10-08T04:20:00.3227016Z --- PASS: TestR198FinalRecheckAfterStageProbe (0.09s)
2026-10-08T04:20:00.3227420Z === RUN   TestR200OfferedSubsetOnly
2026-10-08T04:20:00.3245239Z --- PASS: TestR200OfferedSubsetOnly (0.00s)
2026-10-08T04:20:00.3245988Z === RUN   TestR200NoPoolChampion
2026-10-08T04:20:00.3251838Z --- PASS: TestR200NoPoolChampion (0.00s)
2026-10-08T04:20:00.3252565Z === RUN   TestR200SubsetUnavailableNeverFallsBack
2026-10-08T04:20:00.3258106Z --- PASS: TestR200SubsetUnavailableNeverFallsBack (0.00s)
2026-10-08T04:20:00.3258922Z === RUN   TestR200SubsetDiscoveryAndParsing
2026-10-08T04:20:00.3259650Z === RUN   TestR200SubsetDiscoveryAndParsing/help-object
2026-10-08T04:20:00.3278156Z --- PASS: TestR200SubsetDiscoveryAndParsing/help-object (0.00s)
2026-10-08T04:20:00.3278809Z === RUN   TestR200SubsetDiscoveryAndParsing/first-integers
2026-10-08T04:20:00.3289889Z --- PASS: TestR200SubsetDiscoveryAndParsing/first-integers (0.00s)
2026-10-08T04:20:00.3290835Z === RUN   TestR200SubsetDiscoveryAndParsing/second-objects
2026-10-08T04:20:00.3300420Z --- PASS: TestR200SubsetDiscoveryAndParsing/second-objects (0.00s)
2026-10-08T04:20:00.3301382Z === RUN   TestR200SubsetDiscoveryAndParsing/malformed-first
2026-10-08T04:20:00.3322346Z --- PASS: TestR200SubsetDiscoveryAndParsing/malformed-first (0.00s)
2026-10-08T04:20:00.3323301Z === RUN   TestR200SubsetDiscoveryAndParsing/non-200-first
2026-10-08T04:20:00.3343942Z --- PASS: TestR200SubsetDiscoveryAndParsing/non-200-first (0.00s)
2026-10-08T04:20:00.3344791Z --- PASS: TestR200SubsetDiscoveryAndParsing (0.01s)
2026-10-08T04:20:00.3345317Z === RUN   TestR200ChangedCardsPreferEarlierPoolHero
2026-10-08T04:20:00.3397996Z --- PASS: TestR200ChangedCardsPreferEarlierPoolHero (0.01s)
2026-10-08T04:20:00.3399051Z === RUN   TestR200PickFailureAdvancesAndStopsAtSix
2026-10-08T04:20:00.3495666Z --- PASS: TestR200PickFailureAdvancesAndStopsAtSix (0.01s)
2026-10-08T04:20:00.3496670Z === RUN   TestR200BenchPostflight
2026-10-08T04:20:00.3497703Z === RUN   TestR200BenchPostflight/applied
2026-10-08T04:20:00.3519582Z --- PASS: TestR200BenchPostflight/applied (0.00s)
2026-10-08T04:20:00.3520349Z === RUN   TestR200BenchPostflight/not-applied
2026-10-08T04:20:00.3555556Z --- PASS: TestR200BenchPostflight/not-applied (0.00s)
2026-10-08T04:20:00.3556162Z === RUN   TestR200BenchPostflight/target-gone
2026-10-08T04:20:00.3590385Z --- PASS: TestR200BenchPostflight/target-gone (0.00s)
2026-10-08T04:20:00.3591365Z --- PASS: TestR200BenchPostflight (0.01s)
2026-10-08T04:20:00.3592272Z === RUN   TestR200UnfinishedPickBlocksBench
2026-10-08T04:20:00.3594941Z --- PASS: TestR200UnfinishedPickBlocksBench (0.00s)
2026-10-08T04:20:00.3596122Z === RUN   TestR200CameraSaveHelpThenProbe
2026-10-08T04:20:00.3598563Z === RUN   TestR200CameraSaveHelpThenProbe/ok-help{"functions":[{"name":"POST_/lol-game-settings/v1/save"}]}
2026-10-08T04:20:00.3600904Z --- PASS: TestR200CameraSaveHelpThenProbe/ok-help{"functions":[{"name":"POST_/lol-game-settings/v1/save"}]} (0.00s)
2026-10-08T04:20:00.3602137Z === RUN   TestR200CameraSaveHelpThenProbe/ok-probe{}
2026-10-08T04:20:00.3603023Z --- PASS: TestR200CameraSaveHelpThenProbe/ok-probe{} (0.00s)
2026-10-08T04:20:00.3603900Z === RUN   TestR200CameraSaveHelpThenProbe/unsupported{}
2026-10-08T04:20:00.3604733Z --- PASS: TestR200CameraSaveHelpThenProbe/unsupported{} (0.00s)
2026-10-08T04:20:00.3605639Z === RUN   TestR200CameraSaveHelpThenProbe/unsupported{}#01
2026-10-08T04:20:00.3606548Z --- PASS: TestR200CameraSaveHelpThenProbe/unsupported{}#01 (0.00s)
2026-10-08T04:20:00.3607722Z === RUN   TestR200CameraSaveHelpThenProbe/failed{}
2026-10-08T04:20:00.3608592Z --- PASS: TestR200CameraSaveHelpThenProbe/failed{} (0.00s)
2026-10-08T04:20:00.3609418Z --- PASS: TestR200CameraSaveHelpThenProbe (0.00s)
2026-10-08T04:20:00.3610152Z === RUN   TestR201ReadOnlyCameraAndRelockRetry
2026-10-08T04:20:00.3610885Z === RUN   TestR201ReadOnlyCameraAndRelockRetry/0
2026-10-08T04:20:00.4037224Z --- PASS: TestR201ReadOnlyCameraAndRelockRetry/0 (0.04s)
2026-10-08T04:20:00.4038063Z === RUN   TestR201ReadOnlyCameraAndRelockRetry/1
2026-10-08T04:20:00.4486884Z --- PASS: TestR201ReadOnlyCameraAndRelockRetry/1 (0.05s)
2026-10-08T04:20:00.4487703Z === RUN   TestR201ReadOnlyCameraAndRelockRetry/2
2026-10-08T04:20:00.4894377Z --- PASS: TestR201ReadOnlyCameraAndRelockRetry/2 (0.04s)
2026-10-08T04:20:00.4895158Z --- PASS: TestR201ReadOnlyCameraAndRelockRetry (0.13s)
2026-10-08T04:20:00.4895722Z === RUN   TestR201MissingLCUCameraIsNotPresent
2026-10-08T04:20:00.5278612Z --- PASS: TestR201MissingLCUCameraIsNotPresent (0.04s)
2026-10-08T04:20:00.5279445Z === RUN   TestR201InGameAndNoneNeverUnlock
2026-10-08T04:20:00.5280168Z === RUN   TestR201InGameAndNoneNeverUnlock/InProgress
2026-10-08T04:20:00.5469126Z --- PASS: TestR201InGameAndNoneNeverUnlock/InProgress (0.02s)
2026-10-08T04:20:00.5470027Z === RUN   TestR201InGameAndNoneNeverUnlock/running
2026-10-08T04:20:00.5641956Z --- PASS: TestR201InGameAndNoneNeverUnlock/running (0.02s)
2026-10-08T04:20:00.5642598Z === RUN   TestR201InGameAndNoneNeverUnlock/none
2026-10-08T04:20:00.5879443Z --- PASS: TestR201InGameAndNoneNeverUnlock/none (0.02s)
2026-10-08T04:20:00.5880362Z === RUN   TestR201InGameAndNoneNeverUnlock/settings_changed
2026-10-08T04:20:00.6066697Z --- PASS: TestR201InGameAndNoneNeverUnlock/settings_changed (0.02s)
2026-10-08T04:20:00.6067639Z --- PASS: TestR201InGameAndNoneNeverUnlock (0.08s)
2026-10-08T04:20:00.6068467Z === RUN   TestR201TimingConsumedOnceAndInvalidDeleted
2026-10-08T04:20:00.6104634Z --- PASS: TestR201TimingConsumedOnceAndInvalidDeleted (0.00s)
2026-10-08T04:20:00.6105722Z === RUN   TestR201ProbeWindowCancelsSlowRoutes
2026-10-08T04:20:00.6106418Z === PAUSE TestR201ProbeWindowCancelsSlowRoutes
2026-10-08T04:20:00.6107055Z === RUN   TestR201BothUpdatePathsPassParent
2026-10-08T04:20:00.6107720Z --- PASS: TestR201BothUpdatePathsPassParent (0.00s)
2026-10-08T04:20:00.6108496Z === RUN   TestR204SubsetWithoutPoolChampionNeverSelects
2026-10-08T04:20:00.6128684Z --- PASS: TestR204SubsetWithoutPoolChampionNeverSelects (0.00s)
2026-10-08T04:20:00.6129526Z === RUN   TestR201SubsetConfiguredStrategies
2026-10-08T04:20:00.6130258Z === RUN   TestR201SubsetConfiguredStrategies/show-only
2026-10-08T04:20:00.6154449Z --- PASS: TestR201SubsetConfiguredStrategies/show-only (0.00s)
2026-10-08T04:20:00.6155347Z === RUN   TestR201SubsetConfiguredStrategies/show-then-lock
2026-10-08T04:20:00.6495884Z --- PASS: TestR201SubsetConfiguredStrategies/show-then-lock (0.03s)
2026-10-08T04:20:00.6497072Z === RUN   TestR201SubsetConfiguredStrategies/lock-now
2026-10-08T04:20:00.6522286Z --- PASS: TestR201SubsetConfiguredStrategies/lock-now (0.00s)
2026-10-08T04:20:00.6523610Z --- PASS: TestR201SubsetConfiguredStrategies (0.04s)
2026-10-08T04:20:00.6524565Z === RUN   TestR201CanceledProbeStillFallsBackAfterDownloadError
2026-10-08T04:20:01.6977802Z --- PASS: TestR201CanceledProbeStillFallsBackAfterDownloadError (1.05s)
2026-10-08T04:20:01.6978837Z === RUN   TestR202CardBenchWaitsForFinalization
2026-10-08T04:20:01.7001011Z --- PASS: TestR202CardBenchWaitsForFinalization (0.00s)
2026-10-08T04:20:01.7001778Z === RUN   TestR202PreFinalFailuresRefunded
2026-10-08T04:20:01.7002491Z === RUN   TestR202PreFinalFailuresRefunded/false
2026-10-08T04:20:01.7070100Z --- PASS: TestR202PreFinalFailuresRefunded/false (0.01s)
2026-10-08T04:20:01.7070815Z === RUN   TestR202PreFinalFailuresRefunded/true
2026-10-08T04:20:01.7140535Z --- PASS: TestR202PreFinalFailuresRefunded/true (0.01s)
2026-10-08T04:20:01.7141871Z --- PASS: TestR202PreFinalFailuresRefunded (0.01s)
2026-10-08T04:20:01.7142785Z === RUN   TestR202FirstCardDoesNotYieldButPoolHeroChangeDoes
2026-10-08T04:20:01.7143776Z === RUN   TestR202FirstCardDoesNotYieldButPoolHeroChangeDoes/76
2026-10-08T04:20:01.7167755Z --- PASS: TestR202FirstCardDoesNotYieldButPoolHeroChangeDoes/76 (0.00s)
2026-10-08T04:20:01.7168846Z === RUN   TestR202FirstCardDoesNotYieldButPoolHeroChangeDoes/57
2026-10-08T04:20:01.7179305Z --- PASS: TestR202FirstCardDoesNotYieldButPoolHeroChangeDoes/57 (0.00s)
2026-10-08T04:20:01.7180527Z --- PASS: TestR202FirstCardDoesNotYieldButPoolHeroChangeDoes (0.00s)
2026-10-08T04:20:01.7181146Z === RUN   TestR202BenchHolderPriority
2026-10-08T04:20:01.7181931Z --- PASS: TestR202BenchHolderPriority (0.00s)
2026-10-08T04:20:01.7182458Z === RUN   TestR202CameraSnapshotUsesPersistedOnly
2026-10-08T04:20:01.7912105Z --- PASS: TestR202CameraSnapshotUsesPersistedOnly (0.07s)
2026-10-08T04:20:01.7913653Z === RUN   TestR202LiveHistoryWindowAndPages
2026-10-08T04:20:01.7915032Z === RUN   TestR202LiveHistoryWindowAndPages/filtered
2026-10-08T04:20:01.8153751Z --- PASS: TestR202LiveHistoryWindowAndPages/filtered (0.02s)
2026-10-08T04:20:01.8154543Z === RUN   TestR202LiveHistoryWindowAndPages/filtered-old
2026-10-08T04:20:01.8388732Z --- PASS: TestR202LiveHistoryWindowAndPages/filtered-old (0.02s)
2026-10-08T04:20:01.8389555Z === RUN   TestR202LiveHistoryWindowAndPages/fallback-enough
2026-10-08T04:20:01.8645825Z --- PASS: TestR202LiveHistoryWindowAndPages/fallback-enough (0.03s)
2026-10-08T04:20:01.8647289Z === RUN   TestR202LiveHistoryWindowAndPages/fallback-window
2026-10-08T04:20:01.8902700Z --- PASS: TestR202LiveHistoryWindowAndPages/fallback-window (0.03s)
2026-10-08T04:20:01.8903497Z === RUN   TestR202LiveHistoryWindowAndPages/fallback-limit
2026-10-08T04:20:01.9164719Z --- PASS: TestR202LiveHistoryWindowAndPages/fallback-limit (0.03s)
2026-10-08T04:20:01.9165628Z === RUN   TestR202LiveHistoryWindowAndPages/fallback-exhausted
2026-10-08T04:20:01.9401258Z --- PASS: TestR202LiveHistoryWindowAndPages/fallback-exhausted (0.02s)
2026-10-08T04:20:01.9402358Z --- PASS: TestR202LiveHistoryWindowAndPages (0.15s)
2026-10-08T04:20:01.9403260Z === RUN   TestR202LiveHistoryCacheSeparatesQueue
2026-10-08T04:20:01.9636453Z --- PASS: TestR202LiveHistoryCacheSeparatesQueue (0.02s)
2026-10-08T04:20:01.9637576Z === RUN   TestR202RerollKeepsHeldPoolEvidence
2026-10-08T04:20:01.9645024Z --- PASS: TestR202RerollKeepsHeldPoolEvidence (0.00s)
2026-10-08T04:20:01.9646272Z === RUN   TestR204NoPoolCardThenUserFirstCardAndBench
2026-10-08T04:20:01.9671418Z --- PASS: TestR204NoPoolCardThenUserFirstCardAndBench (0.00s)
2026-10-08T04:20:01.9672515Z === RUN   TestR202DelayedBenchRechecksPhase
2026-10-08T04:20:02.1190156Z --- PASS: TestR202DelayedBenchRechecksPhase (0.15s)
2026-10-08T04:20:02.1192247Z === RUN   TestR203DirtyEventsRecordDuringRefreshAndSuppressFiveSecondsAfter
2026-10-08T04:20:02.1224347Z --- PASS: TestR203DirtyEventsRecordDuringRefreshAndSuppressFiveSecondsAfter (0.00s)
2026-10-08T04:20:02.1225366Z === RUN   TestR203RefreshSourcesAreAllowlistedAndPreserved
2026-10-08T04:20:02.1253522Z --- PASS: TestR203RefreshSourcesAreAllowlistedAndPreserved (0.00s)
2026-10-08T04:20:02.1254852Z === RUN   TestR203IdentityRetryNeverRequestsCatalogEvenForInitialIdentity
2026-10-08T04:20:02.1301018Z --- PASS: TestR203IdentityRetryNeverRequestsCatalogEvenForInitialIdentity (0.00s)
2026-10-08T04:20:02.1302271Z === RUN   TestR203IdentityAndLPWaitersHonorCancellation
2026-10-08T04:20:02.1303301Z --- PASS: TestR203IdentityAndLPWaitersHonorCancellation (0.00s)
2026-10-08T04:20:02.1304698Z === RUN   TestR203SkinDetailsPropagatesRequestCancellation
2026-10-08T04:20:02.1305798Z --- PASS: TestR203SkinDetailsPropagatesRequestCancellation (0.00s)
2026-10-08T04:20:02.1307099Z === RUN   TestR203HeapTopOnlyFunctionsAndMegabytesSorted
2026-10-08T04:20:02.1308059Z --- PASS: TestR203HeapTopOnlyFunctionsAndMegabytesSorted (0.00s)
2026-10-08T04:20:02.1309458Z === RUN   TestR203LobbyHeapProfileOncePerGameEvenWhenSettingsUnavailable
2026-10-08T04:20:02.1359474Z --- PASS: TestR203LobbyHeapProfileOncePerGameEvenWhenSettingsUnavailable (0.01s)
2026-10-08T04:20:02.1360632Z === RUN   TestR203FiveGamesCacheCountsStabilize
2026-10-08T04:20:02.1361368Z === PAUSE TestR203FiveGamesCacheCountsStabilize
2026-10-08T04:20:02.1361846Z === RUN   TestR203BlockingDiagnosticsAcceptOnlyFixedSources
2026-10-08T04:20:02.1387955Z --- PASS: TestR203BlockingDiagnosticsAcceptOnlyFixedSources (0.00s)
2026-10-08T04:20:02.1388960Z === RUN   TestR203SmallDiagnosticAndProfileCachesAreBounded
2026-10-08T04:20:02.1648797Z --- PASS: TestR203SmallDiagnosticAndProfileCachesAreBounded (0.03s)
2026-10-08T04:20:02.1650837Z === RUN   TestR203LPDiagnosticCallbackRunsWithoutTrackerLock
2026-10-08T04:20:02.1771843Z --- PASS: TestR203LPDiagnosticCallbackRunsWithoutTrackerLock (0.01s)
2026-10-08T04:20:02.1772950Z === RUN   TestR203LiveHistoryPanicReleasesFlightForNextRequest
2026-10-08T04:20:02.1777523Z 2026/10/08 04:20:02 {"event":"backend_panic","frames":["main.reportBackendPanic","main.(*app).recordRecoveredPanic","main.(*app).cachedLivePlayerMatches.func1","main.TestR203LiveHistoryPanicReleasesFlightForNextRequest.func1.2","main.(*app).cachedLivePlayerMatches","main.TestR203LiveHistoryPanicReleasesFlightForNextRequest.func1","main.TestR203LiveHistoryPanicReleasesFlightForNextRequest"],"panic_kind":"other","site":"cachedLivePlayerMatches"}
2026-10-08T04:20:02.1781470Z --- PASS: TestR203LiveHistoryPanicReleasesFlightForNextRequest (0.00s)
2026-10-08T04:20:02.1782475Z === RUN   TestR203CollectionRenderFieldsReachDiagnostics
2026-10-08T04:20:02.1803801Z --- PASS: TestR203CollectionRenderFieldsReachDiagnostics (0.00s)
2026-10-08T04:20:02.1804902Z === RUN   TestR203SkinDetailsPanicDoesNotReturnFalseSuccess
2026-10-08T04:20:02.1806983Z --- PASS: TestR203SkinDetailsPanicDoesNotReturnFalseSuccess (0.00s)
2026-10-08T04:20:02.1807555Z === RUN   TestR203FacadePanicReleasesWaitersAndAllowsRetry
2026-10-08T04:20:02.1809636Z 2026/10/08 04:20:02 {"event":"backend_panic","frames":["main.reportBackendPanic","main.(*app).recordRecoveredPanic","main.(*app).recoverPanic","main.TestR203SkinDetailsPanicDoesNotReturnFalseSuccess.func1","main.gameplayRoundTripFunc.RoundTrip","main.(*LCUClient).getBytes","main.(*LCUClient).GetBytesContext","main.SkinAppearanceAPI.BorderStatusContext"],"panic_kind":"other","site":"main.handleSkinDetails.2"}
2026-10-08T04:20:02.1813668Z 2026/10/08 04:20:02 {"event":"backend_panic","frames":["main.reportBackendPanic","main.(*app).recordRecoveredPanic","main.(*app).recoverPanic","main.TestR203SkinDetailsPanicDoesNotReturnFalseSuccess.func1","main.gameplayRoundTripFunc.RoundTrip","main.(*LCUClient).getBytes","main.(*LCUClient).GetBytesContext","main.StoreAPI.SkinPriceContext"],"panic_kind":"other","site":"main.handleSkinDetails.1"}
2026-10-08T04:20:02.1816810Z 2026/10/08 04:20:02 {"event":"backend_panic","frames":["main.reportBackendPanic","main.(*app).recordRecoveredPanic","main.(*app).recoverPanic","main.TestR203FacadePanicReleasesWaitersAndAllowsRetry.func1","main.(*app).cachedFacadeState.func1"],"panic_kind":"other","site":"facade_view_cache.cachedFacadeState.1"}
2026-10-08T04:20:02.1818226Z --- PASS: TestR203FacadePanicReleasesWaitersAndAllowsRetry (0.00s)
2026-10-08T04:20:02.1818647Z === RUN   TestR204KeyPriority
2026-10-08T04:20:02.1904574Z --- PASS: TestR204KeyPriority (0.01s)
2026-10-08T04:20:02.1905631Z === RUN   TestR204KeySaveAndClear
2026-10-08T04:20:02.2186012Z --- PASS: TestR204KeySaveAndClear (0.03s)
2026-10-08T04:20:02.2186655Z === RUN   TestR204KeyMigration
2026-10-08T04:20:02.2187081Z === RUN   TestR204KeyMigration/embedded
2026-10-08T04:20:02.2290067Z --- PASS: TestR204KeyMigration/embedded (0.01s)
2026-10-08T04:20:02.2290847Z === RUN   TestR204KeyMigration/user
2026-10-08T04:20:02.2407028Z --- PASS: TestR204KeyMigration/user (0.01s)
2026-10-08T04:20:02.2407534Z === RUN   TestR204KeyMigration/public
2026-10-08T04:20:02.2427946Z --- PASS: TestR204KeyMigration/public (0.00s)
2026-10-08T04:20:02.2428854Z === RUN   TestR204KeyMigration/cleared
2026-10-08T04:20:02.2498527Z --- PASS: TestR204KeyMigration/cleared (0.01s)
2026-10-08T04:20:02.2499149Z --- PASS: TestR204KeyMigration (0.03s)
2026-10-08T04:20:02.2499612Z === RUN   TestR204KeyRuntime401AndPrivacy
2026-10-08T04:20:02.2636537Z --- PASS: TestR204KeyRuntime401AndPrivacy (0.01s)
2026-10-08T04:20:02.2637163Z === RUN   TestR204CredentialChangeDetachesOldSpecialistFlight
2026-10-08T04:20:02.2655696Z --- PASS: TestR204CredentialChangeDetachesOldSpecialistFlight (0.00s)
2026-10-08T04:20:02.2656567Z === RUN   TestR204PartialInstallTiming
2026-10-08T04:20:02.2657158Z === RUN   TestR204PartialInstallTiming/partial
2026-10-08T04:20:02.2685532Z --- PASS: TestR204PartialInstallTiming/partial (0.00s)
2026-10-08T04:20:02.2686349Z === RUN   TestR204PartialInstallTiming/complete
2026-10-08T04:20:02.2695634Z --- PASS: TestR204PartialInstallTiming/complete (0.00s)
2026-10-08T04:20:02.2696434Z === RUN   TestR204PartialInstallTiming/parse
2026-10-08T04:20:02.2715380Z --- PASS: TestR204PartialInstallTiming/parse (0.00s)
2026-10-08T04:20:02.2715908Z === RUN   TestR204PartialInstallTiming/skew
2026-10-08T04:20:02.2733230Z --- PASS: TestR204PartialInstallTiming/skew (0.00s)
2026-10-08T04:20:02.2734028Z --- PASS: TestR204PartialInstallTiming (0.01s)
2026-10-08T04:20:02.2734716Z === RUN   TestR204ConfirmedPickThenHeroChangeNoFalseFailure
2026-10-08T04:20:02.2739275Z --- PASS: TestR204ConfirmedPickThenHeroChangeNoFalseFailure (0.00s)
2026-10-08T04:20:02.2740219Z === RUN   TestR204CustomHistoryOnePage
2026-10-08T04:20:02.3682972Z --- PASS: TestR204CustomHistoryOnePage (0.09s)
2026-10-08T04:20:02.3683931Z === RUN   TestR204EnoughSGPSkipsLCUExceptSelf
2026-10-08T04:20:02.4154337Z --- PASS: TestR204EnoughSGPSkipsLCUExceptSelf (0.05s)
2026-10-08T04:20:02.4155407Z === RUN   TestR204LiveProgressReplayAndCancellation
2026-10-08T04:20:02.4156506Z --- PASS: TestR204LiveProgressReplayAndCancellation (0.00s)
2026-10-08T04:20:02.4157697Z === RUN   TestR205ShortcutStateConsumedOnceAndPrivate
2026-10-08T04:20:02.4158727Z === RUN   TestR205ShortcutStateConsumedOnceAndPrivate/unchanged
2026-10-08T04:20:02.4179139Z --- PASS: TestR205ShortcutStateConsumedOnceAndPrivate/unchanged (0.00s)
2026-10-08T04:20:02.4180223Z === RUN   TestR205ShortcutStateConsumedOnceAndPrivate/recreated
2026-10-08T04:20:02.4198991Z --- PASS: TestR205ShortcutStateConsumedOnceAndPrivate/recreated (0.00s)
2026-10-08T04:20:02.4199888Z === RUN   TestR205ShortcutStateConsumedOnceAndPrivate/deleted_restored
2026-10-08T04:20:02.4220650Z --- PASS: TestR205ShortcutStateConsumedOnceAndPrivate/deleted_restored (0.00s)
2026-10-08T04:20:02.4221814Z === RUN   TestR205ShortcutStateConsumedOnceAndPrivate/pending
2026-10-08T04:20:02.4240584Z --- PASS: TestR205ShortcutStateConsumedOnceAndPrivate/pending (0.00s)
2026-10-08T04:20:02.4241942Z === RUN   TestR205ShortcutStateConsumedOnceAndPrivate/malformed
2026-10-08T04:20:02.4259634Z --- PASS: TestR205ShortcutStateConsumedOnceAndPrivate/malformed (0.00s)
2026-10-08T04:20:02.4260797Z === RUN   TestR205ShortcutStateConsumedOnceAndPrivate/unknown_field
2026-10-08T04:20:02.4278987Z --- PASS: TestR205ShortcutStateConsumedOnceAndPrivate/unknown_field (0.00s)
2026-10-08T04:20:02.4280183Z === RUN   TestR205ShortcutStateConsumedOnceAndPrivate/private_status
2026-10-08T04:20:02.4298929Z --- PASS: TestR205ShortcutStateConsumedOnceAndPrivate/private_status (0.00s)
2026-10-08T04:20:02.4299773Z === RUN   TestR205ShortcutStateConsumedOnceAndPrivate/private_scope
2026-10-08T04:20:02.4319061Z --- PASS: TestR205ShortcutStateConsumedOnceAndPrivate/private_scope (0.00s)
2026-10-08T04:20:02.4320268Z === RUN   TestR205ShortcutStateConsumedOnceAndPrivate/inaccurate_change
2026-10-08T04:20:02.4338388Z --- PASS: TestR205ShortcutStateConsumedOnceAndPrivate/inaccurate_change (0.00s)
2026-10-08T04:20:02.4339524Z === RUN   TestR205ShortcutStateConsumedOnceAndPrivate/oversize
2026-10-08T04:20:02.4356912Z --- PASS: TestR205ShortcutStateConsumedOnceAndPrivate/oversize (0.00s)
2026-10-08T04:20:02.4358298Z --- PASS: TestR205ShortcutStateConsumedOnceAndPrivate (0.02s)
2026-10-08T04:20:02.4359322Z === RUN   TestR205ShortcutStateRejectsLinkAndPreservesTiming
2026-10-08T04:20:02.4399788Z --- PASS: TestR205ShortcutStateRejectsLinkAndPreservesTiming (0.00s)
2026-10-08T04:20:02.4400626Z === RUN   TestR206ArenaRetryPartialAndAllFailed
2026-10-08T04:20:02.4401118Z === RUN   TestR206ArenaRetryPartialAndAllFailed/first-timeout
2026-10-08T04:20:03.4415030Z --- PASS: TestR206ArenaRetryPartialAndAllFailed/first-timeout (1.00s)
2026-10-08T04:20:03.4415820Z === RUN   TestR206ArenaRetryPartialAndAllFailed/yourgg-failed
2026-10-08T04:20:04.4426624Z --- PASS: TestR206ArenaRetryPartialAndAllFailed/yourgg-failed (1.00s)
2026-10-08T04:20:04.4428364Z === RUN   TestR206ArenaRetryPartialAndAllFailed/opgg-failed
2026-10-08T04:20:04.4435171Z --- PASS: TestR206ArenaRetryPartialAndAllFailed/opgg-failed (0.00s)
2026-10-08T04:20:04.4435959Z === RUN   TestR206ArenaRetryPartialAndAllFailed/both-failed
2026-10-08T04:20:05.4442789Z --- PASS: TestR206ArenaRetryPartialAndAllFailed/both-failed (1.00s)
2026-10-08T04:20:05.4444462Z === RUN   TestR206ArenaRetryPartialAndAllFailed/yourgg-404
2026-10-08T04:20:05.4445689Z --- PASS: TestR206ArenaRetryPartialAndAllFailed/yourgg-404 (0.00s)
2026-10-08T04:20:05.4446879Z --- PASS: TestR206ArenaRetryPartialAndAllFailed (3.00s)
2026-10-08T04:20:05.4447824Z === RUN   TestR206ArenaAttemptBudgetsAndConnectionRetry
2026-10-08T04:20:05.4448664Z --- PASS: TestR206ArenaAttemptBudgetsAndConnectionRetry (0.00s)
2026-10-08T04:20:05.4449526Z === RUN   TestR206ArenaBlockRetryOnlyQueriesRequestedSource
2026-10-08T04:20:05.4450544Z --- PASS: TestR206ArenaBlockRetryOnlyQueriesRequestedSource (0.00s)
2026-10-08T04:20:05.4451485Z === RUN   TestR206StartupPrefetchIdleAndGameBoundary
2026-10-08T04:20:05.4452389Z --- PASS: TestR206StartupPrefetchIdleAndGameBoundary (0.00s)
2026-10-08T04:20:05.4453431Z === RUN   TestR206CollectionEventsLogEveryEventAndThrottle
2026-10-08T04:20:05.4484758Z --- PASS: TestR206CollectionEventsLogEveryEventAndThrottle (0.00s)
2026-10-08T04:20:05.4485330Z === RUN   TestR206CollectionRetryDoesNotReadIdentity
2026-10-08T04:20:05.4490136Z --- PASS: TestR206CollectionRetryDoesNotReadIdentity (0.00s)
2026-10-08T04:20:05.4491016Z === RUN   TestR206LocalImage404NeverFetchesRemote
2026-10-08T04:20:05.4502915Z --- PASS: TestR206LocalImage404NeverFetchesRemote (0.00s)
2026-10-08T04:20:05.4503788Z === RUN   TestR206TranslationsTimeoutUsesPreviousCache
2026-10-08T04:20:05.4504657Z === PAUSE TestR206TranslationsTimeoutUsesPreviousCache
2026-10-08T04:20:05.4505677Z === RUN   TestR206FullCollectionRefreshTranslationTimeoutUnderThreeSeconds
2026-10-08T04:20:05.4506952Z === PAUSE TestR206FullCollectionRefreshTranslationTimeoutUnderThreeSeconds
2026-10-08T04:20:05.4508011Z === RUN   TestR206DisconnectResetsCollectionReadLifecycle
2026-10-08T04:20:05.4508953Z --- PASS: TestR206DisconnectResetsCollectionReadLifecycle (0.00s)
2026-10-08T04:20:05.4509918Z === RUN   TestR206RelayRoutingNoTokenAndDirectPriority
2026-10-08T04:20:05.4602884Z --- PASS: TestR206RelayRoutingNoTokenAndDirectPriority (0.01s)
2026-10-08T04:20:05.4603760Z === RUN   TestR206RelayEmptyAndFailureCooldown
2026-10-08T04:20:05.4625323Z --- PASS: TestR206RelayEmptyAndFailureCooldown (0.00s)
2026-10-08T04:20:05.4626050Z === RUN   TestR206Relay429PreservesBackoff
2026-10-08T04:20:05.4644774Z --- PASS: TestR206Relay429PreservesBackoff (0.00s)
2026-10-08T04:20:05.4645549Z === RUN   TestR207HonorBallotOnlyAtEndgame
2026-10-08T04:20:05.4969659Z --- PASS: TestR207HonorBallotOnlyAtEndgame (0.03s)
2026-10-08T04:20:05.4970658Z === RUN   TestR207ClientDiagnosticsPersistCompleteBoundedFields
2026-10-08T04:20:05.5019539Z --- PASS: TestR207ClientDiagnosticsPersistCompleteBoundedFields (0.01s)
2026-10-08T04:20:05.5020551Z === RUN   TestR207HonorStopsWhenPhaseChangesDuringRead
2026-10-08T04:20:05.5037452Z --- PASS: TestR207HonorStopsWhenPhaseChangesDuringRead (0.00s)
2026-10-08T04:20:05.5038104Z === RUN   TestR208RelayQuotaDaily
2026-10-08T04:20:05.5038741Z === RUN   TestR208RelayQuotaDaily/probe=true/html
2026-10-08T04:20:05.5219887Z --- PASS: TestR208RelayQuotaDaily/probe=true/html (0.02s)
2026-10-08T04:20:05.5220775Z === RUN   TestR208RelayQuotaDaily/probe=true/non-json-type
2026-10-08T04:20:05.5368803Z --- PASS: TestR208RelayQuotaDaily/probe=true/non-json-type (0.01s)
2026-10-08T04:20:05.5369599Z === RUN   TestR208RelayQuotaDaily/probe=true/1027-json
2026-10-08T04:20:05.5494322Z --- PASS: TestR208RelayQuotaDaily/probe=true/1027-json (0.01s)
2026-10-08T04:20:05.5495318Z === RUN   TestR208RelayQuotaDaily/probe=false/html
2026-10-08T04:20:05.5641613Z --- PASS: TestR208RelayQuotaDaily/probe=false/html (0.01s)
2026-10-08T04:20:05.5643737Z === RUN   TestR208RelayQuotaDaily/probe=false/non-json-type
2026-10-08T04:20:05.5766482Z --- PASS: TestR208RelayQuotaDaily/probe=false/non-json-type (0.01s)
2026-10-08T04:20:05.5767415Z === RUN   TestR208RelayQuotaDaily/probe=false/1027-json
2026-10-08T04:20:05.5915994Z --- PASS: TestR208RelayQuotaDaily/probe=false/1027-json (0.01s)
2026-10-08T04:20:05.5916808Z --- PASS: TestR208RelayQuotaDaily (0.09s)
2026-10-08T04:20:05.5917346Z === RUN   TestR208RelayApplicationSharedAcrossProviders
2026-10-08T04:20:05.5937214Z --- PASS: TestR208RelayApplicationSharedAcrossProviders (0.00s)
2026-10-08T04:20:05.5938105Z === RUN   TestR208RelayDiskBeforeQuotaAndProbe
2026-10-08T04:20:05.6048942Z --- PASS: TestR208RelayDiskBeforeQuotaAndProbe (0.01s)
2026-10-08T04:20:05.6049903Z === RUN   TestR208IPPartialResumeWithoutRepeatedSuccessfulDetails
2026-10-08T04:20:05.6985534Z --- PASS: TestR208IPPartialResumeWithoutRepeatedSuccessfulDetails (0.09s)
2026-10-08T04:20:05.6986558Z === RUN   TestR208RelaySummaryTenMinuteWindow
2026-10-08T04:20:05.6987373Z --- PASS: TestR208RelaySummaryTenMinuteWindow (0.00s)
2026-10-08T04:20:05.6988472Z === RUN   TestR208QuotaUTCAndConfiguredOrigin
2026-10-08T04:20:05.6989248Z --- PASS: TestR208QuotaUTCAndConfiguredOrigin (0.00s)
2026-10-08T04:20:05.6990108Z === RUN   TestR208QueuedRequestChecksSharedCooldownBeforeIO
2026-10-08T04:20:05.7004976Z --- PASS: TestR208QueuedRequestChecksSharedCooldownBeforeIO (0.00s)
2026-10-08T04:20:05.7006586Z === RUN   TestR209CardImageDiagnosticsPersistBoundedCompleteFields
2026-10-08T04:20:05.7055697Z --- PASS: TestR209CardImageDiagnosticsPersistBoundedCompleteFields (0.00s)
2026-10-08T04:20:05.7056890Z === RUN   TestR210SnapshotRejectsIdlePhasesAndClearsFinishedReveal
2026-10-08T04:20:05.7058036Z === RUN   TestR210SnapshotRejectsIdlePhasesAndClearsFinishedReveal/Lobby
2026-10-08T04:20:05.7115595Z --- PASS: TestR210SnapshotRejectsIdlePhasesAndClearsFinishedReveal/Lobby (0.01s)
2026-10-08T04:20:05.7116892Z === RUN   TestR210SnapshotRejectsIdlePhasesAndClearsFinishedReveal/None
2026-10-08T04:20:05.7175298Z --- PASS: TestR210SnapshotRejectsIdlePhasesAndClearsFinishedReveal/None (0.01s)
2026-10-08T04:20:05.7176631Z === RUN   TestR210SnapshotRejectsIdlePhasesAndClearsFinishedReveal/Matchmaking
2026-10-08T04:20:05.7234860Z --- PASS: TestR210SnapshotRejectsIdlePhasesAndClearsFinishedReveal/Matchmaking (0.01s)
2026-10-08T04:20:05.7236255Z === RUN   TestR210SnapshotRejectsIdlePhasesAndClearsFinishedReveal/ReadyCheck
2026-10-08T04:20:05.7294205Z --- PASS: TestR210SnapshotRejectsIdlePhasesAndClearsFinishedReveal/ReadyCheck (0.01s)
2026-10-08T04:20:05.7295548Z === RUN   TestR210SnapshotRejectsIdlePhasesAndClearsFinishedReveal/ChampSelect
2026-10-08T04:20:05.7352400Z --- PASS: TestR210SnapshotRejectsIdlePhasesAndClearsFinishedReveal/ChampSelect (0.01s)
2026-10-08T04:20:05.7353779Z --- PASS: TestR210SnapshotRejectsIdlePhasesAndClearsFinishedReveal (0.03s)
2026-10-08T04:20:05.7354874Z === RUN   TestR210ObserveLeavingEndStopsWaitingAndFinishedReveal
2026-10-08T04:20:05.7429672Z --- PASS: TestR210ObserveLeavingEndStopsWaitingAndFinishedReveal (0.01s)
2026-10-08T04:20:05.7430558Z === RUN   TestR210RetentionExpiresTwoMinutesAfterCompletionWithoutRestart
2026-10-08T04:20:05.7533562Z --- PASS: TestR210RetentionExpiresTwoMinutesAfterCompletionWithoutRestart (0.01s)
2026-10-08T04:20:05.7534945Z === RUN   TestR210ExpiryTimerClearsWithoutSnapshotReadsAndFencesOldGeneration
2026-10-08T04:20:05.7598043Z --- PASS: TestR210ExpiryTimerClearsWithoutSnapshotReadsAndFencesOldGeneration (0.01s)
2026-10-08T04:20:05.7599243Z === RUN   TestR210LiveScopeResetLeftEndDiagnosticAccepted
2026-10-08T04:20:05.7627088Z --- PASS: TestR210LiveScopeResetLeftEndDiagnosticAccepted (0.00s)
2026-10-08T04:20:05.7628211Z === RUN   TestR211SGPForceSummaryFreshAndAllExpectedReusesFirstPage
2026-10-08T04:20:05.8393232Z --- PASS: TestR211SGPForceSummaryFreshAndAllExpectedReusesFirstPage (0.08s)
2026-10-08T04:20:05.8395518Z === RUN   TestR211MasteryRealRiotFieldsAndFullCache
2026-10-08T04:20:05.8746794Z --- PASS: TestR211MasteryRealRiotFieldsAndFullCache (0.04s)
2026-10-08T04:20:05.8747827Z === RUN   TestR211SeasonFinalizeNeverMutatesAccumulator
2026-10-08T04:20:05.8748687Z --- PASS: TestR211SeasonFinalizeNeverMutatesAccumulator (0.00s)
2026-10-08T04:20:05.8749516Z === RUN   TestR211SeasonCacheRoundTripAndIncrement
2026-10-08T04:20:05.8750299Z --- PASS: TestR211SeasonCacheRoundTripAndIncrement (0.00s)
2026-10-08T04:20:05.8751274Z === RUN   TestR211ExpectedGameUsesAllIDsAndRiotFreshBypassesIdentityCache
2026-10-08T04:20:05.8871603Z --- PASS: TestR211ExpectedGameUsesAllIDsAndRiotFreshBypassesIdentityCache (0.01s)
2026-10-08T04:20:05.8872825Z === RUN   TestR211DirtyDiagnosticKeepsAttempts
2026-10-08T04:20:05.8906354Z --- PASS: TestR211DirtyDiagnosticKeepsAttempts (0.00s)
2026-10-08T04:20:05.8907423Z === RUN   TestR211TimelineWholeGameSingleFetchAndLegacyExtraction
2026-10-08T04:20:05.8935538Z --- PASS: TestR211TimelineWholeGameSingleFetchAndLegacyExtraction (0.00s)
2026-10-08T04:20:05.8936528Z === RUN   TestR212RelayNotFoundAndHTTPStatusSummary
2026-10-08T04:20:05.8937488Z === RUN   TestR212RelayNotFoundAndHTTPStatusSummary/Not_Found
2026-10-08T04:20:05.8957237Z --- PASS: TestR212RelayNotFoundAndHTTPStatusSummary/Not_Found (0.00s)
2026-10-08T04:20:05.8958480Z === RUN   TestR212RelayNotFoundAndHTTPStatusSummary/Bad_Request
2026-10-08T04:20:05.8977601Z --- PASS: TestR212RelayNotFoundAndHTTPStatusSummary/Bad_Request (0.00s)
2026-10-08T04:20:05.8978710Z --- PASS: TestR212RelayNotFoundAndHTTPStatusSummary (0.00s)
2026-10-08T04:20:05.8979552Z === RUN   TestR212RelayCategoriesAndSummaryReset
2026-10-08T04:20:05.8980356Z --- PASS: TestR212RelayCategoriesAndSummaryReset (0.00s)
2026-10-08T04:20:05.8981160Z === RUN   TestR212RelayQuotaPageKeepsR208Priority
2026-10-08T04:20:05.8998327Z --- PASS: TestR212RelayQuotaPageKeepsR208Priority (0.00s)
2026-10-08T04:20:05.8999166Z === RUN   TestR212InstallTimingDetailsAndLegacy
2026-10-08T04:20:05.9000364Z === RUN   TestR212InstallTimingDetailsAndLegacy/complete
2026-10-08T04:20:05.9017678Z --- PASS: TestR212InstallTimingDetailsAndLegacy/complete (0.00s)
2026-10-08T04:20:05.9018821Z === RUN   TestR212InstallTimingDetailsAndLegacy/missing
2026-10-08T04:20:05.9035188Z --- PASS: TestR212InstallTimingDetailsAndLegacy/missing (0.00s)
2026-10-08T04:20:05.9037181Z === RUN   TestR212InstallTimingDetailsAndLegacy/legacy
2026-10-08T04:20:05.9052638Z --- PASS: TestR212InstallTimingDetailsAndLegacy/legacy (0.00s)
2026-10-08T04:20:05.9053753Z === RUN   TestR212InstallTimingDetailsAndLegacy/skew
2026-10-08T04:20:05.9071233Z --- PASS: TestR212InstallTimingDetailsAndLegacy/skew (0.00s)
2026-10-08T04:20:05.9072216Z --- PASS: TestR212InstallTimingDetailsAndLegacy (0.01s)
2026-10-08T04:20:05.9073087Z === RUN   TestR213ProgressAndRebuildDiagnosticWhitelist
2026-10-08T04:20:05.9074017Z === RUN   TestR213ProgressAndRebuildDiagnosticWhitelist/progress
2026-10-08T04:20:05.9100623Z --- PASS: TestR213ProgressAndRebuildDiagnosticWhitelist/progress (0.00s)
2026-10-08T04:20:05.9101772Z === RUN   TestR213ProgressAndRebuildDiagnosticWhitelist/rebuild
2026-10-08T04:20:05.9129223Z --- PASS: TestR213ProgressAndRebuildDiagnosticWhitelist/rebuild (0.00s)
2026-10-08T04:20:05.9130388Z --- PASS: TestR213ProgressAndRebuildDiagnosticWhitelist (0.01s)
2026-10-08T04:20:05.9131607Z === RUN   TestR214FreshRecentRankedBypassesBothCaches
2026-10-08T04:20:05.9158690Z     r214_test.go:71: fresh recent ranked: upstream=1 history_calls=1 sgp_history_cache_hits=0
2026-10-08T04:20:05.9176257Z --- PASS: TestR214FreshRecentRankedBypassesBothCaches (0.00s)
2026-10-08T04:20:05.9177650Z === RUN   TestR214FreshSeasonHeadBypassesRecentGate
2026-10-08T04:20:05.9955427Z     r214_test.go:126: fresh season head: upstream=1 sgp_history_cache_hits=0 scanned=0
2026-10-08T04:20:05.9980924Z --- PASS: TestR214FreshSeasonHeadBypassesRecentGate (0.08s)
2026-10-08T04:20:05.9982269Z === RUN   TestR216PythonV2MigrationConsistency260
2026-10-08T04:20:06.0065567Z     r216_score_test.go:14: missing 260 of 260 raw samples; checked every remaining sample
2026-10-08T04:20:06.0066866Z     r216_score_test.go:14: 校准原始样本已清理，见 R220
2026-10-08T04:20:06.0067331Z --- SKIP: TestR216PythonV2MigrationConsistency260 (0.01s)
2026-10-08T04:20:06.0067786Z === RUN   TestR216PythonV21GoldenConsistency260
2026-10-08T04:20:06.0146769Z     r216_score_test.go:17: missing 260 of 260 raw samples; checked every remaining sample
2026-10-08T04:20:06.0147898Z     r216_score_test.go:17: 校准原始样本已清理，见 R220
2026-10-08T04:20:06.0148539Z --- SKIP: TestR216PythonV21GoldenConsistency260 (0.01s)
2026-10-08T04:20:06.0148991Z === RUN   TestR216LegacyV2JSGolden20
2026-10-08T04:20:06.0236665Z --- PASS: TestR216LegacyV2JSGolden20 (0.01s)
2026-10-08T04:20:06.0237327Z === RUN   TestR216V21GameplayGolden20
2026-10-08T04:20:06.0342089Z --- PASS: TestR216V21GameplayGolden20 (0.01s)
2026-10-08T04:20:06.0343036Z === RUN   TestR216LegacyScoringInvariants
2026-10-08T04:20:06.0344437Z --- PASS: TestR216LegacyScoringInvariants (0.00s)
2026-10-08T04:20:06.0345152Z === RUN   TestR216RoleReferencesAndOutliers
2026-10-08T04:20:06.0349471Z --- PASS: TestR216RoleReferencesAndOutliers (0.00s)
2026-10-08T04:20:06.0350060Z === RUN   TestR216PresenceRoundTripAndExtraFields
2026-10-08T04:20:06.0352549Z --- PASS: TestR216PresenceRoundTripAndExtraFields (0.00s)
2026-10-08T04:20:06.0353410Z === RUN   TestR216V21ScoreDiagnosticDedupPrivacy
2026-10-08T04:20:06.0381703Z --- PASS: TestR216V21ScoreDiagnosticDedupPrivacy (0.00s)
2026-10-08T04:20:06.0382852Z === RUN   TestR216ScoreDump
2026-10-08T04:20:06.0383570Z     r216_score_test.go:300: offline bridge not requested
2026-10-08T04:20:06.0384411Z --- SKIP: TestR216ScoreDump (0.00s)
2026-10-08T04:20:06.0384825Z === RUN   TestR216LegacyRankBadgesAndHiddenPrecision
2026-10-08T04:20:06.0385559Z --- PASS: TestR216LegacyRankBadgesAndHiddenPrecision (0.00s)
2026-10-08T04:20:06.0386316Z === RUN   TestR216V21ProductionFrozenParams
2026-10-08T04:20:06.0387187Z --- PASS: TestR216V21ProductionFrozenParams (0.00s)
2026-10-08T04:20:06.0387951Z === RUN   TestR216ChampionTableThreeGamesAndMissing
2026-10-08T04:20:06.0392474Z --- PASS: TestR216ChampionTableThreeGamesAndMissing (0.00s)
2026-10-08T04:20:06.0393336Z === RUN   TestR216ChampionTableOpponentEvidence
2026-10-08T04:20:06.0394481Z --- PASS: TestR216ChampionTableOpponentEvidence (0.00s)
2026-10-08T04:20:06.0395292Z === RUN   TestR216OPGGChampionTableObservedPage
2026-10-08T04:20:06.0396045Z === PAUSE TestR216OPGGChampionTableObservedPage
2026-10-08T04:20:06.0396727Z === RUN   TestR216FourteenKeywords
2026-10-08T04:20:06.0397342Z --- PASS: TestR216FourteenKeywords (0.00s)
2026-10-08T04:20:06.0397899Z === RUN   TestR216MatchTagsPersistAndPrivacy
2026-10-08T04:20:06.0533210Z --- PASS: TestR216MatchTagsPersistAndPrivacy (0.01s)
2026-10-08T04:20:06.0534107Z === RUN   TestR216HistoricalKeywordDump
2026-10-08T04:20:06.0534992Z     r216_tags_test.go:87: historical export not requested
2026-10-08T04:20:06.0535621Z --- SKIP: TestR216HistoricalKeywordDump (0.00s)
2026-10-08T04:20:06.0536671Z === RUN   TestR216TimelineKeywordCheckpointUsesPastEventsAndOptionalFields
2026-10-08T04:20:06.0538486Z --- PASS: TestR216TimelineKeywordCheckpointUsesPastEventsAndOptionalFields (0.00s)
2026-10-08T04:20:06.0539529Z === RUN   TestR217SixKeywordsKeepCacheVersionAndReadOnlyFiltering
2026-10-08T04:20:06.0773140Z --- PASS: TestR217SixKeywordsKeepCacheVersionAndReadOnlyFiltering (0.02s)
2026-10-08T04:20:06.0774920Z === RUN   TestR217ComputedKeywordsFollowHoldoutDisplayWithoutFallback
2026-10-08T04:20:06.0776566Z --- PASS: TestR217ComputedKeywordsFollowHoldoutDisplayWithoutFallback (0.00s)
2026-10-08T04:20:06.0777717Z === RUN   TestR217KeywordDump
2026-10-08T04:20:06.0778629Z     r217_test.go:14: offline bridge not requested
2026-10-08T04:20:06.0779499Z --- SKIP: TestR217KeywordDump (0.00s)
2026-10-08T04:20:06.0780339Z === RUN   TestR217CurveDirectionsAndFourEndingClasses
2026-10-08T04:20:06.0781398Z --- PASS: TestR217CurveDirectionsAndFourEndingClasses (0.00s)
2026-10-08T04:20:06.0783945Z === RUN   TestR217LookupCoversAllFrozenCombinationsAndRejectsUnseen
2026-10-08T04:20:06.0785582Z --- PASS: TestR217LookupCoversAllFrozenCombinationsAndRejectsUnseen (0.00s)
2026-10-08T04:20:06.0787179Z === RUN   TestR217MinuteCheckpointsAndUnknownFrames
2026-10-08T04:20:06.0792832Z --- PASS: TestR217MinuteCheckpointsAndUnknownFrames (0.00s)
2026-10-08T04:20:06.0794224Z === RUN   TestR219StatusClientDiscovery
2026-10-08T04:20:06.0795184Z === RUN   TestR219StatusClientDiscovery/process-not-foundprocess-not-found
2026-10-08T04:20:06.0796731Z --- PASS: TestR219StatusClientDiscovery/process-not-foundprocess-not-found (0.00s)
2026-10-08T04:20:06.0798242Z === RUN   TestR219StatusClientDiscovery/process-query-failedprocess-query-failed
2026-10-08T04:20:06.0800615Z --- PASS: TestR219StatusClientDiscovery/process-query-failedprocess-query-failed (0.00s)
2026-10-08T04:20:06.0802463Z === RUN   TestR219StatusClientDiscovery/credentials-unreadablecredentials-unreadable
2026-10-08T04:20:06.0803915Z --- PASS: TestR219StatusClientDiscovery/credentials-unreadablecredentials-unreadable (0.00s)
2026-10-08T04:20:06.0805850Z === RUN   TestR219StatusClientDiscovery/probe-failedprobe-failed
2026-10-08T04:20:06.0807323Z --- PASS: TestR219StatusClientDiscovery/probe-failedprobe-failed (0.00s)
2026-10-08T04:20:06.0808477Z === RUN   TestR219StatusClientDiscovery/searching
2026-10-08T04:20:06.0809317Z --- PASS: TestR219StatusClientDiscovery/searching (0.00s)
2026-10-08T04:20:06.0810739Z === RUN   TestR219StatusClientDiscovery/#00
2026-10-08T04:20:06.0811506Z --- PASS: TestR219StatusClientDiscovery/#00 (0.00s)
2026-10-08T04:20:06.0812402Z === RUN   TestR219StatusClientDiscovery/PRIVATE-PATH
2026-10-08T04:20:06.0813248Z --- PASS: TestR219StatusClientDiscovery/PRIVATE-PATH (0.00s)
2026-10-08T04:20:06.0814323Z === RUN   TestR219StatusClientDiscovery/process-not-foundconnected
2026-10-08T04:20:06.0816809Z --- PASS: TestR219StatusClientDiscovery/process-not-foundconnected (0.00s)
2026-10-08T04:20:06.0818715Z --- PASS: TestR219StatusClientDiscovery (0.00s)
2026-10-08T04:20:06.0819225Z === RUN   TestR219RenderFailureAndHideDiagnosticFields
2026-10-08T04:20:06.0819723Z === RUN   TestR219RenderFailureAndHideDiagnosticFields/known
2026-10-08T04:20:06.0845705Z --- PASS: TestR219RenderFailureAndHideDiagnosticFields/known (0.00s)
2026-10-08T04:20:06.0846802Z === RUN   TestR219RenderFailureAndHideDiagnosticFields/unapproved
2026-10-08T04:20:06.0875608Z --- PASS: TestR219RenderFailureAndHideDiagnosticFields/unapproved (0.00s)
2026-10-08T04:20:06.0876754Z === RUN   TestR219RenderFailureAndHideDiagnosticFields/hide
2026-10-08T04:20:06.0903544Z --- PASS: TestR219RenderFailureAndHideDiagnosticFields/hide (0.00s)
2026-10-08T04:20:06.0904298Z === RUN   TestR219RenderFailureAndHideDiagnosticFields/hide-private
2026-10-08T04:20:06.0930703Z --- PASS: TestR219RenderFailureAndHideDiagnosticFields/hide-private (0.00s)
2026-10-08T04:20:06.0932411Z --- PASS: TestR219RenderFailureAndHideDiagnosticFields (0.01s)
2026-10-08T04:20:06.0933050Z === RUN   TestR220PlatformRoutingAndIsolation
2026-10-08T04:20:06.0937186Z --- PASS: TestR220PlatformRoutingAndIsolation (0.00s)
2026-10-08T04:20:06.0938001Z === RUN   TestR220ClientStatusAndDiagnosticWhitelist
2026-10-08T04:20:06.0974525Z --- PASS: TestR220ClientStatusAndDiagnosticWhitelist (0.00s)
2026-10-08T04:20:06.0975624Z === RUN   TestR220HistoryRetryCadence
2026-10-08T04:20:06.0976975Z --- PASS: TestR220HistoryRetryCadence (0.00s)
2026-10-08T04:20:06.0978291Z === RUN   TestR220HistoryDecisionAndFallback
2026-10-08T04:20:06.0979015Z --- PASS: TestR220HistoryDecisionAndFallback (0.00s)
2026-10-08T04:20:06.0979654Z === RUN   TestR220CooldownPlatformIsolation
2026-10-08T04:20:06.0980269Z --- PASS: TestR220CooldownPlatformIsolation (0.00s)
2026-10-08T04:20:06.0982478Z === RUN   TestR220PracticeModeAndPrimaryPosition
2026-10-08T04:20:06.0984085Z --- PASS: TestR220PracticeModeAndPrimaryPosition (0.00s)
2026-10-08T04:20:06.0984936Z === RUN   TestR220LocalOverviewRetryBudget
2026-10-08T04:20:06.0986233Z --- PASS: TestR220LocalOverviewRetryBudget (0.00s)
2026-10-08T04:20:06.0986998Z === RUN   TestR220JPHistoryUsesMatchDetailsAndRegionScopedTags
2026-10-08T04:20:06.0988025Z --- PASS: TestR220JPHistoryUsesMatchDetailsAndRegionScopedTags (0.00s)
2026-10-08T04:20:06.0988571Z === RUN   TestR220MatchTierDiskCacheIsPlatformScoped
2026-10-08T04:20:06.1224296Z --- PASS: TestR220MatchTierDiskCacheIsPlatformScoped (0.02s)
2026-10-08T04:20:06.1225906Z === RUN   TestR220RiotFailureAttemptsKeepSpecificSafeReasons
2026-10-08T04:20:06.1227358Z --- PASS: TestR220RiotFailureAttemptsKeepSpecificSafeReasons (0.00s)
2026-10-08T04:20:06.1228576Z === RUN   TestR222ArenaTruthRetryCancellation
2026-10-08T04:20:06.1229601Z --- PASS: TestR222ArenaTruthRetryCancellation (0.00s)
2026-10-08T04:20:06.1230629Z === RUN   TestR223OptionalStatsAcrossRiotAndLCU
2026-10-08T04:20:06.1288755Z --- PASS: TestR223OptionalStatsAcrossRiotAndLCU (0.01s)
2026-10-08T04:20:06.1290159Z === RUN   TestR223DecodeFallbackAndPrivacy
2026-10-08T04:20:06.1291333Z --- PASS: TestR223DecodeFallbackAndPrivacy (0.00s)
2026-10-08T04:20:06.1292046Z === RUN   TestR223SGPDoesNotRefillDecodedPage
2026-10-08T04:20:06.1321885Z --- PASS: TestR223SGPDoesNotRefillDecodedPage (0.00s)
2026-10-08T04:20:06.1322565Z === RUN   TestR223RegionAliasesAndAuthority
2026-10-08T04:20:06.1327514Z --- PASS: TestR223RegionAliasesAndAuthority (0.00s)
2026-10-08T04:20:06.1328425Z === RUN   TestR223UnknownPlatformRetriesAndPreservesEnum
2026-10-08T04:20:06.1329434Z --- PASS: TestR223UnknownPlatformRetriesAndPreservesEnum (0.00s)
2026-10-08T04:20:06.1330328Z === RUN   TestR223UnknownLCUHistoryRetries
2026-10-08T04:20:06.1331078Z --- PASS: TestR223UnknownLCUHistoryRetries (0.00s)
2026-10-08T04:20:06.1331829Z === RUN   TestR223CancelledLaunchStopsImmediately
2026-10-08T04:20:06.1332657Z --- PASS: TestR223CancelledLaunchStopsImmediately (0.00s)
2026-10-08T04:20:06.1333987Z === RUN   TestR223NoDirectLeagueCandidatesAndRiotPaths
2026-10-08T04:20:06.1346383Z --- PASS: TestR223NoDirectLeagueCandidatesAndRiotPaths (0.00s)
2026-10-08T04:20:06.1347520Z === RUN   TestR223TwentyTenPlayerGamesKeepSeasonPeersAndCurves
2026-10-08T04:20:06.1460558Z --- PASS: TestR223TwentyTenPlayerGamesKeepSeasonPeersAndCurves (0.01s)
2026-10-08T04:20:06.1464086Z === RUN   TestR223ChallengesWholeShapeIsOptional
2026-10-08T04:20:06.1464658Z --- PASS: TestR223ChallengesWholeShapeIsOptional (0.00s)
2026-10-08T04:20:06.1465256Z === RUN   TestR223ForeignAndUnknownClientCannotUseExplicitTencentReferences
2026-10-08T04:20:06.1465990Z --- PASS: TestR223ForeignAndUnknownClientCannotUseExplicitTencentReferences (0.00s)
2026-10-08T04:20:06.1466527Z === RUN   TestR223LaunchLocksArePerEntry
2026-10-08T04:20:06.1466909Z --- PASS: TestR223LaunchLocksArePerEntry (0.00s)
2026-10-08T04:20:06.1467384Z === RUN   TestR224BraverySkipsPlanningThenExecutesStrategies
2026-10-08T04:20:06.1467934Z === RUN   TestR224BraverySkipsPlanningThenExecutesStrategies/lock-now
2026-10-08T04:20:06.1490738Z --- PASS: TestR224BraverySkipsPlanningThenExecutesStrategies/lock-now (0.00s)
2026-10-08T04:20:06.1492016Z === RUN   TestR224BraverySkipsPlanningThenExecutesStrategies/show-then-lock
2026-10-08T04:20:06.1534957Z --- PASS: TestR224BraverySkipsPlanningThenExecutesStrategies/show-then-lock (0.00s)
2026-10-08T04:20:06.1536897Z === RUN   TestR224BraverySkipsPlanningThenExecutesStrategies/show-only
2026-10-08T04:20:06.1563356Z --- PASS: TestR224BraverySkipsPlanningThenExecutesStrategies/show-only (0.00s)
2026-10-08T04:20:06.1564165Z --- PASS: TestR224BraverySkipsPlanningThenExecutesStrategies (0.01s)
2026-10-08T04:20:06.1564937Z === RUN   TestR224IntentFailureDoesNotConsumeLockBudget
2026-10-08T04:20:06.1639238Z --- PASS: TestR224IntentFailureDoesNotConsumeLockBudget (0.01s)
2026-10-08T04:20:06.1640139Z === RUN   TestR224SingleCandidateFailureExplainsStopAndResetsOnDodge
2026-10-08T04:20:06.1694922Z --- PASS: TestR224SingleCandidateFailureExplainsStopAndResetsOnDodge (0.01s)
2026-10-08T04:20:06.1696444Z === RUN   TestR224BraveryRandomChampionConfirmsCompletedOnly
2026-10-08T04:20:06.1697455Z === RUN   TestR224BraveryRandomChampionConfirmsCompletedOnly/true
2026-10-08T04:20:06.1718351Z --- PASS: TestR224BraveryRandomChampionConfirmsCompletedOnly/true (0.00s)
2026-10-08T04:20:06.1719635Z === RUN   TestR224BraveryRandomChampionConfirmsCompletedOnly/false
2026-10-08T04:20:06.1740823Z --- PASS: TestR224BraveryRandomChampionConfirmsCompletedOnly/false (0.00s)
2026-10-08T04:20:06.1741907Z --- PASS: TestR224BraveryRandomChampionConfirmsCompletedOnly (0.00s)
2026-10-08T04:20:06.1742908Z === RUN   TestR224RosterDropsStaleArenaTeamTwoAndDuplicateRefs
2026-10-08T04:20:06.1743861Z === RUN   TestR224RosterDropsStaleArenaTeamTwoAndDuplicateRefs/false
2026-10-08T04:20:06.1883123Z --- PASS: TestR224RosterDropsStaleArenaTeamTwoAndDuplicateRefs/false (0.01s)
2026-10-08T04:20:06.1884326Z === RUN   TestR224RosterDropsStaleArenaTeamTwoAndDuplicateRefs/true
2026-10-08T04:20:06.2027744Z --- PASS: TestR224RosterDropsStaleArenaTeamTwoAndDuplicateRefs/true (0.01s)
2026-10-08T04:20:06.2028948Z --- PASS: TestR224RosterDropsStaleArenaTeamTwoAndDuplicateRefs (0.03s)
2026-10-08T04:20:06.2029729Z === RUN   TestR227GateChangesDuringSessionReadDoNotStopPick
2026-10-08T04:20:06.2030297Z === RUN   TestR227GateChangesDuringSessionReadDoNotStopPick/pause
2026-10-08T04:20:06.2049084Z --- PASS: TestR227GateChangesDuringSessionReadDoNotStopPick/pause (0.00s)
2026-10-08T04:20:06.2050492Z === RUN   TestR227GateChangesDuringSessionReadDoNotStopPick/takeover
2026-10-08T04:20:06.2070706Z --- PASS: TestR227GateChangesDuringSessionReadDoNotStopPick/takeover (0.00s)
2026-10-08T04:20:06.2071390Z === RUN   TestR227GateChangesDuringSessionReadDoNotStopPick/leave-phase
2026-10-08T04:20:06.2092041Z --- PASS: TestR227GateChangesDuringSessionReadDoNotStopPick/leave-phase (0.00s)
2026-10-08T04:20:06.2093212Z === RUN   TestR227GateChangesDuringSessionReadDoNotStopPick/disabled
2026-10-08T04:20:06.2114097Z --- PASS: TestR227GateChangesDuringSessionReadDoNotStopPick/disabled (0.00s)
2026-10-08T04:20:06.2115300Z --- PASS: TestR227GateChangesDuringSessionReadDoNotStopPick (0.01s)
2026-10-08T04:20:06.2116368Z === RUN   TestR227TakeoverAfterCandidateEvaluationDoesNotStopPick
2026-10-08T04:20:06.2135484Z --- PASS: TestR227TakeoverAfterCandidateEvaluationDoesNotStopPick (0.00s)
2026-10-08T04:20:06.2136661Z === RUN   TestR229ClientHistoryUsesPublicIdentityAndHighlightsSelf
2026-10-08T04:20:06.2142430Z --- PASS: TestR229ClientHistoryUsesPublicIdentityAndHighlightsSelf (0.00s)
2026-10-08T04:20:06.2144902Z === RUN   TestR229IdentityFlightCannotRepopulateAfterAccountSwitch
2026-10-08T04:20:06.2146290Z --- PASS: TestR229IdentityFlightCannotRepopulateAfterAccountSwitch (0.00s)
2026-10-08T04:20:06.2148136Z === RUN   TestR229MissingRiotIDFallsBackWithoutPublicRequest
2026-10-08T04:20:06.2150250Z --- PASS: TestR229MissingRiotIDFallsBackWithoutPublicRequest (0.00s)
2026-10-08T04:20:06.2151714Z === RUN   TestR229Decrypt400IsAnEnumAndDoesNotRetainBody
2026-10-08T04:20:06.2152721Z --- PASS: TestR229Decrypt400IsAnEnumAndDoesNotRetainBody (0.00s)
2026-10-08T04:20:06.2153584Z === RUN   TestR229WeGameRegistryShortcutAndCancel
2026-10-08T04:20:06.2163949Z --- PASS: TestR229WeGameRegistryShortcutAndCancel (0.00s)
2026-10-08T04:20:06.2165146Z === RUN   TestR229FastDiscoveryWindowAndNumericMilestones
2026-10-08T04:20:06.2194993Z --- PASS: TestR229FastDiscoveryWindowAndNumericMilestones (0.00s)
2026-10-08T04:20:06.2195582Z === RUN   TestR230SeasonParseLossRetriesSamePage
2026-10-08T04:20:06.2430877Z --- PASS: TestR230SeasonParseLossRetriesSamePage (0.02s)
2026-10-08T04:20:06.2431907Z === RUN   TestR230SeasonCompletionRequiresBoundaryOrCleanTerminalPage
2026-10-08T04:20:06.2432996Z === RUN   TestR230SeasonCompletionRequiresBoundaryOrCleanTerminalPage/season-boundary
2026-10-08T04:20:06.2633026Z --- PASS: TestR230SeasonCompletionRequiresBoundaryOrCleanTerminalPage/season-boundary (0.02s)
2026-10-08T04:20:06.2634355Z === RUN   TestR230SeasonCompletionRequiresBoundaryOrCleanTerminalPage/clean-terminal
2026-10-08T04:20:06.2839356Z --- PASS: TestR230SeasonCompletionRequiresBoundaryOrCleanTerminalPage/clean-terminal (0.02s)
2026-10-08T04:20:06.2840668Z === RUN   TestR230SeasonCompletionRequiresBoundaryOrCleanTerminalPage/more-upstream
2026-10-08T04:20:06.3049762Z --- PASS: TestR230SeasonCompletionRequiresBoundaryOrCleanTerminalPage/more-upstream (0.02s)
2026-10-08T04:20:06.3051509Z --- PASS: TestR230SeasonCompletionRequiresBoundaryOrCleanTerminalPage (0.06s)
2026-10-08T04:20:06.3052732Z === RUN   TestR230Schema12FalseCompleteTriggersBackfill
2026-10-08T04:20:06.3959173Z --- PASS: TestR230Schema12FalseCompleteTriggersBackfill (0.09s)
2026-10-08T04:20:06.3959962Z === RUN   TestR230NamesWithoutCollectionOnBothEndpoints
2026-10-08T04:20:06.4279310Z --- PASS: TestR230NamesWithoutCollectionOnBothEndpoints (0.03s)
2026-10-08T04:20:06.4280222Z === RUN   TestR230ArenaSquadRestoresSameGameAndExpires
2026-10-08T04:20:06.4281017Z === RUN   TestR230ArenaSquadRestoresSameGameAndExpires/same
2026-10-08T04:20:06.4424747Z --- PASS: TestR230ArenaSquadRestoresSameGameAndExpires/same (0.01s)
2026-10-08T04:20:06.4425757Z === RUN   TestR230ArenaSquadRestoresSameGameAndExpires/different
2026-10-08T04:20:06.4510516Z --- PASS: TestR230ArenaSquadRestoresSameGameAndExpires/different (0.01s)
2026-10-08T04:20:06.4511630Z === RUN   TestR230ArenaSquadRestoresSameGameAndExpires/expired
2026-10-08T04:20:06.4718725Z --- PASS: TestR230ArenaSquadRestoresSameGameAndExpires/expired (0.02s)
2026-10-08T04:20:06.4719759Z --- PASS: TestR230ArenaSquadRestoresSameGameAndExpires (0.04s)
2026-10-08T04:20:06.4720822Z === RUN   TestR230OverviewNavigationReusesHistoryAndManualRefreshBypasses
2026-10-08T04:20:06.4939551Z --- PASS: TestR230OverviewNavigationReusesHistoryAndManualRefreshBypasses (0.02s)
2026-10-08T04:20:06.4940887Z === RUN   TestR230ArenaSquadDoesNotRestoreAcrossAccounts
2026-10-08T04:20:06.5028926Z --- PASS: TestR230ArenaSquadDoesNotRestoreAcrossAccounts (0.01s)
2026-10-08T04:20:06.5030214Z === RUN   TestR230RepeatedOverviewHasCacheHitsAndHalfBytes
2026-10-08T04:20:06.5037879Z     r230_test.go:256: first=&{mu:{_:{} mu:{state:0 sema:0}} requests:4 bytes:718 historyCalls:3 historyCacheHits:0 participantShapeSampled:true decodeFailed:0} second=&{mu:{_:{} mu:{state:0 sema:0}} requests:1 bytes:13 historyCalls:1 historyCacheHits:1 participantShapeSampled:false decodeFailed:0}
2026-10-08T04:20:06.5243448Z --- PASS: TestR230RepeatedOverviewHasCacheHitsAndHalfBytes (0.02s)
2026-10-08T04:20:06.5244713Z === RUN   TestR230ClientDiagnosticsUseOnlySafeFields
2026-10-08T04:20:06.5274467Z --- PASS: TestR230ClientDiagnosticsUseOnlySafeFields (0.00s)
2026-10-08T04:20:06.5275820Z === RUN   TestR230IncompleteHeadWithoutResumeAdvancesAcrossKnownGames
2026-10-08T04:20:06.5481763Z --- PASS: TestR230IncompleteHeadWithoutResumeAdvancesAcrossKnownGames (0.02s)
2026-10-08T04:20:06.5483291Z === RUN   TestR231TaggedSeasonBeyondMixedWindowAndCap
2026-10-08T04:20:06.5484494Z === RUN   TestR231TaggedSeasonBeyondMixedWindowAndCap/season_start
2026-10-08T04:20:06.5588631Z --- PASS: TestR231TaggedSeasonBeyondMixedWindowAndCap/season_start (0.01s)
2026-10-08T04:20:06.5590871Z === RUN   TestR231TaggedSeasonBeyondMixedWindowAndCap/upstream_window
2026-10-08T04:20:06.5839430Z --- PASS: TestR231TaggedSeasonBeyondMixedWindowAndCap/upstream_window (0.02s)
2026-10-08T04:20:06.5840447Z --- PASS: TestR231TaggedSeasonBeyondMixedWindowAndCap (0.04s)
2026-10-08T04:20:06.5841144Z === RUN   TestR231HeadAlwaysZeroAndAddsNewGames
2026-10-08T04:20:06.5912681Z --- PASS: TestR231HeadAlwaysZeroAndAddsNewGames (0.01s)
2026-10-08T04:20:06.5913591Z === RUN   TestR231ConcurrentWritesMergeGamesAndAggregates
2026-10-08T04:20:06.6147382Z --- PASS: TestR231ConcurrentWritesMergeGamesAndAggregates (0.02s)
2026-10-08T04:20:06.6147976Z === RUN   TestR231BackgroundSuppressesHead
2026-10-08T04:20:06.6168835Z --- PASS: TestR231BackgroundSuppressesHead (0.00s)
2026-10-08T04:20:06.6169451Z === RUN   TestR231SeasonSummaryIsNetworkFree
2026-10-08T04:20:06.6332433Z --- PASS: TestR231SeasonSummaryIsNetworkFree (0.02s)
2026-10-08T04:20:06.6333348Z === RUN   TestR231RelayForceBackoffAndSlowBody
2026-10-08T04:20:06.6352725Z --- PASS: TestR231RelayForceBackoffAndSlowBody (0.00s)
2026-10-08T04:20:06.6353556Z === RUN   TestR231ClientShutdownSignalAndRestore
2026-10-08T04:20:06.6379854Z --- PASS: TestR231ClientShutdownSignalAndRestore (0.00s)
2026-10-08T04:20:06.6380691Z === RUN   TestR231RatingTemporaryAndNotRecordedTTL
2026-10-08T04:20:06.6381921Z === RUN   TestR231RatingTemporaryAndNotRecordedTTL/false
2026-10-08T04:20:06.6382806Z --- PASS: TestR231RatingTemporaryAndNotRecordedTTL/false (0.00s)
2026-10-08T04:20:06.6383335Z === RUN   TestR231RatingTemporaryAndNotRecordedTTL/true
2026-10-08T04:20:06.6383860Z --- PASS: TestR231RatingTemporaryAndNotRecordedTTL/true (0.00s)
2026-10-08T04:20:06.6384745Z --- PASS: TestR231RatingTemporaryAndNotRecordedTTL (0.00s)
2026-10-08T04:20:06.6385592Z === RUN   TestR231CurrentForeignHistoryDoesNotWaitForRiot
2026-10-08T04:20:06.6406269Z --- PASS: TestR231CurrentForeignHistoryDoesNotWaitForRiot (0.00s)
2026-10-08T04:20:06.6406838Z === RUN   TestR231QueueLabelsReturnBeforeSlowLCU
2026-10-08T04:20:08.1412749Z --- PASS: TestR231QueueLabelsReturnBeforeSlowLCU (1.50s)
2026-10-08T04:20:08.1413692Z === RUN   TestR231OPGGZeroIsExplicitAndRegionCopy
2026-10-08T04:20:08.1414615Z --- PASS: TestR231OPGGZeroIsExplicitAndRegionCopy (0.00s)
2026-10-08T04:20:08.1415543Z === RUN   TestR231ShutdownChatSignalsMustBeRecent
2026-10-08T04:20:08.1446059Z --- PASS: TestR231ShutdownChatSignalsMustBeRecent (0.00s)
2026-10-08T04:20:08.1446985Z === RUN   TestR231ForceJoinsProbeDuringBackoff
2026-10-08T04:20:08.1669011Z --- PASS: TestR231ForceJoinsProbeDuringBackoff (0.02s)
2026-10-08T04:20:08.1670014Z === RUN   TestR231ShutdownTraceRedactsDynamicPaths
2026-10-08T04:20:08.1670991Z --- PASS: TestR231ShutdownTraceRedactsDynamicPaths (0.00s)
2026-10-08T04:20:08.1672005Z === RUN   TestR231RankedAndMayhemStreamsStayIndependent
2026-10-08T04:20:08.1776236Z --- PASS: TestR231RankedAndMayhemStreamsStayIndependent (0.01s)
2026-10-08T04:20:08.1777194Z === RUN   TestR231ProbeCountsReadErrorResponseBytes
2026-10-08T04:20:08.1797266Z --- PASS: TestR231ProbeCountsReadErrorResponseBytes (0.00s)
2026-10-08T04:20:08.1798150Z === RUN   TestR235MigrationKeepsHistoricalGames
2026-10-08T04:20:08.2827393Z --- PASS: TestR235MigrationKeepsHistoricalGames (0.10s)
2026-10-08T04:20:08.2828064Z === RUN   TestR235UpstreamWindowAndSupplementDedup
2026-10-08T04:20:08.2939238Z --- PASS: TestR235UpstreamWindowAndSupplementDedup (0.01s)
2026-10-08T04:20:08.2940254Z === RUN   TestR235HeadStreamsConcurrentAndFirstPagePush
2026-10-08T04:20:08.8043453Z --- PASS: TestR235HeadStreamsConcurrentAndFirstPagePush (0.51s)
2026-10-08T04:20:08.8044016Z === RUN   TestR235RelayProbeIndependentBudgets
2026-10-08T04:20:17.8046497Z --- PASS: TestR235RelayProbeIndependentBudgets (9.00s)
2026-10-08T04:20:17.8047441Z === RUN   TestR235RelayThreeErrorsAndRecentSuccess
2026-10-08T04:20:17.8048198Z --- PASS: TestR235RelayThreeErrorsAndRecentSuccess (0.00s)
2026-10-08T04:20:17.8048891Z === RUN   TestR235RatingHeaderAndBodyBudgetsAndFailureRetry
2026-10-08T04:20:40.8060477Z --- PASS: TestR235RatingHeaderAndBodyBudgetsAndFailureRetry (23.00s)
2026-10-08T04:20:40.8063865Z === RUN   TestR235ArenaResultBoundariesAndOptionalFields
2026-10-08T04:20:40.8065310Z --- PASS: TestR235ArenaResultBoundariesAndOptionalFields (0.00s)
2026-10-08T04:20:40.8066331Z === RUN   TestR235CurrentHistorySnapshotImmediateAndSSE
2026-10-08T04:20:47.4837223Z --- PASS: TestR235CurrentHistorySnapshotImmediateAndSSE (6.68s)
2026-10-08T04:20:47.4838288Z === RUN   TestR235HistoryPublicReferencesDoNotMutateFlight
2026-10-08T04:20:47.4842288Z --- PASS: TestR235HistoryPublicReferencesDoNotMutateFlight (0.00s)
2026-10-08T04:20:47.4843280Z === RUN   TestR235RelayTTFBWindowAndPathCategories
2026-10-08T04:20:47.4845358Z     r235_test.go:285: synthetic 10-minute summary: map[string]interface {}{"categories":map[string]int{"match":4}, "event":"riot_relay_request_summary", "failures":map[string]interface {}{"auth":map[string]int{"match":1}, "network":map[string]int{"match":1}}, "http_statuses":map[string]int{"200":4}, "not_found":0, "rate_limited":0, "requests":4, "ttfb_median_ms":250, "ttfb_p90_ms":400, "ttfb_samples":4, "window_ms":600000}
2026-10-08T04:20:47.4848034Z --- PASS: TestR235RelayTTFBWindowAndPathCategories (0.00s)
2026-10-08T04:20:47.4848772Z === RUN   TestR235HeadPersistsEachPageWithoutLosingAccumulator
2026-10-08T04:20:47.4999970Z --- PASS: TestR235HeadPersistsEachPageWithoutLosingAccumulator (0.02s)
2026-10-08T04:20:47.5001552Z === RUN   TestR235FastHistoryReturnsIndependentParticipantsForSharedFlight
2026-10-08T04:20:47.5020272Z --- PASS: TestR235FastHistoryReturnsIndependentParticipantsForSharedFlight (0.00s)
2026-10-08T04:20:47.5021475Z === RUN   TestR235SelfOverviewBypassesRelayAndColdHistory
2026-10-08T04:20:47.5022439Z === RUN   TestR235SelfOverviewBypassesRelayAndColdHistory/true
2026-10-08T04:20:54.2230510Z     r235_test.go:385: cached=true overview=2.615ms; history=6s; relay=0
2026-10-08T04:20:54.2262835Z --- PASS: TestR235SelfOverviewBypassesRelayAndColdHistory/true (6.72s)
2026-10-08T04:20:54.2263964Z === RUN   TestR235SelfOverviewBypassesRelayAndColdHistory/false
2026-10-08T04:21:00.2485530Z     r235_test.go:385: cached=false overview=3.000073s; history=6s; relay=0
2026-10-08T04:21:00.2516062Z --- PASS: TestR235SelfOverviewBypassesRelayAndColdHistory/false (6.03s)
2026-10-08T04:21:00.2517221Z --- PASS: TestR235SelfOverviewBypassesRelayAndColdHistory (12.75s)
2026-10-08T04:21:00.2518200Z === RUN   TestR238BadSGPEntryKeepsOtherGamesAndShapeOnly
2026-10-08T04:21:00.2548714Z --- PASS: TestR238BadSGPEntryKeepsOtherGamesAndShapeOnly (0.00s)
2026-10-08T04:21:00.2549611Z === RUN   TestR238TruncatedSGPPageRetriesOnce
2026-10-08T04:21:00.7639370Z --- PASS: TestR238TruncatedSGPPageRetriesOnce (0.51s)
2026-10-08T04:21:00.7640736Z === RUN   TestR238BadHeadPageRetainsValidStatsWithoutFalseCompletion
2026-10-08T04:21:00.7690923Z --- PASS: TestR238BadHeadPageRetainsValidStatsWithoutFalseCompletion (0.01s)
2026-10-08T04:21:00.7692024Z === RUN   TestR238HeadRefreshReportsDecodeFailures
2026-10-08T04:21:00.7950923Z --- PASS: TestR238HeadRefreshReportsDecodeFailures (0.03s)
2026-10-08T04:21:00.7952055Z === RUN   TestR238ProIdentityTenPlayersTenOverviewOpensAreBounded
2026-10-08T04:21:00.7993710Z --- PASS: TestR238ProIdentityTenPlayersTenOverviewOpensAreBounded (0.00s)
2026-10-08T04:21:00.7994602Z === RUN   TestR238DefaultOnline076To077
2026-10-08T04:21:00.9160434Z --- PASS: TestR238DefaultOnline076To077 (0.12s)
2026-10-08T04:21:00.9161318Z === RUN   TestR241HeadFreshnessSmallRequestNewGamesAndRecentGate
2026-10-08T04:21:01.1582238Z     r241_test.go:97: head fixture bytes cold=3784 no_new=1261 new_one=3796 recent=0
2026-10-08T04:21:01.2093188Z --- PASS: TestR241HeadFreshnessSmallRequestNewGamesAndRecentGate (0.29s)
2026-10-08T04:21:01.2094620Z === RUN   TestR241CollectionRetriesSamplesPersistentNegativeTTLAndCatalogInvalidation
2026-10-08T04:21:01.2371185Z     r241_test.go:163: diagnostic fixture: map[attempts:3 blank_entries:1 blank_kinds:map[类型未知:1] blank_samples:[map[id:0 kind:类型未知]] build_fingerprint:dev event:collection_data_retry_exhausted last_error_kind:empty_identity log_seq:4 run_id:a19f371d8949af64862d0b3c time:2026-10-08T04:21:01.2356155Z]
2026-10-08T04:21:01.2390102Z --- PASS: TestR241CollectionRetriesSamplesPersistentNegativeTTLAndCatalogInvalidation (0.03s)
2026-10-08T04:21:01.2391430Z === RUN   TestR241CanceledHeadDoesNotAdvanceFreshnessMarker
2026-10-08T04:21:01.3540127Z --- PASS: TestR241CanceledHeadDoesNotAdvanceFreshnessMarker (0.11s)
2026-10-08T04:21:01.3541371Z === RUN   TestR244OldLiveHistoryAndHeaderShareRows
2026-10-08T04:21:01.3541848Z === RUN   TestR244OldLiveHistoryAndHeaderShareRows/10
2026-10-08T04:21:01.3542361Z --- PASS: TestR244OldLiveHistoryAndHeaderShareRows/10 (0.00s)
2026-10-08T04:21:01.3543157Z === RUN   TestR244OldLiveHistoryAndHeaderShareRows/3
2026-10-08T04:21:01.3544001Z --- PASS: TestR244OldLiveHistoryAndHeaderShareRows/3 (0.00s)
2026-10-08T04:21:01.3544468Z === RUN   TestR244OldLiveHistoryAndHeaderShareRows/0
2026-10-08T04:21:01.3544954Z --- PASS: TestR244OldLiveHistoryAndHeaderShareRows/0 (0.00s)
2026-10-08T04:21:01.3545437Z --- PASS: TestR244OldLiveHistoryAndHeaderShareRows (0.00s)
2026-10-08T04:21:01.3545911Z === RUN   TestR244UnfilteredHistoryStopsAfterTwoPages
2026-10-08T04:21:01.3792256Z --- PASS: TestR244UnfilteredHistoryStopsAfterTwoPages (0.03s)
2026-10-08T04:21:01.3793502Z === RUN   TestR244SGPAuthoritativeShortEmptyAndSelfCatchUp
2026-10-08T04:21:01.5679009Z --- PASS: TestR244SGPAuthoritativeShortEmptyAndSelfCatchUp (0.19s)
2026-10-08T04:21:01.5680167Z === RUN   TestR244SGPFailureFallsBackLCU
2026-10-08T04:21:01.5920729Z --- PASS: TestR244SGPFailureFallsBackLCU (0.02s)
2026-10-08T04:21:01.5921721Z === RUN   TestR244LightDiscoveryAndOneSweepPerLaunch
2026-10-08T04:21:01.5986658Z --- PASS: TestR244LightDiscoveryAndOneSweepPerLaunch (0.01s)
2026-10-08T04:21:01.5987542Z === RUN   TestR244ProbeReasonsAndTimeout
2026-10-08T04:21:01.5988777Z --- PASS: TestR244ProbeReasonsAndTimeout (0.00s)
2026-10-08T04:21:01.5989541Z === RUN   TestR244ColdConnectionSequenceAndSummonerEvent
2026-10-08T04:21:01.6062526Z --- PASS: TestR244ColdConnectionSequenceAndSummonerEvent (0.01s)
2026-10-08T04:21:01.6063244Z === RUN   TestR244OverviewParallelAndEarlyMatches
2026-10-08T04:21:02.1278103Z --- PASS: TestR244OverviewParallelAndEarlyMatches (0.52s)
2026-10-08T04:21:02.1278917Z === RUN   TestR244OverviewProgressDoesNotMutateAggregation
2026-10-08T04:21:02.1488392Z --- PASS: TestR244OverviewProgressDoesNotMutateAggregation (0.02s)
2026-10-08T04:21:02.1489694Z === RUN   TestR244OverviewFlightReplaysEarlyCard
2026-10-08T04:21:02.1491256Z --- PASS: TestR244OverviewFlightReplaysEarlyCard (0.00s)
2026-10-08T04:21:02.1492177Z === RUN   TestR244SelfCatchUpPublishesOtherPlayersBeforeLCU
2026-10-08T04:21:02.1759964Z --- PASS: TestR244SelfCatchUpPublishesOtherPlayersBeforeLCU (0.03s)
2026-10-08T04:21:02.1761885Z === RUN   TestR252ArenaTeamCountIsMaximumOfObservedAndKnown
2026-10-08T04:21:02.1763327Z --- PASS: TestR252ArenaTeamCountIsMaximumOfObservedAndKnown (0.00s)
2026-10-08T04:21:02.1764700Z === RUN   TestR252ManualSeasonHeadBypassesRecentGateAndStillProbes
2026-10-08T04:21:02.4735107Z --- PASS: TestR252ManualSeasonHeadBypassesRecentGateAndStillProbes (0.30s)
2026-10-08T04:21:02.4736587Z === RUN   TestSnapshotRetryDelayBacksOffAndCaps
2026-10-08T04:21:02.4737748Z --- PASS: TestSnapshotRetryDelayBacksOffAndCaps (0.00s)
2026-10-08T04:21:02.4739536Z === RUN   TestStalePresenceChoosesSmallestSupportedAuthoritativeSet
2026-10-08T04:21:02.4741088Z --- PASS: TestStalePresenceChoosesSmallestSupportedAuthoritativeSet (0.00s)
2026-10-08T04:21:02.4742168Z === RUN   TestPresenceExtraIDCannotSupportEitherAuthoritativeSet
2026-10-08T04:21:02.4743284Z --- PASS: TestPresenceExtraIDCannotSupportEitherAuthoritativeSet (0.00s)
2026-10-08T04:21:02.4744292Z === RUN   TestInventoryV1EndpointDisablesAfterRepeatedFailures
2026-10-08T04:21:02.4745386Z --- PASS: TestInventoryV1EndpointDisablesAfterRepeatedFailures (0.00s)
2026-10-08T04:21:02.4746506Z === RUN   TestInventoryV1EndpointIsRemovedFromLiveArbitrationAfterFailures
2026-10-08T04:21:02.4747976Z --- PASS: TestInventoryV1EndpointIsRemovedFromLiveArbitrationAfterFailures (0.00s)
2026-10-08T04:21:02.4748624Z === RUN   TestSkinsFromSnapshotMarksHistoricalOwnership
2026-10-08T04:21:02.4749164Z --- PASS: TestSkinsFromSnapshotMarksHistoricalOwnership (0.00s)
2026-10-08T04:21:02.4749997Z === RUN   TestHistoricalFallbackSkinsAreServedAsStaleWithoutSnapshotReady
2026-10-08T04:21:02.4751509Z --- PASS: TestHistoricalFallbackSkinsAreServedAsStaleWithoutSnapshotReady (0.00s)
2026-10-08T04:21:02.4752639Z === RUN   TestStatusExposesRetryBudgetAndHistoricalFallback
2026-10-08T04:21:02.4753455Z --- PASS: TestStatusExposesRetryBudgetAndHistoricalFallback (0.00s)
2026-10-08T04:21:02.4754038Z === RUN   TestWatchSettingsMigrateLegacyAndDefaultNewRulesOff
2026-10-08T04:21:02.4762838Z --- PASS: TestWatchSettingsMigrateLegacyAndDefaultNewRulesOff (0.00s)
2026-10-08T04:21:02.4763888Z === RUN   TestWatchSettingsFreshDefaultsAllAutomationOff
2026-10-08T04:21:02.4775093Z --- PASS: TestWatchSettingsFreshDefaultsAllAutomationOff (0.00s)
2026-10-08T04:21:02.4776340Z === RUN   TestWatchSettingsNormalizeEnumsAndSelectionBounds
2026-10-08T04:21:02.4777378Z --- PASS: TestWatchSettingsNormalizeEnumsAndSelectionBounds (0.00s)
2026-10-08T04:21:02.4778347Z === RUN   TestWatchApplyCancelsPendingActionsWhenDisabled
2026-10-08T04:21:02.4779281Z --- PASS: TestWatchApplyCancelsPendingActionsWhenDisabled (0.00s)
2026-10-08T04:21:02.4780144Z === RUN   TestWatchReadFailuresBroadcastAndDoNotWrite
2026-10-08T04:21:02.4791277Z --- PASS: TestWatchReadFailuresBroadcastAndDoNotWrite (0.00s)
2026-10-08T04:21:02.4792290Z === RUN   TestWatchEventsRouteSkipCelebrationAndInvitationPolicies
2026-10-08T04:21:02.4810351Z --- PASS: TestWatchEventsRouteSkipCelebrationAndInvitationPolicies (0.00s)
2026-10-08T04:21:02.4811374Z === RUN   TestWatchHonorEventNeverSelectsEnemy
2026-10-08T04:21:02.4825937Z --- PASS: TestWatchHonorEventNeverSelectsEnemy (0.00s)
2026-10-08T04:21:02.4826884Z === RUN   TestSettingsLockUsesTencentConfigAndRejectsSymlink
2026-10-08T04:21:02.4966733Z --- PASS: TestSettingsLockUsesTencentConfigAndRejectsSymlink (0.01s)
2026-10-08T04:21:02.4980866Z === RUN   TestSettingsLockRejectsAncestorSymlinkEscape
2026-10-08T04:21:02.5035077Z --- PASS: TestSettingsLockRejectsAncestorSymlinkEscape (0.01s)
2026-10-08T04:21:02.5035995Z === RUN   TestClientMaintenanceUsesLeadingSlashAndRejectsUnknownAction
2026-10-08T04:21:02.5046424Z --- PASS: TestClientMaintenanceUsesLeadingSlashAndRejectsUnknownAction (0.00s)
2026-10-08T04:21:02.5047039Z === RUN   TestFacadeRankAndLoginResetValidation
2026-10-08T04:21:02.5232126Z --- PASS: TestFacadeRankAndLoginResetValidation (0.02s)
2026-10-08T04:21:02.5233020Z === RUN   TestFacadeBackgroundWritesOnlySkinID
2026-10-08T04:21:02.5243090Z --- PASS: TestFacadeBackgroundWritesOnlySkinID (0.00s)
2026-10-08T04:21:02.5244052Z === RUN   TestClaimExecuteContinuesAfterLCUFailureAndParsesBody
2026-10-08T04:21:02.5263100Z --- PASS: TestClaimExecuteContinuesAfterLCUFailureAndParsesBody (0.00s)
2026-10-08T04:21:02.5264147Z === RUN   TestEventClaimDetailConcurrencyIsLimitedToFour
2026-10-08T04:21:02.6101031Z --- PASS: TestEventClaimDetailConcurrencyIsLimitedToFour (0.08s)
2026-10-08T04:21:02.6102032Z === RUN   TestEventClaimDetailsAllFailedAreNotReportedAvailable
2026-10-08T04:21:02.6114880Z --- PASS: TestEventClaimDetailsAllFailedAreNotReportedAvailable (0.00s)
2026-10-08T04:21:02.6115926Z === RUN   TestClaimCenterHasNoPersistenceOrDiagnosticWritePath
2026-10-08T04:21:02.6117043Z --- PASS: TestClaimCenterHasNoPersistenceOrDiagnosticWritePath (0.00s)
2026-10-08T04:21:02.6118392Z === RUN   TestR54RetainedSnapshotExposesIdentityButNotAccount
2026-10-08T04:21:02.6121376Z --- PASS: TestR54RetainedSnapshotExposesIdentityButNotAccount (0.00s)
2026-10-08T04:21:02.6122117Z === RUN   TestR54CollectionProbeRetriesUntilReady
2026-10-08T04:21:02.6122674Z === PAUSE TestR54CollectionProbeRetriesUntilReady
2026-10-08T04:21:02.6123160Z === RUN   TestR54CollectionRefreshRunsProbeBeforeSnapshot
2026-10-08T04:21:02.6123704Z --- PASS: TestR54CollectionRefreshRunsProbeBeforeSnapshot (0.00s)
2026-10-08T04:21:02.6124937Z === RUN   TestR54AcquisitionLoadersRunInParallel
2026-10-08T04:21:02.9133120Z --- PASS: TestR54AcquisitionLoadersRunInParallel (0.30s)
2026-10-08T04:21:02.9133920Z === RUN   TestR54IdentitySucceedsWhenProfileRequestFails
2026-10-08T04:21:02.9151223Z --- PASS: TestR54IdentitySucceedsWhenProfileRequestFails (0.00s)
2026-10-08T04:21:02.9152215Z === RUN   TestR54IdentityRefreshUpdatesProfileWhenAvailable
2026-10-08T04:21:02.9169454Z --- PASS: TestR54IdentityRefreshUpdatesProfileWhenAvailable (0.00s)
2026-10-08T04:21:02.9170233Z === RUN   TestR54IdentityRefreshSkipsCollectionEndpoints
2026-10-08T04:21:02.9184429Z --- PASS: TestR54IdentityRefreshSkipsCollectionEndpoints (0.00s)
2026-10-08T04:21:02.9185922Z === RUN   TestR54InstallationScanUsesCacheUnlessForced
2026-10-08T04:21:02.9186457Z --- PASS: TestR54InstallationScanUsesCacheUnlessForced (0.00s)
2026-10-08T04:21:02.9187368Z === RUN   TestR54NoisyDiagnosticsIncludeDiscoveryAndInstallations
2026-10-08T04:21:02.9189471Z --- PASS: TestR54NoisyDiagnosticsIncludeDiscoveryAndInstallations (0.00s)
2026-10-08T04:21:02.9190444Z === RUN   TestR55ClaimSelectionShapes
2026-10-08T04:21:02.9191694Z === RUN   TestR55ClaimSelectionShapes/one_of_one_is_completed_automatically
2026-10-08T04:21:02.9196912Z --- PASS: TestR55ClaimSelectionShapes/one_of_one_is_completed_automatically (0.00s)
2026-10-08T04:21:02.9198055Z === RUN   TestR55ClaimSelectionShapes/one_of_three_remains_a_user_choice
2026-10-08T04:21:02.9199263Z --- PASS: TestR55ClaimSelectionShapes/one_of_three_remains_a_user_choice (0.00s)
2026-10-08T04:21:02.9200122Z === RUN   TestR55ClaimSelectionShapes/three_of_three_are_completed_automatically
2026-10-08T04:21:02.9209239Z --- PASS: TestR55ClaimSelectionShapes/three_of_three_are_completed_automatically (0.00s)
2026-10-08T04:21:02.9210828Z --- PASS: TestR55ClaimSelectionShapes (0.00s)
2026-10-08T04:21:02.9211687Z === RUN   TestR55ClaimScanOnlyFlagsAmbiguousChoices
2026-10-08T04:21:02.9223375Z --- PASS: TestR55ClaimScanOnlyFlagsAmbiguousChoices (0.00s)
2026-10-08T04:21:02.9224265Z === RUN   TestR55ReadyCheckSignalsTriggerOneAccept
2026-10-08T04:21:02.9225140Z === RUN   TestR55ReadyCheckSignalsTriggerOneAccept/ready-check_event
2026-10-08T04:21:02.9689463Z --- PASS: TestR55ReadyCheckSignalsTriggerOneAccept/ready-check_event (0.05s)
2026-10-08T04:21:02.9690535Z === RUN   TestR55ReadyCheckSignalsTriggerOneAccept/phase_event
2026-10-08T04:21:03.0150760Z --- PASS: TestR55ReadyCheckSignalsTriggerOneAccept/phase_event (0.05s)
2026-10-08T04:21:03.0152094Z === RUN   TestR55ReadyCheckSignalsTriggerOneAccept/both_signals_are_deduplicated
2026-10-08T04:21:03.0814463Z --- PASS: TestR55ReadyCheckSignalsTriggerOneAccept/both_signals_are_deduplicated (0.07s)
2026-10-08T04:21:03.0815846Z --- PASS: TestR55ReadyCheckSignalsTriggerOneAccept (0.16s)
2026-10-08T04:21:03.0816517Z === RUN   TestR66CustomReadyCheckNeverAutoAccepts
2026-10-08T04:21:03.0817114Z === RUN   TestR66CustomReadyCheckNeverAutoAccepts/phase
2026-10-08T04:21:03.1087623Z --- PASS: TestR66CustomReadyCheckNeverAutoAccepts/phase (0.03s)
2026-10-08T04:21:03.1088797Z === RUN   TestR66CustomReadyCheckNeverAutoAccepts/event
2026-10-08T04:21:03.1354552Z --- PASS: TestR66CustomReadyCheckNeverAutoAccepts/event (0.03s)
2026-10-08T04:21:03.1355605Z --- PASS: TestR66CustomReadyCheckNeverAutoAccepts (0.05s)
2026-10-08T04:21:03.1356501Z === RUN   TestR66AcceptTransitionRaceDoesNotToast
2026-10-08T04:21:03.1628130Z --- PASS: TestR66AcceptTransitionRaceDoesNotToast (0.03s)
2026-10-08T04:21:03.1629511Z === RUN   TestR55PrimeWatchStateReadsPhaseAndLobby
2026-10-08T04:21:03.1650056Z --- PASS: TestR55PrimeWatchStateReadsPhaseAndLobby (0.00s)
2026-10-08T04:21:03.1651130Z === RUN   TestR55WatchFailureIncludesReasonAndRedactedDiagnostic
2026-10-08T04:21:03.1669417Z --- PASS: TestR55WatchFailureIncludesReasonAndRedactedDiagnostic (0.00s)
2026-10-08T04:21:03.1670713Z === RUN   TestR55EventRetryBackoffBounds
2026-10-08T04:21:03.1671482Z --- PASS: TestR55EventRetryBackoffBounds (0.00s)
2026-10-08T04:21:03.1672325Z === RUN   TestR56ReadyCheckAcceptIsOncePerWindowAndResetsForNextRound
2026-10-08T04:21:03.1740900Z --- PASS: TestR56ReadyCheckAcceptIsOncePerWindowAndResetsForNextRound (0.01s)
2026-10-08T04:21:03.1742484Z === RUN   TestR56EventStreamDropReasonUsesFiniteCategories
2026-10-08T04:21:03.1743715Z === RUN   TestR56EventStreamDropReasonUsesFiniteCategories/read_limit
2026-10-08T04:21:03.1745147Z --- PASS: TestR56EventStreamDropReasonUsesFiniteCategories/read_limit (0.00s)
2026-10-08T04:21:03.1746619Z === RUN   TestR56EventStreamDropReasonUsesFiniteCategories/normal_close
2026-10-08T04:21:03.1747730Z --- PASS: TestR56EventStreamDropReasonUsesFiniteCategories/normal_close (0.00s)
2026-10-08T04:21:03.1749269Z === RUN   TestR56EventStreamDropReasonUsesFiniteCategories/abnormal_close
2026-10-08T04:21:03.1750433Z --- PASS: TestR56EventStreamDropReasonUsesFiniteCategories/abnormal_close (0.00s)
2026-10-08T04:21:03.1752313Z === RUN   TestR56EventStreamDropReasonUsesFiniteCategories/eof
2026-10-08T04:21:03.1753663Z --- PASS: TestR56EventStreamDropReasonUsesFiniteCategories/eof (0.00s)
2026-10-08T04:21:03.1754522Z === RUN   TestR56EventStreamDropReasonUsesFiniteCategories/timeout
2026-10-08T04:21:03.1755489Z --- PASS: TestR56EventStreamDropReasonUsesFiniteCategories/timeout (0.00s)
2026-10-08T04:21:03.1756165Z === RUN   TestR56EventStreamDropReasonUsesFiniteCategories/other
2026-10-08T04:21:03.1756758Z --- PASS: TestR56EventStreamDropReasonUsesFiniteCategories/other (0.00s)
2026-10-08T04:21:03.1757347Z --- PASS: TestR56EventStreamDropReasonUsesFiniteCategories (0.00s)
2026-10-08T04:21:03.1757899Z === RUN   TestR56FacadeIdentityShapeIsRecordedOnceWithoutValues
2026-10-08T04:21:03.1778961Z --- PASS: TestR56FacadeIdentityShapeIsRecordedOnceWithoutValues (0.00s)
2026-10-08T04:21:03.1780357Z === RUN   TestR56FacadeSummaryLoadsForStateAndShapeDiagnosticIsOncePerConnection
2026-10-08T04:21:03.1850895Z --- PASS: TestR56FacadeSummaryLoadsForStateAndShapeDiagnosticIsOncePerConnection (0.01s)
2026-10-08T04:21:03.1852122Z === RUN   TestR58ClearTitleRetriesWithNullAfterEmptyString
2026-10-08T04:21:03.1864919Z --- PASS: TestR58ClearTitleRetriesWithNullAfterEmptyString (0.00s)
2026-10-08T04:21:03.1866476Z === RUN   TestR58ClearTitleFailureDiagnosticIncludesOnlyHTTPStatus
2026-10-08T04:21:03.1909028Z --- PASS: TestR58ClearTitleFailureDiagnosticIncludesOnlyHTTPStatus (0.00s)
2026-10-08T04:21:03.1910039Z === RUN   TestR60FacadeLCUEventsBroadcastOnlyForFacadePrefixes
2026-10-08T04:21:03.1911838Z === RUN   TestR60FacadeLCUEventsBroadcastOnlyForFacadePrefixes//lol-challenges/v1/summary-player-data/local-player
2026-10-08T04:21:03.1913013Z --- PASS: TestR60FacadeLCUEventsBroadcastOnlyForFacadePrefixes//lol-challenges/v1/summary-player-data/local-player (0.00s)
2026-10-08T04:21:03.1914116Z === RUN   TestR60FacadeLCUEventsBroadcastOnlyForFacadePrefixes//lol-challenges/v1/summary-player-data/local-player/title
2026-10-08T04:21:03.1915211Z --- PASS: TestR60FacadeLCUEventsBroadcastOnlyForFacadePrefixes//lol-challenges/v1/summary-player-data/local-player/title (0.00s)
2026-10-08T04:21:03.1916069Z === RUN   TestR60FacadeLCUEventsBroadcastOnlyForFacadePrefixes//LOL-CHAT/V1/ME
2026-10-08T04:21:03.1917204Z --- PASS: TestR60FacadeLCUEventsBroadcastOnlyForFacadePrefixes//LOL-CHAT/V1/ME (0.00s)
2026-10-08T04:21:03.1918410Z === RUN   TestR60FacadeLCUEventsBroadcastOnlyForFacadePrefixes//lol-regalia/v2/current-summoner/regalia/banner
2026-10-08T04:21:03.1919387Z --- PASS: TestR60FacadeLCUEventsBroadcastOnlyForFacadePrefixes//lol-regalia/v2/current-summoner/regalia/banner (0.00s)
2026-10-08T04:21:03.1920207Z === RUN   TestR60FacadeLCUEventsBroadcastOnlyForFacadePrefixes//lol-chat/v1/medley
2026-10-08T04:21:03.2114347Z --- PASS: TestR60FacadeLCUEventsBroadcastOnlyForFacadePrefixes//lol-chat/v1/medley (0.02s)
2026-10-08T04:21:03.2115601Z === RUN   TestR60FacadeLCUEventsBroadcastOnlyForFacadePrefixes//lol-rewards/v1/grants/1
2026-10-08T04:21:03.2320582Z --- PASS: TestR60FacadeLCUEventsBroadcastOnlyForFacadePrefixes//lol-rewards/v1/grants/1 (0.02s)
2026-10-08T04:21:03.2322022Z --- PASS: TestR60FacadeLCUEventsBroadcastOnlyForFacadePrefixes (0.04s)
2026-10-08T04:21:03.2323189Z === RUN   TestR60FacadeSelectedChallengesUseCachedCompactCatalog
2026-10-08T04:21:03.2423835Z --- PASS: TestR60FacadeSelectedChallengesUseCachedCompactCatalog (0.01s)
2026-10-08T04:21:03.2425456Z === RUN   TestR60FacadeChallengesFallbackAndEmptyStates
2026-10-08T04:21:03.2427409Z === RUN   TestR60FacadeChallengesFallbackAndEmptyStates/malformed_selected_uses_topChallenges_when_catalog_is_404
2026-10-08T04:21:03.2455853Z --- PASS: TestR60FacadeChallengesFallbackAndEmptyStates/malformed_selected_uses_topChallenges_when_catalog_is_404 (0.00s)
2026-10-08T04:21:03.2458228Z === RUN   TestR60FacadeChallengesFallbackAndEmptyStates/missing_startup_summary_stays_empty_and_requests_one_retry
2026-10-08T04:21:03.2480983Z --- PASS: TestR60FacadeChallengesFallbackAndEmptyStates/missing_startup_summary_stays_empty_and_requests_one_retry (0.00s)
2026-10-08T04:21:03.2482698Z --- PASS: TestR60FacadeChallengesFallbackAndEmptyStates (0.01s)
2026-10-08T04:21:03.2483668Z === RUN   TestR117FacadeChallengeCatalogRetriesAfterFailureAndSharesFlight
2026-10-08T04:21:03.2810514Z --- PASS: TestR117FacadeChallengeCatalogRetriesAfterFailureAndSharesFlight (0.03s)
2026-10-08T04:21:03.2811709Z === RUN   TestR64FacadeEventBurstIsThrottled
2026-10-08T04:21:03.2812537Z === PAUSE TestR64FacadeEventBurstIsThrottled
2026-10-08T04:21:03.2813292Z === RUN   TestR64ClearChallengesPreservesTitle
2026-10-08T04:21:03.2823319Z --- PASS: TestR64ClearChallengesPreservesTitle (0.00s)
2026-10-08T04:21:03.2824227Z === RUN   TestR64ClearChallengesRefusesToDropUnsupportedTitle
2026-10-08T04:21:03.2839404Z --- PASS: TestR64ClearChallengesRefusesToDropUnsupportedTitle (0.00s)
2026-10-08T04:21:03.2840323Z === RUN   TestR64TitleRestoreValuesAreStaticEnums
2026-10-08T04:21:03.2840826Z --- PASS: TestR64TitleRestoreValuesAreStaticEnums (0.00s)
2026-10-08T04:21:03.2841344Z === RUN   TestR65FacadeStateOnlyExposesStableRenderFields
2026-10-08T04:21:03.2876285Z --- PASS: TestR65FacadeStateOnlyExposesStableRenderFields (0.00s)
2026-10-08T04:21:03.2877270Z === RUN   TestR66TitleRestoreCandidatesAreTriedInOrder
2026-10-08T04:21:03.2878813Z === RUN   TestR66TitleRestoreCandidatesAreTriedInOrder/clear-challenges/string_itemId
2026-10-08T04:21:03.2889479Z --- PASS: TestR66TitleRestoreCandidatesAreTriedInOrder/clear-challenges/string_itemId (0.00s)
2026-10-08T04:21:03.2890928Z === RUN   TestR66TitleRestoreCandidatesAreTriedInOrder/clear-challenges/contentId
2026-10-08T04:21:03.2905547Z --- PASS: TestR66TitleRestoreCandidatesAreTriedInOrder/clear-challenges/contentId (0.00s)
2026-10-08T04:21:03.2907444Z === RUN   TestR66TitleRestoreCandidatesAreTriedInOrder/clear-challenges/playerTitleSelected
2026-10-08T04:21:03.2921845Z --- PASS: TestR66TitleRestoreCandidatesAreTriedInOrder/clear-challenges/playerTitleSelected (0.00s)
2026-10-08T04:21:03.2923767Z --- PASS: TestR66TitleRestoreCandidatesAreTriedInOrder (0.00s)
2026-10-08T04:21:03.2924332Z === RUN   TestR66TitleRestoreRefusalNeverPostsWithoutTitle
2026-10-08T04:21:03.2925281Z === RUN   TestR66TitleRestoreRefusalNeverPostsWithoutTitle/clear-challenges
2026-10-08T04:21:03.2939979Z --- PASS: TestR66TitleRestoreRefusalNeverPostsWithoutTitle/clear-challenges (0.00s)
2026-10-08T04:21:03.2941064Z --- PASS: TestR66TitleRestoreRefusalNeverPostsWithoutTitle (0.00s)
2026-10-08T04:21:03.2942095Z === RUN   TestR66NoCurrentTitleMayPostPreferencesWithoutTitle
2026-10-08T04:21:03.2942740Z === RUN   TestR66NoCurrentTitleMayPostPreferencesWithoutTitle/clear-challenges
2026-10-08T04:21:03.2953909Z --- PASS: TestR66NoCurrentTitleMayPostPreferencesWithoutTitle/clear-challenges (0.00s)
2026-10-08T04:21:03.2955166Z --- PASS: TestR66NoCurrentTitleMayPostPreferencesWithoutTitle (0.00s)
2026-10-08T04:21:03.2956305Z === RUN   TestR66FacadeApplyLogsIntermediateStatusesWithoutCandidateValues
2026-10-08T04:21:03.3025172Z --- PASS: TestR66FacadeApplyLogsIntermediateStatusesWithoutCandidateValues (0.01s)
2026-10-08T04:21:03.3027392Z === RUN   TestR66LCURequestDiagnosticsIncludePreferencePOSTWithoutBody
2026-10-08T04:21:03.3034553Z --- PASS: TestR66LCURequestDiagnosticsIncludePreferencePOSTWithoutBody (0.00s)
2026-10-08T04:21:03.3035754Z === RUN   TestR68EventClaimWithoutParsedItemsIsOmitted
2026-10-08T04:21:03.3047601Z --- PASS: TestR68EventClaimWithoutParsedItemsIsOmitted (0.00s)
2026-10-08T04:21:03.3048674Z === RUN   TestR68EventRewardStateDiagnosticContainsOnlyDistribution
2026-10-08T04:21:03.3061025Z --- PASS: TestR68EventRewardStateDiagnosticContainsOnlyDistribution (0.00s)
2026-10-08T04:21:03.3062448Z === RUN   TestR68HonorContinuationFiresCanceledPlayAgainExactlyOnce
2026-10-08T04:21:03.9083068Z --- PASS: TestR68HonorContinuationFiresCanceledPlayAgainExactlyOnce (0.60s)
2026-10-08T04:21:03.9083827Z === RUN   TestR68CanceledWatchActionIsRecorded
2026-10-08T04:21:03.9103719Z     r68_test.go:149: canceled diagnostic persisted: {"action":"reconnect","build_fingerprint":"dev","event":"watch_action","log_seq":1,"result":"armed","run_id":"964e73db96058209e9d7cabf","time":"2026-10-08T04:21:03.9088009Z"}
2026-10-08T04:21:03.9107601Z         {"action":"reconnect","build_fingerprint":"dev","event":"watch_action","log_seq":2,"result":"canceled","run_id":"964e73db96058209e9d7cabf","time":"2026-10-08T04:21:03.9088009Z"}
2026-10-08T04:21:03.9118024Z --- PASS: TestR68CanceledWatchActionIsRecorded (0.00s)
2026-10-08T04:21:03.9119249Z === RUN   TestR68CanceledOlderWatchJobCannotLoseNewPendingJob
2026-10-08T04:21:04.3934810Z --- PASS: TestR68CanceledOlderWatchJobCannotLoseNewPendingJob (0.48s)
2026-10-08T04:21:04.3935968Z === RUN   TestR68AutoMatchmakingPreflightSkipsLostLeaderAndCustom
2026-10-08T04:21:04.3936837Z === RUN   TestR68AutoMatchmakingPreflightSkipsLostLeaderAndCustom/lost_leader
2026-10-08T04:21:04.4348101Z --- PASS: TestR68AutoMatchmakingPreflightSkipsLostLeaderAndCustom/lost_leader (0.04s)
2026-10-08T04:21:04.4349773Z === RUN   TestR68AutoMatchmakingPreflightSkipsLostLeaderAndCustom/custom_lobby
2026-10-08T04:21:04.4775850Z --- PASS: TestR68AutoMatchmakingPreflightSkipsLostLeaderAndCustom/custom_lobby (0.04s)
2026-10-08T04:21:04.4777270Z --- PASS: TestR68AutoMatchmakingPreflightSkipsLostLeaderAndCustom (0.08s)
2026-10-08T04:21:04.4778536Z === RUN   TestR68AutoMatchmakingRetriesTwoBadRequestsThenFires
2026-10-08T04:21:04.4905985Z --- PASS: TestR68AutoMatchmakingRetriesTwoBadRequestsThenFires (0.01s)
2026-10-08T04:21:04.4907745Z === RUN   TestR68AutoMatchmakingGivesUpAndRequiresExplicitRetry
2026-10-08T04:21:04.5345632Z --- PASS: TestR68AutoMatchmakingGivesUpAndRequiresExplicitRetry (0.04s)
2026-10-08T04:21:04.5346738Z === RUN   TestR68AutoMatchmakingBackoffAndQueueReadiness
2026-10-08T04:21:04.5385885Z --- PASS: TestR68AutoMatchmakingBackoffAndQueueReadiness (0.00s)
2026-10-08T04:21:04.5386942Z === RUN   TestR68LobbyShapeDiagnosticRecordsOnlyStructuralKeys
2026-10-08T04:21:04.5388105Z --- PASS: TestR68LobbyShapeDiagnosticRecordsOnlyStructuralKeys (0.00s)
2026-10-08T04:21:04.5389243Z === RUN   TestR68WatchActionLifecycleHasNoArmedOrphans
2026-10-08T04:21:04.5403142Z --- PASS: TestR68WatchActionLifecycleHasNoArmedOrphans (0.00s)
2026-10-08T04:21:04.5404080Z === RUN   TestR68PositionBroadcastModesTeamLookupAndRetryGate
2026-10-08T04:21:04.5405030Z === RUN   TestR68PositionBroadcastModesTeamLookupAndRetryGate/aram
2026-10-08T04:21:04.5439557Z     r68_test.go:494: position broadcast diagnostic persisted: {"action":"position-broadcast","build_fingerprint":"dev","event":"watch_action","log_seq":1,"result":"armed","run_id":"e15b11806b9d581d9c4c7d70","time":"2026-10-08T04:21:04.5412154Z"}
2026-10-08T04:21:04.5442944Z         {"action":"position-broadcast","build_fingerprint":"dev","event":"watch_action","log_seq":2,"reason":"sent","result":"fired","run_id":"e15b11806b9d581d9c4c7d70","time":"2026-10-08T04:21:04.5429556Z"}
2026-10-08T04:21:04.5454325Z --- PASS: TestR68PositionBroadcastModesTeamLookupAndRetryGate/aram (0.01s)
2026-10-08T04:21:04.5459440Z === RUN   TestR68PositionBroadcastModesTeamLookupAndRetryGate/aram_mayhem
2026-10-08T04:21:04.5471591Z --- PASS: TestR68PositionBroadcastModesTeamLookupAndRetryGate/aram_mayhem (0.00s)
2026-10-08T04:21:04.5472816Z === RUN   TestR68PositionBroadcastModesTeamLookupAndRetryGate/classic
2026-10-08T04:21:04.5485461Z --- PASS: TestR68PositionBroadcastModesTeamLookupAndRetryGate/classic (0.00s)
2026-10-08T04:21:05.5513655Z --- PASS: TestR68PositionBroadcastModesTeamLookupAndRetryGate (1.01s)
2026-10-08T04:21:05.5514848Z === RUN   TestR68LivePositionSnapshotUsesAnonymousKeyAndGameBoundary
2026-10-08T04:21:05.5515849Z --- PASS: TestR68LivePositionSnapshotUsesAnonymousKeyAndGameBoundary (0.00s)
2026-10-08T04:21:05.5517910Z === RUN   TestR68LiveHandlerCarriesChampSelectPositionIntoSameGame
2026-10-08T04:21:05.5582674Z --- PASS: TestR68LiveHandlerCarriesChampSelectPositionIntoSameGame (0.01s)
2026-10-08T04:21:05.5583751Z === RUN   TestR68ChampSelectQueueIDSurvivesLobbyFailure
2026-10-08T04:21:05.5602171Z --- PASS: TestR68ChampSelectQueueIDSurvivesLobbyFailure (0.00s)
2026-10-08T04:21:05.5602873Z === RUN   TestR68LivePositionShapeDistributionAndPrivacy
2026-10-08T04:21:05.5626842Z     r68_test.go:681: live position diagnostic persisted: {"assigned_position_counts":{"BOTTOM":1},"build_fingerprint":"dev","event":"live_position_shape","game_id":68,"game_mode":"CLASSIC","log_seq":1,"normalized_position_counts":{"":1,"bottom":1,"jungle":1},"phase":"ChampSelect","position_source_counts":{"gameflow":0,"liveclient":0,"none":3,"snapshot":0},"position_swaps_element_keys":["id","state"],"position_swaps_length":1,"queue_id":420,"run_id":"f90840e0ad7dfb3b504d6613","selected_position_counts":{"":1,"JUNGLE":1,"TOP":1},"selected_role_counts":{"":2,"DUO":1},"self_assigned_position":"BOTTOM","self_selected_position":"TOP","smite_count":1,"snapshot_applied_count":0,"snapshot_game_id":0,"snapshot_size":0,"team_duplicate_positions":{"0":0},"time":"2026-10-08T04:21:05.5605051Z"}
2026-10-08T04:21:05.5638757Z --- PASS: TestR68LivePositionShapeDistributionAndPrivacy (0.00s)
2026-10-08T04:21:05.5639948Z === RUN   TestR68WatchFailureDiagnosticIncludesSafeErrorCode
2026-10-08T04:21:05.5650719Z --- PASS: TestR68WatchFailureDiagnosticIncludesSafeErrorCode (0.00s)
2026-10-08T04:21:05.5651658Z === RUN   TestR68SharedARAMModeSet
2026-10-08T04:21:05.5652582Z --- PASS: TestR68SharedARAMModeSet (0.00s)
2026-10-08T04:21:05.5653433Z === RUN   TestR69FacadeTitleRestorePlanUsesValuesNotObjectKeys
2026-10-08T04:21:05.5654558Z === RUN   TestR69FacadeTitleRestorePlanUsesValuesNotObjectKeys/eleven_empty_keys
2026-10-08T04:21:05.5655984Z --- PASS: TestR69FacadeTitleRestorePlanUsesValuesNotObjectKeys/eleven_empty_keys (0.00s)
2026-10-08T04:21:05.5657387Z === RUN   TestR69FacadeTitleRestorePlanUsesValuesNotObjectKeys/itemId
2026-10-08T04:21:05.5658663Z --- PASS: TestR69FacadeTitleRestorePlanUsesValuesNotObjectKeys/itemId (0.00s)
2026-10-08T04:21:05.5660002Z === RUN   TestR69FacadeTitleRestorePlanUsesValuesNotObjectKeys/contentId
2026-10-08T04:21:05.5660987Z --- PASS: TestR69FacadeTitleRestorePlanUsesValuesNotObjectKeys/contentId (0.00s)
2026-10-08T04:21:05.5662007Z === RUN   TestR69FacadeTitleRestorePlanUsesValuesNotObjectKeys/chat_playerTitleSelected
2026-10-08T04:21:05.5663562Z --- PASS: TestR69FacadeTitleRestorePlanUsesValuesNotObjectKeys/chat_playerTitleSelected (0.00s)
2026-10-08T04:21:05.5664711Z --- PASS: TestR69FacadeTitleRestorePlanUsesValuesNotObjectKeys (0.00s)
2026-10-08T04:21:05.5665477Z === RUN   TestR69NameOnlyTitleReturnsNoCandidateWithoutPosting
2026-10-08T04:21:05.5669202Z --- PASS: TestR69NameOnlyTitleReturnsNoCandidateWithoutPosting (0.00s)
2026-10-08T04:21:05.5670085Z === RUN   TestR69FacadeApplyDiagnosticShapesReachJSONL
2026-10-08T04:21:05.5670718Z === RUN   TestR69FacadeApplyDiagnosticShapesReachJSONL/no_title_writes_normally
2026-10-08T04:21:05.5726034Z     r69_test.go:122: facade_apply_json={"action":"clear-challenges","build_fingerprint":"dev","event":"facade_apply","log_seq":13,"result":"ok","run_id":"ebceabb68e3177e3a83d899b","time":"2026-10-08T04:21:05.5713735Z","title_attempt_count":0,"title_attempt_status":[],"title_candidate_count":0,"title_has_title":false,"title_restore":"not-set"}
2026-10-08T04:21:05.5742194Z --- PASS: TestR69FacadeApplyDiagnosticShapesReachJSONL/no_title_writes_normally (0.01s)
2026-10-08T04:21:05.5743716Z === RUN   TestR69FacadeApplyDiagnosticShapesReachJSONL/title_without_identifier_stops_before_post
2026-10-08T04:21:05.5768495Z     r69_test.go:122: facade_apply_json={"action":"clear-challenges","build_fingerprint":"dev","event":"facade_apply","log_seq":1,"result":"failed","run_id":"2e1464cd4a178f698369f352","time":"2026-10-08T04:21:05.575409Z","title_attempt_count":0,"title_attempt_status":[],"title_candidate_count":0,"title_has_title":true,"title_restore":"no-candidate"}
2026-10-08T04:21:05.5785235Z --- PASS: TestR69FacadeApplyDiagnosticShapesReachJSONL/title_without_identifier_stops_before_post (0.00s)
2026-10-08T04:21:05.5786154Z === RUN   TestR69FacadeApplyDiagnosticShapesReachJSONL/real_candidate_refused_after_attempt
2026-10-08T04:21:05.5815118Z     r69_test.go:122: facade_apply_json={"action":"clear-challenges","build_fingerprint":"dev","event":"facade_apply","log_seq":1,"result":"failed","run_id":"3d0569326066cd921b2c440f","status_code":400,"time":"2026-10-08T04:21:05.5800154Z","title_attempt_count":1,"title_attempt_status":[400],"title_candidate_count":1,"title_has_title":true,"title_restore":"refused"}
2026-10-08T04:21:05.5831088Z --- PASS: TestR69FacadeApplyDiagnosticShapesReachJSONL/real_candidate_refused_after_attempt (0.00s)
2026-10-08T04:21:05.5832365Z --- PASS: TestR69FacadeApplyDiagnosticShapesReachJSONL (0.02s)
2026-10-08T04:21:05.5833139Z === RUN   TestR69FacadeLoadCostWritesDurationsAndTrigger
2026-10-08T04:21:05.5890783Z --- PASS: TestR69FacadeLoadCostWritesDurationsAndTrigger (0.01s)
2026-10-08T04:21:05.5892186Z === RUN   TestR70OverviewInvalidationDetachesOldFlights
2026-10-08T04:21:05.5893075Z --- PASS: TestR70OverviewInvalidationDetachesOldFlights (0.00s)
2026-10-08T04:21:05.5893788Z === RUN   TestR70SSEOverflowRequestsResyncWithoutBlockingPeers
2026-10-08T04:21:05.5908995Z --- PASS: TestR70SSEOverflowRequestsResyncWithoutBlockingPeers (0.00s)
2026-10-08T04:21:05.5910547Z === RUN   TestR70ChestsClassifyContainerRatherThanContents
2026-10-08T04:21:05.5911153Z --- PASS: TestR70ChestsClassifyContainerRatherThanContents (0.00s)
2026-10-08T04:21:05.5911643Z === RUN   TestR70MalformedGrantsCannotWrite
2026-10-08T04:21:05.5912051Z --- PASS: TestR70MalformedGrantsCannotWrite (0.00s)
2026-10-08T04:21:05.5912596Z === RUN   TestR70ScanPreservesUnsafeRewardEvidenceWithoutAdvertisingClaim
2026-10-08T04:21:05.5926953Z --- PASS: TestR70ScanPreservesUnsafeRewardEvidenceWithoutAdvertisingClaim (0.00s)
2026-10-08T04:21:05.5928040Z === RUN   TestR70ClaimBatchRejectsDuplicateWithoutBlockingOtherRewards
2026-10-08T04:21:05.5944868Z --- PASS: TestR70ClaimBatchRejectsDuplicateWithoutBlockingOtherRewards (0.00s)
2026-10-08T04:21:05.5945790Z === RUN   TestR71RecommendedFilesAreBoundedBackedUpAndGameCompatible
2026-10-08T04:21:05.6447004Z --- PASS: TestR71RecommendedFilesAreBoundedBackedUpAndGameCompatible (0.05s)
2026-10-08T04:21:05.6448242Z === RUN   TestR71RecommendedFilesFailClosedOnForeignFilesAndLinks
2026-10-08T04:21:05.6449354Z === RUN   TestR71RecommendedFilesFailClosedOnForeignFilesAndLinks/file
2026-10-08T04:21:05.6504233Z --- PASS: TestR71RecommendedFilesFailClosedOnForeignFilesAndLinks/file (0.01s)
2026-10-08T04:21:05.6505468Z === RUN   TestR71RecommendedFilesFailClosedOnForeignFilesAndLinks/backup
2026-10-08T04:21:05.6563345Z --- PASS: TestR71RecommendedFilesFailClosedOnForeignFilesAndLinks/backup (0.01s)
2026-10-08T04:21:05.6564477Z === RUN   TestR71RecommendedFilesFailClosedOnForeignFilesAndLinks/directory
2026-10-08T04:21:05.6625166Z --- PASS: TestR71RecommendedFilesFailClosedOnForeignFilesAndLinks/directory (0.01s)
2026-10-08T04:21:05.6626479Z === RUN   TestR71RecommendedFilesFailClosedOnForeignFilesAndLinks/outside
2026-10-08T04:21:05.6667996Z --- PASS: TestR71RecommendedFilesFailClosedOnForeignFilesAndLinks/outside (0.00s)
2026-10-08T04:21:05.6668810Z === RUN   TestR71RecommendedFilesFailClosedOnForeignFilesAndLinks/missing-exe
2026-10-08T04:21:05.6712869Z --- PASS: TestR71RecommendedFilesFailClosedOnForeignFilesAndLinks/missing-exe (0.00s)
2026-10-08T04:21:05.6714288Z --- PASS: TestR71RecommendedFilesFailClosedOnForeignFilesAndLinks (0.03s)
2026-10-08T04:21:05.6715512Z === RUN   TestR71RecommendedGuardRunsBeforeAndImmediatelyBeforeWrite
2026-10-08T04:21:05.6771510Z --- PASS: TestR71RecommendedGuardRunsBeforeAndImmediatelyBeforeWrite (0.01s)
2026-10-08T04:21:05.6772586Z === RUN   TestR71RecommendedMigrationPreservesForeignItemSets
2026-10-08T04:21:05.6774449Z === RUN   TestR71RecommendedMigrationPreservesForeignItemSets/ok
2026-10-08T04:21:05.6792576Z --- PASS: TestR71RecommendedMigrationPreservesForeignItemSets/ok (0.00s)
2026-10-08T04:21:05.6793337Z === RUN   TestR71RecommendedMigrationPreservesForeignItemSets/missing-account
2026-10-08T04:21:05.6802209Z --- PASS: TestR71RecommendedMigrationPreservesForeignItemSets/missing-account (0.00s)
2026-10-08T04:21:05.6803556Z === RUN   TestR71RecommendedMigrationPreservesForeignItemSets/different-account
2026-10-08T04:21:05.6814272Z --- PASS: TestR71RecommendedMigrationPreservesForeignItemSets/different-account (0.00s)
2026-10-08T04:21:05.6815590Z === RUN   TestR71RecommendedMigrationPreservesForeignItemSets/guard
2026-10-08T04:21:05.6827132Z --- PASS: TestR71RecommendedMigrationPreservesForeignItemSets/guard (0.00s)
2026-10-08T04:21:05.6828347Z === RUN   TestR71RecommendedMigrationPreservesForeignItemSets/malformed
2026-10-08T04:21:05.6836526Z --- PASS: TestR71RecommendedMigrationPreservesForeignItemSets/malformed (0.00s)
2026-10-08T04:21:05.6837794Z === RUN   TestR71RecommendedMigrationPreservesForeignItemSets/put-failed
2026-10-08T04:21:05.6851406Z --- PASS: TestR71RecommendedMigrationPreservesForeignItemSets/put-failed (0.00s)
2026-10-08T04:21:05.6852494Z === RUN   TestR71RecommendedMigrationPreservesForeignItemSets/verify-failed
2026-10-08T04:21:05.6867856Z --- PASS: TestR71RecommendedMigrationPreservesForeignItemSets/verify-failed (0.00s)
2026-10-08T04:21:05.6868989Z === RUN   TestR71RecommendedMigrationPreservesForeignItemSets/preflight-account
2026-10-08T04:21:05.6881306Z --- PASS: TestR71RecommendedMigrationPreservesForeignItemSets/preflight-account (0.00s)
2026-10-08T04:21:05.6882064Z === RUN   TestR71RecommendedMigrationPreservesForeignItemSets/preflight-edit
2026-10-08T04:21:05.6893522Z --- PASS: TestR71RecommendedMigrationPreservesForeignItemSets/preflight-edit (0.00s)
2026-10-08T04:21:05.6894821Z === RUN   TestR71RecommendedMigrationPreservesForeignItemSets/verify-account
2026-10-08T04:21:05.6910116Z --- PASS: TestR71RecommendedMigrationPreservesForeignItemSets/verify-account (0.00s)
2026-10-08T04:21:05.6911422Z --- PASS: TestR71RecommendedMigrationPreservesForeignItemSets (0.01s)
2026-10-08T04:21:05.6912447Z === RUN   TestR71RecommendedTencentPathAndPartialCleanup
2026-10-08T04:21:05.7171071Z --- PASS: TestR71RecommendedTencentPathAndPartialCleanup (0.03s)
2026-10-08T04:21:05.7172125Z === RUN   TestR71RecommendedInternationalConfigAndExecutableRoots
2026-10-08T04:21:05.7173245Z === RUN   TestR71RecommendedInternationalConfigAndExecutableRoots/linked-game-false
2026-10-08T04:21:05.7332447Z --- PASS: TestR71RecommendedInternationalConfigAndExecutableRoots/linked-game-false (0.02s)
2026-10-08T04:21:05.7333843Z === RUN   TestR71RecommendedInternationalConfigAndExecutableRoots/linked-game-true
2026-10-08T04:21:05.7396370Z --- PASS: TestR71RecommendedInternationalConfigAndExecutableRoots/linked-game-true (0.01s)
2026-10-08T04:21:05.7397716Z --- PASS: TestR71RecommendedInternationalConfigAndExecutableRoots (0.02s)
2026-10-08T04:21:05.7400203Z === RUN   TestR71LiveRecentPositionsUseAtMostTenActualRankedSamples
2026-10-08T04:21:05.7400923Z --- PASS: TestR71LiveRecentPositionsUseAtMostTenActualRankedSamples (0.00s)
2026-10-08T04:21:05.7402263Z === RUN   TestR71CollectionRequestsCoalesceAcrossQueueProbeAndScan
2026-10-08T04:21:05.7403447Z --- PASS: TestR71CollectionRequestsCoalesceAcrossQueueProbeAndScan (0.00s)
2026-10-08T04:21:05.7404516Z === RUN   TestR71ClaimIdentityQuantityAndDiagnostics
2026-10-08T04:21:05.7405967Z --- PASS: TestR71ClaimIdentityQuantityAndDiagnostics (0.00s)
2026-10-08T04:21:05.7407162Z === RUN   TestR71ClaimScanKeepsConflictsNonActionableAndResolvesExactQuantities
2026-10-08T04:21:05.7408492Z === RUN   TestR71ClaimScanKeepsConflictsNonActionableAndResolvesExactQuantities/duplicate-conflict
2026-10-08T04:21:05.7414207Z --- PASS: TestR71ClaimScanKeepsConflictsNonActionableAndResolvesExactQuantities/duplicate-conflict (0.00s)
2026-10-08T04:21:05.7416265Z === RUN   TestR71ClaimScanKeepsConflictsNonActionableAndResolvesExactQuantities/quantity-fallback
2026-10-08T04:21:05.7428413Z --- PASS: TestR71ClaimScanKeepsConflictsNonActionableAndResolvesExactQuantities/quantity-fallback (0.00s)
2026-10-08T04:21:05.7430153Z === RUN   TestR71ClaimScanKeepsConflictsNonActionableAndResolvesExactQuantities/quantity-conflict
2026-10-08T04:21:05.7442026Z --- PASS: TestR71ClaimScanKeepsConflictsNonActionableAndResolvesExactQuantities/quantity-conflict (0.00s)
2026-10-08T04:21:05.7444079Z === RUN   TestR71ClaimScanKeepsConflictsNonActionableAndResolvesExactQuantities/foreign-element
2026-10-08T04:21:05.7454980Z --- PASS: TestR71ClaimScanKeepsConflictsNonActionableAndResolvesExactQuantities/foreign-element (0.00s)
2026-10-08T04:21:05.7456673Z === RUN   TestR71ClaimScanKeepsConflictsNonActionableAndResolvesExactQuantities/different-item
2026-10-08T04:21:05.7468324Z --- PASS: TestR71ClaimScanKeepsConflictsNonActionableAndResolvesExactQuantities/different-item (0.00s)
2026-10-08T04:21:05.7471133Z === RUN   TestR71ClaimScanKeepsConflictsNonActionableAndResolvesExactQuantities/different-type
2026-10-08T04:21:05.7482142Z --- PASS: TestR71ClaimScanKeepsConflictsNonActionableAndResolvesExactQuantities/different-type (0.00s)
2026-10-08T04:21:05.7483809Z --- PASS: TestR71ClaimScanKeepsConflictsNonActionableAndResolvesExactQuantities (0.01s)
2026-10-08T04:21:05.7485132Z === RUN   TestR71ItemSetDocumentComparisonPreservesIntegerPrecision
2026-10-08T04:21:05.7486351Z --- PASS: TestR71ItemSetDocumentComparisonPreservesIntegerPrecision (0.00s)
2026-10-08T04:21:05.7487444Z === RUN   TestR72RecommendedTraceSeparatesWriteAndReadback
2026-10-08T04:21:05.7488818Z === RUN   TestR72RecommendedTraceSeparatesWriteAndReadback/DL_·_中路
2026-10-08T04:21:05.7931676Z --- PASS: TestR72RecommendedTraceSeparatesWriteAndReadback/DL_·_中路 (0.04s)
2026-10-08T04:21:05.7933405Z === RUN   TestR72RecommendedTraceSeparatesWriteAndReadback/invalid�
2026-10-08T04:21:05.8053153Z --- PASS: TestR72RecommendedTraceSeparatesWriteAndReadback/invalid� (0.01s)
2026-10-08T04:21:05.8054992Z --- PASS: TestR72RecommendedTraceSeparatesWriteAndReadback (0.06s)
2026-10-08T04:21:05.8055873Z === RUN   TestR72RecommendedFailureStages
2026-10-08T04:21:05.8056728Z === RUN   TestR72RecommendedFailureStages/initial-session-guard
2026-10-08T04:21:05.8100052Z --- PASS: TestR72RecommendedFailureStages/initial-session-guard (0.00s)
2026-10-08T04:21:05.8101121Z === RUN   TestR72RecommendedFailureStages/recommended-directory
2026-10-08T04:21:05.8119424Z --- PASS: TestR72RecommendedFailureStages/recommended-directory (0.00s)
2026-10-08T04:21:05.8120495Z === RUN   TestR72RecommendedFailureStages/previous-file-ownership
2026-10-08T04:21:05.8185629Z --- PASS: TestR72RecommendedFailureStages/previous-file-ownership (0.01s)
2026-10-08T04:21:05.8186718Z === RUN   TestR72RecommendedFailureStages/backup-ownership
2026-10-08T04:21:05.8251197Z --- PASS: TestR72RecommendedFailureStages/backup-ownership (0.01s)
2026-10-08T04:21:05.8252417Z === RUN   TestR72RecommendedFailureStages/replace-session-guard
2026-10-08T04:21:05.8308766Z --- PASS: TestR72RecommendedFailureStages/replace-session-guard (0.01s)
2026-10-08T04:21:05.8309757Z === RUN   TestR72RecommendedFailureStages/backup-write
2026-10-08T04:21:05.8988271Z --- PASS: TestR72RecommendedFailureStages/backup-write (0.07s)
2026-10-08T04:21:05.8989002Z === RUN   TestR72RecommendedFailureStages/file-write
2026-10-08T04:21:05.9180775Z --- PASS: TestR72RecommendedFailureStages/file-write (0.02s)
2026-10-08T04:21:05.9181673Z --- PASS: TestR72RecommendedFailureStages (0.11s)
2026-10-08T04:21:05.9182554Z === RUN   TestR72DisplayConfigIsNumericAllowlistedAndBounded
2026-10-08T04:21:05.9260252Z --- PASS: TestR72DisplayConfigIsNumericAllowlistedAndBounded (0.01s)
2026-10-08T04:21:05.9264248Z === RUN   TestR72ExportSnapshotMissingUnsafeAndForeignFiles
2026-10-08T04:21:05.9387106Z --- PASS: TestR72ExportSnapshotMissingUnsafeAndForeignFiles (0.01s)
2026-10-08T04:21:05.9389047Z === RUN   TestR72ExportIncludesReadOnlyCheckpointWithoutSecrets
2026-10-08T04:21:05.9724524Z --- PASS: TestR72ExportIncludesReadOnlyCheckpointWithoutSecrets (0.03s)
2026-10-08T04:21:05.9725622Z === RUN   TestR72CleanupFailureStageDoesNotLeakRawError
2026-10-08T04:21:05.9726609Z --- PASS: TestR72CleanupFailureStageDoesNotLeakRawError (0.00s)
2026-10-08T04:21:05.9727428Z === RUN   TestR72FailureCodesOnlyExposeEnums
2026-10-08T04:21:05.9727929Z --- PASS: TestR72FailureCodesOnlyExposeEnums (0.00s)
2026-10-08T04:21:05.9728455Z === RUN   TestR72PersistedShopSnapshotUsesOnlyKnownNumericFields
2026-10-08T04:21:05.9817756Z --- PASS: TestR72PersistedShopSnapshotUsesOnlyKnownNumericFields (0.01s)
2026-10-08T04:21:05.9819191Z === RUN   TestR72PersistedSnapshotDistinguishesMissingGameConfig
2026-10-08T04:21:05.9873606Z --- PASS: TestR72PersistedSnapshotDistinguishesMissingGameConfig (0.01s)
2026-10-08T04:21:05.9874701Z === RUN   TestR72ApplyLogsVerifiedPartialAndFailedStates
2026-10-08T04:21:05.9875663Z === RUN   TestR72ApplyLogsVerifiedPartialAndFailedStates/verified
2026-10-08T04:21:06.0144489Z --- PASS: TestR72ApplyLogsVerifiedPartialAndFailedStates/verified (0.03s)
2026-10-08T04:21:06.0145696Z === RUN   TestR72ApplyLogsVerifiedPartialAndFailedStates/cleanup-failed
2026-10-08T04:21:06.0358961Z --- PASS: TestR72ApplyLogsVerifiedPartialAndFailedStates/cleanup-failed (0.02s)
2026-10-08T04:21:06.0360267Z === RUN   TestR72ApplyLogsVerifiedPartialAndFailedStates/locate-failed
2026-10-08T04:21:06.0413881Z --- PASS: TestR72ApplyLogsVerifiedPartialAndFailedStates/locate-failed (0.01s)
2026-10-08T04:21:06.0415034Z --- PASS: TestR72ApplyLogsVerifiedPartialAndFailedStates (0.05s)
2026-10-08T04:21:06.0415773Z === RUN   TestR73TeamGate
2026-10-08T04:21:06.0416254Z --- PASS: TestR73TeamGate (0.00s)
2026-10-08T04:21:06.0416813Z === RUN   TestR73StableIdentityAnchor
2026-10-08T04:21:06.0417404Z --- PASS: TestR73StableIdentityAnchor (0.00s)
2026-10-08T04:21:06.0418084Z === RUN   TestR73DormantUnknownActivityOrder
2026-10-08T04:21:06.0418794Z --- PASS: TestR73DormantUnknownActivityOrder (0.00s)
2026-10-08T04:21:06.0419447Z === RUN   TestR73AmbiguousLadderNoRequest
2026-10-08T04:21:06.0420123Z --- PASS: TestR73AmbiguousLadderNoRequest (0.00s)
2026-10-08T04:21:06.0420780Z === RUN   TestR73LazyTierComparison
2026-10-08T04:21:06.0421432Z --- PASS: TestR73LazyTierComparison (0.00s)
2026-10-08T04:21:06.0422159Z === RUN   TestR73OverviewComparisonDoesNotPolluteSnapshot
2026-10-08T04:21:06.0423606Z --- PASS: TestR73OverviewComparisonDoesNotPolluteSnapshot (0.00s)
2026-10-08T04:21:06.0424390Z === RUN   TestR73Riot404AndPublicOverview
2026-10-08T04:21:06.0429013Z --- PASS: TestR73Riot404AndPublicOverview (0.00s)
2026-10-08T04:21:06.0429747Z === RUN   TestR73CapturedTeamGateAudit
2026-10-08T04:21:06.0430462Z     r73_test.go:192: optional local source capture
2026-10-08T04:21:06.0430903Z --- SKIP: TestR73CapturedTeamGateAudit (0.00s)
2026-10-08T04:21:06.0431741Z === RUN   TestR74RiotTransientIdentityFailureIsNotCached
2026-10-08T04:21:06.0432926Z --- PASS: TestR74RiotTransientIdentityFailureIsNotCached (0.00s)
2026-10-08T04:21:06.0433854Z === RUN   TestR74FacadeCatalogLoadsWithoutOpeningCollection
2026-10-08T04:21:06.0470000Z --- PASS: TestR74FacadeCatalogLoadsWithoutOpeningCollection (0.00s)
2026-10-08T04:21:06.0471458Z === RUN   TestR74FacadeConnectionChangeInvalidatesStaleCatalog
2026-10-08T04:21:06.0472591Z --- PASS: TestR74FacadeConnectionChangeInvalidatesStaleCatalog (0.00s)
2026-10-08T04:21:06.0473844Z === RUN   TestR74RiotBudgetExhaustionReturnsRetryAfterWithoutWaitingForTimeout
2026-10-08T04:21:06.0475252Z --- PASS: TestR74RiotBudgetExhaustionReturnsRetryAfterWithoutWaitingForTimeout (0.00s)
2026-10-08T04:21:06.0476685Z === RUN   TestR74RecommendationInventoryFindsOtherNamespacesWithoutModifyingFiles
2026-10-08T04:21:06.0641875Z --- PASS: TestR74RecommendationInventoryFindsOtherNamespacesWithoutModifyingFiles (0.02s)
2026-10-08T04:21:06.0643946Z === RUN   TestR78ChampSelectNormalizationEnforcesModeLimitsAndIDs
2026-10-08T04:21:06.0646215Z --- PASS: TestR78ChampSelectNormalizationEnforcesModeLimitsAndIDs (0.00s)
2026-10-08T04:21:06.0646849Z === RUN   TestR78RankedFallsBackToDefaultPoolWhenPositionUnknown
2026-10-08T04:21:06.0647443Z === RUN   TestR78RankedFallsBackToDefaultPoolWhenPositionUnknown/#00
2026-10-08T04:21:06.0648502Z --- PASS: TestR78RankedFallsBackToDefaultPoolWhenPositionUnknown/#00 (0.00s)
2026-10-08T04:21:06.0649681Z === RUN   TestR78RankedFallsBackToDefaultPoolWhenPositionUnknown/FILL
2026-10-08T04:21:06.0650868Z --- PASS: TestR78RankedFallsBackToDefaultPoolWhenPositionUnknown/FILL (0.00s)
2026-10-08T04:21:06.0652034Z === RUN   TestR78RankedFallsBackToDefaultPoolWhenPositionUnknown/NONE
2026-10-08T04:21:06.0653177Z --- PASS: TestR78RankedFallsBackToDefaultPoolWhenPositionUnknown/NONE (0.00s)
2026-10-08T04:21:06.0654091Z === RUN   TestR78RankedFallsBackToDefaultPoolWhenPositionUnknown/unknown
2026-10-08T04:21:06.0655385Z --- PASS: TestR78RankedFallsBackToDefaultPoolWhenPositionUnknown/unknown (0.00s)
2026-10-08T04:21:06.0656590Z --- PASS: TestR78RankedFallsBackToDefaultPoolWhenPositionUnknown (0.00s)
2026-10-08T04:21:06.0657585Z === RUN   TestR78RankedUnassignedPositionStillBans
2026-10-08T04:21:06.0658239Z --- PASS: TestR78RankedUnassignedPositionStillBans (0.00s)
2026-10-08T04:21:06.0658706Z === RUN   TestR78MatchmakingQueuesUseNormalGroup
2026-10-08T04:21:06.0659262Z --- PASS: TestR78MatchmakingQueuesUseNormalGroup (0.00s)
2026-10-08T04:21:06.0660086Z === RUN   TestR78TradeCapabilityIndependentOfBench
2026-10-08T04:21:06.0660815Z --- PASS: TestR78TradeCapabilityIndependentOfBench (0.00s)
2026-10-08T04:21:06.0661271Z === RUN   TestR78PickableFailureStillSwapsBench
2026-10-08T04:21:06.0661888Z --- PASS: TestR78PickableFailureStillSwapsBench (0.00s)
2026-10-08T04:21:06.0663183Z === RUN   TestR78V2WatchMigrationPreservesRulesAndAddsEmptyChampSelect
2026-10-08T04:21:06.0680299Z --- PASS: TestR78V2WatchMigrationPreservesRulesAndAddsEmptyChampSelect (0.00s)
2026-10-08T04:21:06.0682220Z === RUN   TestR78ChampSelectCandidateNormalizesLaneAndHonorsIntent
2026-10-08T04:21:06.0682868Z --- PASS: TestR78ChampSelectCandidateNormalizesLaneAndHonorsIntent (0.00s)
2026-10-08T04:21:06.0683450Z === RUN   TestR78ChampSelectDelayNeverNegativeOrPastPhase
2026-10-08T04:21:06.0683975Z --- PASS: TestR78ChampSelectDelayNeverNegativeOrPastPhase (0.00s)
2026-10-08T04:21:06.0684472Z === RUN   TestR78ChampSelectActionRequiresInProgress
2026-10-08T04:21:06.0684943Z --- PASS: TestR78ChampSelectActionRequiresInProgress (0.00s)
2026-10-08T04:21:06.0685393Z === RUN   TestR78ChampSelectRequiresChampSelectPhase
2026-10-08T04:21:06.0990447Z --- PASS: TestR78ChampSelectRequiresChampSelectPhase (0.03s)
2026-10-08T04:21:06.0992951Z === RUN   TestR78ChampSelectStrategiesAndTradePriority
2026-10-08T04:21:06.0993723Z --- PASS: TestR78ChampSelectStrategiesAndTradePriority (0.00s)
2026-10-08T04:21:06.0994466Z === RUN   TestR78ChampSelectSessionCacheClearsOnEnterAndLeave
2026-10-08T04:21:06.0995243Z --- PASS: TestR78ChampSelectSessionCacheClearsOnEnterAndLeave (0.00s)
2026-10-08T04:21:06.0996046Z === RUN   TestR78ChampSelectExhaustedEmitsAndDoesNotPatch
2026-10-08T04:21:06.0999477Z --- PASS: TestR78ChampSelectExhaustedEmitsAndDoesNotPatch (0.00s)
2026-10-08T04:21:06.1001065Z === RUN   TestR78ChampSelectSubmissionDeduplicatesAndUsesSecondIntentSafeChoice
2026-10-08T04:21:06.1312308Z --- PASS: TestR78ChampSelectSubmissionDeduplicatesAndUsesSecondIntentSafeChoice (0.03s)
2026-10-08T04:21:06.1314125Z === RUN   TestR78ChampSelectUserTakeoverCancelsAutomation
2026-10-08T04:21:06.1315853Z --- PASS: TestR78ChampSelectUserTakeoverCancelsAutomation (0.00s)
2026-10-08T04:21:06.1316951Z === RUN   TestR78ARAMNeverSubmitsBan
2026-10-08T04:21:06.1625443Z --- PASS: TestR78ARAMNeverSubmitsBan (0.03s)
2026-10-08T04:21:06.1626843Z === RUN   TestR78ArenaWithoutBanActionStillPicks
2026-10-08T04:21:06.1632476Z --- PASS: TestR78ArenaWithoutBanActionStillPicks (0.00s)
2026-10-08T04:21:06.1633967Z === RUN   TestR78CustomPracticeChampSelectUsesItsOwnPauseGate
2026-10-08T04:21:06.1640031Z --- PASS: TestR78CustomPracticeChampSelectUsesItsOwnPauseGate (0.00s)
2026-10-08T04:21:06.1641014Z === RUN   TestR79ItemSetContextReportsObservedGameflowPhase
2026-10-08T04:21:06.1641983Z === RUN   TestR79ItemSetContextReportsObservedGameflowPhase/champ-select
2026-10-08T04:21:06.1655222Z --- PASS: TestR79ItemSetContextReportsObservedGameflowPhase/champ-select (0.00s)
2026-10-08T04:21:06.1657281Z === RUN   TestR79ItemSetContextReportsObservedGameflowPhase/in-progress
2026-10-08T04:21:06.1665700Z --- PASS: TestR79ItemSetContextReportsObservedGameflowPhase/in-progress (0.00s)
2026-10-08T04:21:06.1666848Z === RUN   TestR79ItemSetContextReportsObservedGameflowPhase/lobby
2026-10-08T04:21:06.1676321Z --- PASS: TestR79ItemSetContextReportsObservedGameflowPhase/lobby (0.00s)
2026-10-08T04:21:06.1677770Z === RUN   TestR79ItemSetContextReportsObservedGameflowPhase/unreadable
2026-10-08T04:21:06.1686549Z --- PASS: TestR79ItemSetContextReportsObservedGameflowPhase/unreadable (0.00s)
2026-10-08T04:21:06.1687778Z --- PASS: TestR79ItemSetContextReportsObservedGameflowPhase (0.00s)
2026-10-08T04:21:06.1688735Z === RUN   TestR79ItemSetApplyDiagnosticRecordsRejectedPhase
2026-10-08T04:21:06.1729204Z --- PASS: TestR79ItemSetApplyDiagnosticRecordsRejectedPhase (0.00s)
2026-10-08T04:21:06.1730337Z === RUN   TestR86RiotMatchSingleflightAndCanceledWaiter
2026-10-08T04:21:06.2040511Z --- PASS: TestR86RiotMatchSingleflightAndCanceledWaiter (0.03s)
2026-10-08T04:21:06.2041814Z === RUN   TestR86CanceledQuotaWaitDoesNotReserveTokens
2026-10-08T04:21:06.2042999Z --- PASS: TestR86CanceledQuotaWaitDoesNotReserveTokens (0.00s)
2026-10-08T04:21:06.2044142Z === RUN   TestR86ChampionNamesNegativeCacheAndExpiry
2026-10-08T04:21:06.2045349Z --- PASS: TestR86ChampionNamesNegativeCacheAndExpiry (0.00s)
2026-10-08T04:21:06.2046486Z === RUN   TestR86RankCacheDoesNotAcquireApplicationLock
2026-10-08T04:21:06.2047364Z --- PASS: TestR86RankCacheDoesNotAcquireApplicationLock (0.00s)
2026-10-08T04:21:06.2048540Z === RUN   TestR86RiotOverviewCancellationStopsQueuedDetails
2026-10-08T04:21:06.2053886Z --- PASS: TestR86RiotOverviewCancellationStopsQueuedDetails (0.00s)
2026-10-08T04:21:06.2055027Z === RUN   TestR86RiotQueuedDetailsExitWhileActiveRequestsHoldSlots
2026-10-08T04:21:06.2085603Z --- PASS: TestR86RiotQueuedDetailsExitWhileActiveRequestsHoldSlots (0.00s)
2026-10-08T04:21:06.2086694Z === RUN   TestR86PlayAgainEarlierPhaseRearmsWithoutDuplicateOrPostponement
2026-10-08T04:21:07.7844291Z --- PASS: TestR86PlayAgainEarlierPhaseRearmsWithoutDuplicateOrPostponement (1.58s)
2026-10-08T04:21:07.7845798Z === RUN   TestR86DiagnosticBufferBudgetAndImmediateRead
2026-10-08T04:21:07.8320031Z --- PASS: TestR86DiagnosticBufferBudgetAndImmediateRead (0.05s)
2026-10-08T04:21:07.8321728Z === RUN   TestR86DiagnosticTimerFlushAndAsyncFailureVisible
2026-10-08T04:21:08.0392052Z --- PASS: TestR86DiagnosticTimerFlushAndAsyncFailureVisible (0.21s)
2026-10-08T04:21:08.0393325Z === RUN   TestR86EmptyProcessDiscoverySkipsDiskButErrorsRetainFallback
2026-10-08T04:21:08.0394593Z === RUN   TestR86EmptyProcessDiscoverySkipsDiskButErrorsRetainFallback/empty
2026-10-08T04:21:08.0395963Z --- PASS: TestR86EmptyProcessDiscoverySkipsDiskButErrorsRetainFallback/empty (0.00s)
2026-10-08T04:21:08.0398715Z === RUN   TestR86EmptyProcessDiscoverySkipsDiskButErrorsRetainFallback/failed
2026-10-08T04:21:08.0400242Z --- PASS: TestR86EmptyProcessDiscoverySkipsDiskButErrorsRetainFallback/failed (0.00s)
2026-10-08T04:21:08.0401604Z === RUN   TestR86EmptyProcessDiscoverySkipsDiskButErrorsRetainFallback/unreadable
2026-10-08T04:21:08.0403054Z --- PASS: TestR86EmptyProcessDiscoverySkipsDiskButErrorsRetainFallback/unreadable (0.00s)
2026-10-08T04:21:08.0404565Z --- PASS: TestR86EmptyProcessDiscoverySkipsDiskButErrorsRetainFallback (0.00s)
2026-10-08T04:21:08.0405736Z === RUN   TestR86ChampionDiskMigrationPruneAndThrottle
2026-10-08T04:21:08.2476451Z --- PASS: TestR86ChampionDiskMigrationPruneAndThrottle (0.21s)
2026-10-08T04:21:08.2478428Z === RUN   TestR86OverviewDeadlineCancelsQueuesAndMastery
2026-10-08T04:21:08.2479063Z === RUN   TestR86OverviewDeadlineCancelsQueuesAndMastery//lol-game-queues/v1/queues
2026-10-08T04:21:08.2684089Z --- PASS: TestR86OverviewDeadlineCancelsQueuesAndMastery//lol-game-queues/v1/queues (0.02s)
2026-10-08T04:21:08.2685587Z === RUN   TestR86OverviewDeadlineCancelsQueuesAndMastery/champion-mastery
2026-10-08T04:21:08.3395322Z --- PASS: TestR86OverviewDeadlineCancelsQueuesAndMastery/champion-mastery (0.07s)
2026-10-08T04:21:08.3397022Z --- PASS: TestR86OverviewDeadlineCancelsQueuesAndMastery (0.09s)
2026-10-08T04:21:08.3398416Z === RUN   TestR86SGPThreeHundredPhysicalPagesStayWithinBudget
2026-10-08T04:21:08.3399570Z === PAUSE TestR86SGPThreeHundredPhysicalPagesStayWithinBudget
2026-10-08T04:21:08.3400715Z === RUN   TestR86TenPageSeasonBackfillDoesNotPopulateHistoryCache
2026-10-08T04:21:08.4030674Z --- PASS: TestR86TenPageSeasonBackfillDoesNotPopulateHistoryCache (0.06s)
2026-10-08T04:21:08.4031829Z === RUN   TestR86SnapshotsPruneByBytesAndCount
2026-10-08T04:21:08.4032734Z === RUN   TestR86SnapshotsPruneByBytesAndCount/8388608
2026-10-08T04:21:08.4286260Z --- PASS: TestR86SnapshotsPruneByBytesAndCount/8388608 (0.03s)
2026-10-08T04:21:08.4287305Z === RUN   TestR86SnapshotsPruneByBytesAndCount/1
2026-10-08T04:21:08.4547517Z --- PASS: TestR86SnapshotsPruneByBytesAndCount/1 (0.03s)
2026-10-08T04:21:08.4549854Z --- PASS: TestR86SnapshotsPruneByBytesAndCount (0.05s)
2026-10-08T04:21:08.4552659Z === RUN   TestR87P7EveryEndPhaseResetsMatchmakingExhaustion
2026-10-08T04:21:08.4553801Z === RUN   TestR87P7EveryEndPhaseResetsMatchmakingExhaustion/WaitingForStats
2026-10-08T04:21:08.4555335Z --- PASS: TestR87P7EveryEndPhaseResetsMatchmakingExhaustion/WaitingForStats (0.00s)
2026-10-08T04:21:08.4558902Z === RUN   TestR87P7EveryEndPhaseResetsMatchmakingExhaustion/PreEndOfGame
2026-10-08T04:21:08.4560130Z --- PASS: TestR87P7EveryEndPhaseResetsMatchmakingExhaustion/PreEndOfGame (0.00s)
2026-10-08T04:21:08.4561047Z === RUN   TestR87P7EveryEndPhaseResetsMatchmakingExhaustion/EndOfGame
2026-10-08T04:21:08.4561877Z --- PASS: TestR87P7EveryEndPhaseResetsMatchmakingExhaustion/EndOfGame (0.00s)
2026-10-08T04:21:08.4562536Z --- PASS: TestR87P7EveryEndPhaseResetsMatchmakingExhaustion (0.00s)
2026-10-08T04:21:08.4563190Z === RUN   TestR87P7FourStateGuardExplainsEachSkip
2026-10-08T04:21:08.4563877Z === RUN   TestR87P7FourStateGuardExplainsEachSkip/custom
2026-10-08T04:21:08.4564397Z --- PASS: TestR87P7FourStateGuardExplainsEachSkip/custom (0.00s)
2026-10-08T04:21:08.4564908Z === RUN   TestR87P7FourStateGuardExplainsEachSkip/started
2026-10-08T04:21:08.4565421Z --- PASS: TestR87P7FourStateGuardExplainsEachSkip/started (0.00s)
2026-10-08T04:21:08.4565938Z === RUN   TestR87P7FourStateGuardExplainsEachSkip/inflight
2026-10-08T04:21:08.4566601Z --- PASS: TestR87P7FourStateGuardExplainsEachSkip/inflight (0.00s)
2026-10-08T04:21:08.4567271Z === RUN   TestR87P7FourStateGuardExplainsEachSkip/exhausted
2026-10-08T04:21:08.4567821Z --- PASS: TestR87P7FourStateGuardExplainsEachSkip/exhausted (0.00s)
2026-10-08T04:21:08.4568558Z --- PASS: TestR87P7FourStateGuardExplainsEachSkip (0.00s)
2026-10-08T04:21:08.4569581Z === RUN   TestR87P7CanceledOldMatchmakingCannotPoisonNextGame
2026-10-08T04:21:08.4570430Z --- PASS: TestR87P7CanceledOldMatchmakingCannotPoisonNextGame (0.00s)
2026-10-08T04:21:08.4571025Z === RUN   TestR87P7CanceledJobsDoNotBlockReenabledMatchmaking
2026-10-08T04:21:08.4571817Z === RUN   TestR87P7CanceledJobsDoNotBlockReenabledMatchmaking/rule-toggle
2026-10-08T04:21:08.4572526Z --- PASS: TestR87P7CanceledJobsDoNotBlockReenabledMatchmaking/rule-toggle (0.00s)
2026-10-08T04:21:08.4573217Z === RUN   TestR87P7CanceledJobsDoNotBlockReenabledMatchmaking/master-toggle
2026-10-08T04:21:08.4573908Z --- PASS: TestR87P7CanceledJobsDoNotBlockReenabledMatchmaking/master-toggle (0.00s)
2026-10-08T04:21:08.4574949Z === RUN   TestR87P7CanceledJobsDoNotBlockReenabledMatchmaking/disabled-phase
2026-10-08T04:21:08.4576232Z --- PASS: TestR87P7CanceledJobsDoNotBlockReenabledMatchmaking/disabled-phase (0.00s)
2026-10-08T04:21:08.4576941Z === RUN   TestR87P7CanceledJobsDoNotBlockReenabledMatchmaking/custom-session
2026-10-08T04:21:08.4577632Z --- PASS: TestR87P7CanceledJobsDoNotBlockReenabledMatchmaking/custom-session (0.00s)
2026-10-08T04:21:08.4578317Z === RUN   TestR87P7CanceledJobsDoNotBlockReenabledMatchmaking/leave-lobby
2026-10-08T04:21:08.4578979Z --- PASS: TestR87P7CanceledJobsDoNotBlockReenabledMatchmaking/leave-lobby (0.00s)
2026-10-08T04:21:08.4579953Z --- PASS: TestR87P7CanceledJobsDoNotBlockReenabledMatchmaking (0.00s)
2026-10-08T04:21:08.4580670Z === RUN   TestR87P7AndP9ClientDiagnosticsReachExport
2026-10-08T04:21:08.4581134Z === RUN   TestR87P7AndP9ClientDiagnosticsReachExport/false
2026-10-08T04:21:08.4587981Z --- PASS: TestR87P7AndP9ClientDiagnosticsReachExport/false (0.00s)
2026-10-08T04:21:08.4589742Z === RUN   TestR87P7AndP9ClientDiagnosticsReachExport/true
2026-10-08T04:21:08.4617332Z --- PASS: TestR87P7AndP9ClientDiagnosticsReachExport/true (0.00s)
2026-10-08T04:21:08.4696493Z --- PASS: TestR87P7AndP9ClientDiagnosticsReachExport (0.01s)
2026-10-08T04:21:08.4697470Z === RUN   TestR87PrewarmRejectsDifferentGameWithoutPhaseEvent
2026-10-08T04:21:08.4700815Z --- PASS: TestR87PrewarmRejectsDifferentGameWithoutPhaseEvent (0.00s)
2026-10-08T04:21:08.4701690Z === RUN   TestR87PrewarmSurvivesLongHiddenWindow
2026-10-08T04:21:08.4707158Z --- PASS: TestR87PrewarmSurvivesLongHiddenWindow (0.00s)
2026-10-08T04:21:08.4709357Z === RUN   TestR87OldPhaseWarmCannotReplaceNewPhaseFlight
2026-10-08T04:21:08.4710953Z --- PASS: TestR87OldPhaseWarmCannotReplaceNewPhaseFlight (0.00s)
2026-10-08T04:21:08.4712088Z === RUN   TestR87ReconnectPreflightRejectsLostEndEvent
2026-10-08T04:21:08.4713053Z === RUN   TestR87ReconnectPreflightRejectsLostEndEvent/Reconnect
2026-10-08T04:21:08.4714729Z --- PASS: TestR87ReconnectPreflightRejectsLostEndEvent/Reconnect (0.00s)
2026-10-08T04:21:08.4716130Z === RUN   TestR87ReconnectPreflightRejectsLostEndEvent/WaitingForStats
2026-10-08T04:21:08.4717357Z --- PASS: TestR87ReconnectPreflightRejectsLostEndEvent/WaitingForStats (0.00s)
2026-10-08T04:21:08.4718781Z --- PASS: TestR87ReconnectPreflightRejectsLostEndEvent (0.00s)
2026-10-08T04:21:08.4719842Z === RUN   TestR87BannableProbeKeepsHTTPStatusAndActionGateSeparate
2026-10-08T04:21:08.4721625Z === RUN   TestR87BannableProbeKeepsHTTPStatusAndActionGateSeparate/0
2026-10-08T04:21:08.4723399Z --- PASS: TestR87BannableProbeKeepsHTTPStatusAndActionGateSeparate/0 (0.00s)
2026-10-08T04:21:08.4725861Z === RUN   TestR87BannableProbeKeepsHTTPStatusAndActionGateSeparate/200
2026-10-08T04:21:08.4727045Z --- PASS: TestR87BannableProbeKeepsHTTPStatusAndActionGateSeparate/200 (0.00s)
2026-10-08T04:21:08.4728194Z === RUN   TestR87BannableProbeKeepsHTTPStatusAndActionGateSeparate/204
2026-10-08T04:21:08.4729331Z --- PASS: TestR87BannableProbeKeepsHTTPStatusAndActionGateSeparate/204 (0.00s)
2026-10-08T04:21:08.4730467Z === RUN   TestR87BannableProbeKeepsHTTPStatusAndActionGateSeparate/503
2026-10-08T04:21:08.4731600Z --- PASS: TestR87BannableProbeKeepsHTTPStatusAndActionGateSeparate/503 (0.00s)
2026-10-08T04:21:08.4732761Z --- PASS: TestR87BannableProbeKeepsHTTPStatusAndActionGateSeparate (0.00s)
2026-10-08T04:21:08.4734051Z === RUN   TestR87CollectionThreeComparisonsAndBoundedPendingRetry
2026-10-08T04:21:08.8753151Z     r87_additional_test.go:199: mock medians old=126.4439ms new=8.5885ms improvement=93.2%
2026-10-08T04:21:08.8791502Z --- PASS: TestR87CollectionThreeComparisonsAndBoundedPendingRetry (0.41s)
2026-10-08T04:21:08.8792956Z === RUN   TestR87ClaimHandlerSuppliesOwnBudget
2026-10-08T04:21:08.8793967Z --- PASS: TestR87ClaimHandlerSuppliesOwnBudget (0.00s)
2026-10-08T04:21:08.8794955Z === RUN   TestR87PositionBroadcastEveryFailureReason
2026-10-08T04:21:08.8797100Z === RUN   TestR87PositionBroadcastEveryFailureReason/session-read-failed
2026-10-08T04:21:08.8798934Z --- PASS: TestR87PositionBroadcastEveryFailureReason/session-read-failed (0.00s)
2026-10-08T04:21:08.8801576Z === RUN   TestR87PositionBroadcastEveryFailureReason/gameflow-read-failed
2026-10-08T04:21:08.8802933Z --- PASS: TestR87PositionBroadcastEveryFailureReason/gameflow-read-failed (0.00s)
2026-10-08T04:21:08.8804129Z === RUN   TestR87PositionBroadcastEveryFailureReason/chat-read-failed
2026-10-08T04:21:08.8805308Z --- PASS: TestR87PositionBroadcastEveryFailureReason/chat-read-failed (0.00s)
2026-10-08T04:21:08.8806452Z === RUN   TestR87PositionBroadcastEveryFailureReason/conversation-unavailable
2026-10-08T04:21:08.8807757Z --- PASS: TestR87PositionBroadcastEveryFailureReason/conversation-unavailable (0.00s)
2026-10-08T04:21:08.8808984Z === RUN   TestR87PositionBroadcastEveryFailureReason/message-write-failed
2026-10-08T04:21:08.8810269Z --- PASS: TestR87PositionBroadcastEveryFailureReason/message-write-failed (0.00s)
2026-10-08T04:21:08.8811357Z === RUN   TestR87PositionBroadcastEveryFailureReason/team-unavailable
2026-10-08T04:21:08.8812633Z --- PASS: TestR87PositionBroadcastEveryFailureReason/team-unavailable (0.00s)
2026-10-08T04:21:08.8813716Z --- PASS: TestR87PositionBroadcastEveryFailureReason (0.00s)
2026-10-08T04:21:08.8814785Z === RUN   TestR87SGPForceInvalidationRejectsOldFlightAndKeepsOtherPlayer
2026-10-08T04:21:08.8816394Z --- PASS: TestR87SGPForceInvalidationRejectsOldFlightAndKeepsOtherPlayer (0.00s)
2026-10-08T04:21:08.8817358Z === RUN   TestR87CancellationScopes
2026-10-08T04:21:08.8830372Z --- PASS: TestR87CancellationScopes (0.00s)
2026-10-08T04:21:08.8831364Z === RUN   TestR87ClientDiagnosticsReachExportWithLifecycleFields
2026-10-08T04:21:08.8832480Z === RUN   TestR87ClientDiagnosticsReachExportWithLifecycleFields/overview
2026-10-08T04:21:08.8839621Z --- PASS: TestR87ClientDiagnosticsReachExportWithLifecycleFields/overview (0.00s)
2026-10-08T04:21:08.8841147Z === RUN   TestR87ClientDiagnosticsReachExportWithLifecycleFields/live
2026-10-08T04:21:08.8869170Z --- PASS: TestR87ClientDiagnosticsReachExportWithLifecycleFields/live (0.00s)
2026-10-08T04:21:08.8870295Z === RUN   TestR87ClientDiagnosticsReachExportWithLifecycleFields/champions
2026-10-08T04:21:08.8899884Z --- PASS: TestR87ClientDiagnosticsReachExportWithLifecycleFields/champions (0.00s)
2026-10-08T04:21:08.8901062Z === RUN   TestR87ClientDiagnosticsReachExportWithLifecycleFields/favorites
2026-10-08T04:21:08.8931104Z --- PASS: TestR87ClientDiagnosticsReachExportWithLifecycleFields/favorites (0.00s)
2026-10-08T04:21:08.8932605Z === RUN   TestR87ClientDiagnosticsReachExportWithLifecycleFields/suite
2026-10-08T04:21:08.8959044Z --- PASS: TestR87ClientDiagnosticsReachExportWithLifecycleFields/suite (0.00s)
2026-10-08T04:21:08.8985520Z --- PASS: TestR87ClientDiagnosticsReachExportWithLifecycleFields (0.02s)
2026-10-08T04:21:08.8986864Z === RUN   TestR87ClaimTimeoutBeforeScanStillPairsItemDiagnostics
2026-10-08T04:21:08.9209346Z --- PASS: TestR87ClaimTimeoutBeforeScanStillPairsItemDiagnostics (0.02s)
2026-10-08T04:21:08.9210435Z === RUN   TestR87ArenaSentinelActuallyPatches
2026-10-08T04:21:08.9211007Z === RUN   TestR87ArenaSentinelActuallyPatches/1700
2026-10-08T04:21:08.9227707Z --- PASS: TestR87ArenaSentinelActuallyPatches/1700 (0.00s)
2026-10-08T04:21:08.9228547Z === RUN   TestR87ArenaSentinelActuallyPatches/1710
2026-10-08T04:21:08.9244358Z --- PASS: TestR87ArenaSentinelActuallyPatches/1710 (0.00s)
2026-10-08T04:21:08.9245785Z === RUN   TestR87ArenaSentinelActuallyPatches/1750
2026-10-08T04:21:08.9260617Z --- PASS: TestR87ArenaSentinelActuallyPatches/1750 (0.00s)
2026-10-08T04:21:08.9261703Z --- PASS: TestR87ArenaSentinelActuallyPatches (0.01s)
2026-10-08T04:21:08.9262203Z === RUN   TestR87ArenaLiteralBoundary
2026-10-08T04:21:08.9458970Z --- PASS: TestR87ArenaLiteralBoundary (0.02s)
2026-10-08T04:21:08.9459556Z === RUN   TestR87WaitingForStatsInvalidatesOnlySubjectAndDetachesFlight
2026-10-08T04:21:08.9460421Z --- PASS: TestR87WaitingForStatsInvalidatesOnlySubjectAndDetachesFlight (0.00s)
2026-10-08T04:21:08.9461031Z === RUN   TestR87PhasePrewarmMakesFirstLiveResponseFast
2026-10-08T04:21:09.3274464Z     r87_test.go:141: cold=247.2781ms warm=5.6398ms
2026-10-08T04:21:09.3275710Z --- PASS: TestR87PhasePrewarmMakesFirstLiveResponseFast (0.38s)
2026-10-08T04:21:09.3277412Z === RUN   TestR87CollectionSharesPayloadsAndDoesNotCacheEmptyAcrossRefreshes
2026-10-08T04:21:09.3279751Z --- PASS: TestR87CollectionSharesPayloadsAndDoesNotCacheEmptyAcrossRefreshes (0.00s)
2026-10-08T04:21:09.3281582Z === RUN   TestR87NineClaimsScanOnceEachAndTimeoutBudgetIncludesLock
2026-10-08T04:21:09.3534585Z --- PASS: TestR87NineClaimsScanOnceEachAndTimeoutBudgetIncludesLock (0.03s)
2026-10-08T04:21:09.3535661Z === RUN   TestR87ReconnectRequiresSustainedPhase
2026-10-08T04:21:09.3536637Z --- PASS: TestR87ReconnectRequiresSustainedPhase (0.00s)
2026-10-08T04:21:09.3537671Z === RUN   TestR87PositionBroadcastFailureHasReason
2026-10-08T04:21:09.3538663Z --- PASS: TestR87PositionBroadcastFailureHasReason (0.00s)
2026-10-08T04:21:09.3539603Z === RUN   TestR87RosterLayoutPreservesMainAndStats
2026-10-08T04:21:09.3541370Z --- PASS: TestR87RosterLayoutPreservesMainAndStats (0.00s)
2026-10-08T04:21:09.3542207Z === RUN   TestR88QueueGuardMutations
2026-10-08T04:21:09.3546296Z --- PASS: TestR88QueueGuardMutations (0.00s)
2026-10-08T04:21:09.3547964Z === RUN   TestR88ArenaBanWildcardActuallyPatches
2026-10-08T04:21:09.3548467Z === RUN   TestR88ArenaBanWildcardActuallyPatches/1750
2026-10-08T04:21:09.3578516Z --- PASS: TestR88ArenaBanWildcardActuallyPatches/1750 (0.00s)
2026-10-08T04:21:09.3579416Z === RUN   TestR88ArenaBanWildcardActuallyPatches/3110
2026-10-08T04:21:09.3612664Z --- PASS: TestR88ArenaBanWildcardActuallyPatches/3110 (0.00s)
2026-10-08T04:21:09.3613603Z === RUN   TestR88ArenaBanWildcardActuallyPatches/3100
2026-10-08T04:21:09.3648352Z --- PASS: TestR88ArenaBanWildcardActuallyPatches/3100 (0.00s)
2026-10-08T04:21:09.3649595Z --- PASS: TestR88ArenaBanWildcardActuallyPatches (0.01s)
2026-10-08T04:21:09.3650987Z === RUN   TestR88OrdinaryLiveLoadsCacheAndReuseWithoutExtendingTTL
2026-10-08T04:21:09.3663745Z --- PASS: TestR88OrdinaryLiveLoadsCacheAndReuseWithoutExtendingTTL (0.00s)
2026-10-08T04:21:09.3664929Z === RUN   TestR88SummonerCacheCoalescesExpiresAndIsolatesClients
2026-10-08T04:21:09.3835997Z --- PASS: TestR88SummonerCacheCoalescesExpiresAndIsolatesClients (0.02s)
2026-10-08T04:21:09.3837373Z === RUN   TestR88ArenaRankingsOPAndPartialSchema
2026-10-08T04:21:09.3884463Z --- PASS: TestR88ArenaRankingsOPAndPartialSchema (0.00s)
2026-10-08T04:21:09.3885272Z === RUN   TestR88DiagnosticContractsAndBuildMarker
2026-10-08T04:21:09.3972617Z --- PASS: TestR88DiagnosticContractsAndBuildMarker (0.01s)
2026-10-08T04:21:09.3973559Z === RUN   TestR88ConcurrentCachedProbeRejectsSupersededSnapshot
2026-10-08T04:21:09.3979195Z --- PASS: TestR88ConcurrentCachedProbeRejectsSupersededSnapshot (0.00s)
2026-10-08T04:21:09.3980252Z === RUN   TestR89DiagnosticArenaParserDirectStoragePath
2026-10-08T04:21:09.4019596Z --- PASS: TestR89DiagnosticArenaParserDirectStoragePath (0.00s)
2026-10-08T04:21:09.4020840Z === RUN   TestR89DiagnosticStorageOverridesStaleProducerMarkerWithoutMutation
2026-10-08T04:21:09.4046525Z --- PASS: TestR89DiagnosticStorageOverridesStaleProducerMarkerWithoutMutation (0.00s)
2026-10-08T04:21:09.4047517Z === RUN   TestR89DiagnosticStandardEventsRetainFingerprint
2026-10-08T04:21:09.4078596Z --- PASS: TestR89DiagnosticStandardEventsRetainFingerprint (0.00s)
2026-10-08T04:21:09.4079725Z === RUN   TestR89DiagnosticStorageRotationMarkerAlsoHasFingerprint
2026-10-08T04:21:09.4140990Z --- PASS: TestR89DiagnosticStorageRotationMarkerAlsoHasFingerprint (0.01s)
2026-10-08T04:21:09.4142264Z === RUN   TestR89QueueGuardEquivalentMutations
2026-10-08T04:21:09.4143445Z === RUN   TestR89QueueGuardEquivalentMutations/itoa
2026-10-08T04:21:09.4144393Z --- PASS: TestR89QueueGuardEquivalentMutations/itoa (0.00s)
2026-10-08T04:21:09.4145894Z === RUN   TestR89QueueGuardEquivalentMutations/float-conversion
2026-10-08T04:21:09.4146988Z --- PASS: TestR89QueueGuardEquivalentMutations/float-conversion (0.00s)
2026-10-08T04:21:09.4148448Z === RUN   TestR89QueueGuardEquivalentMutations/wrapper-extra-args
2026-10-08T04:21:09.4149595Z --- PASS: TestR89QueueGuardEquivalentMutations/wrapper-extra-args (0.00s)
2026-10-08T04:21:09.4150644Z === RUN   TestR89QueueGuardEquivalentMutations/reflect-string
2026-10-08T04:21:09.4154821Z --- PASS: TestR89QueueGuardEquivalentMutations/reflect-string (0.00s)
2026-10-08T04:21:09.4155855Z === RUN   TestR89QueueGuardEquivalentMutations/string-switch
2026-10-08T04:21:09.4156835Z --- PASS: TestR89QueueGuardEquivalentMutations/string-switch (0.00s)
2026-10-08T04:21:09.4157844Z === RUN   TestR89QueueGuardEquivalentMutations/generic-compare
2026-10-08T04:21:09.4158853Z --- PASS: TestR89QueueGuardEquivalentMutations/generic-compare (0.00s)
2026-10-08T04:21:09.4159850Z === RUN   TestR89QueueGuardEquivalentMutations/original-alias
2026-10-08T04:21:09.4160810Z --- PASS: TestR89QueueGuardEquivalentMutations/original-alias (0.00s)
2026-10-08T04:21:09.4161805Z === RUN   TestR89QueueGuardEquivalentMutations/string-direct
2026-10-08T04:21:09.4162809Z --- PASS: TestR89QueueGuardEquivalentMutations/string-direct (0.00s)
2026-10-08T04:21:09.4163762Z === RUN   TestR89QueueGuardEquivalentMutations/string-alias
2026-10-08T04:21:09.4164719Z --- PASS: TestR89QueueGuardEquivalentMutations/string-alias (0.00s)
2026-10-08T04:21:09.4165691Z === RUN   TestR89QueueGuardEquivalentMutations/string-constant
2026-10-08T04:21:09.4166671Z --- PASS: TestR89QueueGuardEquivalentMutations/string-constant (0.00s)
2026-10-08T04:21:09.4167745Z === RUN   TestR89QueueGuardEquivalentMutations/float-exponent
2026-10-08T04:21:09.4168755Z --- PASS: TestR89QueueGuardEquivalentMutations/float-exponent (0.00s)
2026-10-08T04:21:09.4169720Z === RUN   TestR89QueueGuardEquivalentMutations/cast-literal
2026-10-08T04:21:09.4170704Z --- PASS: TestR89QueueGuardEquivalentMutations/cast-literal (0.00s)
2026-10-08T04:21:09.4171723Z === RUN   TestR89QueueGuardEquivalentMutations/numeric-string-rhs
2026-10-08T04:21:09.4172798Z --- PASS: TestR89QueueGuardEquivalentMutations/numeric-string-rhs (0.00s)
2026-10-08T04:21:09.4174181Z === RUN   TestR89QueueGuardEquivalentMutations/receiver-string
2026-10-08T04:21:09.4175194Z --- PASS: TestR89QueueGuardEquivalentMutations/receiver-string (0.00s)
2026-10-08T04:21:09.4176174Z === RUN   TestR89QueueGuardEquivalentMutations/equal-fold
2026-10-08T04:21:09.4177133Z --- PASS: TestR89QueueGuardEquivalentMutations/equal-fold (0.00s)
2026-10-08T04:21:09.4178016Z === RUN   TestR89QueueGuardEquivalentMutations/format
2026-10-08T04:21:09.4178884Z --- PASS: TestR89QueueGuardEquivalentMutations/format (0.00s)
2026-10-08T04:21:09.4179775Z === RUN   TestR89QueueGuardEquivalentMutations/format-alias
2026-10-08T04:21:09.4180739Z --- PASS: TestR89QueueGuardEquivalentMutations/format-alias (0.00s)
2026-10-08T04:21:09.4181641Z === RUN   TestR89QueueGuardEquivalentMutations/wrapper
2026-10-08T04:21:09.4182515Z --- PASS: TestR89QueueGuardEquivalentMutations/wrapper (0.00s)
2026-10-08T04:21:09.4183398Z === RUN   TestR89QueueGuardEquivalentMutations/compare
2026-10-08T04:21:09.4184264Z --- PASS: TestR89QueueGuardEquivalentMutations/compare (0.00s)
2026-10-08T04:21:09.4185125Z === RUN   TestR89QueueGuardEquivalentMutations/bytes
2026-10-08T04:21:09.4186259Z --- PASS: TestR89QueueGuardEquivalentMutations/bytes (0.00s)
2026-10-08T04:21:09.4187234Z === RUN   TestR89QueueGuardEquivalentMutations/constant-switch
2026-10-08T04:21:09.4188242Z --- PASS: TestR89QueueGuardEquivalentMutations/constant-switch (0.00s)
2026-10-08T04:21:09.4189263Z === RUN   TestR89QueueGuardEquivalentMutations/original-direct
2026-10-08T04:21:09.4190295Z --- PASS: TestR89QueueGuardEquivalentMutations/original-direct (0.00s)
2026-10-08T04:21:09.4191294Z === RUN   TestR89QueueGuardEquivalentMutations/constant-alias
2026-10-08T04:21:09.4192300Z --- PASS: TestR89QueueGuardEquivalentMutations/constant-alias (0.00s)
2026-10-08T04:21:09.4193355Z === RUN   TestR89QueueGuardEquivalentMutations/arithmetic
2026-10-08T04:21:09.4194926Z --- PASS: TestR89QueueGuardEquivalentMutations/arithmetic (0.00s)
2026-10-08T04:21:09.4195777Z === RUN   TestR89QueueGuardEquivalentMutations/reflect
2026-10-08T04:21:09.4196299Z --- PASS: TestR89QueueGuardEquivalentMutations/reflect (0.00s)
2026-10-08T04:21:09.4196820Z === RUN   TestR89QueueGuardEquivalentMutations/original-switch
2026-10-08T04:21:09.4197518Z --- PASS: TestR89QueueGuardEquivalentMutations/original-switch (0.00s)
2026-10-08T04:21:09.4198328Z === RUN   TestR89QueueGuardEquivalentMutations/sprint
2026-10-08T04:21:09.4198803Z --- PASS: TestR89QueueGuardEquivalentMutations/sprint (0.00s)
2026-10-08T04:21:09.4199363Z === RUN   TestR89QueueGuardEquivalentMutations/reassigned-literal
2026-10-08T04:21:09.4199961Z --- PASS: TestR89QueueGuardEquivalentMutations/reassigned-literal (0.00s)
2026-10-08T04:21:09.4200735Z === RUN   TestR89QueueGuardEquivalentMutations/unsigned-format
2026-10-08T04:21:09.4201271Z --- PASS: TestR89QueueGuardEquivalentMutations/unsigned-format (0.00s)
2026-10-08T04:21:09.4201792Z === RUN   TestR89QueueGuardEquivalentMutations/shift-literal
2026-10-08T04:21:09.4202398Z --- PASS: TestR89QueueGuardEquivalentMutations/shift-literal (0.00s)
2026-10-08T04:21:09.4203398Z === RUN   TestR89QueueGuardEquivalentMutations/reflect-alias
2026-10-08T04:21:09.4204151Z --- PASS: TestR89QueueGuardEquivalentMutations/reflect-alias (0.00s)
2026-10-08T04:21:09.4204682Z === RUN   TestR89QueueGuardEquivalentMutations/named-queue-root
2026-10-08T04:21:09.4205227Z --- PASS: TestR89QueueGuardEquivalentMutations/named-queue-root (0.00s)
2026-10-08T04:21:09.4205725Z --- PASS: TestR89QueueGuardEquivalentMutations (0.00s)
2026-10-08T04:21:09.4206228Z === RUN   TestR89QueueGuardAllowsRegisteredTablesAndUnrelatedValues
2026-10-08T04:21:09.4206869Z === RUN   TestR89QueueGuardAllowsRegisteredTablesAndUnrelatedValues/unrelated-constant
2026-10-08T04:21:09.4207643Z --- PASS: TestR89QueueGuardAllowsRegisteredTablesAndUnrelatedValues/unrelated-constant (0.00s)
2026-10-08T04:21:09.4208394Z === RUN   TestR89QueueGuardAllowsRegisteredTablesAndUnrelatedValues/registered-table
2026-10-08T04:21:09.4209150Z --- PASS: TestR89QueueGuardAllowsRegisteredTablesAndUnrelatedValues/registered-table (0.00s)
2026-10-08T04:21:09.4209915Z === RUN   TestR89QueueGuardAllowsRegisteredTablesAndUnrelatedValues/table-result-numeric
2026-10-08T04:21:09.4210705Z --- PASS: TestR89QueueGuardAllowsRegisteredTablesAndUnrelatedValues/table-result-numeric (0.00s)
2026-10-08T04:21:09.4211460Z === RUN   TestR89QueueGuardAllowsRegisteredTablesAndUnrelatedValues/shared-classifier
2026-10-08T04:21:09.4212217Z --- PASS: TestR89QueueGuardAllowsRegisteredTablesAndUnrelatedValues/shared-classifier (0.00s)
2026-10-08T04:21:09.4212960Z === RUN   TestR89QueueGuardAllowsRegisteredTablesAndUnrelatedValues/formatted-identity
2026-10-08T04:21:09.4213716Z --- PASS: TestR89QueueGuardAllowsRegisteredTablesAndUnrelatedValues/formatted-identity (0.00s)
2026-10-08T04:21:09.4214450Z === RUN   TestR89QueueGuardAllowsRegisteredTablesAndUnrelatedValues/unrelated-shadow
2026-10-08T04:21:09.4215194Z --- PASS: TestR89QueueGuardAllowsRegisteredTablesAndUnrelatedValues/unrelated-shadow (0.00s)
2026-10-08T04:21:09.4215932Z === RUN   TestR89QueueGuardAllowsRegisteredTablesAndUnrelatedValues/table-lookup-local
2026-10-08T04:21:09.4216886Z --- PASS: TestR89QueueGuardAllowsRegisteredTablesAndUnrelatedValues/table-lookup-local (0.00s)
2026-10-08T04:21:09.4217639Z === RUN   TestR89QueueGuardAllowsRegisteredTablesAndUnrelatedValues/queue-identity
2026-10-08T04:21:09.4218614Z --- PASS: TestR89QueueGuardAllowsRegisteredTablesAndUnrelatedValues/queue-identity (0.00s)
2026-10-08T04:21:09.4219333Z === RUN   TestR89QueueGuardAllowsRegisteredTablesAndUnrelatedValues/other-identity
2026-10-08T04:21:09.4220042Z --- PASS: TestR89QueueGuardAllowsRegisteredTablesAndUnrelatedValues/other-identity (0.00s)
2026-10-08T04:21:09.4220937Z === RUN   TestR89QueueGuardAllowsRegisteredTablesAndUnrelatedValues/empty-string
2026-10-08T04:21:09.4221783Z --- PASS: TestR89QueueGuardAllowsRegisteredTablesAndUnrelatedValues/empty-string (0.00s)
2026-10-08T04:21:09.4222510Z === RUN   TestR89QueueGuardAllowsRegisteredTablesAndUnrelatedValues/nonnumeric-string
2026-10-08T04:21:09.4223253Z --- PASS: TestR89QueueGuardAllowsRegisteredTablesAndUnrelatedValues/nonnumeric-string (0.00s)
2026-10-08T04:21:09.4223964Z --- PASS: TestR89QueueGuardAllowsRegisteredTablesAndUnrelatedValues (0.00s)
2026-10-08T04:21:09.4224494Z === RUN   TestR89ImagePolicyMemoryDiskAndSingleFlight
2026-10-08T04:21:09.4569961Z --- PASS: TestR89ImagePolicyMemoryDiskAndSingleFlight (0.04s)
2026-10-08T04:21:09.4570790Z === RUN   TestR89ImageNegativeCache
2026-10-08T04:21:09.4587590Z --- PASS: TestR89ImageNegativeCache (0.00s)
2026-10-08T04:21:09.4588263Z === RUN   TestR89DiskBudgetAfter2000Images
2026-10-08T04:21:09.4588894Z === PAUSE TestR89DiskBudgetAfter2000Images
2026-10-08T04:21:09.4589520Z === RUN   TestR89WarmPathsRankedAndFinalPatch
2026-10-08T04:21:09.4593213Z --- PASS: TestR89WarmPathsRankedAndFinalPatch (0.00s)
2026-10-08T04:21:09.4594083Z === RUN   TestR89ForegroundCancelsWarmup
2026-10-08T04:21:09.4611401Z --- PASS: TestR89ForegroundCancelsWarmup (0.00s)
2026-10-08T04:21:09.4613301Z === RUN   TestR89SupplementIdentityEndpointsAndDedup
2026-10-08T04:21:09.4823330Z --- PASS: TestR89SupplementIdentityEndpointsAndDedup (0.02s)
2026-10-08T04:21:09.4824369Z === RUN   TestR89RiotMatchDiskAndImmutableData
2026-10-08T04:21:09.4957720Z --- PASS: TestR89RiotMatchDiskAndImmutableData (0.01s)
2026-10-08T04:21:09.4958502Z === RUN   TestR89Limiter200Reservations
2026-10-08T04:21:09.4963949Z --- PASS: TestR89Limiter200Reservations (0.00s)
2026-10-08T04:21:09.4964628Z === RUN   TestR89KeyConcurrencyGuard
2026-10-08T04:21:09.4965442Z --- PASS: TestR89KeyConcurrencyGuard (0.00s)
2026-10-08T04:21:09.4966819Z === RUN   TestR89DiagnosticEventsReachDisk
2026-10-08T04:21:09.5000992Z --- PASS: TestR89DiagnosticEventsReachDisk (0.00s)
2026-10-08T04:21:09.5001753Z === RUN   TestR89IdentityRestartAndExpiry
2026-10-08T04:21:09.5331988Z --- PASS: TestR89IdentityRestartAndExpiry (0.03s)
2026-10-08T04:21:09.5333501Z === RUN   TestR89ActualConcurrencyPhasesAndQueue
2026-10-08T04:21:10.6953931Z --- PASS: TestR89ActualConcurrencyPhasesAndQueue (1.16s)
2026-10-08T04:21:10.6954856Z === RUN   TestR89CatalogEndpointFailuresReachDisk
2026-10-08T04:21:10.6994133Z --- PASS: TestR89CatalogEndpointFailuresReachDisk (0.00s)
2026-10-08T04:21:10.6994882Z === RUN   TestR90QueueGuardRequired
2026-10-08T04:21:10.6995583Z === RUN   TestR90QueueGuardRequired/type-assert
2026-10-08T04:21:10.6997749Z --- PASS: TestR90QueueGuardRequired/type-assert (0.00s)
2026-10-08T04:21:10.6998518Z === RUN   TestR90QueueGuardRequired/literal-map
2026-10-08T04:21:10.6999281Z --- PASS: TestR90QueueGuardRequired/literal-map (0.00s)
2026-10-08T04:21:10.7000145Z === RUN   TestR90QueueGuardRequired/handler-map
2026-10-08T04:21:10.7001858Z --- PASS: TestR90QueueGuardRequired/handler-map (0.00s)
2026-10-08T04:21:10.7002666Z === RUN   TestR90QueueGuardRequired/range-slice
2026-10-08T04:21:10.7003845Z --- PASS: TestR90QueueGuardRequired/range-slice (0.00s)
2026-10-08T04:21:10.7004639Z --- PASS: TestR90QueueGuardRequired (0.00s)
2026-10-08T04:21:10.7005278Z === RUN   TestR90QueueGuardExtra
2026-10-08T04:21:10.7005858Z === RUN   TestR90QueueGuardExtra/pointer
2026-10-08T04:21:10.7006908Z --- PASS: TestR90QueueGuardExtra/pointer (0.00s)
2026-10-08T04:21:10.7007659Z === RUN   TestR90QueueGuardExtra/closure-capture
2026-10-08T04:21:10.7008448Z --- PASS: TestR90QueueGuardExtra/closure-capture (0.00s)
2026-10-08T04:21:10.7009187Z === RUN   TestR90QueueGuardExtra/type-switch
2026-10-08T04:21:10.7009926Z --- PASS: TestR90QueueGuardExtra/type-switch (0.00s)
2026-10-08T04:21:10.7010687Z === RUN   TestR90QueueGuardExtra/iota-inheritance
2026-10-08T04:21:10.7011502Z --- PASS: TestR90QueueGuardExtra/iota-inheritance (0.00s)
2026-10-08T04:21:10.7012258Z === RUN   TestR90QueueGuardExtra/slice-membership
2026-10-08T04:21:10.9125105Z --- PASS: TestR90QueueGuardExtra/slice-membership (0.21s)
2026-10-08T04:21:10.9125842Z --- PASS: TestR90QueueGuardExtra (0.21s)
2026-10-08T04:21:10.9126402Z === RUN   TestR90QueueGuardCombinations
2026-10-08T04:21:10.9127114Z === RUN   TestR90QueueGuardCombinations/map-alias
2026-10-08T04:21:10.9128001Z --- PASS: TestR90QueueGuardCombinations/map-alias (0.00s)
2026-10-08T04:21:10.9129166Z === RUN   TestR90QueueGuardCombinations/map-comma-ok
2026-10-08T04:21:10.9130086Z --- PASS: TestR90QueueGuardCombinations/map-comma-ok (0.00s)
2026-10-08T04:21:10.9131323Z === RUN   TestR90QueueGuardCombinations/map-named-type
2026-10-08T04:21:10.9132195Z --- PASS: TestR90QueueGuardCombinations/map-named-type (0.00s)
2026-10-08T04:21:10.9133066Z === RUN   TestR90QueueGuardCombinations/string-map
2026-10-08T04:21:11.1214121Z --- PASS: TestR90QueueGuardCombinations/string-map (0.21s)
2026-10-08T04:21:11.1215375Z === RUN   TestR90QueueGuardCombinations/literal-slice-index
2026-10-08T04:21:11.1216254Z --- PASS: TestR90QueueGuardCombinations/literal-slice-index (0.00s)
2026-10-08T04:21:11.1217262Z === RUN   TestR90QueueGuardCombinations/sparse-array-index
2026-10-08T04:21:11.1218675Z --- PASS: TestR90QueueGuardCombinations/sparse-array-index (0.00s)
2026-10-08T04:21:11.1219910Z === RUN   TestR90QueueGuardCombinations/slice-alias-index
2026-10-08T04:21:11.1221047Z --- PASS: TestR90QueueGuardCombinations/slice-alias-index (0.00s)
2026-10-08T04:21:11.1223222Z === RUN   TestR90QueueGuardCombinations/slice-element-comparison
2026-10-08T04:21:11.1224624Z --- PASS: TestR90QueueGuardCombinations/slice-element-comparison (0.00s)
2026-10-08T04:21:11.1225983Z === RUN   TestR90QueueGuardCombinations/range-alias
2026-10-08T04:21:11.1226850Z --- PASS: TestR90QueueGuardCombinations/range-alias (0.00s)
2026-10-08T04:21:11.1227700Z === RUN   TestR90QueueGuardCombinations/range-assignment
2026-10-08T04:21:11.1229000Z --- PASS: TestR90QueueGuardCombinations/range-assignment (0.00s)
2026-10-08T04:21:11.1229866Z === RUN   TestR90QueueGuardCombinations/range-map-key
2026-10-08T04:21:11.1230724Z --- PASS: TestR90QueueGuardCombinations/range-map-key (0.00s)
2026-10-08T04:21:11.1231549Z === RUN   TestR90QueueGuardCombinations/range-map-value
2026-10-08T04:21:11.1232407Z --- PASS: TestR90QueueGuardCombinations/range-map-value (0.00s)
2026-10-08T04:21:11.1233337Z === RUN   TestR90QueueGuardCombinations/range-queue-element
2026-10-08T04:21:11.1234287Z --- PASS: TestR90QueueGuardCombinations/range-queue-element (0.00s)
2026-10-08T04:21:11.1235222Z === RUN   TestR90QueueGuardCombinations/range-cast-target
2026-10-08T04:21:11.1236132Z --- PASS: TestR90QueueGuardCombinations/range-cast-target (0.00s)
2026-10-08T04:21:11.1237078Z === RUN   TestR90QueueGuardCombinations/range-string-target
2026-10-08T04:21:11.1273766Z --- PASS: TestR90QueueGuardCombinations/range-string-target (0.00s)
2026-10-08T04:21:11.1276813Z === RUN   TestR90QueueGuardCombinations/range-arithmetic-target
2026-10-08T04:21:11.1301128Z --- PASS: TestR90QueueGuardCombinations/range-arithmetic-target (0.00s)
2026-10-08T04:21:11.1304345Z === RUN   TestR90QueueGuardCombinations/boxed-slice-range
2026-10-08T04:21:11.1305308Z --- PASS: TestR90QueueGuardCombinations/boxed-slice-range (0.00s)
2026-10-08T04:21:11.1327593Z === RUN   TestR90QueueGuardCombinations/queue-element-index
2026-10-08T04:21:11.1331930Z --- PASS: TestR90QueueGuardCombinations/queue-element-index (0.00s)
2026-10-08T04:21:11.1342988Z === RUN   TestR90QueueGuardCombinations/assert-comma-ok
2026-10-08T04:21:11.1350765Z --- PASS: TestR90QueueGuardCombinations/assert-comma-ok (0.00s)
2026-10-08T04:21:11.1358009Z === RUN   TestR90QueueGuardCombinations/assert-var-comma-ok
2026-10-08T04:21:11.1359400Z --- PASS: TestR90QueueGuardCombinations/assert-var-comma-ok (0.00s)
2026-10-08T04:21:11.1360623Z === RUN   TestR90QueueGuardCombinations/boxed-numeric
2026-10-08T04:21:11.1361488Z --- PASS: TestR90QueueGuardCombinations/boxed-numeric (0.00s)
2026-10-08T04:21:11.1362339Z === RUN   TestR90QueueGuardCombinations/numeric-pointer
2026-10-08T04:21:11.1363505Z --- PASS: TestR90QueueGuardCombinations/numeric-pointer (0.00s)
2026-10-08T04:21:11.1364992Z === RUN   TestR90QueueGuardCombinations/inherited-constant
2026-10-08T04:21:11.1366301Z --- PASS: TestR90QueueGuardCombinations/inherited-constant (0.00s)
2026-10-08T04:21:11.1367500Z === RUN   TestR90QueueGuardCombinations/iota-arithmetic
2026-10-08T04:21:11.1368049Z --- PASS: TestR90QueueGuardCombinations/iota-arithmetic (0.00s)
2026-10-08T04:21:11.1368546Z === RUN   TestR90QueueGuardCombinations/membership-alias
2026-10-08T04:21:11.1369061Z --- PASS: TestR90QueueGuardCombinations/membership-alias (0.00s)
2026-10-08T04:21:11.1369553Z === RUN   TestR90QueueGuardCombinations/membership-index
2026-10-08T04:21:11.1384116Z --- PASS: TestR90QueueGuardCombinations/membership-index (0.00s)
2026-10-08T04:21:11.1385435Z === RUN   TestR90QueueGuardCombinations/membership-search
2026-10-08T04:21:11.1402069Z --- PASS: TestR90QueueGuardCombinations/membership-search (0.00s)
2026-10-08T04:21:11.1402997Z --- PASS: TestR90QueueGuardCombinations (0.23s)
2026-10-08T04:21:11.1403814Z === RUN   TestR90QueueGuardAllowsRegisteredAndUnrelated
2026-10-08T04:21:11.1404940Z === RUN   TestR90QueueGuardAllowsRegisteredAndUnrelated/unrelated-handler-map
2026-10-08T04:21:11.1406308Z --- PASS: TestR90QueueGuardAllowsRegisteredAndUnrelated/unrelated-handler-map (0.00s)
2026-10-08T04:21:11.1407525Z === RUN   TestR90QueueGuardAllowsRegisteredAndUnrelated/range-shadow
2026-10-08T04:21:11.1409317Z --- PASS: TestR90QueueGuardAllowsRegisteredAndUnrelated/range-shadow (0.00s)
2026-10-08T04:21:11.1410954Z === RUN   TestR90QueueGuardAllowsRegisteredAndUnrelated/collection-shadow
2026-10-08T04:21:11.1412340Z --- PASS: TestR90QueueGuardAllowsRegisteredAndUnrelated/collection-shadow (0.00s)
2026-10-08T04:21:11.1414069Z === RUN   TestR90QueueGuardAllowsRegisteredAndUnrelated/unrelated-pointer
2026-10-08T04:21:11.1414944Z --- PASS: TestR90QueueGuardAllowsRegisteredAndUnrelated/unrelated-pointer (0.00s)
2026-10-08T04:21:11.1416079Z === RUN   TestR90QueueGuardAllowsRegisteredAndUnrelated/map-nonnumeric-key
2026-10-08T04:21:11.1421565Z --- PASS: TestR90QueueGuardAllowsRegisteredAndUnrelated/map-nonnumeric-key (0.00s)
2026-10-08T04:21:11.1423218Z === RUN   TestR90QueueGuardAllowsRegisteredAndUnrelated/registry-alias
2026-10-08T04:21:11.1425382Z --- PASS: TestR90QueueGuardAllowsRegisteredAndUnrelated/registry-alias (0.00s)
2026-10-08T04:21:11.1426602Z === RUN   TestR90QueueGuardAllowsRegisteredAndUnrelated/registry-comma-ok
2026-10-08T04:21:11.1427829Z --- PASS: TestR90QueueGuardAllowsRegisteredAndUnrelated/registry-comma-ok (0.00s)
2026-10-08T04:21:11.1429054Z === RUN   TestR90QueueGuardAllowsRegisteredAndUnrelated/unrelated-comparison
2026-10-08T04:21:11.1430767Z --- PASS: TestR90QueueGuardAllowsRegisteredAndUnrelated/unrelated-comparison (0.00s)
2026-10-08T04:21:11.1431898Z === RUN   TestR90QueueGuardAllowsRegisteredAndUnrelated/unrelated-range
2026-10-08T04:21:11.1432596Z --- PASS: TestR90QueueGuardAllowsRegisteredAndUnrelated/unrelated-range (0.00s)
2026-10-08T04:21:11.1433260Z === RUN   TestR90QueueGuardAllowsRegisteredAndUnrelated/unrelated-assert
2026-10-08T04:21:11.1433889Z --- PASS: TestR90QueueGuardAllowsRegisteredAndUnrelated/unrelated-assert (0.00s)
2026-10-08T04:21:11.1435162Z === RUN   TestR90QueueGuardAllowsRegisteredAndUnrelated/registry
2026-10-08T04:21:11.1435771Z --- PASS: TestR90QueueGuardAllowsRegisteredAndUnrelated/registry (0.00s)
2026-10-08T04:21:11.1436400Z === RUN   TestR90QueueGuardAllowsRegisteredAndUnrelated/registry-result-number
2026-10-08T04:21:11.1437078Z --- PASS: TestR90QueueGuardAllowsRegisteredAndUnrelated/registry-result-number (0.00s)
2026-10-08T04:21:11.1438147Z === RUN   TestR90QueueGuardAllowsRegisteredAndUnrelated/unrelated-map
2026-10-08T04:21:11.1439002Z --- PASS: TestR90QueueGuardAllowsRegisteredAndUnrelated/unrelated-map (0.00s)
2026-10-08T04:21:11.1439883Z --- PASS: TestR90QueueGuardAllowsRegisteredAndUnrelated (0.00s)
2026-10-08T04:21:11.1440927Z === RUN   TestR90RealShapeGroups
2026-10-08T04:21:11.1526874Z --- PASS: TestR90RealShapeGroups (0.01s)
2026-10-08T04:21:11.1527927Z === RUN   TestR90OrderInferenceNeverEnablesMascotMapping
2026-10-08T04:21:11.1529931Z === RUN   TestR90OrderInferenceNeverEnablesMascotMapping/subteamId
2026-10-08T04:21:11.1531094Z === RUN   TestR90OrderInferenceNeverEnablesMascotMapping/subteamId/inferred-blocks
2026-10-08T04:21:11.1532435Z --- PASS: TestR90OrderInferenceNeverEnablesMascotMapping/subteamId/inferred-blocks (0.00s)
2026-10-08T04:21:11.1533861Z === RUN   TestR90OrderInferenceNeverEnablesMascotMapping/subteamId/explicit-client-subteams
2026-10-08T04:21:11.1536682Z --- PASS: TestR90OrderInferenceNeverEnablesMascotMapping/subteamId/explicit-client-subteams (0.00s)
2026-10-08T04:21:11.1537585Z === RUN   TestR90OrderInferenceNeverEnablesMascotMapping/subteamId/ungrouped-client-subteams
2026-10-08T04:21:11.1538648Z --- PASS: TestR90OrderInferenceNeverEnablesMascotMapping/subteamId/ungrouped-client-subteams (0.00s)
2026-10-08T04:21:11.1539417Z --- PASS: TestR90OrderInferenceNeverEnablesMascotMapping/subteamId (0.00s)
2026-10-08T04:21:11.1540080Z === RUN   TestR90OrderInferenceNeverEnablesMascotMapping/playerSubteamId
2026-10-08T04:21:11.1540971Z === RUN   TestR90OrderInferenceNeverEnablesMascotMapping/playerSubteamId/inferred-blocks
2026-10-08T04:21:11.1542380Z --- PASS: TestR90OrderInferenceNeverEnablesMascotMapping/playerSubteamId/inferred-blocks (0.00s)
2026-10-08T04:21:11.1543215Z === RUN   TestR90OrderInferenceNeverEnablesMascotMapping/playerSubteamId/explicit-client-subteams
2026-10-08T04:21:11.1544074Z --- PASS: TestR90OrderInferenceNeverEnablesMascotMapping/playerSubteamId/explicit-client-subteams (0.00s)
2026-10-08T04:21:11.1544967Z === RUN   TestR90OrderInferenceNeverEnablesMascotMapping/playerSubteamId/ungrouped-client-subteams
2026-10-08T04:21:11.1545838Z --- PASS: TestR90OrderInferenceNeverEnablesMascotMapping/playerSubteamId/ungrouped-client-subteams (0.00s)
2026-10-08T04:21:11.1546643Z --- PASS: TestR90OrderInferenceNeverEnablesMascotMapping/playerSubteamId (0.00s)
2026-10-08T04:21:11.1547812Z --- PASS: TestR90OrderInferenceNeverEnablesMascotMapping (0.00s)
2026-10-08T04:21:11.1548300Z === RUN   TestR90FixtureMatchesObservedFields
2026-10-08T04:21:11.1548726Z --- PASS: TestR90FixtureMatchesObservedFields (0.00s)
2026-10-08T04:21:11.1549245Z === RUN   TestR90AlliesVerifyAndRejectScrambledPlayerlist
2026-10-08T04:21:11.1549741Z === RUN   TestR90AlliesVerifyAndRejectScrambledPlayerlist/false
2026-10-08T04:21:11.1777302Z --- PASS: TestR90AlliesVerifyAndRejectScrambledPlayerlist/false (0.02s)
2026-10-08T04:21:11.1777932Z === RUN   TestR90AlliesVerifyAndRejectScrambledPlayerlist/true
2026-10-08T04:21:11.2017122Z --- PASS: TestR90AlliesVerifyAndRejectScrambledPlayerlist/true (0.02s)
2026-10-08T04:21:11.2017946Z --- PASS: TestR90AlliesVerifyAndRejectScrambledPlayerlist (0.05s)
2026-10-08T04:21:11.2018538Z === RUN   TestR90SeventeenGameflowUsesEighteenPlayerlistBoundaries
2026-10-08T04:21:11.2019140Z === RUN   TestR90SeventeenGameflowUsesEighteenPlayerlistBoundaries/1
2026-10-08T04:21:11.2224752Z --- PASS: TestR90SeventeenGameflowUsesEighteenPlayerlistBoundaries/1 (0.02s)
2026-10-08T04:21:11.2225914Z === RUN   TestR90SeventeenGameflowUsesEighteenPlayerlistBoundaries/7
2026-10-08T04:21:11.2443012Z --- PASS: TestR90SeventeenGameflowUsesEighteenPlayerlistBoundaries/7 (0.02s)
2026-10-08T04:21:11.2444278Z === RUN   TestR90SeventeenGameflowUsesEighteenPlayerlistBoundaries/17
2026-10-08T04:21:11.2673761Z --- PASS: TestR90SeventeenGameflowUsesEighteenPlayerlistBoundaries/17 (0.02s)
2026-10-08T04:21:11.2674878Z --- PASS: TestR90SeventeenGameflowUsesEighteenPlayerlistBoundaries (0.07s)
2026-10-08T04:21:11.2675452Z === RUN   TestR90QueueSquadSizesAndSessionFallback
2026-10-08T04:21:11.2955560Z --- PASS: TestR90QueueSquadSizesAndSessionFallback (0.03s)
2026-10-08T04:21:11.2956478Z === RUN   TestR90LiveSnapshotCacheLayersAndManualRefresh
2026-10-08T04:21:11.2957376Z === RUN   TestR90LiveSnapshotCacheLayersAndManualRefresh/true
2026-10-08T04:21:11.3137078Z --- PASS: TestR90LiveSnapshotCacheLayersAndManualRefresh/true (0.02s)
2026-10-08T04:21:11.3138202Z === RUN   TestR90LiveSnapshotCacheLayersAndManualRefresh/false
2026-10-08T04:21:11.3304137Z --- PASS: TestR90LiveSnapshotCacheLayersAndManualRefresh/false (0.02s)
2026-10-08T04:21:11.3304902Z --- PASS: TestR90LiveSnapshotCacheLayersAndManualRefresh (0.03s)
2026-10-08T04:21:11.3305599Z === RUN   TestR90TruthDiagnosticSeparatesPartitionAndBlockIdentity
2026-10-08T04:21:11.3306224Z === RUN   TestR90TruthDiagnosticSeparatesPartitionAndBlockIdentity/identity
2026-10-08T04:21:11.3619885Z --- PASS: TestR90TruthDiagnosticSeparatesPartitionAndBlockIdentity/identity (0.03s)
2026-10-08T04:21:11.3621228Z === RUN   TestR90TruthDiagnosticSeparatesPartitionAndBlockIdentity/permuted
2026-10-08T04:21:11.3852466Z --- PASS: TestR90TruthDiagnosticSeparatesPartitionAndBlockIdentity/permuted (0.02s)
2026-10-08T04:21:11.3853292Z === RUN   TestR90TruthDiagnosticSeparatesPartitionAndBlockIdentity/wrong
2026-10-08T04:21:11.4058651Z --- PASS: TestR90TruthDiagnosticSeparatesPartitionAndBlockIdentity/wrong (0.02s)
2026-10-08T04:21:11.4059537Z === RUN   TestR90TruthDiagnosticSeparatesPartitionAndBlockIdentity/partial
2026-10-08T04:21:11.4311463Z --- PASS: TestR90TruthDiagnosticSeparatesPartitionAndBlockIdentity/partial (0.03s)
2026-10-08T04:21:11.4312802Z --- PASS: TestR90TruthDiagnosticSeparatesPartitionAndBlockIdentity (0.10s)
2026-10-08T04:21:11.4313809Z === RUN   TestR90QueueGuardScansNewGroupingModule
2026-10-08T04:21:11.4338195Z --- PASS: TestR90QueueGuardScansNewGroupingModule (0.00s)
2026-10-08T04:21:11.4339000Z === RUN   TestR90EndPhaseReadsSGPTruthOnce
2026-10-08T04:21:11.4614825Z --- PASS: TestR90EndPhaseReadsSGPTruthOnce (0.03s)
2026-10-08T04:21:11.4615615Z === RUN   TestR90SnapshotCompleteness
2026-10-08T04:21:11.4616462Z --- PASS: TestR90SnapshotCompleteness (0.00s)
2026-10-08T04:21:11.4616957Z === RUN   TestR90EndPhaseTransitionRestartsCanceledTruthRead
2026-10-08T04:21:11.4885494Z --- PASS: TestR90EndPhaseTransitionRestartsCanceledTruthRead (0.03s)
2026-10-08T04:21:11.4886388Z === RUN   TestR90BQueueGuardRequired
2026-10-08T04:21:11.4887099Z === RUN   TestR90BQueueGuardRequired/channel-select
2026-10-08T04:21:11.4887962Z --- PASS: TestR90BQueueGuardRequired/channel-select (0.00s)
2026-10-08T04:21:11.4888837Z === RUN   TestR90BQueueGuardRequired/channel-receive
2026-10-08T04:21:11.4889648Z --- PASS: TestR90BQueueGuardRequired/channel-receive (0.00s)
2026-10-08T04:21:11.4890792Z === RUN   TestR90BQueueGuardRequired/struct-field
2026-10-08T04:21:11.4892096Z --- PASS: TestR90BQueueGuardRequired/struct-field (0.00s)
2026-10-08T04:21:11.4893158Z === RUN   TestR90BQueueGuardRequired/json-marshal
2026-10-08T04:21:11.7265404Z --- PASS: TestR90BQueueGuardRequired/json-marshal (0.24s)
2026-10-08T04:21:11.7266089Z === RUN   TestR90BQueueGuardRequired/binary-buffer
2026-10-08T04:21:12.1172778Z --- PASS: TestR90BQueueGuardRequired/binary-buffer (0.39s)
2026-10-08T04:21:12.1173826Z === RUN   TestR90BQueueGuardRequired/generic-comparator
2026-10-08T04:21:12.1174730Z --- PASS: TestR90BQueueGuardRequired/generic-comparator (0.00s)
2026-10-08T04:21:12.1175627Z --- PASS: TestR90BQueueGuardRequired (0.63s)
2026-10-08T04:21:12.1176375Z === RUN   TestR90BQueueGuardAllowsLegalFlows
2026-10-08T04:21:12.1177229Z === RUN   TestR90BQueueGuardAllowsLegalFlows/channel-unrelated
2026-10-08T04:21:12.1178589Z --- PASS: TestR90BQueueGuardAllowsLegalFlows/channel-unrelated (0.00s)
2026-10-08T04:21:12.1179655Z === RUN   TestR90BQueueGuardAllowsLegalFlows/channel-registry
2026-10-08T04:21:12.1180712Z --- PASS: TestR90BQueueGuardAllowsLegalFlows/channel-registry (0.00s)
2026-10-08T04:21:12.1181727Z === RUN   TestR90BQueueGuardAllowsLegalFlows/struct-other-field
2026-10-08T04:21:12.1182751Z --- PASS: TestR90BQueueGuardAllowsLegalFlows/struct-other-field (0.00s)
2026-10-08T04:21:12.1183763Z === RUN   TestR90BQueueGuardAllowsLegalFlows/struct-other-type
2026-10-08T04:21:12.1185167Z --- PASS: TestR90BQueueGuardAllowsLegalFlows/struct-other-type (0.00s)
2026-10-08T04:21:12.1186259Z === RUN   TestR90BQueueGuardAllowsLegalFlows/struct-registry
2026-10-08T04:21:12.1187937Z --- PASS: TestR90BQueueGuardAllowsLegalFlows/struct-registry (0.00s)
2026-10-08T04:21:12.1189073Z === RUN   TestR90BQueueGuardAllowsLegalFlows/registry-metadata-pipeline
2026-10-08T04:21:12.1191729Z --- PASS: TestR90BQueueGuardAllowsLegalFlows/registry-metadata-pipeline (0.00s)
2026-10-08T04:21:12.1192635Z === RUN   TestR90BQueueGuardAllowsLegalFlows/json-unrelated
2026-10-08T04:21:12.1217809Z --- PASS: TestR90BQueueGuardAllowsLegalFlows/json-unrelated (0.00s)
2026-10-08T04:21:12.1218864Z === RUN   TestR90BQueueGuardAllowsLegalFlows/json-error-only
2026-10-08T04:21:12.1238571Z --- PASS: TestR90BQueueGuardAllowsLegalFlows/json-error-only (0.00s)
2026-10-08T04:21:12.1240328Z === RUN   TestR90BQueueGuardAllowsLegalFlows/binary-unrelated
2026-10-08T04:21:12.1265389Z --- PASS: TestR90BQueueGuardAllowsLegalFlows/binary-unrelated (0.00s)
2026-10-08T04:21:12.1266332Z === RUN   TestR90BQueueGuardAllowsLegalFlows/generic-unrelated
2026-10-08T04:21:12.1267917Z --- PASS: TestR90BQueueGuardAllowsLegalFlows/generic-unrelated (0.00s)
2026-10-08T04:21:12.1269190Z === RUN   TestR90BQueueGuardAllowsLegalFlows/generic-registry
2026-10-08T04:21:12.1270238Z --- PASS: TestR90BQueueGuardAllowsLegalFlows/generic-registry (0.00s)
2026-10-08T04:21:12.1271286Z --- PASS: TestR90BQueueGuardAllowsLegalFlows (0.01s)
2026-10-08T04:21:12.1272050Z === RUN   TestR90BQueueGuardFlowVariants
2026-10-08T04:21:12.1273059Z === RUN   TestR90BQueueGuardFlowVariants/channel-comma-ok
2026-10-08T04:21:12.1273996Z --- PASS: TestR90BQueueGuardFlowVariants/channel-comma-ok (0.00s)
2026-10-08T04:21:12.1274946Z === RUN   TestR90BQueueGuardFlowVariants/channel-numeric-target
2026-10-08T04:21:12.1276239Z --- PASS: TestR90BQueueGuardFlowVariants/channel-numeric-target (0.00s)
2026-10-08T04:21:12.1277297Z === RUN   TestR90BQueueGuardFlowVariants/struct-positional-alias
2026-10-08T04:21:12.1279043Z --- PASS: TestR90BQueueGuardFlowVariants/struct-positional-alias (0.00s)
2026-10-08T04:21:12.1280490Z === RUN   TestR90BQueueGuardFlowVariants/struct-pointer
2026-10-08T04:21:12.1281149Z --- PASS: TestR90BQueueGuardFlowVariants/struct-pointer (0.00s)
2026-10-08T04:21:12.1281692Z === RUN   TestR90BQueueGuardFlowVariants/json-function-alias
2026-10-08T04:21:12.1302896Z --- PASS: TestR90BQueueGuardFlowVariants/json-function-alias (0.00s)
2026-10-08T04:21:12.1303930Z === RUN   TestR90BQueueGuardFlowVariants/three-results-first-value
2026-10-08T04:21:12.1305299Z --- PASS: TestR90BQueueGuardFlowVariants/three-results-first-value (0.00s)
2026-10-08T04:21:12.1306880Z === RUN   TestR90BQueueGuardFlowVariants/binary-compare-alias
2026-10-08T04:21:12.1331159Z --- PASS: TestR90BQueueGuardFlowVariants/binary-compare-alias (0.00s)
2026-10-08T04:21:12.1332087Z === RUN   TestR90BQueueGuardFlowVariants/generic-function-alias
2026-10-08T04:21:12.1336003Z --- PASS: TestR90BQueueGuardFlowVariants/generic-function-alias (0.00s)
2026-10-08T04:21:12.1337306Z --- PASS: TestR90BQueueGuardFlowVariants (0.01s)
2026-10-08T04:21:12.1338100Z === RUN   TestR91Addendum2NonWildcardBanClearYields
2026-10-08T04:21:12.1338963Z === RUN   TestR91Addendum2NonWildcardBanClearYields/ranked/poll
2026-10-08T04:21:12.1361174Z --- PASS: TestR91Addendum2NonWildcardBanClearYields/ranked/poll (0.00s)
2026-10-08T04:21:12.1362368Z === RUN   TestR91Addendum2NonWildcardBanClearYields/ranked/preflight
2026-10-08T04:21:12.2602308Z --- PASS: TestR91Addendum2NonWildcardBanClearYields/ranked/preflight (0.12s)
2026-10-08T04:21:12.2604094Z === RUN   TestR91Addendum2NonWildcardBanClearYields/arena/poll
2026-10-08T04:21:12.2623423Z --- PASS: TestR91Addendum2NonWildcardBanClearYields/arena/poll (0.00s)
2026-10-08T04:21:12.2624617Z === RUN   TestR91Addendum2NonWildcardBanClearYields/arena/preflight
2026-10-08T04:21:12.3919129Z --- PASS: TestR91Addendum2NonWildcardBanClearYields/arena/preflight (0.13s)
2026-10-08T04:21:12.3920236Z --- PASS: TestR91Addendum2NonWildcardBanClearYields (0.26s)
2026-10-08T04:21:12.3920671Z === RUN   TestR91AddendumRateLimitJSON
2026-10-08T04:21:12.3921038Z --- PASS: TestR91AddendumRateLimitJSON (0.00s)
2026-10-08T04:21:12.3921410Z === RUN   TestR91AddendumCacheThreeStates
2026-10-08T04:21:12.4028444Z --- PASS: TestR91AddendumCacheThreeStates (0.01s)
2026-10-08T04:21:12.4029089Z === RUN   TestR91AddendumOneRequestStreamsFiveThenTwenty
2026-10-08T04:21:13.4086177Z --- PASS: TestR91AddendumOneRequestStreamsFiveThenTwenty (1.01s)
2026-10-08T04:21:13.4087137Z === RUN   TestR91AddendumGameStartGroupingAndCarryover
2026-10-08T04:21:13.4270918Z --- PASS: TestR91AddendumGameStartGroupingAndCarryover (0.02s)
2026-10-08T04:21:13.4271851Z === RUN   TestR91AddendumForcedShapeAndUnattemptedPhase
2026-10-08T04:21:13.4314961Z --- PASS: TestR91AddendumForcedShapeAndUnattemptedPhase (0.00s)
2026-10-08T04:21:13.4315917Z === RUN   TestR91AddendumWildcardHoverClearKeepsArmedLock
2026-10-08T04:21:13.4316863Z === RUN   TestR91AddendumWildcardHoverClearKeepsArmedLock/0
2026-10-08T04:21:13.4354494Z --- PASS: TestR91AddendumWildcardHoverClearKeepsArmedLock/0 (0.00s)
2026-10-08T04:21:13.4355179Z === RUN   TestR91AddendumWildcardHoverClearKeepsArmedLock/104
2026-10-08T04:21:13.4369927Z --- PASS: TestR91AddendumWildcardHoverClearKeepsArmedLock/104 (0.00s)
2026-10-08T04:21:13.4371049Z --- PASS: TestR91AddendumWildcardHoverClearKeepsArmedLock (0.01s)
2026-10-08T04:21:13.4371989Z === RUN   TestR91AddendumSaveReevaluatesCurrentPhase
2026-10-08T04:21:13.4372894Z === RUN   TestR91AddendumSaveReevaluatesCurrentPhase/Reconnect
2026-10-08T04:21:13.4475060Z --- PASS: TestR91AddendumSaveReevaluatesCurrentPhase/Reconnect (0.01s)
2026-10-08T04:21:13.4476136Z === RUN   TestR91AddendumSaveReevaluatesCurrentPhase/ReadyCheck
2026-10-08T04:21:13.4558777Z --- PASS: TestR91AddendumSaveReevaluatesCurrentPhase/ReadyCheck (0.01s)
2026-10-08T04:21:13.4559881Z === RUN   TestR91AddendumSaveReevaluatesCurrentPhase/EndOfGame
2026-10-08T04:21:13.4648728Z --- PASS: TestR91AddendumSaveReevaluatesCurrentPhase/EndOfGame (0.01s)
2026-10-08T04:21:13.4649723Z --- PASS: TestR91AddendumSaveReevaluatesCurrentPhase (0.03s)
2026-10-08T04:21:13.4650527Z === RUN   TestR91AddendumUpstreamRetryAfterSurvives
2026-10-08T04:21:15.4659138Z --- PASS: TestR91AddendumUpstreamRetryAfterSurvives (2.00s)
2026-10-08T04:21:15.4660015Z === RUN   TestR91AddendumRetryableRosterDoesNotBlockEarlyProbe
2026-10-08T04:21:15.4822243Z --- PASS: TestR91AddendumRetryableRosterDoesNotBlockEarlyProbe (0.02s)
2026-10-08T04:21:15.4823355Z === RUN   TestR91AddendumSaveDuringChampSelectArmsNoUnrelatedRule
2026-10-08T04:21:15.4922710Z --- PASS: TestR91AddendumSaveDuringChampSelectArmsNoUnrelatedRule (0.01s)
2026-10-08T04:21:15.4924210Z === RUN   TestR92LivePublicDiagnosis
2026-10-08T04:21:15.4925008Z     r92_diagnosis_test.go:18: real public network only
2026-10-08T04:21:15.4925709Z --- SKIP: TestR92LivePublicDiagnosis (0.00s)
2026-10-08T04:21:15.4926322Z === RUN   TestR92LiveBackground
2026-10-08T04:21:15.4927009Z     r92_diagnosis_test.go:89: real public network only
2026-10-08T04:21:15.4927644Z --- SKIP: TestR92LiveBackground (0.00s)
2026-10-08T04:21:15.4928209Z === RUN   TestR92LiveProDirectory
2026-10-08T04:21:15.4928890Z     r92_diagnosis_test.go:109: real public network only
2026-10-08T04:21:15.4929867Z --- SKIP: TestR92LiveProDirectory (0.00s)
2026-10-08T04:21:15.4930540Z === RUN   TestR92RiotMatchConcreteDiskBudget
2026-10-08T04:21:15.4931211Z === PAUSE TestR92RiotMatchConcreteDiskBudget
2026-10-08T04:21:15.4931947Z === RUN   TestR92ProLadderStartsBeforeSupplementsFinish
2026-10-08T04:21:15.5013627Z --- PASS: TestR92ProLadderStartsBeforeSupplementsFinish (0.01s)
2026-10-08T04:21:15.5014401Z === RUN   TestR92ProLadderNewAccountsAndDedup
2026-10-08T04:21:15.5017467Z --- PASS: TestR92ProLadderNewAccountsAndDedup (0.00s)
2026-10-08T04:21:15.5018286Z === RUN   TestR92CommunityImageIndependentDiskRestart
2026-10-08T04:21:15.5316767Z --- PASS: TestR92CommunityImageIndependentDiskRestart (0.03s)
2026-10-08T04:21:15.5317926Z === RUN   TestR92DefaultPersonalConcurrency
2026-10-08T04:21:15.5318486Z --- PASS: TestR92DefaultPersonalConcurrency (0.00s)
2026-10-08T04:21:15.5319047Z === RUN   TestR92RiotMatchByteBudgetAcrossRestart
2026-10-08T04:21:16.4899677Z --- PASS: TestR92RiotMatchByteBudgetAcrossRestart (0.96s)
2026-10-08T04:21:16.4900852Z === RUN   TestR93TwentyMatchDetailsFromDiskAfterRestart
2026-10-08T04:21:16.6918681Z     r93_test.go:82: cold_network_calls=20 restart_disk_hits=20 restart_network_calls=0
2026-10-08T04:21:16.6972917Z --- PASS: TestR93TwentyMatchDetailsFromDiskAfterRestart (0.21s)
2026-10-08T04:21:16.6974127Z === RUN   TestR94PhaseEndpointFindsSamePhaseIdentityJumpsWithoutRosterReads
2026-10-08T04:21:16.6975476Z --- PASS: TestR94PhaseEndpointFindsSamePhaseIdentityJumpsWithoutRosterReads (0.00s)
2026-10-08T04:21:16.6976627Z === RUN   TestR94IdentityProbePhaseFallbackAndCancellation
2026-10-08T04:21:16.6977813Z === RUN   TestR94IdentityProbePhaseFallbackAndCancellation/selection_ignores_previous_game
2026-10-08T04:21:16.6979357Z --- PASS: TestR94IdentityProbePhaseFallbackAndCancellation/selection_ignores_previous_game (0.00s)
2026-10-08T04:21:16.6980806Z === RUN   TestR94IdentityProbePhaseFallbackAndCancellation/inactive_has_no_identity
2026-10-08T04:21:16.6982833Z --- PASS: TestR94IdentityProbePhaseFallbackAndCancellation/inactive_has_no_identity (0.00s)
2026-10-08T04:21:16.6984239Z === RUN   TestR94IdentityProbePhaseFallbackAndCancellation/session_failure_retains_phase
2026-10-08T04:21:16.6986119Z --- PASS: TestR94IdentityProbePhaseFallbackAndCancellation/session_failure_retains_phase (0.00s)
2026-10-08T04:21:16.6987669Z === RUN   TestR94IdentityProbePhaseFallbackAndCancellation/session_sees_newer_phase
2026-10-08T04:21:16.6988616Z --- PASS: TestR94IdentityProbePhaseFallbackAndCancellation/session_sees_newer_phase (0.00s)
2026-10-08T04:21:16.6989339Z === RUN   TestR94IdentityProbePhaseFallbackAndCancellation/reconnect_identity
2026-10-08T04:21:16.6990218Z --- PASS: TestR94IdentityProbePhaseFallbackAndCancellation/reconnect_identity (0.00s)
2026-10-08T04:21:16.6990907Z === RUN   TestR94IdentityProbePhaseFallbackAndCancellation/missing_identity
2026-10-08T04:21:16.6991576Z --- PASS: TestR94IdentityProbePhaseFallbackAndCancellation/missing_identity (0.00s)
2026-10-08T04:21:16.6992343Z === RUN   TestR94IdentityProbePhaseFallbackAndCancellation/request_cancellation_reaches_session_probe
2026-10-08T04:21:16.6993708Z --- PASS: TestR94IdentityProbePhaseFallbackAndCancellation/request_cancellation_reaches_session_probe (0.00s)
2026-10-08T04:21:16.6994465Z --- PASS: TestR94IdentityProbePhaseFallbackAndCancellation (0.00s)
2026-10-08T04:21:16.6995037Z === RUN   TestR94SessionSSECarriesIdentityAndRejectsOldSelectionData
2026-10-08T04:21:16.6995662Z --- PASS: TestR94SessionSSECarriesIdentityAndRejectsOldSelectionData (0.00s)
2026-10-08T04:21:16.6996310Z === RUN   TestR94DiagnosticBatchPersistsRawPhaseSourceAndIdentityComparisons
2026-10-08T04:21:16.7015695Z --- PASS: TestR94DiagnosticBatchPersistsRawPhaseSourceAndIdentityComparisons (0.00s)
2026-10-08T04:21:16.7016809Z === RUN   TestR94DiagnosticBatchRejectsMalformedObservations
2026-10-08T04:21:16.7017854Z === RUN   TestR94DiagnosticBatchRejectsMalformedObservations/empty
2026-10-08T04:21:16.7019331Z --- PASS: TestR94DiagnosticBatchRejectsMalformedObservations/empty (0.00s)
2026-10-08T04:21:16.7020500Z === RUN   TestR94DiagnosticBatchRejectsMalformedObservations/too_many
2026-10-08T04:21:16.7021566Z --- PASS: TestR94DiagnosticBatchRejectsMalformedObservations/too_many (0.00s)
2026-10-08T04:21:16.7022513Z === RUN   TestR94DiagnosticBatchRejectsMalformedObservations/invalid_phase
2026-10-08T04:21:16.7023533Z --- PASS: TestR94DiagnosticBatchRejectsMalformedObservations/invalid_phase (0.00s)
2026-10-08T04:21:16.7024653Z === RUN   TestR94DiagnosticBatchRejectsMalformedObservations/invalid_source
2026-10-08T04:21:16.7025822Z --- PASS: TestR94DiagnosticBatchRejectsMalformedObservations/invalid_source (0.00s)
2026-10-08T04:21:16.7027260Z === RUN   TestR94DiagnosticBatchRejectsMalformedObservations/invalid_ID
2026-10-08T04:21:16.7028375Z --- PASS: TestR94DiagnosticBatchRejectsMalformedObservations/invalid_ID (0.00s)
2026-10-08T04:21:16.7029412Z --- PASS: TestR94DiagnosticBatchRejectsMalformedObservations (0.00s)
2026-10-08T04:21:16.7030788Z === RUN   TestR94ConnectedSessionForwardsIdentityThroughLCUEventCallback
2026-10-08T04:21:16.7080066Z 2026/10/08 04:21:16 http: TLS handshake error from 127.0.0.1:52703: read tcp 127.0.0.1:52700->127.0.0.1:52703: use of closed network connection
2026-10-08T04:21:16.7080975Z --- PASS: TestR94ConnectedSessionForwardsIdentityThroughLCUEventCallback (0.01s)
2026-10-08T04:21:16.7081618Z === RUN   TestR95SquadSurvivesHiddenChampSelectAndScrambledLive
2026-10-08T04:21:16.7499750Z --- PASS: TestR95SquadSurvivesHiddenChampSelectAndScrambledLive (0.04s)
2026-10-08T04:21:16.7500598Z === RUN   TestR95MissingKnownSquadMemberAndTruth
2026-10-08T04:21:16.7501085Z === RUN   TestR95MissingKnownSquadMemberAndTruth/false
2026-10-08T04:21:16.7743840Z --- PASS: TestR95MissingKnownSquadMemberAndTruth/false (0.02s)
2026-10-08T04:21:16.7744771Z === RUN   TestR95MissingKnownSquadMemberAndTruth/true
2026-10-08T04:21:16.8037779Z --- PASS: TestR95MissingKnownSquadMemberAndTruth/true (0.03s)
2026-10-08T04:21:16.8039079Z --- PASS: TestR95MissingKnownSquadMemberAndTruth (0.05s)
2026-10-08T04:21:16.8039789Z === RUN   TestR95TruthNoneAndRiotSource
2026-10-08T04:21:16.8269954Z --- PASS: TestR95TruthNoneAndRiotSource (0.02s)
2026-10-08T04:21:16.8270572Z === RUN   TestR95AllGameDataOncePrivateAndCanceledParent
2026-10-08T04:21:16.8312191Z --- PASS: TestR95AllGameDataOncePrivateAndCanceledParent (0.00s)
2026-10-08T04:21:16.8313118Z === RUN   TestR95OverviewEmptyArraysAreExplicit
2026-10-08T04:21:16.8313888Z --- PASS: TestR95OverviewEmptyArraysAreExplicit (0.00s)
2026-10-08T04:21:16.8315105Z === RUN   TestR95ProExactIdentityPrivacyAndNoFetch
2026-10-08T04:21:16.8316192Z --- PASS: TestR95ProExactIdentityPrivacyAndNoFetch (0.00s)
2026-10-08T04:21:16.8318388Z === RUN   TestR95LockStrategiesUseOnlyVisibleWait
2026-10-08T04:21:16.8319311Z === RUN   TestR95LockStrategiesUseOnlyVisibleWait/lock-now
2026-10-08T04:21:16.8355541Z --- PASS: TestR95LockStrategiesUseOnlyVisibleWait/lock-now (0.00s)
2026-10-08T04:21:16.8356283Z === RUN   TestR95LockStrategiesUseOnlyVisibleWait/show-only
2026-10-08T04:21:16.8379570Z --- PASS: TestR95LockStrategiesUseOnlyVisibleWait/show-only (0.00s)
2026-10-08T04:21:16.8380524Z === RUN   TestR95LockStrategiesUseOnlyVisibleWait/show-then-lock
2026-10-08T04:21:16.8924965Z --- PASS: TestR95LockStrategiesUseOnlyVisibleWait/show-then-lock (0.05s)
2026-10-08T04:21:16.8926331Z --- PASS: TestR95LockStrategiesUseOnlyVisibleWait (0.06s)
2026-10-08T04:21:16.8927614Z === RUN   TestR95LegacyAlliesCrossBlocksGuardRemainsIndependent
2026-10-08T04:21:16.8929035Z --- PASS: TestR95LegacyAlliesCrossBlocksGuardRemainsIndependent (0.00s)
2026-10-08T04:21:16.8930168Z === RUN   TestR95SquadGameAndAccountIsolation
2026-10-08T04:21:16.8931127Z --- PASS: TestR95SquadGameAndAccountIsolation (0.00s)
2026-10-08T04:21:16.8932168Z === RUN   TestR95ProDirectoryBadgeConsistencyAndConflict
2026-10-08T04:21:16.8933324Z --- PASS: TestR95ProDirectoryBadgeConsistencyAndConflict (0.00s)
2026-10-08T04:21:16.8934680Z === RUN   TestR96ExplicitSubteamGuard
2026-10-08T04:21:16.8935613Z === RUN   TestR96ExplicitSubteamGuard/subteamId/conflict=false
2026-10-08T04:21:16.9192366Z --- PASS: TestR96ExplicitSubteamGuard/subteamId/conflict=false (0.03s)
2026-10-08T04:21:16.9192972Z === RUN   TestR96ExplicitSubteamGuard/subteamId/conflict=true
2026-10-08T04:21:16.9427327Z --- PASS: TestR96ExplicitSubteamGuard/subteamId/conflict=true (0.02s)
2026-10-08T04:21:16.9428382Z === RUN   TestR96ExplicitSubteamGuard/playerSubteamId/conflict=false
2026-10-08T04:21:16.9643873Z --- PASS: TestR96ExplicitSubteamGuard/playerSubteamId/conflict=false (0.02s)
2026-10-08T04:21:16.9644987Z === RUN   TestR96ExplicitSubteamGuard/playerSubteamId/conflict=true
2026-10-08T04:21:16.9881409Z --- PASS: TestR96ExplicitSubteamGuard/playerSubteamId/conflict=true (0.02s)
2026-10-08T04:21:16.9882185Z --- PASS: TestR96ExplicitSubteamGuard (0.09s)
2026-10-08T04:21:16.9882835Z === RUN   TestR96PartialTruthDoesNotEndAsNone
2026-10-08T04:21:17.0277121Z --- PASS: TestR96PartialTruthDoesNotEndAsNone (0.04s)
2026-10-08T04:21:17.0277549Z === RUN   TestR98Timing
2026-10-08T04:21:18.2579285Z     r98_test.go:137: [
2026-10-08T04:21:18.2580087Z           {
2026-10-08T04:21:18.2581591Z             "cumulative_http_calls": {
2026-10-08T04:21:18.2582596Z               "account": 1,
2026-10-08T04:21:18.2583422Z               "detail": 20,
2026-10-08T04:21:18.2584297Z               "mastery": 1,
2026-10-08T04:21:18.2585609Z               "matchIDs": 1,
2026-10-08T04:21:18.2586415Z               "ranks": 1,
2026-10-08T04:21:18.2587206Z               "summoner": 1
2026-10-08T04:21:18.2674981Z             },
2026-10-08T04:21:18.2675529Z             "overview_phases_ms": {
2026-10-08T04:21:18.2676102Z               "account": 48,
2026-10-08T04:21:18.2676715Z               "champion_names": 0,
2026-10-08T04:21:18.2677401Z               "detailed_matches": 0,
2026-10-08T04:21:18.2678013Z               "details": 1072,
2026-10-08T04:21:18.2678543Z               "identity": 0,
2026-10-08T04:21:18.2679688Z               "mastery": 91,
2026-10-08T04:21:18.2680782Z               "matchIDs": 106,
2026-10-08T04:21:18.2681359Z               "opgg-historical": 0,
2026-10-08T04:21:18.2682126Z               "queue_labels": 0,
2026-10-08T04:21:18.2682602Z               "ranks": 98,
2026-10-08T04:21:18.2683129Z               "recent_players": 0,
2026-10-08T04:21:18.2683913Z               "recent_ranked": 0,
2026-10-08T04:21:18.2684562Z               "season_snapshot": 0,
2026-10-08T04:21:18.2684945Z               "serialize": 1227,
2026-10-08T04:21:18.2685240Z               "spans": {
2026-10-08T04:21:18.2685532Z                 "account": [
2026-10-08T04:21:18.2685817Z                   [
2026-10-08T04:21:18.2686082Z                     0,
2026-10-08T04:21:18.2686334Z                     48
2026-10-08T04:21:18.2686724Z                   ]
2026-10-08T04:21:18.2687175Z                 ],
2026-10-08T04:21:18.2687627Z                 "champion_names": [
2026-10-08T04:21:18.2687924Z                   [
2026-10-08T04:21:18.2688171Z                     48,
2026-10-08T04:21:18.2688429Z                     48
2026-10-08T04:21:18.2688657Z                   ]
2026-10-08T04:21:18.2688876Z                 ],
2026-10-08T04:21:18.2689140Z                 "details": [
2026-10-08T04:21:18.2689394Z                   [
2026-10-08T04:21:18.2689703Z                     155,
2026-10-08T04:21:18.2690099Z                     1227
2026-10-08T04:21:18.2690511Z                   ]
2026-10-08T04:21:18.2690840Z                 ],
2026-10-08T04:21:18.2691318Z                 "mastery": [
2026-10-08T04:21:18.2691880Z                   [
2026-10-08T04:21:18.2692325Z                     48,
2026-10-08T04:21:18.2693049Z                     140
2026-10-08T04:21:18.2693419Z                   ]
2026-10-08T04:21:18.2693814Z                 ],
2026-10-08T04:21:18.2694095Z                 "matchIDs": [
2026-10-08T04:21:18.2694354Z                   [
2026-10-08T04:21:18.2694600Z                     48,
2026-10-08T04:21:18.2695813Z                     155
2026-10-08T04:21:18.2696132Z                   ]
2026-10-08T04:21:18.2696374Z                 ],
2026-10-08T04:21:18.2696631Z                 "ranks": [
2026-10-08T04:21:18.2696895Z                   [
2026-10-08T04:21:18.2697135Z                     48,
2026-10-08T04:21:18.2697395Z                     146
2026-10-08T04:21:18.2697627Z                   ]
2026-10-08T04:21:18.2697851Z                 ],
2026-10-08T04:21:18.2698421Z                 "summoner": [
2026-10-08T04:21:18.2698945Z                   [
2026-10-08T04:21:18.2699201Z                     48,
2026-10-08T04:21:18.2699461Z                     504
2026-10-08T04:21:18.2699923Z                   ]
2026-10-08T04:21:18.2700151Z                 ]
2026-10-08T04:21:18.2700390Z               },
2026-10-08T04:21:18.2700882Z               "summoner": 456,
2026-10-08T04:21:18.2701188Z               "total": 1227
2026-10-08T04:21:18.2701433Z             },
2026-10-08T04:21:18.2701679Z             "previews": [
2026-10-08T04:21:18.2701932Z               {
2026-10-08T04:21:18.2702193Z                 "at_ms": 233,
2026-10-08T04:21:18.2702487Z                 "matches": 5
2026-10-08T04:21:18.2702736Z               },
2026-10-08T04:21:18.2702952Z               {
2026-10-08T04:21:18.2703205Z                 "at_ms": 245,
2026-10-08T04:21:18.2703491Z                 "matches": 7
2026-10-08T04:21:18.2703793Z               },
2026-10-08T04:21:18.2704222Z               {
2026-10-08T04:21:18.2704554Z                 "at_ms": 257,
2026-10-08T04:21:18.2704840Z                 "matches": 9
2026-10-08T04:21:18.2705100Z               },
2026-10-08T04:21:18.2705328Z               {
2026-10-08T04:21:18.2705615Z                 "at_ms": 1038,
2026-10-08T04:21:18.2705908Z                 "matches": 11
2026-10-08T04:21:18.2706159Z               },
2026-10-08T04:21:18.2706376Z               {
2026-10-08T04:21:18.2706645Z                 "at_ms": 1104,
2026-10-08T04:21:18.2706942Z                 "matches": 13
2026-10-08T04:21:18.2707185Z               },
2026-10-08T04:21:18.2707401Z               {
2026-10-08T04:21:18.2707664Z                 "at_ms": 1123,
2026-10-08T04:21:18.2707949Z                 "matches": 15
2026-10-08T04:21:18.2708194Z               },
2026-10-08T04:21:18.2708402Z               {
2026-10-08T04:21:18.2708666Z                 "at_ms": 1199,
2026-10-08T04:21:18.2708952Z                 "matches": 17
2026-10-08T04:21:18.2709299Z               },
2026-10-08T04:21:18.2709713Z               {
2026-10-08T04:21:18.2710080Z                 "at_ms": 1217,
2026-10-08T04:21:18.2710367Z                 "matches": 19
2026-10-08T04:21:18.2710624Z               },
2026-10-08T04:21:18.2710831Z               {
2026-10-08T04:21:18.2711099Z                 "at_ms": 1227,
2026-10-08T04:21:18.2711382Z                 "matches": 20
2026-10-08T04:21:18.2711622Z               },
2026-10-08T04:21:18.2711838Z               {
2026-10-08T04:21:18.2712102Z                 "at_ms": 1227,
2026-10-08T04:21:18.2712391Z                 "matches": 20
2026-10-08T04:21:18.2712635Z               }
2026-10-08T04:21:18.2712842Z             ],
2026-10-08T04:21:18.2713127Z             "riot_overview_cost": {
2026-10-08T04:21:18.2713495Z               "detail_concurrency": 8,
2026-10-08T04:21:18.2713873Z               "details_inflight_peak": 8,
2026-10-08T04:21:18.2714234Z               "duration_ms": 1227,
2026-10-08T04:21:18.2714570Z               "error_kind": "",
2026-10-08T04:21:18.2715197Z               "event": "riot_overview_cost",
2026-10-08T04:21:18.2715770Z               "first_error_kind": "",
2026-10-08T04:21:18.2716141Z               "limiter_queue_ms": 6910,
2026-10-08T04:21:18.2716506Z               "matches_failed": 0,
2026-10-08T04:21:18.2716853Z               "matches_from_disk": 0,
2026-10-08T04:21:18.2717222Z               "matches_from_memory": 0,
2026-10-08T04:21:18.2717598Z               "matches_from_network": 20,
2026-10-08T04:21:18.2723422Z               "matches_loaded": 20,
2026-10-08T04:21:18.2723904Z               "matches_requested": 20,
2026-10-08T04:21:18.2724280Z               "rate_limited_count": 0
2026-10-08T04:21:18.2724569Z             },
2026-10-08T04:21:18.2724873Z             "scenario": "cold-search",
2026-10-08T04:21:18.2725196Z             "wall_ms": 1227
2026-10-08T04:21:18.2725435Z           },
2026-10-08T04:21:18.2725649Z           {
2026-10-08T04:21:18.2725937Z             "cumulative_http_calls": {
2026-10-08T04:21:18.2726539Z               "account": 1,
2026-10-08T04:21:18.2727001Z               "detail": 20,
2026-10-08T04:21:18.2727274Z               "mastery": 1,
2026-10-08T04:21:18.2727695Z               "matchIDs": 1,
2026-10-08T04:21:18.2727974Z               "ranks": 1,
2026-10-08T04:21:18.2728242Z               "summoner": 1
2026-10-08T04:21:18.2728474Z             },
2026-10-08T04:21:18.2728758Z             "overview_phases_ms": {
2026-10-08T04:21:18.2729057Z               "account": 0,
2026-10-08T04:21:18.2729371Z               "champion_names": 0,
2026-10-08T04:21:18.2729711Z               "detailed_matches": 0,
2026-10-08T04:21:18.2730016Z               "details": 0,
2026-10-08T04:21:18.2730292Z               "identity": 0,
2026-10-08T04:21:18.2730566Z               "mastery": 0,
2026-10-08T04:21:18.2730842Z               "matchIDs": 0,
2026-10-08T04:21:18.2731162Z               "opgg-historical": 0,
2026-10-08T04:21:18.2731491Z               "queue_labels": 0,
2026-10-08T04:21:18.2731861Z               "ranks": 0,
2026-10-08T04:21:18.2732478Z               "recent_players": 0,
2026-10-08T04:21:18.2733016Z               "recent_ranked": 0,
2026-10-08T04:21:18.2733370Z               "season_snapshot": 0,
2026-10-08T04:21:18.2733675Z               "serialize": 0,
2026-10-08T04:21:18.2733955Z               "spans": {
2026-10-08T04:21:18.2734238Z                 "account": [
2026-10-08T04:21:18.2734495Z                   [
2026-10-08T04:21:18.2734744Z                     0,
2026-10-08T04:21:18.2734993Z                     0
2026-10-08T04:21:18.2735242Z                   ]
2026-10-08T04:21:18.2735463Z                 ],
2026-10-08T04:21:18.2735940Z                 "champion_names": [
2026-10-08T04:21:18.2736224Z                   [
2026-10-08T04:21:18.2736469Z                     0,
2026-10-08T04:21:18.2736714Z                     0
2026-10-08T04:21:18.2736943Z                   ]
2026-10-08T04:21:18.2737169Z                 ],
2026-10-08T04:21:18.2737424Z                 "details": [
2026-10-08T04:21:18.2737943Z                   [
2026-10-08T04:21:18.2738344Z                     0,
2026-10-08T04:21:18.2738594Z                     0
2026-10-08T04:21:18.2738827Z                   ]
2026-10-08T04:21:18.2739182Z                 ],
2026-10-08T04:21:18.2739546Z                 "mastery": [
2026-10-08T04:21:18.2739797Z                   [
2026-10-08T04:21:18.2740033Z                     0,
2026-10-08T04:21:18.2740267Z                     0
2026-10-08T04:21:18.2740496Z                   ]
2026-10-08T04:21:18.2740715Z                 ],
2026-10-08T04:21:18.2740973Z                 "matchIDs": [
2026-10-08T04:21:18.2741227Z                   [
2026-10-08T04:21:18.2741456Z                     0,
2026-10-08T04:21:18.2741698Z                     0
2026-10-08T04:21:18.2741925Z                   ]
2026-10-08T04:21:18.2742146Z                 ],
2026-10-08T04:21:18.2742390Z                 "ranks": [
2026-10-08T04:21:18.2742641Z                   [
2026-10-08T04:21:18.2742871Z                     0,
2026-10-08T04:21:18.2743186Z                     0
2026-10-08T04:21:18.2743648Z                   ]
2026-10-08T04:21:18.2743943Z                 ],
2026-10-08T04:21:18.2744212Z                 "summoner": [
2026-10-08T04:21:18.2744466Z                   [
2026-10-08T04:21:18.2744706Z                     0,
2026-10-08T04:21:18.2744951Z                     0
2026-10-08T04:21:18.2745181Z                   ]
2026-10-08T04:21:18.2745394Z                 ]
2026-10-08T04:21:18.2746041Z               },
2026-10-08T04:21:18.2746331Z               "summoner": 0,
2026-10-08T04:21:18.2746613Z               "total": 0
2026-10-08T04:21:18.2746851Z             },
2026-10-08T04:21:18.2747092Z             "previews": [
2026-10-08T04:21:18.2747343Z               {
2026-10-08T04:21:18.2747599Z                 "at_ms": 0,
2026-10-08T04:21:18.2747884Z                 "matches": 7
2026-10-08T04:21:18.2748130Z               },
2026-10-08T04:21:18.2748340Z               {
2026-10-08T04:21:18.2748588Z                 "at_ms": 0,
2026-10-08T04:21:18.2749180Z                 "matches": 20
2026-10-08T04:21:18.2749571Z               },
2026-10-08T04:21:18.2749931Z               {
2026-10-08T04:21:18.2750178Z                 "at_ms": 0,
2026-10-08T04:21:18.2750452Z                 "matches": 20
2026-10-08T04:21:18.2750697Z               }
2026-10-08T04:21:18.2750895Z             ],
2026-10-08T04:21:18.2751182Z             "riot_overview_cost": {
2026-10-08T04:21:18.2751553Z               "detail_concurrency": 8,
2026-10-08T04:21:18.2751930Z               "details_inflight_peak": 0,
2026-10-08T04:21:18.2752285Z               "duration_ms": 0,
2026-10-08T04:21:18.2752598Z               "error_kind": "",
2026-10-08T04:21:18.2752966Z               "event": "riot_overview_cost",
2026-10-08T04:21:18.2753339Z               "first_error_kind": "",
2026-10-08T04:21:18.2753688Z               "limiter_queue_ms": 0,
2026-10-08T04:21:18.2754022Z               "matches_failed": 0,
2026-10-08T04:21:18.2754542Z               "matches_from_disk": 0,
2026-10-08T04:21:18.2755153Z               "matches_from_memory": 20,
2026-10-08T04:21:18.2755530Z               "matches_from_network": 0,
2026-10-08T04:21:18.2756615Z               "matches_loaded": 20,
2026-10-08T04:21:18.2757097Z               "matches_requested": 20,
2026-10-08T04:21:18.2757467Z               "rate_limited_count": 0
2026-10-08T04:21:18.2757741Z             },
2026-10-08T04:21:18.2758051Z             "scenario": "repeat-refresh",
2026-10-08T04:21:18.2758372Z             "wall_ms": 0
2026-10-08T04:21:18.2758608Z           }
2026-10-08T04:21:18.2758798Z         ]
2026-10-08T04:21:18.2759043Z --- PASS: TestR98Timing (1.24s)
2026-10-08T04:21:18.2759383Z === RUN   TestR98OverviewEndpointCachesAndKeys
2026-10-08T04:21:18.4384791Z --- PASS: TestR98OverviewEndpointCachesAndKeys (0.17s)
2026-10-08T04:21:18.4385836Z === RUN   TestR98SummonerDoesNotGateProgressAndPreviewKeepsAdvancing
2026-10-08T04:21:19.2057737Z --- PASS: TestR98SummonerDoesNotGateProgressAndPreviewKeepsAdvancing (0.77s)
2026-10-08T04:21:19.2058992Z === RUN   TestR98OverviewQueueBudgetReturnsRateLimit
2026-10-08T04:21:19.2089270Z --- PASS: TestR98OverviewQueueBudgetReturnsRateLimit (0.00s)
2026-10-08T04:21:19.2090532Z === RUN   TestR98LimiterFIFOHasOnlyOneSleepingHeadAndCanceledWaitersUseNoQuota
2026-10-08T04:21:19.2460774Z --- PASS: TestR98LimiterFIFOHasOnlyOneSleepingHeadAndCanceledWaitersUseNoQuota (0.04s)
2026-10-08T04:21:19.2461832Z === RUN   TestR98ChovyNullRegionFlightToOverview
2026-10-08T04:21:19.2575018Z --- PASS: TestR98ChovyNullRegionFlightToOverview (0.01s)
2026-10-08T04:21:19.2576201Z === RUN   TestR98Upstream429QueueBudgetKeepsTypedError
2026-10-08T04:21:19.2883049Z --- PASS: TestR98Upstream429QueueBudgetKeepsTypedError (0.03s)
2026-10-08T04:21:19.2884226Z === RUN   TestR99ProbeReadMatrixAndPrivacy
2026-10-08T04:21:19.2935467Z --- PASS: TestR99ProbeReadMatrixAndPrivacy (0.01s)
2026-10-08T04:21:19.2936336Z === RUN   TestR99ConnectionNeverWritesAndProbesOnce
2026-10-08T04:21:19.2987691Z --- PASS: TestR99ConnectionNeverWritesAndProbesOnce (0.00s)
2026-10-08T04:21:19.2988971Z === RUN   TestR99IconCatalogProjectionCachingAndClientSwitch
2026-10-08T04:21:19.3013826Z --- PASS: TestR99IconCatalogProjectionCachingAndClientSwitch (0.00s)
2026-10-08T04:21:19.3014719Z === RUN   TestR99IconAndBannerApplyActionsRetired
2026-10-08T04:21:19.3018723Z --- PASS: TestR99IconAndBannerApplyActionsRetired (0.00s)
2026-10-08T04:21:19.3020377Z === RUN   TestR99SummonerEventStillUpdatesIdentity
2026-10-08T04:21:19.5094230Z --- PASS: TestR99SummonerEventStillUpdatesIdentity (0.21s)
2026-10-08T04:21:19.5095957Z === RUN   TestR149RankBannerActionIsRetiredWithoutLCUWrites
2026-10-08T04:21:19.5097252Z --- PASS: TestR149RankBannerActionIsRetiredWithoutLCUWrites (0.00s)
2026-10-08T04:21:19.5098558Z === RUN   TestR149ClearBorderPreservesExistingBannerPreference
2026-10-08T04:21:19.5110371Z --- PASS: TestR149ClearBorderPreservesExistingBannerPreference (0.00s)
2026-10-08T04:21:19.5111623Z === RUN   TestR99SeedRenameSurvivesRestartAndTTL
2026-10-08T04:21:19.5459202Z --- PASS: TestR99SeedRenameSurvivesRestartAndTTL (0.03s)
2026-10-08T04:21:19.5460404Z === RUN   TestR99SeedAnchorSurvivesLRUAndHasOnlyStableField
2026-10-08T04:21:28.0039020Z --- PASS: TestR99SeedAnchorSurvivesLRUAndHasOnlyStableField (8.46s)
2026-10-08T04:21:28.0039599Z === RUN   TestR99SeedAppearsMergesAndNeverLeaks
2026-10-08T04:21:28.0359744Z --- PASS: TestR99SeedAppearsMergesAndNeverLeaks (0.03s)
2026-10-08T04:21:28.0360491Z === RUN   TestR99SeedRespectsQuotaBudget
2026-10-08T04:21:28.0388088Z --- PASS: TestR99SeedRespectsQuotaBudget (0.00s)
2026-10-08T04:21:28.0388819Z === RUN   TestR99SeedSourceHasNoCopiedStableID
2026-10-08T04:21:28.0401368Z --- PASS: TestR99SeedSourceHasNoCopiedStableID (0.00s)
2026-10-08T04:21:28.0402260Z === RUN   TestR99SeedPresentInEveryPipelinePublication
2026-10-08T04:21:28.0494486Z --- PASS: TestR99SeedPresentInEveryPipelinePublication (0.01s)
2026-10-08T04:21:28.0495446Z === RUN   TestR99ProbeHandlesAlternativeInventoryShape
2026-10-08T04:21:28.0496413Z --- PASS: TestR99ProbeHandlesAlternativeInventoryShape (0.00s)
2026-10-08T04:21:28.0497264Z === RUN   TestR99SeedQuotaDiagnosticsNeverContainIdentity
2026-10-08T04:21:28.0521410Z --- PASS: TestR99SeedQuotaDiagnosticsNeverContainIdentity (0.00s)
2026-10-08T04:21:28.0521998Z === RUN   TestRankScoreCacheUsesBoundedLRUForLargeInsertions
2026-10-08T04:21:28.0541278Z --- PASS: TestRankScoreCacheUsesBoundedLRUForLargeInsertions (0.00s)
2026-10-08T04:21:28.0542179Z === RUN   TestRankScoreCacheGetKeepsHotEntry
2026-10-08T04:21:28.0545162Z --- PASS: TestRankScoreCacheGetKeepsHotEntry (0.00s)
2026-10-08T04:21:28.0545973Z === RUN   TestRankScoreCacheRemovesExpiredEntry
2026-10-08T04:21:28.0546802Z --- PASS: TestRankScoreCacheRemovesExpiredEntry (0.00s)
2026-10-08T04:21:28.0547658Z === RUN   TestRankedSplitProbeRecordsOnlyShapeMetadata
2026-10-08T04:21:28.0576957Z --- PASS: TestRankedSplitProbeRecordsOnlyShapeMetadata (0.00s)
2026-10-08T04:21:28.0578014Z === RUN   TestSessionTokenPrivacyDocumentationMatchesDiskPersistence
2026-10-08T04:21:28.0579190Z --- PASS: TestSessionTokenPrivacyDocumentationMatchesDiskPersistence (0.00s)
2026-10-08T04:21:28.0580295Z === RUN   TestRiotAccountRequestDoesNotDoubleEncodeKoreanNames
2026-10-08T04:21:28.0581349Z --- PASS: TestRiotAccountRequestDoesNotDoubleEncodeKoreanNames (0.00s)
2026-10-08T04:21:28.0582349Z === RUN   TestRiotMatchIDsFilteredAddsQueueAndTypeQuery
2026-10-08T04:21:28.0583251Z --- PASS: TestRiotMatchIDsFilteredAddsQueueAndTypeQuery (0.00s)
2026-10-08T04:21:28.0584240Z === RUN   TestRiotProfileCapabilitiesTreatCancellationAsCanceled
2026-10-08T04:21:28.0585386Z --- PASS: TestRiotProfileCapabilitiesTreatCancellationAsCanceled (0.00s)
2026-10-08T04:21:28.0586374Z === RUN   TestRiotMatchConversionPreservesControlWardZero
2026-10-08T04:21:28.0587306Z --- PASS: TestRiotMatchConversionPreservesControlWardZero (0.00s)
2026-10-08T04:21:28.0588163Z === RUN   TestOpggParseSearchResultReadsSummoners
2026-10-08T04:21:28.0588689Z --- PASS: TestOpggParseSearchResultReadsSummoners (0.00s)
2026-10-08T04:21:28.0589186Z === RUN   TestRiotOverviewCapsMatchDetailConcurrencyAtFour
2026-10-08T04:21:28.2205943Z --- PASS: TestRiotOverviewCapsMatchDetailConcurrencyAtFour (0.16s)
2026-10-08T04:21:28.2207164Z === RUN   TestRiotOverviewCostTrackerIgnoresCancellation
2026-10-08T04:21:28.2208376Z --- PASS: TestRiotOverviewCostTrackerIgnoresCancellation (0.00s)
2026-10-08T04:21:28.2210199Z === RUN   TestR136MissingRiotKeyIsUserFacingAndDiagnosedAtAccountLookup
2026-10-08T04:21:28.2228882Z --- PASS: TestR136MissingRiotKeyIsUserFacingAndDiagnosedAtAccountLookup (0.00s)
2026-10-08T04:21:28.2229821Z === RUN   TestRiotClientCommandLineUsesIndependentCredentials
2026-10-08T04:21:28.2230715Z --- PASS: TestRiotClientCommandLineUsesIndependentCredentials (0.00s)
2026-10-08T04:21:28.2231702Z === RUN   TestPowerShellProcessOutputParserRejectsCorruption
2026-10-08T04:21:28.2232655Z --- PASS: TestPowerShellProcessOutputParserRejectsCorruption (0.00s)
2026-10-08T04:21:28.2233615Z === RUN   TestRiotClientAliasLookupIsExactAndAuthenticated
2026-10-08T04:21:28.2246379Z --- PASS: TestRiotClientAliasLookupIsExactAndAuthenticated (0.00s)
2026-10-08T04:21:28.2247879Z === RUN   TestRiotClientAliasLookupFailurePaths
2026-10-08T04:21:28.2269700Z --- PASS: TestRiotClientAliasLookupFailurePaths (0.00s)
2026-10-08T04:21:28.2270294Z === RUN   TestResolveTencentRiotIDKeepsRiotAndLeagueTokensSeparate
2026-10-08T04:21:28.2302564Z --- PASS: TestResolveTencentRiotIDKeepsRiotAndLeagueTokensSeparate (0.00s)
2026-10-08T04:21:28.2303557Z === RUN   TestResolveTencentRiotIDUsesLCUForCurrentServer
2026-10-08T04:21:28.2313195Z --- PASS: TestResolveTencentRiotIDUsesLCUForCurrentServer (0.00s)
2026-10-08T04:21:28.2314244Z === RUN   TestRemoteMatchHistoryFailureNeverFallsBackToCurrentLCU
2026-10-08T04:21:28.2332951Z --- PASS: TestRemoteMatchHistoryFailureNeverFallsBackToCurrentLCU (0.00s)
2026-10-08T04:21:28.2334316Z === RUN   TestRemoteRankedStatsUsesExplicitSGPFallbackWithoutLCU
2026-10-08T04:21:28.2343767Z --- PASS: TestRemoteRankedStatsUsesExplicitSGPFallbackWithoutLCU (0.00s)
2026-10-08T04:21:28.2344974Z === RUN   TestTencentReferenceAliasesAreScopedByServer
2026-10-08T04:21:28.2345915Z --- PASS: TestTencentReferenceAliasesAreScopedByServer (0.00s)
2026-10-08T04:21:28.2346755Z === RUN   TestMatchTimelineRejectsServerRebinding
2026-10-08T04:21:28.2347609Z --- PASS: TestMatchTimelineRejectsServerRebinding (0.00s)
2026-10-08T04:21:28.2348188Z === RUN   TestMatchTimelineRestoresServerFromRegisteredReference
2026-10-08T04:21:28.2367270Z --- PASS: TestMatchTimelineRestoresServerFromRegisteredReference (0.00s)
2026-10-08T04:21:28.2368577Z === RUN   TestRiotKeyConfiguredValueRejectsMissingAndCorruptCiphertext
2026-10-08T04:21:28.2369800Z --- PASS: TestRiotKeyConfiguredValueRejectsMissingAndCorruptCiphertext (0.00s)
2026-10-08T04:21:28.2370751Z === RUN   TestSelfCheckRiotKeyUsesEmbeddedGuard
2026-10-08T04:21:28.2520414Z --- PASS: TestSelfCheckRiotKeyUsesEmbeddedGuard (0.01s)
2026-10-08T04:21:28.2521962Z === RUN   TestSeasonStatsBudgetTruncatesRankedMatchesInsteadOfRefusingTheWrite
2026-10-08T04:21:28.2522764Z === PAUSE TestSeasonStatsBudgetTruncatesRankedMatchesInsteadOfRefusingTheWrite
2026-10-08T04:21:28.2524892Z === RUN   TestSeasonStatsSaveAppliesTheBudgetEndToEnd
2026-10-08T04:21:28.2525395Z === PAUSE TestSeasonStatsSaveAppliesTheBudgetEndToEnd
2026-10-08T04:21:28.2526037Z === RUN   TestSeasonStatsBudgetLeavesSmallCachesAlone
2026-10-08T04:21:28.2528468Z --- PASS: TestSeasonStatsBudgetLeavesSmallCachesAlone (0.00s)
2026-10-08T04:21:28.2529691Z === RUN   TestSeasonStatsBudgetWritesAndReportsWhenNothingCanBeTrimmed
2026-10-08T04:21:28.2530350Z === PAUSE TestSeasonStatsBudgetWritesAndReportsWhenNothingCanBeTrimmed
2026-10-08T04:21:28.2530906Z === RUN   TestSeasonStatsDirectoryHealthReportsTotalSize
2026-10-08T04:21:28.2608022Z --- PASS: TestSeasonStatsDirectoryHealthReportsTotalSize (0.01s)
2026-10-08T04:21:28.2608617Z === RUN   TestSeasonStatsDirectoryHealthRunsOncePerRoot
2026-10-08T04:21:28.2623304Z --- PASS: TestSeasonStatsDirectoryHealthRunsOncePerRoot (0.00s)
2026-10-08T04:21:28.2624394Z === RUN   TestSeasonStatsSynthetic2000MayhemGamesStayWithinBudget
2026-10-08T04:21:28.2697461Z     season_stats_budget_test.go:352: P3 capacity (synthetic, 2000 mayhem + 300 ranked games): file = 312499 bytes = 305.2 KB = 0.30 MiB; budget = 4194304 bytes; headroom = 13.4x
2026-10-08T04:21:28.2698904Z     season_stats_budget_test.go:354: P3 breakdown: gameIds=2300 stats=1 queueStats=5 rankedMatches=200 augmentSamples=2000
2026-10-08T04:21:28.2706584Z     season_stats_budget_test.go:362: P3 augment samples: 251001 bytes for 2000 entries = 126 B/场（工单按 300 B/场估，本实现只存必要字段）
2026-10-08T04:21:28.2964247Z     season_stats_budget_test.go:387: P2-6 over the reloaded 2000-game cache: sampleGames=2000 groups=6 topGroup=augment 5201 with 65 games / 49% win rate
2026-10-08T04:21:28.2980995Z --- PASS: TestSeasonStatsSynthetic2000MayhemGamesStayWithinBudget (0.04s)
2026-10-08T04:21:28.2982648Z === RUN   TestSeasonStatsBudgetThirdStageOnlyDropsAugmentSamples
2026-10-08T04:21:28.2983687Z === PAUSE TestSeasonStatsBudgetThirdStageOnlyDropsAugmentSamples
2026-10-08T04:21:28.2985015Z === RUN   TestSeasonStatsBudgetKeepsAsManyAugmentSamplesAsFit
2026-10-08T04:21:28.2985949Z === PAUSE TestSeasonStatsBudgetKeepsAsManyAugmentSamplesAsFit
2026-10-08T04:21:28.2986883Z === RUN   TestSeasonRecordRankedMatchMirrorsSeasonStatsCriteria
2026-10-08T04:21:28.2987955Z --- PASS: TestSeasonRecordRankedMatchMirrorsSeasonStatsCriteria (0.00s)
2026-10-08T04:21:28.2988914Z === RUN   TestSeasonQuerySnapshotCacheEvictsOldestEntry
2026-10-08T04:21:28.2989887Z --- PASS: TestSeasonQuerySnapshotCacheEvictsOldestEntry (0.00s)
2026-10-08T04:21:28.2991217Z === RUN   TestSeasonTrimRankedMatchesDedupesAndKeepsNewestFirst
2026-10-08T04:21:28.2992645Z --- PASS: TestSeasonTrimRankedMatchesDedupesAndKeepsNewestFirst (0.00s)
2026-10-08T04:21:28.2993956Z === RUN   TestSeasonTrimRankedMatchesKeepsEachRankedQueue
2026-10-08T04:21:28.2994678Z --- PASS: TestSeasonTrimRankedMatchesKeepsEachRankedQueue (0.00s)
2026-10-08T04:21:28.2996116Z === RUN   TestRecentRankedSummaryTopsUpFromSeasonCacheWithoutDoubleCounting
2026-10-08T04:21:28.2996893Z --- PASS: TestRecentRankedSummaryTopsUpFromSeasonCacheWithoutDoubleCounting (0.00s)
2026-10-08T04:21:28.2997477Z === RUN   TestRankedSeasonStartDerivesAnnualSeason
2026-10-08T04:21:28.2997935Z --- PASS: TestRankedSeasonStartDerivesAnnualSeason (0.00s)
2026-10-08T04:21:28.2998410Z === RUN   TestSeasonStatsAggregateRanksOnlyAndOmitsPUUID
2026-10-08T04:21:28.2998924Z --- PASS: TestSeasonStatsAggregateRanksOnlyAndOmitsPUUID (0.00s)
2026-10-08T04:21:28.2999472Z === RUN   TestSeasonStatsChampionKDAUsesPerGameAndWeightedOverall
2026-10-08T04:21:28.3000072Z --- PASS: TestSeasonStatsChampionKDAUsesPerGameAndWeightedOverall (0.00s)
2026-10-08T04:21:28.3001003Z === RUN   TestSeasonStatsAccumulateUsesRequestedPlayerReference
2026-10-08T04:21:28.3001723Z --- PASS: TestSeasonStatsAccumulateUsesRequestedPlayerReference (0.00s)
2026-10-08T04:21:28.3002250Z === RUN   TestSeasonStatsAccumulateAllowsNilQueueStats
2026-10-08T04:21:28.3002754Z --- PASS: TestSeasonStatsAccumulateAllowsNilQueueStats (0.00s)
2026-10-08T04:21:28.3003209Z === RUN   TestSeasonStatsReadSGPTopLevelCSFields
2026-10-08T04:21:28.3003656Z --- PASS: TestSeasonStatsReadSGPTopLevelCSFields (0.00s)
2026-10-08T04:21:28.3004056Z === RUN   TestSeasonStatsExcludeRemakes
2026-10-08T04:21:28.3004438Z --- PASS: TestSeasonStatsExcludeRemakes (0.00s)
2026-10-08T04:21:28.3004873Z === RUN   TestUnavailableSeasonStatsDoesNotClaimComplete
2026-10-08T04:21:28.3005367Z --- PASS: TestUnavailableSeasonStatsDoesNotClaimComplete (0.00s)
2026-10-08T04:21:28.3005831Z === RUN   TestSeasonStatsRejectOldCacheSchema
2026-10-08T04:21:28.3143398Z --- PASS: TestSeasonStatsRejectOldCacheSchema (0.02s)
2026-10-08T04:21:28.3145126Z === RUN   TestSeasonStatsCacheDoesNotCrossReadSources
2026-10-08T04:21:28.3261097Z --- PASS: TestSeasonStatsCacheDoesNotCrossReadSources (0.01s)
2026-10-08T04:21:28.3262340Z === RUN   TestSeasonScanPagesClearsResumeIndexWhenComplete
2026-10-08T04:21:28.3278059Z --- PASS: TestSeasonScanPagesClearsResumeIndexWhenComplete (0.00s)
2026-10-08T04:21:28.3279529Z === RUN   TestSeasonStatsAccumulateRecordsHextechMayhem
2026-10-08T04:21:28.3280575Z --- PASS: TestSeasonStatsAccumulateRecordsHextechMayhem (0.00s)
2026-10-08T04:21:28.3281755Z === RUN   TestSeasonStatsAccumulateKeepsRankedBehaviourAndRejectsPlainARAM
2026-10-08T04:21:28.3283379Z --- PASS: TestSeasonStatsAccumulateKeepsRankedBehaviourAndRejectsPlainARAM (0.00s)
2026-10-08T04:21:28.3284804Z === RUN   TestSeasonRecordRankedMatchMirrorsMayhemCriteriaAndRecordsAugmentSample
2026-10-08T04:21:28.3286626Z --- PASS: TestSeasonRecordRankedMatchMirrorsMayhemCriteriaAndRecordsAugmentSample (0.00s)
2026-10-08T04:21:28.3288014Z === RUN   TestSeasonStatsSchemaVersionIsFourteenAndPreservesEveryOlderFile
2026-10-08T04:21:28.4283290Z --- PASS: TestSeasonStatsSchemaVersionIsFourteenAndPreservesEveryOlderFile (0.10s)
2026-10-08T04:21:28.4284387Z === RUN   TestSeasonTrimAugmentSamplesDedupesAndCaps
2026-10-08T04:21:28.4293676Z --- PASS: TestSeasonTrimAugmentSamplesDedupesAndCaps (0.00s)
2026-10-08T04:21:28.4294815Z === RUN   TestSeasonAugmentBuildInsightAggregatesCombosGamesAndWinRate
2026-10-08T04:21:28.4298292Z --- PASS: TestSeasonAugmentBuildInsightAggregatesCombosGamesAndWinRate (0.00s)
2026-10-08T04:21:28.4299771Z === RUN   TestSeasonAugmentBuildInsightHidesEverythingBelowTheConfigurableThreshold
2026-10-08T04:21:28.4301579Z --- PASS: TestSeasonAugmentBuildInsightHidesEverythingBelowTheConfigurableThreshold (0.00s)
2026-10-08T04:21:28.4303744Z === RUN   TestSeasonAugmentBuildReportRanksGroupsAndRespectsLimits
2026-10-08T04:21:28.4306380Z --- PASS: TestSeasonAugmentBuildReportRanksGroupsAndRespectsLimits (0.00s)
2026-10-08T04:21:28.4307540Z === RUN   TestSeasonAugmentSampleForRejectsEveryNonMayhemQueue
2026-10-08T04:21:28.4308621Z --- PASS: TestSeasonAugmentSampleForRejectsEveryNonMayhemQueue (0.00s)
2026-10-08T04:21:28.4309584Z === RUN   TestDiagnosticKeySetIsSortedAndValueFree
2026-10-08T04:21:28.4310509Z --- PASS: TestDiagnosticKeySetIsSortedAndValueFree (0.00s)
2026-10-08T04:21:28.4311313Z === RUN   TestSGPConnectionErrorsHaveStableKinds
2026-10-08T04:21:28.4312122Z === RUN   TestSGPConnectionErrorsHaveStableKinds/timeout
2026-10-08T04:21:28.4313493Z --- PASS: TestSGPConnectionErrorsHaveStableKinds/timeout (0.00s)
2026-10-08T04:21:28.4314417Z === RUN   TestSGPConnectionErrorsHaveStableKinds/dns
2026-10-08T04:21:28.4315306Z --- PASS: TestSGPConnectionErrorsHaveStableKinds/dns (0.00s)
2026-10-08T04:21:28.4316585Z === RUN   TestSGPConnectionErrorsHaveStableKinds/connection_refused
2026-10-08T04:21:28.4317918Z --- PASS: TestSGPConnectionErrorsHaveStableKinds/connection_refused (0.00s)
2026-10-08T04:21:28.4319134Z === RUN   TestSGPConnectionErrorsHaveStableKinds/other
2026-10-08T04:21:28.4320316Z --- PASS: TestSGPConnectionErrorsHaveStableKinds/other (0.00s)
2026-10-08T04:21:28.4321208Z --- PASS: TestSGPConnectionErrorsHaveStableKinds (0.00s)
2026-10-08T04:21:28.4322077Z === RUN   TestSGPCanceledRequestIsNotRetriedAndHasCanceledKind
2026-10-08T04:21:28.4323074Z --- PASS: TestSGPCanceledRequestIsNotRetriedAndHasCanceledKind (0.00s)
2026-10-08T04:21:28.4324093Z === RUN   TestEntitlementsTokenErrorsDistinguishStatusAndEmptyField
2026-10-08T04:21:28.4325230Z === RUN   TestEntitlementsTokenErrorsDistinguishStatusAndEmptyField/missing_endpoint
2026-10-08T04:21:28.4326597Z --- PASS: TestEntitlementsTokenErrorsDistinguishStatusAndEmptyField/missing_endpoint (0.00s)
2026-10-08T04:21:28.4328166Z === RUN   TestEntitlementsTokenErrorsDistinguishStatusAndEmptyField/empty_token
2026-10-08T04:21:28.4329456Z --- PASS: TestEntitlementsTokenErrorsDistinguishStatusAndEmptyField/empty_token (0.00s)
2026-10-08T04:21:28.4330700Z --- PASS: TestEntitlementsTokenErrorsDistinguishStatusAndEmptyField (0.00s)
2026-10-08T04:21:28.4331731Z === RUN   TestMatchHistoryReturnsPartialErrorWhenLaterPageFails
2026-10-08T04:21:29.4357981Z --- PASS: TestMatchHistoryReturnsPartialErrorWhenLaterPageFails (1.00s)
2026-10-08T04:21:29.4358752Z === RUN   TestMatchHistoryParsesFullRosterFromPlayerRoute
2026-10-08T04:21:29.4372736Z --- PASS: TestMatchHistoryParsesFullRosterFromPlayerRoute (0.00s)
2026-10-08T04:21:29.4373854Z === RUN   TestMatchHistoryCacheAvoidsDuplicateSummaryAndReportsHit
2026-10-08T04:21:29.4387983Z --- PASS: TestMatchHistoryCacheAvoidsDuplicateSummaryAndReportsHit (0.00s)
2026-10-08T04:21:29.4389138Z === RUN   TestSGPRetriesTransient503TwiceThenSucceeds
2026-10-08T04:21:30.4417034Z --- PASS: TestSGPRetriesTransient503TwiceThenSucceeds (1.00s)
2026-10-08T04:21:30.4417763Z === RUN   TestSGPRetryBudgetDoesNotConsumeAuthRefresh
2026-10-08T04:21:31.4462317Z --- PASS: TestSGPRetryBudgetDoesNotConsumeAuthRefresh (1.00s)
2026-10-08T04:21:31.4463802Z === RUN   TestSGPRetriesReadFailureTwiceThenSucceeds
2026-10-08T04:21:32.4467776Z --- PASS: TestSGPRetriesReadFailureTwiceThenSucceeds (1.00s)
2026-10-08T04:21:32.4468868Z === RUN   TestMatchHistoryPhysicalPageCacheReusesTwentyBeforeFifty
2026-10-08T04:21:32.4489725Z --- PASS: TestMatchHistoryPhysicalPageCacheReusesTwentyBeforeFifty (0.00s)
2026-10-08T04:21:32.4491474Z === RUN   TestMatchHistoryPhysicalPageCacheSeparatesPageSizesAtSameStart
2026-10-08T04:21:32.4492736Z --- PASS: TestMatchHistoryPhysicalPageCacheSeparatesPageSizesAtSameStart (0.00s)
2026-10-08T04:21:32.4494053Z === RUN   TestMatchHistoryColdFiftyUsesOneUpstreamRequestAndOneShapeSample
2026-10-08T04:21:32.4506980Z --- PASS: TestMatchHistoryColdFiftyUsesOneUpstreamRequestAndOneShapeSample (0.00s)
2026-10-08T04:21:32.4508150Z === RUN   TestMatchHistoryCacheEvictsLeastRecentlyUsed
2026-10-08T04:21:32.4520669Z --- PASS: TestMatchHistoryCacheEvictsLeastRecentlyUsed (0.00s)
2026-10-08T04:21:32.4523058Z === RUN   TestMatchHistoryFilteredOnSendsRepeatedTagsWithOR
2026-10-08T04:21:32.4533087Z --- PASS: TestMatchHistoryFilteredOnSendsRepeatedTagsWithOR (0.00s)
2026-10-08T04:21:32.4534387Z === RUN   TestMatchHistoryFilteredOnDoesNotRefillMalformedTaggedPage
2026-10-08T04:21:32.4546752Z --- PASS: TestMatchHistoryFilteredOnDoesNotRefillMalformedTaggedPage (0.00s)
2026-10-08T04:21:32.4547554Z === RUN   TestMatchHistoryKeepsEmptyRosterForDiagnostics
2026-10-08T04:21:32.4559141Z --- PASS: TestMatchHistoryKeepsEmptyRosterForDiagnostics (0.00s)
2026-10-08T04:21:32.4559933Z === RUN   TestSGPRequestObservationTracksRetryAndSafeParseShape
2026-10-08T04:21:32.4580555Z --- PASS: TestSGPRequestObservationTracksRetryAndSafeParseShape (0.00s)
2026-10-08T04:21:32.4582338Z === RUN   TestSGPTimelinePayloadReportsWrapperAndEventTypes
2026-10-08T04:21:32.4592001Z --- PASS: TestSGPTimelinePayloadReportsWrapperAndEventTypes (0.00s)
2026-10-08T04:21:32.4593010Z === RUN   TestSGPRankedAndSummonerRoutesReportSessionToken
2026-10-08T04:21:32.4606577Z --- PASS: TestSGPRankedAndSummonerRoutesReportSessionToken (0.00s)
2026-10-08T04:21:32.4607145Z === RUN   TestSGPRankedShapeObservationIsProcessScoped
2026-10-08T04:21:32.4620013Z --- PASS: TestSGPRankedShapeObservationIsProcessScoped (0.00s)
2026-10-08T04:21:32.4621506Z === RUN   TestSGPRankedStatsOnParsesObservedHistoricalShapes
2026-10-08T04:21:32.4622732Z === RUN   TestSGPRankedStatsOnParsesObservedHistoricalShapes/historical_fields_present
2026-10-08T04:21:32.4632862Z --- PASS: TestSGPRankedStatsOnParsesObservedHistoricalShapes/historical_fields_present (0.00s)
2026-10-08T04:21:32.4634630Z === RUN   TestSGPRankedStatsOnParsesObservedHistoricalShapes/historical_fields_omitted
2026-10-08T04:21:32.4645813Z --- PASS: TestSGPRankedStatsOnParsesObservedHistoricalShapes/historical_fields_omitted (0.00s)
2026-10-08T04:21:32.4646859Z --- PASS: TestSGPRankedStatsOnParsesObservedHistoricalShapes (0.00s)
2026-10-08T04:21:32.4647661Z === RUN   TestSGPSummonerSuccessIsCached
2026-10-08T04:21:32.4657239Z --- PASS: TestSGPSummonerSuccessIsCached (0.00s)
2026-10-08T04:21:32.4658048Z === RUN   TestMatchHistoryCacheEvictsByBytes
2026-10-08T04:21:32.4658808Z --- PASS: TestMatchHistoryCacheEvictsByBytes (0.00s)
2026-10-08T04:21:32.4659712Z === RUN   TestSGPAuthDiagnosticsPreserveSpecificCausesAndPrivacy
2026-10-08T04:21:32.4663717Z --- PASS: TestSGPAuthDiagnosticsPreserveSpecificCausesAndPrivacy (0.00s)
2026-10-08T04:21:32.4664292Z === RUN   TestSGPErrorBodiesAndHeadersStayBounded
2026-10-08T04:21:32.4669379Z --- PASS: TestSGPErrorBodiesAndHeadersStayBounded (0.00s)
2026-10-08T04:21:32.4670998Z === RUN   TestSGPMethodEvidenceIsFixedAndDoesNotAuthorizeWrites
2026-10-08T04:21:32.4672124Z --- PASS: TestSGPMethodEvidenceIsFixedAndDoesNotAuthorizeWrites (0.00s)
2026-10-08T04:21:32.4672934Z === RUN   TestSGPValidatedGateway
2026-10-08T04:21:32.4673510Z --- PASS: TestSGPValidatedGateway (0.00s)
2026-10-08T04:21:32.4674175Z === RUN   TestSGPGatewayFallbackAndNoLCURedirect
2026-10-08T04:21:32.4674948Z --- PASS: TestSGPGatewayFallbackAndNoLCURedirect (0.00s)
2026-10-08T04:21:32.4675685Z === RUN   TestFacadeQuestReleaseProjection
2026-10-08T04:21:32.4678167Z --- PASS: TestFacadeQuestReleaseProjection (0.00s)
2026-10-08T04:21:32.4678882Z === RUN   TestParseSocialParty
2026-10-08T04:21:32.4681026Z === RUN   TestParseSocialParty/missing
2026-10-08T04:21:32.4682595Z --- PASS: TestParseSocialParty/missing (0.00s)
2026-10-08T04:21:32.4683269Z === RUN   TestParseSocialParty/null
2026-10-08T04:21:32.4683846Z --- PASS: TestParseSocialParty/null (0.00s)
2026-10-08T04:21:32.4684921Z === RUN   TestParseSocialParty/new_members
2026-10-08T04:21:32.4685627Z --- PASS: TestParseSocialParty/new_members (0.00s)
2026-10-08T04:21:32.4686455Z === RUN   TestParseSocialParty/legacy_members_and_string_counts
2026-10-08T04:21:32.4687461Z --- PASS: TestParseSocialParty/legacy_members_and_string_counts (0.00s)
2026-10-08T04:21:32.4688352Z === RUN   TestParseSocialParty/placeholder_legacy_IDs
2026-10-08T04:21:32.4689149Z --- PASS: TestParseSocialParty/placeholder_legacy_IDs (0.00s)
2026-10-08T04:21:32.4689865Z === RUN   TestParseSocialParty/unknown_capacity
2026-10-08T04:21:32.4690550Z --- PASS: TestParseSocialParty/unknown_capacity (0.00s)
2026-10-08T04:21:32.4691318Z === RUN   TestParseSocialParty/no_invented_solo_member
2026-10-08T04:21:32.4692101Z --- PASS: TestParseSocialParty/no_invented_solo_member (0.00s)
2026-10-08T04:21:32.4692899Z === RUN   TestParseSocialParty/conflicting_sources
2026-10-08T04:21:32.4693695Z --- PASS: TestParseSocialParty/conflicting_sources (0.00s)
2026-10-08T04:21:32.4694475Z === RUN   TestParseSocialParty/count_overflow
2026-10-08T04:21:32.4695202Z --- PASS: TestParseSocialParty/count_overflow (0.00s)
2026-10-08T04:21:32.4696018Z === RUN   TestParseSocialParty/decimal_capacity_is_not_rounded
2026-10-08T04:21:32.4696996Z --- PASS: TestParseSocialParty/decimal_capacity_is_not_rounded (0.00s)
2026-10-08T04:21:32.4697884Z === RUN   TestParseSocialParty/unsupported_schema
2026-10-08T04:21:32.4698695Z --- PASS: TestParseSocialParty/unsupported_schema (0.00s)
2026-10-08T04:21:32.4699666Z === RUN   TestParseSocialParty/invalid_PUUID_does_not_silently_fall_back
2026-10-08T04:21:32.4700796Z --- PASS: TestParseSocialParty/invalid_PUUID_does_not_silently_fall_back (0.00s)
2026-10-08T04:21:32.4701837Z === RUN   TestParseSocialParty/invalid_ID_does_not_partially_count
2026-10-08T04:21:32.4702811Z --- PASS: TestParseSocialParty/invalid_ID_does_not_partially_count (0.00s)
2026-10-08T04:21:32.4703663Z === RUN   TestParseSocialParty/malformed
2026-10-08T04:21:32.4704355Z --- PASS: TestParseSocialParty/malformed (0.00s)
2026-10-08T04:21:32.4705376Z === RUN   TestParseSocialParty/array
2026-10-08T04:21:32.4705989Z --- PASS: TestParseSocialParty/array (0.00s)
2026-10-08T04:21:32.4706647Z === RUN   TestParseSocialParty/too_large
2026-10-08T04:21:32.4707364Z --- PASS: TestParseSocialParty/too_large (0.00s)
2026-10-08T04:21:32.4708013Z --- PASS: TestParseSocialParty (0.00s)
2026-10-08T04:21:32.4708761Z === RUN   TestSocialPresenceLobbyAndPhasePrecedence
2026-10-08T04:21:32.4709657Z === RUN   TestSocialPresenceLobbyAndPhasePrecedence/online_lobby
2026-10-08T04:21:32.4710691Z --- PASS: TestSocialPresenceLobbyAndPhasePrecedence/online_lobby (0.00s)
2026-10-08T04:21:32.4711381Z === RUN   TestSocialPresenceLobbyAndPhasePrecedence/idle_chat_with_live_party
2026-10-08T04:21:32.4712294Z --- PASS: TestSocialPresenceLobbyAndPhasePrecedence/idle_chat_with_live_party (0.00s)
2026-10-08T04:21:32.4713357Z === RUN   TestSocialPresenceLobbyAndPhasePrecedence/ordinary_online
2026-10-08T04:21:32.4714736Z --- PASS: TestSocialPresenceLobbyAndPhasePrecedence/ordinary_online (0.00s)
2026-10-08T04:21:32.4715981Z === RUN   TestSocialPresenceLobbyAndPhasePrecedence/bad_party_stays_in_lobby
2026-10-08T04:21:32.4717287Z --- PASS: TestSocialPresenceLobbyAndPhasePrecedence/bad_party_stays_in_lobby (0.00s)
2026-10-08T04:21:32.4718583Z === RUN   TestSocialPresenceLobbyAndPhasePrecedence/queue_overrides_old_party
2026-10-08T04:21:32.4719880Z --- PASS: TestSocialPresenceLobbyAndPhasePrecedence/queue_overrides_old_party (0.00s)
2026-10-08T04:21:32.4721188Z === RUN   TestSocialPresenceLobbyAndPhasePrecedence/select_overrides_old_party
2026-10-08T04:21:32.4722231Z --- PASS: TestSocialPresenceLobbyAndPhasePrecedence/select_overrides_old_party (0.00s)
2026-10-08T04:21:32.4723557Z === RUN   TestSocialPresenceLobbyAndPhasePrecedence/game_overrides_old_party
2026-10-08T04:21:32.4724461Z --- PASS: TestSocialPresenceLobbyAndPhasePrecedence/game_overrides_old_party (0.00s)
2026-10-08T04:21:32.4725647Z === RUN   TestSocialPresenceLobbyAndPhasePrecedence/spectator_overrides_old_party
2026-10-08T04:21:32.4726394Z --- PASS: TestSocialPresenceLobbyAndPhasePrecedence/spectator_overrides_old_party (0.00s)
2026-10-08T04:21:32.4727190Z === RUN   TestSocialPresenceLobbyAndPhasePrecedence/offline_ignores_party
2026-10-08T04:21:32.4728314Z --- PASS: TestSocialPresenceLobbyAndPhasePrecedence/offline_ignores_party (0.00s)
2026-10-08T04:21:32.4729029Z === RUN   TestSocialPresenceLobbyAndPhasePrecedence/mobile_ignores_party
2026-10-08T04:21:32.4729685Z --- PASS: TestSocialPresenceLobbyAndPhasePrecedence/mobile_ignores_party (0.00s)
2026-10-08T04:21:32.4730789Z === RUN   TestSocialPresenceLobbyAndPhasePrecedence/away_ignores_stale_party
2026-10-08T04:21:32.4732088Z --- PASS: TestSocialPresenceLobbyAndPhasePrecedence/away_ignores_stale_party (0.00s)
2026-10-08T04:21:32.4733391Z === RUN   TestSocialPresenceLobbyAndPhasePrecedence/busy_does_not_infer_a_lobby
2026-10-08T04:21:32.4734714Z --- PASS: TestSocialPresenceLobbyAndPhasePrecedence/busy_does_not_infer_a_lobby (0.00s)
2026-10-08T04:21:32.4736165Z === RUN   TestSocialPresenceLobbyAndPhasePrecedence/observing_availability_ignores_stale_party
2026-10-08T04:21:32.4737766Z --- PASS: TestSocialPresenceLobbyAndPhasePrecedence/observing_availability_ignores_stale_party (0.00s)
2026-10-08T04:21:32.4739205Z === RUN   TestSocialPresenceLobbyAndPhasePrecedence/other_product_ignores_party
2026-10-08T04:21:32.4740526Z --- PASS: TestSocialPresenceLobbyAndPhasePrecedence/other_product_ignores_party (0.00s)
2026-10-08T04:21:32.4741684Z --- PASS: TestSocialPresenceLobbyAndPhasePrecedence (0.00s)
2026-10-08T04:21:32.4742426Z === RUN   TestSocialQueueLabels
2026-10-08T04:21:32.4743003Z --- PASS: TestSocialQueueLabels (0.00s)
2026-10-08T04:21:32.4743917Z === RUN   TestSocialLobbyResponseAndDiagnosticsStayReadOnlyAndPrivate
2026-10-08T04:21:32.4750955Z --- PASS: TestSocialLobbyResponseAndDiagnosticsStayReadOnlyAndPrivate (0.01s)
2026-10-08T04:21:32.4752283Z === RUN   TestSocialFriendsResponseUsesAnonymousPlayerReferences
2026-10-08T04:21:32.4763859Z --- PASS: TestSocialFriendsResponseUsesAnonymousPlayerReferences (0.00s)
2026-10-08T04:21:32.4765314Z === RUN   TestSocialFriendsNeverProbesSpectatorForInGameFriends
2026-10-08T04:21:32.4810321Z --- PASS: TestSocialFriendsNeverProbesSpectatorForInGameFriends (0.00s)
2026-10-08T04:21:32.4811320Z === RUN   TestSpecialistRuneMarksEarlySurrenderAsRemake
2026-10-08T04:21:32.4812255Z --- PASS: TestSpecialistRuneMarksEarlySurrenderAsRemake (0.00s)
2026-10-08T04:21:32.4813129Z === RUN   TestSpecialistRuneCarriesVerifiedSummonerSpells
2026-10-08T04:21:32.4814520Z --- PASS: TestSpecialistRuneCarriesVerifiedSummonerSpells (0.00s)
2026-10-08T04:21:32.4815360Z === RUN   TestSpecialistRunesUsesThirdMatchingGame
2026-10-08T04:21:32.4836514Z --- PASS: TestSpecialistRunesUsesThirdMatchingGame (0.00s)
2026-10-08T04:21:32.4837608Z === RUN   TestSpecialistRunesScansTopPlayersConcurrently
2026-10-08T04:21:32.4843742Z --- PASS: TestSpecialistRunesScansTopPlayersConcurrently (0.00s)
2026-10-08T04:21:32.4845163Z === RUN   TestSpecialistRunesBoundsDetailConcurrencyAndPreservesMatchOrder
2026-10-08T04:21:32.5217525Z --- PASS: TestSpecialistRunesBoundsDetailConcurrencyAndPreservesMatchOrder (0.04s)
2026-10-08T04:21:32.5219043Z === RUN   TestSpecialistRiotStepsCarryIndependentDeadlines
2026-10-08T04:21:32.5224768Z --- PASS: TestSpecialistRiotStepsCarryIndependentDeadlines (0.00s)
2026-10-08T04:21:32.5225646Z === RUN   TestRiotSpecialistQueueLimitReturnsThrottled
2026-10-08T04:21:32.5226208Z --- PASS: TestRiotSpecialistQueueLimitReturnsThrottled (0.00s)
2026-10-08T04:21:32.5227071Z === RUN   TestSpecialistSlotQueueReturnsThrottled
2026-10-08T04:21:32.5429755Z --- PASS: TestSpecialistSlotQueueReturnsThrottled (0.02s)
2026-10-08T04:21:32.5433075Z === RUN   TestRiotAccountCacheStoresSuccessAndBacksOffFailures
2026-10-08T04:21:32.5434094Z === RUN   TestRiotAccountCacheStoresSuccessAndBacksOffFailures/success
2026-10-08T04:21:32.5435041Z --- PASS: TestRiotAccountCacheStoresSuccessAndBacksOffFailures/success (0.00s)
2026-10-08T04:21:32.5435931Z === RUN   TestRiotAccountCacheStoresSuccessAndBacksOffFailures/not-found
2026-10-08T04:21:32.5436817Z --- PASS: TestRiotAccountCacheStoresSuccessAndBacksOffFailures/not-found (0.00s)
2026-10-08T04:21:32.5437679Z --- PASS: TestRiotAccountCacheStoresSuccessAndBacksOffFailures (0.00s)
2026-10-08T04:21:32.5438914Z === RUN   TestSpecialistOpponentRanksDeduplicateBoundConcurrencyAndIsolateFailures
2026-10-08T04:21:32.5595777Z --- PASS: TestSpecialistOpponentRanksDeduplicateBoundConcurrencyAndIsolateFailures (0.02s)
2026-10-08T04:21:32.5597052Z === RUN   TestSpecialistOpponentRanksDeduplicateThreeRecommendationsAndPreserveFailure
2026-10-08T04:21:32.5597939Z --- PASS: TestSpecialistOpponentRanksDeduplicateThreeRecommendationsAndPreserveFailure (0.00s)
2026-10-08T04:21:32.5599120Z === RUN   TestSpecialistOpponentRankSurvivesScanDeadline
2026-10-08T04:21:32.6590562Z --- PASS: TestSpecialistOpponentRankSurvivesScanDeadline (0.10s)
2026-10-08T04:21:32.6591738Z === RUN   TestSpecialistRunesDoesNotUseAnotherChampion
2026-10-08T04:21:32.6627218Z --- PASS: TestSpecialistRunesDoesNotUseAnotherChampion (0.00s)
2026-10-08T04:21:32.6628267Z === RUN   TestSpecialistRunesStopsAtTenWithoutWrongPositionFallback
2026-10-08T04:21:32.6655952Z --- PASS: TestSpecialistRunesStopsAtTenWithoutWrongPositionFallback (0.00s)
2026-10-08T04:21:32.6657077Z === RUN   TestSpecialistRunesSkipsPlayerAfterThreeConsecutiveDetailFailures
2026-10-08T04:21:32.6661398Z --- PASS: TestSpecialistRunesSkipsPlayerAfterThreeConsecutiveDetailFailures (0.00s)
2026-10-08T04:21:32.6662338Z === RUN   TestSpecialistRunesTimeoutReturnsCompletedPartialResults
2026-10-08T04:21:32.7161246Z --- PASS: TestSpecialistRunesTimeoutReturnsCompletedPartialResults (0.05s)
2026-10-08T04:21:32.7162229Z === RUN   TestSpecialistRunesTimeoutIsNotReportedAsNoPositionSample
2026-10-08T04:21:32.7467396Z --- PASS: TestSpecialistRunesTimeoutIsNotReportedAsNoPositionSample (0.03s)
2026-10-08T04:21:32.7468932Z === RUN   TestSpecialistRecentSummaryAvoidsRepeatMatchListAndDetails
2026-10-08T04:21:32.7476316Z --- PASS: TestSpecialistRecentSummaryAvoidsRepeatMatchListAndDetails (0.00s)
2026-10-08T04:21:32.7477876Z === RUN   TestSpecialistErrorKindClassifiesActionableFailures
2026-10-08T04:21:32.7479037Z --- PASS: TestSpecialistErrorKindClassifiesActionableFailures (0.00s)
2026-10-08T04:21:32.7480012Z === RUN   TestSpecialistRunesRejectsIncompleteRunes
2026-10-08T04:21:32.7480971Z === RUN   TestSpecialistRunesRejectsIncompleteRunes/missing-substyle
2026-10-08T04:21:32.7486457Z --- PASS: TestSpecialistRunesRejectsIncompleteRunes/missing-substyle (0.00s)
2026-10-08T04:21:32.7487579Z === RUN   TestSpecialistRunesRejectsIncompleteRunes/too-few-perks
2026-10-08T04:21:32.7494834Z --- PASS: TestSpecialistRunesRejectsIncompleteRunes/too-few-perks (0.00s)
2026-10-08T04:21:32.7495491Z --- PASS: TestSpecialistRunesRejectsIncompleteRunes (0.00s)
2026-10-08T04:21:32.7495996Z === RUN   TestSpecialistRunesCacheAvoidsUpstreamRequests
2026-10-08T04:21:32.7500464Z --- PASS: TestSpecialistRunesCacheAvoidsUpstreamRequests (0.00s)
2026-10-08T04:21:32.7501491Z === RUN   TestSpecialistRunesConfirmedEmptyResultsAreCached
2026-10-08T04:21:32.7502555Z --- PASS: TestSpecialistRunesConfirmedEmptyResultsAreCached (0.00s)
2026-10-08T04:21:32.7503301Z === RUN   TestSpecialistRunesConcurrentCallsShareOneFlight
2026-10-08T04:21:32.7521881Z --- PASS: TestSpecialistRunesConcurrentCallsShareOneFlight (0.00s)
2026-10-08T04:21:32.7522856Z === RUN   TestSpecialistRuneKeyIsCollisionFreeAndCanonical
2026-10-08T04:21:32.7550574Z --- PASS: TestSpecialistRuneKeyIsCollisionFreeAndCanonical (0.00s)
2026-10-08T04:21:32.7551458Z === RUN   TestSpecialistOpponentRequiresMatchingPosition
2026-10-08T04:21:32.7553452Z --- PASS: TestSpecialistOpponentRequiresMatchingPosition (0.00s)
2026-10-08T04:21:32.7554447Z === RUN   TestSpecialistRunesWithoutRiotKeyReturnsEmptyWithoutRequests
2026-10-08T04:21:32.7575718Z --- PASS: TestSpecialistRunesWithoutRiotKeyReturnsEmptyWithoutRequests (0.00s)
2026-10-08T04:21:32.7576922Z === RUN   TestR68SpecialistHandlerRecordsResolvedADCPosition
2026-10-08T04:21:32.7577990Z --- PASS: TestR68SpecialistHandlerRecordsResolvedADCPosition (0.00s)
2026-10-08T04:21:32.7579040Z === RUN   TestSpecialistRunesRecordsStartFailureAndDoneDiagnostics
2026-10-08T04:21:32.7580191Z --- PASS: TestSpecialistRunesRecordsStartFailureAndDoneDiagnostics (0.00s)
2026-10-08T04:21:32.7581473Z === RUN   TestSpecialistRunesTimeoutNegativeCacheAvoidsSecondUpstreamAttempt
2026-10-08T04:21:32.7583239Z --- PASS: TestSpecialistRunesTimeoutNegativeCacheAvoidsSecondUpstreamAttempt (0.00s)
2026-10-08T04:21:32.7584271Z === RUN   TestStartupWarmupHelper
2026-10-08T04:21:32.7584913Z --- PASS: TestStartupWarmupHelper (0.00s)
2026-10-08T04:21:32.7585825Z === RUN   TestStartupWarmupProcessDoesNotInitializeServicesOrUserFiles
2026-10-08T04:21:32.7845484Z --- PASS: TestStartupWarmupProcessDoesNotInitializeServicesOrUserFiles (0.03s)
2026-10-08T04:21:32.7846954Z === RUN   TestStartupWarmupReturnsImmediatelyAfterParsingBeforeAnyInitializer
2026-10-08T04:21:32.7874089Z --- PASS: TestStartupWarmupReturnsImmediatelyAfterParsingBeforeAnyInitializer (0.00s)
2026-10-08T04:21:32.7874782Z === RUN   TestStartupWarmupHasNoNewPackageInitializers
2026-10-08T04:21:32.9102824Z --- PASS: TestStartupWarmupHasNoNewPackageInitializers (0.12s)
2026-10-08T04:21:32.9103815Z === RUN   TestR70StaticAssetCompressionAndRevalidation
2026-10-08T04:21:32.9105576Z --- PASS: TestR70StaticAssetCompressionAndRevalidation (0.00s)
2026-10-08T04:21:32.9106646Z === RUN   TestR70StaticPathsAndEncodingNegotiation
2026-10-08T04:21:32.9107736Z --- PASS: TestR70StaticPathsAndEncodingNegotiation (0.00s)
2026-10-08T04:21:32.9108656Z === RUN   TestR70StaticRangeAndVariantLength
2026-10-08T04:21:32.9109620Z --- PASS: TestR70StaticRangeAndVariantLength (0.00s)
2026-10-08T04:21:32.9110604Z === RUN   TestR70EmbeddedTextTransferBudget
2026-10-08T04:21:32.9126971Z     static_assets_test.go:124: index.html raw=65056 gzip=14371
2026-10-08T04:21:32.9138832Z     static_assets_test.go:124: runtime.js raw=32545 gzip=10488
2026-10-08T04:21:32.9194239Z     static_assets_test.go:124: demo-data.js raw=234691 gzip=37928
2026-10-08T04:21:32.9281012Z     static_assets_test.go:124: app.js raw=258639 gzip=71180
2026-10-08T04:21:32.9290111Z     static_assets_test.go:124: favorites-facade.js raw=27079 gzip=8581
2026-10-08T04:21:32.9499816Z     static_assets_test.go:124: gameplay.js raw=619650 gzip=173502
2026-10-08T04:21:32.9562819Z     static_assets_test.go:124: champions.js raw=196209 gzip=54006
2026-10-08T04:21:32.9569587Z     static_assets_test.go:124: friends.js raw=20385 gzip=6554
2026-10-08T04:21:32.9637478Z     static_assets_test.go:124: suite.js raw=152612 gzip=41623
2026-10-08T04:21:32.9667659Z     static_assets_test.go:124: app.css raw=109669 gzip=24936
2026-10-08T04:21:32.9721558Z     static_assets_test.go:124: gameplay.css raw=201239 gzip=40592
2026-10-08T04:21:32.9742899Z     static_assets_test.go:124: champions.css raw=88227 gzip=15766
2026-10-08T04:21:32.9756750Z     static_assets_test.go:124: suite.css raw=49170 gzip=8676
2026-10-08T04:21:32.9758485Z     static_assets_test.go:124: metrics.css raw=963 gzip=472
2026-10-08T04:21:32.9759439Z     static_assets_test.go:126: TOTAL raw=2056134 gzip=508675 saved=75.26%
2026-10-08T04:21:32.9760217Z --- PASS: TestR70EmbeddedTextTransferBudget (0.06s)
2026-10-08T04:21:32.9760911Z === RUN   TestR117StaticAssetSecurityHeadersPreserveRevalidation
2026-10-08T04:21:32.9762004Z --- PASS: TestR117StaticAssetSecurityHeadersPreserveRevalidation (0.00s)
2026-10-08T04:21:32.9763084Z === RUN   TestRefreshSummonerIdentityRunsWhileSnapshotIsSyncing
2026-10-08T04:21:32.9780502Z --- PASS: TestRefreshSummonerIdentityRunsWhileSnapshotIsSyncing (0.00s)
2026-10-08T04:21:32.9782072Z === RUN   TestRefreshSummonerIdentityDoesNotBroadcastWhenUnchanged
2026-10-08T04:21:32.9795443Z --- PASS: TestRefreshSummonerIdentityDoesNotBroadcastWhenUnchanged (0.00s)
2026-10-08T04:21:32.9796180Z === RUN   TestRefreshSummonerIdentityProfileChangesDoNotRequestFullSnapshot
2026-10-08T04:21:32.9811438Z --- PASS: TestRefreshSummonerIdentityProfileChangesDoNotRequestFullSnapshot (0.00s)
2026-10-08T04:21:32.9812910Z === RUN   TestRefreshSummonerIdentityAccountChangeClearsReferencesAndRequestsSnapshot
2026-10-08T04:21:32.9830121Z --- PASS: TestRefreshSummonerIdentityAccountChangeClearsReferencesAndRequestsSnapshot (0.00s)
2026-10-08T04:21:32.9831141Z === RUN   TestSummonerIdentityEventRejectsIncompletePayload
2026-10-08T04:21:32.9831844Z --- PASS: TestSummonerIdentityEventRejectsIncompletePayload (0.00s)
2026-10-08T04:21:32.9832422Z === RUN   TestSummonerIdentityEventDebouncesToLatestPayload
2026-10-08T04:21:33.1837165Z --- PASS: TestSummonerIdentityEventDebouncesToLatestPayload (0.20s)
2026-10-08T04:21:33.1838453Z === RUN   TestRefreshSummonerIdentitySingleflightSharesOneLCURequest
2026-10-08T04:21:33.2056516Z --- PASS: TestRefreshSummonerIdentitySingleflightSharesOneLCURequest (0.02s)
2026-10-08T04:21:33.2057764Z === RUN   TestSummonerProfileEventUpdatesOnlyProfile
2026-10-08T04:21:33.2059408Z --- PASS: TestSummonerProfileEventUpdatesOnlyProfile (0.00s)
2026-10-08T04:21:33.2060371Z === RUN   TestSummonerFallbackIntervalIsSixtySeconds
2026-10-08T04:21:33.2061304Z --- PASS: TestSummonerFallbackIntervalIsSixtySeconds (0.00s)
2026-10-08T04:21:33.2062808Z === RUN   TestHandleRefreshUpdatesIdentityBeforeQueueingFullSnapshot
2026-10-08T04:21:33.2073176Z --- PASS: TestHandleRefreshUpdatesIdentityBeforeQueueingFullSnapshot (0.00s)
2026-10-08T04:21:33.2074575Z === RUN   TestCurrentOverviewForceRefreshesIdentityWhileNonForceUsesCachedIdentity
2026-10-08T04:21:33.2151071Z --- PASS: TestCurrentOverviewForceRefreshesIdentityWhileNonForceUsesCachedIdentity (0.01s)
2026-10-08T04:21:33.2152405Z === RUN   TestCurrentOverviewIdentityFailureKeepsCompleteResponseAndDegradesCapability
2026-10-08T04:21:33.2192887Z --- PASS: TestCurrentOverviewIdentityFailureKeepsCompleteResponseAndDegradesCapability (0.00s)
2026-10-08T04:21:33.2194788Z === RUN   TestProviderTransportPoolsReuseEightConnections
2026-10-08T04:21:33.2195976Z === RUN   TestProviderTransportPoolsReuseEightConnections/champion
2026-10-08T04:21:33.2329806Z --- PASS: TestProviderTransportPoolsReuseEightConnections/champion (0.01s)
2026-10-08T04:21:33.2330900Z === RUN   TestProviderTransportPoolsReuseEightConnections/sgp
2026-10-08T04:21:33.2436940Z --- PASS: TestProviderTransportPoolsReuseEightConnections/sgp (0.01s)
2026-10-08T04:21:33.2437985Z === RUN   TestProviderTransportPoolsReuseEightConnections/lcu
2026-10-08T04:21:33.2544736Z --- PASS: TestProviderTransportPoolsReuseEightConnections/lcu (0.01s)
2026-10-08T04:21:33.2545814Z --- PASS: TestProviderTransportPoolsReuseEightConnections (0.04s)
2026-10-08T04:21:33.2547031Z === RUN   TestChampionTransportNegotiatesHTTP2
2026-10-08T04:21:33.2581580Z --- PASS: TestChampionTransportNegotiatesHTTP2 (0.00s)
2026-10-08T04:21:33.2582312Z === RUN   TestUpdateVersions
2026-10-08T04:21:33.2582991Z --- PASS: TestUpdateVersions (0.00s)
2026-10-08T04:21:33.2584008Z === RUN   TestUpdateDevDisabled
2026-10-08T04:21:33.2597629Z --- PASS: TestUpdateDevDisabled (0.00s)
2026-10-08T04:21:33.2598437Z === RUN   TestUpdateMirrorFallbackSingleFlightAndLastError
2026-10-08T04:21:33.2795645Z --- PASS: TestUpdateMirrorFallbackSingleFlightAndLastError (0.02s)
2026-10-08T04:21:33.2796370Z === RUN   TestUpdateCacheTTLAndNoDowngrade
2026-10-08T04:21:33.2796804Z === RUN   TestUpdateCacheTTLAndNoDowngrade/0.12.0
2026-10-08T04:21:33.3224483Z --- PASS: TestUpdateCacheTTLAndNoDowngrade/0.12.0 (0.04s)
2026-10-08T04:21:33.3225399Z === RUN   TestUpdateCacheTTLAndNoDowngrade/0.11.2
2026-10-08T04:21:33.3629656Z --- PASS: TestUpdateCacheTTLAndNoDowngrade/0.11.2 (0.04s)
2026-10-08T04:21:33.3631424Z === RUN   TestUpdateCacheTTLAndNoDowngrade/0.10.0
2026-10-08T04:21:33.4036598Z --- PASS: TestUpdateCacheTTLAndNoDowngrade/0.10.0 (0.04s)
2026-10-08T04:21:33.4037248Z --- PASS: TestUpdateCacheTTLAndNoDowngrade (0.12s)
2026-10-08T04:21:33.4037868Z === RUN   TestUpdateBusyOperationsRejectOverlappingWork
2026-10-08T04:21:33.4038528Z === RUN   TestUpdateBusyOperationsRejectOverlappingWork/checking
2026-10-08T04:21:33.4216887Z --- PASS: TestUpdateBusyOperationsRejectOverlappingWork/checking (0.02s)
2026-10-08T04:21:33.4218109Z === RUN   TestUpdateBusyOperationsRejectOverlappingWork/downloading
2026-10-08T04:21:33.4376741Z --- PASS: TestUpdateBusyOperationsRejectOverlappingWork/downloading (0.02s)
2026-10-08T04:21:33.4377915Z === RUN   TestUpdateBusyOperationsRejectOverlappingWork/verifying
2026-10-08T04:21:33.4603928Z --- PASS: TestUpdateBusyOperationsRejectOverlappingWork/verifying (0.02s)
2026-10-08T04:21:33.4604687Z === RUN   TestUpdateBusyOperationsRejectOverlappingWork/applying
2026-10-08T04:21:33.4797789Z --- PASS: TestUpdateBusyOperationsRejectOverlappingWork/applying (0.02s)
2026-10-08T04:21:33.4798850Z --- PASS: TestUpdateBusyOperationsRejectOverlappingWork (0.08s)
2026-10-08T04:21:33.4799747Z === RUN   TestUpdateManifestAndSettingsValidation
2026-10-08T04:21:33.4965606Z --- PASS: TestUpdateManifestAndSettingsValidation (0.02s)
2026-10-08T04:21:33.4966949Z === RUN   TestUpdateVersionNamedAssetAndLegacyCompatibility
2026-10-08T04:21:33.4967767Z --- PASS: TestUpdateVersionNamedAssetAndLegacyCompatibility (0.00s)
2026-10-08T04:21:33.4969031Z === RUN   TestUpdatePublicManifestCheckAvailableAndReady
2026-10-08T04:21:33.5307950Z --- PASS: TestUpdatePublicManifestCheckAvailableAndReady (0.03s)
2026-10-08T04:21:33.5309008Z === RUN   TestUpdateCheckFailureDiagnosticsPersistSafeStages
2026-10-08T04:21:33.5310339Z === RUN   TestUpdateCheckFailureDiagnosticsPersistSafeStages/http
2026-10-08T04:21:33.5351075Z --- PASS: TestUpdateCheckFailureDiagnosticsPersistSafeStages/http (0.00s)
2026-10-08T04:21:33.5352281Z === RUN   TestUpdateCheckFailureDiagnosticsPersistSafeStages/parse
2026-10-08T04:21:33.5394407Z --- PASS: TestUpdateCheckFailureDiagnosticsPersistSafeStages/parse (0.00s)
2026-10-08T04:21:33.5395929Z === RUN   TestUpdateCheckFailureDiagnosticsPersistSafeStages/validate
2026-10-08T04:21:33.5435103Z --- PASS: TestUpdateCheckFailureDiagnosticsPersistSafeStages/validate (0.00s)
2026-10-08T04:21:33.5436658Z --- PASS: TestUpdateCheckFailureDiagnosticsPersistSafeStages (0.01s)
2026-10-08T04:21:33.5437605Z === RUN   TestUpdateDownloadHashRetryAndCleanup
2026-10-08T04:21:33.5438410Z === RUN   TestUpdateDownloadHashRetryAndCleanup/false
2026-10-08T04:21:33.5630025Z --- PASS: TestUpdateDownloadHashRetryAndCleanup/false (0.02s)
2026-10-08T04:21:33.5630992Z === RUN   TestUpdateDownloadHashRetryAndCleanup/true
2026-10-08T04:21:33.5785438Z --- PASS: TestUpdateDownloadHashRetryAndCleanup/true (0.02s)
2026-10-08T04:21:33.5786810Z --- PASS: TestUpdateDownloadHashRetryAndCleanup (0.04s)
2026-10-08T04:21:33.5787730Z === RUN   TestUpdateResumeReprobesEachMirrorAndHashesPrefix
2026-10-08T04:21:33.6168602Z --- PASS: TestUpdateResumeReprobesEachMirrorAndHashesPrefix (0.04s)
2026-10-08T04:21:33.6169297Z === RUN   TestUpdateCancelAndSpaceMargin
2026-10-08T04:21:33.6203811Z --- PASS: TestUpdateCancelAndSpaceMargin (0.00s)
2026-10-08T04:21:33.6204426Z === RUN   TestUpdateFiveSecondSpeedWindow
2026-10-08T04:21:33.6204965Z --- PASS: TestUpdateFiveSecondSpeedWindow (0.00s)
2026-10-08T04:21:33.6205556Z === RUN   TestUpdateApplyRehashPortableMinimumAndCommand
2026-10-08T04:21:33.6248207Z --- PASS: TestUpdateApplyRehashPortableMinimumAndCommand (0.00s)
2026-10-08T04:21:33.6249146Z === RUN   TestUpdateProgressSSEAndCleanup
2026-10-08T04:21:33.6293244Z --- PASS: TestUpdateProgressSSEAndCleanup (0.00s)
2026-10-08T04:21:33.6293942Z === RUN   TestUpdateAfterUpgradeCleanupAndMinimum
2026-10-08T04:21:33.6613635Z --- PASS: TestUpdateAfterUpgradeCleanupAndMinimum (0.03s)
2026-10-08T04:21:33.6615392Z === RUN   TestUpdateProgressAndStalledSourceFallback
2026-10-08T04:21:33.6832908Z --- PASS: TestUpdateProgressAndStalledSourceFallback (0.02s)
2026-10-08T04:21:33.6833918Z === RUN   TestUpdateHTTPStatusAuthAndInitialEventSnapshot
2026-10-08T04:21:33.6864356Z --- PASS: TestUpdateHTTPStatusAuthAndInitialEventSnapshot (0.00s)
2026-10-08T04:21:33.6865496Z === RUN   TestConvertYourGGArenaMatchDeduplicatesSubjectAndStripsStableIDs
2026-10-08T04:21:33.6868379Z --- PASS: TestConvertYourGGArenaMatchDeduplicatesSubjectAndStripsStableIDs (0.00s)
2026-10-08T04:21:33.6869430Z === RUN   TestYourGGArenaCachePolicy
2026-10-08T04:21:33.6870112Z --- PASS: TestYourGGArenaCachePolicy (0.00s)
2026-10-08T04:21:33.6871100Z === RUN   TestMapYourGGArenaAggregateItemsConvertsRatesAndUsesUpstreamGrades
2026-10-08T04:21:33.6872449Z --- PASS: TestMapYourGGArenaAggregateItemsConvertsRatesAndUsesUpstreamGrades (0.00s)
2026-10-08T04:21:33.6873774Z === RUN   TestLoadArenaChampionAggregateUsesAggregateEndpointAndCatalog
2026-10-08T04:21:33.6875106Z --- PASS: TestLoadArenaChampionAggregateUsesAggregateEndpointAndCatalog (0.00s)
2026-10-08T04:21:33.6876276Z === RUN   TestLoadArenaFirstPlacesPreservesMemoryCacheFetchedAt
2026-10-08T04:21:33.6877696Z --- PASS: TestLoadArenaFirstPlacesPreservesMemoryCacheFetchedAt (0.00s)
2026-10-08T04:21:33.6878766Z === RUN   TestResolveChampionIDAcceptsNumericWithoutCatalog
2026-10-08T04:21:33.6879791Z --- PASS: TestResolveChampionIDAcceptsNumericWithoutCatalog (0.00s)
2026-10-08T04:21:33.6880764Z === RUN   TestFilterYourGGArenaBuildsReportsDropReasons
2026-10-08T04:21:33.6881698Z --- PASS: TestFilterYourGGArenaBuildsReportsDropReasons (0.00s)
2026-10-08T04:21:33.6882709Z === RUN   TestArenaFirstPlacesDiagnosticsUseAggregateFieldsOnly
2026-10-08T04:21:33.6883778Z --- PASS: TestArenaFirstPlacesDiagnosticsUseAggregateFieldsOnly (0.00s)
2026-10-08T04:21:33.6884875Z === RUN   TestInferYourGGSubjectChampionOnlyForSingleUnknownKey
2026-10-08T04:21:33.6885993Z --- PASS: TestInferYourGGSubjectChampionOnlyForSingleUnknownKey (0.00s)
2026-10-08T04:21:33.6887069Z === RUN   TestWriteArenaFirstPlacesErrorClassifiesSafeFailures
2026-10-08T04:21:33.6888165Z --- PASS: TestWriteArenaFirstPlacesErrorClassifiesSafeFailures (0.00s)
2026-10-08T04:21:33.6889281Z === CONT  TestPruneStaleHexdataBuildsBoundsDiskAcrossPatchHistory
2026-10-08T04:21:33.6890133Z === CONT  TestR64FacadeEventBurstIsThrottled
2026-10-08T04:21:33.6890939Z === CONT  TestSeasonStatsBudgetKeepsAsManyAugmentSamplesAsFit
2026-10-08T04:21:33.6891744Z === CONT  TestR203FiveGamesCacheCountsStabilize
2026-10-08T04:21:33.7926414Z     season_stats_budget_test.go:567: GE2b 窗口：gameIDs=283754 raw=4252136 一半样本=4136636 预算=4194304（校正 0 次，perSample=115.5B perGameID=14.00B）
2026-10-08T04:21:34.1117106Z     season_stats_budget_test.go:633: GE2b 刚好合规：raw=4252136 written=4125236 gameIDs=283754 perSample=115.5B 样本 2000->1000（上一档 2000 条超限）steps=[ranked_matches_capped augment_samples_trimmed]
2026-10-08T04:21:34.1119174Z --- PASS: TestSeasonStatsBudgetKeepsAsManyAugmentSamplesAsFit (0.42s)
2026-10-08T04:21:34.1120050Z === CONT  TestR216OPGGChampionTableObservedPage
2026-10-08T04:21:35.0158422Z --- PASS: TestR216OPGGChampionTableObservedPage (0.90s)
2026-10-08T04:21:35.0159269Z === CONT  TestR54CollectionProbeRetriesUntilReady
2026-10-08T04:21:35.4537661Z --- PASS: TestR203FiveGamesCacheCountsStabilize (1.77s)
2026-10-08T04:21:35.4538563Z === CONT  TestR113BroadcastEventStormIsBoundedAndRearmsNextSession
2026-10-08T04:21:37.1205184Z --- PASS: TestR54CollectionProbeRetriesUntilReady (2.10s)
2026-10-08T04:21:37.1205795Z === CONT  TestR201ProbeWindowCancelsSlowRoutes
2026-10-08T04:21:37.5435424Z --- PASS: TestPruneStaleHexdataBuildsBoundsDiskAcrossPatchHistory (3.86s)
2026-10-08T04:21:37.5437425Z === CONT  TestR206FullCollectionRefreshTranslationTimeoutUnderThreeSeconds
2026-10-08T04:21:38.4571446Z --- PASS: TestR113BroadcastEventStormIsBoundedAndRearmsNextSession (3.00s)
2026-10-08T04:21:38.4572188Z === CONT  TestR100AssetHasWholeHandlerDeadline
2026-10-08T04:21:38.8380637Z --- PASS: TestR64FacadeEventBurstIsThrottled (5.15s)
2026-10-08T04:21:38.8381608Z === CONT  TestR206TranslationsTimeoutUsesPreviousCache
2026-10-08T04:21:39.8197170Z --- PASS: TestR201ProbeWindowCancelsSlowRoutes (2.70s)
2026-10-08T04:21:39.8198214Z === CONT  TestR86WebsocketDropKeepsLiveLCUConnection
2026-10-08T04:21:40.3553667Z --- PASS: TestR206FullCollectionRefreshTranslationTimeoutUnderThreeSeconds (2.81s)
2026-10-08T04:21:40.3555106Z === CONT  TestSeasonStatsBudgetTruncatesRankedMatchesInsteadOfRefusingTheWrite
2026-10-08T04:21:40.4093231Z     season_stats_budget_test.go:80: P1 fixture: raw = 4690705 bytes (4.47 MiB), budget = 4194304 bytes
2026-10-08T04:21:40.5422538Z --- PASS: TestSeasonStatsBudgetTruncatesRankedMatchesInsteadOfRefusingTheWrite (0.19s)
2026-10-08T04:21:40.5424279Z === CONT  TestSeasonStatsBudgetThirdStageOnlyDropsAugmentSamples
2026-10-08T04:21:41.4575215Z --- PASS: TestR100AssetHasWholeHandlerDeadline (3.00s)
2026-10-08T04:21:41.4576855Z === CONT  TestSeasonStatsBudgetWritesAndReportsWhenNothingCanBeTrimmed
2026-10-08T04:21:41.6388441Z --- PASS: TestR206TranslationsTimeoutUsesPreviousCache (2.80s)
2026-10-08T04:21:41.6389814Z === CONT  TestSeasonStatsSaveAppliesTheBudgetEndToEnd
2026-10-08T04:21:41.6398881Z     season_stats_budget_test.go:524: GE2 第三级：raw=5740980 written=5637161 steps=[ranked_matches_capped augment_samples_dropped written_over_budget] ranked 120->40 augments 800->0 stats 保持 173 条
2026-10-08T04:21:41.6402697Z --- PASS: TestSeasonStatsBudgetThirdStageOnlyDropsAugmentSamples (1.10s)
2026-10-08T04:21:41.6404904Z === CONT  TestR89DiskBudgetAfter2000Images
2026-10-08T04:21:41.9628769Z --- PASS: TestSeasonStatsSaveAppliesTheBudgetEndToEnd (0.32s)
2026-10-08T04:21:41.9629943Z === CONT  TestR92RiotMatchConcreteDiskBudget
2026-10-08T04:21:43.1707154Z     season_stats_budget_test.go:214: P1 untrimmable case: written = 16800188 bytes, over budget = true, steps = [augment_samples_dropped written_over_budget]
2026-10-08T04:21:43.1708906Z --- PASS: TestSeasonStatsBudgetWritesAndReportsWhenNothingCanBeTrimmed (1.71s)
2026-10-08T04:21:43.1710028Z === CONT  TestR86SGPThreeHundredPhysicalPagesStayWithinBudget
2026-10-08T04:21:43.8420493Z --- PASS: TestR86SGPThreeHundredPhysicalPagesStayWithinBudget (0.67s)
2026-10-08T04:21:44.8293669Z --- PASS: TestR86WebsocketDropKeepsLiveLCUConnection (5.01s)
2026-10-08T04:21:56.5018295Z --- PASS: TestR92RiotMatchConcreteDiskBudget (14.54s)
2026-10-08T04:22:10.0006163Z --- PASS: TestR89DiskBudgetAfter2000Images (28.36s)
2026-10-08T04:22:10.0009485Z PASS
2026-10-08T04:22:10.0197312Z ok  	lol-loot-assistant/backend	170.521s
2026-10-08T04:22:10.3366512Z R225_GO_VERIFIED {"module":"backend","duration_ms":202725,"expected":1952,"passed":1926,"skipped":26,"required":82,"requiredPassed":["lol-loot-assistant/backend/TestAcceptFocusHistoryBoundedAndRedacted","lol-loot-assistant/backend/TestAcceptFocusCanceledJobHasTerminalRecord","lol-loot-assistant/backend/TestAcceptFocusRequestHasExactStatusAndSharedTrace","lol-loot-assistant/backend/TestAcceptFocusSamplerStopsOnCancellationAndSingleFlight","lol-loot-assistant/backend/TestAcceptFocusExportInspectionReadOnlyAndRedacted","lol-loot-assistant/backend/TestSplitRegistryPathSupportsNativeTencentKeys","lol-loot-assistant/backend/TestClientDiagnosticAcceptsMultipleEventWhitelists","lol-loot-assistant/backend/TestClientDiagnosticRejectsAndLogsUnknownEvent","lol-loot-assistant/backend/TestClientDiagnosticTruncatesKeyBeforeWriting","lol-loot-assistant/backend/TestClientDiagnosticWritesSanitizedEvent","lol-loot-assistant/backend/TestClientLaunchRejectsUnknownInstallation","lol-loot-assistant/backend/TestMergeClientLaunchCandidatePreservesOrderAndDeduplicates","lol-loot-assistant/backend/TestWindowsClientDetectionUsesOrderedProductionBuilder","lol-loot-assistant/backend/TestBuildDetectedClientInstallationsPutsShortcutsLast","lol-loot-assistant/backend/TestLaunchClientCandidatesFallsBackInOrderAndStopsOnSuccess","lol-loot-assistant/backend/TestLaunchClientCandidatesReturnsSanitizedFailures","lol-loot-assistant/backend/TestOfficialLoginLaunchUsesOnlyDetectedTCLSAndRecordsSafeDiagnostics","lol-loot-assistant/backend/TestOfficialLoginLaunchRejectsCredentialFieldsBeforeLaunching","lol-loot-assistant/backend/TestOfficialLoginLaunchRejectsTrailingJSONBeforeLaunching","lol-loot-assistant/backend/TestOfficialLoginLaunchRejectsOversizedBodyBeforeLaunching","lol-loot-assistant/backend/TestClientLaunchSerializesRequestsAndAppliesSuccessCooldown","lol-loot-assistant/backend/TestClientLaunchFailureReleasesServerLock","lol-loot-assistant/backend/TestOfficialLoginLaunchFailureDoesNotLogUnderlyingError","lol-loot-assistant/backend/TestClientInstallationsDoNotExposeExecutableField","lol-loot-assistant/backend/TestClientInstallationScanDiagnosticDoesNotExposePaths","lol-loot-assistant/backend/TestClassifyClientShortcut","lol-loot-assistant/backend/TestR198CameraSingleFieldPatchAndSave","lol-loot-assistant/backend/TestR198CameraAlreadyTargetDoesNotPatch","lol-loot-assistant/backend/TestR198CameraFileBytesPreserved","lol-loot-assistant/backend/TestR198MalformedJSONIsRejected","lol-loot-assistant/backend/TestR198ReadOnlyStillPatchesLCU","lol-loot-assistant/backend/TestR198NoWritesDuringGame","lol-loot-assistant/backend/TestR198NoneDoesNotReadOrWrite","lol-loot-assistant/backend/TestR198WASDNeverChanges","lol-loot-assistant/backend/TestR198UnsafeFilePathsRejected","lol-loot-assistant/backend/TestR198LobbyOnlyLCUAndPreferencesRetained","lol-loot-assistant/backend/TestR198GameStartRunningProcessSkipsFilesAndVerifyFailure","lol-loot-assistant/backend/TestR198JSONShapesAndAmbiguousFields","lol-loot-assistant/backend/TestR198InGameSnapshotReportsActualFiles","lol-loot-assistant/backend/TestR198FinalRecheckAfterStageProbe","lol-loot-assistant/backend/TestR201ReadOnlyCameraAndRelockRetry","lol-loot-assistant/backend/TestR201MissingLCUCameraIsNotPresent","lol-loot-assistant/backend/TestR201InGameAndNoneNeverUnlock","lol-loot-assistant/backend/TestR201TimingConsumedOnceAndInvalidDeleted","lol-loot-assistant/backend/TestR201ProbeWindowCancelsSlowRoutes","lol-loot-assistant/backend/TestR201BothUpdatePathsPassParent","lol-loot-assistant/backend/TestR204SubsetWithoutPoolChampionNeverSelects","lol-loot-assistant/backend/TestR201SubsetConfiguredStrategies","lol-loot-assistant/backend/TestR201CanceledProbeStillFallsBackAfterDownloadError","lol-loot-assistant/backend/TestR204NoPoolCardThenUserFirstCardAndBench","lol-loot-assistant/backend/TestR204KeyPriority","lol-loot-assistant/backend/TestR204KeySaveAndClear","lol-loot-assistant/backend/TestR204KeyMigration","lol-loot-assistant/backend/TestR204KeyRuntime401AndPrivacy","lol-loot-assistant/backend/TestR204CredentialChangeDetachesOldSpecialistFlight","lol-loot-assistant/backend/TestR204PartialInstallTiming","lol-loot-assistant/backend/TestR204ConfirmedPickThenHeroChangeNoFalseFailure","lol-loot-assistant/backend/TestR204CustomHistoryOnePage","lol-loot-assistant/backend/TestR204EnoughSGPSkipsLCUExceptSelf","lol-loot-assistant/backend/TestR204LiveProgressReplayAndCancellation","lol-loot-assistant/backend/TestClientMaintenanceUsesLeadingSlashAndRejectsUnknownAction","lol-loot-assistant/backend/TestR86EmptyProcessDiscoverySkipsDiskButErrorsRetainFallback","lol-loot-assistant/backend/TestRiotClientCommandLineUsesIndependentCredentials","lol-loot-assistant/backend/TestPowerShellProcessOutputParserRejectsCorruption","lol-loot-assistant/backend/TestUpdateVersions","lol-loot-assistant/backend/TestUpdateDevDisabled","lol-loot-assistant/backend/TestUpdateMirrorFallbackSingleFlightAndLastError","lol-loot-assistant/backend/TestUpdateCacheTTLAndNoDowngrade","lol-loot-assistant/backend/TestUpdateBusyOperationsRejectOverlappingWork","lol-loot-assistant/backend/TestUpdateManifestAndSettingsValidation","lol-loot-assistant/backend/TestUpdateVersionNamedAssetAndLegacyCompatibility","lol-loot-assistant/backend/TestUpdatePublicManifestCheckAvailableAndReady","lol-loot-assistant/backend/TestUpdateCheckFailureDiagnosticsPersistSafeStages","lol-loot-assistant/backend/TestUpdateDownloadHashRetryAndCleanup","lol-loot-assistant/backend/TestUpdateResumeReprobesEachMirrorAndHashesPrefix","lol-loot-assistant/backend/TestUpdateCancelAndSpaceMargin","lol-loot-assistant/backend/TestUpdateFiveSecondSpeedWindow","lol-loot-assistant/backend/TestUpdateApplyRehashPortableMinimumAndCommand","lol-loot-assistant/backend/TestUpdateProgressSSEAndCleanup","lol-loot-assistant/backend/TestUpdateAfterUpgradeCleanupAndMinimum","lol-loot-assistant/backend/TestUpdateProgressAndStalledSourceFallback","lol-loot-assistant/backend/TestUpdateHTTPStatusAuthAndInitialEventSnapshot"]}
2026-10-08T04:22:13.5528520Z ?   	deeplegends/installer/payload	[no test files]
2026-10-08T04:22:13.5531986Z ?   	deeplegends/installer/ui	[no test files]
2026-10-08T04:22:13.5808602Z === RUN   TestLaunchEnvironmentChild
2026-10-08T04:22:13.5809345Z --- PASS: TestLaunchEnvironmentChild (0.00s)
2026-10-08T04:22:13.5813225Z === RUN   TestExecuteWarmEnvironmentCannotLeakIntoRealApplication
2026-10-08T04:22:13.5840994Z === RUN   TestCOMSlotsMatchCompleteDependencyInterfaces
2026-10-08T04:22:13.6513453Z === RUN   TestCOMSlotsMatchCompleteDependencyInterfaces/QueryInterface
2026-10-08T04:22:13.6522051Z --- PASS: TestCOMSlotsMatchCompleteDependencyInterfaces/QueryInterface (0.00s)
2026-10-08T04:22:13.6536209Z === RUN   TestCOMSlotsMatchCompleteDependencyInterfaces/Release
2026-10-08T04:22:13.6537235Z --- PASS: TestCOMSlotsMatchCompleteDependencyInterfaces/Release (0.00s)
2026-10-08T04:22:13.6544957Z === RUN   TestCOMSlotsMatchCompleteDependencyInterfaces/GetIsVisible
2026-10-08T04:22:13.6546973Z --- PASS: TestCOMSlotsMatchCompleteDependencyInterfaces/GetIsVisible (0.00s)
2026-10-08T04:22:13.6548812Z === RUN   TestCOMSlotsMatchCompleteDependencyInterfaces/PutIsVisible
2026-10-08T04:22:13.6550424Z --- PASS: TestCOMSlotsMatchCompleteDependencyInterfaces/PutIsVisible (0.00s)
2026-10-08T04:22:13.6552431Z === RUN   TestCOMSlotsMatchCompleteDependencyInterfaces/PutBounds
2026-10-08T04:22:13.6557226Z --- PASS: TestCOMSlotsMatchCompleteDependencyInterfaces/PutBounds (0.00s)
2026-10-08T04:22:13.6561482Z === RUN   TestCOMSlotsMatchCompleteDependencyInterfaces/Close
2026-10-08T04:22:13.6566098Z --- PASS: TestCOMSlotsMatchCompleteDependencyInterfaces/Close (0.00s)
2026-10-08T04:22:13.6567702Z === RUN   TestCOMSlotsMatchCompleteDependencyInterfaces/GetCoreWebView2
2026-10-08T04:22:13.6569250Z --- PASS: TestCOMSlotsMatchCompleteDependencyInterfaces/GetCoreWebView2 (0.00s)
2026-10-08T04:22:13.6570838Z === RUN   TestCOMSlotsMatchCompleteDependencyInterfaces/PutDefaultBackgroundColor
2026-10-08T04:22:13.6573044Z --- PASS: TestCOMSlotsMatchCompleteDependencyInterfaces/PutDefaultBackgroundColor (0.00s)
2026-10-08T04:22:13.6575983Z === RUN   TestCOMSlotsMatchCompleteDependencyInterfaces/GetSettings
2026-10-08T04:22:13.6577196Z --- PASS: TestCOMSlotsMatchCompleteDependencyInterfaces/GetSettings (0.00s)
2026-10-08T04:22:13.6578358Z === RUN   TestCOMSlotsMatchCompleteDependencyInterfaces/NavigateToString
2026-10-08T04:22:13.6579977Z --- PASS: TestCOMSlotsMatchCompleteDependencyInterfaces/NavigateToString (0.00s)
2026-10-08T04:22:13.6581232Z === RUN   TestCOMSlotsMatchCompleteDependencyInterfaces/PutIsScriptEnabled
2026-10-08T04:22:13.6582514Z --- PASS: TestCOMSlotsMatchCompleteDependencyInterfaces/PutIsScriptEnabled (0.00s)
2026-10-08T04:22:13.6584919Z === RUN   TestCOMSlotsMatchCompleteDependencyInterfaces/PutIsWebMessageEnabled
2026-10-08T04:22:13.6586328Z --- PASS: TestCOMSlotsMatchCompleteDependencyInterfaces/PutIsWebMessageEnabled (0.00s)
2026-10-08T04:22:13.6587778Z === RUN   TestCOMSlotsMatchCompleteDependencyInterfaces/PutAreDefaultScriptDialogsEnabled
2026-10-08T04:22:13.6589333Z --- PASS: TestCOMSlotsMatchCompleteDependencyInterfaces/PutAreDefaultScriptDialogsEnabled (0.00s)
2026-10-08T04:22:13.6590736Z === RUN   TestCOMSlotsMatchCompleteDependencyInterfaces/PutIsStatusBarEnabled
2026-10-08T04:22:13.6592022Z --- PASS: TestCOMSlotsMatchCompleteDependencyInterfaces/PutIsStatusBarEnabled (0.00s)
2026-10-08T04:22:13.6593308Z === RUN   TestCOMSlotsMatchCompleteDependencyInterfaces/PutAreDevToolsEnabled
2026-10-08T04:22:13.6596998Z --- PASS: TestCOMSlotsMatchCompleteDependencyInterfaces/PutAreDevToolsEnabled (0.00s)
2026-10-08T04:22:13.6598875Z === RUN   TestCOMSlotsMatchCompleteDependencyInterfaces/PutAreDefaultContextMenusEnabled
2026-10-08T04:22:13.6600425Z --- PASS: TestCOMSlotsMatchCompleteDependencyInterfaces/PutAreDefaultContextMenusEnabled (0.00s)
2026-10-08T04:22:13.6601861Z === RUN   TestCOMSlotsMatchCompleteDependencyInterfaces/PutIsZoomControlEnabled
2026-10-08T04:22:13.6603202Z --- PASS: TestCOMSlotsMatchCompleteDependencyInterfaces/PutIsZoomControlEnabled (0.00s)
2026-10-08T04:22:13.6604585Z === RUN   TestCOMSlotsMatchCompleteDependencyInterfaces/PutIsBuiltInErrorPageEnabled
2026-10-08T04:22:13.6606051Z --- PASS: TestCOMSlotsMatchCompleteDependencyInterfaces/PutIsBuiltInErrorPageEnabled (0.00s)
2026-10-08T04:22:13.6607343Z === RUN   TestCOMSlotsMatchCompleteDependencyInterfaces/GetIsSuccess
2026-10-08T04:22:13.6608401Z --- PASS: TestCOMSlotsMatchCompleteDependencyInterfaces/GetIsSuccess (0.00s)
2026-10-08T04:22:13.6609626Z === RUN   TestCOMSlotsMatchCompleteDependencyInterfaces/GetWebErrorStatus
2026-10-08T04:22:13.6610964Z --- PASS: TestCOMSlotsMatchCompleteDependencyInterfaces/GetWebErrorStatus (0.00s)
2026-10-08T04:22:13.6612114Z --- PASS: TestCOMSlotsMatchCompleteDependencyInterfaces (0.07s)
2026-10-08T04:22:13.6613076Z === RUN   TestSettingsUseHRESULTAcrossEntireConfiguration
2026-10-08T04:22:13.6615523Z === RUN   TestSettingsUseHRESULTAcrossEntireConfiguration/failure=
2026-10-08T04:22:13.6616678Z --- PASS: TestSettingsUseHRESULTAcrossEntireConfiguration/failure= (0.00s)
2026-10-08T04:22:13.6617930Z === RUN   TestSettingsUseHRESULTAcrossEntireConfiguration/failure=get_CoreWebView2
2026-10-08T04:22:13.6620787Z --- PASS: TestSettingsUseHRESULTAcrossEntireConfiguration/failure=get_CoreWebView2 (0.00s)
2026-10-08T04:22:13.6622223Z === RUN   TestSettingsUseHRESULTAcrossEntireConfiguration/failure=get_Settings
2026-10-08T04:22:13.6623556Z --- PASS: TestSettingsUseHRESULTAcrossEntireConfiguration/failure=get_Settings (0.00s)
2026-10-08T04:22:13.6624880Z === RUN   TestSettingsUseHRESULTAcrossEntireConfiguration/failure=put_IsScriptEnabled
2026-10-08T04:22:13.6626315Z --- PASS: TestSettingsUseHRESULTAcrossEntireConfiguration/failure=put_IsScriptEnabled (0.00s)
2026-10-08T04:22:13.6627770Z === RUN   TestSettingsUseHRESULTAcrossEntireConfiguration/failure=put_IsWebMessageEnabled
2026-10-08T04:22:13.6629235Z --- PASS: TestSettingsUseHRESULTAcrossEntireConfiguration/failure=put_IsWebMessageEnabled (0.00s)
2026-10-08T04:22:13.6630961Z === RUN   TestSettingsUseHRESULTAcrossEntireConfiguration/failure=put_AreDefaultScriptDialogsEnabled
2026-10-08T04:22:13.6632651Z --- PASS: TestSettingsUseHRESULTAcrossEntireConfiguration/failure=put_AreDefaultScriptDialogsEnabled (0.00s)
2026-10-08T04:22:13.6634159Z === RUN   TestSettingsUseHRESULTAcrossEntireConfiguration/failure=put_IsStatusBarEnabled
2026-10-08T04:22:13.6635608Z --- PASS: TestSettingsUseHRESULTAcrossEntireConfiguration/failure=put_IsStatusBarEnabled (0.00s)
2026-10-08T04:22:13.6637038Z === RUN   TestSettingsUseHRESULTAcrossEntireConfiguration/failure=put_AreDevToolsEnabled
2026-10-08T04:22:13.6638547Z --- PASS: TestSettingsUseHRESULTAcrossEntireConfiguration/failure=put_AreDevToolsEnabled (0.00s)
2026-10-08T04:22:13.6641357Z === RUN   TestSettingsUseHRESULTAcrossEntireConfiguration/failure=put_AreDefaultContextMenusEnabled
2026-10-08T04:22:13.6643088Z --- PASS: TestSettingsUseHRESULTAcrossEntireConfiguration/failure=put_AreDefaultContextMenusEnabled (0.00s)
2026-10-08T04:22:13.6644639Z === RUN   TestSettingsUseHRESULTAcrossEntireConfiguration/failure=put_IsZoomControlEnabled
2026-10-08T04:22:13.6646248Z --- PASS: TestSettingsUseHRESULTAcrossEntireConfiguration/failure=put_IsZoomControlEnabled (0.00s)
2026-10-08T04:22:13.6647696Z === RUN   TestSettingsUseHRESULTAcrossEntireConfiguration/failure=put_IsBuiltInErrorPageEnabled
2026-10-08T04:22:13.6649319Z --- PASS: TestSettingsUseHRESULTAcrossEntireConfiguration/failure=put_IsBuiltInErrorPageEnabled (0.00s)
2026-10-08T04:22:13.6650923Z --- PASS: TestSettingsUseHRESULTAcrossEntireConfiguration (0.00s)
2026-10-08T04:22:13.6651951Z === RUN   TestStartupLogSurvivesMissingGUIConsoleAndRepeatedLaunch
2026-10-08T04:22:13.6653276Z --- PASS: TestExecuteWarmEnvironmentCannotLeakIntoRealApplication (0.08s)
2026-10-08T04:22:13.6661662Z === RUN   TestExecuteWarmCommandsUseOnlyImmediateExitEntrypoints
2026-10-08T04:22:13.7642879Z --- PASS: TestExecuteWarmCommandsUseOnlyImmediateExitEntrypoints (0.11s)
2026-10-08T04:22:13.7643951Z === RUN   TestExecuteWarmCommandCancellationReapsOnlyItsChild
2026-10-08T04:22:13.7679081Z --- PASS: TestStartupLogSurvivesMissingGUIConsoleAndRepeatedLaunch (0.11s)
2026-10-08T04:22:13.7680810Z === RUN   TestWindowRequiresDocumentAndNavigation
2026-10-08T04:22:13.7687062Z 2026/10/08 04:22:13 WebView document navigation completed
2026-10-08T04:22:13.7689267Z 2026/10/08 04:22:13 WebView document initialization confirmed
2026-10-08T04:22:13.7692784Z 2026/10/08 04:22:13 WebView document initialization confirmed
2026-10-08T04:22:13.7693639Z 2026/10/08 04:22:13 WebView document navigation completed
2026-10-08T04:22:13.7694437Z --- PASS: TestWindowRequiresDocumentAndNavigation (0.00s)
2026-10-08T04:22:13.7695255Z === RUN   TestStartupFailuresFallbackExactlyOnce
2026-10-08T04:22:13.7696021Z === RUN   TestStartupFailuresFallbackExactlyOnce/prepare
2026-10-08T04:22:13.7696969Z --- PASS: TestStartupFailuresFallbackExactlyOnce/prepare (0.00s)
2026-10-08T04:22:13.7697861Z === RUN   TestStartupFailuresFallbackExactlyOnce/navigate
2026-10-08T04:22:13.7698720Z --- PASS: TestStartupFailuresFallbackExactlyOnce/navigate (0.00s)
2026-10-08T04:22:13.7700087Z === RUN   TestStartupFailuresFallbackExactlyOnce/navigation-event
2026-10-08T04:22:13.7701142Z --- PASS: TestStartupFailuresFallbackExactlyOnce/navigation-event (0.00s)
2026-10-08T04:22:13.7702083Z === RUN   TestStartupFailuresFallbackExactlyOnce/script
2026-10-08T04:22:13.7702996Z --- PASS: TestStartupFailuresFallbackExactlyOnce/script (0.00s)
2026-10-08T04:22:13.7703955Z === RUN   TestStartupFailuresFallbackExactlyOnce/no-navigation
2026-10-08T04:22:13.7704855Z 2026/10/08 04:22:13 WebView document initialization confirmed
2026-10-08T04:22:13.7705820Z --- PASS: TestStartupFailuresFallbackExactlyOnce/no-navigation (0.00s)
2026-10-08T04:22:13.7706861Z === RUN   TestStartupFailuresFallbackExactlyOnce/no-document
2026-10-08T04:22:13.7708573Z 2026/10/08 04:22:13 WebView document navigation completed
2026-10-08T04:22:13.7710084Z --- PASS: TestStartupFailuresFallbackExactlyOnce/no-document (0.00s)
2026-10-08T04:22:13.7711048Z === RUN   TestStartupFailuresFallbackExactlyOnce/no-events
2026-10-08T04:22:13.7711901Z --- PASS: TestStartupFailuresFallbackExactlyOnce/no-events (0.00s)
2026-10-08T04:22:13.7712743Z === RUN   TestStartupFailuresFallbackExactlyOnce/show
2026-10-08T04:22:13.7713607Z 2026/10/08 04:22:13 WebView document navigation completed
2026-10-08T04:22:13.7714469Z 2026/10/08 04:22:13 WebView document initialization confirmed
2026-10-08T04:22:13.7715665Z --- PASS: TestStartupFailuresFallbackExactlyOnce/show (0.00s)
2026-10-08T04:22:13.7716886Z --- PASS: TestStartupFailuresFallbackExactlyOnce (0.00s)
2026-10-08T04:22:13.7717886Z === RUN   TestClosingStartupDoesNotLaunchFallbackOrShowLateWindow
2026-10-08T04:22:13.7720906Z --- PASS: TestClosingStartupDoesNotLaunchFallbackOrShowLateWindow (0.00s)
2026-10-08T04:22:13.7722045Z === RUN   TestDocumentInitialStateIsInlineAndBounded
2026-10-08T04:22:13.7723059Z --- PASS: TestExecuteWarmCommandCancellationReapsOnlyItsChild (0.01s)
2026-10-08T04:22:13.7724163Z === RUN   TestInstallationSuccessAlwaysRunsHandoffIncludingUpdate
2026-10-08T04:22:13.7725407Z === RUN   TestInstallationSuccessAlwaysRunsHandoffIncludingUpdate/update=false/visible=false
2026-10-08T04:22:13.7726931Z --- PASS: TestInstallationSuccessAlwaysRunsHandoffIncludingUpdate/update=false/visible=false (0.00s)
2026-10-08T04:22:13.7728722Z === RUN   TestInstallationSuccessAlwaysRunsHandoffIncludingUpdate/update=false/visible=true
2026-10-08T04:22:13.7730246Z --- PASS: TestInstallationSuccessAlwaysRunsHandoffIncludingUpdate/update=false/visible=true (0.00s)
2026-10-08T04:22:13.7731702Z === RUN   TestInstallationSuccessAlwaysRunsHandoffIncludingUpdate/update=true/visible=false
2026-10-08T04:22:13.7733240Z --- PASS: TestInstallationSuccessAlwaysRunsHandoffIncludingUpdate/update=true/visible=false (0.00s)
2026-10-08T04:22:13.7734728Z === RUN   TestInstallationSuccessAlwaysRunsHandoffIncludingUpdate/update=true/visible=true
2026-10-08T04:22:13.7736673Z --- PASS: TestInstallationSuccessAlwaysRunsHandoffIncludingUpdate/update=true/visible=true (0.00s)
2026-10-08T04:22:13.7738712Z --- PASS: TestInstallationSuccessAlwaysRunsHandoffIncludingUpdate (0.00s)
2026-10-08T04:22:13.7739788Z === RUN   TestInstallationFailureNeverLaunchesApplication
2026-10-08T04:22:13.7740765Z --- PASS: TestInstallationFailureNeverLaunchesApplication (0.00s)
2026-10-08T04:22:13.7741592Z === RUN   TestInstallerExitChildProcess
2026-10-08T04:22:13.7742293Z --- PASS: TestInstallerExitChildProcess (0.00s)
2026-10-08T04:22:13.7743590Z === RUN   TestInstallerExitOnlyClosesItsWindowAndKeepsChildAlive
2026-10-08T04:22:13.7827389Z --- PASS: TestDocumentInitialStateIsInlineAndBounded (0.01s)
2026-10-08T04:22:13.7833452Z === RUN   TestStartupFailureRetainsDiagnosticStage
2026-10-08T04:22:13.7838891Z 2026/10/08 04:22:13 WebView document navigation completed
2026-10-08T04:22:13.7840615Z --- PASS: TestStartupFailureRetainsDiagnosticStage (0.00s)
2026-10-08T04:22:13.7843733Z === RUN   TestCOMUsesHRESULTInsteadOfThreadLastError
2026-10-08T04:22:13.7846617Z --- PASS: TestCOMUsesHRESULTInsteadOfThreadLastError (0.00s)
2026-10-08T04:22:13.7848485Z === RUN   TestFailedNavigationEventIsNotReadiness
2026-10-08T04:22:13.7854526Z --- PASS: TestFailedNavigationEventIsNotReadiness (0.00s)
2026-10-08T04:22:13.7858111Z PASS
2026-10-08T04:22:13.7916818Z ok  	deeplegends/installer/internal/webviewhost	0.241s
2026-10-08T04:22:13.7986558Z --- PASS: TestInstallerExitOnlyClosesItsWindowAndKeepsChildAlive (0.03s)
2026-10-08T04:22:13.7988123Z === RUN   TestWindowsInstallCompletionCannotBypassPortableUpdateHandoff
2026-10-08T04:22:13.8008531Z --- PASS: TestWindowsInstallCompletionCannotBypassPortableUpdateHandoff (0.00s)
2026-10-08T04:22:13.8010500Z === RUN   TestWindowsHandoffExitAdapterCannotTerminateApplication
2026-10-08T04:22:13.8014477Z --- PASS: TestWindowsHandoffExitAdapterCannotTerminateApplication (0.00s)
2026-10-08T04:22:13.8016682Z === RUN   TestR248DefaultInstallerNoActivationText
2026-10-08T04:22:13.8033127Z --- PASS: TestR248DefaultInstallerNoActivationText (0.00s)
2026-10-08T04:22:13.8035173Z === RUN   TestExecuteWarmupStartsBothProcessesWhileFakeNSISStillRunning
2026-10-08T04:22:13.8126089Z --- PASS: TestExecuteWarmupStartsBothProcessesWhileFakeNSISStillRunning (0.01s)
2026-10-08T04:22:13.8128558Z === RUN   TestExecuteWarmupRequiresStableFinalFileAndVoidsRewrittenExecutable
2026-10-08T04:22:13.8179467Z --- PASS: TestExecuteWarmupRequiresStableFinalFileAndVoidsRewrittenExecutable (0.01s)
2026-10-08T04:22:13.8181744Z === RUN   TestExecuteWarmupRejectsUnchangedUpgradeFilesAndUnreadableFiles
2026-10-08T04:22:13.8207746Z --- PASS: TestExecuteWarmupRejectsUnchangedUpgradeFilesAndUnreadableFiles (0.00s)
2026-10-08T04:22:13.8211038Z === RUN   TestExecuteWarmupCannotBeginAfterNSISExit
2026-10-08T04:22:13.8255034Z --- PASS: TestExecuteWarmupCannotBeginAfterNSISExit (0.00s)
2026-10-08T04:22:13.8256278Z === RUN   TestExecuteWarmupFailuresAndBlockedProcessNeverHoldInstallationHandoff
2026-10-08T04:22:13.8260056Z === RUN   TestExecuteWarmupFailuresAndBlockedProcessNeverHoldInstallationHandoff/nonzero
2026-10-08T04:22:13.8333938Z --- PASS: TestExecuteWarmupFailuresAndBlockedProcessNeverHoldInstallationHandoff/nonzero (0.01s)
2026-10-08T04:22:13.8335822Z === RUN   TestExecuteWarmupFailuresAndBlockedProcessNeverHoldInstallationHandoff/blocked
2026-10-08T04:22:14.0662152Z === RUN   TestPrepareLaunchUsesResourcePayloadOnly
2026-10-08T04:22:14.0703262Z --- PASS: TestPrepareLaunchUsesResourcePayloadOnly (0.00s)
2026-10-08T04:22:14.0704284Z === RUN   TestPrepareLaunchRejectsMissingOrInvalidPayload
2026-10-08T04:22:14.0748241Z --- PASS: TestPrepareLaunchRejectsMissingOrInvalidPayload (0.00s)
2026-10-08T04:22:14.0749167Z === RUN   TestWindowsResourcesMatchManifestAndWindowIcon
2026-10-08T04:22:14.0754689Z --- PASS: TestWindowsResourcesMatchManifestAndWindowIcon (0.00s)
2026-10-08T04:22:14.0755705Z === RUN   TestUninstallProgressDeletionPrecedesProcessExit
2026-10-08T04:22:14.0756646Z --- PASS: TestUninstallProgressDeletionPrecedesProcessExit (0.00s)
2026-10-08T04:22:14.0757572Z === RUN   TestUninstallProgressEmptyFilesAndZeroBaseline
2026-10-08T04:22:14.0758559Z --- PASS: TestUninstallProgressEmptyFilesAndZeroBaseline (0.00s)
2026-10-08T04:22:14.0759515Z === RUN   TestSnapshotsMeasureActualRemovalAndSkipLinks
2026-10-08T04:22:14.0794530Z --- PASS: TestSnapshotsMeasureActualRemovalAndSkipLinks (0.00s)
2026-10-08T04:22:14.0795447Z === RUN   TestUninstallDataDeletionAndCompletion
2026-10-08T04:22:14.0796280Z === RUN   TestUninstallDataDeletionAndCompletion/retain
2026-10-08T04:22:14.0820820Z --- PASS: TestUninstallDataDeletionAndCompletion/retain (0.00s)
2026-10-08T04:22:14.0822274Z === RUN   TestUninstallDataDeletionAndCompletion/delete
2026-10-08T04:22:14.0843477Z --- PASS: TestUninstallDataDeletionAndCompletion/delete (0.00s)
2026-10-08T04:22:14.0844467Z === RUN   TestUninstallDataDeletionAndCompletion/cache_locked
2026-10-08T04:22:14.0868508Z --- PASS: TestUninstallDataDeletionAndCompletion/cache_locked (0.00s)
2026-10-08T04:22:14.0870291Z === RUN   TestUninstallDataDeletionAndCompletion/core_failed_retain
2026-10-08T04:22:14.0897617Z --- PASS: TestUninstallDataDeletionAndCompletion/core_failed_retain (0.00s)
2026-10-08T04:22:14.0898729Z === RUN   TestUninstallDataDeletionAndCompletion/core_failed_delete
2026-10-08T04:22:14.0907541Z --- PASS: TestExecuteWarmupFailuresAndBlockedProcessNeverHoldInstallationHandoff/blocked (0.26s)
2026-10-08T04:22:14.0909207Z === RUN   TestExecuteWarmupFailuresAndBlockedProcessNeverHoldInstallationHandoff/missing
2026-10-08T04:22:14.0921039Z --- PASS: TestExecuteWarmupFailuresAndBlockedProcessNeverHoldInstallationHandoff/missing (0.00s)
2026-10-08T04:22:14.0923000Z --- PASS: TestExecuteWarmupFailuresAndBlockedProcessNeverHoldInstallationHandoff (0.27s)
2026-10-08T04:22:14.0924319Z === RUN   TestExecuteWarmupVoidsSameSizeMtimeChangeAndReplacedFile
2026-10-08T04:22:14.0925459Z === RUN   TestExecuteWarmupVoidsSameSizeMtimeChangeAndReplacedFile/mtime
2026-10-08T04:22:14.0935222Z --- PASS: TestUninstallDataDeletionAndCompletion/core_failed_delete (0.00s)
2026-10-08T04:22:14.0937078Z --- PASS: TestUninstallDataDeletionAndCompletion (0.01s)
2026-10-08T04:22:14.0938335Z === RUN   TestSilentDispatchNeverCreatesWindow
2026-10-08T04:22:14.0939745Z --- PASS: TestSilentDispatchNeverCreatesWindow (0.00s)
2026-10-08T04:22:14.0940641Z === RUN   TestCoreCommandPreservesUpgradeFlagsAndNSISTail
2026-10-08T04:22:14.0941639Z --- PASS: TestCoreCommandPreservesUpgradeFlagsAndNSISTail (0.00s)
2026-10-08T04:22:14.0942472Z === RUN   TestUninstallDesignAndState
2026-10-08T04:22:14.0947106Z --- PASS: TestUninstallDesignAndState (0.00s)
2026-10-08T04:22:14.0947666Z PASS
2026-10-08T04:22:14.0958211Z --- PASS: TestExecuteWarmupVoidsSameSizeMtimeChangeAndReplacedFile/mtime (0.00s)
2026-10-08T04:22:14.0959896Z === RUN   TestExecuteWarmupVoidsSameSizeMtimeChangeAndReplacedFile/replacement
2026-10-08T04:22:14.0975449Z ok  	deeplegends/installer/uninstall	0.054s
2026-10-08T04:22:14.0997994Z --- PASS: TestExecuteWarmupVoidsSameSizeMtimeChangeAndReplacedFile/replacement (0.00s)
2026-10-08T04:22:14.0998853Z --- PASS: TestExecuteWarmupVoidsSameSizeMtimeChangeAndReplacedFile (0.01s)
2026-10-08T04:22:14.0999874Z === RUN   TestExecuteWarmupExplicitControlDoesNotInspectOrExecute
2026-10-08T04:22:14.1314456Z 2026/10/08 04:22:14 startup warm mode=execute enabled=false
2026-10-08T04:22:14.1319931Z --- PASS: TestExecuteWarmupExplicitControlDoesNotInspectOrExecute (0.03s)
2026-10-08T04:22:14.1320961Z === RUN   TestExecuteWarmConfigDefaultsOffAndReadsBothFiles
2026-10-08T04:22:14.1321563Z === RUN   TestExecuteWarmConfigDefaultsOffAndReadsBothFiles/value="unset"
2026-10-08T04:22:14.1367188Z --- PASS: TestExecuteWarmConfigDefaultsOffAndReadsBothFiles/value="unset" (0.00s)
2026-10-08T04:22:14.1368759Z === RUN   TestExecuteWarmConfigDefaultsOffAndReadsBothFiles/value=""
2026-10-08T04:22:14.1412595Z --- PASS: TestExecuteWarmConfigDefaultsOffAndReadsBothFiles/value="" (0.00s)
2026-10-08T04:22:14.1413804Z === RUN   TestExecuteWarmConfigDefaultsOffAndReadsBothFiles/value="0"
2026-10-08T04:22:14.1457290Z --- PASS: TestExecuteWarmConfigDefaultsOffAndReadsBothFiles/value="0" (0.00s)
2026-10-08T04:22:14.1458561Z === RUN   TestExecuteWarmConfigDefaultsOffAndReadsBothFiles/value="true"
2026-10-08T04:22:14.1504757Z --- PASS: TestExecuteWarmConfigDefaultsOffAndReadsBothFiles/value="true" (0.00s)
2026-10-08T04:22:14.1505698Z === RUN   TestExecuteWarmConfigDefaultsOffAndReadsBothFiles/value="yes"
2026-10-08T04:22:14.1549422Z --- PASS: TestExecuteWarmConfigDefaultsOffAndReadsBothFiles/value="yes" (0.00s)
2026-10-08T04:22:14.1550659Z === RUN   TestExecuteWarmConfigDefaultsOffAndReadsBothFiles/value="_1"
2026-10-08T04:22:14.1598722Z --- PASS: TestExecuteWarmConfigDefaultsOffAndReadsBothFiles/value="_1" (0.00s)
2026-10-08T04:22:14.1599982Z === RUN   TestExecuteWarmConfigDefaultsOffAndReadsBothFiles/value="1_"
2026-10-08T04:22:14.1649722Z --- PASS: TestExecuteWarmConfigDefaultsOffAndReadsBothFiles/value="1_" (0.01s)
2026-10-08T04:22:14.1650940Z === RUN   TestExecuteWarmConfigDefaultsOffAndReadsBothFiles/value="01"
2026-10-08T04:22:14.1700159Z --- PASS: TestExecuteWarmConfigDefaultsOffAndReadsBothFiles/value="01" (0.00s)
2026-10-08T04:22:14.1701558Z --- PASS: TestExecuteWarmConfigDefaultsOffAndReadsBothFiles (0.04s)
2026-10-08T04:22:14.1702729Z === RUN   TestExecuteWarmConfigExplicitOneRetainsExecutionAndBothReads
2026-10-08T04:22:14.1703997Z === RUN   TestExecuteWarmConfigExplicitOneRetainsExecutionAndBothReads/ok
2026-10-08T04:22:14.1772823Z --- PASS: TestExecuteWarmConfigExplicitOneRetainsExecutionAndBothReads/ok (0.01s)
2026-10-08T04:22:14.1774226Z === RUN   TestExecuteWarmConfigExplicitOneRetainsExecutionAndBothReads/failed
2026-10-08T04:22:14.1835323Z --- PASS: TestExecuteWarmConfigExplicitOneRetainsExecutionAndBothReads/failed (0.01s)
2026-10-08T04:22:14.1841983Z === RUN   TestExecuteWarmConfigExplicitOneRetainsExecutionAndBothReads/still_running
2026-10-08T04:22:14.1900058Z --- PASS: TestExecuteWarmConfigExplicitOneRetainsExecutionAndBothReads/still_running (0.01s)
2026-10-08T04:22:14.1901519Z --- PASS: TestExecuteWarmConfigExplicitOneRetainsExecutionAndBothReads (0.02s)
2026-10-08T04:22:14.1902683Z === RUN   TestExecuteWarmConfigMasterDisableOverridesOptIn
2026-10-08T04:22:14.1914677Z --- PASS: TestExecuteWarmConfigMasterDisableOverridesOptIn (0.00s)
2026-10-08T04:22:14.1915793Z === RUN   TestApplicationWindowRequiresPIDVisibilityAndUsefulSize
2026-10-08T04:22:14.1917471Z === RUN   TestApplicationWindowRequiresPIDVisibilityAndUsefulSize/splash
2026-10-08T04:22:14.1918769Z --- PASS: TestApplicationWindowRequiresPIDVisibilityAndUsefulSize/splash (0.00s)
2026-10-08T04:22:14.1921726Z === RUN   TestApplicationWindowRequiresPIDVisibilityAndUsefulSize/main
2026-10-08T04:22:14.1923949Z --- PASS: TestApplicationWindowRequiresPIDVisibilityAndUsefulSize/main (0.00s)
2026-10-08T04:22:14.1925078Z === RUN   TestApplicationWindowRequiresPIDVisibilityAndUsefulSize/other_process
2026-10-08T04:22:14.1926048Z --- PASS: TestApplicationWindowRequiresPIDVisibilityAndUsefulSize/other_process (0.00s)
2026-10-08T04:22:14.1926972Z === RUN   TestApplicationWindowRequiresPIDVisibilityAndUsefulSize/invisible
2026-10-08T04:22:14.1927686Z --- PASS: TestApplicationWindowRequiresPIDVisibilityAndUsefulSize/invisible (0.00s)
2026-10-08T04:22:14.1928382Z === RUN   TestApplicationWindowRequiresPIDVisibilityAndUsefulSize/small_helper
2026-10-08T04:22:14.1929630Z --- PASS: TestApplicationWindowRequiresPIDVisibilityAndUsefulSize/small_helper (0.00s)
2026-10-08T04:22:14.1930329Z === RUN   TestApplicationWindowRequiresPIDVisibilityAndUsefulSize/no_process
2026-10-08T04:22:14.1931394Z --- PASS: TestApplicationWindowRequiresPIDVisibilityAndUsefulSize/no_process (0.00s)
2026-10-08T04:22:14.1932242Z --- PASS: TestApplicationWindowRequiresPIDVisibilityAndUsefulSize (0.00s)
2026-10-08T04:22:14.1933066Z === RUN   TestApplicationHandoffKeepsInstallerUntilItsWindow
2026-10-08T04:22:14.1933704Z --- PASS: TestApplicationHandoffKeepsInstallerUntilItsWindow (0.00s)
2026-10-08T04:22:14.1934720Z === RUN   TestApplicationHandoffTimeoutAlsoBoundsBlockedOrFailedLaunch
2026-10-08T04:22:14.1935874Z === RUN   TestApplicationHandoffTimeoutAlsoBoundsBlockedOrFailedLaunch/failed_launch
2026-10-08T04:22:14.1937198Z --- PASS: TestApplicationHandoffTimeoutAlsoBoundsBlockedOrFailedLaunch/failed_launch (0.00s)
2026-10-08T04:22:14.1938742Z === RUN   TestApplicationHandoffTimeoutAlsoBoundsBlockedOrFailedLaunch/blocked_CreateProcess
2026-10-08T04:22:14.1940332Z --- PASS: TestApplicationHandoffTimeoutAlsoBoundsBlockedOrFailedLaunch/blocked_CreateProcess (0.00s)
2026-10-08T04:22:14.1941722Z --- PASS: TestApplicationHandoffTimeoutAlsoBoundsBlockedOrFailedLaunch (0.00s)
2026-10-08T04:22:14.1942632Z === RUN   TestWindowsApplicationWindowDetection
2026-10-08T04:22:14.2369538Z --- PASS: TestWindowsApplicationWindowDetection (0.04s)
2026-10-08T04:22:14.2389615Z === RUN   TestWindowsMissingApplicationDoesNotYieldAPID
2026-10-08T04:22:14.2502774Z --- PASS: TestWindowsMissingApplicationDoesNotYieldAPID (0.01s)
2026-10-08T04:22:14.2504372Z === RUN   TestWindowsInstallMessageCannotBypassCompletion
2026-10-08T04:22:14.2513165Z --- PASS: TestWindowsInstallMessageCannotBypassCompletion (0.00s)
2026-10-08T04:22:14.2514171Z === RUN   TestWindowsInstallMessageCallbackUsesSharedDispatcher
2026-10-08T04:22:14.2520016Z --- PASS: TestWindowsInstallMessageCallbackUsesSharedDispatcher (0.00s)
2026-10-08T04:22:14.2521098Z === RUN   TestWindowsInstallAutoUpdateUsesSharedDispatcher
2026-10-08T04:22:14.2528363Z --- PASS: TestWindowsInstallAutoUpdateUsesSharedDispatcher (0.00s)
2026-10-08T04:22:14.2529196Z === RUN   TestNormalizeInstallDir
2026-10-08T04:22:14.2530234Z === RUN   TestNormalizeInstallDir/__"d:/Games//./Deep_Legends/"__
2026-10-08T04:22:14.2531932Z --- PASS: TestNormalizeInstallDir/__"d:/Games//./Deep_Legends/"__ (0.00s)
2026-10-08T04:22:14.2536167Z === RUN   TestNormalizeInstallDir/c:\Games\old\..\Deep_Legends\\
2026-10-08T04:22:14.2538008Z --- PASS: TestNormalizeInstallDir/c:\Games\old\..\Deep_Legends\\ (0.00s)
2026-10-08T04:22:14.2539792Z === RUN   TestNormalizeInstallDir/e:\中文_文件夹\Deep_Legends
2026-10-08T04:22:14.2540836Z --- PASS: TestNormalizeInstallDir/e:\中文_文件夹\Deep_Legends (0.00s)
2026-10-08T04:22:14.2541664Z === RUN   TestNormalizeInstallDir/C:\COM10\NUL-safe
2026-10-08T04:22:14.2542496Z --- PASS: TestNormalizeInstallDir/C:\COM10\NUL-safe (0.00s)
2026-10-08T04:22:14.2545945Z === RUN   TestNormalizeInstallDir/C:\aaaaaaaaaaaaaaaaaaaaaaaaaaaaaaaaaaaaaaaaaaaaaaaaaaaaaaaaaaaaaaaaaaaaaaaaaaaaaaaaaaaaaaaaaaaaaaaaaaaaaaaaaaaaaaaaaaaaaaaaaaaaaaaaaaaaaaaaaaaaaaaaaaaaaaaaaaaaaaaaaaaaaaaaaaaaaaaaa
2026-10-08T04:22:14.2552251Z --- PASS: TestNormalizeInstallDir/C:\aaaaaaaaaaaaaaaaaaaaaaaaaaaaaaaaaaaaaaaaaaaaaaaaaaaaaaaaaaaaaaaaaaaaaaaaaaaaaaaaaaaaaaaaaaaaaaaaaaaaaaaaaaaaaaaaaaaaaaaaaaaaaaaaaaaaaaaaaaaaaaaaaaaaaaaaaaaaaaaaaaaaaaaaaaaaaaaaa (0.00s)
2026-10-08T04:22:14.2554868Z --- PASS: TestNormalizeInstallDir (0.00s)
2026-10-08T04:22:14.2555532Z === RUN   TestRejectInvalidInstallDirs
2026-10-08T04:22:14.2556182Z === RUN   TestRejectInvalidInstallDirs/#00
2026-10-08T04:22:14.2557249Z --- PASS: TestRejectInvalidInstallDirs/#00 (0.00s)
2026-10-08T04:22:14.2557974Z === RUN   TestRejectInvalidInstallDirs/D:\
2026-10-08T04:22:14.2558681Z --- PASS: TestRejectInvalidInstallDirs/D:\ (0.00s)
2026-10-08T04:22:14.2559415Z === RUN   TestRejectInvalidInstallDirs/D:\a\..
2026-10-08T04:22:14.2560441Z --- PASS: TestRejectInvalidInstallDirs/D:\a\.. (0.00s)
2026-10-08T04:22:14.2561220Z === RUN   TestRejectInvalidInstallDirs/C:\a\..\..\x
2026-10-08T04:22:14.2562051Z --- PASS: TestRejectInvalidInstallDirs/C:\a\..\..\x (0.00s)
2026-10-08T04:22:14.2562828Z === RUN   TestRejectInvalidInstallDirs/C:\..\x
2026-10-08T04:22:14.2563619Z --- PASS: TestRejectInvalidInstallDirs/C:\..\x (0.00s)
2026-10-08T04:22:14.2564399Z === RUN   TestRejectInvalidInstallDirs/C:relative
2026-10-08T04:22:14.2565221Z --- PASS: TestRejectInvalidInstallDirs/C:relative (0.00s)
2026-10-08T04:22:14.2566046Z === RUN   TestRejectInvalidInstallDirs/\\server\share\app
2026-10-08T04:22:14.2566935Z --- PASS: TestRejectInvalidInstallDirs/\\server\share\app (0.00s)
2026-10-08T04:22:14.2567764Z === RUN   TestRejectInvalidInstallDirs//tmp/app
2026-10-08T04:22:14.2568532Z --- PASS: TestRejectInvalidInstallDirs//tmp/app (0.00s)
2026-10-08T04:22:14.2569287Z === RUN   TestRejectInvalidInstallDirs/1:\app
2026-10-08T04:22:14.2570060Z --- PASS: TestRejectInvalidInstallDirs/1:\app (0.00s)
2026-10-08T04:22:14.2570905Z === RUN   TestRejectInvalidInstallDirs/C:\bad.
2026-10-08T04:22:14.2571651Z --- PASS: TestRejectInvalidInstallDirs/C:\bad. (0.00s)
2026-10-08T04:22:14.2572414Z === RUN   TestRejectInvalidInstallDirs/C:\bad_\app
2026-10-08T04:22:14.2573230Z --- PASS: TestRejectInvalidInstallDirs/C:\bad_\app (0.00s)
2026-10-08T04:22:14.2574013Z === RUN   TestRejectInvalidInstallDirs/C:\a:b
2026-10-08T04:22:14.2574767Z --- PASS: TestRejectInvalidInstallDirs/C:\a:b (0.00s)
2026-10-08T04:22:14.2575531Z === RUN   TestRejectInvalidInstallDirs/C:\<app>
2026-10-08T04:22:14.2576338Z --- PASS: TestRejectInvalidInstallDirs/C:\<app> (0.00s)
2026-10-08T04:22:14.2577094Z === RUN   TestRejectInvalidInstallDirs/C:\a|b
2026-10-08T04:22:14.2577856Z --- PASS: TestRejectInvalidInstallDirs/C:\a|b (0.00s)
2026-10-08T04:22:14.2578591Z === RUN   TestRejectInvalidInstallDirs/C:\a?b
2026-10-08T04:22:14.2579328Z --- PASS: TestRejectInvalidInstallDirs/C:\a?b (0.00s)
2026-10-08T04:22:14.2580086Z === RUN   TestRejectInvalidInstallDirs/C:\a*b
2026-10-08T04:22:14.2580852Z --- PASS: TestRejectInvalidInstallDirs/C:\a*b (0.00s)
2026-10-08T04:22:14.2591224Z === RUN   TestRejectInvalidInstallDirs/C:\a"b
2026-10-08T04:22:14.2592382Z --- PASS: TestRejectInvalidInstallDirs/C:\a"b (0.00s)
2026-10-08T04:22:14.2593177Z === RUN   TestRejectInvalidInstallDirs/C:\a\x00b
2026-10-08T04:22:14.2593978Z --- PASS: TestRejectInvalidInstallDirs/C:\a\x00b (0.00s)
2026-10-08T04:22:14.2594747Z === RUN   TestRejectInvalidInstallDirs/C:\a_b
2026-10-08T04:22:14.2595512Z --- PASS: TestRejectInvalidInstallDirs/C:\a_b (0.00s)
2026-10-08T04:22:14.2596282Z === RUN   TestRejectInvalidInstallDirs/C:\a_b#01
2026-10-08T04:22:14.2597060Z --- PASS: TestRejectInvalidInstallDirs/C:\a_b#01 (0.00s)
2026-10-08T04:22:14.2599962Z === RUN   TestRejectInvalidInstallDirs/C:\aaaaaaaaaaaaaaaaaaaaaaaaaaaaaaaaaaaaaaaaaaaaaaaaaaaaaaaaaaaaaaaaaaaaaaaaaaaaaaaaaaaaaaaaaaaaaaaaaaaaaaaaaaaaaaaaaaaaaaaaaaaaaaaaaaaaaaaaaaaaaaaaaaaaaaaaaaaaaaaaaaaaaaaaaaaaaaaaaa
2026-10-08T04:22:14.2605375Z --- PASS: TestRejectInvalidInstallDirs/C:\aaaaaaaaaaaaaaaaaaaaaaaaaaaaaaaaaaaaaaaaaaaaaaaaaaaaaaaaaaaaaaaaaaaaaaaaaaaaaaaaaaaaaaaaaaaaaaaaaaaaaaaaaaaaaaaaaaaaaaaaaaaaaaaaaaaaaaaaaaaaaaaaaaaaaaaaaaaaaaaaaaaaaaaaaaaaaaaaaa (0.00s)
2026-10-08T04:22:14.2610358Z === RUN   TestRejectInvalidInstallDirs/C:\🦁🦁🦁🦁🦁🦁🦁🦁🦁🦁🦁🦁🦁🦁🦁🦁🦁🦁🦁🦁🦁🦁🦁🦁🦁🦁🦁🦁🦁🦁🦁🦁🦁🦁🦁🦁🦁🦁🦁🦁🦁🦁🦁🦁🦁🦁🦁🦁🦁🦁🦁🦁🦁🦁🦁🦁🦁🦁🦁🦁🦁🦁🦁🦁🦁🦁🦁🦁🦁🦁🦁🦁🦁🦁🦁🦁🦁🦁🦁🦁🦁🦁🦁🦁🦁🦁🦁🦁🦁
2026-10-08T04:22:14.2613498Z --- PASS: TestRejectInvalidInstallDirs/C:\🦁🦁🦁🦁🦁🦁🦁🦁🦁🦁🦁🦁🦁🦁🦁🦁🦁🦁🦁🦁🦁🦁🦁🦁🦁🦁🦁🦁🦁🦁🦁🦁🦁🦁🦁🦁🦁🦁🦁🦁🦁🦁🦁🦁🦁🦁🦁🦁🦁🦁🦁🦁🦁🦁🦁🦁🦁🦁🦁🦁🦁🦁🦁🦁🦁🦁🦁🦁🦁🦁🦁🦁🦁🦁🦁🦁🦁🦁🦁🦁🦁🦁🦁🦁🦁🦁🦁🦁🦁 (0.00s)
2026-10-08T04:22:14.2614994Z === RUN   TestRejectInvalidInstallDirs/C:\CON\app
2026-10-08T04:22:14.2615764Z --- PASS: TestRejectInvalidInstallDirs/C:\CON\app (0.00s)
2026-10-08T04:22:14.2616949Z === RUN   TestRejectInvalidInstallDirs/C:\prn\app
2026-10-08T04:22:14.2617686Z --- PASS: TestRejectInvalidInstallDirs/C:\prn\app (0.00s)
2026-10-08T04:22:14.2618431Z === RUN   TestRejectInvalidInstallDirs/C:\AUX\app
2026-10-08T04:22:14.2619166Z --- PASS: TestRejectInvalidInstallDirs/C:\AUX\app (0.00s)
2026-10-08T04:22:14.2619848Z === RUN   TestRejectInvalidInstallDirs/C:\nul\app
2026-10-08T04:22:14.2620606Z --- PASS: TestRejectInvalidInstallDirs/C:\nul\app (0.00s)
2026-10-08T04:22:14.2623096Z === RUN   TestRejectInvalidInstallDirs/C:\COM1\app
2026-10-08T04:22:14.2623857Z --- PASS: TestRejectInvalidInstallDirs/C:\COM1\app (0.00s)
2026-10-08T04:22:14.2624533Z === RUN   TestRejectInvalidInstallDirs/C:\COM9\app
2026-10-08T04:22:14.2624988Z --- PASS: TestRejectInvalidInstallDirs/C:\COM9\app (0.00s)
2026-10-08T04:22:14.2625443Z === RUN   TestRejectInvalidInstallDirs/C:\lpt1\app
2026-10-08T04:22:14.2625901Z --- PASS: TestRejectInvalidInstallDirs/C:\lpt1\app (0.00s)
2026-10-08T04:22:14.2626505Z === RUN   TestRejectInvalidInstallDirs/C:\LPT9\app
2026-10-08T04:22:14.2627098Z --- PASS: TestRejectInvalidInstallDirs/C:\LPT9\app (0.00s)
2026-10-08T04:22:14.2627725Z === RUN   TestRejectInvalidInstallDirs/C:\NUL.txt\app
2026-10-08T04:22:14.2628314Z --- PASS: TestRejectInvalidInstallDirs/C:\NUL.txt\app (0.00s)
2026-10-08T04:22:14.2628884Z === RUN   TestRejectInvalidInstallDirs/C:\con_.txt\app
2026-10-08T04:22:14.2629362Z --- PASS: TestRejectInvalidInstallDirs/C:\con_.txt\app (0.00s)
2026-10-08T04:22:14.2629806Z --- PASS: TestRejectInvalidInstallDirs (0.00s)
2026-10-08T04:22:14.2630171Z === RUN   TestProductAndDefaultFolders
2026-10-08T04:22:14.2630544Z --- PASS: TestProductAndDefaultFolders (0.00s)
2026-10-08T04:22:14.2631026Z === RUN   TestFinalDirectoryReadsBothFilesForEveryExecutionOutcome
2026-10-08T04:22:14.2631598Z === RUN   TestFinalDirectoryReadsBothFilesForEveryExecutionOutcome/ok
2026-10-08T04:22:14.2632675Z --- PASS: TestFinalDirectoryReadsBothFilesForEveryExecutionOutcome/ok (0.01s)
2026-10-08T04:22:14.2633552Z === RUN   TestFinalDirectoryReadsBothFilesForEveryExecutionOutcome/mixed
2026-10-08T04:22:14.2682519Z --- PASS: TestFinalDirectoryReadsBothFilesForEveryExecutionOutcome/mixed (0.01s)
2026-10-08T04:22:14.2683832Z === RUN   TestFinalDirectoryReadsBothFilesForEveryExecutionOutcome/failed
2026-10-08T04:22:14.2737261Z --- PASS: TestFinalDirectoryReadsBothFilesForEveryExecutionOutcome/failed (0.01s)
2026-10-08T04:22:14.2738101Z === RUN   TestFinalDirectoryReadsBothFilesForEveryExecutionOutcome/still_running
2026-10-08T04:22:14.2824241Z --- PASS: TestFinalDirectoryReadsBothFilesForEveryExecutionOutcome/still_running (0.01s)
2026-10-08T04:22:14.2825900Z === RUN   TestFinalDirectoryReadsBothFilesForEveryExecutionOutcome/timeout
2026-10-08T04:22:14.3091676Z --- PASS: TestFinalDirectoryReadsBothFilesForEveryExecutionOutcome/timeout (0.03s)
2026-10-08T04:22:14.3094354Z === RUN   TestFinalDirectoryReadsBothFilesForEveryExecutionOutcome/voided
2026-10-08T04:22:14.3152936Z --- PASS: TestFinalDirectoryReadsBothFilesForEveryExecutionOutcome/voided (0.01s)
2026-10-08T04:22:14.3155272Z === RUN   TestFinalDirectoryReadsBothFilesForEveryExecutionOutcome/missing
2026-10-08T04:22:14.3198517Z --- PASS: TestFinalDirectoryReadsBothFilesForEveryExecutionOutcome/missing (0.00s)
2026-10-08T04:22:14.3199573Z === RUN   TestFinalDirectoryReadsBothFilesForEveryExecutionOutcome/not_started
2026-10-08T04:22:14.3247151Z --- PASS: TestFinalDirectoryReadsBothFilesForEveryExecutionOutcome/not_started (0.00s)
2026-10-08T04:22:14.3248218Z === RUN   TestFinalDirectoryReadsBothFilesForEveryExecutionOutcome/no_manager
2026-10-08T04:22:14.3296006Z --- PASS: TestFinalDirectoryReadsBothFilesForEveryExecutionOutcome/no_manager (0.00s)
2026-10-08T04:22:14.3296988Z === RUN   TestFinalDirectoryReadsBothFilesForEveryExecutionOutcome/read_error
2026-10-08T04:22:14.3348145Z --- PASS: TestFinalDirectoryReadsBothFilesForEveryExecutionOutcome/read_error (0.01s)
2026-10-08T04:22:14.3349020Z --- PASS: TestFinalDirectoryReadsBothFilesForEveryExecutionOutcome (0.08s)
2026-10-08T04:22:14.3349661Z === RUN   TestFinalDirectoryExecutionPathsAreExactlyInstalledPaths
2026-10-08T04:22:14.3412365Z --- PASS: TestFinalDirectoryExecutionPathsAreExactlyInstalledPaths (0.01s)
2026-10-08T04:22:14.3413153Z === RUN   TestFinalDirectoryUpgradeExecutesOnlyChangedFiles
2026-10-08T04:22:14.3464247Z --- PASS: TestFinalDirectoryUpgradeExecutesOnlyChangedFiles (0.01s)
2026-10-08T04:22:14.3466802Z === RUN   TestFinalDirectoryExecutionBudgetStartsAtStableFile
2026-10-08T04:22:14.3513140Z --- PASS: TestFinalDirectoryExecutionBudgetStartsAtStableFile (0.00s)
2026-10-08T04:22:14.3514086Z === RUN   TestFinalDirectoryWindowsAdapterUsesFinalPathAndUnconditionalReads
2026-10-08T04:22:14.3526256Z --- PASS: TestFinalDirectoryWindowsAdapterUsesFinalPathAndUnconditionalReads (0.00s)
2026-10-08T04:22:14.3527042Z === RUN   TestFinalDirectoryHasNoStagingExecutionBranchOrLogFields
2026-10-08T04:22:14.3555824Z --- PASS: TestFinalDirectoryHasNoStagingExecutionBranchOrLogFields (0.00s)
2026-10-08T04:22:14.3556738Z === RUN   TestFinalDirectoryStillRunningOnlyRecordsStatus
2026-10-08T04:22:14.3563291Z --- PASS: TestFinalDirectoryStillRunningOnlyRecordsStatus (0.00s)
2026-10-08T04:22:14.3564276Z === RUN   TestPrewarmDefaultsOnWithExplicitControl
2026-10-08T04:22:14.3565232Z --- PASS: TestPrewarmDefaultsOnWithExplicitControl (0.00s)
2026-10-08T04:22:14.3566195Z === RUN   TestPrewarmSequentialAndFailureDoesNotStopNextFile
2026-10-08T04:22:14.3567292Z --- PASS: TestPrewarmSequentialAndFailureDoesNotStopNextFile (0.00s)
2026-10-08T04:22:14.3567881Z === RUN   TestPrewarmBudgetDoesNotWaitForABlockedFileRead
2026-10-08T04:22:14.3671809Z --- PASS: TestPrewarmBudgetDoesNotWaitForABlockedFileRead (0.01s)
2026-10-08T04:22:14.3672674Z === RUN   TestPrewarmReadsContentsWithoutChangingFiles
2026-10-08T04:22:14.3698000Z --- PASS: TestPrewarmReadsContentsWithoutChangingFiles (0.00s)
2026-10-08T04:22:14.3699082Z === RUN   TestSetupCommandLine
2026-10-08T04:22:14.3699702Z --- PASS: TestSetupCommandLine (0.00s)
2026-10-08T04:22:14.3700481Z === RUN   TestProgressMeasuresBothDiskPassesAndCapsBeforeExit
2026-10-08T04:22:14.3701386Z --- PASS: TestProgressMeasuresBothDiskPassesAndCapsBeforeExit (0.00s)
2026-10-08T04:22:14.3702111Z === RUN   TestStagesAndSpace
2026-10-08T04:22:14.3702637Z --- PASS: TestStagesAndSpace (0.00s)
2026-10-08T04:22:14.3704317Z === RUN   TestInstallStateRejectsDuplicateAttemptsAndClose
2026-10-08T04:22:14.3705174Z --- PASS: TestInstallStateRejectsDuplicateAttemptsAndClose (0.00s)
2026-10-08T04:22:14.3705759Z === RUN   TestR186PortableInstallerHandshakeAndCurrentUserCommand
2026-10-08T04:22:14.3706362Z --- PASS: TestR186PortableInstallerHandshakeAndCurrentUserCommand (0.00s)
2026-10-08T04:22:14.3706876Z === RUN   TestR201UpdateSkipsCRCManualKeepsCRC
2026-10-08T04:22:14.3707360Z --- PASS: TestR201UpdateSkipsCRCManualKeepsCRC (0.00s)
2026-10-08T04:22:14.3708055Z === RUN   TestR201NSISTimingRecordsRealStages
2026-10-08T04:22:14.4164923Z --- PASS: TestR201NSISTimingRecordsRealStages (0.05s)
2026-10-08T04:22:14.4166178Z === RUN   TestR201FailureReopensOriginalPortableOnlyAfterParentExit
2026-10-08T04:22:14.4182972Z --- PASS: TestR201FailureReopensOriginalPortableOnlyAfterParentExit (0.00s)
2026-10-08T04:22:14.4185055Z === RUN   TestR204UpgradeProgressStages
2026-10-08T04:22:14.4185770Z --- PASS: TestR204UpgradeProgressStages (0.00s)
2026-10-08T04:22:14.4186549Z === RUN   TestR204UninstallTwentySecondsSmooth
2026-10-08T04:22:14.4187182Z --- PASS: TestR204UninstallTwentySecondsSmooth (0.00s)
2026-10-08T04:22:14.4187614Z === RUN   TestR204TimingImportAndNull
2026-10-08T04:22:14.4358671Z --- PASS: TestR204TimingImportAndNull (0.02s)
2026-10-08T04:22:14.4359533Z === RUN   TestR205ManualInstallHasNoShortcutGuard
2026-10-08T04:22:14.4360362Z --- PASS: TestR205ManualInstallHasNoShortcutGuard (0.00s)
2026-10-08T04:22:14.4360804Z === RUN   TestR205ShortcutCreationChanged
2026-10-08T04:22:14.4361212Z --- PASS: TestR205ShortcutCreationChanged (0.00s)
2026-10-08T04:22:14.4361638Z === RUN   TestR205ShortcutRestoreCases
2026-10-08T04:22:14.4362006Z === RUN   TestR205ShortcutRestoreCases/deleted
2026-10-08T04:22:14.4560933Z --- PASS: TestR205ShortcutRestoreCases/deleted (0.02s)
2026-10-08T04:22:14.4561913Z === RUN   TestR205ShortcutRestoreCases/recreated
2026-10-08T04:22:14.4791289Z --- PASS: TestR205ShortcutRestoreCases/recreated (0.02s)
2026-10-08T04:22:14.4792379Z === RUN   TestR205ShortcutRestoreCases/unchanged
2026-10-08T04:22:14.4982775Z --- PASS: TestR205ShortcutRestoreCases/unchanged (0.02s)
2026-10-08T04:22:14.4984442Z === RUN   TestR205ShortcutRestoreCases/target_missing
2026-10-08T04:22:14.5184452Z --- PASS: TestR205ShortcutRestoreCases/target_missing (0.02s)
2026-10-08T04:22:14.5186914Z === RUN   TestR205ShortcutRestoreCases/backup_failed
2026-10-08T04:22:14.5377894Z --- PASS: TestR205ShortcutRestoreCases/backup_failed (0.02s)
2026-10-08T04:22:14.5378907Z === RUN   TestR205ShortcutRestoreCases/restore_failed
2026-10-08T04:22:14.5557599Z --- PASS: TestR205ShortcutRestoreCases/restore_failed (0.02s)
2026-10-08T04:22:14.5558761Z === RUN   TestR205ShortcutRestoreCases/state_unknown
2026-10-08T04:22:14.5756500Z --- PASS: TestR205ShortcutRestoreCases/state_unknown (0.02s)
2026-10-08T04:22:14.5757715Z --- PASS: TestR205ShortcutRestoreCases (0.14s)
2026-10-08T04:22:14.5758727Z === RUN   TestR205KeepShortcutsRepair
2026-10-08T04:22:14.5759497Z === RUN   TestR205KeepShortcutsRepair/missing_with_desktop
2026-10-08T04:22:14.5760722Z --- PASS: TestR205KeepShortcutsRepair/missing_with_desktop (0.00s)
2026-10-08T04:22:14.5761886Z === RUN   TestR205KeepShortcutsRepair/already_true
2026-10-08T04:22:14.5762863Z --- PASS: TestR205KeepShortcutsRepair/already_true (0.00s)
2026-10-08T04:22:14.5764118Z === RUN   TestR205KeepShortcutsRepair/no_desktop
2026-10-08T04:22:14.5765475Z --- PASS: TestR205KeepShortcutsRepair/no_desktop (0.00s)
2026-10-08T04:22:14.5766706Z === RUN   TestR205KeepShortcutsRepair/portable
2026-10-08T04:22:14.5767703Z --- PASS: TestR205KeepShortcutsRepair/portable (0.00s)
2026-10-08T04:22:14.5768438Z === RUN   TestR205KeepShortcutsRepair/unknown
2026-10-08T04:22:14.5769131Z --- PASS: TestR205KeepShortcutsRepair/unknown (0.00s)
2026-10-08T04:22:14.5770500Z === RUN   TestR205KeepShortcutsRepair/permission
2026-10-08T04:22:14.5773010Z --- PASS: TestR205KeepShortcutsRepair/permission (0.00s)
2026-10-08T04:22:14.5773579Z --- PASS: TestR205KeepShortcutsRepair (0.00s)
2026-10-08T04:22:14.5774198Z === RUN   TestR205MenuRecreationDiagnostic
2026-10-08T04:22:14.5775428Z --- PASS: TestR205MenuRecreationDiagnostic (0.00s)
2026-10-08T04:22:14.5775831Z === RUN   TestR205WindowsShortcutRoundTrip
2026-10-08T04:22:14.5776247Z === RUN   TestR205WindowsShortcutRoundTrip/same_target
2026-10-08T04:22:14.6426388Z --- PASS: TestR205WindowsShortcutRoundTrip/same_target (0.07s)
2026-10-08T04:22:14.6427100Z === RUN   TestR205WindowsShortcutRoundTrip/changed_target
2026-10-08T04:22:14.6741354Z --- PASS: TestR205WindowsShortcutRoundTrip/changed_target (0.03s)
2026-10-08T04:22:14.6742770Z --- PASS: TestR205WindowsShortcutRoundTrip (0.10s)
2026-10-08T04:22:14.6743621Z === RUN   TestR205WindowsShortcutTargetAlias
2026-10-08T04:22:14.6769241Z --- PASS: TestR205WindowsShortcutTargetAlias (0.00s)
2026-10-08T04:22:14.6769930Z === RUN   TestR205WindowsKeepShortcutsStringValue
2026-10-08T04:22:14.6774499Z --- PASS: TestR205WindowsKeepShortcutsStringValue (0.00s)
2026-10-08T04:22:14.6775477Z === RUN   TestR205WindowsCOMAlreadyInitialized
2026-10-08T04:22:14.6777102Z --- PASS: TestR205WindowsCOMAlreadyInitialized (0.00s)
2026-10-08T04:22:14.6777941Z === RUN   TestR206StableIconUnchangedDoesNotWrite
2026-10-08T04:22:14.6811267Z --- PASS: TestR206StableIconUnchangedDoesNotWrite (0.00s)
2026-10-08T04:22:14.6813326Z === RUN   TestR206IconOnlyChangesIconAndPreservesCreation
2026-10-08T04:22:14.7211011Z --- PASS: TestR206IconOnlyChangesIconAndPreservesCreation (0.04s)
2026-10-08T04:22:14.7211639Z === RUN   TestR212PayloadReleaseOverlapsTwoSecondParentWait
2026-10-08T04:22:16.7215641Z --- PASS: TestR212PayloadReleaseOverlapsTwoSecondParentWait (2.00s)
2026-10-08T04:22:16.7216804Z === RUN   TestR212PayloadFailureAndFailedWaitCleanup
2026-10-08T04:22:16.7239747Z --- PASS: TestR212PayloadFailureAndFailedWaitCleanup (0.00s)
2026-10-08T04:22:16.7240779Z === RUN   TestR212NSISDetailImportAndRetry
2026-10-08T04:22:16.7769581Z --- PASS: TestR212NSISDetailImportAndRetry (0.05s)
2026-10-08T04:22:16.7770832Z === RUN   TestR86WindowsDestinationPreflightSmoke
2026-10-08T04:22:16.7800944Z --- PASS: TestR86WindowsDestinationPreflightSmoke (0.00s)
2026-10-08T04:22:16.7801941Z === RUN   TestR86WindowsDialogDirectoryAndDiskHelpers
2026-10-08T04:22:16.7816140Z --- PASS: TestR86WindowsDialogDirectoryAndDiskHelpers (0.00s)
2026-10-08T04:22:16.7817078Z === RUN   TestWindowsResourcesMatchManifestAndWindowIcon
2026-10-08T04:22:16.7821485Z --- PASS: TestWindowsResourcesMatchManifestAndWindowIcon (0.00s)
2026-10-08T04:22:16.7822909Z === RUN   TestStartupLogAndRealCollectorStayCoupledForSuccessAndLaunchFailure
2026-10-08T04:22:16.8513010Z --- PASS: TestStartupLogAndRealCollectorStayCoupledForSuccessAndLaunchFailure (0.07s)
2026-10-08T04:22:16.8514406Z === RUN   TestWindowsRealLaunchMustUseSanitizedCommandAndTimedLogger
2026-10-08T04:22:16.8517975Z --- PASS: TestWindowsRealLaunchMustUseSanitizedCommandAndTimedLogger (0.00s)
2026-10-08T04:22:16.8519117Z === RUN   TestWindowsPollStartsExecutionBeforeCompletionWithoutChangingCompletionPolicy
2026-10-08T04:22:16.8527079Z --- PASS: TestWindowsPollStartsExecutionBeforeCompletionWithoutChangingCompletionPolicy (0.00s)
2026-10-08T04:22:16.8528077Z === RUN   TestRenderUIAndUnsafeOrMissingInputs
2026-10-08T04:22:16.8543879Z --- PASS: TestRenderUIAndUnsafeOrMissingInputs (0.00s)
2026-10-08T04:22:16.8544800Z === RUN   TestDocsAreTemplateSafe
2026-10-08T04:22:16.8548418Z --- PASS: TestDocsAreTemplateSafe (0.00s)
2026-10-08T04:22:16.8549019Z === RUN   TestUIBridgeContract
2026-10-08T04:22:16.8576428Z --- PASS: TestUIBridgeContract (0.00s)
2026-10-08T04:22:16.8577238Z === RUN   TestUpdateModeArgumentsPageAndCommand
2026-10-08T04:22:16.8596535Z --- PASS: TestUpdateModeArgumentsPageAndCommand (0.00s)
2026-10-08T04:22:16.8597830Z === RUN   TestUpdateCompletionWordingStaysCoupledToTemplate
2026-10-08T04:22:16.8615427Z --- PASS: TestUpdateCompletionWordingStaysCoupledToTemplate (0.00s)
2026-10-08T04:22:16.8619123Z === RUN   TestUpdateDestinationMustExistAndBeWritable
2026-10-08T04:22:16.8647821Z --- PASS: TestUpdateDestinationMustExistAndBeWritable (0.00s)
2026-10-08T04:22:16.8648482Z PASS
2026-10-08T04:22:16.8707502Z ok  	deeplegends/installer	3.321s
2026-10-08T04:22:16.9378986Z R225_GO_VERIFIED {"module":"installer","duration_ms":5356,"expected":100,"passed":100,"skipped":0,"required":100,"requiredPassed":["deeplegends/installer/TestLaunchEnvironmentChild","deeplegends/installer/TestExecuteWarmEnvironmentCannotLeakIntoRealApplication","deeplegends/installer/TestExecuteWarmCommandsUseOnlyImmediateExitEntrypoints","deeplegends/installer/TestExecuteWarmCommandCancellationReapsOnlyItsChild","deeplegends/installer/TestInstallationSuccessAlwaysRunsHandoffIncludingUpdate","deeplegends/installer/TestInstallationFailureNeverLaunchesApplication","deeplegends/installer/TestInstallerExitChildProcess","deeplegends/installer/TestInstallerExitOnlyClosesItsWindowAndKeepsChildAlive","deeplegends/installer/TestWindowsInstallCompletionCannotBypassPortableUpdateHandoff","deeplegends/installer/TestWindowsHandoffExitAdapterCannotTerminateApplication","deeplegends/installer/TestR248DefaultInstallerNoActivationText","deeplegends/installer/TestExecuteWarmupStartsBothProcessesWhileFakeNSISStillRunning","deeplegends/installer/TestExecuteWarmupRequiresStableFinalFileAndVoidsRewrittenExecutable","deeplegends/installer/TestExecuteWarmupRejectsUnchangedUpgradeFilesAndUnreadableFiles","deeplegends/installer/TestExecuteWarmupCannotBeginAfterNSISExit","deeplegends/installer/TestExecuteWarmupFailuresAndBlockedProcessNeverHoldInstallationHandoff","deeplegends/installer/TestExecuteWarmupVoidsSameSizeMtimeChangeAndReplacedFile","deeplegends/installer/TestExecuteWarmupExplicitControlDoesNotInspectOrExecute","deeplegends/installer/TestExecuteWarmConfigDefaultsOffAndReadsBothFiles","deeplegends/installer/TestExecuteWarmConfigExplicitOneRetainsExecutionAndBothReads","deeplegends/installer/TestExecuteWarmConfigMasterDisableOverridesOptIn","deeplegends/installer/TestApplicationWindowRequiresPIDVisibilityAndUsefulSize","deeplegends/installer/TestApplicationHandoffKeepsInstallerUntilItsWindow","deeplegends/installer/TestApplicationHandoffTimeoutAlsoBoundsBlockedOrFailedLaunch","deeplegends/installer/TestWindowsApplicationWindowDetection","deeplegends/installer/TestWindowsMissingApplicationDoesNotYieldAPID","deeplegends/installer/TestWindowsInstallMessageCannotBypassCompletion","deeplegends/installer/TestWindowsInstallMessageCallbackUsesSharedDispatcher","deeplegends/installer/TestWindowsInstallAutoUpdateUsesSharedDispatcher","deeplegends/installer/TestNormalizeInstallDir","deeplegends/installer/TestRejectInvalidInstallDirs","deeplegends/installer/TestProductAndDefaultFolders","deeplegends/installer/TestFinalDirectoryReadsBothFilesForEveryExecutionOutcome","deeplegends/installer/TestFinalDirectoryExecutionPathsAreExactlyInstalledPaths","deeplegends/installer/TestFinalDirectoryUpgradeExecutesOnlyChangedFiles","deeplegends/installer/TestFinalDirectoryExecutionBudgetStartsAtStableFile","deeplegends/installer/TestFinalDirectoryWindowsAdapterUsesFinalPathAndUnconditionalReads","deeplegends/installer/TestFinalDirectoryHasNoStagingExecutionBranchOrLogFields","deeplegends/installer/TestFinalDirectoryStillRunningOnlyRecordsStatus","deeplegends/installer/TestPrewarmDefaultsOnWithExplicitControl","deeplegends/installer/TestPrewarmSequentialAndFailureDoesNotStopNextFile","deeplegends/installer/TestPrewarmBudgetDoesNotWaitForABlockedFileRead","deeplegends/installer/TestPrewarmReadsContentsWithoutChangingFiles","deeplegends/installer/TestSetupCommandLine","deeplegends/installer/TestProgressMeasuresBothDiskPassesAndCapsBeforeExit","deeplegends/installer/TestStagesAndSpace","deeplegends/installer/TestInstallStateRejectsDuplicateAttemptsAndClose","deeplegends/installer/TestR186PortableInstallerHandshakeAndCurrentUserCommand","deeplegends/installer/TestR201UpdateSkipsCRCManualKeepsCRC","deeplegends/installer/TestR201NSISTimingRecordsRealStages","deeplegends/installer/TestR201FailureReopensOriginalPortableOnlyAfterParentExit","deeplegends/installer/TestR204UpgradeProgressStages","deeplegends/installer/TestR204UninstallTwentySecondsSmooth","deeplegends/installer/TestR204TimingImportAndNull","deeplegends/installer/TestR205ManualInstallHasNoShortcutGuard","deeplegends/installer/TestR205ShortcutCreationChanged","deeplegends/installer/TestR205ShortcutRestoreCases","deeplegends/installer/TestR205KeepShortcutsRepair","deeplegends/installer/TestR205MenuRecreationDiagnostic","deeplegends/installer/TestR205WindowsShortcutRoundTrip","deeplegends/installer/TestR205WindowsShortcutTargetAlias","deeplegends/installer/TestR205WindowsKeepShortcutsStringValue","deeplegends/installer/TestR205WindowsCOMAlreadyInitialized","deeplegends/installer/TestR206StableIconUnchangedDoesNotWrite","deeplegends/installer/TestR206IconOnlyChangesIconAndPreservesCreation","deeplegends/installer/TestR212PayloadReleaseOverlapsTwoSecondParentWait","deeplegends/installer/TestR212PayloadFailureAndFailedWaitCleanup","deeplegends/installer/TestR212NSISDetailImportAndRetry","deeplegends/installer/TestR86WindowsDestinationPreflightSmoke","deeplegends/installer/TestR86WindowsDialogDirectoryAndDiskHelpers","deeplegends/installer/TestWindowsResourcesMatchManifestAndWindowIcon","deeplegends/installer/TestStartupLogAndRealCollectorStayCoupledForSuccessAndLaunchFailure","deeplegends/installer/TestWindowsRealLaunchMustUseSanitizedCommandAndTimedLogger","deeplegends/installer/TestWindowsPollStartsExecutionBeforeCompletionWithoutChangingCompletionPolicy","deeplegends/installer/TestRenderUIAndUnsafeOrMissingInputs","deeplegends/installer/TestDocsAreTemplateSafe","deeplegends/installer/TestUIBridgeContract","deeplegends/installer/TestUpdateModeArgumentsPageAndCommand","deeplegends/installer/TestUpdateCompletionWordingStaysCoupledToTemplate","deeplegends/installer/TestUpdateDestinationMustExistAndBeWritable","deeplegends/installer/internal/webviewhost/TestCOMSlotsMatchCompleteDependencyInterfaces","deeplegends/installer/internal/webviewhost/TestSettingsUseHRESULTAcrossEntireConfiguration","deeplegends/installer/internal/webviewhost/TestStartupLogSurvivesMissingGUIConsoleAndRepeatedLaunch","deeplegends/installer/internal/webviewhost/TestWindowRequiresDocumentAndNavigation","deeplegends/installer/internal/webviewhost/TestStartupFailuresFallbackExactlyOnce","deeplegends/installer/internal/webviewhost/TestClosingStartupDoesNotLaunchFallbackOrShowLateWindow","deeplegends/installer/internal/webviewhost/TestDocumentInitialStateIsInlineAndBounded","deeplegends/installer/internal/webviewhost/TestStartupFailureRetainsDiagnosticStage","deeplegends/installer/internal/webviewhost/TestCOMUsesHRESULTInsteadOfThreadLastError","deeplegends/installer/internal/webviewhost/TestFailedNavigationEventIsNotReadiness","deeplegends/installer/uninstall/TestPrepareLaunchUsesResourcePayloadOnly","deeplegends/installer/uninstall/TestPrepareLaunchRejectsMissingOrInvalidPayload","deeplegends/installer/uninstall/TestWindowsResourcesMatchManifestAndWindowIcon","deeplegends/installer/uninstall/TestUninstallProgressDeletionPrecedesProcessExit","deeplegends/installer/uninstall/TestUninstallProgressEmptyFilesAndZeroBaseline","deeplegends/installer/uninstall/TestSnapshotsMeasureActualRemovalAndSkipLinks","deeplegends/installer/uninstall/TestUninstallDataDeletionAndCompletion","deeplegends/installer/uninstall/TestSilentDispatchNeverCreatesWindow","deeplegends/installer/uninstall/TestCoreCommandPreservesUpgradeFlagsAndNSISTail","deeplegends/installer/uninstall/TestUninstallDesignAndState"]}
2026-10-08T04:22:17.0551046Z ##[group]Run go test -c -o "$env:RUNNER_TEMP/r252-r104.test.exe" ./backend
2026-10-08T04:22:17.0552134Z [36;1mgo test -c -o "$env:RUNNER_TEMP/r252-r104.test.exe" ./backend[0m
2026-10-08T04:22:17.0553011Z [36;1mif ($LASTEXITCODE -ne 0) { throw "R104 soak compilation failed" }[0m
2026-10-08T04:22:17.0553866Z [36;1mpython scripts/r252-r104-soak.py --binary "$env:RUNNER_TEMP/r252-r104.test.exe" --output "$env:RUNNER_TEMP/r252-r104-windows" --iterations 30[0m
2026-10-08T04:22:17.0554652Z [36;1mif ($LASTEXITCODE -ne 0) { throw "R104 soak failure; original timelines retained" }[0m
2026-10-08T04:22:17.0634736Z shell: C:\Program Files\PowerShell\7\pwsh.EXE -command ". '{0}'"
2026-10-08T04:22:17.0635124Z ##[endgroup]
2026-10-08T04:22:21.8039463Z {"iteration": 1, "start": "2026-10-08T12:22:21.126767+08:00", "elapsed_seconds": 0.687, "exit_code": 0, "passed": true, "timeline_logged": true}
2026-10-08T04:22:22.4064440Z {"iteration": 2, "start": "2026-10-08T12:22:21.803245+08:00", "elapsed_seconds": 0.594, "exit_code": 0, "passed": true, "timeline_logged": true}
2026-10-08T04:22:23.0359068Z {"iteration": 3, "start": "2026-10-08T12:22:22.405087+08:00", "elapsed_seconds": 0.641, "exit_code": 0, "passed": true, "timeline_logged": true}
2026-10-08T04:22:23.7486045Z {"iteration": 4, "start": "2026-10-08T12:22:23.034627+08:00", "elapsed_seconds": 0.703, "exit_code": 0, "passed": true, "timeline_logged": true}
2026-10-08T04:22:24.4093679Z {"iteration": 5, "start": "2026-10-08T12:22:23.748153+08:00", "elapsed_seconds": 0.672, "exit_code": 0, "passed": true, "timeline_logged": true}
2026-10-08T04:22:25.1262178Z {"iteration": 6, "start": "2026-10-08T12:22:24.409107+08:00", "elapsed_seconds": 0.703, "exit_code": 0, "passed": true, "timeline_logged": true}
2026-10-08T04:22:25.7422486Z {"iteration": 7, "start": "2026-10-08T12:22:25.126001+08:00", "elapsed_seconds": 0.625, "exit_code": 0, "passed": true, "timeline_logged": true}
2026-10-08T04:22:26.4760792Z {"iteration": 8, "start": "2026-10-08T12:22:25.741522+08:00", "elapsed_seconds": 0.734, "exit_code": 0, "passed": true, "timeline_logged": true}
2026-10-08T04:22:27.1661367Z {"iteration": 9, "start": "2026-10-08T12:22:26.475747+08:00", "elapsed_seconds": 0.688, "exit_code": 0, "passed": true, "timeline_logged": true}
2026-10-08T04:22:27.7901296Z {"iteration": 10, "start": "2026-10-08T12:22:27.165760+08:00", "elapsed_seconds": 0.625, "exit_code": 0, "passed": true, "timeline_logged": true}
2026-10-08T04:22:28.4455501Z {"iteration": 11, "start": "2026-10-08T12:22:27.789976+08:00", "elapsed_seconds": 0.656, "exit_code": 0, "passed": true, "timeline_logged": true}
2026-10-08T04:22:29.0429248Z {"iteration": 12, "start": "2026-10-08T12:22:28.445314+08:00", "elapsed_seconds": 0.594, "exit_code": 0, "passed": true, "timeline_logged": true}
2026-10-08T04:22:30.0981777Z {"iteration": 13, "start": "2026-10-08T12:22:29.042314+08:00", "elapsed_seconds": 1.062, "exit_code": 0, "passed": true, "timeline_logged": true}
2026-10-08T04:22:31.6069480Z {"iteration": 14, "start": "2026-10-08T12:22:30.097774+08:00", "elapsed_seconds": 1.5, "exit_code": 0, "passed": true, "timeline_logged": true}
2026-10-08T04:22:33.1762708Z {"iteration": 15, "start": "2026-10-08T12:22:31.605167+08:00", "elapsed_seconds": 1.578, "exit_code": 0, "passed": true, "timeline_logged": true}
2026-10-08T04:22:34.1142580Z {"iteration": 16, "start": "2026-10-08T12:22:33.175529+08:00", "elapsed_seconds": 0.938, "exit_code": 0, "passed": true, "timeline_logged": true}
2026-10-08T04:22:34.7294330Z {"iteration": 17, "start": "2026-10-08T12:22:34.114001+08:00", "elapsed_seconds": 0.609, "exit_code": 0, "passed": true, "timeline_logged": true}
2026-10-08T04:22:35.3444197Z {"iteration": 18, "start": "2026-10-08T12:22:34.727634+08:00", "elapsed_seconds": 0.61, "exit_code": 0, "passed": true, "timeline_logged": true}
2026-10-08T04:22:35.9617483Z {"iteration": 19, "start": "2026-10-08T12:22:35.343526+08:00", "elapsed_seconds": 0.625, "exit_code": 0, "passed": true, "timeline_logged": true}
2026-10-08T04:22:36.6394553Z {"iteration": 20, "start": "2026-10-08T12:22:35.959914+08:00", "elapsed_seconds": 0.672, "exit_code": 0, "passed": true, "timeline_logged": true}
2026-10-08T04:22:37.2510003Z {"iteration": 21, "start": "2026-10-08T12:22:36.638779+08:00", "elapsed_seconds": 0.609, "exit_code": 0, "passed": true, "timeline_logged": true}
2026-10-08T04:22:37.8711871Z {"iteration": 22, "start": "2026-10-08T12:22:37.250375+08:00", "elapsed_seconds": 0.625, "exit_code": 0, "passed": true, "timeline_logged": true}
2026-10-08T04:22:38.4700560Z {"iteration": 23, "start": "2026-10-08T12:22:37.870784+08:00", "elapsed_seconds": 0.594, "exit_code": 0, "passed": true, "timeline_logged": true}
2026-10-08T04:22:39.0988777Z {"iteration": 24, "start": "2026-10-08T12:22:38.468991+08:00", "elapsed_seconds": 0.64, "exit_code": 0, "passed": true, "timeline_logged": true}
2026-10-08T04:22:39.7257757Z {"iteration": 25, "start": "2026-10-08T12:22:39.098248+08:00", "elapsed_seconds": 0.625, "exit_code": 0, "passed": true, "timeline_logged": true}
2026-10-08T04:22:40.3252921Z {"iteration": 26, "start": "2026-10-08T12:22:39.725136+08:00", "elapsed_seconds": 0.594, "exit_code": 0, "passed": true, "timeline_logged": true}
2026-10-08T04:22:40.9723516Z {"iteration": 27, "start": "2026-10-08T12:22:40.324245+08:00", "elapsed_seconds": 0.656, "exit_code": 0, "passed": true, "timeline_logged": true}
2026-10-08T04:22:41.7121342Z {"iteration": 28, "start": "2026-10-08T12:22:40.971504+08:00", "elapsed_seconds": 0.735, "exit_code": 0, "passed": true, "timeline_logged": true}
2026-10-08T04:22:42.4734378Z {"iteration": 29, "start": "2026-10-08T12:22:41.711145+08:00", "elapsed_seconds": 0.765, "exit_code": 0, "passed": true, "timeline_logged": true}
2026-10-08T04:22:43.1170141Z {"iteration": 30, "start": "2026-10-08T12:22:42.473060+08:00", "elapsed_seconds": 0.641, "exit_code": 0, "passed": true, "timeline_logged": true}
2026-10-08T04:22:43.2455691Z ##[group]Run actions/upload-artifact@v4
2026-10-08T04:22:43.2456088Z with:
2026-10-08T04:22:43.2456629Z   name: r252-r104-windows
2026-10-08T04:22:43.2456897Z   path: D:\a\_temp/r252-r104-windows/**
2026-10-08T04:22:43.2457200Z   if-no-files-found: warn
2026-10-08T04:22:43.2457431Z   compression-level: 6
2026-10-08T04:22:43.2457652Z   overwrite: false
2026-10-08T04:22:43.2457864Z   include-hidden-files: false
2026-10-08T04:22:43.2458097Z ##[endgroup]
2026-10-08T04:22:43.4397612Z (node:1084) [DEP0040] DeprecationWarning: The `punycode` module is deprecated. Please use a userland alternative instead.
2026-10-08T04:22:43.4400574Z (Use `node --trace-deprecation ...` to show where the warning was created)
2026-10-08T04:22:43.4534666Z With the provided path, there will be 31 files uploaded
2026-10-08T04:22:43.4540621Z Artifact name is valid!
2026-10-08T04:22:43.4542095Z Root directory input is valid!
2026-10-08T04:22:43.8521223Z Beginning upload of artifact content to blob storage
2026-10-08T04:22:43.9128696Z (node:1084) [DEP0169] DeprecationWarning: `url.parse()` behavior is not standardized and prone to errors that have security implications. Use the WHATWG URL API instead. CVEs are not issued for `url.parse()` vulnerabilities.
2026-10-08T04:22:44.2624915Z Uploaded bytes 21173
2026-10-08T04:22:44.3419843Z Finished uploading artifact content to blob storage!
2026-10-08T04:22:44.3421403Z SHA256 digest of uploaded artifact zip is 77acf736cf851a682b8fc1319ba07f174feb2b133db0bde9c72e3ed98d74ffe1
2026-10-08T04:22:44.3423819Z Finalizing artifact upload
2026-10-08T04:22:44.6001540Z Artifact r252-r104-windows.zip successfully finalized. Artifact ID 11527849143
2026-10-08T04:22:44.6003017Z Artifact r252-r104-windows has been successfully uploaded! Final size is 21173 bytes. Artifact ID is 11527849143
2026-10-08T04:22:44.6013553Z Artifact download URL: https://github.com/LLYY0418/Deep-Legends/actions/runs/37726779989/artifacts/11527849143
2026-10-08T04:22:44.6363133Z ##[group]Run ./scripts/r252-diagnostic-time.test.ps1
2026-10-08T04:22:44.6363872Z [36;1m./scripts/r252-diagnostic-time.test.ps1[0m
2026-10-08T04:22:44.6453409Z shell: C:\Program Files\PowerShell\7\pwsh.EXE -command ". '{0}'"
2026-10-08T04:22:44.6453784Z ##[endgroup]
2026-10-08T04:22:45.3179454Z R252 old Parse(object) assertion mutation killed: R252_ASSERT_FRACTION: en-US/DateTimeOffset -> 1791426591000
2026-10-08T04:22:45.3205547Z R252 native diagnostic timestamp fractions PASS; exact install and earlier-event rejection retained
2026-10-08T04:22:45.4063688Z ##[group]Run node scripts/run-ci-tests.cjs node --expected-tests=2 --test-name-pattern="R86 Windows release|R222 Windows" desktop/release-quality-gates.test.cjs
2026-10-08T04:22:45.4064951Z [36;1mnode scripts/run-ci-tests.cjs node --expected-tests=2 --test-name-pattern="R86 Windows release|R222 Windows" desktop/release-quality-gates.test.cjs[0m
2026-10-08T04:22:45.4065762Z [36;1mif ($LASTEXITCODE -ne 0) { throw "Windows release gates failed" }[0m
2026-10-08T04:22:45.4066539Z [36;1mnode scripts/run-ci-tests.cjs node --expected-tests=1 --test-name-pattern="setup-only Windows CI skip" scripts/setup-only-build.test.cjs[0m
2026-10-08T04:22:45.4067327Z [36;1mif ($LASTEXITCODE -ne 0) { throw "Windows setup-only guards failed" }[0m
2026-10-08T04:22:45.4068136Z [36;1mnode scripts/run-ci-tests.cjs node --expected-tests=2 scripts/r82-startup-ab-script.test.cjs[0m
2026-10-08T04:22:45.4068745Z [36;1mif ($LASTEXITCODE -ne 0) { throw "PowerShell script guards failed" }[0m
2026-10-08T04:22:45.4140667Z shell: C:\Program Files\PowerShell\7\pwsh.EXE -command ". '{0}'"
2026-10-08T04:22:45.4141045Z env:
2026-10-08T04:22:45.4141263Z   R82_POWERSHELL: powershell.exe
2026-10-08T04:22:45.4141529Z ##[endgroup]
2026-10-08T04:22:45.8164936Z TAP version 13
2026-10-08T04:22:58.5278993Z # Subtest: R86 Windows release stops on a real failing Go test and rejects an independent early build
2026-10-08T04:22:58.5289794Z ok 1 - R86 Windows release stops on a real failing Go test and rejects an independent early build
2026-10-08T04:22:58.5293642Z   ---
2026-10-08T04:22:58.5294075Z   duration_ms: 9401.0185
2026-10-08T04:22:58.5294540Z   type: 'test'
2026-10-08T04:22:58.5294899Z   ...
2026-10-08T04:22:58.5301080Z # Subtest: R222 Windows release entry points reject CI skip locally before any side effect
2026-10-08T04:22:58.5304002Z ok 2 - R222 Windows release entry points reject CI skip locally before any side effect
2026-10-08T04:22:58.5304844Z   ---
2026-10-08T04:22:58.5305269Z   duration_ms: 3256.6546
2026-10-08T04:22:58.5305742Z   type: 'test'
2026-10-08T04:22:58.5306106Z   ...
2026-10-08T04:22:58.5400298Z 1..2
2026-10-08T04:22:58.5405305Z # tests 2
2026-10-08T04:22:58.5408634Z # suites 0
2026-10-08T04:22:58.5409037Z # pass 2
2026-10-08T04:22:58.5409397Z # fail 0
2026-10-08T04:22:58.5409769Z # cancelled 0
2026-10-08T04:22:58.5410159Z # skipped 0
2026-10-08T04:22:58.5410523Z # todo 0
2026-10-08T04:22:58.5410934Z # duration_ms 12743.5855
2026-10-08T04:22:58.5482034Z R225_NODE_VERIFIED {"tests":2,"pass":2,"fail":0,"cancelled":0,"skipped":0,"todo":0}
2026-10-08T04:22:58.6894446Z TAP version 13
2026-10-08T04:22:58.7452343Z # Subtest: setup-only Windows CI skip leaves NSIS, wrapper and receipt gates unconditional
2026-10-08T04:22:58.7462671Z ok 1 - setup-only Windows CI skip leaves NSIS, wrapper and receipt gates unconditional
2026-10-08T04:22:58.7467003Z   ---
2026-10-08T04:22:58.7467391Z   duration_ms: 1.6262
2026-10-08T04:22:58.7467708Z   type: 'test'
2026-10-08T04:22:58.7467943Z   ...
2026-10-08T04:22:58.7566244Z 1..1
2026-10-08T04:22:58.7567161Z # tests 1
2026-10-08T04:22:58.7569007Z # suites 0
2026-10-08T04:22:58.7571187Z # pass 1
2026-10-08T04:22:58.7574812Z # fail 0
2026-10-08T04:22:58.7577986Z # cancelled 0
2026-10-08T04:22:58.7578414Z # skipped 0
2026-10-08T04:22:58.7578783Z # todo 0
2026-10-08T04:22:58.7579188Z # duration_ms 87.2146
2026-10-08T04:22:58.7676214Z R225_NODE_VERIFIED {"tests":1,"pass":1,"fail":0,"cancelled":0,"skipped":0,"todo":0}
2026-10-08T04:22:58.9042056Z TAP version 13
2026-10-08T04:23:08.6222494Z # Subtest: R82 A/B receipt lookup and deduplication execute the real PowerShell script
2026-10-08T04:23:08.6237275Z ok 1 - R82 A/B receipt lookup and deduplication execute the real PowerShell script
2026-10-08T04:23:08.6238452Z   ---
2026-10-08T04:23:08.6238922Z   duration_ms: 1798.989
2026-10-08T04:23:08.6239376Z   type: 'test'
2026-10-08T04:23:08.6239730Z   ...
2026-10-08T04:23:08.6249244Z # Subtest: R82 A/B filename, hash mismatch and duplicate mutations reach failing assertions
2026-10-08T04:23:08.6250671Z ok 2 - R82 A/B filename, hash mismatch and duplicate mutations reach failing assertions
2026-10-08T04:23:08.6251824Z   ---
2026-10-08T04:23:08.6252244Z   duration_ms: 7604.6878
2026-10-08T04:23:08.6252702Z   type: 'test'
2026-10-08T04:23:08.6253083Z   ...
2026-10-08T04:23:08.6253920Z # KILLED lookup by filename: expected fixture assertion failed
2026-10-08T04:23:08.6257370Z # KILLED accept mismatched hash: expected fixture assertion failed
2026-10-08T04:23:08.6261959Z # KILLED disable duplicate preflight: expected fixture assertion failed
2026-10-08T04:23:08.6263040Z # KILLED count both groups: expected fixture assertion failed
2026-10-08T04:23:08.6263750Z # KILLED reject at two: expected fixture assertion failed
2026-10-08T04:23:08.6264511Z # KILLED wait until four: expected fixture assertion failed
2026-10-08T04:23:08.6265088Z # KILLED post-launch group check: installer mock was called before rejection
2026-10-08T04:23:08.6348012Z 1..2
2026-10-08T04:23:08.6348511Z # tests 2
2026-10-08T04:23:08.6348982Z # suites 0
2026-10-08T04:23:08.6349784Z # pass 2
2026-10-08T04:23:08.6351100Z # fail 0
2026-10-08T04:23:08.6351580Z # cancelled 0
2026-10-08T04:23:08.6352036Z # skipped 0
2026-10-08T04:23:08.6352473Z # todo 0
2026-10-08T04:23:08.6354056Z # duration_ms 9750.5777
2026-10-08T04:23:08.6425614Z R225_NODE_VERIFIED {"tests":2,"pass":2,"fail":0,"cancelled":0,"skipped":0,"todo":0}
2026-10-08T04:23:08.7551767Z ##[group]Run $version = node -p "require('./desktop/package.json').version"
2026-10-08T04:23:08.7552410Z [36;1m$version = node -p "require('./desktop/package.json').version"[0m
2026-10-08T04:23:08.7552947Z [36;1mif ($LASTEXITCODE -ne 0) { throw "Unable to read desktop package version" }[0m
2026-10-08T04:23:08.7553973Z [36;1m./build-desktop-windows.ps1 -Version $version -KeyMode public -SkipTestsInCI[0m
2026-10-08T04:23:08.7554516Z [36;1mif ($LASTEXITCODE -ne 0) { throw "Desktop build failed" }[0m
2026-10-08T04:23:08.7626680Z shell: C:\Program Files\PowerShell\7\pwsh.EXE -command ". '{0}'"
2026-10-08T04:23:08.7627057Z ##[endgroup]
2026-10-08T04:23:09.3958428Z Source line endings: normalized 0 files to LF.
2026-10-08T04:23:09.4632760Z Public build: no embedded Riot API key; KR queries require RIOT_API_KEY at runtime.
2026-10-08T04:23:13.7369587Z npm warn deprecated rimraf@2.6.3: Rimraf versions prior to v4 are no longer supported
2026-10-08T04:23:15.3872913Z npm warn deprecated inflight@1.0.6: This module is not supported, and leaks memory. Do not use it. Check out lru-cache if you want a good and tested way to coalesce async requests by a key value, which is much more comprehensive and powerful.
2026-10-08T04:23:15.5205704Z npm warn deprecated glob@7.2.3: Glob versions prior to v9 are no longer supported
2026-10-08T04:23:17.0043854Z npm warn deprecated boolean@3.2.0: Package no longer supported. Contact Support at https://www.npmjs.com/support for more info.
2026-10-08T04:23:20.6891834Z 
2026-10-08T04:23:20.6892630Z added 323 packages, and audited 324 packages in 11s
2026-10-08T04:23:20.6893059Z 
2026-10-08T04:23:20.6893235Z 56 packages are looking for funding
2026-10-08T04:23:20.6893580Z   run `npm fund` for details
2026-10-08T04:23:20.7495676Z 
2026-10-08T04:23:20.7496324Z 16 vulnerabilities (8 moderate, 8 high)
2026-10-08T04:23:20.7496666Z 
2026-10-08T04:23:20.7496951Z To address issues that do not require attention, run:
2026-10-08T04:23:20.7497433Z   npm audit fix
2026-10-08T04:23:20.7497601Z 
2026-10-08T04:23:20.7497885Z To address all issues (including breaking changes), run:
2026-10-08T04:23:20.7498340Z   npm audit fix --force
2026-10-08T04:23:20.7498533Z 
2026-10-08T04:23:20.7498685Z Run `npm audit` for details.
2026-10-08T04:24:00.7358307Z verified build fingerprint=f2794a1d683c
2026-10-08T04:24:01.1277362Z [33;1mWARNING: Desktop package is unsigned. SmartScreen may show Unknown publisher until a trusted certificate builds reputation.[0m
2026-10-08T04:24:03.3455372Z Uninstaller shell built: uninstall-shell.exe
2026-10-08T04:24:03.8014791Z 
2026-10-08T04:24:03.8015790Z > deep-legends-desktop@0.12.77 pack:win-setup
2026-10-08T04:24:03.8017695Z > electron-builder --win nsis --x64 --config.win.signExecutable=false --config.nsis.artifactName=Deep Legends Setup ${version}-public.${ext}
2026-10-08T04:24:03.8019117Z 
2026-10-08T04:24:04.6904840Z   • electron-builder  version=26.15.7 os=10.0.26100
2026-10-08T04:24:04.6911883Z   • Implicit publishing triggered by CI detection. This behavior will be disabled in electron-builder v27. Please use --publish explicitly.
2026-10-08T04:24:04.6968588Z   • loaded configuration  file=package.json ("build" field)
2026-10-08T04:24:06.6212008Z Setup compression: 7z level 9 (default 9)
2026-10-08T04:24:06.6228314Z   • executing @electron/rebuild  electronVersion=43.3.0 arch=x64 buildFromSource=false workspaceRoot=D:\a\Deep-Legends\Deep-Legends\desktop projectDir=./ appDir=./
2026-10-08T04:24:06.6231055Z   • installing native dependencies  arch=x64
2026-10-08T04:24:06.8876090Z   • completed installing native dependencies
2026-10-08T04:24:06.8961732Z   • packaging       platform=win32 arch=x64 electron=43.3.0 appOutDir=D:\a\Deep-Legends\Deep-Legends\dist\desktop\win-unpacked
2026-10-08T04:24:07.2407348Z   • downloaded      label=electron progress=100%
2026-10-08T04:24:11.9659508Z   • downloaded electron zip extracted successfully  output=D:\a\Deep-Legends\Deep-Legends\dist\desktop\win-unpacked
2026-10-08T04:24:12.0050257Z   • searching for node modules  pm=npm searchDir=D:\a\Deep-Legends\Deep-Legends\desktop
2026-10-08T04:24:13.2286696Z   • no node modules found in collection, trying next search directory  pm=npm searchDir=D:\a\Deep-Legends\Deep-Legends\desktop
2026-10-08T04:24:13.2288656Z   • searching for node modules  pm=traversal searchDir=D:\a\Deep-Legends\Deep-Legends\desktop
2026-10-08T04:24:13.2290368Z   • using manual traversal of node_modules to build dependency tree
2026-10-08T04:24:13.2306623Z   • no node modules found in collection, trying next search directory  pm=traversal searchDir=D:\a\Deep-Legends\Deep-Legends\desktop
2026-10-08T04:24:13.2309470Z   • no node modules returned while searching directories  searchDirectories=[""]
2026-10-08T04:24:13.9459441Z   • updating asar integrity executable resource  executablePath=D:\a\Deep-Legends\Deep-Legends\dist\desktop\win-unpacked\Deep Legends.exe
2026-10-08T04:24:14.0132093Z   • executing @electron/fuses  electronPath=D:\a\Deep-Legends\Deep-Legends\dist\desktop\win-unpacked\Deep Legends.exe
2026-10-08T04:24:14.9998523Z   • file signing skipped via signExecutable configuration  file=D:\a\Deep-Legends\Deep-Legends\dist\desktop\win-unpacked\Deep Legends.exe
2026-10-08T04:24:15.0019709Z   • building        target=nsis file=D:\a\Deep-Legends\Deep-Legends\dist\desktop\Deep Legends Setup 0.12.77-public.exe archs=x64 oneClick=false perMachine=false
2026-10-08T04:24:15.1832528Z   • downloaded      label=nsis-bundle-3.12.tar.gz progress=100%
2026-10-08T04:24:19.7963658Z   • downloaded      label=7zip-win-x64.tar.gz progress=100%
2026-10-08T04:26:14.1937647Z   • file signing skipped via signExecutable configuration  file=D:\a\Deep-Legends\Deep-Legends\dist\desktop\Deep Legends Setup 0.12.77-public.__uninstaller.exe
2026-10-08T04:26:16.2472283Z   • file signing skipped via signExecutable configuration  file=D:\a\Deep-Legends\Deep-Legends\dist\desktop\Deep Legends Setup 0.12.77-public.exe
2026-10-08T04:26:20.0621313Z Installer shell built: Deep Legends Setup 0.12.77-public.exe (349360641 installed bytes)
2026-10-08T04:26:20.1554330Z packaged desktop runtime verified: app-title.cjs, backend-digest.cjs, backend-evidence.cjs, backend-integrity.cjs, desktop-log.cjs, diagnostics-directory.cjs, diagnostics-export.cjs, license-build.cjs, license-gate.cjs, license-window.cjs, main.cjs, preload.cjs, process-metrics.cjs, proxy-resolution.cjs, share-export.cjs, ui-scale.cjs, window-bounds-store.cjs, window-bounds.cjs
2026-10-08T04:26:20.2469111Z verified build fingerprint=f2794a1d683c
2026-10-08T04:26:21.4093507Z Build distribution verified: public · f2794a1d683c
2026-10-08T04:26:22.4768770Z Desktop build complete: D:\a\Deep-Legends\Deep-Legends\dist\desktop
2026-10-08T04:26:22.5202552Z ##[group]Run Get-Content dist/desktop/SHA256SUMS-public.txt | ForEach-Object {
2026-10-08T04:26:22.5203299Z [36;1mGet-Content dist/desktop/SHA256SUMS-public.txt | ForEach-Object {[0m
2026-10-08T04:26:22.5203832Z [36;1m  $parts = $_ -split '  ', 2[0m
2026-10-08T04:26:22.5204468Z [36;1m  $actual = (Get-FileHash -Algorithm SHA256 (Join-Path dist/desktop $parts[1])).Hash.ToLowerInvariant()[0m
2026-10-08T04:26:22.5205171Z [36;1m  if ($actual -ne $parts[0]) { throw "Checksum mismatch: $($parts[1])" }[0m
2026-10-08T04:26:22.5205636Z [36;1m}[0m
2026-10-08T04:26:22.5287448Z shell: C:\Program Files\PowerShell\7\pwsh.EXE -command ". '{0}'"
2026-10-08T04:26:22.5303429Z ##[endgroup]
2026-10-08T04:26:23.1283243Z ##[group]Run $version = node -p "require('./desktop/package.json').version"
2026-10-08T04:26:23.1284011Z [36;1m$version = node -p "require('./desktop/package.json').version"[0m
2026-10-08T04:26:23.1284793Z [36;1m./scripts/r206-real-upgrade-windows.ps1 -Setup "dist/desktop/Deep Legends Setup $version-public.exe"[0m
2026-10-08T04:26:23.1361401Z shell: C:\Program Files\PowerShell\7\pwsh.EXE -command ". '{0}'"
2026-10-08T04:26:23.1361892Z ##[endgroup]
2026-10-08T04:28:00.4910878Z [
2026-10-08T04:28:00.4911720Z   {
2026-10-08T04:28:00.4913019Z     "path": "D:\\a\\_temp\\deep-legends-r206-real-upgrade\\data\\snapshots\\r238-collection-sentinel.json",
2026-10-08T04:28:00.4914628Z     "after_sha256": "4929BDE740FA41B26DD69582D14AC8A460C6A5CD82D9DFE96F53F660B84007D4",
2026-10-08T04:28:00.4916516Z     "before_sha256": "4929BDE740FA41B26DD69582D14AC8A460C6A5CD82D9DFE96F53F660B84007D4"
2026-10-08T04:28:00.4917518Z   },
2026-10-08T04:28:00.4917961Z   {
2026-10-08T04:28:00.4919192Z     "path": "C:\\Users\\runneradmin\\AppData\\Roaming\\deep-legends-desktop\\window-bounds.json",
2026-10-08T04:28:00.4921070Z     "after_sha256": "BA621DAE472EAE35C9017D59EF22BADC4C2485F6E0A84FA23BC5281D65A27200",
2026-10-08T04:28:00.4922551Z     "before_sha256": "BA621DAE472EAE35C9017D59EF22BADC4C2485F6E0A84FA23BC5281D65A27200"
2026-10-08T04:28:00.4923491Z   },
2026-10-08T04:28:00.4923927Z   {
2026-10-08T04:28:00.4925060Z     "path": "D:\\a\\_temp\\deep-legends-r206-real-upgrade\\data\\season-stats\\r238-cache-sentinel.json",
2026-10-08T04:28:00.4926953Z     "after_sha256": "A1CCC96BA5724A7A08EA667C8BE66FA68AE85AFAAF07BB096569EBC91D9204AD",
2026-10-08T04:28:00.4928457Z     "before_sha256": "A1CCC96BA5724A7A08EA667C8BE66FA68AE85AFAAF07BB096569EBC91D9204AD"
2026-10-08T04:28:00.4929371Z   },
2026-10-08T04:28:00.4929799Z   {
2026-10-08T04:28:00.4931328Z     "path": "C:\\Users\\runneradmin\\AppData\\Roaming\\deep-legends-desktop\\r238-settings-sentinel.json",
2026-10-08T04:28:00.4932922Z     "after_sha256": "CE57A5A24D0AD9C6AEB9ED3E7CC124F03EF3B3B05FCAC75026206B946BBF938F",
2026-10-08T04:28:00.4934428Z     "before_sha256": "CE57A5A24D0AD9C6AEB9ED3E7CC124F03EF3B3B05FCAC75026206B946BBF938F"
2026-10-08T04:28:00.4935405Z   },
2026-10-08T04:28:00.4936209Z   {
2026-10-08T04:28:00.4937243Z     "path": "C:\\Users\\runneradmin\\AppData\\Roaming\\deep-legends-desktop\\ui-scale.json",
2026-10-08T04:28:00.4938816Z     "after_sha256": "25E1F7A058FB44ED9681B0EDEEEEC9402EF2D2AD231570105D68CFEFD72D2F2E",
2026-10-08T04:28:00.4940284Z     "before_sha256": "25E1F7A058FB44ED9681B0EDEEEEC9402EF2D2AD231570105D68CFEFD72D2F2E"
2026-10-08T04:28:00.4941714Z   }
2026-10-08T04:28:00.4942150Z ]
2026-10-08T04:28:00.6547128Z {
2026-10-08T04:28:00.6547768Z   "upgrade_to": "0.12.77",
2026-10-08T04:28:00.6548537Z   "created_time_changed": false,
2026-10-08T04:28:00.6551406Z   "old_version": "0.12.65",
2026-10-08T04:28:00.6552847Z   "candidate_online_transport": "real loopback HTTP fixture",
2026-10-08T04:28:00.6553938Z   "uninstall_old_ms": 633,
2026-10-08T04:28:00.6554648Z   "icon_location_stable": true,
2026-10-08T04:28:00.6555958Z   "total_ms": 10612,
2026-10-08T04:28:00.6558655Z   "copy_ms": 1,
2026-10-08T04:28:00.6559343Z   "intermediate_version": "0.12.68",
2026-10-08T04:28:00.6560576Z   "persistent_sentinels_retained": true,
2026-10-08T04:28:00.6562999Z   "key_mode": "public",
2026-10-08T04:28:00.6564505Z   "stages": 8,
2026-10-08T04:28:00.6566962Z   "anonymous_latest_077": "pending publication",
2026-10-08T04:28:00.6567947Z   "upgrade_from": "0.12.76"
2026-10-08T04:28:00.6568494Z }
2026-10-08T04:28:01.3134753Z ##[group]Run actions/upload-artifact@v4
2026-10-08T04:28:01.3135332Z with:
2026-10-08T04:28:01.3135583Z   name: r206-real-upgrade-evidence
2026-10-08T04:28:01.3135957Z   path: D:\a\_temp/deep-legends-r206-real-upgrade/evidence/*
2026-10-08T04:28:01.3136317Z   if-no-files-found: warn
2026-10-08T04:28:01.3136943Z   compression-level: 6
2026-10-08T04:28:01.3137380Z   overwrite: false
2026-10-08T04:28:01.3137668Z   include-hidden-files: false
2026-10-08T04:28:01.3137934Z ##[endgroup]
2026-10-08T04:28:01.5174969Z (node:9192) [DEP0040] DeprecationWarning: The `punycode` module is deprecated. Please use a userland alternative instead.
2026-10-08T04:28:01.5175902Z (Use `node --trace-deprecation ...` to show where the warning was created)
2026-10-08T04:28:01.5315216Z With the provided path, there will be 22 files uploaded
2026-10-08T04:28:01.5321917Z Artifact name is valid!
2026-10-08T04:28:01.5324492Z Root directory input is valid!
2026-10-08T04:28:01.8960892Z Beginning upload of artifact content to blob storage
2026-10-08T04:28:02.2456666Z (node:9192) [DEP0169] DeprecationWarning: `url.parse()` behavior is not standardized and prone to errors that have security implications. Use the WHATWG URL API instead. CVEs are not issued for `url.parse()` vulnerabilities.
2026-10-08T04:28:03.5886836Z Uploaded bytes 8388608
2026-10-08T04:28:03.8719359Z Uploaded bytes 16777216
2026-10-08T04:28:04.1131959Z Uploaded bytes 25165824
2026-10-08T04:28:04.2090306Z Uploaded bytes 33554432
2026-10-08T04:28:04.2972416Z Uploaded bytes 41943040
2026-10-08T04:28:04.3757838Z Uploaded bytes 50331648
2026-10-08T04:28:04.4797367Z Uploaded bytes 58720256
2026-10-08T04:28:04.5686021Z Uploaded bytes 67108864
2026-10-08T04:28:04.7893822Z Uploaded bytes 75497472
2026-10-08T04:28:05.1347092Z Uploaded bytes 83886080
2026-10-08T04:28:05.2780154Z Uploaded bytes 92274688
2026-10-08T04:28:05.6399957Z Uploaded bytes 100663296
2026-10-08T04:28:05.7797950Z Uploaded bytes 109051904
2026-10-08T04:28:05.8672189Z Uploaded bytes 109731110
2026-10-08T04:28:05.9486077Z Finished uploading artifact content to blob storage!
2026-10-08T04:28:05.9491955Z SHA256 digest of uploaded artifact zip is 07f2ebef2999a2269997ca0ef3157aa8b1c0e17cc074b5deedd36646b5c0def8
2026-10-08T04:28:05.9496135Z Finalizing artifact upload
2026-10-08T04:28:06.2261989Z Artifact r206-real-upgrade-evidence.zip successfully finalized. Artifact ID 11528213244
2026-10-08T04:28:06.2273318Z Artifact r206-real-upgrade-evidence has been successfully uploaded! Final size is 109731110 bytes. Artifact ID is 11528213244
2026-10-08T04:28:06.2282859Z Artifact download URL: https://github.com/LLYY0418/Deep-Legends/actions/runs/37726779989/artifacts/11528213244
2026-10-08T04:28:06.2768309Z ##[group]Run actions/upload-artifact@v4
2026-10-08T04:28:06.2768837Z with:
2026-10-08T04:28:06.2769133Z   name: deep-legends-windows-x64
2026-10-08T04:28:06.2769716Z   path: dist/desktop/*.exe
dist/desktop/*.zip
dist/desktop/SHA256SUMS-public.txt

2026-10-08T04:28:06.2770228Z   if-no-files-found: error
2026-10-08T04:28:06.2770577Z   compression-level: 6
2026-10-08T04:28:06.2770805Z   overwrite: false
2026-10-08T04:28:06.2771105Z   include-hidden-files: false
2026-10-08T04:28:06.2771401Z ##[endgroup]
2026-10-08T04:28:06.6686233Z (node:8936) [DEP0040] DeprecationWarning: The `punycode` module is deprecated. Please use a userland alternative instead.
2026-10-08T04:28:06.6688262Z (Use `node --trace-deprecation ...` to show where the warning was created)
2026-10-08T04:28:06.6926819Z With the provided path, there will be 2 files uploaded
2026-10-08T04:28:06.7000942Z Artifact name is valid!
2026-10-08T04:28:06.7055088Z Root directory input is valid!
2026-10-08T04:28:07.0822261Z Beginning upload of artifact content to blob storage
2026-10-08T04:28:07.5199199Z (node:8936) [DEP0169] DeprecationWarning: `url.parse()` behavior is not standardized and prone to errors that have security implications. Use the WHATWG URL API instead. CVEs are not issued for `url.parse()` vulnerabilities.
2026-10-08T04:28:08.8573194Z Uploaded bytes 8388608
2026-10-08T04:28:09.1070255Z Uploaded bytes 16777216
2026-10-08T04:28:09.2774002Z Uploaded bytes 25165824
2026-10-08T04:28:09.4606257Z Uploaded bytes 33554432
2026-10-08T04:28:09.4685443Z Uploaded bytes 41943040
2026-10-08T04:28:09.7628258Z Uploaded bytes 50331648
2026-10-08T04:28:10.0272538Z Uploaded bytes 58720256
2026-10-08T04:28:10.0846337Z Uploaded bytes 67108864
2026-10-08T04:28:10.5192555Z Uploaded bytes 75497472
2026-10-08T04:28:10.6273040Z Uploaded bytes 83886080
2026-10-08T04:28:10.9170704Z Uploaded bytes 92274688
2026-10-08T04:28:11.2141103Z Uploaded bytes 100663296
2026-10-08T04:28:11.5433204Z Uploaded bytes 109051904
2026-10-08T04:28:11.6325823Z Uploaded bytes 109720622
2026-10-08T04:28:11.7227628Z Finished uploading artifact content to blob storage!
2026-10-08T04:28:11.7233038Z SHA256 digest of uploaded artifact zip is fc6db9141759d585621a58b0b94283234ccd4df3bacfdcf3915487b755b4d184
2026-10-08T04:28:11.7236300Z Finalizing artifact upload
2026-10-08T04:28:12.0011928Z Artifact deep-legends-windows-x64.zip successfully finalized. Artifact ID 11528258061
2026-10-08T04:28:12.0013955Z Artifact deep-legends-windows-x64 has been successfully uploaded! Final size is 109720622 bytes. Artifact ID is 11528258061
2026-10-08T04:28:12.0031089Z Artifact download URL: https://github.com/LLYY0418/Deep-Legends/actions/runs/37726779989/artifacts/11528258061
2026-10-08T04:28:12.0558745Z Post job cleanup.
2026-10-08T04:28:12.2484533Z (node:7596) [DEP0040] DeprecationWarning: The `punycode` module is deprecated. Please use a userland alternative instead.
2026-10-08T04:28:12.2486256Z (Use `node --trace-deprecation ...` to show where the warning was created)
2026-10-08T04:28:12.3929517Z [command]"C:\Program Files\Git\usr\bin\tar.exe" --posix -cf cache.tzst --exclude cache.tzst -P -C D:/a/Deep-Legends/Deep-Legends --files-from manifest.txt --force-local --use-compress-program "zstd -T0"
2026-10-08T04:28:13.5569611Z (node:7596) [DEP0169] DeprecationWarning: `url.parse()` behavior is not standardized and prone to errors that have security implications. Use the WHATWG URL API instead. CVEs are not issued for `url.parse()` vulnerabilities.
2026-10-08T04:28:14.5632902Z Sent 6422528 of 30563108 (21.0%), 6.0 MBs/sec
2026-10-08T04:28:15.3103693Z Sent 30563108 of 30563108 (100.0%), 16.5 MBs/sec
2026-10-08T04:28:15.6222901Z Cache saved with the key: node-cache-Windows-x64-npm-86531b6b3edc1c3053f6d4e81c1e063d68251f49529f38bafbca7d310fc13e58
2026-10-08T04:28:15.6587222Z Post job cleanup.
2026-10-08T04:28:15.8102679Z (node:9072) [DEP0040] DeprecationWarning: The `punycode` module is deprecated. Please use a userland alternative instead.
2026-10-08T04:28:15.8103758Z (Use `node --trace-deprecation ...` to show where the warning was created)
2026-10-08T04:28:15.9031078Z [command]C:\hostedtoolcache\windows\go\1.24.13\x64\bin\go.exe env GOMODCACHE
2026-10-08T04:28:15.9091609Z [command]C:\hostedtoolcache\windows\go\1.24.13\x64\bin\go.exe env GOCACHE
2026-10-08T04:28:15.9468031Z C:\Users\runneradmin\go\pkg\mod
2026-10-08T04:28:15.9496893Z C:\Users\runneradmin\AppData\Local\go-build
2026-10-08T04:28:15.9512965Z Cache hit occurred on the primary key setup-go-Windows-x64-go-1.24.13-a9fc12c66c581ebd975c04924614d911b843067079247990d4be659063ce44db, not saving cache.
2026-10-08T04:28:15.9831909Z Post job cleanup.
2026-10-08T04:28:16.1797449Z [command]"C:\Program Files\Git\bin\git.exe" version
2026-10-08T04:28:16.2127264Z git version 2.55.0.windows.5
2026-10-08T04:28:16.2198127Z Temporarily overriding HOME='D:\a\_temp\01759335-d035-4ce1-a4ca-65753775ec09' before making global git config changes
2026-10-08T04:28:16.2199235Z Adding repository directory to the temporary git global config as a safe directory
2026-10-08T04:28:16.2209138Z [command]"C:\Program Files\Git\bin\git.exe" config --global --add safe.directory D:\a\Deep-Legends\Deep-Legends
2026-10-08T04:28:16.2529711Z [command]"C:\Program Files\Git\bin\git.exe" config --local --name-only --get-regexp core\.sshCommand
2026-10-08T04:28:16.2827781Z [command]"C:\Program Files\Git\bin\git.exe" submodule foreach --recursive "sh -c \"git config --local --name-only --get-regexp 'core\.sshCommand' && git config --local --unset-all 'core.sshCommand' || :\""
2026-10-08T04:28:16.8836474Z [command]"C:\Program Files\Git\bin\git.exe" config --local --name-only --get-regexp http\.https\:\/\/github\.com\/\.extraheader
2026-10-08T04:28:16.9101880Z http.https://github.com/.extraheader
2026-10-08T04:28:16.9145917Z [command]"C:\Program Files\Git\bin\git.exe" config --local --unset-all http.https://github.com/.extraheader
2026-10-08T04:28:16.9448140Z [command]"C:\Program Files\Git\bin\git.exe" submodule foreach --recursive "sh -c \"git config --local --name-only --get-regexp 'http\.https\:\/\/github\.com\/\.extraheader' && git config --local --unset-all 'http.https://github.com/.extraheader' || :\""
2026-10-08T04:28:17.5173709Z [command]"C:\Program Files\Git\bin\git.exe" config --local --name-only --get-regexp ^includeIf\.gitdir:
2026-10-08T04:28:17.5491359Z [command]"C:\Program Files\Git\bin\git.exe" submodule foreach --recursive "git config --local --show-origin --name-only --get-regexp remote.origin.url"
2026-10-08T04:28:18.4719179Z Cleaning up orphan processes
2026-10-08T04:28:18.5522647Z ##[warning]Node.js 20 is deprecated. The following actions target Node.js 20 but are being forced to run on Node.js 24: actions/checkout@v4, actions/setup-go@v5, actions/setup-node@v4, actions/upload-artifact@v4. For more information see: https://github.blog/changelog/2025-09-19-deprecation-of-node-20-on-github-actions-runners/
